t_rosco,torque_offset_nm,gen_tq_meas_nm,f_grid_hz
0.0,0.0,0.0,50.0
0.0,0.0,0.0,50.0
0.0,0.0,0.0,50.0
0.01,-0.0,19786770.0,50.00038926170256
0.02,-0.0,19786770.0,50.000808392159946
0.03,-0.0,19786770.0,50.00133225309409
0.04,-0.0,19786780.0,50.00193631593043
0.05,-0.0,19786780.0,50.00193631593043
0.06,-0.0,19786800.0,50.00331005314389
0.07,-0.0,19786810.0,50.00331005314389
0.08,-0.0,19786830.0,50.00481102911765
0.09,-0.0,19786860.0,50.005582350365216
0.1,-0.0,19786890.0,50.006356352640665
0.11,-0.0,19786930.0,50.00712607061894
0.12,-0.0,19786970.0,50.00788545990348
0.13,-0.0,19787020.0,50.00862926308501
0.14,-0.0,19787080.0,50.009352910658265
0.15,-0.0,19787140.0,50.01005244720464
0.16,-0.0,19787220.0,50.01072447582152
0.17,-0.0,19787300.0,50.01072447582152
0.18,-0.0,19787390.0,50.01197497602977
0.19,-0.0,19787490.0,50.01197497602977
0.2,-0.0,19787600.0,50.01254910355117
0.21,-0.0,19787720.0,50.01308699183029
0.22,-0.0,19787850.0,50.013587537786066
0.23,-0.0,19787990.0,50.01405003024529
0.24,-0.0,19788140.0,50.01447413154351
0.25,-0.0,19788310.0,50.014859859382476
0.26,-0.0,19788480.0,50.01520756856337
0.27,-0.0,19788670.0,50.01551793224426
0.28,-0.0,19788870.0,50.01579192245161
0.29,-0.0,19789090.0,50.016030789788125
0.3,-0.0,19789320.0,50.01623604251327
0.31,-0.0,19789560.0,50.01640942481348
0.32,-0.0,19789810.0,50.01655289417967
0.33,-0.0,19790080.0,50.016668598311206
0.34,-0.0,19790370.0,50.01675885149981
0.35,-0.0,19790670.0,50.01682611026542
0.36,-0.0,19790980.0,50.01687294898648
0.37,-0.0,19791310.0,50.0169020353198
0.38,-0.0,19791660.0,50.01691610549959
0.39,-0.0,19792020.0,50.016917939942765
0.4,-0.0,19792400.0,50.01691033915658
0.41,-0.0,19792790.0,50.01689609993697
0.42,-0.0,19793210.0,50.016877992304146
0.43,-0.0,19793640.0,50.01685873731228
0.44,-0.0,19794080.0,50.016840985508345
0.45,-0.0,19794550.0,50.016827296524745
0.46,-0.0,19795030.0,50.01682011987902
0.47,-0.0,19795530.0,50.016821776952455
0.48,-0.0,19796050.0,50.016834444418144
0.49,-0.0,19796580.0,50.01686013896283
0.5,-0.0,19797140.0,50.016900703689245
0.51,-0.0,19797710.0,50.01695779619627
0.52,-0.0,19798310.0,50.01703287829744
0.53,-0.0,19798920.0,50.01712720756697
0.54,-0.0,19799550.0,50.01724183054047
0.55,-0.0,19800210.0,50.01737757786924
0.56,-0.0,19800880.0,50.01753506140088
0.57,-0.0,19801570.0,50.01771467305131
0.58,-0.0,19802280.0,50.017916585548974
0.59,-0.0,19803010.0,50.018140755025776
0.6,-0.0,19803770.0,50.01838692541426
0.61,-0.0,19804540.0,50.01865463466928
0.62,-0.0,19805330.0,50.01894322256396
0.63,-0.0,19806150.0,50.01925184001613
0.64,-0.0,19806980.0,50.019579460055084
0.65,-0.0,19807840.0,50.01992489011724
0.66,-0.0,19808720.0,50.02028678540685
0.67,-0.0,19809620.0,50.02066366343666
0.68,-0.0,19810540.0,50.02105391946622
0.69,-0.0,19811480.0,50.0214558427056
0.7,-0.0,19812450.0,50.021867633153086
0.71,-0.0,19813430.0,50.022287418749166
0.72,-0.0,19814440.0,50.022713272682196
0.73,-0.0,19815470.0,50.02314323092128
0.74,-0.0,19816520.0,50.023575309507365
0.75,-0.0,19817590.0,50.02400752152059
0.76,-0.0,19818690.0,50.02443789382828
0.77,-0.0,19819800.0,50.0248644829888
0.78,-0.0,19820940.0,50.02528539056888
0.79,-0.0,19822100.0,50.02569877760096
0.8,-0.0,19823290.0,50.02610287814877
0.81,-0.0,19824490.0,50.026496011829245
0.82,-0.0,19825720.0,50.026876595290034
0.83,-0.0,19826970.0,50.02724315259807
0.84,-0.0,19828240.0,50.02759432431721
0.85,-0.0,19829540.0,50.02792887555738
0.86,-0.0,19830850.0,50.028245702643005
0.87,-0.0,19832190.0,50.028543838624316
0.88,-0.0,19833550.0,50.028822457812915
0.89,-0.0,19834940.0,50.0290808789536
0.9,-0.0,19836340.0,50.029318567194835
0.91,-0.0,19837770.0,50.02953513502854
0.92,-0.0,19839220.0,50.02973034222076
0.93,-0.0,19840690.0,50.02990409451883
0.94,-0.0,19842190.0,50.03005644147396
0.95,-0.0,19843710.0,50.03018757333746
0.96,-0.0,19845250.0,50.03029781681379
0.97,-0.0,19846810.0,50.03038763019556
0.98,-0.0,19848390.0,50.03045759768756
0.99,-0.0,19850000.0,50.03050842261902
1.0,-0.0,19851630.0,50.03054092004453
1.01,-0.0,19853280.0,50.030556008788075
1.02,-0.0,19854950.0,50.030554702754294
1.03,-0.0,19856650.0,50.03053810173037
1.04,-0.0,19858360.0,50.03050738148851
1.05,-0.0,19860100.0,50.03046378347936
1.06,-0.0,19861860.0,50.030408604284496
1.07,-0.0,19863640.0,50.03034318467694
1.08,-0.0,19865450.0,50.03026889846483
1.09,-0.0,19867270.0,50.03018714120746
1.1,-0.0,19869120.0,50.030099318822586
1.11,-0.0,19870990.0,50.03000683643457
1.12,-0.0,19872880.0,50.029911087265056
1.13,-0.0,19874790.0,50.02981344174909
1.14,-0.0,19876720.0,50.02971523708416
1.15,-0.0,19878680.0,50.029617767254855
1.16,-0.0,19880650.0,50.02952227366914
1.17,-0.0,19882650.0,50.02942993627584
1.18,-0.0,19884670.0,50.02934186550685
1.19,-0.0,19886700.0,50.029259094990465
1.2,-0.0,19888760.0,50.02918257512956
1.21,-0.0,19890840.0,50.029113167558315
1.22,-0.0,19892940.0,50.029051640471366
1.23,-0.0,19895070.0,50.028998665064385
1.24,-0.0,19897210.0,50.02895481283189
1.25,-0.0,19899370.0,50.02892055376649
1.26,-0.0,19901550.0,50.028896255659795
1.27,-0.0,19903760.0,50.02888218413938
1.28,-0.0,19905980.0,50.028878503702245
1.29,-0.0,19908220.0,50.02888527954249
1.3,-0.0,19910490.0,50.02890248018789
1.31,-0.0,19912770.0,50.028929980818134
1.32,-0.0,19915070.0,50.02896756726884
1.33,-0.0,19917390.0,50.029014940586194
1.34,-0.0,19919740.0,50.02907172205675
1.35,-0.0,19922100.0,50.02913745882673
1.36,-0.0,19924480.0,50.0292116297392
1.37,-0.0,19926880.0,50.029293651588645
1.38,-0.0,19929300.0,50.02938288560881
1.39,-0.0,19931730.0,50.02947864417017
1.4,-0.0,19934190.0,50.02958019759938
1.41,-0.0,19936670.0,50.029686781104296
1.42,-0.0,19939160.0,50.029797601723956
1.43,-0.0,19941670.0,50.02991184521982
1.44,-0.0,19944200.0,50.03002868308432
1.45,-0.0,19946750.0,50.03014727929217
1.46,-0.0,19949320.0,50.03026679705711
1.47,-0.0,19951900.0,50.030386405404755
1.48,-0.0,19954510.0,50.03050528559769
1.49,-0.0,19957130.0,50.03062263731365
1.5,-0.0,19959770.0,50.030737684537684
1.51,-0.0,19962420.0,50.030849681244085
1.52,-0.0,19965090.0,50.03095791685676
1.53,-0.0,19967780.0,50.031061721248435
1.54,-0.0,19970490.0,50.03116046925179
1.55,-0.0,19973210.0,50.03125358500684
1.56,-0.0,19975950.0,50.03134054576318
1.57,-0.0,19978710.0,50.03142088515576
1.58,-0.0,19981480.0,50.03149419614328
1.59,-0.0,19984270.0,50.03156013324727
1.6,-0.0,19987080.0,50.03161841436875
1.61,-0.0,19989900.0,50.03166882208638
1.62,-0.0,19992740.0,50.03171120416865
1.63,-0.0,19995590.0,50.03174547369993
1.64,-0.0,19998460.0,50.03177160868735
1.65,-0.0,20001340.0,50.03178965101789
1.66,-0.0,20004240.0,50.031799704794864
1.67,-0.0,20007150.0,50.03180193417496
1.68,-0.0,20010080.0,50.031796560863114
1.69,-0.0,20013020.0,50.03178386103907
1.7,-0.0,20015980.0,50.031764161879124
1.71,-0.0,20018950.0,50.03173783760991
1.72,-0.0,20021930.0,50.03170530535132
1.73,-0.0,20024930.0,50.03166702064641
1.74,-0.0,20027950.0,50.03162347280116
1.75,-0.0,20030970.0,50.031575180022344
1.76,-0.0,20034010.0,50.03152268440152
1.77,-0.0,20037060.0,50.03146654690609
1.78,-0.0,20040130.0,50.031407342375935
1.79,-0.0,20043210.0,50.031345654541816
1.8,-0.0,20046300.0,50.031282071070706
1.81,-0.0,20049400.0,50.03121717889496
1.82,-0.0,20052520.0,50.03115155960089
1.83,-0.0,20055650.0,50.03108578495629
1.84,-0.0,20058790.0,50.03102041274445
1.85,-0.0,20061940.0,50.030955982766066
1.86,-0.0,20065100.0,50.03089301327706
1.87,-0.0,20068270.0,50.03083199758321
1.88,-0.0,20071460.0,50.030773400884364
1.89,-0.0,20074660.0,50.030717657482384
1.9,-0.0,20077860.0,50.030665168230925
1.91,-0.0,20081080.0,50.03061629844668
1.92,-0.0,20084310.0,50.03057137602405
1.93,-0.0,20087550.0,50.03053068980161
1.94,-0.0,20090790.0,50.03049448832123
1.95,-0.0,20094050.0,50.03046297896603
1.96,-0.0,20097320.0,50.0304363271551
1.97,-0.0,20100600.0,50.03041465606282
1.98,-0.0,20103880.0,50.03039804665952
1.99,-0.0,20107180.0,50.03038653792663
2.0,-0.0,20110480.0,50.03038012743735
2.01,-0.0,20113800.0,50.03037877217076
2.02,-0.0,20117120.0,50.03038238976936
2.03,-0.0,20120450.0,50.03039085997273
2.04,-0.0,20123790.0,50.030404026266126
2.05,-0.0,20127130.0,50.03042169787155
2.06,-0.0,20130480.0,50.0304436519062
2.07,-0.0,20133850.0,50.03049924537658
2.08,-0.0,20137210.0,50.03053209309375
2.09,-0.0,20140590.0,50.030567902500486
2.1,-0.0,20143970.0,50.03060636738231
2.11,-0.0,20147360.0,50.030647159002065
2.12,-0.0,20150760.0,50.03068993165245
2.13,-0.0,20154160.0,50.03073432739733
2.14,-0.0,20157570.0,50.030779980450504
2.15,-0.0,20160980.0,50.03082652123475
2.16,-0.0,20164400.0,50.03087358025231
2.17,-0.0,20167830.0,50.030920791544176
2.18,-0.0,20171260.0,50.03096779596512
2.19,-0.0,20174700.0,50.03101424429286
2.2,-0.0,20178140.0,50.03105980011382
2.21,-0.0,20181590.0,50.031104142520974
2.22,-0.0,20185040.0,50.031146968329175
2.23,-0.0,20188500.0,50.031187994308915
2.24,-0.0,20191960.0,50.031226959019605
2.25,-0.0,20195420.0,50.03126362428014
2.26,-0.0,20198890.0,50.031297776670726
2.27,-0.0,20202360.0,50.031329228508056
2.28,-0.0,20205840.0,50.03135781868148
2.29,-0.0,20209320.0,50.03138341320202
2.3,-0.0,20212800.0,50.031405905467544
2.31,-0.0,20216290.0,50.0314252163613
2.32,-0.0,20219780.0,50.0314412941433
2.33,-0.0,20223270.0,50.03145411411568
2.34,-0.0,20226770.0,50.031463678110285
2.35,-0.0,20230260.0,50.031470013704784
2.36,-0.0,20233770.0,50.03147317346199
2.37,-0.0,20237270.0,50.031473233879865
2.38,-0.0,20240770.0,50.031470294104594
2.39,-0.0,20244280.0,50.03146447473825
2.4,-0.0,20247790.0,50.03145591643988
2.41,-0.0,20251290.0,50.03144477834609
2.42,-0.0,20254810.0,50.031431236568395
2.43,-0.0,20258320.0,50.03141548248483
2.44,-0.0,20261830.0,50.03139772084286
2.45,-0.0,20265340.0,50.031378168035154
2.46,-0.0,20268860.0,50.03135705028755
2.47,-0.0,20272370.0,50.03133460157133
2.48,-0.0,20275890.0,50.03131106168334
2.49,-0.0,20279410.0,50.031286674339036
2.5,-0.0,20282920.0,50.0312616851147
2.51,-0.0,20286440.0,50.0312363394787
2.52,-0.0,20289950.0,50.03121088084017
2.53,-0.0,20293470.0,50.03118554863168
2.54,-0.0,20296990.0,50.03116057644251
2.55,-0.0,20300500.0,50.03113619021945
2.56,-0.0,20304020.0,50.03111260647795
2.57,-0.0,20307530.0,50.03109003071239
2.58,-0.0,20311040.0,50.0310686559018
2.59,-0.0,20314550.0,50.03104866116027
2.6,-0.0,20318060.0,50.03103021051321
2.61,-0.0,20321570.0,50.031013451770875
2.62,-0.0,20325080.0,50.03099851572203
2.63,-0.0,20328590.0,50.03098551539734
2.64,-0.0,20332090.0,50.03097454545471
2.65,-0.0,20335590.0,50.03096568190117
2.66,-0.0,20339090.0,50.030958981819786
2.67,-0.0,20342590.0,50.030954483317416
2.68,-0.0,20346090.0,50.030952205781354
2.69,-0.0,20349580.0,50.0309521502877
2.7,-0.0,20353070.0,50.03095429992068
2.71,-0.0,20356560.0,50.03095862045473
2.72,-0.0,20360050.0,50.030965061187196
2.73,-0.0,20363530.0,50.03097355576433
2.74,-0.0,20367020.0,50.03098402325211
2.75,-0.0,20370490.0,50.03099636913787
2.76,-0.0,20373970.0,50.031010486506574
2.77,-0.0,20377440.0,50.03102625725702
2.78,-0.0,20380910.0,50.03104355330432
2.79,-0.0,20384380.0,50.031062237967696
2.8,-0.0,20387840.0,50.03108216727389
2.81,-0.0,20391300.0,50.03110319128542
2.82,-0.0,20394750.0,50.03112515533608
2.83,-0.0,20398200.0,50.0311479013689
2.84,-0.0,20401650.0,50.0311712692904
2.85,-0.0,20405100.0,50.0311950981563
2.86,-0.0,20408540.0,50.03121922740801
2.87,-0.0,20411970.0,50.03124349806794
2.88,-0.0,20415400.0,50.031267753889885
2.89,-0.0,20418830.0,50.03129184246134
2.9,-0.0,20422260.0,50.031315616253934
2.91,-0.0,20425680.0,50.03133893361886
2.92,-0.0,20429090.0,50.031361659723785
2.93,-0.0,20432500.0,50.03138366735417
2.94,-0.0,20435910.0,50.03140483774674
2.95,-0.0,20439310.0,50.03142506140561
2.96,-0.0,20442710.0,50.03144423868691
2.97,-0.0,20446100.0,50.03146228040515
2.98,-0.0,20449490.0,50.031479108410814
2.99,-0.0,20452870.0,50.03149465599758
3.0,-0.0,20456250.0,50.03150886814799
3.01,-0.0,20459620.0,50.031521701710844
3.02,-0.0,20462990.0,50.03153312563191
3.03,-0.0,20466350.0,50.03154312105408
3.04,-0.0,20469710.0,50.031551681161666
3.05,-0.0,20473060.0,50.031558810951296
3.06,-0.0,20476410.0,50.031564527054826
3.07,-0.0,20479750.0,50.03156885736042
3.08,-0.0,20483090.0,50.03157184055607
3.09,-0.0,20486420.0,50.031573525566465
3.1,-0.0,20489750.0,50.03157397084955
3.11,-0.0,20493070.0,50.03157324377092
3.12,-0.0,20496390.0,50.03157141980861
3.13,-0.0,20499700.0,50.03156858164449
3.14,-0.0,20503000.0,50.03156481836268
3.15,-0.0,20506300.0,50.031560224509754
3.16,-0.0,20509600.0,50.03155489907434
3.17,-0.0,20512880.0,50.03154894453413
3.18,-0.0,20516170.0,50.03154246596928
3.19,-0.0,20519440.0,50.03153557001008
3.2,-0.0,20522720.0,50.03152836391877
3.21,-0.0,20525980.0,50.03152095473561
3.22,-0.0,20529240.0,50.03151344839384
3.23,-0.0,20532500.0,50.03150594879069
3.24,-0.0,20535750.0,50.03149855702301
3.25,-0.0,20538990.0,50.031491370713574
3.26,-0.0,20542230.0,50.031484483256115
3.27,-0.0,20545460.0,50.03147798320434
3.28,-0.0,20548690.0,50.031471953794124
3.29,-0.0,20551910.0,50.03146647235669
3.3,-0.0,20555130.0,50.031461609911865
3.31,-0.0,20558340.0,50.031457430861636
3.32,-0.0,20561540.0,50.031453992606146
3.33,-0.0,20564740.0,50.03145134530348
3.34,-0.0,20567930.0,50.03144953168531
3.35,-0.0,20571120.0,50.03144858700011
3.36,-0.0,20574300.0,50.03144853883954
3.37,-0.0,20577470.0,50.031449407134446
3.38,-0.0,20580640.0,50.03145120423971
3.39,-0.0,20583810.0,50.031453934930056
3.4,-0.0,20586970.0,50.03145759652804
3.41,-0.0,20590120.0,50.03146217914962
3.42,-0.0,20593270.0,50.03146766589738
3.43,-0.0,20596410.0,50.031474032972646
3.44,-0.0,20599540.0,50.031481250084155
3.45,-0.0,20602680.0,50.03148928092437
3.46,-0.0,20605800.0,50.03149808337999
3.47,-0.0,20608920.0,50.031507609983684
3.48,-0.0,20612030.0,50.03151780843987
3.49,-0.0,20615140.0,50.0315286220459
3.5,-0.0,20618250.0,50.031539990300764
3.51,-0.0,20621340.0,50.031551849368974
3.52,-0.0,20624430.0,50.03156413268357
3.53,-0.0,20627520.0,50.031576771677265
3.54,-0.0,20630600.0,50.03158969621796
3.55,-0.0,20633680.0,50.03160283525235
3.56,-0.0,20636750.0,50.03161611755874
3.57,-0.0,20639820.0,50.03162947225821
3.58,-0.0,20642880.0,50.03164282934447
3.59,-0.0,20645930.0,50.03165612027587
3.6,-0.0,20648980.0,50.031669278611226
3.61,-0.0,20652030.0,50.031682240588204
3.62,-0.0,20655060.0,50.03169494544248
3.63,-0.0,20658100.0,50.03170733595792
3.64,-0.0,20661130.0,50.031719358837734
3.65,-0.0,20664150.0,50.03173096507783
3.66,-0.0,20667170.0,50.03174211031383
3.67,-0.0,20670190.0,50.03175275492371
3.68,-0.0,20673200.0,50.03176286431531
3.69,-0.0,20676200.0,50.03177240913168
3.7,-0.0,20679200.0,50.03178136525238
3.71,-0.0,20682200.0,50.03178971384592
3.72,-0.0,20685190.0,50.03179744135681
3.73,-0.0,20688180.0,50.03180453946317
3.74,-0.0,20691160.0,50.03181100504809
3.75,-0.0,20694140.0,50.03181684005193
3.76,-0.0,20697110.0,50.031822051221354
3.77,-0.0,20700080.0,50.03182664999877
3.78,-0.0,20703040.0,50.03183065226923
3.79,-0.0,20706000.0,50.031834078046266
3.8,-0.0,20708960.0,50.03183695120288
3.81,-0.0,20711910.0,50.03183929927102
3.82,-0.0,20714850.0,50.031841153111564
3.83,-0.0,20717800.0,50.03184254660762
3.84,-0.0,20720740.0,50.03184351631709
3.85,-0.0,20723670.0,50.03184410115091
3.86,-0.0,20726600.0,50.0318443420133
3.87,-0.0,20729530.0,50.03184428147029
3.88,-0.0,20732450.0,50.031843963382805
3.89,-0.0,20735370.0,50.0318434325704
3.9,-0.0,20738290.0,50.031842734514484
3.91,-0.0,20741200.0,50.031841914926076
3.92,-0.0,20744110.0,50.03184101940025
3.93,-0.0,20747010.0,50.031840093145554
3.94,-0.0,20749910.0,50.03183918054982
3.95,-0.0,20752810.0,50.03183832487025
3.96,-0.0,20755710.0,50.03183756804391
3.97,-0.0,20758600.0,50.0318369502054
3.98,-0.0,20761490.0,50.03183650941991
3.99,-0.0,20764370.0,50.03183628154313
4.0,-0.0,20767250.0,50.03183629986726
4.01,-0.0,20770130.0,50.03183659482192
4.02,-0.0,20773010.0,50.0318371938535
4.03,-0.0,20775880.0,50.03183812123273
4.04,-0.0,20778750.0,50.031839397911135
4.05,-0.0,20781620.0,50.03184104146631
4.06,-0.0,20784480.0,50.03184306592943
4.07,-0.0,20787340.0,50.03184548174811
4.08,-0.0,20790200.0,50.03184829583856
4.09,-0.0,20793060.0,50.031851511519754
4.1,-0.0,20795910.0,50.03185512858143
4.11,-0.0,20798770.0,50.03185914343867
4.12,-0.0,20801620.0,50.03186354923653
4.13,-0.0,20804460.0,50.03186833598663
4.14,-0.0,20807310.0,50.03187349065996
4.15,-0.0,20810150.0,50.03187899747249
4.16,-0.0,20812990.0,50.0318848380753
4.17,-0.0,20815830.0,50.03189099172415
4.18,-0.0,20818670.0,50.03189743567103
4.19,-0.0,20821500.0,50.03190414531473
4.2,-0.0,20824340.0,50.031911094476264
4.21,-0.0,20827170.0,50.031918255717
4.22,-0.0,20830000.0,50.0319256005219
4.23,-0.0,20832830.0,50.031933099564355
4.24,-0.0,20835650.0,50.03194072296537
4.25,-0.0,20838480.0,50.03194844054521
4.26,-0.0,20841300.0,50.03195622213844
4.27,-0.0,20844120.0,50.031964037803014
4.28,-0.0,20846940.0,50.03197185803874
4.29,-0.0,20849760.0,50.031979653908756
4.3,-0.0,20852580.0,50.03198739726297
4.31,-0.0,20855400.0,50.031995061057714
4.32,-0.0,20858210.0,50.032002619429946
4.33,-0.0,20861030.0,50.03201004778989
4.34,-0.0,20863840.0,50.03201732305307
4.35,-0.0,20866650.0,50.03202442376019
4.36,-0.0,20869470.0,50.032031330202386
4.37,-0.0,20872280.0,50.032038024518265
4.38,-0.0,20875090.0,50.0320444907952
4.39,-0.0,20877900.0,50.03205071521296
4.4,-0.0,20880700.0,50.03205668602273
4.41,-0.0,20883510.0,50.03206239354011
4.42,-0.0,20886320.0,50.03206783034527
4.43,-0.0,20889120.0,50.032072991271384
4.44,-0.0,20891930.0,50.03207787327095
4.45,-0.0,20894730.0,50.032082475499884
4.46,-0.0,20897540.0,50.03208679935464
4.47,-0.0,20900340.0,50.032090848341205
4.48,-0.0,20903140.0,50.03209462802678
4.49,-0.0,20905940.0,50.032098146028446
4.5,-0.0,20908740.0,50.03210141190466
4.51,-0.0,20911540.0,50.03210443696261
4.52,-0.0,20914340.0,50.03210723414827
4.53,-0.0,20917140.0,50.03210981790369
4.54,-0.0,20919940.0,50.03211220402658
4.55,-0.0,20922740.0,50.03211440957327
4.56,-0.0,20925540.0,50.032116452672646
4.57,-0.0,20928330.0,50.03211835226507
4.58,-0.0,20931130.0,50.03212012793444
4.59,-0.0,20933920.0,50.03212179971921
4.6,-0.0,20936720.0,50.03212338800951
4.61,-0.0,20939510.0,50.032124913333675
4.62,-0.0,20942300.0,50.032126396041576
4.63,-0.0,20945100.0,50.03212785622685
4.64,-0.0,20947890.0,50.03212931362667
4.65,-0.0,20950680.0,50.03213078745182
4.66,-0.0,20953470.0,50.03213229616035
4.67,-0.0,20956260.0,50.0321338573413
4.68,-0.0,20959050.0,50.03213548759328
4.69,-0.0,20961840.0,50.03213720243126
4.7,-0.0,20964620.0,50.03213901619041
4.71,-0.0,20967410.0,50.03214094195938
4.72,-0.0,20970190.0,50.0321429915823
4.73,-0.0,20972980.0,50.03214517545156
4.74,-0.0,20975760.0,50.03214750257972
4.75,-0.0,20978540.0,50.032149980621675
4.76,-0.0,20981320.0,50.03215261571876
4.77,-0.0,20984100.0,50.032155412587976
4.78,-0.0,20986880.0,50.03215837452012
4.79,-0.0,20989660.0,50.032161503403984
4.8,-0.0,20992430.0,50.03216479974309
4.81,-0.0,20995210.0,50.032168262625106
4.82,-0.0,20997980.0,50.03217188977784
4.83,-0.0,21000750.0,50.03217567769933
4.84,-0.0,21003520.0,50.03217962169661
4.85,-0.0,21006290.0,50.03218371587741
4.86,-0.0,21009060.0,50.03218795329961
4.87,-0.0,21011820.0,50.032192325956736
4.88,-0.0,21014590.0,50.0321968248821
4.89,-0.0,21017350.0,50.03220144022348
4.9,-0.0,21020110.0,50.03220616135312
4.91,-0.0,21022860.0,50.03221097702063
4.92,-0.0,21025620.0,50.03221587537505
4.93,-0.0,21028370.0,50.03222084400224
4.94,-0.0,21031120.0,50.03222587013022
4.95,-0.0,21033870.0,50.03223094072089
4.96,-0.0,21036620.0,50.03223604259662
4.97,-0.0,21039360.0,50.032241162535975
4.98,-0.0,21042110.0,50.03224628733041
4.99,-0.0,21044840.0,50.03225140390304
5.0,-141.81020170362154,21047580.0,50.03225649943729
5.01,-566.5664048804268,21050170.0,50.03226155649673
5.02,-1273.259104028154,21052480.0,50.03226654469556
5.03,-2260.879654376956,21054500.0,50.03227141944875
5.04,-3528.4170295656963,21056240.0,50.03227612553607
5.05,-5074.853582662369,21057690.0,50.03228059978792
5.06,-6899.159953191325,21058860.0,50.03228477329241
5.07,-9000.289361869962,21059750.0,50.0322885731753
5.08,-11377.171580226686,21060370.0,50.03229192414129
5.09,-14028.706855825174,21060700.0,50.03229474966644
5.1,-16953.76003726895,21060750.0,50.03229697288103
5.11,-20151.155160817172,21060530.0,50.03229851760587
5.12,-23619.67067847249,21060030.0,50.032299309054565
5.13,-27358.035449652827,21059250.0,50.032299274328594
5.14,-31364.925666587424,21058200.0,50.032298343113204
5.15,-35638.96276055415,21056880.0,50.03229644810276
5.16,-40178.712331664006,21055290.0,50.03229352538139
5.17,-44982.68413933392,21053430.0,50.03228951478677
5.18,-50049.33307712289,21051300.0,50.03228436007346
5.19,-55377.06116008717,21048900.0,50.03227800918382
5.2,-60964.22044829362,21046230.0,50.03227041443474
5.21,-66809.11681875084,21043310.0,50.03226153258983
5.22,-72910.01451280854,21040120.0,50.032251324956235
5.23,-79265.14132621072,21036660.0,50.03223975735752
5.24,-85872.69438238774,21032950.0,50.03222680015399
5.25,-92730.84635977398,21028990.0,50.03221242819963
5.26,-99837.75201593435,21024760.0,50.03219662070264
5.27,-107191.55486867343,21020280.0,50.03217936105591
5.28,-114790.39407843558,21015550.0,50.03216063679532
5.29,-122632.41129301513,21010570.0,50.03214043941024
5.3,-130715.75732661817,21005340.0,50.032118764086874
5.31,-139038.59858557413,20999860.0,50.03209560948917
5.32,-147599.12319218545,20994140.0,50.03207097752966
5.33,-156395.54656321288,20988170.0,50.032044873031026
5.34,-165426.11652632465,20981960.0,50.03201730347991
5.35,-174689.1178041724,20975510.0,50.031988278729635
5.36,-184182.87579057578,20968830.0,50.03195781064909
5.37,-193905.75956994522,20961900.0,50.031925912823496
5.38,-203856.18411756324,20954740.0,50.0318926001885
5.39,-214032.61170461343,20947340.0,50.03185788873618
5.4,-224433.5523512987,20939710.0,50.03182179514302
5.41,-235057.56338528785,20931850.0,50.03178433641936
5.42,-245903.24833080496,20923760.0,50.03174552970615
5.43,-256969.254849889,20915440.0,50.03170539190482
5.44,-268254.2714213989,20906890.0,50.031663939213274
5.45,-279757.02361312875,20898120.0,50.031621186990904
5.46,-291476.26963076135,20889120.0,50.031577149512295
5.47,-303410.7947368814,20879890.0,50.03153183955011
5.48,-315559.4052679509,20870440.0,50.03148526822391
5.49,-327920.92201366514,20860770.0,50.03143744476669
5.5,-340494.1731428363,20850880.0,50.03138837634271
5.51,-353277.98693337274,20840770.0,50.03133806793958
5.52,-366271.1839284625,20830430.0,50.0312865221466
5.53,-379472.56895393634,20819880.0,50.03123373905191
5.54,-392880.9230777154,20809120.0,50.03117971615821
5.55,-406494.99585117825,20798130.0,50.0311244484046
5.56,-420313.49738364544,20786930.0,50.03106792804238
5.57,-434335.09076112974,20775520.0,50.03101014466019
5.58,-448558.3853045596,20763900.0,50.030951085335275
5.59,-462981.9299307228,20752060.0,50.030890734589704
5.6,-477604.2067689543,20740010.0,50.03082907439374
5.61,-492423.62608456134,20727760.0,50.03076608442072
5.62,-507438.52173103,20715300.0,50.03070174212315
5.63,-522647.1474022298,20702630.0,50.03063602287441
5.64,-538047.6742466218,20689760.0,50.03056890023356
5.65,-553638.1888050046,20676680.0,50.03050034600952
5.66,-569416.6921713533,20663400.0,50.03043033050625
5.67,-585381.10064557,20649930.0,50.03035882282178
5.68,-601529.2469440489,20636260.0,50.03028579099919
5.69,-617858.8826294247,20622390.0,50.030211202276305
5.7,-634367.6814369907,20608330.0,50.03013502331903
5.71,-651053.2433461568,20594080.0,50.03005722039824
5.72,-667913.1004112042,20579640.0,50.02997775978473
5.73,-684944.7232982053,20565020.0,50.02989660794842
5.74,-702145.5285795539,20550210.0,50.029813731790654
5.75,-719512.8865761075,20535220.0,50.0297290988427
5.76,-737044.130421536,20520050.0,50.029642677562215
5.77,-754736.5657165436,20504700.0,50.02955443756828
5.78,-772587.4801891239,20489180.0,50.02946434975528
5.79,-790594.1544813911,20473490.0,50.029372386607754
5.8,-808753.8729224679,20457630.0,50.02927852233257
5.81,-827063.9343560468,20441610.0,50.02918273300363
5.82,-845521.6632790136,20425420.0,50.02908499675417
5.83,-864124.4212937476,20409070.0,50.0289852939514
5.84,-882869.6180312759,20392560.0,50.02888360726936
5.85,-901754.7216152305,20375890.0,50.02877992177102
5.86,-920777.269798756,20359070.0,50.028674225105576
5.87,-939934.8794654945,20342100.0,50.028566507450975
5.88,-959225.255657411,20324980.0,50.028456761560534
5.89,-978646.2009481587,20307710.0,50.02834498290565
5.9,-998195.6224464616,20290300.0,50.02823116950691
5.91,-1017871.538213715,20272740.0,50.02811532194617
5.92,-1037672.0841038491,20255050.0,50.027997443470404
5.93,-1057595.517953803,20237210.0,50.02787753978131
5.94,-1077640.2231434316,20219240.0,50.027755619004864
5.95,-1097804.7111637967,20201120.0,50.02763169161143
5.96,-1118087.6226590103,20182880.0,50.027505770280946
5.97,-1138487.7269061597,20164500.0,50.02737786974546
5.98,-1159003.920206134,20145980.0,50.027248006653814
5.99,-1179635.2234517867,20127340.0,50.027116199480325
6.0,-1200380.7786995736,20108560.0,50.02698246835979
6.01,-1221239.8434172391,20089650.0,50.02684683484478
6.02,-1242211.7834307856,20070610.0,50.02670932169415
6.03,-1263296.0651565385,20051450.0,50.02656995272729
6.04,-1284492.2474524947,20032150.0,50.02642875267986
6.05,-1305799.9727104339,20012730.0,50.02628574704781
6.06,-1327218.9558844117,19993170.0,50.02614096179667
6.07,-1348748.9729651844,19973490.0,50.02599442318043
6.08,-1370389.8495600196,19953680.0,50.02584615762425
6.09,-1392141.4481061338,19933740.0,50.02569619146807
6.1,-1414003.6557156723,19913670.0,50.02554455088802
6.11,-1435976.3717663365,19893480.0,50.02539126171675
6.12,-1458059.4944598554,19873150.0,50.02523634923806
6.13,-1480252.908634331,19852700.0,50.02507983812706
6.14,-1502556.4727558722,19832120.0,50.024921752250116
6.15,-1524970.0065263398,19811410.0,50.02476211457216
6.16,-1547493.2800827695,19790570.0,50.02460094712781
6.17,-1570126.0034265707,19769610.0,50.0244382709243
6.18,-1592867.815380809,19748510.0,50.02427410578875
6.19,-1615718.2746707683,19727290.0,50.02410847039306
6.2,-1638676.8523417662,19705940.0,50.02394138224868
6.21,-1661742.923634046,19684460.0,50.023772857582635
6.22,-1684915.7608490186,19662850.0,50.02360291130808
6.23,-1708194.5291318325,19641120.0,50.023431557146715
6.24,-1731578.2835913282,19619270.0,50.023258807644666
6.25,-1755065.9651949718,19597290.0,50.02308467407421
6.26,-1778656.4000042183,19575180.0,50.02290916657364
6.27,-1802348.2990631952,19552950.0,50.02273229418193
6.28,-1826140.258439661,19530600.0,50.02255406483046
6.29,-1850030.7618473484,19508130.0,50.02237448547897
6.3,-1874018.1847389662,19485550.0,50.022193562236474
6.31,-1898100.799105607,19462840.0,50.02201130040154
6.32,-1922276.7784431914,19440020.0,50.02182770451943
6.33,-1946544.2042926608,19417080.0,50.021642778508614
6.34,-1970901.0742211556,19394030.0,50.02145652577741
6.35,-1995345.3104877528,19370880.0,50.02126894933373
6.36,-2019874.7681191477,19347610.0,50.02108005181941
6.37,-2044487.244172624,19324230.0,50.020889835633994
6.38,-2069180.4889343302,19300760.0,50.02069830310567
6.39,-2093952.2167241643,19277180.0,50.02050545657843
6.4,-2118800.1170271616,19253500.0,50.02031129849771
6.41,-2143721.8653566674,19229720.0,50.02011583149426
6.42,-2168715.1338525494,19205840.0,50.01991905846478
6.43,-2193777.601899661,19181880.0,50.019720982649474
6.44,-2218906.9676549975,19157820.0,50.01952160777582
6.45,-2244100.960231776,19133670.0,50.019320938174694
6.46,-2269357.3487799847,19109440.0,50.01911897874712
6.47,-2294673.9501996073,19085120.0,50.01891573495567
6.48,-2320048.6378915445,19060720.0,50.01871121295876
6.49,-2345479.351143058,19036230.0,50.01850541971253
6.5,-2370964.1049372293,19011680.0,50.01829836306033
6.51,-2396500.994398358,18987040.0,50.01809005158664
6.52,-2422088.1983424593,18962330.0,50.017880494604164
6.53,-2447723.9836101374,18937540.0,50.017669702248234
6.54,-2473406.7092581457,18912680.0,50.0174576854969
6.55,-2499134.8279348006,18887760.0,50.01724445609853
6.56,-2524906.8875705358,18862760.0,50.01703002660225
6.57,-2550721.532006739,18837700.0,50.016814410346846
6.58,-2576577.4986228915,18812570.0,50.016597621331535
6.59,-2602473.6158938906,18787380.0,50.016379674235125
6.6,-2628408.800189364,18762120.0,50.016160584350054
6.61,-2654382.0493059335,18736800.0,50.015940367458455
6.62,-2680392.437983033,18711420.0,50.01571903986643
6.63,-2706439.1139562433,18685980.0,50.015496618405294
6.64,-2732521.290945085,18660480.0,50.01527312029418
6.65,-2758638.2399252434,18634920.0,50.015048563023576
6.66,-2784789.2788013783,18609300.0,50.014822964254016
6.67,-2810973.765495721,18583630.0,50.01459634186707
6.68,-2837191.0903938124,18557890.0,50.014368713908866
6.69,-2863440.6674124775,18532100.0,50.01414009848679
6.7,-2889721.9258902525,18506260.0,50.01391051373651
6.71,-2916034.2990606516,18480350.0,50.01367997765287
6.72,-2942377.2171590948,18454400.0,50.013448508168736
6.73,-2968750.1001772378,18428390.0,50.013216123108165
6.74,-2995152.346183899,18402320.0,50.01298283996667
6.75,-3021583.3264977145,18376200.0,50.01274867607305
6.76,-3048042.3783746124,18350030.0,50.012513648474766
6.77,-3074528.7980394904,18323800.0,50.01227777388594
6.78,-3101041.834722242,18297520.0,50.012041068671586
6.79,-3127580.6844706936,18271200.0,50.011803548794845
6.8,-3154144.487545215,18244820.0,50.01156522988622
6.81,-3180732.3264251673,18218390.0,50.01132612723729
6.82,-3207343.2219930217,18191920.0,50.01108625571682
6.83,-3233976.1293978,18165390.0,50.01084562971927
6.84,-3260629.9373363084,18138820.0,50.01060426325081
6.85,-3287303.4704309064,18112210.0,50.010362169995425
6.86,-3313995.4906104095,18085550.0,50.010119363296056
6.87,-3340704.69650852,18058850.0,50.009875856078736
6.88,-3367429.7237001685,18032100.0,50.009631660866205
6.89,-3394169.147667817,18005320.0,50.009386789854126
6.9,-3420921.4888277673,17978500.0,50.009141254972135
6.91,-3447685.216093434,17951640.0,50.00889506786421
6.92,-3474458.750243993,17924740.0,50.008648239884494
6.93,-3501240.466746631,17897810.0,50.00840078209138
6.94,-3528028.703102722,17870850.0,50.00815270539459
6.95,-3554821.7664253074,17843850.0,50.00790402058195
6.96,-3581617.9390660464,17816830.0,50.00765473830211
6.97,-3608415.484793103,17789780.0,50.00740486910641
6.98,-3635212.6535267057,17762710.0,50.00715442342889
6.99,-3662007.687115262,17735610.0,50.00690341163947
7.0,-3688798.8257357716,17708480.0,50.006651844089156
7.01,-3715584.3146140384,17681340.0,50.00639973114962
7.02,-3742362.410943791,17654180.0,50.00614708324801
7.03,-3769131.3878093734,17627000.0,50.005893910827595
7.04,-3795889.5396820423,17599810.0,50.00564022439876
7.05,-3822635.1849003574,17572600.0,50.00538603449725
7.06,-3849366.6725862687,17545390.0,50.00513135181662
7.07,-3876082.3886457677,17518160.0,50.004876187207906
7.08,-3902780.756305924,17490920.0,50.00462055158249
7.09,-3929460.240746931,17463680.0,50.00436445602343
7.1,-3956119.351278873,17436430.0,50.00410791173786
7.11,-3982756.6440267623,17409180.0,50.00385093009931
7.12,-4009370.7225514576,17381930.0,50.003593522596745
7.13,-4035960.236782079,17354680.0,50.00333570081635
7.14,-4062523.8867534758,17327420.0,50.00307747654787
7.15,-4089060.4229891705,17300170.0,50.00281886173185
7.16,-4115568.6454022494,17272930.0,50.0025598684261
7.17,-4142047.398031877,17245680.0,50.002300508701694
7.18,-4168495.5675482815,17218450.0,50.00204079471667
7.19,-4194912.08300512,17191220.0,50.00178073874388
7.2,-4221295.91446116,17164000.0,50.00152035314829
7.21,-4247646.070414751,17136790.0,50.00125965034845
7.22,-4273961.5948543865,17109590.0,50.00099864280614
7.23,-4300241.563840739,17082400.0,50.000737342996494
7.24,-4326485.0791806895,17055220.0,50.00047576333417
7.25,-4352691.266422004,17028050.0,50.0002139162425
7.26,-4378859.27231748,17000900.0,49.9999518141349
7.27,-4404988.262429341,16973770.0,49.99968946940698
7.28,-4431077.4156484585,16946650.0,49.99942689435232
7.29,-4457125.920570231,16919550.0,49.99916410118133
7.3,-4483132.975219876,16892460.0,49.99890110208487
7.31,-4509097.7839199435,16865400.0,49.99863790915538
7.32,-4535019.554639919,16838350.0,49.99837453439686
7.33,-4560897.497836373,16811330.0,49.998110989725234
7.34,-4586730.8282615,16784320.0,49.99784728704582
7.35,-4612518.761350499,16757340.0,49.99758343812294
7.36,-4638260.50681262,16730380.0,49.9973194545107
7.37,-4663955.269795958,16703440.0,49.99705534768044
7.38,-4689602.2535577,16676540.0,49.99679112905799
7.39,-4715200.658164075,16649650.0,49.99652680994393
7.4,-4740749.677318613,16622790.0,49.99626240146673
7.41,-4766248.500583842,16595960.0,49.99599791467418
7.42,-4791696.31511097,16569150.0,49.99573336053344
7.43,-4817092.307591825,16542380.0,49.995468749938794
7.44,-4842435.664588051,16515630.0,49.99520409367616
7.45,-4867725.568295123,16488920.0,49.994939402336215
7.46,-4892961.199116074,16462240.0,49.994674686421256
7.47,-4918141.740349114,16435580.0,49.99440995641409
7.48,-4943266.379726718,16408970.0,49.994145222704645
7.49,-4968334.3086259775,16382380.0,49.993880495570394
7.5,-4993344.723372734,16355840.0,49.99361578519372
7.51,-5018296.826541926,16329320.0,49.99335110167633
7.52,-5043189.828831867,16302850.0,49.99308645505129
7.53,-5068022.94958062,16276410.0,49.99282185525824
7.54,-5092795.419941729,16250010.0,49.99255731219961
7.55,-5117506.483845034,16223650.0,49.99229283570395
7.56,-5142155.398245693,16197340.0,49.992028435516254
7.57,-5166741.435705264,16171060.0,49.991764121345014
7.58,-5191263.883397746,16144820.0,49.991499902803795
7.59,-5215722.042281737,16118620.0,49.99123578940278
7.6,-5240115.231094362,16092480.0,49.99097179064591
7.61,-5264442.789994657,16066370.0,49.99070791602875
7.62,-5288704.076065781,16040310.0,49.99044417491062
7.63,-5312898.4644791735,16014290.0,49.99018057659397
7.64,-5337025.353510899,15988320.0,49.98991713040382
7.65,-5361084.163074903,15962400.0,49.98965384558679
7.66,-5385074.331306295,15936520.0,49.98939073127312
7.67,-5408995.315999346,15910700.0,49.98912779654704
7.68,-5432846.594245943,15884920.0,49.98886505042694
7.69,-5456627.662242727,15859190.0,49.98860250186108
7.7,-5480338.036012157,15833510.0,49.988340159749875
7.71,-5503977.249817608,15807880.0,49.98807803289944
7.72,-5527544.856297661,15782300.0,49.98781613005704
7.73,-5551040.426303901,15756780.0,49.98755445989646
7.74,-5574463.548168786,15731300.0,49.98729303101712
7.75,-5597813.825098028,15705880.0,49.98703185189839
7.76,-5621090.875116916,15680510.0,49.986770930949014
7.77,-5644294.331044249,15655200.0,49.98651027648952
7.78,-5667423.837754004,15629940.0,49.98624989672765
7.79,-5690479.053106566,15604730.0,49.98598979979051
7.8,-5713459.646174259,15579580.0,49.98572999369215
7.81,-5736365.296154113,15554490.0,49.98547048633821
7.82,-5759195.693939414,15529450.0,49.98521128556862
7.83,-5781950.539355873,15504460.0,49.98495239907814
7.84,-5804629.539652149,15479540.0,49.984693834443966
7.85,-5827232.410920293,15454660.0,49.984435599158964
7.86,-5849758.878034032,15429850.0,49.98417770060773
7.87,-5872208.673888075,15405100.0,49.98392014607088
7.88,-5894581.539106927,15380400.0,49.98366294270402
7.89,-5916877.221112116,15355760.0,49.98340609755091
7.9,-5939095.475147768,15331180.0,49.983149617557864
7.91,-5961236.065661293,15306650.0,49.98289350958237
7.92,-5983298.765582172,15282190.0,49.98263778036846
7.93,-6005283.354825299,15257790.0,49.98238243652877
7.94,-6027189.622649996,15233440.0,49.98212748460239
7.95,-6049017.367807635,15209160.0,49.98187293102227
7.96,-6070766.399969729,15184940.0,49.98161878214023
7.97,-6092436.538783596,15160780.0,49.98136504419453
7.98,-6114027.610473469,15136670.0,49.981111723270374
7.99,-6135539.451764563,15112630.0,49.980858825395316
8.0,-6156971.9154822435,15088660.0,49.98060635658098
8.01,-6178324.8652115725,15064740.0,49.98035432267868
8.02,-6199598.174812527,15040880.0,49.98010272942821
8.03,-6220791.730251017,15017090.0,49.97985158250043
8.04,-6241905.425933913,14993360.0,49.9796008874158
8.05,-6262939.168709649,14969690.0,49.97935064964665
8.06,-6283892.878328478,14946090.0,49.97910087458617
8.07,-6304766.485620253,14922550.0,49.97885156750369
8.08,-6325559.934458823,14899070.0,49.97860273360726
8.09,-6346273.177226316,14875650.0,49.9783543779501
8.1,-6366906.174796273,14852300.0,49.978106505479715
8.11,-6387458.899122296,14829010.0,49.977859121087974
8.12,-6407931.333048995,14805780.0,49.977612229564045
8.13,-6428323.47074441,14782620.0,49.97736583562023
8.14,-6448635.315703716,14759530.0,49.977119943844635
8.15,-6468866.8790544355,14736490.0,49.976874558704516
8.16,-6489018.179681785,14713520.0,49.97662968457819
8.17,-6509089.244757513,14690620.0,49.97638532574824
8.18,-6529080.111883831,14667780.0,49.9761414864326
8.19,-6548990.827079372,14645000.0,49.97589817073475
8.2,-6568821.444203712,14622280.0,49.97565538265193
8.21,-6588572.025622508,14599640.0,49.975413126103994
8.22,-6608242.640860253,14577050.0,49.97517140489527
8.23,-6627833.365015709,14554530.0,49.97493022271816
8.24,-6647344.283523931,14532070.0,49.974689583227615
8.25,-6666775.491001879,14509680.0,49.97444948998548
8.26,-6686127.086188147,14487350.0,49.97420994639969
8.27,-6705399.174497444,14465090.0,49.973970955806976
8.28,-6724591.868273777,14442890.0,49.9737325214654
8.29,-6743705.28538365,14420760.0,49.97349464652064
8.3,-6762739.550496982,14398690.0,49.97325733404836
8.31,-6781694.790982649,14376680.0,49.97302058697702
8.32,-6800571.139915549,14354740.0,49.972784408185184
8.33,-6819368.74034498,14332860.0,49.97254880051402
8.34,-6838087.739985645,14311050.0,49.97231376666545
8.35,-6856728.291406843,14289300.0,49.97207930925017
8.36,-6875290.55163008,14267610.0,49.971845430792456
8.37,-6893774.679960101,14245990.0,49.971612133698756
8.38,-6912180.839600605,14224430.0,49.97137942030897
8.39,-6930509.198879221,14202930.0,49.97114729289045
8.4,-6948759.932373503,14181500.0,49.97091575364775
8.41,-6966933.218975551,14160140.0,49.97068480468138
8.42,-6985029.238691283,14138830.0,49.97045444797358
8.43,-7003048.176422017,14117590.0,49.970224685468054
8.44,-7020990.219198762,14096410.0,49.9699955189957
8.45,-7038855.55556121,14075300.0,49.96976695029644
8.46,-7056644.375147449,14054250.0,49.96953898102301
8.47,-7074356.871918008,14033260.0,49.9693116127936
8.48,-7091993.243936534,14012340.0,49.96908484714468
8.49,-7109553.6911371015,13991470.0,49.968858685519045
8.5,-7127038.417526871,13970670.0,49.968633129304735
8.51,-7144447.629392762,13949940.0,49.96840817981086
8.52,-7161781.53329102,13929260.0,49.968183838239334
8.53,-7179040.334901459,13908650.0,49.96796010570953
8.54,-7196224.244760047,13888100.0,49.96773698333549
8.55,-7213333.479336014,13867610.0,49.96751447218538
8.56,-7230368.256743773,13847180.0,49.967292573218366
8.57,-7247328.794885493,13826820.0,49.96707128730794
8.58,-7264215.310660654,13806510.0,49.966850615253136
8.59,-7281028.021236664,13786270.0,49.966630557794254
8.6,-7297767.144193725,13766090.0,49.966411115618655
8.61,-7314432.899251933,13745970.0,49.96619228937241
8.62,-7331025.5067814365,13725910.0,49.965974079626925
8.63,-7347545.1846993165,13705910.0,49.96575648686375
8.64,-7363992.153538269,13685980.0,49.9655395115605
8.65,-7380366.636648069,13666100.0,49.965323154149594
8.66,-7396668.854993558,13646290.0,49.96510741496138
8.67,-7412899.025720362,13626530.0,49.96489229424547
8.68,-7429057.36419688,13606840.0,49.96467779222309
8.69,-7445144.086194859,13587200.0,49.96446390908848
8.7,-7461159.406880658,13567620.0,49.964250644981476
8.71,-7477103.540981959,13548110.0,49.96403799999897
8.72,-7492976.697603954,13528650.0,49.96382597413243
8.73,-7508779.078067961,13509260.0,49.96361456729843
8.74,-7524510.884388795,13489920.0,49.96340377945654
8.75,-7540172.318947366,13470640.0,49.96319361052425
8.76,-7555763.578793613,13451420.0,49.96298406032578
8.77,-7571284.856680734,13432260.0,49.96277512864677
8.78,-7586736.341928094,13413160.0,49.962566815243974
8.79,-7602118.221449467,13394120.0,49.96235911985297
8.8,-7617430.678409762,13375140.0,49.96215204215853
8.81,-7632673.888902187,13356210.0,49.9619455817753
8.82,-7647848.027111052,13337340.0,49.96173973833756
8.83,-7662953.265304005,13318540.0,49.96153451145367
8.84,-7677989.771705265,13299780.0,49.96132990068837
8.85,-7692957.709966215,13281090.0,49.961125905568096
8.86,-7707857.2359036915,13262460.0,49.960922525562694
8.87,-7722688.502931351,13243880.0,49.96071976016916
8.88,-7737451.658322734,13225360.0,49.960517608832184
8.89,-7752146.843707519,13206900.0,49.960316070968815
8.9,-7766774.199632961,13188500.0,49.960115146038916
8.91,-7781333.863933788,13170150.0,49.959914833469135
8.92,-7795825.966959821,13151860.0,49.95971513263025
8.93,-7810250.633177868,13133630.0,49.95951604288854
8.94,-7824607.978005523,13115460.0,49.959317563569414
8.95,-7838898.111126861,13097340.0,49.95911969401202
8.96,-7853121.136871961,13079280.0,49.958922433558165
8.97,-7867277.153080039,13061280.0,49.9587257815283
8.98,-7881366.252392998,13043330.0,49.95852973725802
8.99,-7895388.517853341,13025440.0,49.95833430002813
9.0,-7909344.020023226,13007610.0,49.958139469082994
9.01,-7923232.825242088,12989840.0,49.95794524374587
9.02,-7937054.993582943,12972120.0,49.95775162332402
9.03,-7950810.575132148,12954460.0,49.95755860709233
9.04,-7964499.610653792,12936860.0,49.95736619432884
9.05,-7978122.132009202,12919310.0,49.9571743843229
9.06,-7991678.165901591,12901820.0,49.95698317640392
9.07,-8005167.731656772,12884390.0,49.95679256990142
9.08,-8018590.8373094695,12867010.0,49.95660256411089
9.09,-8031947.480274508,12849700.0,49.9564131583428
9.1,-8045237.653826934,12832440.0,49.95622435198613
9.11,-8058461.343213865,12815230.0,49.9560361444194
9.12,-8071618.524334113,12798090.0,49.95584853502128
9.13,-8084709.160984459,12781000.0,49.95566152316467
9.14,-8097733.207594974,12763960.0,49.95547510826167
9.15,-8110690.611583417,12746990.0,49.95528928978103
9.16,-8123581.308933088,12730070.0,49.95510406716986
9.17,-8136405.227541807,12713220.0,49.95491943993115
9.18,-8149162.287015222,12696420.0,49.95473540760369
9.19,-8161852.395593389,12679670.0,49.954551969724044
9.2,-8174475.453473185,12662990.0,49.95436912589516
9.21,-8187031.350317779,12646360.0,49.95418687573028
9.22,-8199519.963003255,12629790.0,49.954005218855926
9.23,-8211941.156278862,12613280.0,49.953824154936534
9.24,-8224294.785686844,12596830.0,49.95364368370311
9.25,-8236580.693927014,12580440.0,49.9534638048926
9.26,-8248798.711850896,12564110.0,49.95328451829036
9.27,-8260948.660170153,12547830.0,49.95310582373859
9.28,-8273030.346070945,12531620.0,49.952927721093964
9.29,-8285043.569609139,12515470.0,49.952750210322726
9.3,-8296988.118674727,12499370.0,49.95257329139547
9.31,-8308863.768823355,12483340.0,49.95239696432848
9.32,-8320670.283325339,12467360.0,49.95222122919111
9.33,-8332407.412729461,12451450.0,49.952046086098655
9.34,-8344074.898283102,12435600.0,49.95187153525876
9.35,-8355672.465705166,12419810.0,49.95169757687511
9.36,-8367199.830392104,12404080.0,49.951524211254515
9.37,-8378656.696898499,12388420.0,49.95135143876276
9.38,-8390042.750271138,12372810.0,49.9511792597449
9.39,-8401357.663053537,12357270.0,49.951007674661064
9.4,-8412601.099189794,12341790.0,49.9508366840813
9.41,-8423772.71160645,12326380.0,49.95066628861895
9.42,-8434872.14064955,12311030.0,49.950496488948225
9.43,-8445899.018007679,12295740.0,49.95032728584993
9.44,-8456852.961203927,12280520.0,49.950158680136916
9.45,-8467733.573217448,12265360.0,49.94999067267936
9.46,-8478540.444587888,12250270.0,49.94982326444271
9.47,-8489273.15156324,12235240.0,49.94965645645727
9.48,-8499931.260041473,12220280.0,49.94949024986033
9.49,-8510514.323070299,12205390.0,49.9493246458552
9.5,-8521021.87677235,12190560.0,49.94915964568579
9.51,-8531453.441953115,12175810.0,49.94899525068258
9.52,-8541808.527782232,12161120.0,49.948831462297214
9.53,-8552086.626831485,12146500.0,49.948668282019426
9.54,-8562287.21641917,12131940.0,49.94850571143224
9.55,-8572409.765040899,12117460.0,49.948343752269544
9.56,-8582453.72942717,12103050.0,49.948182406331235
9.57,-8592418.547555711,12088710.0,49.948021675450406
9.58,-8602303.643011566,12074440.0,49.947861561576644
9.59,-8612108.428378098,12060250.0,49.9477020667928
9.6,-8621832.303840298,12046120.0,49.94754319326808
9.61,-8631474.655217314,12032080.0,49.94738494325115
9.62,-8641034.851700496,12018100.0,49.94722731906713
9.63,-8650512.24733764,12004200.0,49.947070323148054
9.64,-8659906.183878861,11990370.0,49.946913958055404
9.65,-8669215.991282908,11976620.0,49.94675822646044
9.66,-8678440.98631438,11962950.0,49.94660313113189
9.67,-8687580.470399585,11949360.0,49.94644867492206
9.68,-8696633.730173716,11935840.0,49.94629486079551
9.69,-8705600.036059413,11922400.0,49.94614169180691
9.7,-8714478.64320754,11909050.0,49.94598917113007
9.71,-8723268.790525757,11895770.0,49.94583730202944
9.72,-8731969.70139751,11882570.0,49.945686087891026
9.73,-8740580.588986794,11869460.0,49.94553553226164
9.74,-8749100.64975249,11856430.0,49.94538563874895
9.75,-8757529.0655279,11843480.0,49.94523641108704
9.76,-8765865.008162431,11830620.0,49.94508785317542
9.77,-8774107.636143917,11817850.0,49.94493996900901
9.78,-8782256.090464573,11805160.0,49.94479276265993
9.79,-8790309.495967045,11792550.0,49.944646238332496
9.8,-8798266.967068523,11780040.0,49.944500400401395
9.81,-8806127.603694009,11767620.0,49.944355253333796
9.82,-8813890.485996012,11755280.0,49.94421080167219
9.83,-8821554.67990094,11743040.0,49.94406705011999
9.84,-8829119.234954154,11730890.0,49.94392400349672
9.85,-8836583.18948974,11718830.0,49.943781666786485
9.86,-8843945.567577606,11706860.0,49.94364004508404
9.87,-8851205.371519407,11694990.0,49.943499143539725
9.88,-8858361.592295412,11683220.0,49.94335896751609
9.89,-8865413.20588314,11671540.0,49.94321952248711
9.9,-8872359.17371681,11659970.0,49.94308081405441
9.91,-8879198.443945961,11648490.0,49.942942847967956
9.92,-8885929.949110623,11637110.0,49.94280563009177
9.93,-8892552.607054844,11625830.0,49.94266916643315
9.94,-8899065.317741837,11614660.0,49.94253346310107
9.95,-8905466.967408782,11603590.0,49.94239852638039
9.96,-8911756.426980196,11592620.0,49.94226436267078
9.97,-8917932.54945057,11581760.0,49.94213097849322
9.98,-8923994.171533778,11571010.0,49.94199838051017
9.99,-8929940.117198125,11560360.0,49.94186657555748
10.0,-8935876.574589143,11549830.0,49.94173557065124
10.01,-8941910.181625642,11539300.0,49.94160536891996
10.02,-8948039.265990159,11528660.0,49.94147596303822
10.03,-8954259.933204921,11517920.0,49.94134733409705
10.04,-8960565.693374233,11507090.0,49.94121945436647
10.05,-8966947.437926704,11496160.0,49.94109228967393
10.06,-8973393.672921387,11485160.0,49.940965801591
10.07,-8979890.909206232,11474080.0,49.94083994920588
10.08,-8986424.160013143,11462940.0,49.940714690760515
10.09,-8992977.505510481,11451760.0,49.940589985200056
10.1,-8999534.669884697,11440560.0,49.94046579336013
10.11,-9006079.590122111,11429340.0,49.94034207907425
10.12,-9012596.950481167,11418130.0,49.94021881005453
10.13,-9019072.658461114,11406950.0,49.94009595853447
10.14,-9025494.247472694,11395800.0,49.93997350170312
10.15,-9031851.198502978,11384690.0,49.93985142194457
10.16,-9038135.178860273,11373650.0,49.939729706943325
10.17,-9044340.18833078,11362670.0,49.93960834953569
10.18,-9050462.62083451,11351770.0,49.93948734747444
10.19,-9056501.239203442,11340940.0,49.939366702990796
10.2,-9062457.076484436,11330190.0,49.939246422295376
10.21,-9068333.268598594,11319520.0,49.93912651499291
10.22,-9074134.832375962,11308920.0,49.939006993424485
10.23,-9079868.39053996,11298380.0,49.93888787192113
10.24,-9085541.864766272,11287920.0,49.9387691660933
10.25,-9091164.147793537,11277500.0,49.93865089214814
10.26,-9096744.767528182,11267130.0,49.938533066227535
10.27,-9102293.55361088,11256790.0,49.93841570380832
10.28,-9107820.315000683,11246480.0,49.93829881914129
10.29,-9113334.545588063,11236190.0,49.93818242485227
10.3,-9118845.148392214,11225900.0,49.93806653145732
10.31,-9124360.205458889,11215620.0,49.937951147164696
10.32,-9129886.793631446,11205320.0,49.937836277746776
10.33,-9135430.832862344,11195000.0,49.93772192634105
10.34,-9140996.981735645,11184660.0,49.937608093460526
10.35,-9146588.586245688,11174290.0,49.93749477714269
10.36,-9152207.666465335,11163890.0,49.937381973054556
10.37,-9157854.946954051,11153460.0,49.937269674736775
10.38,-9163529.926000314,11142990.0,49.93715787388584
10.39,-9169230.972853687,11132490.0,49.93704656063186
10.4,-9174955.450964496,11121960.0,49.93693572385782
10.41,-9180699.86507283,11111390.0,49.936825351575614
10.42,-9186460.017332427,11100800.0,49.9367154312109
10.43,-9192231.171123303,11090190.0,49.93660594992625
10.44,-9198008.228839774,11079560.0,49.93649689504327
10.45,-9203785.897075456,11068920.0,49.93638825423625
10.46,-9209558.838545809,11058280.0,49.93628001573469
10.47,-9215321.82364991,11047630.0,49.93617216862473
10.48,-9221069.859844057,11036990.0,49.93606470297172
10.49,-9226798.29911295,11026350.0,49.93595760989496
10.5,-9232502.933968257,11015730.0,49.93585088172819
10.51,-9238180.061487561,11005130.0,49.93574451195686
10.52,-9243826.527907182,10994550.0,49.93563849522275
10.53,-9249439.750984643,10983990.0,49.93553282726613
10.54,-9255017.725089865,10973460.0,49.935427504864
10.55,-9260559.00550572,10962960.0,49.935322525719286
10.56,-9266062.676558912,10952490.0,49.93521788831936
10.57,-9271528.305193536,10942050.0,49.93511359180387
10.58,-9276955.882686544,10931650.0,49.935009635799354
10.59,-9282345.755330604,10921270.0,49.93490602023844
10.6,-9287698.548046201,10910930.0,49.93480274519178
10.61,-9293015.090821294,10900620.0,49.93469981076093
10.62,-9298296.349011745,10890340.0,49.93459721699927
10.63,-9303543.350389484,10880090.0,49.93449496372968
10.64,-9308757.112235848,10869870.0,49.93439305042007
10.65,-9313938.582841028,10859670.0,49.93429147614447
10.66,-9319088.587872453,10849500.0,49.93419023952716
10.67,-9324207.787494099,10839360.0,49.93408933869476
10.68,-9329296.644377857,10829240.0,49.93398877128709
10.69,-9334355.401152758,10819150.0,49.93388853445926
10.7,-9339384.072330497,10809080.0,49.933788624936305
10.71,-9344382.4390615,10799040.0,49.933689039009735
10.72,-9349350.050774558,10789020.0,49.93358977255861
10.73,-9354286.237877214,10779030.0,49.93349082112988
10.74,-9359190.13571542,10769060.0,49.93339218005527
10.75,-9364060.718680702,10759120.0,49.93329384457214
10.76,-9368896.828078233,10749200.0,49.93319580982177
10.77,-9373697.20519406,10739320.0,49.9330980709301
10.78,-9378460.531853745,10729460.0,49.93300062314426
10.79,-9383185.46658088,10719640.0,49.93290346186913
10.8,-9387870.681700928,10709850.0,49.93280658274577
10.81,-9392514.893984368,10700100.0,49.93270998166902
10.82,-9397116.89627792,10690380.0,49.93261365485731
10.83,-9401675.583914721,10680700.0,49.932517598892964
10.84,-9406189.973724749,10671050.0,49.93242181069923
10.85,-9410659.225542374,10661440.0,49.93232628762796
10.86,-9415082.656871544,10651880.0,49.93223102745439
10.87,-9419459.742314514,10642350.0,49.93213602826967
10.88,-9423790.118012859,10632870.0,49.93204128855353
10.89,-9428073.587124359,10623430.0,49.93194680721399
10.9,-9432310.105652489,10614030.0,49.931852583411114
10.91,-9436499.77325428,10604670.0,49.93175861661355
10.92,-9440642.824537164,10595360.0,49.931664906584125
10.93,-9444739.609619929,10586080.0,49.931571453280796
10.94,-9448790.576923825,10576850.0,49.931478256842276
10.95,-9452796.2535836,10567660.0,49.93138531754644
10.96,-9456757.23298926,10558510.0,49.93129263585082
10.97,-9460674.160529763,10549400.0,49.931200212345104
10.98,-9464547.707105808,10540320.0,49.931108047612675
10.99,-9468378.552890684,10531290.0,49.93101614227478
11.0,-9472167.372304127,10522300.0,49.93092449697298
11.01,-9475914.827325555,10513340.0,49.930833112411605
11.02,-9479621.555604964,10504420.0,49.93074198929413
11.03,-9483288.155467093,10495540.0,49.930651128264955
11.04,-9486915.187689036,10486690.0,49.930560530028764
11.05,-9490503.16719614,10477880.0,49.93047019526073
11.06,-9494052.559809135,10469110.0,49.930380124623674
11.07,-9497563.78018016,10460360.0,49.93029031876339
11.08,-9501037.194738658,10451660.0,49.930200778360195
11.09,-9504473.132281035,10442980.0,49.93011150418512
11.1,-9507871.882050198,10434340.0,49.93002249700908
11.11,-9511233.69813594,10425740.0,49.92993375764202
11.12,-9514558.804969298,10417160.0,49.929845286955185
11.13,-9517847.400437418,10408620.0,49.92975708586631
11.14,-9521099.666186575,10400120.0,49.9296691553993
11.15,-9524315.770713871,10391640.0,49.92958149664982
11.16,-9527495.872067891,10383200.0,49.92949411076776
11.17,-9530640.123918278,10374800.0,49.92940699900757
11.18,-9533748.685971448,10366420.0,49.92932016276863
11.19,-9536821.721761514,10358080.0,49.92923360350785
11.2,-9539859.397290444,10349770.0,49.92914732272222
11.21,-9542861.886104178,10341490.0,49.92906132202962
11.22,-9545829.370221457,10333250.0,49.92897560312236
11.23,-9548762.040438067,10325030.0,49.92889016777126
11.24,-9551660.092870764,10316850.0,49.92880501778145
11.25,-9554523.727202099,10308700.0,49.9287201550051
11.26,-9557353.144123016,10300590.0,49.92863558133498
11.27,-9560148.549379408,10292500.0,49.92855129874962
11.28,-9562910.14956584,10284450.0,49.92846730925267
11.29,-9565638.147794789,10276430.0,49.928383614848784
11.3,-9568332.742204364,10268440.0,49.92830021757429
11.31,-9570994.118934738,10260480.0,49.92821711942233
11.32,-9573622.453976829,10252560.0,49.92813432242825
11.33,-9576217.91046684,10244660.0,49.92805182861227
11.34,-9578780.632896911,10236800.0,49.92796963995115
11.35,-9581310.744103678,10228970.0,49.92788775837461
11.36,-9583808.345896546,10221170.0,49.927806185813026
11.37,-9586273.523733627,10213400.0,49.927724924214736
11.38,-9588706.337448021,10205660.0,49.92764397542291
11.39,-9591106.823348174,10197960.0,49.927563341266065
11.4,-9593474.998717047,10190280.0,49.92748302357364
11.41,-9595810.856179202,10182640.0,49.92740302408997
11.42,-9598114.364322402,10175020.0,49.92732334451388
11.43,-9600385.47054332,10167440.0,49.92724398652404
11.44,-9602624.10304573,10159900.0,49.92716495176299
11.45,-9604830.170621388,10152380.0,49.92708624182353
11.46,-9607003.562145527,10144900.0,49.92700785823728
11.47,-9609144.148806553,10137440.0,49.92692980250314
11.48,-9611251.789646577,10130030.0,49.92685207610486
11.49,-9613326.331588259,10122640.0,49.92677468048954
11.5,-9615367.613906689,10115290.0,49.92669761708852
11.51,-9617375.464791497,10107970.0,49.92662088725323
11.52,-9619349.706334295,10100690.0,49.926544492330585
11.53,-9621290.15873082,10093440.0,49.92646843366143
11.54,-9623196.638396157,10086220.0,49.92639271252756
11.55,-9625068.962571608,10079040.0,49.92631733020787
11.56,-9626906.94989711,10071900.0,49.92624228795215
11.57,-9628710.423492426,10064790.0,49.926167586999185
11.58,-9630479.213761097,10057720.0,49.92609322858739
11.59,-9632213.158636991,10050680.0,49.92601921392824
11.6,-9633912.101609003,10043680.0,49.925945544186014
11.61,-9635575.892248133,10036720.0,49.92587222050054
11.62,-9637204.388160475,10029790.0,49.925799244001404
11.63,-9638797.458939556,10022900.0,49.92572661582283
11.64,-9640354.988475868,10016050.0,49.9256543371118
11.65,-9641876.867527591,10009230.0,49.92558240892315
11.66,-9643362.991686294,10002460.0,49.925510832261075
11.67,-9644813.268740157,9995720.0,49.92543960817035
11.68,-9646227.617336726,9989021.0,49.925368737664364
11.69,-9647605.96501542,9982361.0,49.92529822171201
11.7,-9648948.248343535,9975740.0,49.92522806125939
11.71,-9650254.411627876,9969158.0,49.92515825721217
11.72,-9651524.408073518,9962616.0,49.92508881046086
11.73,-9652758.20265497,9956114.0,49.925019721897684
11.74,-9653955.768555071,9949651.0,49.924950992356784
11.75,-9655117.07960595,9943227.0,49.92488262257251
11.76,-9656242.117413362,9936845.0,49.924814613298366
11.77,-9657330.875991412,9930503.0,49.92474696531199
11.78,-9658383.357462062,9924201.0,49.92467967932257
11.79,-9659399.575493885,9917941.0,49.92461275604728
11.8,-9660379.552138997,9911720.0,49.92454619614851
11.81,-9661323.312496612,9905540.0,49.924480000204305
11.82,-9662230.895091219,9899403.0,49.92441416886152
11.83,-9663102.350081736,9893305.0,49.92434870272387
11.84,-9663937.737637063,9887250.0,49.924283602365385
11.85,-9664737.130353492,9881235.0,49.92421886835177
11.86,-9665500.614196466,9875263.0,49.92415450124437
11.87,-9666228.28836187,9869331.0,49.92409050158292
11.88,-9666920.265193902,9863442.0,49.92402686989464
11.89,-9667576.669646755,9857593.0,49.92396360668082
11.9,-9668197.635496732,9851786.0,49.92390071239016
11.91,-9668783.314195586,9846022.0,49.92383818753579
11.92,-9669333.875369053,9840299.0,49.923776032635445
11.93,-9669849.504524216,9834618.0,49.923714248176864
11.94,-9670330.396932987,9828977.0,49.92365283458105
11.95,-9670776.762327554,9823380.0,49.92359179230109
11.96,-9671188.826758131,9817823.0,49.92353112180033
11.97,-9671566.827503078,9812308.0,49.92347082348734
11.98,-9671911.01691292,9806835.0,49.923410897799734
11.99,-9672221.661591114,9801403.0,49.923351345160114
12.0,-9672499.038267482,9796012.0,49.92329216594638
12.01,-9672743.43142784,9790662.0,49.92323336050418
12.02,-9672955.137320053,9785354.0,49.92317492919572
12.03,-9673134.46158763,9780086.0,49.92311687235688
12.04,-9673281.715814646,9774859.0,49.92305919027524
12.05,-9673397.215885522,9769672.0,49.923001883201636
12.06,-9673481.28273408,9764526.0,49.922944951366496
12.07,-9673534.242239662,9759420.0,49.92288839498589
12.08,-9673556.424268177,9754354.0,49.922832214234994
12.09,-9673548.16564275,9749329.0,49.92277640930205
12.1,-9673509.806169499,9744342.0,49.92272098031042
12.11,-9673441.687502667,9739396.0,49.922665927350785
12.12,-9673344.157363538,9734489.0,49.92261125052361
12.13,-9673217.56584888,9729621.0,49.92255694987372
12.14,-9673062.26503532,9724792.0,49.922503025410656
12.15,-9672878.61348347,9720003.0,49.92244947716351
12.16,-9672666.973174209,9715251.0,49.92239630510319
12.17,-9672427.708545761,9710539.0,49.92234350917491
12.18,-9672161.187636811,9705864.0,49.922291089301616
12.19,-9671867.781465914,9701228.0,49.92223904536956
12.2,-9671547.867341353,9696630.0,49.92218737727689
12.21,-9671201.825625893,9692069.0,49.92213608486533
12.22,-9670830.039057784,9687546.0,49.92208516794513
12.23,-9670432.894178525,9683060.0,49.922034626307116
12.24,-9670010.779117115,9678611.0,49.92198445969996
12.25,-9669564.080798885,9674198.0,49.921934667809026
12.26,-9669093.188358821,9669823.0,49.921885250321345
12.27,-9668598.496848311,9665484.0,49.921836206925875
12.28,-9668080.402859196,9661181.0,49.92178753724988
12.29,-9667539.30366999,9656914.0,49.92173924088055
12.3,-9666975.594509432,9652682.0,49.92169131734219
12.31,-9666389.664559538,9648485.0,49.92164376608218
12.32,-9665781.90035684,9644324.0,49.92159658653433
12.33,-9665152.693646995,9640199.0,49.92154977816415
12.34,-9664502.434784701,9636107.0,49.92150334035116
12.35,-9663831.51232855,9632051.0,49.921457272425975
12.36,-9663140.312577887,9628028.0,49.921411573677
12.37,-9662429.22195783,9624041.0,49.92136624337712
12.38,-9661698.625820143,9620086.0,49.92132128074357
12.39,-9660948.901827533,9616165.0,49.921276684893165
12.4,-9660180.425915223,9612278.0,49.921232454942384
12.41,-9659393.573081808,9608424.0,49.9211885899744
12.42,-9658588.711742701,9604602.0,49.92114508897845
12.43,-9657766.207472144,9600814.0,49.921101950920274
12.44,-9656926.42538692,9597058.0,49.92105917474656
12.45,-9656069.730028711,9593335.0,49.921016759363845
12.46,-9655196.48330862,9589643.0,49.92097470361124
12.47,-9654307.045466844,9585984.0,49.92093300628964
12.48,-9653401.775749806,9582356.0,49.92089166616952
12.49,-9652481.028416213,9578759.0,49.92085068193327
12.5,-9651545.155913305,9575194.0,49.92081005224104
12.51,-9650594.511662198,9571660.0,49.92076977573873
12.52,-9649629.446581762,9568156.0,49.92072985099306
12.53,-9648650.31198621,9564684.0,49.92069027655919
12.54,-9647657.463344721,9561242.0,49.92065105098277
12.55,-9646651.256015494,9557830.0,49.92061217273753
12.56,-9645632.044331273,9554448.0,49.92057364024851
12.57,-9644600.178859059,9551095.0,49.92053545187049
12.58,-9643556.007642012,9547772.0,49.920497605914505
12.59,-9642499.87676063,9544478.0,49.92046010066101
12.6,-9641432.130268518,9541213.0,49.92042293433837
12.61,-9640353.115256708,9537978.0,49.92038610518127
12.62,-9639263.177869927,9534770.0,49.92034961135461
12.63,-9638162.66050963,9531591.0,49.92031345094855
12.64,-9637051.904956529,9528440.0,49.92027762203555
12.65,-9635931.251796925,9525317.0,49.920242122646684
12.66,-9634801.046457902,9522223.0,49.920206950828934
12.67,-9633661.636253884,9519155.0,49.920172104567875
12.68,-9632513.35887798,9516113.0,49.920137581703536
12.69,-9631356.549726825,9513100.0,49.92010338009096
12.7,-9630191.54764816,9510113.0,49.92006949759531
12.71,-9629018.688849775,9507152.0,49.92003593199253
12.72,-9627838.309284095,9504218.0,49.92000268103949
12.73,-9626650.747266658,9501310.0,49.919969742485534
12.74,-9625456.340858499,9498427.0,49.91993711401007
12.75,-9624255.425925774,9495570.0,49.91990479325371
12.76,-9623048.343540227,9492739.0,49.91987277787473
12.77,-9621835.435716059,9489932.0,49.919841065478224
12.78,-9620617.039255641,9487149.0,49.91980965356927
12.79,-9619393.487443881,9484391.0,49.91977853962794
12.8,-9618165.11744538,9481658.0,49.919747721163944
12.81,-9616932.267975578,9478948.0,49.91971719564446
12.82,-9615695.281410916,9476263.0,49.919686960525105
12.83,-9614454.501630342,9473600.0,49.91965701321999
12.84,-9613210.26797642,9470960.0,49.91962735105747
12.85,-9611962.921966117,9468344.0,49.919597971389855
12.86,-9610712.80843378,9465750.0,49.91956887155963
12.87,-9609460.274967397,9463179.0,49.919540048884954
12.88,-9608205.673394898,9460630.0,49.91951150067716
12.89,-9606949.351301715,9458101.0,49.919483224143285
12.9,-9605691.656747771,9455596.0,49.919455216512326
12.91,-9604432.939406216,9453110.0,49.91942747499245
12.92,-9603173.546063395,9450646.0,49.91939999673176
12.93,-9601913.823116852,9448202.0,49.91937277887771
12.94,-9600654.11776889,9445779.0,49.91934581856239
12.95,-9599394.779906953,9443376.0,49.91931911292027
12.96,-9598136.158062195,9440992.0,49.91929265903018
12.97,-9596878.599346973,9438628.0,49.91926645395017
12.98,-9595622.447454637,9436282.0,49.91924049469761
12.99,-9594368.045042295,9433956.0,49.919214778284854
13.0,-9593115.735948537,9431648.0,49.91918930173245
13.01,-9591865.862003112,9429358.0,49.91916406201509
13.02,-9590618.763703637,9427086.0,49.91913905609208
13.03,-9589374.78283155,9424832.0,49.91911428093106
13.04,-9588134.26188336,9422595.0,49.91908973348706
13.05,-9586897.542759737,9420375.0,49.91906541069003
13.06,-9585664.964254554,9418171.0,49.91904130943195
13.07,-9584436.86364071,9415984.0,49.919017426600156
13.08,-9583213.578601792,9413813.0,49.91899375909604
13.09,-9581995.448370796,9411658.0,49.918970303817325
13.1,-9580782.811851455,9409518.0,49.918947057640864
13.11,-9579576.005449943,9407393.0,49.91892401741304
13.12,-9578375.363693474,9405283.0,49.91890117997852
13.13,-9577181.222528787,9403188.0,49.91887854220246
13.14,-9575993.914992798,9401106.0,49.91885610090836
13.15,-9574813.768069183,9399038.0,49.918833852877285
13.16,-9573641.103070194,9396983.0,49.91881179487588
13.17,-9572476.237900041,9394942.0,49.91878992368552
13.18,-9571319.49177431,9392914.0,49.918768236117636
13.19,-9570171.185050434,9390899.0,49.918746728993156
13.2,-9569031.635296674,9388895.0,49.91872539908342
13.21,-9567901.151356827,9386903.0,49.918704243111435
13.22,-9566780.042216372,9384924.0,49.918683257861225
13.23,-9565668.615291478,9382955.0,49.91866244010308
13.24,-9564567.170496836,9380997.0,49.9186417865509
13.25,-9563476.006892493,9379051.0,49.91862129397356
13.26,-9562395.421027437,9377114.0,49.918600959121676
13.27,-9561325.704253327,9375188.0,49.918580778725754
13.28,-9560267.144248448,9373271.0,49.918560749516075
13.29,-9559220.023126407,9371364.0,49.91854086821296
13.3,-9558184.619472109,9369466.0,49.9185211315481
13.31,-9557161.20816043,9367577.0,49.91850153624844
13.32,-9556150.06154212,9365697.0,49.91848207906006
13.33,-9555151.449492961,9363825.0,49.9184627567265
13.34,-9554165.636670796,9361961.0,49.91844356597589
13.35,-9553192.880620506,9360104.0,49.91842450350703
13.36,-9552233.435686836,9358256.0,49.918405566062034
13.37,-9551287.557392888,9356415.0,49.918386750431445
13.38,-9550355.496173289,9354580.0,49.91836805335325
13.39,-9549437.499354605,9352753.0,49.91834947159062
13.4,-9548533.813539643,9350932.0,49.918331001940714
13.41,-9547644.677253196,9349116.0,49.918312641136396
13.42,-9546770.318356229,9347306.0,49.91829438588643
13.43,-9545910.962736819,9345503.0,49.91827623297845
13.44,-9545066.83316432,9343704.0,49.91825817919897
13.45,-9544238.143239958,9341910.0,49.91824022128647
13.46,-9543425.10386916,9340122.0,49.91822235603962
13.47,-9542627.92376661,9338338.0,49.918204580281134
13.48,-9541846.805973584,9336558.0,49.918186890800804
13.49,-9541081.949495342,9334783.0,49.9181692844239
13.5,-9540333.548891133,9333011.0,49.91815175798002
13.51,-9539601.792894466,9331243.0,49.9181343082903
13.52,-9538886.863941735,9329478.0,49.91811693218604
13.53,-9538188.940890897,9327717.0,49.91809962653042
13.54,-9537508.197188137,9325958.0,49.91808238818794
13.55,-9536844.803303886,9324203.0,49.918065214051566
13.56,-9536198.923761327,9322449.0,49.918048101009035
13.57,-9535570.715126276,9320698.0,49.918031045935024
13.58,-9534960.329747627,9318949.0,49.91801404574647
13.59,-9534367.91916524,9317203.0,49.91799709741632
13.6,-9533793.630004304,9315457.0,49.917980197896725
13.61,-9533237.599745454,9313713.0,49.917963344114305
13.62,-9532699.959493633,9311970.0,49.917946533027916
13.63,-9532180.836810872,9310229.0,49.91792976164391
13.64,-9531680.359467963,9308489.0,49.91791302702093
13.65,-9531198.65060068,9306749.0,49.91789632620045
13.66,-9530735.824024893,9305009.0,49.91787965619322
13.67,-9530291.99025331,9303271.0,49.917863014084766
13.68,-9529867.257512528,9301532.0,49.917846396989255
13.69,-9529461.730198327,9299794.0,49.91782980203236
13.7,-9529075.504363867,9298054.0,49.91781322631929
13.71,-9528708.667869458,9296315.0,49.917796666968464
13.72,-9528361.308624731,9294576.0,49.91778012119515
13.73,-9528033.512821928,9292836.0,49.91776358623068
13.74,-9527725.357352288,9291094.0,49.917747059259895
13.75,-9527436.914968284,9289353.0,49.917730537532854
13.76,-9527168.257350318,9287610.0,49.91771401835594
13.77,-9526919.451342842,9285866.0,49.9176974990269
13.78,-9526690.56070868,9284121.0,49.917680976890146
13.79,-9526481.640536636,9282373.0,49.91766444926253
13.8,-9526292.739670131,9280625.0,49.91764791350366
13.81,-9526123.902572088,9278874.0,49.91763136701131
13.82,-9525975.167889351,9277122.0,49.91761480720012
13.83,-9525846.576416165,9275369.0,49.91759823158666
13.84,-9525738.164318306,9273612.0,49.917581637661954
13.85,-9525649.960614195,9271854.0,49.91756502292431
13.86,-9525581.990063408,9270093.0,49.91754838492229
13.87,-9525534.272358349,9268330.0,49.91753172122601
13.88,-9525506.826214716,9266565.0,49.917515029474046
13.89,-9525499.664012577,9264796.0,49.917498307292874
13.9,-9525512.790698024,9263025.0,49.917481552322194
13.91,-9525546.206443146,9261251.0,49.91746476225947
13.92,-9525599.911022276,9259475.0,49.91744793486524
13.93,-9525673.900392141,9257695.0,49.91743106791958
13.94,-9525768.164004311,9255912.0,49.91741415919949
13.95,-9525882.686042955,9254126.0,49.917397206530126
13.96,-9526017.447976407,9252337.0,49.91738020778798
13.97,-9526172.429633496,9250545.0,49.91736316090298
13.98,-9526347.60720536,9248749.0,49.91734606382
13.99,-9526542.947823139,9246949.0,49.91732891447244
14.0,-9526758.41620313,9245147.0,49.91731171087846
14.01,-9526993.977433527,9243341.0,49.91729445112723
14.02,-9527249.591733174,9241531.0,49.91727713330283
14.03,-9527525.212331448,9239717.0,49.91725975549818
14.04,-9527820.791833727,9237901.0,49.91724231590566
14.05,-9528136.28216341,9236080.0,49.917224812759116
14.06,-9528471.627779504,9234255.0,49.91720724426726
14.07,-9528826.76451886,9232426.0,49.91718960866776
14.08,-9529201.625045909,9230594.0,49.91717190427223
14.09,-9529596.141124805,9228758.0,49.91715412945718
14.1,-9530010.241794366,9226918.0,49.91713628262401
14.11,-9530443.851538388,9225074.0,49.91711836220443
14.12,-9530896.89067391,9223226.0,49.91710036666436
14.13,-9531369.274486758,9221374.0,49.91708229450657
14.14,-9531860.917778594,9219519.0,49.91706414431293
14.15,-9532371.728712058,9217658.0,49.91704591465234
14.16,-9532901.606572544,9215794.0,49.91702760410482
14.17,-9533450.447559424,9213926.0,49.9170092113379
14.18,-9534018.148369307,9212055.0,49.916990735099844
14.19,-9534604.604545586,9210179.0,49.91697217416669
14.2,-9535209.705347762,9208299.0,49.91695352731225
14.21,-9535833.334192539,9206415.0,49.916934793353775
14.22,-9536475.373882858,9204528.0,49.91691597119073
14.23,-9537135.70398599,9202636.0,49.916897059750305
14.24,-9537814.196552511,9200740.0,49.91687805795642
14.25,-9538510.720999306,9198841.0,49.91685896481478
14.26,-9539225.142052539,9196937.0,49.91683977935781
14.27,-9539957.32002192,9195030.0,49.91682050065311
14.28,-9540707.116888221,9193120.0,49.91680112787552
14.29,-9541474.392091595,9191205.0,49.916781660208734
14.3,-9542258.996599821,9189286.0,49.91676209681699
14.31,-9543060.77590851,9187364.0,49.916742436932175
14.32,-9543879.57190911,9185438.0,49.91672267984051
14.33,-9544715.224134784,9183509.0,49.91670282487939
14.34,-9545567.573402785,9181577.0,49.916682871467664
14.35,-9546436.455322515,9179640.0,49.916662819011584
14.36,-9547321.704899553,9177702.0,49.91664266700035
14.37,-9548223.152774336,9175758.0,49.916622414936526
14.38,-9549140.624642627,9173813.0,49.91660206235562
14.39,-9550073.94295401,9171863.0,49.91658160884424
14.4,-9551022.923998795,9169911.0,49.916561054006586
14.41,-9551987.383079642,9167956.0,49.91654039753329
14.42,-9552967.137587637,9165999.0,49.91651963918846
14.43,-9553962.003019841,9164038.0,49.916498778751894
14.44,-9554971.786707478,9162074.0,49.916477815985274
14.45,-9555996.291159028,9160108.0,49.91645675071529
14.46,-9557035.319691148,9158140.0,49.91643558285729
14.47,-9558088.673639782,9156169.0,49.916414312356515
14.48,-9559156.147626817,9154195.0,49.916392939146306
14.49,-9560237.533077834,9152220.0,49.91637146323256
14.5,-9561332.615708206,9150241.0,49.916349884630236
14.51,-9562441.177219875,9148262.0,49.91632820341346
14.52,-9563563.003213823,9146281.0,49.91630641976812
14.53,-9564697.875394268,9144297.0,49.91628453385305
14.54,-9565845.569394974,9142312.0,49.91626254585022
14.55,-9567005.86126197,9140326.0,49.916240456031964
14.56,-9568178.525233656,9138338.0,49.9162182646992
14.57,-9569363.332655111,9136349.0,49.916195972177796
14.58,-9570560.056987114,9134360.0,49.91617357888828
14.59,-9571768.472103424,9132369.0,49.91615108527855
14.6,-9572988.350184852,9130378.0,49.91612849182316
14.61,-9574219.459038256,9128385.0,49.9161057990075
14.62,-9575461.563454803,9126393.0,49.91608300737029
14.63,-9576714.424805112,9124399.0,49.91606011747746
14.64,-9577977.799607646,9122406.0,49.916037129923915
14.65,-9579251.442253504,9120412.0,49.91601404535276
14.66,-9580535.104375878,9118419.0,49.915990864448084
14.67,-9581828.538036002,9116426.0,49.915967587954704
14.68,-9583131.491964787,9114433.0,49.9159442166236
14.69,-9584443.712239983,9112441.0,49.91592075124655
14.7,-9585764.941255458,9110449.0,49.91589719263848
14.71,-9587094.919993086,9108459.0,49.91587354167136
14.72,-9588433.39212387,9106470.0,49.915849799289035
14.73,-9589780.104871092,9104483.0,49.91582596648931
14.74,-9591134.802923389,9102496.0,49.915802044262044
14.75,-9592497.22558078,9100511.0,49.91577803359261
14.76,-9593867.109820105,9098528.0,49.91575393552987
14.77,-9595244.195989432,9096548.0,49.91572975120564
14.78,-9596628.223886166,9094569.0,49.91570548176524
14.79,-9598018.93138967,9092593.0,49.915681128365115
14.8,-9599416.05371733,9090619.0,49.915656692196116
14.81,-9600819.323362596,9088648.0,49.91563217447202
14.82,-9602228.475788418,9086681.0,49.915607576493784
14.83,-9603643.246815007,9084716.0,49.915582899577785
14.84,-9605063.370513927,9082755.0,49.91555814505201
14.85,-9606488.57931937,9080797.0,49.91553331427798
14.86,-9607918.603113968,9078843.0,49.91550840863844
14.87,-9609353.171332568,9076893.0,49.91548342956052
14.88,-9610792.016324947,9074948.0,49.91545837853721
14.89,-9612234.869261809,9073006.0,49.915433257059306
14.9,-9613681.457170254,9071069.0,49.915408066614276
14.91,-9615131.511074051,9069138.0,49.91538280879123
14.92,-9616584.759850834,9067210.0,49.915357485163746
14.93,-9618040.932051964,9065289.0,49.915332097335444
14.94,-9619499.755960358,9063372.0,49.91530664694865
14.95,-9620960.960104352,9061462.0,49.91528113567684
14.96,-9622424.275824325,9059557.0,49.91525556523666
14.97,-9623889.431354878,9057658.0,49.915229937334885
14.98,-9625356.157004401,9055766.0,49.91520425373737
14.99,-9626824.184933947,9053880.0,49.9151785162413
15.0,-9628293.24357892,9052000.0,49.915152726620796
15.01,-9629763.061801326,9050128.0,49.91512688670226
15.02,-9631233.36837961,9048262.0,49.91510099833403
15.03,-9632703.891041327,9046404.0,49.915075063378026
15.04,-9634174.357487889,9044553.0,49.91504908372854
15.05,-9635644.495453103,9042710.0,49.915023061297546
15.06,-9637114.03452842,9040875.0,49.91499699803611
15.07,-9638582.704972489,9039048.0,49.914970895914315
15.08,-9640050.236859648,9037229.0,49.91494475690549
15.09,-9641516.360422967,9035419.0,49.914918583014526
15.1,-9642980.809931256,9033618.0,49.914892376295654
15.11,-9644443.319426809,9031825.0,49.91486613878932
15.12,-9645903.62261242,9030042.0,49.91483987255772
15.13,-9647361.456100266,9028268.0,49.914813579700926
15.14,-9648816.558281025,9026504.0,49.91478726234006
15.15,-9650268.66824709,9024749.0,49.91476092259685
15.16,-9651717.523117552,9023004.0,49.914734562585224
15.17,-9653162.858433658,9021269.0,49.91470818443747
15.18,-9654604.412316358,9019545.0,49.914681790328366
15.19,-9656041.928893385,9017832.0,49.91465538248988
15.2,-9657475.15483963,9016129.0,49.914628963145525
15.21,-9658903.836763611,9014437.0,49.91460253450375
15.22,-9660327.720638916,9012756.0,49.91457609878554
15.23,-9661746.555280158,9011087.0,49.91454965824932
15.24,-9663160.091610704,9009429.0,49.9145232151662
15.25,-9664568.081985518,9007783.0,49.91449677180827
15.26,-9665970.280936958,9006149.0,49.914470330472376
15.27,-9667366.44483967,9004527.0,49.914443893461794
15.28,-9668756.330434943,9002917.0,49.914417463072084
15.29,-9670139.695915705,9001320.0,49.91439104162044
15.3,-9671516.295916772,8999734.0,49.914364631383926
15.31,-9672885.88674998,8998163.0,49.914338234684045
15.32,-9674248.23022776,8996604.0,49.9143118538893
15.33,-9675603.087409794,8995058.0,49.914285491322225
15.34,-9676950.221964601,8993526.0,49.914259149334185
15.35,-9678289.399208577,8992007.0,49.914232830282224
15.36,-9679620.39021438,8990503.0,49.91420653655907
15.37,-9680942.970572855,8989012.0,49.91418027056475
15.38,-9682256.915675763,8987535.0,49.914154034659106
15.39,-9683562.000317577,8986072.0,49.914127831194754
15.4,-9684858.000632714,8984624.0,49.914101662546095
15.41,-9686144.698544947,8983191.0,49.91407553112804
15.42,-9687421.87859186,8981772.0,49.9140494393336
15.43,-9688689.324969258,8980368.0,49.91402338952972
15.44,-9689946.826831115,8978980.0,49.913997384127214
15.45,-9691194.178929918,8977607.0,49.91397142555415
15.46,-9692431.18174569,8976250.0,49.91394551624265
15.47,-9693657.63927891,8974908.0,49.91391965861125
15.48,-9694873.352677943,8973581.0,49.91389385501834
15.49,-9696078.124392867,8972271.0,49.91386810784347
15.5,-9697271.761370925,8970977.0,49.91384241950241
15.51,-9698454.073644113,8969699.0,49.913816792389234
15.52,-9699624.875078654,8968438.0,49.913791228908785
15.53,-9700783.983214563,8967193.0,49.913765731457545
15.54,-9701931.217053298,8965965.0,49.913740302416244
15.55,-9703066.396036575,8964753.0,49.91371494413684
15.56,-9704189.341472981,8963559.0,49.91368965898027
15.57,-9705299.880133621,8962382.0,49.913664449334426
15.58,-9706397.841588283,8961222.0,49.91363931755865
15.59,-9707483.055250008,8960079.0,49.91361426597749
15.6,-9708555.352483982,8958954.0,49.913589296916406
15.61,-9709614.569690444,8957847.0,49.91356441272542
15.62,-9710660.545867652,8956757.0,49.913539615720666
15.63,-9711693.123815846,8955686.0,49.913514908223775
15.64,-9712712.153680569,8954633.0,49.91349029258102
15.65,-9713717.490236403,8953598.0,49.91346577110865
15.66,-9714708.989651028,8952581.0,49.91344134608739
15.67,-9715686.507608807,8951582.0,49.913417019758164
15.68,-9716649.900335966,8950602.0,49.91339279435917
15.69,-9717599.02978826,8949641.0,49.91336867215102
15.7,-9718533.759904856,8948698.0,49.91334465535913
15.71,-9719453.95934918,8947775.0,49.91332074621405
15.72,-9720359.500837445,8946870.0,49.91329694693077
15.73,-9721250.257388277,8945984.0,49.913273259667626
15.74,-9722126.109903058,8945119.0,49.9132496866448
15.75,-9722986.947129129,8944272.0,49.913226230070634
15.76,-9723832.65730295,8943444.0,49.91320289206323
15.77,-9724663.129687853,8942636.0,49.91317967473651
15.78,-9725478.259819709,8941848.0,49.91315658022614
15.79,-9726277.95049172,8941080.0,49.91313361067324
15.8,-9727062.108125836,8940331.0,49.913110768171556
15.81,-9727830.640445717,8939602.0,49.9130880547707
15.82,-9728583.453801973,8938892.0,49.91306547247133
15.83,-9729320.459437445,8938204.0,49.91304302330975
15.84,-9730041.57583611,8937535.0,49.91302070932765
15.85,-9730746.722700955,8936886.0,49.912998532490626
15.86,-9731435.820045475,8936257.0,49.912976494731666
15.87,-9732108.791499825,8935649.0,49.91295459798826
15.88,-9732765.5692778,8935062.0,49.91293284422766
15.89,-9733406.08889879,8934494.0,49.912911235349235
15.9,-9734030.28959504,8933948.0,49.91288977323755
15.91,-9734638.117683204,8933422.0,49.91286845978495
15.92,-9735229.520313678,8932916.0,49.91284729680656
15.93,-9735804.44535878,8932431.0,49.91282628608845
15.94,-9736362.844890693,8931967.0,49.91280542942123
15.95,-9736904.67701553,8931524.0,49.91278472858956
15.96,-9737429.90264023,8931101.0,49.912764185323816
15.97,-9737938.482744198,8930699.0,49.91274380130707
15.98,-9738430.385502653,8930319.0,49.912723578253846
15.99,-9738905.585164813,8929959.0,49.91270351784984
16.0,-9739364.057453142,8929620.0,49.91268362171704
16.01,-9739805.780706609,8929302.0,49.91266389145622
16.02,-9740230.736570884,8929005.0,49.91264432864328
16.03,-9740638.909379646,8928729.0,49.91262493482668
16.04,-9741030.291004851,8928475.0,49.912605711565945
16.05,-9741404.882186035,8928242.0,49.91258666041746
16.06,-9741762.685201058,8928029.0,49.912567782850445
16.07,-9742103.700108605,8927837.0,49.91254908026278
16.08,-9742427.930725858,8927667.0,49.912530554066755
16.09,-9742735.386916995,8927518.0,49.91251220567461
16.1,-9743026.0829554,8927390.0,49.91249403645482
16.11,-9743300.035995705,8927283.0,49.91247604773522
16.12,-9743557.269841664,8927198.0,49.912458240845744
16.13,-9743797.811600192,8927133.0,49.912440617067226
16.14,-9744021.6877572,8927089.0,49.91242317760321
16.15,-9744228.929247305,8927067.0,49.91240592366824
16.16,-9744419.573288016,8927066.0,49.912388856475474
16.17,-9744593.6585512,8927085.0,49.91237197715417
16.18,-9744751.225337131,8927126.0,49.91235528680725
16.19,-9744892.324467802,8927189.0,49.912338786584904
16.2,-9745017.013209693,8927272.0,49.912322477587814
16.21,-9745125.346969362,8927375.0,49.91230636080002
16.22,-9745217.38139666,8927500.0,49.91229043719115
16.23,-9745293.178482175,8927646.0,49.91227470774772
16.24,-9745352.806002589,8927813.0,49.91225917342801
16.25,-9745396.333602462,8928000.0,49.912243835123775
16.26,-9745423.831658488,8928208.0,49.912228693675
16.27,-9745435.373560075,8928437.0,49.912213749914166
16.28,-9745431.038679387,8928687.0,49.91219900466415
16.29,-9745410.909935206,8928957.0,49.91218445869647
16.3,-9745375.069128191,8929247.0,49.91217011270294
16.31,-9745323.602521924,8929559.0,49.912155967391335
16.32,-9745256.6003974,8929890.0,49.912142023430874
16.33,-9745174.15370011,8930242.0,49.91212828142907
16.34,-9745076.360936143,8930615.0,49.912114742016534
16.35,-9744963.32744943,8931008.0,49.912101405798836
16.36,-9744835.162873589,8931421.0,49.91208827332348
16.37,-9744691.974588396,8931853.0,49.91207534505068
16.38,-9744533.87061951,8932306.0,49.912062621415444
16.39,-9744360.964255013,8932779.0,49.912050102864484
16.4,-9744173.374228584,8933272.0,49.912037789815514
16.41,-9743971.225358995,8933785.0,49.91202568266276
16.42,-9743754.644917235,8934317.0,49.91201378174089
16.43,-9743523.76217576,8934869.0,49.91200208734144
16.44,-9743278.708355464,8935440.0,49.91199059971821
16.45,-9743019.617028441,8936031.0,49.91197931909908
16.46,-9742746.62577537,8936641.0,49.911968245687916
16.47,-9742459.873573156,8937270.0,49.911957379633414
16.48,-9742159.504216462,8937919.0,49.91194672108218
16.49,-9741845.665131966,8938586.0,49.91193627013544
16.5,-9741518.503340334,8939272.0,49.91192602682712
16.51,-9741178.168360367,8939977.0,49.91191599117648
16.52,-9740824.814493524,8940701.0,49.91190616319235
16.53,-9740458.598897224,8941443.0,49.91189654283646
16.54,-9740079.678171672,8942203.0,49.91188712999885
16.55,-9739688.210750705,8942982.0,49.911877924556094
16.56,-9739284.362888671,8943780.0,49.91186892641279
16.57,-9738868.306285387,8944595.0,49.91186013541636
16.58,-9738440.21183007,8945428.0,49.91185155133948
16.59,-9738000.248686323,8946278.0,49.9118431738956
16.6,-9737548.588161591,8947147.0,49.911835002798945
16.61,-9737085.402799526,8948032.0,49.91182703771926
16.62,-9736610.867977422,8948936.0,49.911819278306126
16.63,-9736125.15843593,8949855.0,49.9118117241452
16.64,-9735628.449643858,8950793.0,49.911804374791146
16.65,-9735120.925548788,8951748.0,49.91179722984394
16.66,-9734602.769080373,8952718.0,49.91179028878857
16.67,-9734074.162602387,8953706.0,49.911783551072986
16.68,-9733535.29611595,8954711.0,49.911777016190165
16.69,-9732986.361350788,8955731.0,49.91177068355487
16.7,-9732427.550343579,8956768.0,49.911764552533576
16.71,-9731859.05526643,8957820.0,49.91175862245271
16.72,-9731281.073611574,8958890.0,49.91175289266035
16.73,-9730693.807975348,8959974.0,49.91174736247488
16.74,-9730097.46008609,8961074.0,49.9117420311314
16.75,-9729492.235701349,8962190.0,49.91173689787919
16.76,-9728878.345015436,8963321.0,49.91173196194368
16.77,-9728255.999990785,8964467.0,49.91172722250104
16.78,-9727625.410200978,8965627.0,49.91172267865494
16.79,-9726986.785729628,8966803.0,49.91171832950309
16.8,-9726340.336315451,8967992.0,49.911714174097035
16.81,-9725686.27214779,8969197.0,49.91171021147029
16.82,-9725024.805917803,8970415.0,49.91170644063792
16.83,-9724356.147580642,8971647.0,49.91170286053809
16.84,-9723680.510273688,8972894.0,49.911699470133556
16.85,-9722998.10758779,8974153.0,49.911696268328825
16.86,-9722309.153737945,8975427.0,49.911693254002024
16.87,-9721613.86772337,8976714.0,49.91169042604762
16.88,-9720912.470830662,8978014.0,49.91168778330715
16.89,-9720205.18538438,8979327.0,49.911685324589214
16.9,-9719492.235716933,8980653.0,49.91168304868488
16.91,-9718773.846120661,8981991.0,49.91168095433952
16.92,-9718050.237484114,8983341.0,49.911679040234944
16.93,-9717321.63058727,8984704.0,49.911677305052535
16.94,-9716588.24570094,8986078.0,49.911675747438075
16.95,-9715850.307997676,8987466.0,49.911674366066364
16.96,-9715108.047562588,8988864.0,49.911673159592205
16.97,-9714361.689659605,8990273.0,49.91167212655811
16.98,-9713611.458365059,8991694.0,49.91167126550604
16.99,-9712857.583686465,8993127.0,49.911670575023265
17.0,-9712100.295763357,8994569.0,49.91167005362086
17.01,-9711339.822871657,8996023.0,49.91166969977186
17.02,-9710576.391474554,8997486.0,49.91166951191864
17.03,-9709810.228951832,8998961.0,49.91166948850082
17.04,-9709041.565025367,9000445.0,49.91166962795493
17.05,-9708270.627831534,9001939.0,49.911669928655925
17.06,-9707497.6423202,9003442.0,49.91167038893792
17.07,-9706722.834918177,9004956.0,49.91167100715787
17.08,-9705946.438432232,9006479.0,49.91167178169359
17.09,-9705168.687390776,9008011.0,49.91167271087663
17.1,-9704389.813772801,9009551.0,49.911673792973424
17.11,-9703610.04546144,9011100.0,49.911675026214624
17.12,-9702829.611247048,9012658.0,49.911676408850866
17.13,-9702048.737294953,9014223.0,49.91167793907867
17.14,-9701267.650841553,9015798.0,49.91167961511189
17.15,-9700486.579682726,9017379.0,49.91168143513771
17.16,-9699705.750236329,9018969.0,49.91168339730886
17.17,-9698925.390671557,9020566.0,49.91168549979224
17.18,-9698145.731253855,9022171.0,49.91168774074441
17.19,-9697367.001841381,9023782.0,49.91169011828183
17.2,-9696589.427836625,9025400.0,49.911692630469
17.21,-9695813.237525027,9027026.0,49.911695275418964
17.22,-9695038.659744408,9028657.0,49.91169805120996
17.23,-9694265.915963978,9030294.0,49.91170095583616
17.24,-9693495.226532985,9031938.0,49.911703987315846
17.25,-9692726.814323673,9033588.0,49.911707143694294
17.26,-9691960.901032198,9035243.0,49.91171042297331
17.27,-9691197.707402306,9036904.0,49.911713823137426
17.28,-9690437.453563543,9038570.0,49.9117173421665
17.29,-9689680.357489817,9040241.0,49.91172097801288
17.3,-9688926.63584749,9041917.0,49.911724728620314
17.31,-9688176.501768406,9043597.0,49.91172859189841
17.32,-9687430.165466635,9045282.0,49.911732565746924
17.33,-9686687.839814521,9046972.0,49.91173664810744
17.34,-9685949.741430828,9048666.0,49.911740836926526
17.35,-9685216.084420415,9050363.0,49.911745130091035
17.36,-9684487.078201255,9052064.0,49.9117495254584
17.37,-9683762.93284815,9053769.0,49.91175402091289
17.38,-9683043.857497564,9055477.0,49.91175861433238
17.39,-9682330.059375301,9057188.0,49.911763303566595
17.4,-9681621.743277686,9058902.0,49.91176808645684
17.41,-9680919.113045929,9060619.0,49.91177296085117
17.42,-9680222.37036588,9062338.0,49.91177792457614
17.43,-9679531.715103406,9064060.0,49.9117829754589
17.44,-9678847.343418183,9065783.0,49.91178811129668
17.45,-9678169.45191326,9067510.0,49.91179332992486
17.46,-9677498.23757809,9069237.0,49.911798629170676
17.47,-9676833.891405988,9070966.0,49.91180400680322
17.48,-9676176.599973684,9072696.0,49.91180946059349
17.49,-9675526.548677409,9074428.0,49.91181498833132
17.5,-9674883.919620452,9076160.0,49.91182058779135
17.51,-9674248.894168286,9077894.0,49.91182625675799
17.52,-9673621.653458565,9079628.0,49.91183199302996
17.53,-9673002.374011714,9081362.0,49.91183779435838
17.54,-9672391.233929813,9083098.0,49.91184365855216
17.55,-9671788.40959444,9084832.0,49.91184958339146
17.56,-9671194.072413227,9086567.0,49.91185556662325
17.57,-9670608.390573064,9088301.0,49.911861606012366
17.58,-9670031.529259074,9090035.0,49.911867699319146
17.59,-9669463.651501032,9091768.0,49.911873844311266
17.6,-9668904.916799432,9093500.0,49.91188003874032
17.61,-9668355.484307041,9095232.0,49.91188628040032
17.62,-9667815.513795929,9096962.0,49.91189256708878
17.63,-9667285.159047863,9098690.0,49.91189889654792
17.64,-9666764.568693323,9100417.0,49.911905266532074
17.65,-9666253.889446024,9102142.0,49.911911674816054
17.66,-9665753.2648437,9103865.0,49.9119181191688
17.67,-9665262.839684302,9105587.0,49.91192459740987
17.68,-9664782.75638134,9107305.0,49.91193110732878
17.69,-9664313.149942486,9109021.0,49.91193764667779
17.7,-9663854.15513055,9110735.0,49.91194421326822
17.71,-9663405.9069181,9112446.0,49.91195080493161
17.72,-9662968.534959715,9114153.0,49.911957419453614
17.73,-9662542.16175453,9115857.0,49.911964054603246
17.74,-9662126.910377778,9117559.0,49.911970708228004
17.75,-9661722.902943054,9119256.0,49.911977378167045
17.76,-9661330.256895255,9120950.0,49.91198406223917
17.77,-9660949.0919506,9122641.0,49.91199075833523
17.78,-9660579.523035537,9124326.0,49.91199746429624
17.79,-9660221.654632678,9126007.0,49.91200417791078
17.8,-9659875.590270799,9127685.0,49.91201089705466
17.81,-9659541.430983394,9129357.0,49.912017619602025
17.82,-9659219.276384717,9131026.0,49.91202434345189
17.83,-9658909.226090442,9132689.0,49.91203106652626
17.84,-9658611.374303617,9134347.0,49.91203778671073
17.85,-9658325.811054409,9136000.0,49.91204450191395
17.86,-9658052.621049605,9137647.0,49.912051210037056
17.87,-9657791.884000871,9139289.0,49.91205790899382
17.88,-9657543.679854639,9140926.0,49.91206459675898
17.89,-9657308.085430246,9142556.0,49.91207127128885
17.9,-9657085.173386078,9144181.0,49.91207793054773
17.91,-9656875.016995726,9145800.0,49.9120845725533
17.92,-9656677.68564738,9147412.0,49.912091195302594
17.93,-9656677.68564738,9149018.0,49.912091195302594
17.94,-9656498.897513287,9150433.0,49.91209785346594
17.95,-9656346.937327625,9152033.0,49.91210458354568
17.96,-9656225.932760762,9153612.0,49.91211136116483
17.97,-9656137.047763549,9155167.0,49.91211816563222
17.98,-9656079.338538986,9156696.0,49.91212497870915
17.99,-9656050.391873762,9158200.0,49.91213178397997
18.0,-9656046.815430798,9159680.0,49.91213856653666
18.01,-9656064.630745603,9161141.0,49.912145312922426
18.02,-9656099.594780115,9162586.0,49.9121520111691
18.03,-9656147.46102257,9164020.0,49.912158650844404
18.04,-9656204.193030318,9165447.0,49.91216522312918
18.05,-9656266.12887074,9166870.0,49.912171720805674
18.06,-9656330.106308913,9168293.0,49.91217813825445
18.07,-9656393.557304978,9169720.0,49.912184471487755
18.08,-9656454.562398223,9171151.0,49.91219071801179
18.09,-9656511.878439844,9172591.0,49.91219687676979
18.1,-9656564.945932997,9174040.0,49.912202948071915
18.11,-9656613.860600017,9175498.0,49.91220893335032
18.12,-9656659.319971751,9176964.0,49.91221483492001
18.13,-9656702.560949909,9178440.0,49.91222065586671
18.14,-9656745.277777884,9179921.0,49.91222639977805
18.15,-9656789.527950691,9181408.0,49.91223207051075
18.16,-9656837.636633739,9182897.0,49.91223767201841
18.17,-9656892.096738076,9184387.0,49.912243208147245
18.18,-9656955.478033451,9185876.0,49.91224868253863
18.19,-9657030.33591974,9187360.0,49.912254098430495
18.2,-9657119.11512666,9188835.0,49.912259458425204
18.21,-9657224.073232368,9190301.0,49.912264764466066
18.22,-9657347.219264194,9191754.0,49.912270017801
18.23,-9657490.262404833,9193193.0,49.912275218928215
18.24,-9657654.578579651,9194616.0,49.9122803676229
18.25,-9657841.1822622,9196020.0,49.91228546288297
18.26,-9658050.72174656,9197407.0,49.91229050305304
18.27,-9658283.48341385,9198773.0,49.91229548586482
18.28,-9658539.405756228,9200120.0,49.91230040849455
18.29,-9658818.109109106,9201447.0,49.9123052677097
18.3,-9659118.924718894,9202753.0,49.91231005987803
18.31,-9659440.933287824,9204040.0,49.912314781099845
18.32,-9659783.016951263,9205309.0,49.91231942738352
18.33,-9660143.909277776,9206560.0,49.91232399470983
18.34,-9660522.24493917,9207795.0,49.912328479129734
18.35,-9660916.617084421,9209016.0,49.912332876916246
18.36,-9661325.621750575,9210222.0,49.91233718456511
18.37,-9661747.899022497,9211416.0,49.912341398848945
18.38,-9662182.174580164,9212599.0,49.91234551692611
18.39,-9662627.294510981,9213772.0,49.912349536353155
18.4,-9663082.250235913,9214936.0,49.9123534550951
18.41,-9663546.19882419,9216092.0,49.91235727153299
18.42,-9664018.471105846,9217240.0,49.91236098442901
18.43,-9664498.57991743,9218382.0,49.9123645929415
18.44,-9664986.214747654,9219516.0,49.912368096547695
18.45,-9665481.239388736,9220646.0,49.912371495076144
18.46,-9665983.683198458,9221769.0,49.9123747886674
18.47,-9666493.715699527,9222885.0,49.912377977606965
18.48,-9667011.627098057,9223995.0,49.91238106234232
18.49,-9667537.802883098,9225097.0,49.912384043409645
18.5,-9668072.702635963,9226193.0,49.91238692142561
18.51,-9668616.835310029,9227280.0,49.91238969702411
18.52,-9669170.728749871,9228358.0,49.91239237074415
18.53,-9669734.906428242,9229427.0,49.91239494304994
18.54,-9670309.871533033,9230487.0,49.91239741434504
18.55,-9670896.08263772,9231535.0,49.912399784862636
18.56,-9671493.932616452,9232572.0,49.91240205463129
18.57,-9672103.739986634,9233598.0,49.91240422355303
18.58,-9672725.737552052,9234611.0,49.912406291347665
18.59,-9673360.065406011,9235612.0,49.91240825755796
18.6,-9674006.769217223,9236600.0,49.912410121582894
18.61,-9674665.799936643,9237575.0,49.91241188267191
18.62,-9675337.022051971,9238538.0,49.91241353999783
18.63,-9676020.218273273,9239487.0,49.91241509263084
18.64,-9676715.097934853,9240424.0,49.91241653957089
18.65,-9677421.308951702,9241348.0,49.91241787979899
18.66,-9678138.445988176,9242259.0,49.912419112249474
18.67,-9678866.06651144,9243159.0,49.9124202359057
18.68,-9679603.703181194,9244046.0,49.91242124978787
18.69,-9680350.874276038,9244922.0,49.91242215295932
18.7,-9681107.09898975,9245787.0,49.912422944597026
18.71,-9681871.907922024,9246641.0,49.91242362397416
18.72,-9682644.854222197,9247485.0,49.9124241904868
18.73,-9683425.522652224,9248319.0,49.912424643670846
18.74,-9684213.535651857,9249143.0,49.91242498317881
18.75,-9685008.554119129,9249957.0,49.91242520876151
18.76,-9685810.285315689,9250763.0,49.91242532033295
18.77,-9686618.48771442,9251560.0,49.91242531797258
18.78,-9687432.968564685,9252348.0,49.91242520185774
18.79,-9688253.578203024,9253127.0,49.91242497224677
18.8,-9689080.20115814,9253896.0,49.912424629425146
18.81,-9689912.755553342,9254658.0,49.91242417378592
18.82,-9690751.189657995,9255410.0,49.91242360579681
18.83,-9691595.478202209,9256155.0,49.912422925996005
18.84,-9692445.616060842,9256890.0,49.912422134966235
18.85,-9693301.601949094,9257615.0,49.91242123321673
18.86,-9694163.430625144,9258331.0,49.9124202212397
18.87,-9695031.099319726,9259040.0,49.912419099629005
18.88,-9695904.600505207,9259738.0,49.91241786896931
18.89,-9696783.907181531,9260426.0,49.91241652973276
18.9,-9697668.975335125,9261106.0,49.91241508241916
18.91,-9698559.739451814,9261775.0,49.91241352750134
18.92,-9699456.112463541,9262436.0,49.91241186544138
18.93,-9700357.988373388,9263087.0,49.912410096721075
18.94,-9701265.236396441,9263728.0,49.912408221764665
18.95,-9702177.698562285,9264359.0,49.91240624095158
18.96,-9703095.193352116,9264981.0,49.91240415466627
18.97,-9704017.521339612,9265594.0,49.91240196333294
18.98,-9704944.466116192,9266197.0,49.91239966736723
18.99,-9705875.799093721,9266792.0,49.91239726722182
19.0,-9706811.282894652,9267377.0,49.912394763371225
19.01,-9707750.67269921,9267954.0,49.912392156314475
19.02,-9708693.718108865,9268521.0,49.912389446562536
19.03,-9709640.163646841,9269080.0,49.91238663464305
19.04,-9710589.757408828,9269631.0,49.91238372116849
19.05,-9711542.250788571,9270173.0,49.91238070677681
19.06,-9712497.402134746,9270708.0,49.91237759216836
19.07,-9713454.982183494,9271235.0,49.91237437812294
19.08,-9714414.771526465,9271754.0,49.91237106544417
19.09,-9715376.558186451,9272265.0,49.912367654952014
19.1,-9716340.135471826,9272768.0,49.91236414747659
19.11,-9717305.306606876,9273265.0,49.91236054393217
19.12,-9718271.886524351,9273754.0,49.912356845287256
19.13,-9719239.697394017,9274236.0,49.912353052516195
19.14,-9720208.568356924,9274711.0,49.912349166629646
19.15,-9721178.334461143,9275179.0,49.912345188661774
19.16,-9722148.837988216,9275641.0,49.9123411196997
19.17,-9723119.923799375,9276095.0,49.91233696082287
19.18,-9724091.435638882,9276543.0,49.912332713106935
19.19,-9725063.216872996,9276984.0,49.91232837765124
19.2,-9726035.109635178,9277419.0,49.912323955571416
19.21,-9727006.95294344,9277847.0,49.912319447986235
19.22,-9727978.581553828,9278269.0,49.91231485601476
19.23,-9728949.823044473,9278684.0,49.91231018076665
19.24,-9729920.501160849,9279094.0,49.91230542338176
19.25,-9730890.435408326,9279497.0,49.91230058500991
19.26,-9731859.4452596,9279896.0,49.91229566684961
19.27,-9732827.34992773,9280288.0,49.912290670119866
19.28,-9733793.96107242,9280674.0,49.91228559598106
19.29,-9734759.081585564,9281054.0,49.91228044557784
19.3,-9735722.511724928,9281430.0,49.91227522011544
19.31,-9736684.051616121,9281800.0,49.91226992083177
19.32,-9737643.502963008,9282166.0,49.91226454899056
19.33,-9738600.663525231,9282525.0,49.91225910582156
19.34,-9739555.328876093,9282881.0,49.9122535925715
19.35,-9740507.302826641,9283233.0,49.91224801059694
19.36,-9741456.390267244,9283579.0,49.912242361215995
19.37,-9742402.397057446,9283922.0,49.91223664575619
19.38,-9743345.131682103,9284260.0,49.912230865572354
19.39,-9744284.401668975,9284594.0,49.912225021999376
19.4,-9745220.013359496,9284924.0,49.91221911638384
19.41,-9746151.772248847,9285250.0,49.91221315007214
19.42,-9747079.484523565,9285573.0,49.912207124441025
19.43,-9748002.96549824,9285894.0,49.912201040956695
19.44,-9748922.030578708,9286209.0,49.91219490102266
19.45,-9749836.493781684,9286523.0,49.91218870603876
19.46,-9750746.176622096,9286834.0,49.91218245749267
19.47,-9751650.89992694,9287141.0,49.91217615681877
19.48,-9752550.483093724,9287446.0,49.91216980544379
19.49,-9753444.748760752,9287749.0,49.91216340485073
19.5,-9754333.521391569,9288049.0,49.912156956516654
19.51,-9755216.625342993,9288347.0,49.9121504619081
19.52,-9756093.889880557,9288644.0,49.91214392254929
19.53,-9756965.147026272,9288938.0,49.91213733995607
19.54,-9757830.229514975,9289231.0,49.912130715635506
19.55,-9758688.975982688,9289523.0,49.91212405114993
19.56,-9759541.224485924,9289812.0,49.912117348015464
19.57,-9760386.81244412,9290101.0,49.912110607749554
19.58,-9761225.578633424,9290388.0,49.91210383188941
19.59,-9762057.363532871,9290675.0,49.91209702198471
19.6,-9762882.016338717,9290962.0,49.912090179656595
19.61,-9763699.385413468,9291246.0,49.91208330645248
19.62,-9764509.320279097,9291532.0,49.9120764039427
19.63,-9765311.674754934,9291816.0,49.91206947372587
19.64,-9766106.300073938,9292100.0,49.91206251734738
19.65,-9766893.051601294,9292385.0,49.91205553641201
19.66,-9767671.78696499,9292669.0,49.91204853251628
19.67,-9768442.3609335,9292953.0,49.912041507207036
19.68,-9769204.632646555,9293239.0,49.91203446209671
19.69,-9769958.464088198,9293524.0,49.91202739879016
19.7,-9770703.723000843,9293812.0,49.912020318925606
19.71,-9771440.277771654,9294098.0,49.91201322410161
19.72,-9772167.99532635,9294387.0,49.91200611589287
19.73,-9772886.74904721,9294677.0,49.91199899594449
19.74,-9773596.41041297,9294967.0,49.9119918658331
19.75,-9774296.855889952,9295261.0,49.911984727193385
19.76,-9774987.964323793,9295554.0,49.91197758163919
19.77,-9775669.611760315,9295850.0,49.9119704307357
19.78,-9776341.678505326,9296148.0,49.911963276103215
19.79,-9777004.047768194,9296448.0,49.911956119357335
19.8,-9777656.604700914,9296750.0,49.911948962098975
19.81,-9778299.23429504,9297054.0,49.91194180590664
19.82,-9778931.827080376,9297362.0,49.91193465240945
19.83,-9779554.276688963,9297671.0,49.91192750321776
19.84,-9780166.478780579,9297984.0,49.91192035992748
19.85,-9780768.336176997,9298300.0,49.91191322418041
19.86,-9781359.756429927,9298619.0,49.91190609760688
19.87,-9781940.64590675,9298940.0,49.91189898177794
19.88,-9782510.909844935,9299265.0,49.911891878250806
19.89,-9783070.45821915,9299594.0,49.91188478863264
19.9,-9783619.208203837,9299927.0,49.9118777145579
19.91,-9784157.081342293,9300263.0,49.91187065763163
19.92,-9784684.003614862,9300604.0,49.91186361946794
19.93,-9785199.905222377,9300948.0,49.91185660166933
19.94,-9785704.714499494,9301296.0,49.91184960578558
19.95,-9786198.362526128,9301649.0,49.91184263338958
19.96,-9786680.78718052,9302007.0,49.91183568609625
19.97,-9787151.927172963,9302368.0,49.911828765462424
19.98,-9787611.718799885,9302734.0,49.91182187299588
19.99,-9788060.098331435,9303105.0,49.91181501022657
20.0,-9788497.009704648,9303482.0,49.911808178729366
20.01,-9788910.5448288,9303863.0,49.911801261223964
20.02,-9789141.112331882,9304261.0,49.91179275224548
20.03,-9788666.549551485,9304836.0,49.91177865866977
20.04,-9786456.802874502,9306109.0,49.911752694788284
20.05,-9780901.453424996,9309112.0,49.91170663933172
20.06,-9769799.580514524,9315455.0,49.91163073246378
20.07,-9750402.045706833,9327337.0,49.91151410430737
20.08,-9719496.55805,9347510.0,49.911345223404254
20.09,-9673526.024942825,9379184.0,49.91111235155415
20.1,-9608730.927643554,9425918.0,49.910803991485345
20.11,-9521306.820128335,9491470.0,49.91040931438245
20.12,-9407568.545717021,9579645.0,49.90991855529268
20.13,-9264113.430195397,9694129.0,49.90932336610512
20.14,-9087976.483316468,9838326.0,49.9086171173226
20.15,-8876771.518096197,10015200.0,49.907795141644655
20.16,-8628813.10228073,10227130.0,49.90685491471126
20.17,-8343215.3296860345,10475820.0,49.90579617056676
20.18,-8019964.4093243405,10762130.0,49.904620950523096
20.19,-7659963.161914314,11086100.0,49.90333358666199
20.2,-7265046.574230394,11446810.0,49.90194062298136
20.21,-6837968.529526783,11842430.0,49.90045067841877
20.22,-6382359.512887239,12270210.0,49.89887424510782
20.23,-5902655.280931236,12726520.0,49.89722341968034
20.24,-5403998.618828083,13206910.0,49.89551158523821
20.25,-4892119.717018182,13706260.0,49.893753079265174
20.26,-4373201.646856358,14218820.0,49.89196286596142
20.27,-3853737.0280785346,14738420.0,49.89015622095864
20.28,-3340380.961192935,15258570.0,49.888348429987175
20.29,-3000000.0,15772600.0,49.88655450462949
20.3,-3000000.0,16113660.0,49.88478261179443
20.31,-3000000.0,16114340.0,49.88302314427544
20.32,-3000000.0,16115010.0,49.881260112202256
20.33,-3000000.0,16115690.0,49.879484791968366
20.34,-3000000.0,16116360.0,49.87769410366017
20.35,-3000000.0,16117040.0,49.87588934459118
20.36,-3000000.0,16117710.0,49.874075171202385
20.37,-3000000.0,16118390.0,49.87225876310451
20.38,-3000000.0,16119070.0,49.87044912346507
20.39,-3000000.0,16119760.0,49.86865648223288
20.4,-3000000.0,16120440.0,49.86689177709122
20.41,-3000000.0,16121130.0,49.8651661938216
20.42,-3000000.0,16121830.0,49.86349075218252
20.43,-3000000.0,16122530.0,49.86187592717691
20.44,-3000000.0,16123230.0,49.860331298440585
20.45,-3000000.0,16123940.0,49.85886522230402
20.46,-3000000.0,16124660.0,49.85748452095059
20.47,-3000000.0,16125390.0,49.8561941654651
20.48,-3000000.0,16126120.0,49.85499695420634
20.49,-3000000.0,16126860.0,49.85389320359338
20.5,-3000000.0,16127600.0,49.85288045620748
20.51,-3000000.0,16128360.0,49.85195331375849
20.52,-3000000.0,16129130.0,49.85110444303158
20.53,-3000000.0,16129900.0,49.85032579072602
20.54,-3000000.0,16130680.0,49.849608797405175
20.55,-3000000.0,16131480.0,49.84894450073296
20.56,-3000000.0,16132280.0,49.848323633620886
20.57,-3000000.0,16133100.0,49.8477367187936
20.58,-3000000.0,16133930.0,49.847174160444865
20.59,-3000000.0,16134770.0,49.84662633351603
20.6,-3000000.0,16135620.0,49.84608367053247
20.61,-3000000.0,16136490.0,49.84553674587268
20.62,-3000000.0,16137360.0,49.84497635723388
20.63,-3000000.0,16138260.0,49.84439360397651
20.64,-3000000.0,16139160.0,49.84377996210797
20.65,-3000000.0,16140080.0,49.843127355539394
20.66,-3000000.0,16141010.0,49.84242822307437
20.67,-3000000.0,16141960.0,49.841675580924225
20.68,-3000000.0,16142930.0,49.84086308037211
20.69,-3000000.0,16143900.0,49.83998505986704
20.7,-3000000.0,16144900.0,49.8390365913914
20.71,-3013085.527637969,16145910.0,49.8380135205388
20.72,-3052644.031852017,16133850.0,49.83691197558188
20.73,-3053477.158207545,16095340.0,49.83572745664579
20.74,-3015104.258089956,16095560.0,49.834457221411434
20.75,-3000000.0,16135010.0,49.83310246239574
20.76,-3000000.0,16151210.0,49.831665137882524
20.77,-3000000.0,16152330.0,49.830145990714634
20.78,-3000000.0,16153460.0,49.8285458580912
20.79,-3000000.0,16154610.0,49.82686635063317
20.8,-3000000.0,16155780.0,49.82510982693144
20.81,-3000000.0,16156960.0,49.82327936564592
20.82,-3000000.0,16158170.0,49.82137873388742
20.83,-3000000.0,16159400.0,49.81941235128647
20.84,-3000000.0,16160650.0,49.817385249484026
20.85,-3000000.0,16161910.0,49.815303022767395
20.86,-3000000.0,16163200.0,49.81317174883895
20.87,-3000000.0,16164510.0,49.810997895329145
20.88,-3000000.0,16165840.0,49.80878823456084
20.89,-3000000.0,16167190.0,49.806549769084405
20.9,-3000000.0,16168560.0,49.80428966548423
20.91,-3000000.0,16169960.0,49.80201519500712
20.92,-3000000.0,16171370.0,49.799733679909295
20.93,-3000000.0,16172810.0,49.79745244480564
20.94,-3000000.0,16174270.0,49.79517877244713
20.95,-3000000.0,16175760.0,49.79291986326668
20.96,-3000000.0,16177270.0,49.7906827983664
20.97,-3000000.0,16178800.0,49.78847450563625
20.98,-3000000.0,16180350.0,49.78630172862094
20.99,-3000000.0,16181930.0,49.78417099795555
21.0,-3000000.0,16183540.0,49.782088605087125
21.01,-3000000.0,16185160.0,49.780060557584065
21.02,-3000000.0,16186820.0,49.778092509609415
21.03,-3000000.0,16188500.0,49.77618969553835
21.04,-3000000.0,16190200.0,49.77435688578928
21.05,-3000000.0,16191930.0,49.772598358273775
21.06,-3000000.0,16193680.0,49.77091788119693
21.07,-3000000.0,16195460.0,49.76931870432235
21.08,-3000000.0,16197270.0,49.76780355683888
21.09,-3000000.0,16199100.0,49.76637465054207
21.1,-3000000.0,16200960.0,49.765033687517295
21.11,-3000000.0,16202850.0,49.76378187149385
21.12,-3000000.0,16204770.0,49.76261992244598
21.13,-3000000.0,16206710.0,49.76154809415537
21.14,-3000000.0,16208680.0,49.760566194139905
21.15,-3000000.0,16210670.0,49.759673605655045
21.16,-3000000.0,16212700.0,49.75886930585586
21.17,-3000000.0,16214750.0,49.75815185996191
21.18,-3000000.0,16216830.0,49.75751940545972
21.19,-3000000.0,16218940.0,49.756969646096074
21.2,-3000000.0,16221080.0,49.75649985699478
21.21,-3000000.0,16223250.0,49.756106898511355
21.22,-3000000.0,16225440.0,49.75578723730491
21.23,-3000000.0,16227670.0,49.75553697333375
21.24,-3000000.0,16229920.0,49.75535187181511
21.25,-3000000.0,16232210.0,49.7552273993191
21.26,-3000000.0,16234520.0,49.75515876312493
21.27,-3000000.0,16236860.0,49.755140953138145
21.28,-3000000.0,16239230.0,49.75516878584454
21.29,-3000000.0,16241640.0,49.75523694943125
21.3,-3000000.0,16244070.0,49.75534004954596
21.31,-3000000.0,16246530.0,49.755472655258274
21.32,-3454932.9812062574,16249020.0,49.755629344431505
21.33,-3908035.704479746,15796610.0,49.75578685014767
21.34,-4339899.827831136,15346060.0,49.75590951084641
21.35,-4742751.598309423,14916780.0,49.755969312787265
21.36,-5108740.664923611,14516540.0,49.7559454024898
21.37,-5430695.330758441,14153200.0,49.75582332889792
21.38,-5702650.546073784,13833920.0,49.75559445367329
21.39,-5920196.940721918,13564670.0,49.75525543066031
21.4,-6080685.047708242,13349860.0,49.754807692501686
21.41,-6183309.927848721,13192140.0,49.75425690884728
21.42,-6229096.01112008,13092310.0,49.75361240039307
21.43,-6220797.566472331,13049350.0,49.7528864939565
21.44,-6162726.128139394,13060500.0,49.752093799611934
21.45,-6060520.425631182,13121460.0,49.751250466901695
21.46,-5920877.696551933,13226580.0,49.7503734791757
21.47,-5751263.2408198,13369170.0,49.74948000089502
21.48,-5559612.595132014,13541760.0,49.748586786038814
21.49,-5354038.678492764,13736420.0,49.747709656827105
21.5,-5142554.420083312,13945020.0,49.7468630610806
21.51,-4932819.550399473,14159570.0,49.746059714158484
21.52,-4731918.407125053,14372400.0,49.74531032857946
21.53,-4546173.855937272,14576420.0,49.74462343222092
21.54,-4380998.0937016625,14765310.0,49.74400524706862
21.55,-4240778.656526166,14933670.0,49.74345961032708
21.56,-4128801.005323745,15077090.0,49.74298796932312
21.57,-4047210.418653853,15192300.0,49.742589471428566
21.58,-3997013.3094526236,15277160.0,49.74226113353105
21.59,-3978116.016410523,15330650.0,49.741998075666665
21.6,-3989397.5913436427,15352860.0,49.741793804085205
21.61,-4028811.968563975,15344930.0,49.74164052933966
21.62,-4093514.1438556635,15308890.0,49.74152950574865
21.63,-4180004.5176108456,15247600.0,49.74145137918867
21.64,-4284285.379317171,15164540.0,49.741396531308666
21.65,-4402023.55027871,15063720.0,49.74135540942138
21.66,-4528713.427507019,14949470.0,49.74131883238685
21.67,-4659835.095944116,14826290.0,49.74127826461918
21.68,-4791002.68287326,14698720.0,49.74122605138908
21.69,-4918098.767658973,14571120.0,49.741155610332555
21.7,-5037391.408570038,14447620.0,49.74106157605205
21.71,-5145631.098830368,14331960.0,49.74093989583098
21.72,-5240125.759008339,14227370.0,49.74078787618418
21.73,-5318792.7172317635,14136560.0,49.74060418191385
21.74,-5380187.437485,14061600.0,49.74038879061739
21.75,-5423509.506860328,14003940.0,49.74014290672207
21.76,-5448587.098624141,13964380.0,49.7398688402928
21.77,-5455841.784474026,13943090.0,49.73956985707781
21.78,-5446236.09171101,13939650.0,49.73925000643316
21.79,-5421206.63180374,13953100.0,49.73891393438538
21.8,-5382585.939419091,13981990.0,49.73856668908414
21.81,-5332516.35274601,14024510.0,49.738213525793974
21.82,-5273359.322068733,14078500.0,49.737859718030414
21.83,-5207603.449666537,14141600.0,49.73751038058419
21.84,-5137774.430373352,14211330.0,49.73717030994291
21.85,-5066349.772177382,14285150.0,49.736843846153
21.86,-4995680.81659216,14360600.0,49.73653475921766
21.87,-4927924.180641667,14435310.0,49.736246162315055
21.88,-4864984.263454752,14507140.0,49.73598045273667
21.89,-4808467.964909356,14574180.0,49.7357392804455
21.9,-4759652.289703803,14634810.0,49.73552354350786
21.91,-4719465.02836957,14687770.0,49.73533340861418
21.92,-4688478.241451012,14732130.0,49.73516835410507
21.93,-4666913.8672028575,14767310.0,49.735027232475346
21.94,-4654660.426106155,14793090.0,49.73490834898768
21.95,-4651299.492553854,14809580.0,49.73480955258135
21.96,-4656140.382930692,14817200.0,49.73472833528981
21.97,-4668261.342291802,14816650.0,49.73466193626642
21.98,-4686555.423912181,14808840.0,49.73460744669053
21.99,-4709779.238785496,14794880.0,49.73456191219876
22.0,-4736602.782622289,14776010.0,49.73452242960615
22.01,-4765658.641482686,14753570.0,49.73448623522003
22.02,-4795589.018021339,14728910.0,49.73445078248121
22.03,-4825089.207343156,14703400.0,49.7344138072214
22.04,-4852946.351843993,14678350.0,49.73437337918153
22.05,-4878072.545298087,14654960.0,49.73432793915232
22.06,-4899531.599830128,14634330.0,49.73427632146992
22.07,-4916559.058073302,14617380.0,49.734217762295536
22.08,-4928575.276565776,14604890.0,49.73415189438686
22.09,-4935191.614898665,14597420.0,49.73407872922499
22.1,-4936210.015937327,14595380.0,49.733998628145756
22.11,-4931616.466801735,14598960.0,49.733912264363376
22.12,-4921568.967920345,14608180.0,49.73382057746552
22.13,-4906380.775098806,14622860.0,49.73372472242672
22.14,-4886499.8112425,14642710.0,49.73362601546302
22.15,-4862485.181056358,14667270.0,49.73352587850405
22.16,-4834981.752889253,14695990.0,49.733425784221566
22.17,-4804693.774369293,14728210.0,49.73332720341634
22.18,-4772358.456935249,14763240.0,49.73323155637323
22.19,-4738720.391144088,14800330.0,49.73314016944271
22.2,-4704507.560990955,14838750.0,49.733054237825904
22.21,-4670409.624700353,14877760.0,49.732974795379384
22.22,-4637059.011431705,14916670.0,49.732902691997175
22.23,-4605015.247249178,14954860.0,49.73283857865599
22.24,-4574752.769546958,14991760.0,49.73278289994929
22.25,-4546652.369621711,15026900.0,49.732735893830395
22.26,-4520996.284880429,15059890.0,49.73269759819141
22.27,-4497966.820593723,15090450.0,49.73266786332807
22.28,-4477648.267836977,15118410.0,49.73264636938081
22.29,-4460031.8345932625,15143680.0,49.732632648156724
22.3,-4445023.183803739,15166250.0,49.73262610789028
22.31,-4432452.136985188,15186240.0,49.73262606006153
22.32,-4422084.069404533,15203810.0,49.732631747285936
22.33,-4413632.492371149,15219200.0,49.73264237116968
22.34,-4406772.336086689,15232680.0,49.73265711941441
22.35,-4401153.445328433,15244590.0,49.732675191193785
22.36,-4396413.835492594,15255270.0,49.7326958201683
22.37,-4392192.307650205,15265090.0,49.73271829465042
22.38,-4388140.071669979,15274410.0,49.732741974492924
22.39,-4383931.076422712,15283580.0,49.73276630434949
22.4,-4379270.81246643,15292920.0,49.732790823146715
22.41,-4373903.433467076,15302730.0,49.73281516989358
22.42,-4367617.106800323,15313260.0,49.7328390859591
22.43,-4360247.549782641,15324720.0,49.73286241381004
22.44,-4351679.784356874,15337280.0,49.732885092716536
22.45,-4341848.207544402,15351060.0,49.73290715186102
22.46,-4330735.092439413,15366110.0,49.732928701048415
22.47,-4318367.700122979,15382460.0,49.73294991969815
22.48,-4304814.199347095,15400080.0,49.73297104452773
22.49,-4290178.626384478,15418900.0,49.73299235648108
22.5,-4274595.1079973765,15438820.0,49.733014167263335
22.51,-4258221.59474651,15459700.0,49.733036806015654
22.52,-4241233.338349868,15481380.0,49.733060606533996
22.53,-4223816.340491621,15503690.0,49.73308589537721
22.54,-4206160.972329257,15526440.0,49.7331129810873
22.55,-4188455.9483741,15549450.0,49.733142144797235
22.56,-4170882.825827564,15572520.0,49.73317363254355
22.57,-4153611.1391075156,15595470.0,49.73320764908315
22.58,-4136794.275637391,15618130.0,49.73324435351776
22.59,-4120566.1608229964,15640350.0,49.733283856629036
22.6,-4105038.7723247553,15661990.0,49.73332621971535
22.61,-4090300.5008720006,15682950.0,49.73337145503815
22.62,-4076415.3500009966,15703120.0,49.73341952778807
22.63,-4063422.9198901,15722460.0,49.73347035915788
22.64,-4051339.0969023956,15740920.0,49.73352383030509
22.65,-4040157.395376454,15758480.0,49.73357978734877
22.66,-4029850.8497443646,15775150.0,49.733638046905796
22.67,-4020374.3439707733,15790960.0,49.73369840189939
22.68,-4011667.3008083575,15805940.0,49.73376062780356
22.69,-4003656.6162425396,15820170.0,49.73382448885023
22.7,-3996259.716004334,15833720.0,49.73388974389838
22.71,-3989387.6592163225,15846660.0,49.73395615218708
22.72,-3982948.198207242,15859080.0,49.73402347867788
22.73,-3976848.704158345,15871090.0,49.73409149878915
22.74,-3970998.8806135235,15882760.0,49.73416000243608
22.75,-3965313.2173498757,15894200.0,49.734228797484434
22.76,-3959713.1377860704,15905480.0,49.734297712498446
22.77,-3954128.786323468,15916690.0,49.73436659858269
22.78,-3948500.4519165037,15927890.0,49.734435330645944
22.79,-3942779.6162978713,15939150.0,49.73450380795286
22.8,-3936929.607792381,15950500.0,49.73457195384394
22.81,-3930925.8814410428,15962000.0,49.73463971487849
22.82,-3924755.9514537486,15973660.0,49.734707059515955
22.83,-3918418.9968904536,15985490.0,49.73477397623994
22.84,-3911925.154458844,15997500.0,49.73484047109222
22.85,-3905294.55834046,16009670.0,49.73490656504069
22.86,-3898556.163231648,16021990.0,49.734972291066384
22.87,-3891746.392462112,16034430.0,49.7350376910588
22.88,-3884907.662790101,16046940.0,49.73510281267562
22.89,-3878086.8254651064,16059490.0,49.73516770616315
22.9,-3871333.5766400285,16072040.0,49.73523242132737
22.91,-3864698.8777538124,16084520.0,49.73529700464609
22.92,-3858233.4284875686,16096890.0,49.73536149662915
22.93,-3851986.2311283248,16109100.0,49.73542592948077
22.94,-3846003.279914401,16121100.0,49.73549032511856
22.95,-3840326.4032640043,16132840.0,49.735554693559344
22.96,-3834992.2907324177,16144280.0,49.735619031807936
22.97,-3830031.7149671507,16155380.0,49.73568332311783
22.98,-3825468.9569032956,16166120.0,49.735747536637135
22.99,-3821321.455852357,16176470.0,49.73581162764212
23.0,-3817599.684934878,16186400.0,49.73587553819826
23.01,-3814307.224213039,16195920.0,49.73593919801523
23.02,-3811441.0415335414,16205010.0,49.73600252580992
23.03,-3808991.963533728,16213690.0,49.73606543099665
23.04,-3806945.3033769624,16221950.0,49.73612781548019
23.05,-3805281.629649115,16229810.0,49.736189575726584
23.06,-3803977.6451372067,16237300.0,49.73625060488994
23.07,-3803007.1489761896,16244430.0,49.736310795044204
23.08,-3802342.0495425276,16251230.0,49.73637003937731
23.09,-3801953.389350994,16257730.0,49.7364282342234
23.1,-3801812.3577024117,16263960.0,49.73648528102482
23.11,-3801891.24887611,16269950.0,49.73654108795959
23.12,-3802164.342076004,16275720.0,49.736595571339336
23.13,-3802608.687714047,16281290.0,49.73664865681558
23.14,-3803204.770273571,16286700.0,49.73670028015572
23.15,-3803937.0284636538,16291970.0,49.73675038768797
23.16,-3804794.2299681692,16297100.0,49.7367989364448
23.17,-3805769.677572529,16302110.0,49.73684589385135
23.18,-3806861.2569586267,16307000.0,49.7368912371471
23.19,-3808071.3339208486,16311780.0,49.73693495258826
23.2,-3809406.499316763,16316440.0,49.736977034279164
23.21,-3810877.1833128943,16320980.0,49.73701748288266
23.22,-3812497.1573495497,16325390.0,49.73705630416888
23.23,-3814282.944232894,16329650.0,49.73709350748688
23.24,-3816253.156643107,16333750.0,49.73712910415375
23.25,-3818427.7863361365,16337660.0,49.73716310584444
23.26,-3820827.486260489,16341370.0,49.73719552319642
23.27,-3823472.8586825104,16344860.0,49.73722636445469
23.28,-3826383.7719058977,16348100.0,49.737255634251085
23.29,-3829578.734666812,16351080.0,49.7372833326522
23.3,-3833074.3544520508,16353770.0,49.73730945451935
23.31,-3836884.8881023736,16356170.0,49.73733398905839
23.32,-3841021.8908609403,16358250.0,49.737356919556156
23.33,-3845493.9757971917,16360000.0,49.73737822342663
23.34,-3850306.700067428,16361420.0,49.737397872596354
23.35,-3855462.566647822,16362500.0,49.73741583405429
23.36,-3860961.134477353,16363230.0,49.73743207055864
23.37,-3866799.230898581,16363620.0,49.73744654153504
23.38,-3872971.251492459,16363680.0,49.737459204061466
23.39,-3879469.5299152676,16363390.0,49.73747001391588
23.4,-3886284.764632674,16362780.0,49.73747892666913
23.41,-3893406.481947745,16361860.0,49.73748589876112
23.42,-3900823.5171183897,16360620.0,49.73749088851725
23.43,-3908524.4837460113,16359090.0,49.7374938569841
23.44,-3916498.227186185,16357270.0,49.737494768728546
23.45,-3924734.2343006018,16355180.0,49.737493592415646
23.46,-3933222.9900929695,16352820.0,49.73749030122597
23.47,-3941956.268898945,16350210.0,49.73748487309384
23.48,-3950927.350847005,16347350.0,49.73747729074598
23.49,-3960131.1635730728,16344250.0,49.73746754161648
23.5,-3969564.3410231904,16340920.0,49.73745561752442
23.51,-3979225.2015300007,16337360.0,49.737441514223654
23.52,-3989113.650659959,16333560.0,49.73742523081455
23.53,-3999231.0132026575,16329530.0,49.73740676904794
23.54,-4009579.824157578,16325270.0,49.73738613273697
23.55,-4020163.5777622955,16320780.0,49.73736332705915
23.56,-4030986.4352566255,16316050.0,49.73733835773874
23.57,-4042052.923535196,16311080.0,49.73731123042508
23.58,-4053367.6319617047,16305850.0,49.7372819500906
23.59,-4064934.919992946,16300380.0,49.73725052051021
23.6,-4076758.650799612,16294650.0,49.73721694388135
23.61,-4088841.963430331,16288660.0,49.737181220579366
23.62,-4101187.087377784,16282400.0,49.737143349024684
23.63,-4113795.2021613843,16275880.0,49.73710332562178
23.64,-4126666.353949926,16269090.0,49.73706114490783
23.65,-4139799.427657715,16262030.0,49.73701679979184
23.66,-4153192.167472858,16254710.0,49.736970281842666
23.67,-4166841.2476482103,16247120.0,49.73692158168112
23.68,-4180742.386727943,16239270.0,49.736870689453205
23.69,-4194890.496256886,16231160.0,49.73681759528301
23.7,-4209279.850951256,16222800.0,49.73676228970922
23.71,-4223904.277761995,16214190.0,49.73670476416346
23.72,-4238757.357551381,16205350.0,49.736645011433865
23.73,-4253832.618613472,16196260.0,49.736583025991564
23.74,-4269123.712557157,16186950.0,49.7365188042044
23.75,-4284624.574159233,16177420.0,49.736452344589196
23.76,-4300329.553464385,16167670.0,49.73638364789235
23.77,-4316233.513166639,16157710.0,49.73631271708052
23.78,-4332331.891013906,16147540.0,49.736239557268775
23.79,-4348620.724127594,16137180.0,49.7361641755375
23.8,-4365096.634856975,16126610.0,49.73608658068451
23.81,-4381756.784283685,16115850.0,49.736006782935334
23.82,-4398598.798652415,16104900.0,49.7359247936521
23.83,-4415620.667007997,16093760.0,49.73584062494139
23.84,-4432820.62090875,16082430.0,49.73575428930527
23.85,-4450197.0045489445,16070920.0,49.7356657993247
23.86,-4467748.144669785,16059220.0,49.73557516739155
23.87,-4485472.218150774,16047340.0,49.73548240540488
23.88,-4503367.129927236,16035280.0,49.735387524581206
23.89,-4521430.409808436,16023040.0,49.73529053533979
23.9,-4539659.129668795,16010630.0,49.735191447247715
23.91,-4558049.850466261,15998040.0,49.73509026907246
23.92,-4576598.590842873,15985280.0,49.734987008833045
23.93,-4595300.829955412,15972350.0,49.734881673995766
23.94,-4614151.54046178,15959260.0,49.73477427170925
23.95,-4633145.240683077,15946020.0,49.73466480900581
23.96,-4652276.073852999,15932620.0,49.734553293120236
23.97,-4671537.9006172735,15919070.0,49.734439731738966
23.98,-4690924.407778969,15905390.0,49.73432413332034
23.99,-4710429.230252344,15891570.0,49.73420650743289
24.0,-4730046.066882461,15877620.0,49.73408686494209
24.01,-4749768.790969249,15863550.0,49.733965218201405
24.02,-4769591.549840544,15849370.0,49.73384158120145
24.03,-4789508.854984732,15835070.0,49.73371596971282
24.04,-4809515.649783077,15820670.0,49.733588401299365
24.05,-4829607.353759635,15806180.0,49.73345889527
24.06,-4849779.887164746,15791580.0,49.73332747263365
24.07,-4870029.65851923,15776900.0,49.73319415583815
24.08,-4890353.528418328,15762130.0,49.73305896856691
24.09,-4910748.75797019,15747270.0,49.732921935552945
24.1,-4931212.938012738,15732330.0,49.732783082323394
24.11,-4951743.900371995,15717310.0,49.732642434911455
24.12,-4972339.6132829795,15702220.0,49.73250001952596
24.13,-4992998.0753515875,15687050.0,49.732355862330444
24.14,-5013717.212214378,15671800.0,49.73220998924219
24.15,-5034494.768951476,15656480.0,49.732062425651506
24.16,-5055328.209696679,15641100.0,49.73191319623822
24.17,-5076214.642812766,15625640.0,49.731762324970454
24.18,-5097150.760242261,15610130.0,49.73160983503992
24.19,-5118132.79437466,15594550.0,49.73145574884127
24.2,-5139156.501933724,15578910.0,49.73130008808611
24.21,-5160217.166518671,15563220.0,49.7311428738897
24.22,-5181309.629020522,15547480.0,49.730984126990386
24.23,-5202428.331736713,15531700.0,49.7308238678759
24.24,-5223567.3842529,15515880.0,49.73066211705064
24.25,-5244720.652000745,15500030.0,49.73049889533019
24.26,-5265881.837630407,15484150.0,49.730334223942904
24.27,-5287044.586977189,15468250.0,49.73016812489033
24.28,-5308202.592842987,15452340.0,49.73000062116365
24.29,-5329349.693167281,15436420.0,49.72983173687518
24.3,-5350479.962262402,15420500.0,49.72966149742659
24.31,-5371587.792245835,15404580.0,49.72948992961117
24.32,-5392667.959914802,15388670.0,49.729317061677946
24.33,-5413715.672358984,15372780.0,49.72914292329677
24.34,-5434726.589947294,15356910.0,49.7289675454699
24.35,-5455696.833242302,15341060.0,49.728790960472764
24.36,-5476622.968388496,15325240.0,49.72861320169468
24.37,-5497501.972117343,15309450.0,49.72843430345303
24.38,-5518331.180991231,15293700.0,49.72825430080224
24.39,-5539108.219775503,15277980.0,49.72807322924718
24.4,-5559830.923247204,15262300.0,49.72789112455892
24.41,-5580497.248860293,15246660.0,49.72770802252226
24.42,-5601105.185202719,15231060.0,49.72752395872603
24.43,-5621652.666435854,15215510.0,49.72733896840635
24.44,-5642137.482588326,15200010.0,49.72715308621202
24.45,-5662557.207348965,15184560.0,49.72696634616407
24.46,-5682909.138445305,15169160.0,49.72677878157934
24.47,-5703190.243288338,15153810.0,49.72659042496263
24.48,-5723397.12693571,15138520.0,49.72640130803963
24.49,-5743526.018440347,15123290.0,49.726211461841224
24.5,-5763572.777340125,15108120.0,49.72602091679224
24.51,-5783532.913044744,15093020.0,49.72582970281217
24.52,-5803401.625414825,15078000.0,49.725637849493765
24.53,-5823173.85980467,15063050.0,49.72544538630581
24.54,-5842844.376433545,15048190.0,49.725252342779555
24.55,-5862407.819760514,15033410.0,49.72505874864271
24.56,-5881858.793731914,15018720.0,49.72486463398415
24.57,-5901191.9399524145,15004140.0,49.724670029429355
24.58,-5920402.019242403,14989660.0,49.724474966327236
24.59,-5939483.982400216,14975280.0,49.7242794768216
24.6,-5958433.0286032185,14961030.0,49.7240835938799
24.61,-5977244.656317188,14946890.0,49.723887351372184
24.62,-5995914.699685773,14932870.0,49.72369078404958
24.63,-6014439.348198025,14918980.0,49.72349392747586
24.64,-6032815.1536950655,14905220.0,49.723296817988796
24.65,-6051039.020410267,14891600.0,49.72309949256995
24.66,-6069108.175550219,14878110.0,49.72290198865278
24.67,-6087020.131765147,14864760.0,49.722704344016776
24.68,-6104772.637727679,14851560.0,49.72250659660426
24.69,-6122363.618158202,14838500.0,49.72230878432692
24.7,-6139791.114952852,14825590.0,49.72211094496219
24.71,-6157053.225086337,14812830.0,49.721913115984556
24.72,-6174148.029697354,14800220.0,49.72171533435591
24.73,-6191073.531316692,14787760.0,49.72151763642906
24.74,-6207827.599714633,14775450.0,49.721320057866876
24.75,-6224407.924167122,14763300.0,49.721122633590085
24.76,-6240811.986232453,14751320.0,49.72092539781414
24.77,-6257037.038102744,14739490.0,49.72072838401976
24.78,-6273080.093382508,14727830.0,49.720531624990244
24.79,-6288937.933174739,14716330.0,49.72033515288939
24.8,-6304607.119135853,14705010.0,49.72013899931437
24.81,-6320084.022691501,14693860.0,49.719943195430425
24.82,-6335364.867319266,14682880.0,49.719747772132536
24.83,-6350445.777149353,14672090.0,49.71955276015739
24.84,-6365322.827681857,14661480.0,49.71935819019268
24.85,-6379992.103241381,14651070.0,49.71916409301225
24.86,-6394449.756854628,14640840.0,49.71897049963041
24.87,-6408692.0650915,14630810.0,49.718777441355265
24.88,-6422715.475976287,14620990.0,49.71858494984269
24.89,-6436516.656105747,14611360.0,49.71839305720166
24.9,-6450092.517368781,14601950.0,49.71820179589329
24.91,-6463440.2388305785,14592740.0,49.718011198763286
24.92,-6476557.289239627,14583750.0,49.71782129910806
24.93,-6489441.428732451,14574980.0,49.7176321305453
24.94,-6502090.693787011,14566420.0,49.71744372685997
24.95,-6514503.372620168,14558080.0,49.71725612190615
24.96,-6526677.981775718,14549970.0,49.717069349580434
24.97,-6538613.23171125,14542070.0,49.716883443677
24.98,-6550307.982610201,14534410.0,49.71669843773277
24.99,-6561761.192959317,14526960.0,49.71651436485281
25.0,-6572971.875177095,14519750.0,49.71633125768331
25.01,-6583939.050504133,14512760.0,49.716149148296374
25.02,-6594661.70446446,14506000.0,49.715968068086276
25.03,-6605138.754068734,14499480.0,49.715788047779995
25.04,-6615369.013511227,14493180.0,49.71560911731967
25.05,-6625351.171634676,14487110.0,49.715431305889474
25.06,-6635083.783813896,14481280.0,49.71525464197835
25.07,-6644565.264446766,14475680.0,49.715079153342515
25.08,-6653793.891622211,14470320.0,49.71490486706913
25.09,-6662767.822343009,14465200.0,49.714731809672855
25.1,-6671485.114625661,14460320.0,49.71456000716043
25.11,-6679943.760882259,14455680.0,49.71438948516941
25.12,-6688141.722183991,14451290.0,49.71422026901912
25.13,-6696076.966371526,14447140.0,49.7140523838108
25.14,-6703747.514865431,14443240.0,49.71388585457993
25.15,-6711151.479449828,14439590.0,49.71372070628687
25.16,-6718287.102224653,14436190.0,49.71355696393039
25.17,-6725152.7915539965,14433040.0,49.71339465258987
25.18,-6731747.143742923,14430160.0,49.713233797367614
25.19,-6738068.967502586,14427520.0,49.713074423476456
25.2,-6744117.300668165,14425150.0,49.71291655622839
25.21,-6749891.417725507,14423040.0,49.712760220990404
25.22,-6755390.829035206,14421190.0,49.71260544313444
25.23,-6760615.266319773,14419590.0,49.712452247921554
25.24,-6765564.666973431,14418260.0,49.71230066047213
25.25,-6770239.149669604,14417190.0,49.712150705654345
25.26,-6774638.984606665,14416380.0,49.712002407998455
25.27,-6778764.565159972,14415830.0,49.711855791646045
25.28,-6782616.366070695,14415540.0,49.711710880168546
25.29,-6786194.911900989,14415520.0,49.711567696568224
25.3,-6789500.742503745,14415750.0,49.711426263191775
25.31,-6792534.376810349,14416240.0,49.71128660161238
25.32,-6795296.292256065,14416990.0,49.71114873270783
25.33,-6797786.906262726,14418000.0,49.71101267662155
25.34,-6800006.555908961,14419260.0,49.71087845267835
25.35,-6801955.484901267,14420780.0,49.7107460793996
25.36,-6803633.848748459,14422560.0,49.710615574634495
25.37,-6805041.722058089,14424600.0,49.710486955564356
25.38,-6806179.108359001,14426900.0,49.71036023873585
25.39,-6807045.964765105,14429450.0,49.710235440196215
25.4,-6807642.220318766,14432260.0,49.71011257547629
25.41,-6807967.800591624,14435330.0,49.70999165966864
25.42,-6808022.659983037,14438650.0,49.7098727075618
25.43,-6807806.814327022,14442230.0,49.70975573368985
25.44,-6807320.366913045,14446070.0,49.70964075234335
25.45,-6806563.538104427,14450170.0,49.70952777765814
25.46,-6805536.691269025,14454530.0,49.70941682364393
25.47,-6804240.347490748,14459140.0,49.70930790414676
25.48,-6802675.20778196,14464010.0,49.70920103295604
25.49,-6800842.158425639,14469140.0,49.70909622369971
25.5,-6798742.267155066,14474520.0,49.708993489776525
25.51,-6796376.7841666285,14480160.0,49.708892844420504
25.52,-6793747.133617477,14486050.0,49.708794300609384
25.53,-6790854.89717986,14492190.0,49.70869787098829
25.54,-6787701.79316553,14498580.0,49.70860356780007
25.55,-6784289.652633879,14505220.0,49.70851140282736
25.56,-6780620.392020559,14512110.0,49.708421387303574
25.57,-6776695.990996822,14519240.0,49.708333531917155
25.58,-6772518.467252931,14526620.0,49.708247846730565
25.59,-6768089.848084127,14534240.0,49.70816434109825
25.6,-6763412.14509672,14542100.0,49.70808302362684
25.61,-6758487.336943047,14550190.0,49.70800390219617
25.62,-6753317.354463873,14558520.0,49.70792698393269
25.63,-6747904.066648787,14567080.0,49.70785227517876
25.64,-6742249.279041731,14575880.0,49.70777978157205
25.65,-6736354.735049264,14584900.0,49.70770950805367
25.66,-6730222.116397716,14594150.0,49.70764145885071
25.67,-6723853.055273955,14603630.0,49.70757563758582
25.68,-6717249.1511696465,14613340.0,49.70751204732837
25.69,-6710411.987141037,14623270.0,49.7074506906252
25.7,-6703343.153574618,14633420.0,49.707391569595764
25.71,-6696044.2722401265,14643790.0,49.707334685986645
25.72,-6688517.016870433,14654380.0,49.70728004118363
25.73,-6680763.134647349,14665180.0,49.70722763626894
25.74,-6672784.467056915,14676200.0,49.70717747206228
25.75,-6664582.966009479,14687440.0,49.707129549128126
25.76,-6656160.705155661,14698890.0,49.70708386777654
25.77,-6647519.889406346,14710540.0,49.70704042806846
25.78,-6638662.863051061,14722410.0,49.70699922984754
25.79,-6629592.110430717,14734480.0,49.7069602726928
25.8,-6620310.254787665,14746750.0,49.70692355591536
25.81,-6610820.047880408,14759230.0,49.70688907847381
25.82,-6601124.352904279,14771900.0,49.70685683891387
25.83,-6591226.132326528,14784760.0,49.70682683537663
25.84,-6581128.426515751,14797820.0,49.70679906549931
25.85,-6570834.335337698,14811070.0,49.70677352640861
25.86,-6560346.998622031,14824500.0,49.70675021466949
25.87,-6549669.56968479,14838110.0,49.70672912618438
25.88,-6538805.197161535,14851910.0,49.706710256216994
25.89,-6527757.012778606,14865880.0,49.70669359941109
25.9,-6516528.116643629,14880020.0,49.706679149741284
25.91,-6505121.563696153,14894340.0,49.70666690048301
25.92,-6493540.35513952,14908820.0,49.706656844229386
25.93,-6481787.438399501,14923460.0,49.70664897294876
25.94,-6469865.708507863,14938270.0,49.70664327800059
25.95,-6457778.006697493,14953240.0,49.706639750091966
25.96,-6445527.130790381,14968360.0,49.70663837939636
25.97,-6433115.854045768,14983630.0,49.70663915564541
25.98,-6420546.937958154,14999050.0,49.70664206811436
25.99,-6407823.145828238,15014620.0,49.70664710565201
26.0,-6394947.256538779,15030340.0,49.70665425671146
26.01,-6381922.0848611975,15046200.0,49.706663509451886
26.02,-6368750.497994737,15062190.0,49.70667485174619
26.03,-6355435.432944489,15078330.0,49.70668827123704
26.04,-6341979.906078481,15094590.0,49.706703755297156
26.05,-6328387.017351564,15110990.0,49.70672129101812
26.06,-6314659.964226941,15127510.0,49.706740865323475
26.07,-6300802.042411286,15144160.0,49.706762464885735
26.08,-6286816.64710403,15160930.0,49.706786076135
26.09,-6272707.265986283,15177810.0,49.706811685215165
26.1,-6258477.471621875,15194810.0,49.70683927795973
26.11,-6244130.91315508,15211920.0,49.70686883989049
26.12,-6229671.298299642,15229140.0,49.706900356117174
26.13,-6215102.381436902,15246460.0,49.70693381135967
26.14,-6200427.948663699,15263880.0,49.70696918992195
26.15,-6185651.79510972,15281390.0,49.70700647557207
26.16,-6170777.710404055,15299000.0,49.70704565159013
26.17,-6155809.469804074,15316690.0,49.70708670079598
26.18,-6140750.823478732,15334470.0,49.70712960551346
26.19,-6125605.481377428,15352330.0,49.707174347504484
26.2,-6110377.100739652,15370260.0,49.70722090796615
26.21,-6095069.283033396,15388270.0,49.70726926759417
26.22,-6079685.5746473735,15406350.0,49.70731940660934
26.23,-6064229.465761817,15424490.0,49.7073713047469
26.24,-6048704.398220587,15442700.0,49.7074249413325
26.25,-6033113.772796464,15460960.0,49.70748029530223
26.26,-6017460.952258004,15479280.0,49.7075373451687
26.27,-6001749.278234826,15497660.0,49.7075960691703
26.28,-5985982.08521901,15516080.0,49.70765644528219
26.29,-5970162.707136472,15534550.0,49.70771845117313
26.3,-5954294.491570899,15553060.0,49.70778206430917
26.31,-5938380.815789753,15571610.0,49.70784726199989
26.32,-5922425.09449032,15590190.0,49.70791402137084
26.33,-5906430.786824146,15608810.0,49.70798231937814
26.34,-5890401.405148356,15627450.0,49.70805213285196
26.35,-5874340.522886817,15646120.0,49.70812343852932
26.36,-5858251.772666102,15664810.0,49.70819621297077
26.37,-5842138.842338013,15683520.0,49.70827043257132
26.38,-5826005.474411004,15702250.0,49.70834607358717
26.39,-5809855.459895318,15720980.0,49.7084231120931
26.4,-5793692.626832841,15739720.0,49.70850152393985
26.41,-5777520.8278293405,15758470.0,49.70858128472272
26.42,-5761343.928752163,15777210.0,49.708662369784065
26.43,-5745165.796430865,15795950.0,49.70874475418023
26.44,-5728990.287124972,15814680.0,49.70882841268965
26.45,-5712821.235304931,15833400.0,49.708913319780244
26.46,-5696662.441379477,15852100.0,49.70899944958997
26.47,-5680517.663039658,15870780.0,49.70908677594248
26.48,-5664390.603390354,15889430.0,49.709175272293756
26.49,-5648284.900591133,15908060.0,49.70926491173152
26.5,-5632204.130293417,15926660.0,49.70935566707946
26.51,-5616151.809052925,15945220.0,49.709447510909634
26.52,-5600131.391539667,15963750.0,49.70954041549467
26.53,-5584146.275092514,15982230.0,49.70963435287835
26.54,-5568199.805767202,16000670.0,49.709729294895055
26.55,-5552295.277789494,16019050.0,49.70982521312721
26.56,-5536435.947538663,16037390.0,49.709922079050536
26.57,-5520625.047566215,16055670.0,49.71001986406944
26.58,-5504865.795236232,16073900.0,49.71011853949397
26.59,-5489161.401558411,16092060.0,49.71021807658301
26.6,-5473515.079701366,16110150.0,49.71031844654959
26.61,-5457930.052387521,16128180.0,49.71041962059777
26.62,-5442409.557084061,16146140.0,49.71052156991547
26.63,-5426956.851890624,16164020.0,49.710624265705476
26.64,-5411575.219675089,16181820.0,49.71072767920161
26.65,-5396267.968743479,16199540.0,49.710831781648665
26.66,-5381038.429522427,16217180.0,49.71093654428043
26.67,-5365889.952145048,16234730.0,49.71104193833647
26.68,-5350825.899813754,16252190.0,49.71114793503064
26.69,-5335849.641462616,16269560.0,49.7112545055307
26.7,-5320964.539614623,16286820.0,49.711361620930255
26.71,-5306173.94447707,16303990.0,49.71146925226731
26.72,-5291481.186426713,16321050.0,49.71157737052469
26.73,-5276889.563746516,16338000.0,49.71168594656887
26.74,-5262402.326229018,16354840.0,49.711794951094916
26.75,-5248022.673213396,16371570.0,49.711904354729455
26.76,-5233753.745919415,16388180.0,49.71201412798891
26.77,-5219598.617654158,16404670.0,49.71212424123734
26.78,-5205560.290605066,16421030.0,49.71223466473827
26.79,-5191641.695531705,16437270.0,49.71234536867605
26.8,-5177845.6915142285,16453370.0,49.712456323163686
26.81,-5164175.068038113,16469350.0,49.71256749826279
26.82,-5150632.549990842,16485190.0,49.71267886402597
26.83,-5137220.799366345,16500880.0,49.71279039047031
26.84,-5123942.420564233,16516440.0,49.71290204762691
26.85,-5110799.971116295,16531860.0,49.713013805614
26.86,-5097795.969590851,16547130.0,49.71312563462528
26.87,-5084932.8993002325,16562240.0,49.71323750492712
26.88,-5072213.2148670405,16577210.0,49.71334938688619
26.89,-5059639.3542206725,16592030.0,49.71346125106395
26.9,-5047213.744868426,16606680.0,49.71357306817518
26.91,-5034938.800551825,16621180.0,49.71368480903491
26.92,-5022816.930488516,16635520.0,49.7137964446764
26.93,-5010850.544135451,16649690.0,49.713907946334736
26.94,-4999042.04496582,16663700.0,49.71401928536787
26.95,-4987393.832094486,16677540.0,49.71413043332899
26.96,-4975908.297690613,16691210.0,49.714241361939834
26.97,-4964587.823016251,16704700.0,49.7143520430796
26.98,-4953434.770808038,16718020.0,49.714462448757644
26.99,-4942451.47433484,16731160.0,49.714572551066915
27.0,-4931640.236685649,16744130.0,49.71468232227332
27.01,-4921003.317633063,16756900.0,49.714791734706324
27.02,-4910542.9246241795,16769500.0,49.71490076075481
27.03,-4900261.205971744,16781900.0,49.71500937291238
27.04,-4890160.25331732,16794120.0,49.71511754382531
27.05,-4880242.092589911,16806140.0,49.71522524620929
27.06,-4870508.669699763,16817970.0,49.71533245277076
27.07,-4860961.855059106,16829610.0,49.71543913637177
27.08,-4851603.446063242,16841050.0,49.7155452700191
27.09,-4842435.169065417,16852290.0,49.71565082686725
27.1,-4833458.672752294,16863320.0,49.71575578013975
27.11,-4824675.532273624,16874160.0,49.715860103225886
27.12,-4816087.257257744,16884790.0,49.7159637697291
27.13,-4807695.297511112,16895220.0,49.716066753463146
27.14,-4799501.043831751,16905430.0,49.71616902842656
27.15,-4791505.836632095,16915440.0,49.716270568875245
27.16,-4783710.974412797,16925240.0,49.71637134935036
27.17,-4776117.717300223,16934830.0,49.7164713446568
27.18,-4768727.292587556,16944200.0,49.71657052989199
27.19,-4761540.895161262,16953360.0,49.7166688804126
27.2,-4754559.696191736,16962310.0,49.716766371934945
27.21,-4747784.844323749,16971040.0,49.716862980469436
27.22,-4741217.4663571445,16979550.0,49.71695868234684
27.23,-4734858.675622436,16987840.0,49.71705345428797
27.24,-4728709.561401249,16995910.0,49.717147273254135
27.25,-4722771.190572363,17003770.0,49.71724011654163
27.26,-4717044.604304282,17011400.0,49.7173319617583
27.27,-4711530.802601776,17018800.0,49.71742278668821
27.28,-4706230.745282886,17025990.0,49.71751256944537
27.29,-4701145.351249045,17032950.0,49.717601288444015
27.3,-4696275.494277535,17039680.0,49.71768892238846
27.31,-4691621.991167642,17046180.0,49.71777545017445
27.32,-4687185.591510122,17052460.0,49.71786085090174
27.33,-4682966.976492202,17058510.0,49.71794510392365
27.34,-4678966.754793784,17064330.0,49.718028188836314
27.35,-4675185.464628249,17069920.0,49.718110085522035
27.36,-4671623.579777822,17075280.0,49.71819077419316
27.37,-4668281.50128405,17080410.0,49.71827023527378
27.38,-4665159.545015009,17085310.0,49.71834844932857
27.39,-4662257.9509704355,17089970.0,49.718425397264795
27.4,-4659576.900702526,17094410.0,49.71850106042
27.41,-4657116.515405569,17098610.0,49.71857542042499
27.42,-4654876.8463081345,17102580.0,49.718648459106284
27.43,-4652857.884872624,17106320.0,49.71872015867825
27.44,-4651059.578263364,17109820.0,49.71879050181085
27.45,-4649481.826162378,17113090.0,49.71885947148711
27.46,-4648123.725596469,17115920.0,49.71892704345157
27.47,-4646978.898234813,17117280.0,49.71899314525258
27.48,-4646034.034781911,17118420.0,49.719057677890554
27.49,-4645272.524867158,17119370.0,49.71912056281386
27.5,-4644677.060146568,17120130.0,49.7191817389278
27.51,-4644231.469995907,17120720.0,49.71924116033998
27.52,-4643921.977228137,17121170.0,49.71929879459621
27.53,-4643738.020596804,17121480.0,49.719354621312625
27.54,-4643672.731495745,17121660.0,49.719408630869815
27.55,-4643723.124620297,17121730.0,49.71946082303746
27.56,-4643890.058745344,17121680.0,49.71951120557046
27.57,-4644178.027792352,17121510.0,49.71955979293313
27.58,-4644594.814928072,17121220.0,49.71960660493981
27.59,-4645151.023829017,17120800.0,49.71965166522852
27.6,-4645859.545958587,17120250.0,49.71969499998745
27.61,-4646734.983132291,17119540.0,49.71973663666968
27.62,-4647793.033810756,17118660.0,49.71977660264777
27.63,-4649049.891642362,17117610.0,49.719814924165256
27.64,-4650521.652756764,17116350.0,49.7198516252308
27.65,-4652223.759814801,17114880.0,49.71988672672489
27.66,-4654170.51601872,17113180.0,49.71992024583685
27.67,-4656374.65376059,17111230.0,49.719952195459754
27.68,-4658846.986142005,17109020.0,49.719982583901576
27.69,-4661596.14391085,17106550.0,49.72001141476755
27.7,-4664628.392103759,17103800.0,49.720038686939176
27.71,-4667947.528190233,17100770.0,49.72006439469123
27.72,-4671554.855198499,17097450.0,49.72008852793662
27.73,-4675449.240837926,17093840.0,49.72011107270796
27.74,-4679627.261293963,17089950.0,49.72013201183087
27.75,-4684083.3838050915,17085770.0,49.720151325332274
27.76,-4688810.202591854,17081320.0,49.72016899109815
27.77,-4693798.73436732,17076590.0,49.72018498573211
27.78,-4699038.721776203,17071600.0,49.72019928507404
27.79,-4704518.961534303,17066360.0,49.720211864925076
27.8,-4710227.646842593,17060880.0,49.72022270177055
27.81,-4716152.698409057,17055170.0,49.72023177332288
27.82,-4722282.081027438,17049250.0,49.72023905904289
27.83,-4728604.088750166,17043120.0,49.72024454050615
27.84,-4735107.603988757,17036800.0,49.72024820178902
27.85,-4741782.324320472,17030290.0,49.720250029778725
27.86,-4748618.951277537,17023620.0,49.720250014371395
27.87,-4755609.328030006,17016780.0,49.72024814849046
27.88,-4762746.542644379,17009790.0,49.72024442819168
27.89,-4770024.9727834305,17002650.0,49.720238852442485
27.9,-4777440.29734404,16995380.0,49.72023142305907
27.91,-4784989.47107533,16987960.0,49.72022214452804
27.92,-4792670.65080159,16980410.0,49.72021102363109
27.93,-4800483.08817367,16972730.0,49.72019806910269
27.94,-4808427.004878771,16964920.0,49.720183291379314
27.95,-4816503.458300549,16956970.0,49.72016670235173
27.96,-4824714.177775534,16948900.0,49.72014831490641
27.97,-4833061.396219093,16940690.0,49.72012814260594
27.98,-4841547.675799729,16932340.0,49.72010619935616
27.99,-4850175.727135092,16923850.0,49.72008249898803
28.0,-4858948.242452423,16915220.0,49.7200570550649
28.01,-4867867.754716351,16906450.0,49.72002988076496
28.02,-4876936.49754525,16897530.0,49.720000988583664
28.03,-4886156.288542257,16888460.0,49.719970390229754
28.04,-4895528.432681063,16879240.0,49.719938096524416
28.05,-4905053.644486572,16869870.0,49.71990411732739
28.06,-4914731.994471479,16860350.0,49.719868461533906
28.07,-4924562.881998238,16850670.0,49.719831137146045
28.08,-4934545.027110511,16840840.0,49.719792151317655
28.09,-4944676.490898182,16830860.0,49.71975151054233
28.1,-4954954.706345709,16820720.0,49.71970922071162
28.11,-4965376.511142001,16810440.0,49.71966528712319
28.12,-4975938.222403373,16800020.0,49.71961971488958
28.13,-4986635.7123842845,16789460.0,49.71957250904402
28.14,-4997464.47919439,16778760.0,49.71952367458773
28.15,-5008419.736727812,16767940.0,49.719473216790604
28.16,-5019496.500260098,16756980.0,49.719421141293836
28.17,-5030689.670094864,16745900.0,49.719367454242274
28.18,-5041994.117585664,16734710.0,49.71931216248488
28.19,-5053404.765902373,16723410.0,49.71925527367226
28.2,-5064916.654587279,16712000.0,49.71919679630216
28.21,-5076525.000225755,16700480.0,49.71913673979591
28.22,-5088225.248548664,16688880.0,49.71907511458974
28.23,-5100013.115494329,16677180.0,49.71901193214039
28.24,-5111884.612415472,16665390.0,49.7189472048972
28.25,-5123836.060804924,16653520.0,49.718880946279135
28.26,-5135864.101699512,16641560.0,49.71881317068978
28.27,-5147965.692511618,16629540.0,49.71874389345351
28.28,-5160138.090402183,16617430.0,49.71867313070001
28.29,-5172378.831621255,16605260.0,49.71860089933639
28.3,-5184685.703614925,16593020.0,49.71852721694741
28.31,-5197056.70754434,16580710.0,49.71845210168513
28.32,-5209490.021165525,16568340.0,49.71837557220556
28.33,-5221983.958879976,16555910.0,49.71829764758059
28.34,-5234536.9274675585,16543420.0,49.718218347187374
28.35,-5247147.382050057,16530860.0,49.71813769061784
28.36,-5259813.785648357,16518250.0,49.71805569763331
28.37,-5272534.567669703,16505590.0,49.717972388052786
28.38,-5285308.085710474,16492860.0,49.717887781699595
28.39,-5298132.5992308725,16480090.0,49.717801898415416
28.4,-5311006.240201111,16467270.0,49.71771475796384
28.41,-5323926.991652981,16454390.0,49.71762638002515
28.42,-5336892.671592306,16441470.0,49.717536784176616
28.43,-5349900.918467777,16428510.0,49.71744598984931
28.44,-5362949.187944657,16415500.0,49.717354016387326
28.45,-5376034.755199133,16402450.0,49.71726088305644
28.46,-5389154.715851819,16389360.0,49.71716660901644
28.47,-5402305.994768682,16376240.0,49.717071213367426
28.48,-5415485.361837225,16363090.0,49.7169747152144
28.49,-5428689.449093692,16349920.0,49.716877133684875
28.5,-5441914.767665957,16336710.0,49.716778487942285
28.51,-5455157.724930436,16323480.0,49.716678797196515
28.52,-5468414.6467272015,16310240.0,49.716578080782284
28.53,-5481681.8039050065,16296980.0,49.716476358215914
28.54,-5494955.434146178,16283720.0,49.71637364921109
28.55,-5508231.766980413,16270440.0,49.71626997372427
28.56,-5521507.039572479,16257170.0,49.71616535192147
28.57,-5534777.51488567,16243890.0,49.71605980422841
28.58,-5548039.500460311,16230620.0,49.71595335135986
28.59,-5561289.36148335,16217360.0,49.715846014319624
28.6,-5574523.539702712,16204110.0,49.71573781446274
28.61,-5587738.557002325,16190880.0,49.71562877340773
28.62,-5600931.020752083,16177660.0,49.71551891304611
28.63,-5614097.633159583,16164470.0,49.71540825560597
28.64,-5627235.190159261,16151300.0,49.71529682357022
28.65,-5640340.581038933,16138160.0,49.71518463968451
28.66,-5653410.78430372,16125060.0,49.715071726919426
28.67,-5666442.861477564,16111990.0,49.714958108451064
28.68,-5679433.953510013,16098960.0,49.714843807668444
28.69,-5692381.271246984,16085970.0,49.71472884811648
28.7,-5705282.087301877,16073020.0,49.714613253482014
28.71,-5718133.724543784,16060120.0,49.71449704754632
28.72,-5730933.5431889165,16047270.0,49.71438025414913
28.73,-5743678.932532309,16034470.0,49.71426289719126
28.74,-5756367.303627374,16021720.0,49.714145000635185
28.75,-5768996.081605081,16009030.0,49.71402658846934
28.76,-5781562.693073054,15996400.0,49.713907684646756
28.77,-5794064.557358122,15983840.0,49.713788313071014
28.78,-5806499.080804224,15971340.0,49.71366849761677
28.79,-5818863.656013825,15958900.0,49.71354826214562
28.8,-5831155.656186743,15946540.0,49.713427630448585
28.81,-5843372.431838293,15934240.0,49.71330662624156
28.82,-5855511.314404582,15922030.0,49.71318527322399
28.83,-5867569.615924892,15909890.0,49.71306359502367
28.84,-5879544.62507629,15897830.0,49.712941615159906
28.85,-5891433.613398828,15885860.0,49.71281935711551
28.86,-5903233.842904038,15873970.0,49.71269684435707
28.87,-5914942.572220844,15862170.0,49.71257410032338
28.88,-5926557.061389167,15850460.0,49.71245114841538
28.89,-5938074.57934378,15838840.0,49.712328012028024
28.9,-5949492.410163119,15827320.0,49.71220471453698
28.91,-5960807.861442021,15815910.0,49.71208127933363
28.92,-5972018.270690738,15804590.0,49.71195772980857
28.93,-5983121.010325075,15793380.0,49.711834089354724
28.94,-5994113.496030901,15782280.0,49.71171038139294
28.95,-6004993.19173013,15771290.0,49.71158662937018
28.96,-6015757.615470555,15760410.0,49.711462856751695
28.97,-6026404.338947648,15749640.0,49.711339086989916
28.98,-6036930.996655361,15739000.0,49.71121534360115
28.99,-6047335.287708239,15728470.0,49.7110916501196
29.0,-6057614.975958089,15718060.0,49.710968030073744
29.01,-6067767.890281472,15707780.0,49.71084450699295
29.02,-6077791.9231579015,15697630.0,49.710721104387254
29.03,-6087685.031181575,15687610.0,49.71059784576211
29.04,-6097445.234434256,15677720.0,49.71047475459884
29.05,-6107070.612778935,15667960.0,49.710351854340374
29.06,-6116559.300947137,15658330.0,49.71022916834614
29.07,-6125909.487431619,15648840.0,49.71010671993044
29.08,-6135119.413034009,15639490.0,49.70998453235055
29.09,-6144187.363652949,15630280.0,49.70986262873962
29.1,-6153111.665732214,15621210.0,49.709741032119645
29.11,-6161890.681697174,15612290.0,49.70961976537813
29.12,-6170522.807716025,15603510.0,49.70949885128909
29.13,-6179006.475216226,15594880.0,49.70937831252551
29.14,-6187340.149384253,15586390.0,49.70925817164148
29.15,-6195522.325097041,15578060.0,49.70913845102185
29.16,-6203551.522843039,15569880.0,49.7090191728854
29.17,-6211426.287425177,15561850.0,49.70890035928075
29.18,-6219145.190763406,15553970.0,49.708782032128504
29.19,-6226706.833792256,15546260.0,49.7086642132105
29.2,-6234109.842778387,15538690.0,49.708546924107026
29.21,-6241352.871612227,15531290.0,49.7084301862465
29.22,-6248434.605130901,15524050.0,49.708314020911395
29.23,-6255353.759429017,15516960.0,49.70819844921293
29.24,-6262109.084506437,15510050.0,49.708083492108216
29.25,-6268699.368233102,15503290.0,49.70796917041284
29.26,-6275123.4381010905,15496700.0,49.70785550478063
29.27,-6281380.1609863015,15490280.0,49.70774251568963
29.28,-6287468.44336517,15484020.0,49.70763022343288
29.29,-6293387.234494914,15477930.0,49.707518648148266
29.3,-6299135.527720934,15472010.0,49.70740780980585
29.31,-6304712.358709975,15466260.0,49.70729772817038
29.32,-6310116.811599596,15460690.0,49.707188422875795
29.33,-6315348.019065237,15455280.0,49.70707991337501
29.34,-6320405.16056362,15450050.0,49.706972218916064
29.35,-6325287.46484537,15445000.0,49.70686535858119
29.36,-6329994.209738296,15440110.0,49.70675935125774
29.37,-6334524.719308498,15435410.0,49.70665421561426
29.38,-6338878.361071047,15430880.0,49.706549970086286
29.39,-6343054.549575819,15426520.0,49.706446632934444
29.4,-6347052.74344865,15422340.0,49.70634422218413
29.41,-6350872.4435075475,15418350.0,49.70624275562621
29.42,-6354513.198111085,15414530.0,49.706142250875686
29.43,-6357974.5982624795,15410890.0,49.70604272528809
29.44,-6361256.271846378,15407420.0,49.70594419593362
29.45,-6364357.8877664935,15404140.0,49.70584667967845
29.46,-6367279.155591467,15401040.0,49.70575019314295
29.47,-6370019.82286319,15398120.0,49.70565475268211
29.48,-6372579.675076486,15395380.0,49.70556037439607
29.49,-6374958.533607019,15392820.0,49.705467074114104
29.5,-6377156.257793763,15390440.0,49.705374867413376
29.51,-6379172.746741493,15388240.0,49.70528376963886
29.52,-6381007.937651452,15386230.0,49.70519379584802
29.53,-6382661.803292796,15384390.0,49.705104960812854
29.54,-6384134.354197334,15382740.0,49.70501727904749
29.55,-6385425.639833761,15381270.0,49.70493076480519
29.56,-6386535.746194517,15379970.0,49.704845432037445
29.57,-6387464.79434514,15378860.0,49.70476129440718
29.58,-6388212.944896286,15377940.0,49.70467836532496
29.59,-6388780.397187025,15377190.0,49.70459665791785
29.6,-6389167.390688306,15376620.0,49.704516185039
29.61,-6389374.2031045295,15376230.0,49.70443695924208
29.62,-6389401.147900294,15376030.0,49.70435899276602
29.63,-6389248.575353839,15376000.0,49.70428229755724
29.64,-6388916.870649673,15376150.0,49.704206885254244
29.65,-6388406.456809982,15376480.0,49.70413276721535
29.66,-6387717.798089037,15376990.0,49.70405995453711
29.67,-6386851.3948280085,15377680.0,49.70398845797116
29.68,-6385807.784622111,15378550.0,49.70391828796911
29.69,-6384587.540584173,15379590.0,49.70384945467388
29.7,-6383191.2702305075,15380810.0,49.70378196789406
29.71,-6381619.620233305,15382210.0,49.70371583718008
29.72,-6379873.27383355,15383780.0,49.70365107174907
29.73,-6377952.950868587,15385530.0,49.70358768050648
29.74,-6375859.408027492,15387450.0,49.703525672051626
29.75,-6373593.438309071,15389540.0,49.70346505466334
29.76,-6371155.871902928,15391810.0,49.703405836314914
29.77,-6368547.572285748,15394240.0,49.70334802462662
29.78,-6365769.435669777,15396850.0,49.70329162689802
29.79,-6362822.398655639,15399630.0,49.703236650168144
29.8,-6359707.436102569,15402580.0,49.703183101159894
29.81,-6356425.5579103585,15405690.0,49.703130986246926
29.82,-6352977.806590861,15408970.0,49.70308031145653
29.83,-6349365.259563048,15412420.0,49.70303108251514
29.84,-6345589.033562069,15416040.0,49.702983304877726
29.85,-6341650.281878932,15419810.0,49.70293698365625
29.86,-6337550.192789784,15423750.0,49.70289212363573
29.87,-6333289.989576649,15427850.0,49.7028487292833
29.88,-6328870.928952449,15432110.0,49.70280680472815
29.89,-6324294.300735569,15436530.0,49.70276635377995
29.9,-6319561.4296319,15441110.0,49.702727379945614
29.91,-6314673.674684738,15445840.0,49.70268988640932
29.92,-6309632.424221261,15450730.0,49.70265387598653
29.93,-6304439.098251321,15455770.0,49.702619351195445
29.94,-6299095.148934555,15460960.0,49.70258631423653
29.95,-6293602.05723046,15466300.0,49.70255476695757
29.96,-6287961.333585914,15471800.0,49.70252471088719
29.97,-6282174.518054407,15477440.0,49.70249614723407
29.98,-6276243.176426425,15483220.0,49.70246907685057
29.99,-6270168.902390486,15489160.0,49.70244350028207
30.0,-6263953.319243575,15495230.0,49.70241941776191
30.01,-6257598.077160801,15501450.0,49.70239682918828
30.02,-6251104.853307378,15507800.0,49.70237573413247
30.03,-6244475.348759561,15514300.0,49.702356131820636
30.04,-6237711.2923700055,15520920.0,49.70233802118662
30.05,-6230814.439969818,15527690.0,49.70232140084533
30.06,-6223786.572941649,15534590.0,49.70230626907967
30.07,-6216629.494965547,15541610.0,49.70229262382681
30.08,-6209345.036449621,15548770.0,49.70228046274548
30.09,-6201935.054754717,15556060.0,49.70226978318968
30.1,-6194401.4313992765,15563460.0,49.70226058217146
30.11,-6186746.074499772,15571000.0,49.70225285642537
30.12,-6178970.917057165,15578650.0,49.70224660236117
30.13,-6171077.914783064,15586430.0,49.70224181606662
30.14,-6163069.048251256,15594320.0,49.702238493341135
30.15,-6154946.323230943,15602330.0,49.70223662969175
30.16,-6146711.77107769,15610450.0,49.702236220331784
30.17,-6138367.4444524,15618690.0,49.70223726014641
30.18,-6129915.419468861,15627030.0,49.702239743740435
30.19,-6121357.795738082,15635480.0,49.702243665434075
30.2,-6112696.690999008,15644040.0,49.70224901920224
30.21,-6103934.241092368,15652700.0,49.70225579872837
30.22,-6095072.60352448,15661470.0,49.70226399744572
30.23,-6086113.954543502,15670330.0,49.70227360846876
30.24,-6077060.4878039025,15679290.0,49.702284624616816
30.25,-6067914.41707348,15688340.0,49.702297038458376
30.26,-6058677.972735652,15697490.0,49.7023108422504
30.27,-6049353.397371151,15706720.0,49.702326027927434
30.28,-6039942.9481099285,15716050.0,49.70234258716235
30.29,-6030448.895227826,15725460.0,49.702360511342604
30.3,-6020873.520568748,15734950.0,49.70237979156168
30.31,-6011219.117843376,15744530.0,49.70240041864073
30.32,-6001487.99463815,15754180.0,49.7024223831529
30.33,-5991682.472548715,15763910.0,49.70244567540321
30.34,-5981804.885091207,15773720.0,49.7024702854227
30.35,-5971857.575437326,15783600.0,49.70249620295702
30.36,-5961840.134334639,15792760.0,49.70252338980677
30.37,-5951747.001031922,15801680.0,49.702551777253696
30.38,-5941568.9479001,15810670.0,49.702581299247484
30.39,-5931295.308972501,15819740.0,49.70261190254598
30.4,-5920915.591669379,15828900.0,49.702643545073954
30.41,-5910420.611079768,15838160.0,49.70267619459213
30.42,-5899803.262363361,15847530.0,49.70270982764209
30.43,-5889059.023135345,15857020.0,49.70274442873974
30.44,-5878186.214104703,15866630.0,49.70277998935592
30.45,-5867186.07787866,15876370.0,49.702816507007725
30.46,-5856062.714000463,15886230.0,49.70285398436093
30.47,-5844822.886615268,15896200.0,49.702892428190204
30.48,-5833475.74353902,15906290.0,49.702931848413016
30.49,-5822032.4618397355,15916480.0,49.70297225707513
30.5,-5810505.848470425,15926760.0,49.703013667407525
30.51,-5798909.900003735,15937120.0,49.70305609278519
30.52,-5787259.352539935,15947550.0,49.703099545847564
30.53,-5775569.244845631,15958020.0,49.703144037777925
30.54,-5763854.493220411,15968530.0,49.70318957753818
30.55,-5752129.493110607,15979060.0,49.70323617123066
30.56,-5740407.766629638,15989600.0,49.7032838216423
30.57,-5728701.6628262205,16000120.0,49.70333252792831
30.58,-5717022.109580467,16010630.0,49.7033822853531
30.59,-5705378.432815522,16021110.0,49.70343308525379
30.6,-5693778.235899986,16031540.0,49.70348491507146
30.61,-5682227.337112909,16041930.0,49.70353775845876
30.62,-5670729.768508058,16052260.0,49.70359159554188
30.63,-5659287.825275747,16062540.0,49.7036464032121
30.64,-5647902.174105007,16072750.0,49.70370215558504
30.65,-5636572.007871162,16082900.0,49.70375882451383
30.66,-5625295.222601748,16093000.0,49.703816379952
30.67,-5614068.626291952,16103030.0,49.70387479048185
30.68,-5602888.172410702,16113020.0,49.703934023880294
30.69,-5591749.202771556,16122950.0,49.70399404760125
30.7,-5580646.693236962,16132830.0,49.70405482924464
30.71,-5569575.487160256,16142670.0,49.70411633691865
30.72,-5558530.522288812,16152480.0,49.70417853965428
30.73,-5547507.038687751,16162260.0,49.70424140770817
30.74,-5536500.766723673,16172010.0,49.70430491286514
30.75,-5525508.0871934425,16181740.0,49.704369028605754
30.76,-5514526.15640413,16191450.0,49.70443373019782
30.77,-5503553.001529427,16201150.0,49.70449899476173
30.78,-5492587.580526009,16210830.0,49.70456480123382
30.79,-5481629.80948418,16220500.0,49.7046311302974
30.8,-5470680.563542622,16230160.0,49.70469796429939
30.81,-5459741.650047499,16239800.0,49.70476528710376
30.82,-5448815.749669786,16249440.0,49.70483308383934
30.83,-5437906.333834942,16259050.0,49.70490134065733
30.84,-5427017.5727666,16268640.0,49.70497004456869
30.85,-5416154.221812519,16278210.0,49.70503918312314
30.86,-5405321.4983081,16287750.0,49.70510874416504
30.87,-5394524.956761589,16297250.0,49.705178715610295
30.88,-5383770.353524829,16306710.0,49.70524908513853
30.89,-5373063.525826758,16316130.0,49.7053198400734
30.9,-5362410.26964931,16325490.0,49.7053909671353
30.91,-5351816.230632958,16334800.0,49.70546245232371
30.92,-5341286.812376051,16344040.0,49.70553428083343
30.93,-5330827.085646218,16353220.0,49.70560643685977
30.94,-5320441.722155649,16362320.0,49.705678903612544
30.95,-5310134.946864637,16371340.0,49.705751663317
30.96,-5299910.50583975,16380280.0,49.70582469722281
30.97,-5289771.6462296,16389130.0,49.70589798560356
30.98,-5279721.114030187,16397890.0,49.70597150783837
30.99,-5269761.174528063,16406560.0,49.70604524257109
31.0,-5259893.639123043,16415140.0,49.706119167775334
31.01,-5250119.897691429,16423610.0,49.70619326081068
31.02,-5240440.967729565,16431990.0,49.70626749861412
31.03,-5230857.554905723,16440270.0,49.70634185788055
31.04,-5221370.112625605,16448450.0,49.706416315148786
31.05,-5211978.908814558,16456540.0,49.70649084697821
31.06,-5202684.087682202,16464520.0,49.70656543001716
31.07,-5193485.732041156,16472400.0,49.70664004114375
31.08,-5184383.923388541,16480180.0,49.70671465756447
31.09,-5175378.794045746,16487860.0,49.706789256877116
31.1,-5166470.578630431,16495430.0,49.70686381718002
31.11,-5157659.6536896,16502910.0,49.706938317098114
31.12,-5148946.569566882,16510280.0,49.70701273580208
31.13,-5140332.0773906475,16517560.0,49.707087053062104
31.14,-5131817.150429793,16524730.0,49.70716124928442
31.15,-5123402.98703823,16531800.0,49.707235305403174
31.16,-5115091.007792826,16538760.0,49.707309202870235
31.17,-5106882.847494105,16545620.0,49.70738292363336
31.18,-5098780.341219154,16552370.0,49.7074564500923
31.19,-5090785.505551638,16559000.0,49.707529765052364
31.2,-5082900.5092214625,16565530.0,49.70760285162198
31.21,-5075127.643727103,16571940.0,49.707675693160816
31.22,-5067469.29542236,16578240.0,49.707748273269914
31.23,-5059927.913771722,16584420.0,49.707820575706364
31.24,-5052505.974511283,16590480.0,49.70789258428478
31.25,-5045205.947732164,16596420.0,49.70796428286065
31.26,-5038030.266966921,16602220.0,49.70803565527762
31.27,-5030981.296660338,16607900.0,49.7081066852895
31.28,-5024061.307081434,16613450.0,49.70817735656569
31.29,-5017272.453789214,16618870.0,49.708247652686126
31.3,-5010616.759783115,16624150.0,49.708317557104166
31.31,-5004096.100914862,16629300.0,49.708387053146566
31.32,-4997712.196051564,16634300.0,49.70845612401055
31.33,-4991466.598867816,16639170.0,49.70852475275876
31.34,-4985360.697767248,16643890.0,49.708592922348124
31.35,-4979395.716032883,16648470.0,49.708660615647496
31.36,-4973572.720526733,16652910.0,49.70872781548772
31.37,-4967892.631836778,16657200.0,49.708794504693344
31.38,-4962356.232911618,16661340.0,49.708860666076326
31.39,-4956964.182960265,16665330.0,49.708926282497345
31.4,-4951717.030304709,16669180.0,49.70899133687453
31.41,-4946615.223783713,16672880.0,49.70905581219486
31.42,-4941659.130226189,16676420.0,49.70911969158705
31.43,-4936849.049746347,16679820.0,49.709182958342566
31.44,-4932185.230621604,16683070.0,49.70924559593415
31.45,-4927667.884948824,16686170.0,49.70930758806186
31.46,-4923297.200749835,16689110.0,49.709368918653304
31.47,-4919073.355361042,16691910.0,49.70942957190096
31.48,-4914996.522873089,16694560.0,49.70948953224973
31.49,-4911066.881133258,16697050.0,49.7095487843947
31.5,-4907284.623837065,16699390.0,49.70960731337611
31.51,-4903649.963589268,16701580.0,49.70966510451123
31.52,-4900163.132579031,16703620.0,49.70972214338637
31.53,-4896824.3861629125,16705510.0,49.70977841590579
31.54,-4893634.003094499,16707250.0,49.70983390826636
31.55,-4890592.278118427,16708830.0,49.709888606897664
31.56,-4887699.522067871,16710260.0,49.70994249852501
31.57,-4884956.053300365,16711540.0,49.70999557009652
31.58,-4882362.193500066,16712660.0,49.71004780881711
31.59,-4879918.263982356,16713630.0,49.710099202144654
31.6,-4877624.576404637,16714440.0,49.71014973774186
31.61,-4875481.426531175,16715100.0,49.71019940348406
31.62,-4873489.0865578195,16715610.0,49.71024818744422
31.63,-4871647.7962779645,16715960.0,49.710296077864285
31.64,-4869957.754967439,16716150.0,49.71034306314401
31.65,-4868419.119004907,16716190.0,49.7103891318861
31.66,-4867032.001025175,16716070.0,49.71043427290198
31.67,-4865796.460465853,16715790.0,49.71047847513693
31.68,-4864712.499846243,16715360.0,49.71052172769092
31.69,-4863780.064057502,16714770.0,49.71056401985061
31.7,-4862999.030077824,16714030.0,49.710605340984785
31.71,-4862369.207888471,16713130.0,49.71064568063415
31.72,-4861890.346977084,16712070.0,49.710685028568534
31.73,-4861562.133341046,16710860.0,49.710723374699505
31.74,-4861384.187224537,16709480.0,49.71076070908076
31.75,-4861356.067745596,16707960.0,49.71079702197216
31.76,-4861477.278788789,16706280.0,49.710832303853444
31.77,-4861747.270809991,16704440.0,49.71086654540081
31.78,-4862165.444640487,16702460.0,49.710899737503176
31.79,-4862731.158093174,16700310.0,49.71093187130646
31.8,-4863443.725291381,16698020.0,49.71096293814106
31.81,-4864302.417192964,16695570.0,49.71099292954369
31.82,-4865306.477103164,16692970.0,49.71102183740138
31.83,-4866455.126595842,16690220.0,49.711049653889255
31.84,-4867747.561876061,16687320.0,49.71107637139664
31.85,-4869182.955775304,16684260.0,49.711101982566056
31.86,-4870760.4646525355,16681060.0,49.71112648035843
31.87,-4872479.235255641,16677720.0,49.71114985806487
31.88,-4874338.404476846,16674220.0,49.71117210924943
31.89,-4876337.100646197,16670580.0,49.71119322777379
31.9,-4878474.441808065,16666790.0,49.71121320777376
31.91,-4880749.5415154835,16662860.0,49.71123204371909
31.92,-4883161.506717981,16658780.0,49.71124973037323
31.93,-4885709.436783882,16654560.0,49.711266262779795
31.94,-4888392.427819835,16650200.0,49.711281636336516
31.95,-4891209.569991925,16645690.0,49.711295846720546
31.96,-4894159.941307005,16641050.0,49.71130888986307
31.97,-4897242.604854648,16636260.0,49.71132076195982
31.98,-4900456.60530148,16631340.0,49.71133145947712
31.99,-4903800.968340072,16626280.0,49.711340979154436
32.0,-4907274.7020740835,16621080.0,49.71134931803963
32.01,-4910876.7905996805,16615740.0,49.71135647340513
32.02,-4914606.1902505765,16610270.0,49.71136244276222
32.03,-4918461.832327761,16604670.0,49.711367223924356
32.04,-4922442.61444152,16598930.0,49.71137081488868
32.05,-4926547.398498071,16593060.0,49.71137321388598
32.06,-4930775.015064014,16587060.0,49.71137441943968
32.07,-4935124.25833923,16580930.0,49.71137443027961
32.08,-4939593.886246132,16574670.0,49.711373245379455
32.09,-4944182.6192656495,16568280.0,49.711370863940466
32.1,-4948889.139156553,16561760.0,49.711367285388896
32.11,-4953712.098214103,16555120.0,49.711362509467726
32.12,-4958650.118864476,16548360.0,49.71135653616811
32.13,-4963701.789611258,16541470.0,49.71134936568262
32.14,-4968865.667639302,16534460.0,49.71134099846539
32.15,-4974140.279373782,16527340.0,49.71133143520699
32.16,-4979524.129246725,16520090.0,49.71132067692576
32.17,-4985015.702787023,16512730.0,49.71130872491704
32.18,-4990613.458891006,16505250.0,49.711295580663474
32.19,-4996315.84179082,16497660.0,49.71128124599505
32.2,-5002121.279376272,16489950.0,49.71126572299678
32.21,-5008028.184817709,16482130.0,49.711249014025555
32.22,-5014034.960358465,16474200.0,49.71123112173173
32.23,-5020139.992569008,16466170.0,49.71121204899006
32.24,-5026341.656593,16458030.0,49.71119179897196
32.25,-5032638.318124594,16449780.0,49.71117037513188
32.26,-5039028.337727116,16441440.0,49.71114778123321
32.27,-5045510.068096334,16432980.0,49.711124021289635
32.28,-5052081.845162477,16424430.0,49.7110990994929
32.29,-5058741.991934841,16415780.0,49.71107302032382
32.3,-5065488.819848686,16407040.0,49.71104578852501
32.31,-5072320.628064083,16398200.0,49.71101740909194
32.32,-5079235.70156634,16389260.0,49.71098788724977
32.33,-5086232.308976828,16380230.0,49.710957228447825
32.34,-5093308.706227898,16371120.0,49.710925438410484
32.35,-5100463.133807692,16361910.0,49.7108925230773
32.36,-5107693.816733417,16352620.0,49.71085848862566
32.37,-5114998.9631569795,16343240.0,49.710823341445746
32.38,-5122376.7618275,16333780.0,49.71078708812803
32.39,-5129825.381599039,16324240.0,49.71074973547919
32.4,-5137342.977490541,16314610.0,49.71071129057473
32.41,-5144927.687814239,16304910.0,49.7106717606834
32.42,-5152577.63135396,16295140.0,49.71063115325929
32.43,-5160290.910519917,16285290.0,49.710589475985856
32.44,-5168065.610978388,16275360.0,49.71054673675205
32.45,-5175899.806466206,16265370.0,49.710502943695346
32.46,-5183791.560084233,16255310.0,49.71045810516539
32.47,-5191738.921206214,16245180.0,49.71041222969733
32.48,-5199739.929617116,16234990.0,49.71036532605787
32.49,-5207792.618465157,16224730.0,49.71031740324164
32.5,-5215895.008958309,16214410.0,49.71026847040126
32.51,-5224045.116045799,16204040.0,49.71021853693393
32.52,-5232240.951891384,16193600.0,49.71016761246516
32.53,-5240480.521263352,16183120.0,49.71011570678043
32.54,-5248761.819477355,16172570.0,49.71006282982995
32.55,-5257082.834608047,16161980.0,49.710008991772796
32.56,-5265441.553239362,16151340.0,49.709954203001644
32.57,-5273835.956712568,16140650.0,49.70989847406228
32.58,-5282264.025855777,16129920.0,49.709841815732155
32.59,-5290723.740539574,16119140.0,49.70978423896221
32.6,-5299213.0754704615,16108330.0,49.70972575485007
32.61,-5307730.0053764,16097470.0,49.7096663747052
32.62,-5316272.499435019,16086580.0,49.709606109967574
32.63,-5324838.5237798365,16075650.0,49.709544972250114
32.64,-5333426.040422658,16064690.0,49.70948297332687
32.65,-5342033.008623639,16053690.0,49.70942012513448
32.66,-5350657.388088305,16042670.0,49.70935643979688
32.67,-5359297.137784635,16031620.0,49.70929192958104
32.68,-5367950.214700187,16020550.0,49.70922660689454
32.69,-5376614.573735795,16009460.0,49.709160484283046
32.7,-5385288.16720009,15998340.0,49.70909357442785
32.71,-5393968.952166749,15987200.0,49.70902589021493
32.72,-5402654.89049893,15976050.0,49.7089574446757
32.73,-5411343.942206409,15964890.0,49.70888825091821
32.74,-5420034.072234682,15953710.0,49.70881832224031
32.75,-5428723.25100255,15942520.0,49.70874767207197
32.76,-5437409.454143207,15931320.0,49.708676313979446
32.77,-5446090.666746458,15920120.0,49.70860426168666
32.78,-5454764.873479052,15908910.0,49.70853152896262
32.79,-5463430.062812695,15897700.0,49.70845812970852
32.8,-5472084.233769941,15886480.0,49.7083840780144
32.81,-5480725.398014039,15875280.0,49.70830938810711
32.82,-5489351.57727109,15864070.0,49.70823407430576
32.83,-5497960.793850408,15852870.0,49.70815815095344
32.84,-5506551.077552984,15841680.0,49.70808163254233
32.85,-5515120.471400452,15830490.0,49.708004533725685
32.86,-5523667.030084115,15819320.0,49.70792686923925
32.87,-5532188.817498228,15808160.0,49.70784865389941
32.88,-5540683.902956352,15797020.0,49.707769902571286
32.89,-5549150.362925794,15785900.0,49.70769063021246
32.9,-5557586.2857865365,15774790.0,49.707610851904356
32.91,-5565989.771587238,15763710.0,49.70753058280781
32.92,-5574358.9294071235,15752650.0,49.707449838131026
32.93,-5582691.8791560875,15741610.0,49.707368633173274
32.94,-5590986.754689839,15730600.0,49.70728698332059
32.95,-5599241.70117721,15719620.0,49.70720490401238
32.96,-5607454.872289812,15708680.0,49.70712241071226
32.97,-5615624.433026162,15697760.0,49.70703951896032
32.98,-5623748.565790941,15686880.0,49.70695624440569
32.99,-5631825.463952505,15676040.0,49.70687260269729
33.0,-5639853.338433878,15665230.0,49.706788609580755
33.01,-5647830.416570057,15654460.0,49.7067042808498
33.02,-5655754.938739903,15643740.0,49.70661963229825
33.03,-5663625.158807522,15633060.0,49.70653467976741
33.04,-5671439.34849665,15622430.0,49.70644943916212
33.05,-5679195.796476197,15611840.0,49.70636392641619
33.06,-5686892.80755732,15601300.0,49.70627815747982
33.07,-5694528.706390237,15590820.0,49.70619214836771
33.08,-5702101.835927473,15580380.0,49.706105915097744
33.09,-5709610.55770665,15570010.0,49.7060194737151
33.1,-5717053.254869154,15559680.0,49.70593284030578
33.11,-5724428.332222955,15549420.0,49.70584603097728
33.12,-5731734.215336658,15539210.0,49.705759061840816
33.13,-5738969.348776367,15529070.0,49.7056719490006
33.14,-5746132.198326978,15518980.0,49.70558470857894
33.15,-5753221.250654537,15508970.0,49.705497356700306
33.16,-5760235.013252516,15499020.0,49.705409909482235
33.17,-5767172.01307715,15489130.0,49.70532238302563
33.18,-5774030.7963189185,15479310.0,49.70523479341074
33.19,-5780809.931022611,15469570.0,49.70514715672758
33.2,-5787508.005154929,15459900.0,49.705059489028415
33.21,-5794123.6256358735,15450300.0,49.70497180633303
33.22,-5800655.418507288,15440770.0,49.70488412462471
33.23,-5807102.032178903,15431320.0,49.70479645989275
33.24,-5813462.140568362,15421950.0,49.704708828118946
33.25,-5819734.434737855,15412660.0,49.70462124517401
33.26,-5825917.62647667,15403450.0,49.704533726911556
33.27,-5832010.450410938,15394320.0,49.704446289162085
33.28,-5838011.6641809875,15385270.0,49.70435894770752
33.29,-5843920.045712713,15376310.0,49.70427171825049
33.3,-5849734.393331268,15367430.0,49.70418461643869
33.31,-5855453.531402482,15358640.0,49.70409765790682
33.32,-5861076.307668336,15349940.0,49.70401085821346
33.33,-5866601.594963479,15341330.0,49.70392423286186
33.34,-5872028.289801686,15332810.0,49.70383779727805
33.35,-5877355.313750894,15324380.0,49.703751566836615
33.36,-5882581.617603802,15316050.0,49.703665556873
33.37,-5887706.174959404,15307800.0,49.703579782594566
33.38,-5892727.984962974,15299660.0,49.703494259155896
33.39,-5897646.076990256,15291610.0,49.703409001671425
33.4,-5902459.505142745,15283660.0,49.70332402513222
33.41,-5907167.34911142,15275800.0,49.70323934444409
33.42,-5911768.717549836,15268050.0,49.703154974455764
33.43,-5916262.745699914,15260400.0,49.70307092991247
33.44,-5920648.592498754,15252850.0,49.70298722542337
33.45,-5924925.440869249,15245400.0,49.70290387550656
33.46,-5929092.506559092,15238050.0,49.70282089465861
33.47,-5933149.029222185,15230810.0,49.70273829719349
33.48,-5937094.272196382,15223680.0,49.702656097315085
33.49,-5940927.526497454,15216640.0,49.702574309143706
33.5,-5944648.1041095685,15209720.0,49.70249294662521
33.51,-5948255.346417023,15202910.0,49.702412023657686
33.52,-5951748.622513429,15196200.0,49.702331554014215
33.53,-5955127.32129509,15189600.0,49.70225155125875
33.54,-5958390.858236722,15183110.0,49.702172028889855
33.55,-5961538.678194979,15176730.0,49.702093000301716
33.56,-5964570.249556996,15170460.0,49.70201447870238
33.57,-5967485.069543297,15164310.0,49.70193647721753
33.58,-5970282.663882241,15158260.0,49.70185900882857
33.59,-5972962.578277528,15152330.0,49.70178208630056
33.6,-5975524.38421462,15146520.0,49.70170572229949
33.61,-5977967.685750255,15140810.0,49.701629929407595
33.62,-5980292.112471259,15135220.0,49.70155472000339
33.63,-5982497.322977904,15129750.0,49.701480106349614
33.64,-5984583.006837197,15124390.0,49.70140610057709
33.65,-5986548.879531624,15119150.0,49.7013327146208
33.66,-5988394.68275176,15114020.0,49.7012599602654
33.67,-5990120.187196793,15109010.0,49.70118784915195
33.68,-5991725.192874526,15104120.0,49.7011163927815
33.69,-5993209.529003024,15099340.0,49.70104560248583
33.7,-5994573.047073601,15094680.0,49.70097548936961
33.71,-5995815.625635316,15090140.0,49.700906064414276
33.72,-5996937.171843114,15085720.0,49.700837338437836
33.73,-5997937.619932429,15081410.0,49.700769322087694
33.74,-5998816.933735781,15077230.0,49.700702025849644
33.75,-5999575.105444449,15073160.0,49.70063546004016
33.76,-6000212.154594805,15069210.0,49.70056963478446
33.77,-6000728.126197173,15065380.0,49.70050456001807
33.78,-6001123.0927348705,15061670.0,49.70044024550847
33.79,-6001397.15121034,15058070.0,49.70037670081542
33.8,-6001550.424229718,15054600.0,49.70031393532529
33.81,-6001583.061830784,15051240.0,49.70025195824614
33.82,-6001495.237445793,15048010.0,49.700190778568874
33.83,-6001287.146874317,15044890.0,49.70013040507775
33.84,-6000959.0122111235,15041890.0,49.700070846390595
33.85,-6000511.083618276,15039010.0,49.70001211095869
33.86,-5999943.638822057,15036250.0,49.69995420703163
33.87,-5999256.975599277,15033600.0,49.69989714259781
33.88,-5998451.41683846,15031080.0,49.69984092548487
33.89,-5997527.317949955,15028670.0,49.699785563392155
33.9,-5996485.06192852,15026380.0,49.69973106378662
33.91,-5995325.05440339,15024210.0,49.699677433892305
33.92,-5994047.723063739,15022150.0,49.699624680717086
33.93,-5992653.522724135,15020220.0,49.699572811111935
33.94,-5991142.933222329,15018390.0,49.69952183170658
33.95,-5989516.461357617,15016690.0,49.699471748944966
33.96,-5987774.643688674,15015100.0,49.69942256909709
33.97,-5985918.040220518,15013620.0,49.69937429817792
33.98,-5983947.233717137,15012260.0,49.699326941985696
33.99,-5981862.833058235,15011020.0,49.69928050613358
34.0,-5979665.469253083,15009880.0,49.69923499600318
34.01,-5977355.7991373325,15008870.0,49.69919041678815
34.02,-5974934.501328892,15007960.0,49.69914677344544
34.03,-5972402.27268644,15007170.0,49.69910407067593
34.04,-5969759.836725943,15006490.0,49.69906231303935
34.05,-5967007.9407179495,15005920.0,49.69902150486945
34.06,-5964147.352948445,15005460.0,49.698981650254076
34.07,-5961178.867722779,15005110.0,49.698942753118914
34.08,-5958103.298756909,15004870.0,49.698904817115356
34.09,-5954921.480757929,15004740.0,49.69886784569149
34.1,-5951634.271008441,15004720.0,49.69883184208989
34.11,-5948242.544743333,15004800.0,49.69879680930048
34.12,-5944747.194845812,15004990.0,49.69876275007795
34.13,-5941149.1327392785,15005290.0,49.698729666971516
34.14,-5937449.295492749,15005690.0,49.698697562372125
34.15,-5933648.640919963,15006190.0,49.69866643841639
34.16,-5929748.143122003,15006800.0,49.6986362969858
34.17,-5925748.797421311,15007510.0,49.698607139775135
34.18,-5921651.6202931795,15008320.0,49.69857896827457
34.19,-5917457.64650469,15009230.0,49.69855178372662
34.2,-5913167.930178391,15010240.0,49.69852558716382
34.21,-5908783.547739063,15011350.0,49.69850037943722
34.22,-5904305.592775784,15012560.0,49.69847616113333
34.23,-5899735.176589614,15013860.0,49.69845293262594
34.24,-5895073.431363895,15015260.0,49.698430694103834
34.25,-5890321.509011468,15016750.0,49.69840944553545
34.26,-5885480.576599771,15018340.0,49.69838918663366
34.27,-5880551.8146137055,15020020.0,49.69836991687509
34.28,-5875536.423704937,15021790.0,49.698351635578256
34.29,-5870435.625018608,15023650.0,49.69833434186258
34.3,-5865250.654366313,15025600.0,49.69831803458354
34.31,-5859982.76345065,15027640.0,49.69830271239321
34.32,-5854633.220750844,15029760.0,49.698288373743836
34.33,-5849203.310928874,15031970.0,49.69827501686718
34.34,-5843694.330188058,15034260.0,49.698262639750716
34.35,-5838107.587033632,15036640.0,49.698251240166016
34.36,-5832444.403206109,15039100.0,49.69824081568069
34.37,-5826706.116269503,15041640.0,49.698231363680875
34.38,-5820894.075481656,15044260.0,49.698222881305306
34.39,-5815009.6382240495,15046950.0,49.698215365448974
34.4,-5809054.176680043,15049730.0,49.69820881285722
34.41,-5803029.077178627,15052570.0,49.6982032200659
34.42,-5796935.738111818,15055500.0,49.69819858339233
34.43,-5790775.567675841,15058490.0,49.69819489892659
34.44,-5784549.985253707,15061560.0,49.69819216256575
34.45,-5778260.423826937,15064690.0,49.69819037003621
34.46,-5771908.332051339,15067900.0,49.69818951688157
34.47,-5765495.168929787,15071170.0,49.69818959841467
34.48,-5759022.401548859,15074500.0,49.69819060972371
34.49,-5752491.509135178,15077910.0,49.69819254574297
34.5,-5745903.97817513,15081370.0,49.69819540116561
34.51,-5739261.302708023,15084900.0,49.69819917049523
34.52,-5732564.9874122655,15088480.0,49.69820384807007
34.53,-5725816.545684485,15092120.0,49.698209428027226
34.54,-5719017.498169694,15095820.0,49.698215904300476
34.55,-5712169.375675659,15099580.0,49.698223270665494
34.56,-5705273.719929053,15103390.0,49.69823152072769
34.57,-5698332.076811382,15107250.0,49.69824064785492
34.58,-5691346.000633172,15111170.0,49.6982506452638
34.59,-5684317.054885735,15115130.0,49.69826150601234
34.6,-5677246.807068267,15119140.0,49.69827322293002
34.61,-5670136.828288811,15123200.0,49.69828578867144
34.62,-5662988.697992921,15127300.0,49.698299195753634
34.63,-5655803.998446718,15131440.0,49.698313436481726
34.64,-5648584.316956206,15135630.0,49.69832850300478
34.65,-5641331.249744697,15139860.0,49.69834438734894
34.66,-5634046.394613761,15144120.0,49.6983610813088
34.67,-5626731.35013918,15148420.0,49.69837857651007
34.68,-5619387.719879623,15152760.0,49.69839686444827
34.69,-5612017.107649133,15157130.0,49.69841593642108
34.7,-5604621.119730035,15161530.0,49.69843578358357
34.71,-5597201.3656667555,15165970.0,49.69845639694988
34.72,-5589759.456953166,15170430.0,49.69847776736716
34.73,-5582297.006172542,15174920.0,49.69849988552685
34.74,-5574815.627446059,15179430.0,49.69852274197732
34.75,-5567316.933748217,15183970.0,49.698546327094725
34.76,-5559802.5361530995,15188530.0,49.698570631103514
34.77,-5552274.047865564,15193110.0,49.69859564412146
34.78,-5544733.083760672,15197720.0,49.69862135612778
34.79,-5537181.260662787,15202330.0,49.69864775697543
34.8,-5529620.198024283,15206970.0,49.69867483639863
34.81,-5522051.512451532,15211620.0,49.69870258394826
34.82,-5514476.814211723,15216280.0,49.6987309890185
34.83,-5506897.710740251,15220950.0,49.69876004089663
34.84,-5499315.80878925,15225630.0,49.698789728771516
34.85,-5491732.7165245535,15230320.0,49.698820041737875
34.86,-5484150.038960592,15235020.0,49.69885096872911
34.87,-5476569.37856962,15239720.0,49.69888249857872
34.88,-5468992.336633302,15244420.0,49.69891462002032
34.89,-5461420.50770248,15249120.0,49.69894732162894
34.9,-5453855.476835422,15253830.0,49.698980591840346
34.91,-5446298.826288874,15258530.0,49.699014419043564
34.92,-5438752.135843477,15263230.0,49.699048791534324
34.93,-5431216.981306523,15267920.0,49.699083697496306
34.94,-5423694.932327168,15272610.0,49.69911912500612
34.95,-5416187.549693391,15277290.0,49.699155062015244
34.96,-5408696.386953167,15281960.0,49.69919149639845
34.97,-5401222.99625669,15286610.0,49.699228415998014
34.98,-5393768.924069814,15291260.0,49.69926580854169
34.99,-5386335.70624999,15295880.0,49.69930366163032
35.0,-5378924.868637577,15300500.0,49.69934196278455
35.01,-5371537.928218579,15305090.0,49.69938069945673
35.02,-5364176.397310592,15309670.0,49.69941985906847
35.03,-5356841.783314398,15314220.0,49.699459428972155
35.04,-5349535.580600988,15318750.0,49.69949939638374
35.05,-5342259.270128438,15323260.0,49.699539748444096
35.06,-5335014.326637008,15327740.0,49.699580472292666
35.07,-5327802.219024021,15332200.0,49.69962155502306
35.08,-5320624.402969711,15336630.0,49.69966298361106
35.09,-5313482.320952854,15341020.0,49.69970474497214
35.1,-5306377.409218778,15345390.0,49.69974682603205
35.11,-5299311.093253771,15349720.0,49.69978921364276
35.12,-5292284.78643946,15354020.0,49.69983189459336
35.13,-5285299.891268258,15358280.0,49.699874855646875
35.14,-5278357.796117082,15362510.0,49.69991808350072
35.15,-5271459.8775406955,15366690.0,49.699961564829835
35.16,-5264607.503197725,15370840.0,49.700005286314415
35.17,-5257802.026749104,15374940.0,49.70004923455622
35.18,-5251044.790436921,15379000.0,49.700093396163844
35.19,-5244337.12630214,15383020.0,49.700137757730744
35.2,-5237680.352105809,15386990.0,49.70018230580111
35.21,-5231075.7746482855,15390910.0,49.70022702693643
35.22,-5224524.683865192,15394790.0,49.70027190762809
35.23,-5218028.351011705,15398610.0,49.70031693434257
35.24,-5211588.034820388,15402390.0,49.7003620935821
35.25,-5205204.983001727,15406110.0,49.70040737186672
35.26,-5198880.42776501,15409780.0,49.70045275567945
35.27,-5192615.585374089,15413390.0,49.700498231503246
35.28,-5186411.654505465,15416940.0,49.70054378580062
35.29,-5180269.816368936,15420440.0,49.70058940504932
35.3,-5174191.24132502,15423880.0,49.70063507578919
35.31,-5168177.085774488,15427260.0,49.700680784561975
35.32,-5162228.489097202,15430580.0,49.70072651789465
35.33,-5156346.572691886,15433840.0,49.700772262326055
35.34,-5150532.436392294,15437030.0,49.700818004384224
35.35,-5144787.163308417,15440160.0,49.700863730651335
35.36,-5139111.825420736,15443220.0,49.70090942779945
35.37,-5133507.477392521,15446210.0,49.70095508248396
35.38,-5127975.154013875,15449140.0,49.70100068136779
35.39,-5122515.872768211,15452000.0,49.70104621117131
35.4,-5117130.631618486,15454780.0,49.70109165863935
35.41,-5111820.409808265,15457500.0,49.7011370105549
35.42,-5106586.170545446,15460140.0,49.701182253780495
35.43,-5101428.860045718,15462710.0,49.70122737521848
35.44,-5096349.406744724,15465200.0,49.70127236181937
35.45,-5091348.72039438,15467620.0,49.7013172005817
35.46,-5086427.6880798675,15469960.0,49.70136187851989
35.47,-5081587.178660655,15472230.0,49.701406382747074
35.48,-5076828.044715413,15474420.0,49.701450700458935
35.49,-5072151.119990011,15476520.0,49.70149481889491
35.5,-5067557.219574595,15478550.0,49.70153872537236
35.51,-5063047.140309163,15480500.0,49.701582407278394
35.52,-5058621.658625935,15482360.0,49.70162585206262
35.53,-5054281.5257081315,15484150.0,49.701669047193306
35.54,-5050027.469817006,15485840.0,49.701711980236965
35.55,-5045860.20381053,15487460.0,49.70175463890812
35.56,-5041780.421055914,15488990.0,49.70179701097031
35.57,-5037788.794181333,15490430.0,49.701839084269125
35.58,-5033885.972798922,15491790.0,49.70188084671111
35.59,-5030072.584128483,15493060.0,49.70192228629553
35.6,-5026349.237896831,15494240.0,49.70196339116069
35.61,-5022716.5267476225,15495340.0,49.70200414955677
35.62,-5019175.0206688605,15496340.0,49.70204454978008
35.63,-5015725.26505368,15497250.0,49.70208458020398
35.64,-5012367.78662045,15498080.0,49.702124229361985
35.65,-5009103.090856945,15498810.0,49.70216348587167
35.66,-5005931.661851667,15499450.0,49.702202338451436
35.67,-5002853.960928182,15500000.0,49.70224077592363
35.68,-4999870.431145699,15500450.0,49.70227878726228
35.69,-4996981.498733792,15500820.0,49.70231636158019
35.7,-4994187.568148451,15501090.0,49.702353488057796
35.71,-4991489.012500072,15501260.0,49.702390155914685
35.72,-4988886.181794189,15501340.0,49.70242635454142
35.73,-4986379.408685596,15501320.0,49.702462073509594
35.74,-4983969.004958314,15501220.0,49.70249730249019
35.75,-4981655.261529997,15501010.0,49.702532031285386
35.76,-4979438.447772654,15500710.0,49.70256624982113
35.77,-4977318.813909025,15500310.0,49.70259994817432
35.78,-4975296.585949965,15499810.0,49.70263311651836
35.79,-4973371.962670798,15499220.0,49.70266574512253
35.8,-4971545.123065626,15498530.0,49.70269782445352
35.81,-4969816.227950875,15497740.0,49.70272934514182
35.82,-4968185.415760446,15496860.0,49.70276029792564
35.83,-4966652.802376474,15495880.0,49.702790673674365
35.84,-4965218.476799835,15494790.0,49.70282046336841
35.85,-4963882.509745732,15493620.0,49.7028496581975
35.86,-4962644.949610082,15492340.0,49.70287824947482
35.87,-4961505.820021559,15490960.0,49.70290622862984
35.88,-4960465.128157923,15489490.0,49.70293358732402
35.89,-4959522.863281735,15487910.0,49.702960317368344
35.9,-4958678.989516985,15486240.0,49.70298641065712
35.91,-4957933.448295338,15484470.0,49.7030118592644
35.92,-4957286.163771899,15482600.0,49.703036655469155
35.93,-4956737.038738029,15480630.0,49.70306079167628
35.94,-4956285.95160679,15478570.0,49.703084260421946
35.95,-4955932.7577789,15476400.0,49.70310705441425
35.96,-4955677.290784284,15474140.0,49.70312916652311
35.97,-4955519.36496523,15471780.0,49.703150589814655
35.98,-4955458.776342826,15469320.0,49.70317131753026
35.99,-4955495.298869839,15466760.0,49.7031913430433
36.0,-4955628.683523632,15464100.0,49.70321065988966
36.01,-4955858.658137776,15461350.0,49.703229261756086
36.02,-4956184.931165358,15458500.0,49.70324714254448
36.03,-4956607.1939132195,15455550.0,49.7032642963402
36.04,-4957125.114746907,15452510.0,49.70328071736018
36.05,-4957738.34291183,15449360.0,49.70329640001421
36.06,-4958446.506152661,15446130.0,49.70331133887688
36.07,-4959249.2095805835,15442790.0,49.70332552867005
36.08,-4960146.037444112,15439360.0,49.70333896431677
36.09,-4961136.557696741,15435840.0,49.70335164094488
36.1,-4962220.315691874,15432220.0,49.70336355381613
36.11,-4963396.837663632,15428510.0,49.70337469838498
36.12,-4964665.630740351,15424700.0,49.70338507029368
36.13,-4966026.181191675,15420800.0,49.70339466534464
36.14,-4967477.9574011825,15416800.0,49.70340347954041
36.15,-4969020.410909035,15412720.0,49.703411509082045
36.16,-4970652.977799245,15408540.0,49.70341875036361
36.17,-4972375.071086771,15404270.0,49.7034251998941
36.18,-4974186.080151936,15399910.0,49.70343085435071
36.19,-4976085.377923581,15395460.0,49.70343571064473
36.2,-4978072.31958943,15390920.0,49.70343976586845
36.21,-4980146.2425570125,15386290.0,49.70344301728945
36.22,-4982306.468409079,15381570.0,49.70344546237941
36.23,-4984552.298823518,15376760.0,49.703447098760215
36.24,-4986883.017808583,15371870.0,49.70344792424144
36.25,-4989297.892405193,15366890.0,49.70344793683644
36.26,-4991796.170598794,15361820.0,49.70344713471058
36.27,-4994377.081220581,15356670.0,49.70344551620825
36.28,-4997039.835843102,15351440.0,49.70344307987294
36.29,-4999783.632561182,15346120.0,49.7034398244617
36.3,-5002607.655109578,15340720.0,49.70343574891736
36.31,-5005511.071693569,15335230.0,49.70343085234849
36.32,-5008493.033759715,15329670.0,49.70342513404697
36.33,-5011552.678923573,15324030.0,49.703418593500324
36.34,-5014689.127921339,15318300.0,49.70341123036264
36.35,-5017901.485428948,15312500.0,49.703403044470996
36.36,-5021188.845385181,15306620.0,49.70339403588861
36.37,-5024550.285956763,15300660.0,49.70338420482762
36.38,-5027984.868992803,15294630.0,49.7033735516683
36.39,-5031491.6428970955,15288520.0,49.70336207699858
36.4,-5035069.638213515,15282340.0,49.70334978153989
36.41,-5038717.868956015,15276090.0,49.703336666200606
36.42,-5042435.341236174,15269760.0,49.70332273214554
36.43,-5046221.05023032,15263370.0,49.7033079807045
36.44,-5050073.976512272,15256900.0,49.70329241334277
36.45,-5053993.085169287,15250360.0,49.70327603170318
36.46,-5057977.331127297,15243760.0,49.70325883764091
36.47,-5062025.656511517,15237090.0,49.70324083317122
36.48,-5066136.98612001,15230350.0,49.70322202043625
36.49,-5070310.23547982,15223550.0,49.70320240181949
36.5,-5074544.310375456,15216690.0,49.703181979880746
36.51,-5078838.103526961,15209760.0,49.7031607573189
36.52,-5083190.494735858,15202770.0,49.70313873700179
36.53,-5087600.354279701,15195720.0,49.70311592199773
36.54,-5092066.543465863,15188620.0,49.703092315552325
36.55,-5096587.907037832,15181450.0,49.70306792100564
36.56,-5101163.27923912,15174230.0,49.703042741908746
36.57,-5105791.49239975,15166950.0,49.703016782067635
36.58,-5110471.370500014,15159620.0,49.7029900453995
36.59,-5115201.727277017,15152230.0,49.702962535972986
36.6,-5119981.367175818,15144790.0,49.702934258023504
36.61,-5124809.085106273,15137310.0,49.70290521594178
36.62,-5129683.66711109,15129770.0,49.70287541428935
36.63,-5134603.890750665,15122180.0,49.702844857780974
36.64,-5139568.525602867,15114550.0,49.70281355130173
36.65,-5144576.333422207,15106870.0,49.70278149988452
36.66,-5149626.073257167,15099150.0,49.70274870876706
36.67,-5154716.497291675,15091380.0,49.702715183316194
36.68,-5159846.348727685,15083570.0,49.702680929020445
36.69,-5165014.367583499,15075720.0,49.70264595157845
36.7,-5170219.2898392575,15067840.0,49.70261025682545
36.71,-5175459.842933242,15059910.0,49.70257385071537
36.72,-5180734.746318656,15051950.0,49.702536739337646
36.73,-5186042.712021825,15043950.0,49.7024989289328
36.74,-5191382.447424256,15035920.0,49.702460425900775
36.75,-5196752.658108647,15027850.0,49.7024212368097
36.76,-5202152.046267129,15019760.0,49.702381368361166
36.77,-5207579.312011787,15011630.0,49.70234082740595
36.78,-5213033.154403533,15003480.0,49.70229962094662
36.79,-5218512.266784971,14995300.0,49.70225775607223
36.8,-5224015.33780017,14987090.0,49.70221524001677
36.81,-5229541.053727661,14978860.0,49.70217208016073
36.82,-5235088.093582097,14970600.0,49.702128283964875
36.83,-5240655.135429839,14962330.0,49.70208385906618
36.84,-5246240.855825072,14954030.0,49.7020388132299
36.85,-5251843.929586408,14945710.0,49.70199315432941
36.86,-5257463.031282493,14937380.0,49.70194689038753
36.87,-5263096.83620843,14929030.0,49.701900029544674
36.88,-5268744.016178941,14920660.0,49.70185258002733
36.89,-5274403.243459943,14912280.0,49.701804550204635
36.9,-5280073.192715434,14903890.0,49.70175594858242
36.91,-5285752.540394869,14895490.0,49.701706783775165
36.92,-5291439.96109872,14887080.0,49.701657064471426
36.93,-5297134.127126161,14878660.0,49.701606799456314
36.94,-5302833.715942575,14870240.0,49.7015559976896
36.95,-5308537.4048439525,14861800.0,49.70150466818598
36.96,-5314243.8732439885,14853370.0,49.701452820078515
36.97,-5319951.803599204,14844930.0,49.701400462611915
36.98,-5325659.87709368,14836490.0,49.70134760508233
36.99,-5331366.779285457,14828060.0,49.701294256926445
37.0,-5337071.200011463,14819620.0,49.70124042768035
37.01,-5342771.835742539,14811180.0,49.70118612699076
37.02,-5348467.387499412,14802760.0,49.70113136457675
37.03,-5354156.556711944,14794330.0,49.70107615021123
37.04,-5359838.045341905,14785910.0,49.70102049373232
37.05,-5365510.559938049,14777500.0,49.70096440509911
37.06,-5371172.811769261,14769100.0,49.70090789434727
37.07,-5376823.515077482,14760720.0,49.70085097157199
37.08,-5382461.39102477,14752340.0,49.70079364697244
37.09,-5388085.167205298,14743980.0,49.70073593082259
37.1,-5393693.579777415,14735630.0,49.700677833480064
37.11,-5399285.367110107,14727300.0,49.700619365319945
37.12,-5404859.273215064,14718990.0,49.700560536799955
37.13,-5410414.049591678,14710690.0,49.70050135846131
37.14,-5415948.4520048695,14702420.0,49.700441840868564
37.15,-5421461.246999344,14694160.0,49.70038199470527
37.16,-5426951.209711264,14685930.0,49.70032183069394
37.17,-5432417.121161509,14677730.0,49.70026135958629
37.18,-5437857.768391386,14669550.0,49.700200592175506
37.19,-5443271.942433176,14661390.0,49.70013953928305
37.2,-5448658.443341777,14653260.0,49.70007821181245
37.21,-5454016.085352812,14645170.0,49.7000166207596
37.22,-5459343.693277768,14637100.0,49.69995477714159
37.23,-5464640.096496633,14629060.0,49.69989269195
37.24,-5469904.1343895765,14621060.0,49.69983037625763
37.25,-5475134.657793132,14613090.0,49.69976784118524
37.26,-5480330.521399237,14605150.0,49.69970509781143
37.27,-5485490.589640804,14597260.0,49.69964215728652
37.28,-5490613.741965078,14589390.0,49.69957903083693
37.29,-5495698.867919672,14581570.0,49.69951572966962
37.3,-5500744.86986229,14573790.0,49.699452265043476
37.31,-5505750.663910578,14566050.0,49.69938864824341
37.32,-5510715.175822544,14558350.0,49.699324890534236
37.33,-5515637.340855582,14550690.0,49.69926100319172
37.34,-5520516.107500091,14543080.0,49.69919699753054
37.35,-5525350.438031146,14535510.0,49.69913288488518
37.36,-5530139.304844504,14527990.0,49.699068676563144
37.37,-5534881.6918551,14520520.0,49.69900438388179
37.38,-5539576.594246364,14513090.0,49.6989400181565
37.39,-5544223.018446783,14505720.0,49.6988755906977
37.4,-5548819.98569638,14498390.0,49.698811112841184
37.41,-5553366.529638564,14491120.0,49.69874659589881
37.42,-5557861.6919683255,14483900.0,49.69868205112328
37.43,-5562304.526674325,14476730.0,49.698617489792504
37.44,-5566694.103436704,14469620.0,49.69855292319392
37.45,-5571029.509722622,14462570.0,49.69848836262469
37.46,-5575309.847188353,14455570.0,49.698423819341905
37.47,-5579534.23251715,14448620.0,49.69835930457733
37.48,-5583701.799284856,14441740.0,49.69829482956949
37.49,-5587811.6939035505,14434920.0,49.6982304054899
37.5,-5591863.072979611,14428150.0,49.69816604345595
37.51,-5595855.1110934485,14421450.0,49.69810175461822
37.52,-5599787.001418384,14414810.0,49.69803755010875
37.53,-5603657.950414466,14408240.0,49.69797344097777
37.54,-5607467.175187232,14401720.0,49.697909438208995
37.55,-5611213.907849029,14395270.0,49.69784555277672
37.56,-5614897.394762417,14388890.0,49.697781795605536
37.57,-5618516.898744853,14382570.0,49.69771817759297
37.58,-5622071.700822868,14376320.0,49.69765470960949
37.59,-5625561.096178,14370140.0,49.6975914024409
37.6,-5628984.397661566,14364030.0,49.69752826684638
37.61,-5632340.934645282,14357980.0,49.69746531353142
37.62,-5635630.05203987,14352010.0,49.69740255313001
37.63,-5638851.107430567,14346110.0,49.69733999618854
37.64,-5642003.475727491,14340280.0,49.69727765323348
37.65,-5645086.553827511,14334520.0,49.69721553477786
37.66,-5648099.752408897,14328830.0,49.69715365118595
37.67,-5651042.495113487,14323220.0,49.6970920127592
37.68,-5653914.226445509,14317680.0,49.69703062978952
37.69,-5656714.407723045,14312210.0,49.69696951246373
37.7,-5659442.517122232,14306820.0,49.696908670901166
37.71,-5662098.04949351,14301510.0,49.69684811513958
37.72,-5664680.515778417,14296270.0,49.69678785513415
37.73,-5667189.446128862,14291110.0,49.696727900786506
37.74,-5669624.39121055,14286030.0,49.69666826193637
37.75,-5671984.91906466,14281020.0,49.696608948314044
37.76,-5674270.613386189,14276100.0,49.696549969548634
37.77,-5676481.072367769,14271250.0,49.69649133516608
37.78,-5678615.913011091,14266480.0,49.69643305463612
37.79,-5680674.772542736,14261800.0,49.69637513735955
37.8,-5682657.3035080135,14257190.0,49.6963175925974
37.81,-5684563.17859698,14252660.0,49.69626042956064
37.82,-5686392.090524626,14248220.0,49.696203657363306
37.83,-5688143.748491533,14243850.0,49.6961472849989
37.84,-5689817.878054689,14239570.0,49.6960913213487
37.85,-5691414.217749717,14235370.0,49.696035775160276
37.86,-5692932.526588798,14231250.0,49.695980655140566
37.87,-5694372.581946674,14227220.0,49.69592596987339
37.88,-5695734.176529462,14223260.0,49.695871727809084
37.89,-5697017.121775183,14219390.0,49.69581793731593
37.9,-5698221.24812844,14215610.0,49.69576460665701
37.91,-5699346.403321208,14211910.0,49.695711743966726
37.92,-5700392.453384489,14208290.0,49.69565935727801
37.93,-5701359.282009826,14204760.0,49.69560745449703
37.94,-5702246.788199538,14201310.0,49.695556043396515
37.95,-5703054.8881279165,14197940.0,49.695505131637915
37.96,-5703783.514670555,14194660.0,49.69545472676039
37.97,-5704432.620123605,14191470.0,49.695404836205704
37.98,-5705002.1771631455,14188360.0,49.69535546730327
37.99,-5705492.178325209,14185330.0,49.69530662725939
38.0,-5705902.634572617,14182390.0,49.69525832314983
38.01,-5706233.570666932,14179540.0,49.695210561876465
38.02,-5706485.026455248,14176770.0,49.695163350214486
38.03,-5706657.063630722,14174080.0,49.69511669487979
38.04,-5706749.763563146,14171480.0,49.69507060243515
38.05,-5706763.22449713,14168970.0,49.69502507930046
38.06,-5706697.56489763,14166540.0,49.6949801317882
38.07,-5706552.91791396,14164190.0,49.69493576602598
38.08,-5706329.431642409,14161940.0,49.694891988012294
38.09,-5706027.274689084,14159760.0,49.694848803652356
38.1,-5705646.631432152,14157670.0,49.69480621868074
38.11,-5705187.70114716,14155670.0,49.69476423867887
38.12,-5704650.698041852,14153740.0,49.694722869083556
38.13,-5704035.852145771,14151910.0,49.69468211520128
38.14,-5703343.411569639,14150160.0,49.69464198221409
38.15,-5702573.645112202,14148490.0,49.69460247519159
38.16,-5701726.837294378,14146900.0,49.69456359901807
38.17,-5700803.286971013,14145400.0,49.69452535842572
38.18,-5699803.312663353,14143990.0,49.694487758042214
38.19,-5698727.249299925,14142650.0,49.69445080232846
38.2,-5697575.447912431,14141400.0,49.6944144956021
38.21,-5696348.274931882,14140230.0,49.694378842018246
38.22,-5695046.11256561,14139150.0,49.6943438455972
38.23,-5693669.35871925,14138140.0,49.69430951020264
38.24,-5692218.425037924,14137220.0,49.69427583953472
38.25,-5690693.738133619,14136380.0,49.69424283715507
38.26,-5689095.73642769,14135620.0,49.69421050643669
38.27,-5687424.874564457,14134940.0,49.69417885064134
38.28,-5685681.62430266,14134340.0,49.694147872895186
38.29,-5683866.472046887,14133810.0,49.69411757614725
38.3,-5681979.923268002,14133370.0,49.69408796324158
38.31,-5680022.501121996,14133010.0,49.694059036862114
38.32,-5677994.736802374,14132720.0,49.694030799457906
38.33,-5675897.176223243,14132520.0,49.69400325337564
38.34,-5673730.386889968,14132390.0,49.69397640087541
38.35,-5671494.9500276465,14132340.0,49.69395024400773
38.36,-5669191.456735785,14132360.0,49.69392478462782
38.37,-5666820.5130230645,14132460.0,49.69390002448222
38.38,-5664382.739099077,14132630.0,49.69387596515886
38.39,-5661878.766099855,14132880.0,49.69385260806117
38.4,-5659309.237933863,14133200.0,49.69382995445381
38.41,-5656674.813360475,14133600.0,49.69380800546722
38.42,-5653976.163970618,14134070.0,49.6937867620604
38.43,-5651213.973757883,14134610.0,49.69376622503755
38.44,-5648388.943532273,14135230.0,49.693746395091736
38.45,-5645501.78634119,14135910.0,49.69372727273008
38.46,-5642553.223220805,14136660.0,49.693708858258006
38.47,-5639543.988396387,14137490.0,49.693691151877616
38.48,-5636474.830107662,14138380.0,49.693674153647116
38.49,-5633346.505281738,14139340.0,49.69365786342333
38.5,-5630159.781543798,14140370.0,49.69364228092446
38.51,-5626915.439232761,14141470.0,49.69362740574177
38.52,-5623614.2755304,14142630.0,49.69361323735284
38.53,-5620257.099824896,14143860.0,49.69359977505224
38.54,-5616844.728891804,14145150.0,49.69358701794602
38.55,-5613377.987191624,14146510.0,49.69357496497478
38.56,-5609857.707566985,14147920.0,49.69356361494217
38.57,-5606284.734562873,14149410.0,49.69355296652895
38.58,-5602659.9214297,14150950.0,49.69354301823673
38.59,-5598984.129854154,14152550.0,49.69353376841904
38.6,-5595258.236470607,14154220.0,49.69352521534245
38.61,-5591483.1309548775,14155940.0,49.69351735711924
38.62,-5587659.705907234,14157720.0,49.693510191625606
38.63,-5583788.857765304,14159550.0,49.69350371658752
38.64,-5579871.493246846,14161450.0,49.69349792964293
38.65,-5575908.53318725,14163400.0,49.693492828320146
38.66,-5571900.904362611,14165400.0,49.693488409944145
38.67,-5567849.543088345,14167460.0,49.69348467172486
38.68,-5563755.394780786,14169570.0,49.69348161073169
38.69,-5559619.414429407,14171730.0,49.69347922389875
38.7,-5555442.567981956,14173950.0,49.69347750804394
38.71,-5551225.82199398,14176210.0,49.693476459751224
38.72,-5546970.148809533,14178520.0,49.693476075502424
38.73,-5542676.531469891,14180890.0,49.693476351694855
38.74,-5538345.955869726,14183290.0,49.693477284516135
38.75,-5533979.412980111,14185750.0,49.69347887003749
38.76,-5529577.902957592,14188250.0,49.693481104236795
38.77,-5525142.4301458,14190800.0,49.69348398291638
38.78,-5520674.007638128,14193390.0,49.69348750178836
38.79,-5516173.654842567,14196020.0,49.693491656419546
38.8,-5511642.388828994,14198690.0,49.69349644216579
38.81,-5507081.23474502,14201400.0,49.69350185434167
38.82,-5502491.226627287,14204160.0,49.693507888154244
38.83,-5497873.401319511,14206950.0,49.6935145386344
38.84,-5493228.798244816,14209780.0,49.69352180068149
38.85,-5488558.459348469,14212640.0,49.69352966906977
38.86,-5483863.432231657,14215550.0,49.693538138486645
38.87,-5479144.769304098,14218480.0,49.69354720348888
38.88,-5474403.52243265,14221450.0,49.69355685847179
38.89,-5469640.744642785,14224450.0,49.69356709772039
38.9,-5464857.490969531,14227490.0,49.69357791540839
38.91,-5460054.823071596,14230550.0,49.693589305643
38.92,-5455233.807930506,14233640.0,49.69360126241366
38.93,-5450395.513925138,14236770.0,49.69361377956771
38.94,-5445541.00797918,14239910.0,49.6936268508154
38.95,-5440671.3590838555,14243090.0,49.6936404697855
38.96,-5435787.643254106,14246290.0,49.693654630054326
38.97,-5430890.935732367,14249520.0,49.69366932502869
38.98,-5425982.310922921,14252760.0,49.69368454800695
38.99,-5421062.849278331,14256030.0,49.69370029225717
39.0,-5416133.630754488,14259320.0,49.69371655089065
39.01,-5411195.731782428,14262640.0,49.6937333168889
39.02,-5406250.2302105725,14265960.0,49.69375058318467
39.03,-5401298.20507367,14269310.0,49.693768342621695
39.04,-5396340.734537614,14272680.0,49.6937865879203
39.05,-5391378.892300547,14276060.0,49.69380531169276
39.06,-5386413.752361884,14279450.0,49.69382450648872
39.07,-5381446.38662309,14282860.0,49.693844164756214
39.08,-5376477.864647946,14286280.0,49.693864278853816
39.09,-5371509.253422238,14289710.0,49.69388484105393
39.1,-5366541.622070633,14293160.0,49.69390584359121
39.11,-5361576.036156979,14296610.0,49.69392727857462
39.12,-5356613.555959402,14300070.0,49.693949138015086
39.13,-5351655.242548136,14303540.0,49.69397141390075
39.14,-5346702.157610169,14307010.0,49.69399409815812
39.15,-5341755.36059513,14310490.0,49.694017182612406
39.16,-5336815.902320978,14313970.0,49.69404065896579
39.17,-5331884.83007484,14317460.0,49.69406451888842
39.18,-5326963.186515227,14320950.0,49.694088753973205
39.19,-5322052.009654269,14324440.0,49.69411335574875
39.2,-5317152.336202095,14327930.0,49.69413831571627
39.21,-5312265.200873635,14331420.0,49.69416362531015
39.22,-5307391.635009873,14334900.0,49.69418927590283
39.23,-5302532.661833561,14338390.0,49.694215258769944
39.24,-5297689.299044258,14341870.0,49.69424156514411
39.25,-5292862.562388669,14345340.0,49.69426818624802
39.26,-5288053.46097703,14348810.0,49.694295113212824
39.27,-5283262.9982863935,14352270.0,49.69432233713112
39.28,-5278492.172482647,14355730.0,49.694349849050276
39.29,-5273741.976287499,14359170.0,49.694377639979756
39.3,-5269013.396902169,14362600.0,49.694405700884346
39.31,-5264307.416158873,14366030.0,49.69443402269151
39.32,-5259625.008621257,14369440.0,49.69446259628448
39.33,-5254967.138483451,14372840.0,49.694491412470505
39.34,-5250334.763926543,14376220.0,49.694520462063494
39.35,-5245728.83550253,14379590.0,49.69454973583204
39.36,-5241150.295198093,14382950.0,49.694579224506825
39.37,-5236600.0825053435,14386280.0,49.694608918852026
39.38,-5232079.130079408,14389600.0,49.69463880957151
39.39,-5227588.360638899,14392900.0,49.69466888731924
39.4,-5223128.6874488,14396180.0,49.69469914273416
39.41,-5218701.011271527,14399440.0,49.69472956639881
39.42,-5214306.224946518,14402680.0,49.69476014892065
39.43,-5209945.215473971,14405900.0,49.69479088091181
39.44,-5205618.860633228,14409100.0,49.69482175294638
39.45,-5201328.029581764,14412270.0,49.69485275559536
39.46,-5197073.582316026,14415410.0,49.694883879418335
39.47,-5192856.368789082,14418530.0,49.694915114956665
39.48,-5188677.230362546,14421620.0,49.694946452767155
39.49,-5184536.99995152,14424690.0,49.69497788340619
39.5,-5180436.497041285,14427720.0,49.695009397384275
39.51,-5176376.531410398,14430730.0,49.695040985244276
39.52,-5172357.8993410785,14433710.0,49.695072637499344
39.53,-5168381.385518784,14436660.0,49.69510434467772
39.54,-5164447.768640654,14439570.0,49.695136097374956
39.55,-5160557.817008592,14442450.0,49.69516788615726
39.56,-5156712.287473536,14445300.0,49.69519970159611
39.57,-5152911.926599611,14448120.0,49.695231534292326
39.58,-5149157.470406631,14450900.0,49.695263374858584
39.59,-5145449.645707624,14453640.0,49.695295213944696
39.6,-5141789.165295331,14456350.0,49.695327042175755
39.61,-5138176.727276709,14459020.0,49.69535885019084
39.62,-5134613.019990462,14461650.0,49.69539062869666
39.63,-5131098.719642771,14464250.0,49.695422368404635
39.64,-5127634.490159657,14466800.0,49.69545406005611
39.65,-5124220.984748595,14469320.0,49.69548569443876
39.66,-5120858.84467185,14471790.0,49.69551726236316
39.67,-5117548.700182246,14474220.0,49.69554875468303
39.68,-5114291.167472392,14476610.0,49.695580162268584
39.69,-5111086.849719318,14478960.0,49.69561147603058
39.7,-5107936.33801784,14481260.0,49.695642686929375
39.71,-5104840.213285104,14483530.0,49.69567378599102
39.72,-5101799.044123982,14485740.0,49.69570476427103
39.73,-5098813.383655471,14487910.0,49.69573561283778
39.74,-5095883.771130064,14490040.0,49.695766322824994
39.75,-5093010.7306369785,14492110.0,49.69579688540028
39.76,-5090194.771576805,14494140.0,49.6958272917794
39.77,-5087436.391984724,14496120.0,49.69585753327262
39.78,-5084736.078784872,14498060.0,49.69588760124268
39.79,-5082094.303657542,14499940.0,49.695917487077296
39.8,-5079511.524879634,14501780.0,49.69594718223904
39.81,-5076988.184383011,14503560.0,49.69597667822586
39.82,-5074524.711358932,14505300.0,49.6960059666239
39.83,-5072121.523250259,14506980.0,49.696035039096856
39.84,-5069779.022814215,14508620.0,49.69606388735357
39.85,-5067497.600306594,14510200.0,49.69609250318752
39.86,-5065277.630314865,14511730.0,49.696120878435515
39.87,-5063119.473769161,14513200.0,49.69614900502259
39.88,-5061023.482237783,14514630.0,49.69617687499059
39.89,-5058989.99186216,14515990.0,49.69620448040871
39.9,-5057019.320353941,14517310.0,49.69623181338396
39.91,-5055111.770936958,14518570.0,49.69625886613759
39.92,-5053267.630543569,14519770.0,49.69628563095036
39.93,-5051487.172166571,14520920.0,49.69631210020321
39.94,-5049770.658527717,14522020.0,49.696338266396054
39.95,-5048118.335270157,14523050.0,49.69636412205699
39.96,-5046530.434562311,14524040.0,49.69638965982345
39.97,-5045007.177628105,14524960.0,49.69641487245698
39.98,-5043548.768792771,14525830.0,49.69643975274899
39.99,-5042155.3939587325,14526640.0,49.696464293560354
40.0,-5040827.225004288,14527390.0,49.69648848788465
40.01,-5039564.421572048,14528080.0,49.69651232882193
40.02,-5038367.129955655,14528720.0,49.6965358095605
40.03,-5037235.479761374,14529300.0,49.69655892335862
40.04,-5036169.585291229,14529820.0,49.69658166357156
40.05,-5035169.542427847,14530280.0,49.696604023626875
40.06,-5034235.42972855,14530680.0,49.696625997052664
40.07,-5033367.318298058,14531030.0,49.696647577564626
40.08,-5032565.270003896,14531310.0,49.6966687589835
40.09,-5031829.330843616,14531530.0,49.69668953517534
40.1,-5031159.53170366,14531700.0,49.69670990011496
40.11,-5030555.8854161445,14531800.0,49.696729847853696
40.12,-5030018.386885624,14531850.0,49.69674937254169
40.13,-5029547.021650142,14531830.0,49.69676846851036
40.14,-5029141.762496759,14531760.0,49.69678713018603
40.15,-5028802.566182701,14531620.0,49.696805352066455
40.16,-5028529.37031933,14531430.0,49.69682312873135
40.17,-5028322.101189684,14531170.0,49.6968404549344
40.18,-5028180.673208748,14530860.0,49.69685732554473
40.19,-5028104.982114041,14530480.0,49.69687373548269
40.2,-5028094.912214709,14530050.0,49.69688967984553
40.21,-5028150.3363646725,14529550.0,49.69690515385179
40.22,-5028271.113029501,14529000.0,49.69692015280604
40.23,-5028457.086252315,14528380.0,49.696934672139086
40.24,-5028708.086873349,14527700.0,49.696948707402846
40.25,-5029023.931701187,14526970.0,49.696962254265145
40.26,-5029404.422909932,14526170.0,49.69697530850491
40.27,-5029849.34680812,14525320.0,49.69698786600734
40.28,-5030358.476194734,14524400.0,49.69699992279841
40.29,-5030931.570783692,14523420.0,49.69701147502877
40.3,-5031568.369081625,14522390.0,49.697022518888105
40.31,-5032268.594149954,14521300.0,49.697033050732735
40.32,-5033031.959210504,14520140.0,49.69704306709117
40.33,-5033858.166426925,14518930.0,49.697052564610885
40.34,-5034746.908475413,14517660.0,49.69706154007825
40.35,-5035697.862996232,14516330.0,49.697069990364355
40.36,-5036710.689139896,14514940.0,49.697077912417484
40.37,-5037785.030601201,14513500.0,49.69708530333469
40.38,-5038920.523333717,14512000.0,49.697092160410904
40.39,-5040116.79125968,14510440.0,49.697098481026174
40.4,-5041373.44447658,14508820.0,49.69710426267954
40.41,-5042690.088400566,14507150.0,49.69710950307774
40.42,-5044066.318230467,14505420.0,49.69711420001729
40.43,-5045501.713341044,14503630.0,49.69711835137541
40.44,-5046995.835537322,14501780.0,49.69712195512868
40.45,-5048548.233914991,14499890.0,49.69712500941541
40.46,-5050158.44762456,14497930.0,49.69712751253203
40.47,-5051826.006135107,14495920.0,49.69712946290565
40.48,-5053550.425452776,14493860.0,49.69713085905912
40.49,-5055331.2075780565,14491740.0,49.69713169963425
40.5,-5057167.844007773,14489570.0,49.697131983432755
40.51,-5059059.811609807,14487350.0,49.697131709342514
40.52,-5061006.5752119,14485070.0,49.69713087639305
40.53,-5063007.592191463,14482740.0,49.69712948379197
40.54,-5065062.308814017,14480360.0,49.69712753084148
40.55,-5067170.162147104,14477930.0,49.69712501699227
40.56,-5069330.581181245,14475440.0,49.69712194183343
40.57,-5071542.979690829,14472910.0,49.69711830502085
40.58,-5073806.760930237,14470320.0,49.69711410636725
40.59,-5076121.31886563,14467690.0,49.697109345830846
40.6,-5078486.040264663,14465010.0,49.69710402351453
40.61,-5080900.300580027,14462280.0,49.69709813961602
40.62,-5083363.462672027,14459500.0,49.69709169443925
40.63,-5085874.882480284,14456670.0,49.697084688465395
40.64,-5088433.903882391,14453800.0,49.69707712226026
40.65,-5091039.860719948,14450880.0,49.69706899652135
40.66,-5093692.079570534,14447910.0,49.69706031210154
40.67,-5096389.877967798,14444900.0,49.69705106996089
40.68,-5099132.561762365,14441850.0,49.69704127116075
40.69,-5101919.427946802,14438750.0,49.69703091690075
40.7,-5104749.767658667,14435610.0,49.69702000854064
40.71,-5107622.864746197,14432430.0,49.69700854754458
40.72,-5110537.992734869,14429200.0,49.696996535475535
40.73,-5113494.416516212,14425930.0,49.69698397402626
40.74,-5116491.395807438,14422630.0,49.69697086504274
40.75,-5119528.185143632,14419280.0,49.69695721050257
40.76,-5122604.030336827,14415890.0,49.69694301246111
40.77,-5125718.167262686,14412470.0,49.6969282730867
40.78,-5128869.824690168,14409000.0,49.6969129946813
40.79,-5132058.219824144,14405500.0,49.6968971796239
40.8,-5135282.563296542,14401970.0,49.69688083044288
40.81,-5138542.06280233,14398400.0,49.69686394982329
40.82,-5141835.920761125,14394790.0,49.69684654054626
40.83,-5145163.334594303,14391150.0,49.69682860551238
40.84,-5148523.49540722,14387470.0,49.69681014772034
40.85,-5151915.588719663,14383760.0,49.69679117029164
40.86,-5155338.793260615,14380020.0,49.69677167644383
40.87,-5158792.28209646,14376260.0,49.69675166951741
40.88,-5162275.22552858,14372450.0,49.69673115298363
40.89,-5165786.790351112,14368620.0,49.69671013042319
40.9,-5169326.136827458,14364760.0,49.69668860549952
40.91,-5172892.419876171,14360880.0,49.69666658198545
40.92,-5176484.790316829,14356960.0,49.69664406377127
40.93,-5180102.389907598,14353020.0,49.696621054804275
40.94,-5183744.358052475,14349050.0,49.69659755919129
40.95,-5187409.837214627,14345060.0,49.696573581193846
40.96,-5191097.961589489,14341050.0,49.69654912507945
40.97,-5194807.860622801,14337010.0,49.69652419523917
40.98,-5198538.661283776,14332950.0,49.69649879618244
40.99,-5202289.484303491,14328860.0,49.696472932478954
41.0,-5206059.45430836,14324760.0,49.69644660888948
41.01,-5209847.695048695,14320640.0,49.69641983023622
41.02,-5213653.321139222,14316490.0,49.69639260135485
41.03,-5217475.445165068,14312330.0,49.69636492723373
41.04,-5221313.180075729,14308160.0,49.69633681296912
41.05,-5225165.6368552,14303960.0,49.69630826373878
41.06,-5229031.921787373,14299750.0,49.69627928477111
41.07,-5232911.1391852405,14295530.0,49.69624988140849
41.08,-5236802.39800192,14291290.0,49.696220059140664
41.09,-5240704.80518055,14287040.0,49.69618982348937
41.1,-5244617.463204471,14282770.0,49.69615918003163
41.11,-5248539.477214887,14278500.0,49.69612813448976
41.12,-5252469.952230779,14274210.0,49.6960966926448
41.13,-5256407.989051224,14269920.0,49.69606486031977
41.14,-5260352.68709968,14265610.0,49.69603264342881
41.15,-5264303.1467625415,14261300.0,49.696000047985656
41.16,-5268258.471733489,14256980.0,49.69596708010358
41.17,-5272217.767830583,14252660.0,49.69593374596186
41.18,-5276180.13930301,14248330.0,49.69590005177597
41.19,-5280144.69134,14244000.0,49.69586600385533
41.2,-5284110.528654015,14239660.0,49.69583160856054
41.21,-5288076.756396766,14235320.0,49.6957968723242
41.22,-5292042.484610637,14230980.0,49.69576180168756
41.23,-5296006.828531224,14226640.0,49.69572640326587
41.24,-5299968.90541448,14222300.0,49.695690683711625
41.25,-5303927.830102218,14217960.0,49.695654649694596
41.26,-5307882.7171868505,14213620.0,49.69561830795509
41.27,-5311832.683466457,14209280.0,49.69558166530933
41.28,-5315776.8505769195,14204950.0,49.695544728653644
41.29,-5319714.3467758065,14200620.0,49.695507504967104
41.3,-5323644.306451254,14196300.0,49.69547000127426
41.31,-5327565.865583577,14191980.0,49.6954322246188
41.32,-5331478.160728634,14187680.0,49.69539418207842
41.33,-5335380.333241289,14183380.0,49.695355880815974
41.34,-5339271.532825563,14179080.0,49.69531732807676
41.35,-5343150.9088987075,14174800.0,49.695278531074926
41.36,-5347017.610880387,14170530.0,49.695239497063916
41.37,-5350870.793611281,14166270.0,49.695200233376255
41.38,-5354709.617029645,14162020.0,49.69516074739179
41.39,-5358533.248411367,14157790.0,49.695121046542404
41.4,-5362340.85971481,14153570.0,49.69508113828258
41.41,-5366131.628338115,14149360.0,49.6950410301023
41.42,-5369904.733946334,14145170.0,49.69500072949788
41.43,-5373659.358766737,14141000.0,49.6949602439913
41.44,-5377394.697287437,14136850.0,49.69491958121775
41.45,-5381109.949283407,14132710.0,49.69487874879797
41.46,-5384804.316415123,14128590.0,49.69483775433201
41.47,-5388477.007138543,14124490.0,49.69479660549023
41.48,-5392127.238664084,14120420.0,49.694755309979634
41.49,-5395754.233905688,14116360.0,49.69471387551415
41.5,-5399357.223835846,14112330.0,49.694672309833734
41.51,-5402935.447794972,14108320.0,49.69463062071314
41.52,-5406488.152946692,14104330.0,49.694588815935745
41.53,-5410014.590882454,14100370.0,49.694546903270016
41.54,-5413514.014217597,14096430.0,49.6945048904542
41.55,-5416985.684234093,14092520.0,49.694462785299024
41.56,-5420428.872444875,14088640.0,49.69442059564456
41.57,-5423842.856691396,14084780.0,49.69437832930274
41.58,-5427226.924411559,14080960.0,49.69433599411743
41.59,-5430580.375573828,14077160.0,49.69429359797576
41.6,-5433902.519692101,14073400.0,49.694251148738516
41.61,-5437192.671408402,14069660.0,49.6942086542311
41.62,-5440450.154099457,14065960.0,49.69416612230565
41.63,-5443674.300415003,14062280.0,49.69412356081486
41.64,-5446864.454242011,14058650.0,49.69408097763369
41.65,-5450019.970793214,14055040.0,49.69403838063114
41.66,-5453140.210655328,14051470.0,49.693995777618404
41.67,-5456224.543053986,14047940.0,49.69395317641978
41.68,-5459272.341832639,14044430.0,49.69391058480784
41.69,-5462282.990710003,14040970.0,49.69386801058299
41.7,-5465255.887068959,14037550.0,49.693825461575116
41.71,-5468190.43344595,14034160.0,49.69378294551299
41.72,-5471086.0417638365,14030810.0,49.69374047014504
41.73,-5473942.134270087,14027500.0,49.693698043210496
41.74,-5476758.1447621845,14024230.0,49.69365567243273
41.75,-5479533.51616894,14021000.0,49.69361336549852
41.76,-5482267.699949231,14017810.0,49.693571130057805
41.77,-5484960.1578825675,14014660.0,49.693528973747476
41.78,-5487610.362439426,14011550.0,49.69348690418356
41.79,-5490217.800286643,14008490.0,49.69344492898542
41.8,-5492781.969817998,14005470.0,49.69340305572269
41.81,-5495302.378279632,14002500.0,49.693361291913185
41.82,-5497778.5448147375,13999570.0,49.6933196450578
41.83,-5500209.996050645,13996680.0,49.693278122589845
41.84,-5502596.269424886,13993840.0,49.693236731920386
41.85,-5504936.91594963,13991050.0,49.69319548046175
41.86,-5507231.500304616,13988300.0,49.69315437558034
41.87,-5509479.595003743,13985600.0,49.693113424553665
41.88,-5511680.781670211,13982950.0,49.693072634621906
41.89,-5513834.655221051,13980350.0,49.693032013016335
41.9,-5515940.822990306,13977800.0,49.692991566916106
41.91,-5517998.9077249775,13975290.0,49.692951303486936
41.92,-5520008.545630593,13972840.0,49.69291122983342
41.93,-5521969.377744516,13970430.0,49.692871352928975
41.94,-5523881.057585504,13968080.0,49.69283167975463
41.95,-5525743.250559406,13965770.0,49.69279221723909
41.96,-5527555.632850443,13963520.0,49.69275297223704
41.97,-5529317.892532055,13961320.0,49.69271395156614
41.98,-5531029.725494796,13959180.0,49.69267516193785
41.99,-5532690.836834582,13957080.0,49.69263661001176
42.0,-5534300.94663225,13955040.0,49.69259830243931
42.01,-5535859.79004891,13953050.0,49.69256024581989
42.02,-5537367.111836866,13951120.0,49.69252244663392
42.03,-5538822.666877202,13949240.0,49.692484911305726
42.04,-5540226.222827137,13947410.0,49.69244764620795
42.05,-5541577.562204033,13945640.0,49.692410657675325
42.06,-5542876.481340337,13943920.0,49.69237395196706
42.07,-5544122.788082128,13942260.0,49.69233753525078
42.08,-5545316.30073553,13940660.0,49.692301413617116
42.09,-5546456.850372558,13939110.0,49.69226559310152
42.1,-5547544.2797235325,13937620.0,49.69223007965321
42.11,-5548578.4400721425,13936180.0,49.69219487912414
42.12,-5549559.196804504,13934800.0,49.692159997327146
42.13,-5550486.425512398,13933480.0,49.69212543997074
42.14,-5551360.013101439,13932220.0,49.69209121269024
42.15,-5552179.860269585,13931010.0,49.69205732106374
42.16,-5552945.877609383,13929860.0,49.69202377055619
42.17,-5553657.990476191,13928760.0,49.691990566590896
42.18,-5554316.139423586,13927730.0,49.69195771452165
42.19,-5554920.276308887,13926750.0,49.691925219584796
42.2,-5555470.363921965,13925830.0,49.69189308693148
42.21,-5555966.375897991,13924970.0,49.69186132161772
42.22,-5556408.298681371,13924170.0,49.691829928636636
42.23,-5556796.132468785,13923430.0,49.691798912902115
42.24,-5557129.887253732,13922740.0,49.691768279203735
42.25,-5557409.583704906,13922110.0,49.69173803224757
42.26,-5557635.2531919135,13921540.0,49.691708176646735
42.27,-5557806.941686019,13921040.0,49.69167871696023
42.28,-5557924.707459117,13920580.0,49.691649657636326
42.29,-5557988.616098564,13920190.0,49.69162100298442
42.3,-5557998.745254034,13919860.0,49.69159275725617
42.31,-5557955.187230712,13919580.0,49.691564924637625
42.32,-5557858.051076019,13919360.0,49.69153750924388
42.33,-5557707.455268835,13919210.0,49.69151051503688
42.34,-5557503.529109177,13919110.0,49.69148394588594
42.35,-5557246.411888863,13919060.0,49.6914578055612
42.36,-5556936.255194224,13919080.0,49.69143209774802
42.37,-5556573.222764151,13919160.0,49.69140682604042
42.38,-5556157.485446938,13919290.0,49.691381993876824
42.39,-5555689.225091222,13919480.0,49.69135760463511
42.4,-5555168.63497045,13919730.0,49.6913336615903
42.41,-5554595.9171311455,13920040.0,49.69131016789159
42.42,-5553971.285547,13920400.0,49.69128712661413
42.43,-5553294.969622704,13920830.0,49.69126454076462
42.44,-5552567.208474791,13921310.0,49.69124241320769
42.45,-5551788.251181597,13921840.0,49.691220746693794
42.46,-5550958.356008072,13922440.0,49.69119954386947
42.47,-5550077.793275653,13923090.0,49.691178807298826
42.48,-5549146.843509453,13923790.0,49.69115853942931
42.49,-5548165.795922676,13924560.0,49.69113874258132
42.5,-5547134.951171107,13925380.0,49.69111941900387
42.51,-5546054.62314567,13926250.0,49.69110057084984
42.52,-5544925.136096571,13927180.0,49.69108220015428
42.53,-5543746.822946904,13928160.0,49.691064308821154
42.54,-5542520.025140593,13929200.0,49.69104689865007
42.55,-5541245.095396167,13930300.0,49.69102997135809
42.56,-5539922.4019489875,13931450.0,49.69101352859761
42.57,-5538552.324883003,13932650.0,49.69099757189254
42.58,-5537135.253023111,13933910.0,49.69098210263438
42.59,-5535671.58024987,13935220.0,49.6909671220707
42.6,-5534161.706990632,13936580.0,49.69095263134563
42.61,-5532606.0428541,13938000.0,49.69093863151996
42.62,-5531005.008644571,13939460.0,49.69092512356099
42.63,-5529359.035075999,13940980.0,49.690912108325776
42.64,-5527668.562052639,13942560.0,49.69089958655829
42.65,-5525934.037093066,13944180.0,49.690887558878416
42.66,-5524155.9181380905,13945850.0,49.69087602582298
42.67,-5522334.673060497,13947570.0,49.690864987826785
42.68,-5520470.7768370705,13949340.0,49.690854445184854
42.69,-5518564.715494816,13951160.0,49.690844398128924
42.7,-5516616.984995264,13953040.0,49.690834846773576
42.71,-5514628.085955988,13954950.0,49.6908257910807
42.72,-5512598.527989465,13956920.0,49.69081723094426
42.73,-5510528.828468149,13958930.0,49.69080916613647
42.74,-5508419.511286429,13960990.0,49.69080159631811
42.75,-5506271.106303269,13963100.0,49.69079452103169
42.76,-5504084.153285299,13965250.0,49.69078793975194
42.77,-5501859.20358029,13967450.0,49.69078185186792
42.78,-5499596.813588817,13969700.0,49.69077625661304
42.79,-5497297.54135381,13971980.0,49.69077115307373
42.8,-5494961.94866915,13974310.0,49.69076654024587
42.81,-5492590.607125542,13976690.0,49.69076241706738
42.82,-5490184.097048248,13979100.0,49.69075878237833
42.83,-5487743.008426624,13981560.0,49.69075563492334
42.84,-5485267.937742965,13984060.0,49.6907529733179
42.85,-5482759.485819134,13986600.0,49.69075079606197
42.86,-5480218.262268113,13989180.0,49.690749101587606
42.87,-5477644.883631245,13991810.0,49.69074788821836
42.88,-5475039.970314088,13994470.0,49.6907471541443
42.89,-5472404.148415352,13997160.0,49.6907468974754
42.9,-5469738.048255225,13999900.0,49.69074711620562
42.91,-5467042.304723536,14002680.0,49.690747808230874
42.92,-5464317.561959675,14005490.0,49.690748971393674
42.93,-5461564.465051466,14008330.0,49.69075060336788
42.94,-5458783.665275845,14011210.0,49.6907527017716
42.95,-5455975.822560318,14014130.0,49.69075526415598
42.96,-5453141.597978072,14017080.0,49.690758287907265
42.97,-5450281.6570515735,14020060.0,49.69076177034813
42.98,-5447396.669531297,14023080.0,49.690765708703246
42.99,-5444487.310826484,14026130.0,49.69077010011836
43.0,-5441554.267941295,14029210.0,49.69077494170569
43.01,-5438598.231464292,14032320.0,49.69078023042915
43.02,-5435619.893065486,14035460.0,49.69078596313882
43.03,-5432619.945494488,14038630.0,49.69079213658317
43.04,-5429599.083832337,14041830.0,49.69079874743472
43.05,-5426558.0077152215,14045060.0,49.69080579229533
43.06,-5420405.172924012,14048310.0,49.690821041148894
43.07,-5417274.972643558,14054680.0,49.690829138792104
43.08,-5414115.620687543,14058040.0,49.69083769073559
43.09,-5410933.950868841,14061430.0,49.69084668906099
43.1,-5407735.3326642625,14064850.0,49.6908561274114
43.11,-5404524.011199728,14068300.0,49.69086600023757
43.12,-5401303.327454146,14071760.0,49.69087630217053
43.13,-5398075.881065211,14075240.0,49.69088702781115
43.14,-5394843.65000996,14078740.0,49.690898171540894
43.15,-5391608.070584595,14082240.0,49.6909097273091
43.16,-5388370.114567435,14085760.0,49.69092168869583
43.17,-5385130.351419547,14089290.0,49.69093404887891
43.18,-5381889.002608429,14092820.0,49.69094680063041
43.19,-5378645.9952149205,14096370.0,49.69095993638388
43.2,-5375401.022514207,14099920.0,49.69097344838227
43.21,-5372153.605792472,14103480.0,49.69098732878541
43.22,-5368903.147087503,14107050.0,49.69100156969746
43.23,-5365648.98981191,14110630.0,49.69101616334204
43.24,-5362390.469954697,14114220.0,49.691031102083564
43.25,-5359126.962909009,14117820.0,49.69104637850006
43.26,-5355857.924319245,14121430.0,49.69106198542795
43.27,-5352582.927154763,14125050.0,49.69107791601572
43.28,-5349301.698932512,14128690.0,49.691094163830755
43.29,-5346014.1434177235,14132340.0,49.691110722796424
43.3,-5342720.358160808,14136000.0,49.691127587224734
43.31,-5339420.643927969,14139680.0,49.69114475179284
43.32,-5336115.495861765,14143360.0,49.69116221141825
43.33,-5332805.604704804,14147060.0,49.691179961352745
43.34,-5329491.848280769,14150770.0,49.69119799712403
43.35,-5326175.267509897,14154490.0,49.69121631439158
43.36,-5322857.049429715,14158220.0,49.69123490897556
43.37,-5319538.500712823,14161960.0,49.69125377675934
43.38,-5316221.019123261,14165700.0,49.691272913619564
43.39,-5312906.066097652,14169450.0,49.69129231539862
43.4,-5309595.13897251,14173200.0,49.691311977847626
43.41,-5306289.743141901,14176960.0,49.69133189657634
43.42,-5302991.362321944,14180720.0,49.69135206697559
43.43,-5299701.436092259,14184470.0,49.691372484233355
43.44,-5296421.340401802,14188220.0,49.69139314330057
43.45,-5293152.365689972,14191970.0,49.69141403883338
43.46,-5289895.704014279,14195710.0,49.691435165219524
43.47,-5286652.433525127,14199450.0,49.691456516520425
43.48,-5283423.519827217,14203180.0,49.69147808658921
43.49,-5280209.813811957,14206900.0,49.69149986902732
43.5,-5277012.050112041,14210610.0,49.691521857179424
43.51,-5273830.856152193,14214310.0,49.69154404422005
43.52,-5270666.762078013,14218000.0,49.691566423163195
43.53,-5267520.207690016,14221680.0,49.691588986858655
43.54,-5264391.559311069,14225340.0,49.691611728081746
43.55,-5261281.124246071,14229000.0,49.6916346395474
43.56,-5258189.162485879,14232640.0,49.691657713905194
43.57,-5255115.902486753,14236260.0,49.6916809437969
43.58,-5252061.5545390695,14239880.0,49.69170432187636
43.59,-5249026.32724681,14243480.0,49.6917278408563
43.6,-5246010.448493109,14247060.0,49.69175149359188
43.61,-5243014.17437718,14250640.0,49.691775273019836
43.62,-5240037.794241402,14254200.0,49.691799172130246
43.63,-5237081.636394605,14257740.0,49.691823184004654
43.64,-5234146.077610459,14261260.0,49.69184730185891
43.65,-5231231.550654824,14264780.0,49.69187151906442
43.66,-5228338.544822347,14268270.0,49.69189582909863
43.67,-5225467.604878471,14271750.0,49.691920225538674
43.68,-5222619.328858738,14275210.0,49.69194470205907
43.69,-5219794.368768528,14278660.0,49.691969252465235
43.7,-5216993.421311765,14282080.0,49.69199387060124
43.71,-5214217.216601663,14285490.0,49.692018550324825
43.72,-5211466.5094074095,14288880.0,49.69204328551379
43.73,-5208742.069808971,14292240.0,49.692068070039966
43.74,-5206044.679754932,14295580.0,49.692092897820054
43.75,-5203375.122203561,14298900.0,49.69211776273678
43.76,-5200734.174567621,14302200.0,49.69214265866389
43.77,-5198122.604479259,14305470.0,49.69216757946901
43.78,-5195541.155059025,14308720.0,49.69219251891311
43.79,-5192990.541545347,14311940.0,49.69221747072143
43.8,-5190471.445066484,14315130.0,49.69224242855404
43.81,-5187984.511012947,14318300.0,49.69226738603369
43.82,-5185530.340453871,14321430.0,49.6922923366735
43.83,-5183109.492587381,14324540.0,49.69231727395934
43.84,-5180722.489191868,14327620.0,49.69234219138324
43.85,-5178369.809742992,14330670.0,49.69236708234387
43.86,-5176051.891989362,14333690.0,49.69239194020649
43.87,-5173769.136518916,14336680.0,49.69241675831733
43.88,-5171521.908829577,14339630.0,49.69244153001187
43.89,-5169310.544767471,14342550.0,49.69246624862477
43.9,-5167135.352673755,14345440.0,49.69249090749462
43.91,-5164996.621976359,14348300.0,49.6925155000104
43.92,-5162894.627928311,14351130.0,49.69254001960251
43.93,-5160829.636244032,14353920.0,49.69256445974527
43.94,-5158801.904897999,14356670.0,49.692588813949534
43.95,-5156811.690828718,14359400.0,49.69261307580554
43.96,-5154859.251929665,14362080.0,49.69263723896463
43.97,-5152944.849615053,14364740.0,49.692661297140525
43.98,-5151068.7521898,14367350.0,49.69268524413343
43.99,-5149231.236746245,14369940.0,49.692709073822144
44.0,-5147432.592433218,14372480.0,49.69273278018707
44.01,-5145673.117065895,14374990.0,49.69275635725561
44.02,-5143953.118172006,14377460.0,49.6927797991372
44.03,-5142272.914439486,14379900.0,49.69280310004384
44.04,-5140632.83192503,14382300.0,49.692826254233374
44.05,-5139033.199512295,14384660.0,49.692849256003434
44.06,-5137474.348119793,14386980.0,49.69287209972204
44.07,-5135956.608140231,14389260.0,49.69289477981165
44.08,-5134480.3064175835,14391510.0,49.69291729073911
44.09,-5133045.766977671,14393710.0,49.69293962704309
44.1,-5131653.30366864,14395880.0,49.692961783276374
44.11,-5130303.220362191,14398000.0,49.69298375404475
44.12,-5128995.8118392,14400080.0,49.69300553402411
44.13,-5127731.354591173,14402130.0,49.693027117868496
44.14,-5126510.1083121,14404130.0,49.693048500290644
44.15,-5125332.318362904,14406090.0,49.69306967607632
44.16,-5124198.212315644,14408010.0,49.693090640029155
44.17,-5123107.99512154,14409880.0,49.69311138695968
44.18,-5122061.846375526,14411710.0,49.69313191167946
44.19,-5121059.924013489,14413500.0,49.69315220907138
44.2,-5120102.369272568,14415250.0,49.69317227410219
44.21,-5119189.307162099,14416950.0,49.693192101798864
44.22,-5118320.846309,14418610.0,49.69321168722656
44.23,-5117497.07561169,14420230.0,49.69323102547383
44.24,-5116718.06909167,14421800.0,49.693250111715976
44.25,-5115983.886027531,14423330.0,49.69326894118284
44.26,-5115294.569778722,14424820.0,49.69328750914249
44.27,-5114650.151450244,14426260.0,49.69330581095671
44.28,-5114050.658239403,14427650.0,49.693323842127334
44.29,-5113496.111546037,14429000.0,49.69334159821134
44.3,-5112986.526901617,14430310.0,49.69335907484429
44.31,-5112521.910137142,14431570.0,49.69337626770014
44.32,-5112102.261006622,14432790.0,49.69339317255947
44.33,-5111727.578415251,14433960.0,49.693409785333984
44.34,-5111397.853921641,14435090.0,49.69342610195685
44.35,-5111113.074797411,14436180.0,49.69344211847561
44.36,-5110873.226467628,14437220.0,49.69345783104646
44.37,-5110678.286181563,14438210.0,49.69347323585679
44.38,-5110528.223733904,14439160.0,49.69348832918114
44.39,-5110423.005037074,14440060.0,49.69350310741507
44.4,-5110362.58686975,14440920.0,49.693517566992995
44.41,-5110346.918222642,14441730.0,49.69353170444036
44.42,-5110375.943129281,14442500.0,49.69354551640456
44.43,-5110449.595639931,14443220.0,49.693558999570556
44.44,-5110567.800424558,14443900.0,49.693572150711134
44.45,-5110730.472237645,14444540.0,49.693584966677435
44.46,-5110937.519313734,14445130.0,49.69359744444233
44.47,-5111188.836742042,14445670.0,49.69360958100088
44.48,-5111484.303357696,14446170.0,49.69362137339463
44.49,-5111823.793726455,14446620.0,49.69363281885551
44.5,-5112207.169131761,14447030.0,49.69364391462382
44.51,-5112634.276745252,14447400.0,49.69365465800642
44.52,-5113104.954550819,14447720.0,49.69366504643904
44.53,-5113619.027277322,14447990.0,49.69367507739698
44.54,-5114176.306025269,14448220.0,49.69368474843513
44.55,-5114776.591653693,14448410.0,49.69369405721587
44.56,-5115419.675611191,14448550.0,49.69370300149412
44.57,-5116105.339230514,14448650.0,49.69371157910498
44.58,-5116833.356668493,14448710.0,49.69371978799234
44.59,-5117603.490046363,14448720.0,49.69372762614932
44.6,-5118415.491302286,14448690.0,49.693735091658304
44.61,-5119269.102908859,14448610.0,49.693742182706174
44.62,-5120164.056199074,14448490.0,49.693748897533034
44.63,-5121100.074133026,14448330.0,49.69375523449898
44.64,-5122076.871849161,14448130.0,49.69376119205793
44.65,-5123094.15271507,14447880.0,49.693766768703334
44.66,-5124151.61411302,14447600.0,49.693771963078305
44.67,-5125248.945774859,14447270.0,49.69377677389566
44.68,-5126385.827485979,14446900.0,49.69378119993549
44.69,-5127561.936528098,14446490.0,49.69378524013491
44.7,-5128776.945909027,14446040.0,49.693788893517166
44.71,-5130030.521277337,14445540.0,49.69379215917125
44.72,-5131322.317202535,14445010.0,49.69379503623537
44.73,-5132651.979999328,14444440.0,49.69379752396159
44.74,-5134019.150957887,14443820.0,49.693799621720814
44.75,-5135423.462345065,14443170.0,49.69380132893722
44.76,-5136864.539721036,14442480.0,49.69380264515035
44.77,-5138342.002096343,14441750.0,49.693803569979
44.78,-5139855.457587479,14440980.0,49.69380410310476
44.79,-5141404.512054399,14440170.0,49.693804244363236
44.8,-5142988.761974628,14439330.0,49.69380399362298
44.81,-5144607.792428296,14438440.0,49.69380335081948
44.82,-5146261.180833754,14437520.0,49.693802315998546
44.83,-5147948.500521601,14436570.0,49.69380088932964
44.84,-5149669.319245953,14435580.0,49.69379907106085
44.85,-5151423.196438339,14434550.0,49.69379686150172
44.86,-5153209.685298543,14433480.0,49.69379426106861
44.87,-5155028.332383348,14432390.0,49.69379127025404
44.88,-5156878.680442442,14431250.0,49.693787889673914
44.89,-5158760.263967306,14430080.0,49.69378411998683
44.9,-5160672.61196616,14428880.0,49.69377996195646
44.91,-5162615.248067564,14427650.0,49.693775416442385
44.92,-5164587.68959856,14426380.0,49.69377048437498
44.93,-5166589.445862738,14425080.0,49.69376516675535
44.94,-5168620.0189784,14423740.0,49.69375946467039
44.95,-5170678.904148986,14422380.0,49.69375337928859
44.96,-5172765.590732013,14420980.0,49.69374691187154
44.97,-5174879.562911826,14419550.0,49.69374006376712
44.98,-5177020.297068879,14418100.0,49.693732836379894
44.99,-5179187.267918252,14416610.0,49.69372523125223
45.0,-5181379.944919003,14415090.0,49.69371724997435
45.01,-5183597.789928231,14413540.0,49.69370889420061
45.02,-5185840.260661851,14411970.0,49.6937001656853
45.03,-5188106.808351509,14410370.0,49.69369106624479
45.04,-5190396.877219204,14408740.0,49.69368159775999
45.05,-5192709.907768663,14407080.0,49.693671762220234
45.06,-5195045.338717313,14405400.0,49.693661561711785
45.07,-5197402.604887093,14403680.0,49.69365099837883
45.08,-5199781.135317983,14401950.0,49.69364007442507
45.09,-5202180.356277558,14400190.0,49.693628792156716
45.1,-5204599.69336634,14398400.0,49.69361715397061
45.11,-5207038.567758879,14396600.0,49.69360516231463
45.12,-5209496.394657899,14394760.0,49.69359281968894
45.13,-5211972.590406398,14392910.0,49.69358012872774
45.14,-5214466.570613818,14391030.0,49.69356709213656
45.15,-5216977.743490711,14389130.0,49.69355371262207
45.16,-5219505.515418699,14387210.0,49.6935399930161
45.17,-5222049.29134865,14385270.0,49.693525936216595
45.18,-5224608.477707232,14383310.0,49.693511545231104
45.19,-5227182.483715109,14381330.0,49.693496823152714
45.2,-5229770.71438852,14379330.0,49.69348177308443
45.21,-5232372.565232948,14377310.0,49.69346639814168
45.22,-5234987.423476908,14375270.0,49.69345070150252
45.23,-5237614.68019309,14373220.0,49.69343468651218
45.24,-5240253.727975457,14371150.0,49.693418356575926
45.25,-5242903.956786976,14369060.0,49.69340171512256
45.26,-5245564.753615,14366960.0,49.69338476564106
45.27,-5248235.502353753,14364840.0,49.69336751167635
45.28,-5250915.583116653,14362700.0,49.69334995682237
45.29,-5253604.375649917,14360560.0,49.69333210475856
45.3,-5256301.263723419,14358400.0,49.693313959271904
45.31,-5259005.633321086,14356230.0,49.69329552420192
45.32,-5261716.864330386,14354040.0,49.69327680335829
45.33,-5264434.331385749,14351850.0,49.69325780061484
45.34,-5267157.412521121,14349640.0,49.69323851996783
45.35,-5269885.485478276,14347420.0,49.69321896544085
45.36,-5272617.928678691,14345190.0,49.693199141123586
45.37,-5275354.118037904,14342960.0,49.69317905111791
45.38,-5278093.4275899315,14340710.0,49.69315869958565
45.39,-5280835.233760337,14338460.0,49.69313809076733
45.4,-5283578.912355802,14336200.0,49.69311722893721
45.41,-5286323.8416436175,14333930.0,49.6930961184332
45.42,-5289069.39803073,14331650.0,49.693074763608394
45.43,-5291814.961704457,14329370.0,49.69305316890974
45.44,-5294559.914879156,14327090.0,49.69303133881331
45.45,-5297303.636562359,14324800.0,49.69300927779161
45.46,-5300045.506425532,14322500.0,49.69298699038639
45.47,-5302784.90646205,14320210.0,49.692964481196675
45.48,-5305521.225270638,14317910.0,49.69294175490521
45.49,-5308253.859785112,14315610.0,49.692918816259706
45.5,-5310982.207263863,14313300.0,49.69289566998307
45.51,-5313705.664496468,14311000.0,49.69287232082265
45.52,-5316423.629743612,14308690.0,49.69284877357648
45.53,-5319135.503770072,14306390.0,49.6928250330871
45.54,-5321840.689797543,14304090.0,49.69280110422713
45.55,-5324538.592602525,14301780.0,49.69277699189711
45.56,-5327228.6211450575,14299480.0,49.69275270105334
45.57,-5329910.1901782295,14297190.0,49.69272823669672
45.58,-5332582.719240354,14294890.0,49.69270360386082
45.59,-5335245.628567356,14292600.0,49.692678807566324
45.6,-5337898.336020663,14290320.0,49.69265385282428
45.61,-5340540.262042402,14288030.0,49.69262874471345
45.62,-5343170.832286525,14285760.0,49.69260348836001
45.63,-5345789.471537706,14283490.0,49.692578088852706
45.64,-5348395.6070746295,14281220.0,49.69255255132915
45.65,-5350988.669762225,14278970.0,49.69252688095619
45.66,-5353568.0951466225,14276720.0,49.69250108293007
45.67,-5356133.326889203,14274480.0,49.69247516249996
45.68,-5358683.811034505,14272250.0,49.69244912488172
45.69,-5361218.995962342,14270020.0,49.692422975304055
45.7,-5363738.335303009,14267810.0,49.692396719038676
45.71,-5366241.290346875,14265610.0,49.69237036139103
45.72,-5368727.3261915445,14263420.0,49.692343907651036
45.73,-5371195.910215744,14261240.0,49.692317363099356
45.74,-5373646.513569623,14259080.0,49.692290733042235
45.75,-5376078.609249603,14256920.0,49.692264022767105
45.76,-5378491.674271359,14254780.0,49.69223723758562
45.77,-5380885.19475447,14252650.0,49.69221038286144
45.78,-5383258.668113442,14250540.0,49.692183463999136
45.79,-5385611.596934254,14248440.0,49.69215648635435
45.8,-5387943.48938889,14246360.0,49.69212945528961
45.81,-5390253.865748309,14244290.0,49.69210237623842
45.82,-5392542.2475310415,14242240.0,49.69207525453749
45.83,-5394808.158876532,14240210.0,49.692048095531796
45.84,-5397051.134532194,14238190.0,49.692020904635584
45.85,-5399270.713500034,14236190.0,49.69199368720727
45.86,-5401466.435231687,14234210.0,49.69196644856181
45.87,-5403637.849376498,14232250.0,49.691939194094545
45.88,-5405784.5137578985,14230310.0,49.69191192917753
45.89,-5407905.985278452,14228390.0,49.69188465909982
45.9,-5410001.827726878,14226480.0,49.69185738919396
45.91,-5412071.61128465,14224600.0,49.69183012478597
45.92,-5414114.9140827935,14222740.0,49.691802871201304
45.93,-5416131.322394867,14220900.0,49.6917756337603
45.94,-5418120.4317991305,14219090.0,49.69174841778429
45.95,-5420081.847545751,14217290.0,49.69172122859094
45.96,-5422015.174211587,14215520.0,49.69169407138349
45.97,-5423920.022082847,14213770.0,49.691666951397565
45.98,-5425796.010305498,14212050.0,49.69163987388148
45.99,-5427642.76349015,14210350.0,49.691612844030836
46.0,-5429459.912753282,14208670.0,49.69158586703246
46.01,-5431247.0984136155,14207020.0,49.69155894807271
46.02,-5433003.971156547,14205400.0,49.691532092334924
46.03,-5434730.186591106,14203800.0,49.69150530492883
46.04,-5436425.406403596,14202220.0,49.6914785909493
46.05,-5438089.303844972,14200680.0,49.691451955516555
46.06,-5439721.560228146,14199160.0,49.691425403697224
46.07,-5441321.860276783,14197660.0,49.69139894048459
46.08,-5442889.897548864,14196200.0,49.691372570894174
46.09,-5444425.375827787,14194760.0,49.691346299919125
46.1,-5445928.006129006,14193360.0,49.69132013250769
46.11,-5447397.507175222,14191980.0,49.69129407357239
46.12,-5448833.602510601,14190620.0,49.69126812796801
46.13,-5450236.024275026,14189300.0,49.69124230054627
46.14,-5451604.516303914,14188010.0,49.69121659616017
46.15,-5452938.83079634,14186750.0,49.69119101959279
46.16,-5454238.726342423,14185520.0,49.691165575582744
46.17,-5455503.969307897,14184320.0,49.69114026883529
46.18,-5456734.336190833,14183150.0,49.69111510404062
46.19,-5457929.615471328,14182010.0,49.69109008587938
46.2,-5459089.60046202,14180900.0,49.691065218919555
46.21,-5460214.0900047105,14179830.0,49.69104050769187
46.22,-5461302.893442592,14178790.0,49.69101595673701
46.23,-5462355.826373197,14177770.0,49.69099157049955
46.24,-5463372.711633354,14176800.0,49.69096735340099
46.25,-5464353.38313583,14175850.0,49.690943309846055
46.26,-5465297.682307379,14174940.0,49.6909194441657
46.27,-5466205.457823008,14174060.0,49.69089576064118
46.28,-5467076.567789888,14173210.0,49.6908722635267
46.29,-5467910.875782252,14172400.0,49.69084895698637
46.3,-5468708.25028546,14171620.0,49.69082584513253
46.31,-5469468.5757637,14170870.0,49.690802932118636
46.32,-5470191.744095246,14170160.0,49.6907802219881
46.33,-5470877.650146207,14169480.0,49.69075771868211
46.34,-5471526.198445361,14168840.0,49.69073542614455
46.35,-5472137.306114577,14168240.0,49.69071334829742
46.36,-5472710.902672276,14167660.0,49.69069148902173
46.37,-5473246.9259043345,14167130.0,49.69066985210384
46.38,-5473745.317496652,14166620.0,49.69064844123594
46.39,-5474206.02754653,14166160.0,49.69062726008863
46.4,-5474629.015894096,14165720.0,49.69060631229048
46.41,-5475014.252488223,14165330.0,49.69058560141859
46.42,-5475361.716157721,14164970.0,49.69056513098539
46.43,-5475671.389732327,14164640.0,49.69054490439584
46.44,-5475943.268429092,14164350.0,49.690524925067386
46.45,-5476177.3584581595,14164100.0,49.69050519635917
46.46,-5476373.669641504,14163880.0,49.69048572149971
46.47,-5476532.217871693,14163700.0,49.69046650366794
46.48,-5476653.029514268,14163550.0,49.6904475460245
46.49,-5476736.139894569,14163440.0,49.69042885165596
46.5,-5476781.592521547,14163370.0,49.69041042357945
46.51,-5476789.43762574,14163330.0,49.69039226473465
46.52,-5476759.735423371,14163330.0,49.6903743780292
46.53,-5476692.553917929,14163370.0,49.690356766281504
46.54,-5476587.963334055,14163440.0,49.690339432198016
46.55,-5476446.0450688265,14163550.0,49.69032237849006
46.56,-5476266.892630378,14163690.0,49.69030560781958
46.57,-5476050.608133932,14163870.0,49.690289122759964
46.58,-5475797.301011453,14164090.0,49.69027292580164
46.59,-5475507.0907070255,14164340.0,49.69025701939593
46.6,-5475180.10436417,14164630.0,49.69024140590899
46.61,-5474816.476330886,14164950.0,49.69022608763435
46.62,-5474416.351652393,14165310.0,49.69021106682982
46.63,-5473979.880682804,14165710.0,49.690196345639336
46.64,-5473507.217330363,14166140.0,49.69018192611004
46.65,-5472998.524535454,14166610.0,49.690167810278055
46.66,-5472453.972525071,14167110.0,49.69015400008039
46.67,-5471873.737062905,14167650.0,49.690140497376625
46.68,-5471258.003450541,14168230.0,49.690127303986955
46.69,-5470606.969854796,14168840.0,49.690114421698894
46.7,-5469920.845172678,14169490.0,49.690101852221794
46.71,-5469199.841477317,14170170.0,49.690089597127994
46.72,-5468444.174764894,14170880.0,49.69007765791174
46.73,-5467654.069122543,14171640.0,49.69006603603921
46.74,-5466829.757487485,14172420.0,49.69005473290721
46.75,-5465971.478817945,14173240.0,49.69004374982055
46.76,-5465079.481753289,14174100.0,49.69003308804339
46.77,-5464154.022755675,14174990.0,49.69002274876529
46.78,-5463195.360827877,14175910.0,49.690012733039055
46.79,-5462203.757859466,14176870.0,49.69000304184956
46.8,-5461179.484786351,14177860.0,49.689993676159084
46.81,-5460122.822693984,14178890.0,49.68998463687464
46.82,-5459034.056914016,14179940.0,49.68997592478079
46.83,-5457913.476177902,14181040.0,49.68996754057153
46.84,-5456761.380202232,14182160.0,49.68995948494136
46.85,-5455578.078175273,14183320.0,49.68995175850777
46.86,-5454363.882509874,14184510.0,49.68994436175677
46.87,-5453119.110216811,14185730.0,49.68993729511148
46.88,-5451844.0853642505,14186990.0,49.68993055894445
46.89,-5450539.1388080325,14188280.0,49.68992415355505
46.9,-5449204.610086688,14189600.0,49.689918079188004
46.91,-5447840.841685085,14190940.0,49.68991233597047
46.92,-5446448.182800301,14192330.0,49.689906923986214
46.93,-5445026.992661004,14193740.0,49.689901843279934
46.94,-5443577.632742878,14195180.0,49.68989709376274
46.95,-5442100.469165003,14196650.0,49.68989267528491
46.96,-5440595.87896722,14198160.0,49.68988858769057
46.97,-5439064.244607113,14199690.0,49.68988483070817
46.98,-5437505.949411975,14201250.0,49.68988140395216
46.99,-5435921.380655447,14202840.0,49.6898783069872
47.0,-5434310.933895535,14204460.0,49.68987553934963
47.01,-5432675.010086245,14206110.0,49.68987310048038
47.02,-5431014.012568016,14207790.0,49.689870989724184
47.03,-5429328.347070838,14209490.0,49.689869206352896
47.04,-5427618.425307473,14211220.0,49.68986774959673
47.05,-5425884.66846165,14212980.0,49.689866618656815
47.06,-5424127.497179356,14214770.0,49.68986581257196
47.07,-5422347.335553568,14216580.0,49.68986533034824
47.08,-5420544.6158597255,14218420.0,49.68986517096483
47.09,-5418719.769113622,14220290.0,49.68986533324789
47.1,-5416873.229909057,14222180.0,49.6898658159933
47.11,-5415005.441552508,14224090.0,49.689866617979476
47.12,-5413116.854315332,14226040.0,49.689867737912216
47.13,-5411207.919521628,14228000.0,49.68986917437559
47.14,-5409279.088180155,14229990.0,49.689870925877734
47.15,-5407330.818616555,14232000.0,49.68987299091424
47.16,-5405363.573468332,14234040.0,49.68987536791047
47.17,-5403377.819407592,14236100.0,49.689878055215594
47.18,-5401374.028401686,14238180.0,49.68988105113418
47.19,-5399352.673962264,14240280.0,49.68988435387353
47.2,-5397314.228296703,14242410.0,49.68988796154783
47.21,-5395259.171647334,14244550.0,49.68989187228946
47.22,-5393187.991510566,14246720.0,49.689896084181015
47.23,-5391101.17581354,14248910.0,49.68990059517554
47.24,-5388999.2101197,14251120.0,49.689905403141886
47.25,-5386882.580241043,14253350.0,49.689910505901
47.26,-5384751.772919379,14255590.0,49.68991590121577
47.27,-5382607.27918763,14257860.0,49.68992158682566
47.28,-5380449.596200896,14260140.0,49.68992756042906
47.29,-5378279.219726442,14262450.0,49.68993381960109
47.3,-5376096.6471002735,14264770.0,49.68994036188234
47.31,-5373902.377341811,14267100.0,49.689947184761884
47.32,-5371696.912237613,14269460.0,49.689954285679676
47.33,-5369480.75549029,14271830.0,49.689961662013445
47.34,-5367254.407990262,14274220.0,49.68996931104538
47.35,-5365018.373048203,14276620.0,49.689977230040796
47.36,-5362773.157822519,14279040.0,49.68998541623566
47.37,-5360519.271331243,14281470.0,49.6899938667912
47.38,-5358257.221832135,14283910.0,49.69000257879758
47.39,-5355987.515221955,14286370.0,49.69001154927424
47.4,-5353710.65394466,14288840.0,49.69002077517358
47.41,-5351427.144672641,14291320.0,49.69003025345921
47.42,-5349137.500707513,14293820.0,49.69003998108678
47.43,-5346842.233274684,14296330.0,49.69004995488142
47.44,-5344541.852939612,14298850.0,49.690060171636794
47.45,-5342236.874104826,14301380.0,49.690070628138876
47.46,-5339927.809602696,14303920.0,49.69008132108658
47.47,-5337615.172226944,14306470.0,49.6900922471373
47.48,-5335299.477407684,14309030.0,49.690103402943194
47.49,-5332981.242246089,14311600.0,49.69011478510182
47.5,-5330660.980500649,14314170.0,49.690126390123986
47.51,-5328339.202917585,14316760.0,49.6901382144805
47.52,-5326016.418074966,14319350.0,49.69015025460038
47.53,-5323693.136192214,14321950.0,49.69016250691167
47.54,-5321369.867649473,14324550.0,49.690174967789794
47.55,-5319047.118198136,14327160.0,49.69018763352951
47.56,-5316725.389914944,14329780.0,49.69020050038881
47.57,-5314405.18586259,14332400.0,49.69021356462998
47.58,-5312087.008379584,14335020.0,49.69022682246786
47.59,-5309771.358904461,14337650.0,49.69024027008087
47.6,-5307458.740762818,14340280.0,49.69025390364338
47.61,-5305149.653584428,14342920.0,49.690267719246854
47.62,-5302844.589416016,14345550.0,49.69028171291299
47.63,-5300544.039024761,14348190.0,49.690295880679194
47.64,-5298248.495482273,14350830.0,49.69031021858497
47.65,-5295958.451717058,14353470.0,49.69032472263162
47.66,-5293674.399314556,14356110.0,49.6903393887836
47.67,-5291396.82833993,14358750.0,49.690354212972736
47.68,-5289126.221917757,14361390.0,49.69036919105984
47.69,-5286863.0587192215,14364030.0,49.690384318888825
47.7,-5284607.816481286,14366670.0,49.69039959231704
47.71,-5282360.968240526,14369300.0,49.69041500713476
47.72,-5280122.982603573,14371940.0,49.69043055911585
47.73,-5277894.328634076,14374560.0,49.69044624405156
47.74,-5275675.477959609,14377190.0,49.6904620577444
47.75,-5273466.902211011,14379810.0,49.69047799596125
47.76,-5271269.063617082,14382430.0,49.690494054363974
47.77,-5269082.417656746,14385040.0,49.69051022860767
47.78,-5266907.421131533,14387640.0,49.69052651440882
47.79,-5264744.529772895,14390240.0,49.69054290745235
47.8,-5262594.189518166,14392830.0,49.69055940332158
47.81,-5260456.842068135,14395420.0,49.69057599763522
47.82,-5258332.931883199,14398000.0,49.69059268606455
47.83,-5256222.899121564,14400570.0,49.690609464209906
47.84,-5254127.178543295,14403130.0,49.69062632765307
47.85,-5252046.202913542,14405680.0,49.69064327199244
47.86,-5249980.400031897,14408220.0,49.690660292798924
47.87,-5247930.192147758,14410750.0,49.69067738562027
47.88,-5245895.997938626,14413280.0,49.69069454602034
47.89,-5243878.230276445,14415780.0,49.69071176953213
47.9,-5241877.294501258,14418280.0,49.69072905166592
47.91,-5239893.594839551,14420770.0,49.6907463879844
47.92,-5237927.530011383,14423250.0,49.69076377400894
47.93,-5235979.490593145,14425710.0,49.69078120523313
47.94,-5234049.868796609,14428160.0,49.690798677234646
47.95,-5232139.050834866,14430590.0,49.69081618553583
47.96,-5230247.417931003,14433010.0,49.690833725661996
47.97,-5228375.3485260485,14435420.0,49.69085129316262
47.98,-5226523.216161558,14437810.0,49.690868883574666
47.99,-5224691.386958033,14440190.0,49.690886492414144
48.0,-5222880.218340781,14442550.0,49.690904115184914
48.01,-5221090.064942818,14444890.0,49.69092174744789
48.02,-5219321.278083189,14447220.0,49.69093938476789
48.03,-5217574.20421827,14449530.0,49.69095702271051
48.04,-5215849.18361717,14451820.0,49.690974656836666
48.05,-5214146.549546743,14454090.0,49.69099228270109
48.06,-5212466.625346141,14456350.0,49.69100989584824
48.07,-5210809.728332382,14458590.0,49.691027491850775
48.08,-5209176.172917924,14460800.0,49.691045066333665
48.09,-5207566.273109225,14463000.0,49.69106261496009
48.1,-5205980.338287249,14465180.0,49.69108013337812
48.11,-5204418.669889238,14467340.0,49.691097617223896
48.12,-5202881.562869011,14469480.0,49.69111506215344
48.13,-5201369.304824568,14471590.0,49.69113246383494
48.14,-5199882.178599666,14473690.0,49.69114981797826
48.15,-5198420.462897446,14475760.0,49.69116712031897
48.16,-5196984.431413995,14477810.0,49.691184366608724
48.17,-5195574.355047001,14479840.0,49.691201552643165
48.18,-5194190.4972716775,14481840.0,49.691218674205885
48.19,-5192833.11149968,14483830.0,49.69123572706926
48.2,-5191502.441166789,14485780.0,49.691252707024574
48.21,-5190198.722556175,14487720.0,49.69126960991165
48.22,-5188922.186090167,14489630.0,49.691286431596865
48.23,-5187673.054719027,14491520.0,49.691303167964875
48.24,-5186451.545724878,14493380.0,49.691319814941444
48.25,-5185257.870820606,14495210.0,49.6913363684785
48.26,-5184092.237559723,14497020.0,49.69135282457789
48.27,-5182954.849211169,14498810.0,49.69136917927084
48.28,-5181845.898878292,14500570.0,49.691385428565724
48.29,-5180765.572264986,14502300.0,49.69140156852353
48.3,-5179714.047314602,14504000.0,49.691417595229765
48.31,-5178691.496868223,14505680.0,49.691433504826534
48.32,-5177698.090987716,14507340.0,49.69144929351878
48.33,-5176733.990166921,14508960.0,49.691464957480726
48.34,-5175799.346048021,14510560.0,49.691480492928456
48.35,-5174894.304590137,14512130.0,49.69149589613467
48.36,-5174019.00502895,14513670.0,49.69151116340719
48.37,-5173173.578206925,14515180.0,49.69152629106869
48.38,-5172358.146950896,14516660.0,49.69154127548253
48.39,-5171572.831864265,14518120.0,49.69155611310524
48.4,-5170817.74835793,14519550.0,49.69157080041403
48.41,-5170093.003502867,14520940.0,49.691585333894324
48.42,-5169398.698117558,14522310.0,49.691599710098295
48.43,-5168734.923788972,14523650.0,49.69161392557685
48.44,-5168101.764217054,14524960.0,49.691627976948794
48.45,-5167499.299183955,14526240.0,49.69164186090028
48.46,-5166927.603575484,14527480.0,49.69165557416385
48.47,-5166386.744063712,14528700.0,49.69166911348595
48.48,-5165876.77543944,14529890.0,49.69168247561665
48.49,-5165397.74650914,14531040.0,49.691695657402235
48.5,-5164949.701390835,14532170.0,49.69170865574728
48.51,-5164532.677394131,14533270.0,49.691721467587485
48.52,-5164146.704775501,14534330.0,49.69173408990362
48.53,-5163791.807746688,14535360.0,49.69174651973214
48.54,-5163468.005371694,14536360.0,49.69175875417316
48.55,-5163175.313947672,14537340.0,49.69177079039617
48.56,-5162913.74420609,14538280.0,49.69178262560525
48.57,-5162683.292637436,14539180.0,49.69179425697558
48.58,-5162483.946299883,14540060.0,49.691805681758574
48.59,-5162315.685018708,14540900.0,49.69181689727418
48.6,-5162178.480343069,14541710.0,49.691827900883965
48.61,-5162072.30304806,14542490.0,49.691838690070625
48.62,-5161997.1157253105,14543240.0,49.69184926231198
48.63,-5161952.870540799,14543960.0,49.69185961510735
48.64,-5161939.51057721,14544640.0,49.691869746018135
48.65,-5161956.968045499,14545290.0,49.6918796526373
48.66,-5162005.171666718,14545910.0,49.691889332672076
48.67,-5162084.050710175,14546500.0,49.69189878393081
48.68,-5162193.529639067,14547050.0,49.691908004240574
48.69,-5162333.521603043,14547580.0,49.69191699142084
48.7,-5162503.932228956,14548070.0,49.6919257433759
48.71,-5162704.661711556,14548520.0,49.6919342580831
48.72,-5162935.6025215695,14548950.0,49.691942533556784
48.73,-5163196.642065825,14549340.0,49.69195056788773
48.74,-5163487.663359573,14549710.0,49.691958359238086
48.75,-5163808.545928446,14550040.0,49.69196590583675
48.76,-5164159.161527009,14550330.0,49.69197320593656
48.77,-5164539.376115072,14550600.0,49.69198025786071
48.78,-5164949.049217625,14550830.0,49.69198705999102
48.79,-5165388.034593889,14551030.0,49.69199361077023
48.8,-5165856.179141513,14551200.0,49.691999908691194
48.81,-5166353.322424925,14551340.0,49.692005952300164
48.82,-5166879.299507684,14551450.0,49.69201174022545
48.83,-5167433.937979439,14551520.0,49.692017271131014
48.84,-5168017.05571629,14551560.0,49.69202254371525
48.85,-5168628.463365423,14551570.0,49.692027556748556
48.86,-5169267.967861714,14551550.0,49.69203230909914
48.87,-5169935.367177403,14551500.0,49.69203679963959
48.88,-5170630.453663478,14551420.0,49.69204102733432
48.89,-5171353.018596166,14551300.0,49.692044991250604
48.9,-5172102.842944271,14551160.0,49.69204869043294
48.91,-5172879.69871282,14550980.0,49.6920521239889
48.92,-5173683.3561026305,14550780.0,49.69205529114979
48.93,-5174513.586584824,14550540.0,49.69205819124649
48.94,-5175370.151850617,14550270.0,49.692060823573435
48.95,-5176252.8047004845,14549980.0,49.69206318748455
48.96,-5177161.298483443,14549650.0,49.69206528248243
48.97,-5178095.384991852,14549290.0,49.69206710811534
48.98,-5179054.810071537,14548900.0,49.69206866396723
48.99,-5180039.31172834,14548490.0,49.69206994964938
49.0,-5181048.619597622,14548040.0,49.692070964832276
49.01,-5182082.454469484,14547560.0,49.69207170922827
49.02,-5183140.533739338,14547060.0,49.692072182661384
49.03,-5184222.573623946,14546530.0,49.692072385031615
49.04,-5185328.283860916,14545970.0,49.69207231626612
49.05,-5186457.372367447,14545380.0,49.69207197638136
49.06,-5187609.544497098,14544760.0,49.692071365460045
49.07,-5188784.497336973,14544120.0,49.69207048359364
49.08,-5189981.923507281,14543440.0,49.692069330956386
49.09,-5191201.5140016535,14542740.0,49.69206790781174
49.1,-5192442.9504352715,14542020.0,49.692066214416045
49.11,-5193705.911292092,14541260.0,49.692064251130155
49.12,-5194990.071919315,14540480.0,49.692062018381144
49.13,-5196295.104692787,14539680.0,49.69205951665012
49.14,-5197620.678499029,14538840.0,49.69205674648258
49.15,-5198966.454169985,14537980.0,49.692053708433804
49.16,-5200332.091303531,14537100.0,49.692050403171585
49.17,-5201717.244501716,14536190.0,49.69204683139813
49.18,-5203121.5614231685,14535260.0,49.69204299384252
49.19,-5204544.685446488,14534300.0,49.69203889131344
49.2,-5205986.255377079,14533320.0,49.69203452467492
49.21,-5207445.91182058,14532310.0,49.69202989489826
49.22,-5208923.292687966,14531280.0,49.69202500298599
49.23,-5210418.033647169,14530220.0,49.692019849998395
49.24,-5211929.764757808,14529150.0,49.69201443701984
49.25,-5213458.110972551,14528050.0,49.692008765189165
49.26,-5215002.696685713,14526930.0,49.69200283574028
49.27,-5216563.142372264,14525780.0,49.691996649935994
49.28,-5218139.068398598,14524620.0,49.69199020912232
49.29,-5219730.093372233,14523430.0,49.691983514693526
49.3,-5221335.831176715,14522220.0,49.69197656807016
49.31,-5222955.890734439,14520990.0,49.69196937071413
49.32,-5224589.876851624,14519740.0,49.691961924143314
49.33,-5226237.395339339,14518480.0,49.69195422997822
49.34,-5227898.0534745045,14517190.0,49.6919462899008
49.35,-5229571.454022662,14515880.0,49.69193810558896
49.36,-5231257.196255045,14514550.0,49.69192967877799
49.37,-5232954.876797252,14513210.0,49.691921011263595
49.38,-5234664.089055415,14511850.0,49.69191210487437
49.39,-5236384.425661174,14510470.0,49.69190296152124
49.4,-5238115.48308821,14509070.0,49.691893583197015
49.41,-5239856.854997174,14507650.0,49.69188397190121
49.42,-5241608.127615439,14506220.0,49.69187412962261
49.43,-5243368.884223049,14504780.0,49.691864058435236
49.44,-5245138.709193999,14503310.0,49.69185376049299
49.45,-5246917.183442795,14501830.0,49.691843237956675
49.46,-5248703.890857845,14500340.0,49.69183249308827
49.47,-5250498.413581758,14498830.0,49.69182152816041
49.48,-5252300.332237572,14497310.0,49.69181034548397
49.49,-5254109.22792212,14495780.0,49.69179894744043
49.5,-5255924.679018668,14494230.0,49.69178733641541
49.51,-5257746.261705669,14492660.0,49.691775514846896
49.52,-5259573.556564242,14491090.0,49.69176348526915
49.53,-5261406.143862012,14489500.0,49.691751250224186
49.54,-5263243.6024152525,14487910.0,49.69173881228501
49.55,-5265085.508847073,14486300.0,49.69172617405182
49.56,-5266931.434735307,14484680.0,49.6917133381318
49.57,-5268780.956347081,14483050.0,49.69170030725933
49.58,-5270633.653684422,14481410.0,49.69168708420263
49.59,-5272489.102347261,14479760.0,49.69167367169916
49.6,-5274346.877798958,14478100.0,49.69166007255048
49.61,-5276206.557249107,14476430.0,49.691646289615996
49.62,-5278067.718463799,14474760.0,49.69163232577817
49.63,-5279929.942903803,14473080.0,49.69161818398631
49.64,-5281792.8136279,14471390.0,49.691603867213004
49.65,-5283655.911994257,14469690.0,49.69158937842604
49.66,-5285518.818627479,14467990.0,49.69157472063727
49.67,-5287381.115128879,14466280.0,49.691559896902085
49.68,-5289242.385677055,14464560.0,49.69154491032189
49.69,-5291102.214472488,14462840.0,49.69152976400388
49.7,-5292960.18420149,14461120.0,49.69151446107415
49.71,-5294815.8801948745,14459390.0,49.69149900471735
49.72,-5296668.889069394,14457660.0,49.691483398136235
49.73,-5298518.794459512,14455920.0,49.69146764451974
49.74,-5300365.179462803,14454180.0,49.691451747095165
49.75,-5302207.635188922,14452450.0,49.69143570920166
49.76,-5304045.755710349,14450700.0,49.69141953415706
49.77,-5305879.130721055,14448960.0,49.691403225242766
49.78,-5307707.3543037465,14447220.0,49.691386785828335
49.79,-5309530.02916016,14445470.0,49.69137021935919
49.8,-5311346.758372029,14443720.0,49.691353529233446
49.81,-5313157.141700291,14441980.0,49.69133671882736
49.82,-5314960.783899015,14440240.0,49.69131979161629
49.83,-5316757.293818402,14438490.0,49.691302751081814
49.84,-5318546.283220603,14436750.0,49.69128560072546
49.85,-5320327.366960191,14435020.0,49.69126834406386
49.86,-5322100.159631964,14433280.0,49.691250984601524
49.87,-5323864.277737959,14431550.0,49.69123352587476
49.88,-5325619.341688912,14429820.0,49.69121597145322
49.89,-5327364.973194853,14428090.0,49.691198324899474
49.9,-5329100.7950995555,14426370.0,49.69118058978205
49.91,-5330826.434462729,14424650.0,49.69116276971509
49.92,-5332541.522173763,14422940.0,49.69114486831834
49.93,-5334245.688917414,14421240.0,49.69112688918548
49.94,-5335938.567397798,14419540.0,49.69110883593696
49.95,-5337619.7939410955,14417840.0,49.69109071221659
49.96,-5339289.010672084,14416160.0,49.69107252169812
49.97,-5340945.866670333,14414480.0,49.69105426808117
49.98,-5342590.01189208,14412810.0,49.69103595501977
49.99,-5344221.098428031,14411150.0,49.69101758617951
50.0,-5345838.785069456,14409500.0,49.69099916527632
50.01,-5347442.732995897,14407850.0,49.69098069599696
50.02,-5349032.604985193,14406220.0,49.69096218201716
50.03,-5350608.064621508,14404590.0,49.690943627006774
50.04,-5352168.781199918,14402980.0,49.69092503468193
50.05,-5353714.4300843915,14401370.0,49.690906408756355
50.06,-5355244.691926897,14399780.0,49.69088775296026
50.07,-5356759.251200697,14398200.0,49.69086907099514
50.08,-5358257.795128862,14396630.0,49.6908503665616
50.09,-5359740.014319625,14395070.0,49.690831643353825
50.1,-5361205.6003261,14393520.0,49.69081290504425
50.11,-5362654.248955421,14391990.0,49.690794155324596
50.12,-5364085.663757079,14390470.0,49.69077539791794
50.13,-5365499.554733147,14388970.0,49.690756636534154
50.14,-5366895.631061751,14387470.0,49.690737874814786
50.15,-5368273.606339172,14386000.0,49.69071911642951
50.16,-5369633.198136469,14384530.0,49.69070036503902
50.17,-5370974.129777394,14383090.0,49.69068162431091
50.18,-5372296.131892782,14381660.0,49.69066289792308
50.19,-5373598.941186473,14380240.0,49.69064418953698
50.2,-5374882.296975685,14378840.0,49.69062550277062
50.21,-5376145.944674946,14377460.0,49.690606841261356
50.22,-5377389.63427397,14376090.0,49.69058820862538
50.23,-5378613.115107628,14374740.0,49.69056960840603
50.24,-5379816.144403365,14373400.0,49.690551044211695
50.25,-5380998.485763472,14372090.0,49.69053251963061
50.26,-5382159.908099413,14370790.0,49.690514038218225
50.27,-5383300.184050585,14369510.0,49.69049560350776
50.28,-5384419.088399101,14368250.0,49.69047721899547
50.29,-5385516.402635022,14367010.0,49.69045888819441
50.3,-5386591.914803165,14365780.0,49.69044061460568
50.31,-5387645.417924847,14364580.0,49.69042240169592
50.32,-5388676.71029617,14363400.0,49.69040425291867
50.33,-5389685.594077451,14362230.0,49.69038617168953
50.34,-5390671.876671394,14361090.0,49.69036816141191
50.35,-5391635.372218633,14359960.0,49.690350225488174
50.36,-5392575.902299189,14358860.0,49.69033236729912
50.37,-5393493.2924756715,14357780.0,49.69031459018198
50.38,-5394387.373956523,14356720.0,49.69029689745823
50.39,-5395257.985491317,14355680.0,49.69027929244646
50.4,-5396104.969914109,14354660.0,49.69026177840463
50.41,-5396928.1727865925,14353660.0,49.690244358559035
50.42,-5397727.445482691,14352690.0,49.69022703612471
50.43,-5398502.644405842,14351730.0,49.690209814285744
50.44,-5399253.629406464,14350800.0,49.69019269618028
50.45,-5399980.2648167955,14349890.0,49.69017568492767
50.46,-5400682.427611476,14349010.0,49.69015878368583
50.47,-5401360.004191351,14348150.0,49.690141995580234
50.48,-5402012.881631569,14347310.0,49.690125323618766
50.49,-5402640.9485953385,14346490.0,49.6901087707741
50.5,-5403244.100751826,14345700.0,49.6900923400427
50.51,-5403822.244782893,14344930.0,49.69007603442003
50.52,-5404375.293681019,14344190.0,49.69005985684246
50.53,-5404903.163915938,14343470.0,49.69004381018385
50.54,-5405405.776469186,14342770.0,49.69002789728569
50.55,-5405883.055591792,14342100.0,49.690012120945596
50.56,-5406334.931433852,14341450.0,49.68999648394728
50.57,-5406761.341085049,14340820.0,49.68998098904255
50.58,-5407162.226996397,14340220.0,49.6899656389437
50.59,-5407537.540526696,14339650.0,49.68995043635033
50.6,-5407887.233530849,14339100.0,49.6899353838576
50.61,-5408211.262293,14338580.0,49.6899204840458
50.62,-5408509.59545846,14338080.0,49.689905739532456
50.63,-5408782.202724287,14337600.0,49.68989115279956
50.64,-5409029.059742457,14337150.0,49.68987672632949
50.65,-5409250.153206207,14336730.0,49.68986246261299
50.66,-5409445.471759644,14336330.0,49.68984836402859
50.67,-5409615.012897538,14335960.0,49.689834432965164
50.68,-5409758.780536682,14335610.0,49.68982067176056
50.69,-5409876.77705356,14335290.0,49.68980708263039
50.7,-5409969.008978627,14334990.0,49.6897936677939
50.71,-5410035.494471364,14334720.0,49.68978042949279
50.72,-5410076.259017947,14334480.0,49.689767369899094
50.73,-5410091.33265671,14334260.0,49.68975449112063
50.74,-5410080.752496318,14334060.0,49.68974179523832
50.75,-5410044.558686839,14333900.0,49.689729284261404
50.76,-5409982.79374289,14333750.0,49.689716960134504
50.77,-5409895.504828304,14333640.0,49.68970482477615
50.78,-5409782.745305696,14333550.0,49.689692880073785
50.79,-5409644.579196103,14333480.0,49.68968112791889
50.8,-5409481.076702993,14333450.0,49.689669570115505
50.81,-5409292.314625806,14333440.0,49.68965820843728
50.82,-5409078.376945435,14333450.0,49.68964704461234
50.83,-5408839.35142215,14333490.0,49.68963608029767
50.84,-5408575.331085747,14333550.0,49.6896253171152
50.85,-5408286.412424237,14333640.0,49.68961475661855
50.86,-5407972.697329019,14333760.0,49.68960440033543
50.87,-5407634.291568788,14333900.0,49.689594249726966
50.88,-5407271.304171349,14334070.0,49.68958430619783
50.89,-5406883.850678912,14334260.0,49.6895745711374
50.9,-5406472.052422477,14334480.0,49.68956504587777
50.91,-5406036.032489216,14334730.0,49.689555731664406
50.92,-5405575.917720245,14335000.0,49.689546629707785
50.93,-5405091.844075504,14335290.0,49.689537741221514
50.94,-5404583.95317923,14335610.0,49.6895290673391
50.95,-5404052.389996497,14335960.0,49.68952060913289
50.96,-5403497.307342167,14336330.0,49.68951236765554
50.97,-5402918.863733777,14336730.0,49.689504343904865
50.98,-5402317.220156293,14337150.0,49.68949653879338
50.99,-5401692.542403355,14337590.0,49.689488953205405
51.0,-5401044.999036445,14338060.0,49.689481587955655
51.01,-5400374.762359194,14338560.0,49.6894744438111
51.02,-5399682.012243362,14339080.0,49.68946752152898
51.03,-5398966.93289815,14339620.0,49.689460821786
51.04,-5398229.714874065,14340190.0,49.68945434523319
51.05,-5397470.553709626,14340780.0,49.68944809245884
51.06,-5396689.646694128,14341390.0,49.68944206396901
51.07,-5395887.194978955,14342030.0,49.68943626024074
51.08,-5395063.411164743,14342700.0,49.68943068176755
51.09,-5394218.515054476,14343380.0,49.689425328975915
51.1,-5393352.723241478,14344090.0,49.689420202133476
51.11,-5392466.254000496,14344820.0,49.68941530150083
51.12,-5391559.335724125,14345580.0,49.68941062736453
51.13,-5390632.201760709,14346360.0,49.68940617992345
51.14,-5389685.089285294,14347160.0,49.689401959313024
51.15,-5388718.238509638,14347980.0,49.68939796561857
51.16,-5387731.891149442,14348830.0,49.689394198853584
51.17,-5386726.290141395,14349690.0,49.68939065897864
51.18,-5385701.685969862,14350580.0,49.689387345955495
51.19,-5384658.332466996,14351490.0,49.6893842596705
51.2,-5383596.483856036,14352420.0,49.68938139992573
51.21,-5382516.400961873,14353380.0,49.689378766533544
51.22,-5381418.349573107,14354350.0,49.68937635924211
51.23,-5380302.597147403,14355350.0,49.689374177722186
51.24,-5379169.408026979,14356360.0,49.6893722215479
51.25,-5378019.051235964,14357400.0,49.68937049030768
51.26,-5376851.802028806,14358450.0,49.68936898355698
51.27,-5375667.937857951,14359530.0,49.68936770077022
51.28,-5374467.74088475,14360620.0,49.689366641395225
51.29,-5373251.497419413,14361740.0,49.68936580483408
51.3,-5372019.499980875,14362870.0,49.689365190458034
51.31,-5370772.0455437405,14364030.0,49.6893647975868
51.32,-5369509.433097003,14365200.0,49.68936462546954
51.33,-5368231.960170912,14366390.0,49.689364673273396
51.34,-5366939.926877259,14367600.0,49.68936494014933
51.35,-5365633.636084747,14368820.0,49.68936542520353
51.36,-5364313.391885198,14370060.0,49.68936612748453
51.37,-5362979.505122162,14371320.0,49.689367046041625
51.38,-5361632.2858266095,14372600.0,49.689368179819155
51.39,-5360272.046802898,14373900.0,49.689369527738044
51.4,-5358899.109047236,14375210.0,49.68937108873864
51.41,-5357513.79783401,14376530.0,49.68937286168101
51.42,-5356116.43708274,14377880.0,49.68937484533522
51.43,-5354707.352030863,14379230.0,49.689377038454666
51.44,-5353286.870830464,14380610.0,49.68937943974722
51.45,-5351855.317829098,14382000.0,49.68938204782944
51.46,-5350413.021422133,14383400.0,49.68938486133377
51.47,-5348960.316568087,14384820.0,49.689387878876644
51.48,-5347497.539617142,14386250.0,49.68939109900409
51.49,-5346025.025349182,14387690.0,49.68939452018186
51.5,-5344543.107195623,14389150.0,49.68939814082998
51.51,-5343052.122818452,14390630.0,49.68940195938269
51.52,-5341552.412807946,14392110.0,49.689405974222694
51.53,-5340044.31818042,14393610.0,49.68941018367444
51.54,-5338528.181231882,14395120.0,49.68941458602885
51.55,-5337004.344399307,14396640.0,49.68941917953027
51.56,-5335473.148948127,14398170.0,49.68942396236348
51.57,-5333934.936163817,14399720.0,49.689428932685644
51.58,-5332390.050426967,14401280.0,49.6894340886455
51.59,-5330838.835856697,14402840.0,49.68943942832724
51.6,-5329281.637504495,14404420.0,49.68944494978422
51.61,-5327718.7996448,14406000.0,49.68945065102075
51.62,-5326150.668392217,14407600.0,49.68945653002616
51.63,-5324577.59079216,14409210.0,49.689462584750586
51.64,-5322999.914365112,14410820.0,49.68946881310154
51.65,-5321417.991607488,14412440.0,49.68947521300369
51.66,-5319832.178634214,14414080.0,49.689481782338746
51.67,-5318242.8318233965,14415720.0,49.68948851893729
51.68,-5316650.305763288,14417360.0,49.689495420569344
51.69,-5315054.953074648,14419020.0,49.689502484979144
51.7,-5313457.12884851,14420680.0,49.68950970990651
51.71,-5311857.186091313,14422350.0,49.68951709303232
51.72,-5310255.477256132,14424020.0,49.689524632013494
51.73,-5308652.356632504,14425700.0,49.689532324504384
51.74,-5307048.177556563,14427390.0,49.689540168102454
51.75,-5305443.288474489,14429080.0,49.68954816034446
51.76,-5303838.038455747,14430780.0,49.689556298778164
51.77,-5302232.774400233,14432480.0,49.689564580899535
51.78,-5300627.838694335,14434180.0,49.68957300415453
51.79,-5299023.574155308,14435890.0,49.68958156600295
51.8,-5297420.326138757,14437610.0,49.68959026390041
51.81,-5295818.446189963,14439320.0,49.68959909531993
51.82,-5294218.283908316,14441040.0,49.68960805765255
51.83,-5292620.182894375,14442760.0,49.689617148216286
51.84,-5291024.487571087,14444490.0,49.68962636436429
51.85,-5289431.5416451655,14446210.0,49.68963570342091
51.86,-5287841.682974566,14447940.0,49.68964516263782
51.87,-5286255.247312901,14449660.0,49.689654739269784
51.88,-5284672.57622318,14451400.0,49.68966443063126
51.89,-5283094.008770426,14453120.0,49.68967423395008
51.9,-5281519.880544685,14454850.0,49.68968414641989
51.91,-5279950.527411407,14456580.0,49.68969416525585
51.92,-5278386.280552431,14458310.0,49.689704287604684
51.93,-5276827.472948686,14460040.0,49.689714510658945
51.94,-5275274.442232037,14461770.0,49.68972483162419
51.95,-5273727.522318059,14463490.0,49.68973524763107
51.96,-5272187.038494072,14465210.0,49.68974575573461
51.97,-5270653.310017015,14466930.0,49.68975635299457
51.98,-5269126.658986284,14468650.0,49.68976703652933
51.99,-5267607.405448235,14470370.0,49.68977780341248
52.0,-5266095.868130026,14472080.0,49.689788650710845
52.01,-5264592.362667957,14473790.0,49.68979957546335
52.02,-5263097.200002352,14475490.0,49.689810574679974
52.03,-5261610.687104866,14477190.0,49.68982164536427
52.04,-5260133.1267958805,14478890.0,49.689832784504794
52.05,-5258664.819897876,14480580.0,49.689843989097795
52.06,-5257206.065570658,14482270.0,49.68985525613263
52.07,-5255757.163015106,14483950.0,49.68986658261575
52.08,-5254318.411699544,14485620.0,49.68987796555098
52.09,-5252890.110048086,14487290.0,49.6898894019269
52.1,-5251472.552074219,14488950.0,49.68990088870389
52.11,-5250066.025145728,14490610.0,49.689912422807126
52.12,-5248670.8145823255,14492260.0,49.689924001195365
52.13,-5247287.204275821,14493900.0,49.6899356208346
52.14,-5245915.47617213,14495530.0,49.68994727868626
52.15,-5244555.912088415,14497160.0,49.68995897172759
52.16,-5243208.788810492,14498780.0,49.689970696896054
52.17,-5241874.378192717,14500380.0,49.68998245112326
52.18,-5240552.952956746,14501990.0,49.689994231394216
52.19,-5239244.779683003,14503580.0,49.690006034641655
52.2,-5237950.119534742,14505160.0,49.69001785778862
52.21,-5236669.2316622455,14506730.0,49.69002969780206
52.22,-5235402.371942752,14508290.0,49.69004155163409
52.23,-5234149.7930279225,14509840.0,49.69005341624692
52.24,-5232911.743536659,14511380.0,49.69006528859375
52.25,-5231688.464909536,14512920.0,49.69007716560663
52.26,-5230480.2003933275,14514440.0,49.69008904430021
52.27,-5229287.189288737,14515940.0,49.690100921652956
52.28,-5228109.6635201825,14517440.0,49.690112794612936
52.29,-5226947.8497246485,14518920.0,49.690124660151916
52.3,-5225801.970092118,14520400.0,49.690136515252085
52.31,-5224672.247994913,14521860.0,49.69014835695743
52.32,-5223558.904855348,14523310.0,49.69016018230685
52.33,-5222462.153586416,14524740.0,49.69017198828146
52.34,-5221382.203470238,14526160.0,49.69018377191826
52.35,-5220319.260888781,14527570.0,49.69019553027049
52.36,-5219273.528631797,14528970.0,49.69020726039821
52.37,-5218245.201954867,14530350.0,49.690218959338736
52.38,-5217234.4699842855,14531720.0,49.69023062414399
52.39,-5216241.523735827,14533070.0,49.69024225196242
52.4,-5215266.548653469,14534410.0,49.690253839889024
52.41,-5214309.721460418,14535730.0,49.69026538500252
52.42,-5213371.217487643,14537040.0,49.690276884459486
52.43,-5212451.212436159,14538340.0,49.6902883354581
52.44,-5211549.877476423,14539620.0,49.69029973517377
52.45,-5210667.377925582,14540880.0,49.69031108078568
52.46,-5209803.877278099,14542130.0,49.69032236953035
52.47,-5208959.533724376,14543360.0,49.69033359863012
52.48,-5208134.495293059,14544580.0,49.69034476528187
52.49,-5207328.906777271,14545780.0,49.6903558667549
52.5,-5206542.910580716,14546960.0,49.69036690035158
52.51,-5205776.641468482,14548130.0,49.69037786334651
52.52,-5205030.22831398,14549280.0,49.690388753048865
52.53,-5204303.800637071,14550410.0,49.69039956684799
52.54,-5203597.485129087,14551530.0,49.690410302135945
52.55,-5202911.40159933,14552630.0,49.69042095629127
52.56,-5202245.665578779,14553710.0,49.690431526734386
52.57,-5201600.386770401,14554780.0,49.69044201089659
52.58,-5200975.669148199,14555830.0,49.69045240623737
52.59,-5200371.609460952,14556860.0,49.690462710212884
52.6,-5199788.295846225,14557870.0,49.690472920299214
52.61,-5199225.817496178,14558860.0,49.69048303407549
52.62,-5198684.262038631,14559840.0,49.69049304914035
52.63,-5198163.712626701,14560800.0,49.690502963090836
52.64,-5197664.241943932,14561740.0,49.69051277349648
52.65,-5197185.918275472,14562660.0,49.69052247800449
52.66,-5196728.809599939,14563560.0,49.690532074326
52.67,-5196292.97504074,14564440.0,49.6905415601337
52.68,-5195878.469459735,14565310.0,49.69055093315946
52.69,-5195485.345953932,14566150.0,49.6905601911934
52.7,-5195113.650665412,14566980.0,49.69056933201161
52.71,-5194763.42105441,14567790.0,49.690578353396845
52.72,-5194434.692772978,14568580.0,49.69058725322573
52.73,-5194127.4971532095,14569340.0,49.69059602938235
52.74,-5193841.860227827,14570090.0,49.690604679779824
52.75,-5193577.8029450495,14570820.0,49.69061320235858
52.76,-5193335.3380218875,14571530.0,49.69062159506466
52.77,-5193114.476705098,14572220.0,49.690629855933324
52.78,-5192915.229052694,14572890.0,49.6906379830443
52.79,-5192737.59737792,14573540.0,49.690645974450916
52.8,-5192581.572412172,14574170.0,49.69065382820161
52.81,-5192447.1405136,14574780.0,49.69066154242812
52.82,-5192334.291064703,14575380.0,49.690669115375705
52.83,-5192243.009926962,14575950.0,49.69067654527488
52.84,-5192173.276583169,14576500.0,49.6906838303656
52.85,-5192125.065888497,14577030.0,49.69069096893652
52.86,-5192098.345779989,14577540.0,49.69069795929355
52.87,-5192093.081134807,14578030.0,49.69070479980306
52.88,-5192109.234162024,14578500.0,49.69071148889002
52.89,-5192146.763712692,14578950.0,49.69071802499751
52.9,-5192205.618946623,14579380.0,49.6907244065577
52.91,-5192285.741303301,14579780.0,49.690730632043326
52.92,-5192387.069156077,14580170.0,49.69073670000483
52.93,-5192509.5367794605,14580540.0,49.69074260902491
52.94,-5192653.070749521,14580880.0,49.69074835768564
52.95,-5192817.595111087,14581210.0,49.69075394465549
52.96,-5193003.030973309,14581520.0,49.69075936863518
52.97,-5193209.295990251,14581800.0,49.69076462836883
52.98,-5193436.307829196,14582070.0,49.69076972267287
52.99,-5193683.978814854,14582310.0,49.6907746503575
53.0,-5193952.211927872,14582530.0,49.690779410236175
53.01,-5194240.903688645,14582740.0,49.69078400117147
53.02,-5194549.94419909,14582920.0,49.69078842206912
53.03,-5194879.219065094,14583080.0,49.690792671879244
53.04,-5195228.612178576,14583220.0,49.69079674962956
53.05,-5195598.000870441,14583340.0,49.69080065433818
53.06,-5195987.257205908,14583440.0,49.69080438506703
53.07,-5196396.254354804,14583520.0,49.69080794098693
53.08,-5196824.863974066,14583580.0,49.69081132128589
53.09,-5197272.9493098,14583620.0,49.69081452513547
53.1,-5197740.369280334,14583640.0,49.69081755177703
53.11,-5198226.984108127,14583640.0,49.690820400544425
53.12,-5198732.646263475,14583620.0,49.690823070736
53.13,-5199257.19930661,14583580.0,49.690825561671524
53.14,-5199800.4877821505,14583520.0,49.690827872798714
53.15,-5200362.3551143315,14583440.0,49.69083000359235
53.16,-5200942.637621959,14583340.0,49.690831953519535
53.17,-5201541.165014798,14583220.0,49.69083372208033
53.18,-5202157.767387586,14583080.0,49.690835308881034
53.19,-5202792.270093606,14582920.0,49.690836713530764
53.2,-5203444.4925944675,14582740.0,49.690837935655544
53.21,-5204114.255797873,14582540.0,49.69083897500059
53.22,-5204801.376079115,14582320.0,49.690839831293644
53.23,-5205505.663732521,14582080.0,49.69084050429503
53.24,-5206226.925749956,14581830.0,49.690840993821475
53.25,-5206964.962736788,14581550.0,49.69084129970241
53.26,-5207719.574481968,14581260.0,49.69084142185227
53.27,-5208490.5572221605,14580940.0,49.69084136021092
53.28,-5209277.702836556,14580610.0,49.69084111474443
53.29,-5210080.800205146,14580260.0,49.6908406854718
53.3,-5210899.635658633,14579890.0,49.69084007245624
53.31,-5211733.99570891,14579500.0,49.69083927583046
53.32,-5212583.663916844,14579100.0,49.690838295742026
53.33,-5213448.417923202,14578680.0,49.6908371323518
53.34,-5214328.03496303,14578230.0,49.69083578590365
53.35,-5215222.289244891,14577770.0,49.69083425666302
53.36,-5216130.949722455,14577300.0,49.690832544916
53.37,-5217053.781849544,14576800.0,49.69083065099499
53.38,-5217990.547117139,14576290.0,49.69082857526892
53.39,-5218941.002133377,14575760.0,49.69082631812928
53.4,-5219904.904197606,14575220.0,49.69082388006229
53.41,-5220882.009423278,14574650.0,49.69082126157696
53.42,-5221872.071084093,14574070.0,49.690818463208444
53.43,-5222874.840463378,14573480.0,49.69081548553451
53.44,-5223890.062178002,14572860.0,49.690812329132314
53.45,-5224917.478779291,14572230.0,49.69080899464493
53.46,-5225956.83496654,14571590.0,49.690805482800684
53.47,-5227007.871325713,14570930.0,49.69080179430903
53.48,-5228070.323694072,14570250.0,49.69079792990673
53.49,-5229143.931640936,14569560.0,49.69079389044957
53.5,-5230228.4318114575,14568850.0,49.69078967676773
53.51,-5231323.555242756,14568130.0,49.69078528970934
53.52,-5232429.029232225,14567390.0,49.690780730159204
53.53,-5233544.57983736,14566640.0,49.690775999068684
53.54,-5234669.93318515,14565870.0,49.69077109742486
53.55,-5235804.813137651,14565090.0,49.69076602624429
53.56,-5236948.947043704,14564300.0,49.69076078662689
53.57,-5238102.059594997,14563490.0,49.690755379655506
53.58,-5239263.870826751,14562670.0,49.69074980643276
53.59,-5240434.1021483755,14561830.0,49.6907440681392
53.6,-5241612.472929594,14560980.0,49.690738165968945
53.61,-5242798.702206748,14560120.0,49.69073210115912
53.62,-5243992.506461346,14559250.0,49.690725874964905
53.63,-5245193.59801993,14558360.0,49.69071948865205
53.64,-5246401.689547404,14557460.0,49.69071294355567
53.65,-5247616.490687584,14556550.0,49.69070624101647
53.66,-5248837.713129227,14555630.0,49.6906993824494
53.67,-5250065.070385056,14554690.0,49.69069236930766
53.68,-5251298.273410264,14553750.0,49.690685203034015
53.69,-5252537.032877392,14552790.0,49.690677885122795
53.7,-5253781.0550745055,14551820.0,49.690670417058804
53.71,-5255030.042238013,14550840.0,49.69066280034918
53.72,-5256283.697787092,14549850.0,49.690655036578015
53.73,-5257541.723992114,14548850.0,49.69064712733895
53.74,-5258803.82328432,14547840.0,49.690639074262535
53.75,-5260069.700309567,14546830.0,49.69063087902814
53.76,-5261339.061422855,14545800.0,49.69062254334375
53.77,-5262611.615663185,14544760.0,49.690614068962226
53.78,-5263887.070374206,14543710.0,49.69060545761972
53.79,-5265165.129891126,14542660.0,49.69059671106741
53.8,-5266445.500492775,14541600.0,49.6905878311257
53.81,-5267727.884196855,14540520.0,49.6905788195782
53.82,-5269011.980631657,14539440.0,49.69056967824888
53.83,-5270297.493927185,14538360.0,49.690560409044245
53.84,-5271584.130904697,14537260.0,49.69055101388857
53.85,-5272871.601940009,14536160.0,49.690541494740906
53.86,-5274159.61470575,14535050.0,49.69053185353406
53.87,-5275447.873710503,14533940.0,49.69052209220674
53.88,-5276736.08450962,14532820.0,49.69051221275836
53.89,-5278023.9549063295,14531690.0,49.69050221722052
53.9,-5279311.193591466,14530560.0,49.69049210763458
53.91,-5280597.510660327,14529420.0,49.69048188607238
53.92,-5281882.612033342,14528270.0,49.69047155457208
53.93,-5283166.203094481,14527130.0,49.69046111521277
53.94,-5284447.994846119,14525970.0,49.690450570154574
53.95,-5285727.698682138,14524820.0,49.69043992153379
53.96,-5287005.02513695,14523650.0,49.69042917149006
53.97,-5288279.688500893,14522490.0,49.69041832222327
53.98,-5289551.407173236,14521320.0,49.690407375960824
53.99,-5290819.902306453,14520150.0,49.69039633493769
54.0,-5292084.894053717,14518970.0,49.69038520137471
54.01,-5293346.098148904,14517790.0,49.690373977467374
54.02,-5294603.233134383,14516610.0,49.69036266548688
54.03,-5295856.022364179,14515430.0,49.690351267740326
54.04,-5297104.189230824,14514240.0,49.69033978651291
54.05,-5298347.456426259,14513060.0,49.69032822409049
54.06,-5299585.551184353,14511870.0,49.69031658281893
54.07,-5300818.201817723,14510680.0,49.69030486502856
54.08,-5302045.138348834,14509490.0,49.69029307306735
54.09,-5303266.093256642,14508300.0,49.69028120930529
54.1,-5304480.798122118,14507110.0,49.69026927608215
54.11,-5305688.984938204,14505920.0,49.690257275766754
54.12,-5306890.390329305,14504730.0,49.69024521077109
54.13,-5308084.75550737,14503540.0,49.69023308351954
54.14,-5309271.819788483,14502350.0,49.69022089639207
54.15,-5310451.323780772,14501160.0,49.690208651792524
54.16,-5311623.015087667,14499970.0,49.69019635219588
54.17,-5312786.64302713,14498790.0,49.690184000037135
54.18,-5313941.953451667,14497600.0,49.69017159770709
54.19,-5315088.69557934,14496420.0,49.69015914765282
54.2,-5316226.622459459,14495240.0,49.69014665234382
54.21,-5317355.490869552,14494070.0,49.69013411425128
54.22,-5318475.066739644,14492900.0,49.69012153590294
54.23,-5319585.116856537,14491720.0,49.6901089197715
54.24,-5320685.407898459,14490560.0,49.69009626831512
54.25,-5321775.710083137,14489400.0,49.690083584026446
54.26,-5322855.794100669,14488240.0,49.69007086937358
54.27,-5323925.431058946,14487080.0,49.69005812682166
54.28,-5324984.39869736,14485930.0,49.690045358891744
54.29,-5326032.478270357,14484790.0,49.690032568084646
54.3,-5327069.451480164,14483650.0,49.69001975687533
54.31,-5328095.104240114,14482510.0,49.690006927767186
54.32,-5329109.223495103,14481380.0,49.68999408323112
54.33,-5330111.596313523,14480260.0,49.68998122573197
54.34,-5331102.012282069,14479140.0,49.68996835774612
54.35,-5332080.26300026,14478030.0,49.689955481739915
54.36,-5333046.147671136,14476920.0,49.689942600229905
54.37,-5333999.469873115,14475820.0,49.68992971570807
54.38,-5334940.034893615,14474730.0,49.689916830637166
54.39,-5335867.653039467,14473650.0,49.68990394750579
54.4,-5336782.132185316,14472570.0,49.689891068729615
54.41,-5337683.284321837,14471500.0,49.68987819676693
54.42,-5338570.92984088,14470440.0,49.689865334116845
54.43,-5339444.891516887,14469390.0,49.689852483223504
54.44,-5340304.996793133,14468350.0,49.68983964654293
54.45,-5341151.077053422,14467310.0,49.68982682651848
54.46,-5341982.965410306,14466280.0,49.689814025567706
54.47,-5342800.497564991,14465260.0,49.68980124610457
54.48,-5343603.515005765,14464260.0,49.68978849056
54.49,-5344391.860293411,14463260.0,49.68977576131781
54.5,-5345165.377805426,14462270.0,49.689763060750835
54.51,-5345923.9193828525,14461290.0,49.68975039127269
54.52,-5346667.342013189,14460320.0,49.6897377552749
54.53,-5347395.504994621,14459360.0,49.68972515511303
54.54,-5348108.267321078,14458410.0,49.689712593095884
54.55,-5348805.495147201,14457480.0,49.68970007159315
54.56,-5349487.061009012,14456550.0,49.689687592956204
54.57,-5350152.838711705,14455630.0,49.689675159477375
54.58,-5350802.705099893,14454730.0,49.68966277345251
54.59,-5351436.537216427,14453840.0,49.689650437126666
54.6,-5352054.215779516,14452960.0,49.68963815276447
54.61,-5352655.63043505,14452090.0,49.68962592266066
54.62,-5353240.673055053,14451230.0,49.68961374904161
54.63,-5353809.23717379,14450390.0,49.68960163410422
54.64,-5354361.222437189,14449560.0,49.6895895800759
54.65,-5354896.533250822,14448740.0,49.68957758915213
54.66,-5355415.0724667255,14447930.0,49.689565663450445
54.67,-5355916.747933192,14447140.0,49.68955380512622
54.68,-5356401.474786976,14446360.0,49.689542016338315
54.69,-5356869.172223596,14445590.0,49.68953029920228
54.7,-5357319.76327976,14444840.0,49.68951865581534
54.71,-5357753.174387297,14444100.0,49.6895070882469
54.72,-5358169.337205352,14443380.0,49.689495598563774
54.73,-5358568.188177726,14442660.0,49.68948418881449
54.74,-5358949.667918109,14441970.0,49.689472861016995
54.75,-5359313.71894118,14441280.0,49.68946161714933
54.76,-5359660.287661924,14440620.0,49.689450459180925
54.77,-5359989.327425679,14439960.0,49.68943938909444
54.78,-5360300.796417006,14439320.0,49.689428408828626
54.79,-5360594.654480578,14438700.0,49.68941752027538
54.8,-5360870.864777879,14438090.0,49.68940672531008
54.81,-5361129.396530756,14437500.0,49.68939602581873
54.82,-5361370.226803032,14436920.0,49.68938542367759
54.83,-5361593.335790174,14436360.0,49.68937492070474
54.84,-5361798.703635784,14435810.0,49.68936451865783
54.85,-5361986.310944174,14435280.0,49.68935421927119
54.86,-5362156.142770358,14434760.0,49.68934402428213
54.87,-5362308.189827685,14434260.0,49.68933393541624
54.88,-5362442.444854693,14433780.0,49.68932395433715
54.89,-5362558.9065519385,14433310.0,49.68931408272644
54.9,-5362657.578058033,14432860.0,49.68930432221831
54.91,-5362738.46143284,14432420.0,49.68929467436987
54.92,-5362801.568367771,14432000.0,49.68928514080987
54.93,-5362846.9144539805,14431600.0,49.68927572309129
54.94,-5362874.516171515,14431210.0,49.68926642270685
54.95,-5362884.394481241,14430840.0,49.68925724115433
54.96,-5362876.576887131,14430490.0,49.68924817992913
54.97,-5362851.094887829,14430150.0,49.68923924046762
54.98,-5362807.981079909,14429840.0,49.689230424156825
54.99,-5362747.274630763,14429530.0,49.68922173240119
55.0,-5362669.023915841,14429250.0,49.6892131666101
55.01,-5362573.279702856,14428980.0,49.689204728104805
55.02,-5362460.095100188,14428730.0,49.68919641817356
55.03,-5362329.52727171,14428500.0,49.689188238093884
55.04,-5362181.632203642,14428280.0,49.6891801890557
55.05,-5362016.471710219,14428080.0,49.68917227228219
55.06,-5361834.1170377005,14427900.0,49.68916448900593
55.07,-5361634.643359663,14427740.0,49.68915684038499
55.08,-5361418.125398201,14427590.0,49.68914932750862
55.09,-5361184.639473561,14427460.0,49.68914195144058
55.1,-5360934.26715449,14427350.0,49.68913471325041
55.11,-5360667.097663976,14427260.0,49.6891276140025
55.12,-5360383.221002349,14427180.0,49.68912065467041
55.13,-5360082.7280053925,14427120.0,49.68911383619187
55.14,-5359765.713935713,14427080.0,49.689107159497034
55.15,-5359432.275472739,14427060.0,49.689100625468896
55.16,-5359082.514875365,14427050.0,49.689094234980566
55.17,-5358716.536233982,14427060.0,49.68908798885053
55.18,-5358334.444448428,14427090.0,49.68908188784958
55.19,-5357936.352466294,14427140.0,49.68907593277772
55.2,-5357522.376287375,14427210.0,49.689070124370126
55.21,-5357092.634400499,14427290.0,49.68906446331317
55.22,-5356647.244939506,14427390.0,49.68905895023901
55.23,-5356186.32967039,14427510.0,49.68905358577862
55.24,-5355710.020039862,14427650.0,49.6890483705825
55.25,-5355218.447909874,14427800.0,49.689043305203654
55.26,-5354711.746640344,14427980.0,49.68903839015171
55.27,-5354190.049325308,14428160.0,49.68903362589399
55.28,-5353653.493862918,14428370.0,49.68902901290158
55.29,-5353102.224903903,14428600.0,49.689024551637914
55.3,-5352536.388510696,14428840.0,49.68902024248493
55.31,-5351956.132615737,14429100.0,49.68901608579537
55.32,-5351361.607423921,14429380.0,49.68901208189248
55.33,-5350752.963080746,14429670.0,49.68900823103759
55.34,-5350130.3565092925,14429980.0,49.68900453351794
55.35,-5349493.950400254,14430310.0,49.68900098959383
55.36,-5348843.907697566,14430660.0,49.68899759943396
55.37,-5348180.394561078,14431020.0,49.68899436320749
55.38,-5347503.583621555,14431400.0,49.68899128107941
55.39,-5346813.644820921,14431800.0,49.68898835309706
55.4,-5346110.748595501,14432210.0,49.6889855792981
55.41,-5345395.071574566,14432640.0,49.68898295973841
55.42,-5344666.793916226,14433090.0,49.6889804944199
55.43,-5343926.097548412,14433560.0,49.688978183298865
55.44,-5343173.170047017,14434040.0,49.68897602633803
55.45,-5342408.203679931,14434540.0,49.68897402346092
55.46,-5341631.38835121,14435050.0,49.68897217449298
55.47,-5340842.914898993,14435580.0,49.68897047925823
55.48,-5340042.975780314,14436120.0,49.68896893753948
55.49,-5339231.760856884,14436680.0,49.68896754905652
55.5,-5338409.461433237,14437260.0,49.68896631351765
55.51,-5337576.276470437,14437860.0,49.688965230663456
55.52,-5336732.409697567,14438460.0,49.68896430018222
55.53,-5335878.065177389,14439090.0,49.68896352169485
55.54,-5335013.445197296,14439730.0,49.6889628947666
55.55,-5334138.751346223,14440380.0,49.68896241892896
55.56,-5333254.185024379,14441050.0,49.68896209368505
55.57,-5332359.950005759,14441730.0,49.6889619185263
55.58,-5331456.254551147,14442430.0,49.68896189293366
55.59,-5330543.310278222,14443140.0,49.688962016352285
55.6,-5329621.332567404,14443870.0,49.688962288201424
55.61,-5328690.5377775375,14444610.0,49.688962707849974
55.62,-5327751.139485831,14445360.0,49.68896327459444
55.63,-5326803.351670667,14446130.0,49.68896398772246
55.64,-5325847.390933608,14446920.0,49.68896484651511
55.65,-5324883.476504514,14447710.0,49.68896585022263
55.66,-5323911.83115843,14448520.0,49.68896699807478
55.67,-5322932.6749545615,14449340.0,49.688968289218344
55.68,-5321946.227735399,14450180.0,49.688969722784165
55.69,-5320952.715279165,14451020.0,49.68897129793113
55.7,-5319952.366577868,14451880.0,49.68897301377383
55.71,-5318945.413786853,14452760.0,49.68897486940334
55.72,-5317932.0898378,14453640.0,49.688976863859075
55.73,-5316912.624222228,14454540.0,49.68897899611596
55.74,-5315887.246970393,14455450.0,49.68898126514299
55.75,-5314856.190759601,14456370.0,49.68898366991385
55.76,-5313819.692002058,14457300.0,49.68898620937664
55.77,-5312777.9836155195,14458240.0,49.68898888239464
55.78,-5311731.301167499,14459190.0,49.68899168785506
55.79,-5310679.883279278,14460160.0,49.688994624626
55.8,-5309623.966560311,14461130.0,49.68899769150588
55.81,-5308563.787539186,14462110.0,49.689000887281466
55.82,-5307499.5823200205,14463110.0,49.68900421070559
55.83,-5306431.587548644,14464110.0,49.68900766051549
55.84,-5305360.0387029005,14465120.0,49.68901123540866
55.85,-5304285.171341917,14466150.0,49.68901493406597
55.86,-5303207.223498219,14467180.0,49.689018755163865
55.87,-5302126.434257786,14468220.0,49.6890226973515
55.88,-5301043.045755676,14469270.0,49.68902675926865
55.89,-5299957.296970717,14470330.0,49.68903093948251
55.9,-5298869.426907315,14471390.0,49.689035236560514
55.91,-5297779.677443314,14472470.0,49.68903964907379
55.92,-5296688.2814257005,14473550.0,49.68904417546348
55.93,-5295595.470510589,14474640.0,49.689048814200895
55.94,-5294501.48347871,14475740.0,49.689053563820885
55.95,-5293406.558672669,14476840.0,49.68905842277589
55.96,-5292310.927498048,14477950.0,49.689063389431496
55.97,-5291214.820388118,14479060.0,49.68906846217643
55.98,-5290118.471187893,14480190.0,49.68907363942542
55.99,-5289022.119041758,14481320.0,49.68907891959537
56.0,-5287926.002535752,14482450.0,49.68908430103835
56.01,-5286830.35485096,14483590.0,49.68908978204069
56.02,-5285735.409846037,14484740.0,49.689095360922785
56.03,-5284641.404849789,14485890.0,49.68910103600797
56.04,-5283548.574570968,14487040.0,49.68910680556235
56.05,-5282457.147386249,14488200.0,49.68911266778651
56.06,-5281367.352332263,14489370.0,49.689118620922116
56.07,-5280279.420644485,14490540.0,49.689124663213704
56.08,-5279193.5856473865,14491710.0,49.68913079289399
56.09,-5278110.075976992,14492880.0,49.68913700811829
56.1,-5277029.118189143,14494060.0,49.6891433070478
56.11,-5275950.943192323,14495240.0,49.689149687887564
56.12,-5274875.781071494,14496430.0,49.68915614878902
56.13,-5273803.859318144,14497620.0,49.68916268787436
56.14,-5272735.40441805,14498810.0,49.68916930326196
56.15,-5271670.643670995,14500000.0,49.689175993080255
56.16,-5270609.801316447,14501190.0,49.689182755407394
56.17,-5269553.097897777,14502390.0,49.68918958830152
56.18,-5268500.755665365,14503580.0,49.68919648985706
56.19,-5267452.995787287,14504780.0,49.68920345813603
56.2,-5266410.035097173,14505980.0,49.68921049115894
56.21,-5265372.090071104,14507180.0,49.689217586965995
56.22,-5264339.376255626,14508380.0,49.689224743590934
56.23,-5263312.107067512,14509580.0,49.689231959043546
56.24,-5262290.491051907,14510770.0,49.6892392312929
56.25,-5261274.735573031,14511970.0,49.68924655833496
56.26,-5260265.043447921,14513170.0,49.689253938120245
56.27,-5259261.613104874,14514360.0,49.689261368593066
56.28,-5258264.645010732,14515560.0,49.68926884773654
56.29,-5257274.338255732,14516750.0,49.689276373513344
56.3,-5256290.895677656,14517950.0,49.68928394392306
56.31,-5255314.519767116,14519140.0,49.68929155693406
56.32,-5254345.404972516,14520320.0,49.689299210436324
56.33,-5253383.7470245045,14521510.0,49.68930690239175
56.34,-5252429.741057587,14522690.0,49.68931463074963
56.35,-5251483.5760799665,14523870.0,49.68932239340469
56.36,-5250545.441339586,14525050.0,49.68933018829445
56.37,-5249615.526437669,14526220.0,49.68933801337202
56.38,-5248694.017510548,14527390.0,49.68934586654269
56.39,-5247781.095453451,14528560.0,49.6893537456979
56.4,-5246876.941035129,14529720.0,49.6893616487683
56.41,-5245981.731705388,14530880.0,49.6893695736585
56.42,-5245095.642269678,14532030.0,49.68937751827335
56.43,-5244218.846363186,14533180.0,49.689385480532245
56.44,-5243351.515250299,14534320.0,49.68939345834794
56.45,-5242493.819242429,14535460.0,49.68940144964545
56.46,-5241645.926042156,14536590.0,49.6894094523382
56.47,-5240808.001875552,14537720.0,49.689417464350996
56.48,-5239980.212912274,14538840.0,49.689425483631894
56.49,-5239162.721332564,14539950.0,49.68943350809029
56.5,-5238355.6835499,14541060.0,49.689441535625555
56.51,-5237559.251620427,14542160.0,49.68944956414346
56.52,-5236773.576080581,14543260.0,49.68945759157529
56.53,-5235998.803777095,14544340.0,49.68946561584786
56.54,-5235235.0810482325,14545430.0,49.68947363490781
56.55,-5234482.554519603,14546500.0,49.68948164672845
56.56,-5233741.366488332,14547560.0,49.68948964924987
56.57,-5233011.658159726,14548620.0,49.68949764044178
56.58,-5232293.564059277,14549670.0,49.68950561823372
56.59,-5231587.2119013565,14550710.0,49.689513580549914
56.6,-5230892.731119427,14551740.0,49.68952152539555
56.61,-5230210.247228159,14552770.0,49.689529450743294
56.62,-5229539.881699097,14553780.0,49.689537354563164
56.63,-5228881.755426116,14554790.0,49.68954523487245
56.64,-5228235.9859881215,14555780.0,49.68955308966787
56.65,-5227602.686386562,14556770.0,49.689560916949645
56.66,-5226981.966686069,14557750.0,49.68956871473421
56.67,-5226373.936058124,14558720.0,49.689576481070226
56.68,-5225778.704658879,14559670.0,49.68958421404496
56.69,-5225196.379699142,14560620.0,49.68959191171777
56.7,-5224627.063499057,14561560.0,49.68959957214526
56.71,-5224070.853247511,14562480.0,49.68960719339477
56.72,-5223527.844180111,14563400.0,49.68961477356106
56.73,-5222998.130143778,14564300.0,49.689622310773096
56.74,-5222481.803478942,14565200.0,49.689629803166774
56.75,-5221978.951197385,14566080.0,49.68963724886016
56.76,-5221489.654398751,14566950.0,49.68964464597579
56.77,-5221013.989737102,14567810.0,49.68965199265199
56.78,-5220552.033740446,14568660.0,49.68965928709644
56.79,-5220103.864747684,14569500.0,49.68966652754148
56.8,-5219669.551857677,14570320.0,49.68967371214681
56.81,-5219249.158553011,14571130.0,49.689680839107226
56.82,-5218842.749296114,14571930.0,49.689687906692285
56.83,-5218450.386967177,14572720.0,49.68969491317054
56.84,-5218072.131492377,14573490.0,49.68970185682707
56.85,-5217708.037727888,14574250.0,49.689708735932335
56.86,-5217358.154592303,14575000.0,49.68971554876554
56.87,-5217022.529211661,14575740.0,49.689722293659216
56.88,-5216701.202527005,14576460.0,49.68972896892729
56.89,-5216394.216800991,14577170.0,49.68973557296311
56.9,-5216101.614880344,14577870.0,49.68974210418793
56.91,-5215823.43113657,14578550.0,49.68974856095439
56.92,-5215559.697371289,14579220.0,49.68975494168725
56.93,-5215310.443094764,14579880.0,49.68976124483605
56.94,-5215075.694380501,14580520.0,49.689767468853155
56.95,-5214855.471862236,14581140.0,49.689773612199446
56.96,-5214649.79579214,14581760.0,49.689779673399805
56.97,-5214458.681196205,14582360.0,49.68978565095499
56.98,-5214282.136607621,14582940.0,49.689791543374234
56.99,-5214120.170945974,14583510.0,49.68979734924727
57.0,-5213972.791238958,14584070.0,49.68980306717065
57.01,-5213840.001250175,14584610.0,49.689808695754586
57.02,-5213721.7982799895,14585140.0,49.689814233595754
57.03,-5213618.175486018,14585650.0,49.689819679329936
57.04,-5213529.127115705,14586150.0,49.689825031670196
57.05,-5213454.644919224,14586640.0,49.68983028932358
57.06,-5213394.7132997345,14587100.0,49.689835450970435
57.07,-5213349.3137971945,14587560.0,49.68984051535456
57.08,-5213318.4283866985,14588000.0,49.68984548127675
57.09,-5213302.0383971725,14588420.0,49.68985034755676
57.1,-5213300.120122212,14588830.0,49.689855113000085
57.11,-5213312.646403451,14589220.0,49.689859776452195
57.12,-5213339.587989978,14589600.0,49.68986433679295
57.13,-5213380.910684221,14589960.0,49.689868792905614
57.14,-5213436.578635181,14590310.0,49.68987314372041
57.15,-5213506.551428465,14590640.0,49.68987738817431
57.16,-5213590.783961379,14590960.0,49.68988152522081
57.17,-5213689.22574787,14591260.0,49.68988555383143
57.18,-5213801.825350473,14591550.0,49.6898894730414
57.19,-5213928.528725873,14591820.0,49.68989328189876
57.2,-5214069.275457902,14592070.0,49.68989697943957
57.21,-5214224.007062071,14592310.0,49.68990056480744
57.22,-5214392.664939496,14592540.0,49.689904037156914
57.23,-5214575.1854764195,14592750.0,49.68990739562836
57.24,-5214771.504477155,14592940.0,49.68991063942849
57.25,-5214981.551977545,14593120.0,49.68991376774497
57.26,-5215205.2495528525,14593280.0,49.68991677976267
57.27,-5215442.520953602,14593430.0,49.68991967477971
57.28,-5215693.284931504,14593560.0,49.68992245206977
57.29,-5215957.457564074,14593680.0,49.689925110943506
57.3,-5216234.954528077,14593780.0,49.68992765076878
57.31,-5216525.686654379,14593860.0,49.68993007089838
57.32,-5216829.560087534,14593930.0,49.689932370710096
57.33,-5217146.476844691,14593980.0,49.689934549608964
57.34,-5217476.341929271,14594020.0,49.68993660709967
57.35,-5217819.059749119,14594050.0,49.689938542688594
57.36,-5218174.5285881935,14594050.0,49.68994035585764
57.37,-5218542.640079209,14594050.0,49.68994204610521
57.38,-5218923.282834923,14594020.0,49.689943612987605
57.39,-5219316.348310984,14593990.0,49.689945056142
57.4,-5219721.725685176,14593930.0,49.68994637519745
57.41,-5220139.299345236,14593870.0,49.689947569781985
57.42,-5220568.953493585,14593780.0,49.689948639599095
57.43,-5221010.571008053,14593690.0,49.68994958437166
57.44,-5221464.0291085625,14593570.0,49.689950403806826
57.45,-5221929.203389879,14593450.0,49.68995109767485
57.46,-5222405.969642028,14593300.0,49.68995166579349
57.47,-5222894.200204637,14593150.0,49.68995210798305
57.48,-5223393.7662386885,14592980.0,49.68995242410486
57.49,-5223904.533735538,14592790.0,49.68995261401101
57.5,-5224426.363846891,14592590.0,49.68995267759104
57.51,-5224959.122219349,14592380.0,49.689952614831704
57.52,-5225502.673479031,14592150.0,49.68995242572136
57.53,-5226056.875588444,14591900.0,49.689952110213106
57.54,-5226621.581825345,14591640.0,49.689951668308446
57.55,-5227196.646641592,14591370.0,49.689951100078176
57.56,-5227781.923045785,14591090.0,49.689950405610325
57.57,-5228377.261347038,14590790.0,49.68994958500451
57.58,-5228982.511029802,14590480.0,49.68994863840589
57.59,-5229597.516649922,14590150.0,49.6899475659513
57.6,-5230222.119760915,14589810.0,49.689946367813135
57.61,-5230856.1652329685,14589460.0,49.689945044256916
57.62,-5231499.49750128,14589090.0,49.68994359554376
57.63,-5232151.960395091,14588720.0,49.68994202196956
57.64,-5232813.3926354125,14588320.0,49.689940323808905
57.65,-5233483.627994323,14587920.0,49.68993850136342
57.66,-5234162.498133022,14587500.0,49.68993655497815
57.67,-5234849.833737419,14587070.0,49.689934485036865
57.68,-5235545.467252157,14586630.0,49.68993229197837
57.69,-5236249.229751954,14586180.0,49.68992997624724
57.7,-5236960.952477935,14585710.0,49.68992753832252
57.71,-5237680.461653517,14585230.0,49.68992497866629
57.72,-5238407.582632979,14584740.0,49.689922297801665
57.73,-5239142.136937224,14584240.0,49.68991949624584
57.74,-5239883.9440119425,14583730.0,49.68991657455599
57.75,-5240632.823787983,14583200.0,49.689913533337396
57.76,-5241388.594347362,14582670.0,49.689910373200064
57.77,-5242151.072090813,14582120.0,49.68990709478009
57.78,-5242920.074982969,14581560.0,49.68990369877167
57.79,-5243695.422842415,14581000.0,49.689900185897976
57.8,-5244476.932446752,14580420.0,49.68989655686783
57.81,-5245264.417070324,14579830.0,49.68989281240347
57.82,-5246057.692688105,14579230.0,49.6898889533099
57.83,-5246856.575476294,14578620.0,49.689884980401146
57.84,-5247660.873380163,14578000.0,49.689880894424945
57.85,-5248470.393160937,14577380.0,49.689876696216764
57.86,-5249284.948201102,14576740.0,49.68987238670484
57.87,-5250104.349176547,14576090.0,49.68986796676864
57.88,-5250928.405988526,14575440.0,49.689863437323595
57.89,-5251756.930156342,14574780.0,49.68985879933058
57.9,-5252589.72758544,14574100.0,49.68985405370887
57.91,-5253426.601061984,14573420.0,49.6898492014098
57.92,-5254267.35366545,14572730.0,49.68984424343601
57.93,-5255111.793101516,14572040.0,49.689839180859465
57.94,-5255959.725446441,14571330.0,49.68983401471645
57.95,-5256810.949901559,14570620.0,49.68982874601465
57.96,-5257665.265615624,14569900.0,49.68982337583594
57.97,-5258522.475162063,14569170.0,49.689817905310576
57.98,-5259382.383580029,14568440.0,49.689812335596656
57.99,-5260244.797356048,14567700.0,49.689806667863884
58.0,-5261109.518616334,14566950.0,49.68980090324204
58.01,-5261976.343179609,14566190.0,49.68979504286082
58.02,-5262845.070629052,14565430.0,49.68978908794923
58.03,-5263715.503753101,14564660.0,49.68978303976197
58.04,-5264587.444166805,14563890.0,49.68977689953083
58.05,-5265460.695273359,14563110.0,49.68977066853289
58.06,-5266335.057995887,14562330.0,49.689764348028355
58.07,-5267210.332026137,14561540.0,49.68975793929799
58.08,-5268086.321635165,14560750.0,49.68975144369575
58.09,-5268962.830272356,14559950.0,49.689744862547876
58.1,-5269839.656233669,14559140.0,49.689738197150724
58.11,-5270716.5964110335,14558330.0,49.68973144884018
58.12,-5271593.449937142,14557520.0,49.68972461900753
58.13,-5272470.020528686,14556700.0,49.689717709076334
58.14,-5273346.114447519,14555880.0,49.689710720484065
58.15,-5274221.535493467,14555060.0,49.68970365462897
58.16,-5275096.083859636,14554230.0,49.68969651290862
58.17,-5275969.561367276,14553390.0,49.68968929677972
58.18,-5276841.76964749,14552560.0,49.689682007695176
58.19,-5277712.511851518,14551720.0,49.68967464713498
58.2,-5278581.595277047,14550880.0,49.68966721662111
58.21,-5279448.828302492,14550040.0,49.68965971766121
58.22,-5280314.019650036,14549190.0,49.68965215177835
58.23,-5281176.978387606,14548340.0,49.68964452049272
58.24,-5282037.514443744,14547490.0,49.68963682535203
58.25,-5282895.438496895,14546640.0,49.68962906790734
58.26,-5283750.560211844,14545780.0,49.68962124970648
58.27,-5284602.689719919,14544930.0,49.68961337231504
58.28,-5285451.637108397,14544070.0,49.689605437303555
58.29,-5286297.210426996,14543210.0,49.68959744623116
58.3,-5287139.221895332,14542350.0,49.6895894007161
58.31,-5287977.488370305,14541490.0,49.68958130240168
58.32,-5288811.827711672,14540630.0,49.68957315290899
58.33,-5289642.05821575,14539770.0,49.68956495386186
58.34,-5290467.997363865,14538910.0,49.6895567068768
58.35,-5291289.463359962,14538050.0,49.689548413587744
58.36,-5292106.274734553,14537190.0,49.689540075629864
58.37,-5292918.252341056,14536330.0,49.689531694665426
58.38,-5293725.219419603,14535470.0,49.68952327236237
58.39,-5294527.000008403,14534610.0,49.6895148103836
58.4,-5295323.417237175,14533750.0,49.68950631037237
58.41,-5296114.29748579,14532900.0,49.68949777402425
58.42,-5296899.472900752,14532040.0,49.689489203054045
58.43,-5297678.772178874,14531180.0,49.68948059911099
58.44,-5298452.023066976,14530330.0,49.68947196385431
58.45,-5299219.055836578,14529480.0,49.68946329897391
58.46,-5299979.703234162,14528630.0,49.68945460617133
58.47,-5300733.800260336,14527780.0,49.689445887144444
58.48,-5301481.185942923,14526940.0,49.68943714361422
58.49,-5302221.706824019,14526100.0,49.6894283773425
58.5,-5302955.210084354,14525260.0,49.68941959003328
58.51,-5303681.541437248,14524420.0,49.68941078337698
58.52,-5304400.547291214,14523590.0,49.68940195906995
58.53,-5305112.074011709,14522760.0,49.68939311880669
58.54,-5305815.974418187,14521930.0,49.68938426433854
58.55,-5306512.106091452,14521110.0,49.68937539741006
58.56,-5307200.329049897,14520290.0,49.689366519750656
58.57,-5307880.507066988,14519480.0,49.68935763310048
58.58,-5308552.498962576,14518660.0,49.68934873911805
58.59,-5309216.165030598,14517860.0,49.689339839507
58.6,-5309871.371602333,14517050.0,49.68933093601681
58.61,-5310517.983027217,14516260.0,49.68932203031676
58.62,-5311155.861554602,14515460.0,49.68931312407451
58.63,-5311784.872172985,14514670.0,49.68930421897926
58.64,-5312404.882047679,14513890.0,49.68929531672479
58.65,-5313015.761096785,14513110.0,49.68928641899565
58.66,-5313617.3797192965,14512340.0,49.68927752745684
58.67,-5314209.614837416,14511570.0,49.68926864382258
58.68,-5314792.344043958,14510800.0,49.68925976975005
58.69,-5315365.44560462,14510050.0,49.689250906890095
58.7,-5315928.803873881,14509300.0,49.689242056938085
58.71,-5316482.304751936,14508550.0,49.68923322154401
58.72,-5317025.839165219,14507810.0,49.68922440238413
58.73,-5317559.299603353,14507080.0,49.68921560110133
58.74,-5318082.577844145,14506360.0,49.6892068193062
58.75,-5318595.566490906,14505640.0,49.68919805860427
58.76,-5319098.16136841,14504920.0,49.689189320626795
58.77,-5319590.2639817875,14504220.0,49.68918060700705
58.78,-5320071.780163524,14503520.0,49.689171919374004
58.79,-5320542.618944963,14502830.0,49.68916325933501
58.8,-5321002.68680916,14502140.0,49.689154628436135
58.81,-5321451.89532097,14501470.0,49.68914602827619
58.82,-5321890.1600004155,14500800.0,49.689137460438964
58.83,-5322317.399649088,14500140.0,49.68912892649379
58.84,-5322733.5374983875,14499480.0,49.689120428016395
58.85,-5323138.494496598,14498830.0,49.68911196650477
58.86,-5323532.195685866,14498200.0,49.68910354350015
58.87,-5323914.57232118,14497570.0,49.68909516055711
58.88,-5324285.555161859,14496940.0,49.68908681916116
58.89,-5324645.077604751,14496330.0,49.689078520806454
58.9,-5324993.075691063,14495730.0,49.689070266979584
58.91,-5325329.488398106,14495130.0,49.68906205915313
58.92,-5325654.25975529,14494540.0,49.689053898813164
58.93,-5325967.33595066,14493960.0,49.68904578740662
58.94,-5326268.663170973,14493400.0,49.68903772634196
58.95,-5326558.18845664,14492830.0,49.68902971702206
58.96,-5326835.860444797,14492280.0,49.68902176083484
58.97,-5327101.628575642,14491740.0,49.68901385914594
58.98,-5327355.446228759,14491210.0,49.689006013331685
58.99,-5327597.275519858,14490680.0,49.688998224802
59.0,-5327827.080997262,14490170.0,49.688990494905696
59.01,-5328044.826228885,14489660.0,49.688982824939394
59.02,-5328250.474312691,14489170.0,49.68897521618132
59.03,-5328443.991978511,14488680.0,49.68896766992698
59.04,-5328625.350964794,14488210.0,49.68896018746965
59.05,-5328794.528145077,14487740.0,49.68895277009725
59.06,-5328951.501665765,14487280.0,49.688945419039044
59.07,-5329096.2474161545,14486840.0,49.68893813547802
59.08,-5329228.748482345,14486400.0,49.6889309206582
59.09,-5329348.992087925,14485980.0,49.688923775785085
59.1,-5329456.967666696,14485560.0,49.68891670203087
59.11,-5329552.672167731,14485160.0,49.68890970060377
59.12,-5329636.105230217,14484760.0,49.688902772654004
59.13,-5329707.266169758,14484380.0,49.68889591928358
59.14,-5329766.158707182,14484010.0,49.68888914161907
59.15,-5329812.789611689,14483640.0,49.6888824407592
59.16,-5329847.168195367,14483290.0,49.688875817775454
59.17,-5329869.308256813,14482950.0,49.68886927374507
59.18,-5329879.225584713,14482620.0,49.68886280970309
59.19,-5329876.936025025,14482300.0,49.68885642664627
59.2,-5329862.458216135,14481990.0,49.688850125569054
59.21,-5329835.813766503,14481690.0,49.688843907456324
59.22,-5329797.024583437,14481400.0,49.68883777323918
59.23,-5329746.114070226,14481130.0,49.68883172384072
59.24,-5329683.107471462,14480860.0,49.68882576016435
59.25,-5329608.032903033,14480610.0,49.688819883097096
59.26,-5329520.920276233,14480360.0,49.688814093499985
59.27,-5329421.801757756,14480130.0,49.688808392212984
59.28,-5329310.714795193,14479910.0,49.68880278008537
59.29,-5329187.700363272,14479700.0,49.68879725793172
59.3,-5329052.801034728,14479500.0,49.68879182653288
59.31,-5328906.064630937,14479320.0,49.688786486675724
59.32,-5328747.544633453,14479140.0,49.68878123914268
59.33,-5328577.293758295,14478970.0,49.68877608463243
59.34,-5328395.367486629,14478820.0,49.68877102385251
59.35,-5328201.824982935,14478680.0,49.68876605750249
59.36,-5327996.723462101,14478540.0,49.68876118620214
59.37,-5327780.122059047,14478420.0,49.688756410577476
59.38,-5327552.08736058,14478320.0,49.688751731289784
59.39,-5327312.68914953,14478220.0,49.688747148945836
59.4,-5327061.994257698,14478130.0,49.688742664072
59.41,-5326800.0748208035,14478060.0,49.68873827723979
59.42,-5326527.008120174,14477990.0,49.688733989006764
59.43,-5326242.869870677,14477940.0,49.68872979984709
59.44,-5325947.73797721,14477900.0,49.68872571023932
59.45,-5325641.69447705,14477870.0,49.68872172065837
59.46,-5325324.82247229,14477850.0,49.68871783153688
59.47,-5324997.205846906,14477840.0,49.68871404327041
59.48,-5324658.931604439,14477850.0,49.688710356260565
59.49,-5324310.092439454,14477860.0,49.68870677090722
59.5,-5323950.784243671,14477890.0,49.688703287570014
59.51,-5323581.103719825,14477920.0,49.68869990657381
59.52,-5323201.149123754,14477970.0,49.68869662821317
59.53,-5322811.018899877,14478030.0,49.688693452756155
59.54,-5322410.812706643,14478100.0,49.688690380447326
59.55,-5322000.63153278,14478180.0,49.68868741151044
59.56,-5321580.57826971,14478280.0,49.68868454615068
59.57,-5321150.758171406,14478380.0,49.68868178455647
59.58,-5320711.280227164,14478490.0,49.688679126901256
59.59,-5320262.256999178,14478620.0,49.688676573344864
59.6,-5319803.8054854125,14478750.0,49.68867412403476
59.61,-5319336.04017761,14478900.0,49.68867177902997
59.62,-5318859.07339609,14479060.0,49.68866953836341
59.63,-5318373.023204492,14479220.0,49.688667402114724
59.64,-5317878.011029882,14479400.0,49.68866537032493
59.65,-5317374.160530568,14479590.0,49.688663443006966
59.66,-5316861.597486826,14479790.0,49.68866162014796
59.67,-5316340.446101242,14480000.0,49.68865990167864
59.68,-5315810.831387273,14480220.0,49.688658287523815
59.69,-5315272.880765979,14480450.0,49.688656777600414
59.7,-5314726.721905691,14480690.0,49.688655371783646
59.71,-5314172.486368794,14480940.0,49.688654069954765
59.72,-5313610.310475331,14481200.0,49.688652871997
59.73,-5313040.334744077,14481470.0,49.68865177776002
59.74,-5312462.697918596,14481750.0,49.68865078702887
59.75,-5311877.535879095,14482040.0,49.68864989954172
59.76,-5311284.983970755,14482340.0,49.68864911503652
59.77,-5310685.184409554,14482650.0,49.68864843329079
59.78,-5310078.281796625,14482970.0,49.68864785403395
59.79,-5309464.422553365,14483300.0,49.688647376968184
59.8,-5308843.754412128,14483640.0,49.68864700176637
59.81,-5308216.422258543,14483990.0,49.68864672805074
59.82,-5307582.575759486,14484340.0,49.68864655547661
59.83,-5306942.365043117,14484710.0,49.68864648364989
59.84,-5306295.939901222,14485090.0,49.688646512145944
59.85,-5305643.44916053,14485470.0,49.68864664051214
59.86,-5304985.046320869,14485870.0,49.68864686832114
59.87,-5304320.887742281,14486270.0,49.688647195120055
59.88,-5303651.126325749,14486680.0,49.6886476203735
59.89,-5302975.915093615,14487100.0,49.68864814355531
59.9,-5302295.410778956,14487530.0,49.6886487641496
59.91,-5301609.772409196,14487960.0,49.68864948161296
59.92,-5300919.156751947,14488410.0,49.688650295348054
59.93,-5300223.72229732,14488860.0,49.68865120475719
59.94,-5299523.626126985,14489320.0,49.68865220920431
59.95,-5298819.02430853,14489800.0,49.68865330803307
59.96,-5298110.0770775825,14490270.0,49.68865450060769
59.97,-5297396.9476505,14490760.0,49.688655786276904
59.98,-5296679.798925596,14491250.0,49.68865716434278
59.99,-5295958.793196378,14491750.0,49.68865863407794
60.0,-5295234.095283179,14492260.0,49.68866019477207
60.01,-5294505.872367467,14492780.0,49.688661845694014
60.02,-5293774.289950705,14493300.0,49.68866358606526
60.03,-5293039.515439176,14493830.0,49.68866541511356
60.04,-5292301.715583336,14494370.0,49.68866733203475
60.05,-5291561.057728785,14494910.0,49.68866933601065
60.06,-5290817.709588765,14495460.0,49.6886714262111
60.07,-5290071.837990326,14496020.0,49.68867360176923
60.08,-5289323.610922536,14496590.0,49.688675861830184
60.09,-5288573.197709297,14497160.0,49.68867820551541
60.1,-5287820.768498732,14497740.0,49.68868063193625
60.11,-5287066.491813817,14498320.0,49.68868314015997
60.12,-5286310.537567487,14498910.0,49.688685729269785
60.13,-5285553.0758683635,14499510.0,49.688688398319364
60.14,-5284794.273658035,14500110.0,49.68869114631866
60.15,-5284034.301198458,14500720.0,49.68869397231746
60.16,-5283273.328831028,14501330.0,49.68869687532866
60.17,-5282511.52292975,14501950.0,49.68869985430672
60.18,-5281749.047485901,14502570.0,49.68870290820523
60.19,-5280986.066893347,14503200.0,49.68870603598045
60.2,-5280222.747772084,14503840.0,49.68870923660041
60.21,-5279459.25783308,14504470.0,49.68871250900719
60.22,-5278695.765538058,14505120.0,49.68871585213519
60.23,-5277932.4373650495,14505770.0,49.68871926487476
60.24,-5277169.437232571,14506420.0,49.68872274609769
60.25,-5276406.934014316,14507080.0,49.6887262947362
60.26,-5275645.096535808,14507740.0,49.68872990966406
60.27,-5274884.090097142,14508410.0,49.688733589722176
60.28,-5274124.077033033,14509080.0,49.68873733372657
60.29,-5273365.2172173,14509750.0,49.68874114048718
60.3,-5272607.673070493,14510430.0,49.688745008849
60.31,-5271851.606032182,14511120.0,49.688748937617575
60.32,-5271097.179976689,14511800.0,49.68875292561661
60.33,-5270344.562528858,14512490.0,49.68875697168536
60.34,-5269593.919886769,14513180.0,49.68876107461138
60.35,-5268845.415164601,14513880.0,49.68876523314912
60.36,-5268099.211233244,14514580.0,49.688769446073294
60.37,-5267355.473738969,14515280.0,49.68877371217903
60.38,-5266614.369741741,14515990.0,49.68877803024942
60.39,-5265876.064241662,14516700.0,49.68878239902704
60.4,-5265140.714873207,14517410.0,49.68878681719456
60.41,-5264408.474051346,14518120.0,49.68879128343423
60.42,-5263679.498873098,14518840.0,49.688795796510114
60.43,-5262953.949988622,14519560.0,49.688800355178046
60.44,-5262231.980155087,14520280.0,49.68880495808837
60.45,-5261513.736951366,14521000.0,49.68880960389398
60.46,-5260799.368861705,14521720.0,49.68881429129058
60.47,-5260089.025733032,14522450.0,49.688819018980205
60.48,-5259382.856270145,14523170.0,49.68882378563937
60.49,-5258681.008032022,14523900.0,49.68882858993611
60.5,-5257983.627542096,14524630.0,49.68883343053709
60.51,-5257290.857663514,14525360.0,49.68883830608104
60.52,-5256602.841692137,14526100.0,49.68884321523207
60.53,-5255919.721761239,14526830.0,49.68884815664127
60.54,-5255241.6359885335,14527560.0,49.68885312892596
60.55,-5254568.720972735,14528300.0,49.688858130721535
60.56,-5253901.114923217,14529040.0,49.68886316068678
60.57,-5253238.959771743,14529770.0,49.68886821750813
60.58,-5252582.395596413,14530510.0,49.688873299825545
60.59,-5251931.559077654,14531240.0,49.68887840625803
60.6,-5251286.5825772155,14531980.0,49.688883535411456
60.61,-5250647.591562306,14532720.0,49.688888685858586
60.62,-5250014.7119388245,14533450.0,49.68889385623033
60.63,-5249388.071191496,14534190.0,49.688899045171375
60.64,-5248767.796221691,14534930.0,49.688904251314725
60.65,-5248154.013231321,14535660.0,49.68890947329108
60.66,-5247546.845156072,14536400.0,49.68891470970389
60.67,-5246946.409890049,14537130.0,49.68891995914546
60.68,-5246352.826313021,14537860.0,49.68892522024845
60.69,-5245766.212867628,14538590.0,49.688930491645905
60.7,-5245186.684936348,14539320.0,49.68893577194915
60.71,-5244614.35460531,14540050.0,49.68894105975988
60.72,-5244049.335043363,14540780.0,49.68894635372484
60.73,-5243491.73970642,14541500.0,49.688951652491916
60.74,-5242941.67612617,14542230.0,49.68895695465264
60.75,-5242399.250909463,14542950.0,49.68896225883931
60.76,-5241864.568880677,14543670.0,49.68896756368562
60.77,-5241337.73068336,14544380.0,49.68897286780468
60.78,-5240818.836929227,14545100.0,49.68897816984021
60.79,-5240307.986203098,14545810.0,49.68898346843238
60.8,-5239805.271980137,14546520.0,49.68898876219417
60.81,-5239310.786487655,14547230.0,49.68899404976714
60.82,-5238824.622411121,14547930.0,49.688999329823524
60.83,-5238346.868791912,14548630.0,49.68900460099672
60.84,-5237877.61227148,14549330.0,49.689009861942715
60.85,-5237416.9360592095,14550020.0,49.68901511130189
60.86,-5236964.919752514,14550710.0,49.68902034772308
60.87,-5236521.644456152,14551400.0,49.68902556990273
60.88,-5236087.189252534,14552080.0,49.68903077651511
60.89,-5235661.63319082,14552760.0,49.68903596626711
60.9,-5235245.050727646,14553440.0,49.68904113782253
60.91,-5234837.513367911,14554110.0,49.68904628987062
60.92,-5234439.091708585,14554780.0,49.68905142112015
60.93,-5234049.854125477,14555440.0,49.68905653028027
60.94,-5233669.866653447,14556100.0,49.6890616160629
60.95,-5233299.190074026,14556750.0,49.689066677164234
60.96,-5232937.88776606,14557400.0,49.68907171235095
60.97,-5232586.018018926,14558040.0,49.68907672034067
60.98,-5232243.636526949,14558680.0,49.68908169987193
60.99,-5231910.797180536,14559310.0,49.68908664969891
61.0,-5231587.550123965,14559940.0,49.68909156857338
61.01,-5231273.946019786,14560560.0,49.68909645528613
61.02,-5230970.035195175,14561180.0,49.68910130863758
61.03,-5230675.8675839435,14561790.0,49.689106127443985
61.04,-5230391.486286056,14562390.0,49.68911091047123
61.05,-5230116.932964041,14562990.0,49.68911565653727
61.06,-5229852.247098496,14563580.0,49.68912036446455
61.07,-5229597.463475177,14564170.0,49.689125033063895
61.08,-5229352.618897498,14564750.0,49.68912966121637
61.09,-5229117.745296254,14565320.0,49.68913424775642
61.1,-5228892.871483954,14565890.0,49.68913879153782
61.11,-5228678.026794074,14566450.0,49.689143291470096
61.12,-5228473.239258807,14567010.0,49.689147746446274
61.13,-5228278.532300625,14567560.0,49.689152155357455
61.14,-5228093.92625938,14568100.0,49.68915651710398
61.15,-5227919.438213678,14568630.0,49.68916083060441
61.16,-5227755.08396727,14569150.0,49.6891650948023
61.17,-5227600.879584532,14569670.0,49.68916930867158
61.18,-5227456.834894827,14570180.0,49.68917347114322
61.19,-5227322.9555854825,14570690.0,49.68917758116989
61.2,-5227199.247807381,14571180.0,49.68918163776123
61.21,-5227085.718575143,14571670.0,49.68918563994953
61.22,-5226982.372464239,14572150.0,49.68918958675337
61.23,-5226889.210579276,14572620.0,49.689193477196916
61.24,-5226806.230146582,14573090.0,49.68919731031271
61.25,-5226733.425872329,14573550.0,49.689201085156014
61.26,-5226670.791247091,14573990.0,49.68920480080393
61.27,-5226618.315294832,14574430.0,49.689208456327904
61.28,-5226575.986436973,14574870.0,49.68921205084047
61.29,-5226543.790838538,14575290.0,49.68921558345734
61.3,-5226521.708242803,14575700.0,49.68921905327094
61.31,-5226509.715089737,14576110.0,49.689222459403396
61.32,-5226507.789237833,14576510.0,49.68922580104545
61.33,-5226515.910936702,14576900.0,49.68922907741231
61.34,-5226534.059015297,14577280.0,49.689232287711945
61.35,-5226562.209510991,14577650.0,49.6892354311557
61.36,-5226600.335719883,14578010.0,49.689238506966426
61.37,-5226648.407905334,14578360.0,49.6892415143849
61.38,-5226706.394430427,14578710.0,49.68924445267461
61.39,-5226774.262665334,14579040.0,49.68924732112547
61.4,-5226851.976135909,14579370.0,49.68925011901788
61.41,-5226939.493773632,14579680.0,49.68925284563609
61.42,-5227036.772867781,14579990.0,49.68925550031119
61.43,-5227143.768491874,14580290.0,49.689258082380455
61.44,-5227260.433498561,14580570.0,49.689260591197
61.45,-5227386.722047602,14580850.0,49.68926302616971
61.46,-5227522.584765798,14581120.0,49.689265386681626
61.47,-5227667.966744112,14581380.0,49.689267672109054
61.48,-5227822.813678746,14581630.0,49.6892698819016
61.49,-5227987.068510988,14581870.0,49.689272015496385
61.5,-5228160.674327076,14582100.0,49.689274072372605
61.51,-5228343.570882932,14582320.0,49.68927605200153
61.52,-5228535.690550378,14582530.0,49.68927795382871
61.53,-5228736.967587868,14582730.0,49.68927977739291
61.54,-5228947.339171489,14582920.0,49.68928152227409
61.55,-5229166.7434652615,14583100.0,49.68928318805522
61.56,-5229395.113298741,14583270.0,49.689284774289206
61.57,-5229632.378376654,14583430.0,49.68928628055302
61.58,-5229878.468576819,14583580.0,49.689287706481
61.59,-5230133.310475017,14583720.0,49.689289051684035
61.6,-5230396.823633262,14583850.0,49.689290315763316
61.61,-5230668.924172979,14583970.0,49.689291498353434
61.62,-5230949.526020728,14584080.0,49.68929259912069
61.63,-5231238.542669918,14584180.0,49.68929361776146
61.64,-5231535.887807231,14584270.0,49.689294554000895
61.65,-5231841.475883605,14584350.0,49.68929540759155
61.66,-5232155.222059808,14584420.0,49.68929617831226
61.67,-5232477.043177616,14584480.0,49.689296865966945
61.68,-5232806.852806894,14584530.0,49.68929747034494
61.69,-5233144.559927402,14584570.0,49.6892979912313
61.7,-5233490.067265413,14584600.0,49.689298428408726
61.71,-5233843.2785159545,14584620.0,49.68929878174236
61.72,-5234204.10222095,14584630.0,49.68929905115649
61.73,-5234572.44294925,14584630.0,49.68929923651877
61.74,-5234948.202996967,14584620.0,49.68929933773277
61.75,-5235331.279932118,14584590.0,49.68929935468873
61.76,-5235721.569204876,14584560.0,49.689299287317354
61.77,-5236118.96522575,14584520.0,49.68929913557167
61.78,-5236523.358115555,14584470.0,49.68929889939873
61.79,-5236934.639792928,14584400.0,49.68929857881136
61.8,-5237352.699135805,14584330.0,49.68929817380247
61.81,-5237777.423684171,14584250.0,49.68929768439313
61.82,-5238208.703056635,14584160.0,49.689297110661215
61.83,-5238646.428272568,14584060.0,49.689296452695515
61.84,-5239090.489818857,14583940.0,49.6892957105951
61.85,-5239540.777136477,14583820.0,49.68929488446863
61.86,-5239997.172863092,14583690.0,49.689293974395085
61.87,-5240459.559085274,14583550.0,49.689292980511674
61.88,-5240927.818990507,14583400.0,49.68929190299324
61.89,-5241401.834306396,14583240.0,49.68929074201578
61.9,-5241881.487178341,14583060.0,49.689289497789204
61.91,-5242366.661937944,14582880.0,49.689288170553844
61.92,-5242857.235478703,14582690.0,49.689286760493836
61.93,-5243353.08230996,14582490.0,49.68928526783594
61.94,-5243854.078996656,14582280.0,49.689283692863754
61.95,-5244360.098523736,14582060.0,49.689282035840485
61.96,-5244871.015986598,14581840.0,49.68928029708416
61.97,-5245386.705918884,14581600.0,49.68927847691681
61.98,-5245907.04143713,14581350.0,49.68927657566603
61.99,-5246431.896346531,14581100.0,49.68927459369855
62.0,-5246961.142465177,14580830.0,49.6892725313723
62.01,-5247494.651500455,14580560.0,49.689270389078835
62.02,-5248032.295106607,14580270.0,49.689268167228605
62.03,-5248573.945056387,14579980.0,49.68926586625167
62.04,-5249119.4723304445,14579680.0,49.68926348658562
62.05,-5249668.746432344,14579370.0,49.68926102867824
62.06,-5250221.633847129,14579050.0,49.68925849297725
62.07,-5250777.997635732,14578720.0,49.68925587993434
62.08,-5251337.703410793,14578380.0,49.68925319007314
62.09,-5251900.619058968,14578040.0,49.68925042393276
62.1,-5252466.60956179,14577680.0,49.68924758202628
62.11,-5253035.537958024,14577320.0,49.689244664882196
62.12,-5253607.268359925,14576950.0,49.68924167307367
62.13,-5254181.667495399,14576570.0,49.689238607206065
62.14,-5254758.600783387,14576190.0,49.68923546786801
62.15,-5255337.930166004,14575790.0,49.6892322556347
62.16,-5255919.518431622,14575390.0,49.68922897114146
62.17,-5256503.228647997,14574980.0,49.68922561502539
62.18,-5257088.926671199,14574560.0,49.68922218796603
62.19,-5257676.480640552,14574140.0,49.68921869066283
62.2,-5258265.757566048,14573700.0,49.68921512379736
62.21,-5258856.619736262,14573260.0,49.689211488026515
62.22,-5259448.926132049,14572810.0,49.68920778402821
62.23,-5260042.540112208,14572360.0,49.68920401256021
62.24,-5260637.321276332,14571890.0,49.68920017432554
62.25,-5261233.1293883,14571420.0,49.68919627006269
62.26,-5261829.826827919,14570950.0,49.68919230055919
62.27,-5262427.274381394,14570460.0,49.68918826656801
62.28,-5263025.333802544,14569970.0,49.689184168883685
62.29,-5263623.869240716,14569480.0,49.689180008324854
62.3,-5264222.743087656,14568970.0,49.68917578568793
62.31,-5264821.81711367,14568460.0,49.68917150178464
62.32,-5265420.9551452305,14567950.0,49.68916715746839
62.33,-5266020.024609558,14567420.0,49.68916275361926
62.34,-5266618.892042572,14566900.0,49.68915829109335
62.35,-5267217.4198392825,14566360.0,49.68915377072466
62.36,-5267815.475589912,14565820.0,49.689149193436
62.37,-5268412.927477839,14565280.0,49.68914456013006
62.38,-5269009.638298399,14564720.0,49.68913987166042
62.39,-5269605.471885597,14564170.0,49.68913512894191
62.4,-5270200.296192741,14563600.0,49.68913033293042
62.41,-5270793.979941374,14563040.0,49.68912548456827
62.42,-5271386.390629488,14562460.0,49.68912058478284
62.43,-5271977.394586231,14561880.0,49.68911563451785
62.44,-5272566.86187053,14561300.0,49.6891106347609
62.45,-5273154.662748084,14560720.0,49.68910558648464
62.46,-5273740.665527186,14560120.0,49.6891004906483
62.47,-5274324.737922258,14559530.0,49.68909534822505
62.48,-5274906.746540269,14558920.0,49.689090160194056
62.49,-5275486.5605258215,14558320.0,49.6890849275666
62.5,-5276064.051568257,14557710.0,49.68907965137093
62.51,-5276639.097498845,14557100.0,49.68907433267879
62.52,-5277211.578146906,14556480.0,49.689068972545776
62.53,-5277781.369817888,14555860.0,49.68906357197359
62.54,-5278348.350755893,14555240.0,49.68905813202559
62.55,-5278912.40434039,14554610.0,49.68905265379849
62.56,-5279473.411748598,14553980.0,49.6890471383351
62.57,-5280031.250127111,14553350.0,49.6890415866653
62.58,-5280585.795887676,14552710.0,49.689035999835205
62.59,-5281136.923737309,14552070.0,49.68903037889449
62.6,-5281684.510891668,14551430.0,49.68902472492495
62.61,-5282228.436569144,14550780.0,49.68901903902111
62.62,-5282768.586726351,14550140.0,49.689013322319674
62.63,-5283304.849288814,14549490.0,49.68900757593614
62.64,-5283837.108287006,14548830.0,49.68900180093009
62.65,-5284365.249944702,14548180.0,49.68899599841724
62.66,-5284889.165762311,14547530.0,49.68899016954436
62.67,-5285408.747971818,14546870.0,49.68898431543722
62.68,-5285923.887943598,14546210.0,49.68897843719488
62.69,-5286434.47578597,14545550.0,49.68897253592395
62.7,-5286940.404730504,14544890.0,49.68896661276231
62.71,-5287441.571083437,14544230.0,49.68896066886207
62.72,-5287937.870415877,14543560.0,49.68895470533758
62.73,-5288429.197448554,14542900.0,49.68894872330461
62.74,-5288915.448842548,14542230.0,49.688942723902116
62.75,-5289396.524116459,14541570.0,49.688936708279655
62.76,-5289872.324172453,14540900.0,49.6889306775814
62.77,-5290342.750274508,14540240.0,49.688924632939596
62.78,-5290807.706101309,14539570.0,49.68891857550176
62.79,-5291267.096670059,14538900.0,49.68891250641651
62.8,-5291720.827941421,14538240.0,49.68890642682241
62.81,-5292168.8086459,14537570.0,49.68890033787765
62.82,-5292610.950120267,14536910.0,49.688894240741625
62.83,-5293047.165573714,14536240.0,49.68888813656653
62.84,-5293477.371346659,14535580.0,49.68888202652318
62.85,-5293901.483385871,14534920.0,49.688875911747
62.86,-5294319.418155685,14534260.0,49.688869793375936
62.87,-5294731.094748163,14533600.0,49.688863672570854
62.88,-5295136.432268724,14532940.0,49.68885755046365
62.89,-5295535.350748342,14532280.0,49.68885142819046
62.9,-5295927.770120504,14531630.0,49.68884530687609
62.91,-5296313.609081641,14530970.0,49.688839187627885
62.92,-5296692.790900953,14530320.0,49.68883307160206
62.93,-5297065.241551682,14529670.0,49.68882695993974
62.94,-5297430.892111611,14529020.0,49.688820853803236
62.95,-5297789.677807378,14528380.0,49.688814754350354
62.96,-5298141.529021427,14527740.0,49.68880866265546
62.97,-5298486.376807807,14527100.0,49.68880257982819
62.98,-5298824.158421758,14526460.0,49.6887965070266
62.99,-5299154.815739888,14525830.0,49.68879044539911
63.0,-5299478.289117536,14525200.0,49.68878439603589
63.01,-5299794.520804346,14524570.0,49.68877836004959
63.02,-5300103.454607329,14523950.0,49.688772338549185
63.03,-5300405.036464843,14523330.0,49.6887663326379
63.04,-5300699.215762797,14522710.0,49.68876034343167
63.05,-5300985.945856331,14522100.0,49.688754372050404
63.06,-5301265.178609305,14521490.0,49.6887484195601
63.07,-5301536.8652455155,14520890.0,49.68874248702013
63.08,-5301800.96187488,14520290.0,49.688736575537455
63.09,-5302057.425060929,14519700.0,49.68873068617323
63.1,-5302306.211480163,14519110.0,49.6887248199791
63.11,-5302547.280885739,14518520.0,49.68871897802277
63.12,-5302780.59657116,14517940.0,49.68871316137251
63.13,-5303006.120250535,14517360.0,49.68870737104648
63.14,-5303223.812966513,14516800.0,49.68870160805325
63.15,-5303433.637482107,14516230.0,49.688695873414595
63.16,-5303635.555207882,14515670.0,49.68869016811552
63.17,-5303829.531954227,14515120.0,49.6886844931778
63.18,-5304015.534979192,14514570.0,49.68867884959591
63.19,-5304193.532308352,14514030.0,49.68867323834066
63.2,-5304363.496326892,14513490.0,49.68866766042124
63.21,-5304525.408064456,14512960.0,49.68866211686874
63.22,-5304679.251632172,14512440.0,49.688656608678855
63.23,-5304825.012235831,14511920.0,49.68865113681432
63.24,-5304962.672531508,14511410.0,49.68864570219517
63.25,-5305092.214784628,14510900.0,49.688640305741906
63.26,-5305213.624174122,14510410.0,49.68863494839431
63.27,-5305326.886805181,14509920.0,49.688629631064444
63.28,-5305431.99113618,14509430.0,49.68862435466782
63.29,-5305528.928269416,14508950.0,49.68861912011256
63.3,-5305617.691102873,14508480.0,49.68861392829093
63.31,-5305698.273194913,14508020.0,49.68860878007289
63.32,-5305770.671330186,14507570.0,49.688603676339795
63.33,-5305834.882108462,14507120.0,49.68859861793072
63.34,-5305890.903368698,14506680.0,49.68859360568687
63.35,-5305938.737896076,14506240.0,49.6885886404713
63.36,-5305978.387792669,14505820.0,49.688583723083966
63.37,-5306009.857381844,14505400.0,49.68857885434355
63.38,-5306033.155037204,14504990.0,49.68857403506852
63.39,-5306048.289146566,14504590.0,49.688569266035955
63.4,-5306055.2732405085,14504200.0,49.6885645480561
63.41,-5306054.1238395795,14503810.0,49.6885598819151
63.42,-5306044.855959675,14503430.0,49.68855526833934
63.43,-5306027.482481233,14503060.0,49.688550708035784
63.44,-5306002.018018694,14502700.0,49.688546201726865
63.45,-5305968.480292285,14502350.0,49.68854175013638
63.46,-5305926.887343253,14502000.0,49.68853735394602
63.47,-5305877.258275251,14501670.0,49.68853301383558
63.48,-5305819.614225504,14501340.0,49.688528730473095
63.49,-5305753.973981757,14501020.0,49.68852450447464
63.5,-5305680.35961773,14500710.0,49.68852033648598
63.51,-5305598.80208566,14500410.0,49.68851622720194
63.52,-5305509.333317195,14500110.0,49.68851217723629
63.53,-5305411.985028831,14499830.0,49.68850818717749
63.54,-5305306.790430626,14499550.0,49.68850425761715
63.55,-5305193.783032911,14499290.0,49.68850038911074
63.56,-5305072.997387531,14499030.0,49.688496582215
63.57,-5304944.470799688,14498780.0,49.68849283748175
63.58,-5304808.243733367,14498540.0,49.68848915545336
63.59,-5304664.35520305,14498310.0,49.68848553662047
63.6,-5304512.844536281,14498090.0,49.6884819814695
63.61,-5304353.756274855,14497870.0,49.688478490510896
63.62,-5304187.133976034,14497670.0,49.68847506419468
63.63,-5304013.021634352,14497470.0,49.688471702960186
63.64,-5303831.467044466,14497290.0,49.68846840726618
63.65,-5303642.524830485,14497110.0,49.68846517758519
63.66,-5303446.2487695515,14496940.0,49.68846201431557
63.67,-5303242.692245168,14496780.0,49.68845891784088
63.68,-5303031.911835864,14496630.0,49.68845588855535
63.69,-5302813.9655561745,14496490.0,49.68845292682803
63.7,-5302588.914797274,14496360.0,49.68845003303677
63.71,-5302356.819149258,14496240.0,49.68844720748833
63.72,-5302117.7365101315,14496130.0,49.6884444504716
63.73,-5301871.726329301,14496020.0,49.68844176229069
63.74,-5301618.852973126,14495930.0,49.68843914326136
63.75,-5301359.182944428,14495840.0,49.68843659366363
63.76,-5301092.782892827,14495770.0,49.688434113752486
63.77,-5300819.723546601,14495700.0,49.68843170379288
63.78,-5300540.073169008,14495640.0,49.68842936398053
63.79,-5300253.901996488,14495590.0,49.688427094534624
63.8,-5299961.284522486,14495550.0,49.688424895681116
63.81,-5299662.294435823,14495520.0,49.68842276758076
63.82,-5299357.00421925,14495500.0,49.68842071037653
63.83,-5299045.485430813,14495490.0,49.68841872419545
63.84,-5298727.814171632,14495480.0,49.68841680918886
63.85,-5298404.068361383,14495490.0,49.68841496548376
63.86,-5298074.324722055,14495500.0,49.68841319315394
63.87,-5297738.663276252,14495530.0,49.68841149230422
63.88,-5297397.163422861,14495560.0,49.688409862982105
63.89,-5297049.90194043,14495600.0,49.688408305198344
63.9,-5296696.958906555,14495650.0,49.688406819001926
63.91,-5296338.418389386,14495710.0,49.688405404435635
63.92,-5295974.365436766,14495780.0,49.688404061498034
63.93,-5295604.883342779,14495850.0,49.688402790155486
63.94,-5295230.058201614,14495940.0,49.68840159038441
63.95,-5294849.976064686,14496030.0,49.68840046213028
63.96,-5294464.722541025,14496130.0,49.68839940531738
63.97,-5294074.387411403,14496240.0,49.688398419889026
63.98,-5293679.066233724,14496360.0,49.68839750580384
63.99,-5293278.854373343,14496490.0,49.688396662955356
64.0,-5292873.844779472,14496620.0,49.68839589119256
64.01,-5292464.129460165,14496770.0,49.68839519036274
64.02,-5292049.801986643,14496920.0,49.68839456031569
64.03,-5291630.958750283,14497080.0,49.688394000901106
64.04,-5291207.700393636,14497250.0,49.68839351197263
64.05,-5290780.128686174,14497430.0,49.68839309334638
64.06,-5290348.342081552,14497620.0,49.688392744777694
64.07,-5289912.440495437,14497810.0,49.688392466049805
64.08,-5289472.529183509,14498010.0,49.68839225696641
64.09,-5289028.708838624,14498220.0,49.688392117235836
64.1,-5288581.075806686,14498440.0,49.688392046538084
64.11,-5288129.729597212,14498660.0,49.68839204460103
64.12,-5287674.770041316,14498890.0,49.68839211111805
64.13,-5287216.296608019,14499130.0,49.68839224576059
64.14,-5286754.412334684,14499380.0,49.68839244822083
64.15,-5286289.226228657,14499640.0,49.68839271820974
64.16,-5285820.847981822,14499900.0,49.68839305537802
64.17,-5285349.380620457,14500170.0,49.688393459299235
64.18,-5284874.926072488,14500440.0,49.68839392956339
64.19,-5284397.587272534,14500730.0,49.68839446577348
64.2,-5283917.46793582,14501020.0,49.68839506751015
64.21,-5283434.675978581,14501320.0,49.688395734378396
64.22,-5282949.318285203,14501620.0,49.68839646592523
64.23,-5282461.499052373,14501940.0,49.68839726166473
64.24,-5281971.326164068,14502250.0,49.68839812115697
64.25,-5281478.908863675,14502580.0,49.68839904392755
64.26,-5280984.352058141,14502910.0,49.68840002944317
64.27,-5280487.763258691,14503250.0,49.68840107720568
64.28,-5279989.2508770935,14503590.0,49.6884021867038
64.29,-5279488.922631629,14503940.0,49.688403357390676
64.3,-5278986.887368206,14504300.0,49.68840458872837
64.31,-5278483.253922787,14504660.0,49.68840588015476
64.32,-5277978.130835749,14505030.0,49.688407231093315
64.33,-5277471.627205246,14505410.0,49.68840864096081
64.34,-5276963.853143799,14505790.0,49.68841010917352
64.35,-5276454.9180705855,14506180.0,49.68841163511357
64.36,-5275944.933273368,14506570.0,49.68841321818292
64.37,-5275434.014590789,14506970.0,49.68841485779804
64.38,-5274922.276952427,14507370.0,49.68841655332058
64.39,-5274409.8314125575,14507780.0,49.688418304074375
64.4,-5273896.789071788,14508190.0,49.68842010939755
64.41,-5273383.2591959555,14508610.0,49.688421968603095
64.42,-5272869.3537127385,14509030.0,49.68842388103476
64.43,-5272355.185792979,14509460.0,49.68842584601804
64.44,-5271840.867231763,14509900.0,49.688427862843426
64.45,-5271326.510495787,14510330.0,49.68842993080905
64.46,-5270812.223196747,14510780.0,49.68843204915383
64.47,-5270298.114005049,14511220.0,49.68843421715353
64.48,-5269784.292195912,14511680.0,49.688436434074134
64.49,-5269270.86542779,14512130.0,49.68843869915073
64.5,-5268757.942415993,14512590.0,49.688441011632925
64.51,-5268245.631510046,14513060.0,49.6884433707525
64.52,-5267734.037102036,14513520.0,49.68844577569512
64.53,-5267223.2628072845,14513990.0,49.688448225658504
64.54,-5266713.41676144,14514470.0,49.68845071988921
64.55,-5266204.608724884,14514950.0,49.688453257604586
64.56,-5265696.945242361,14515430.0,49.68845583797016
64.57,-5265190.531514839,14515920.0,49.68845846015636
64.58,-5264685.472934141,14516410.0,49.68846112334148
64.59,-5264181.8775331685,14516900.0,49.688463826720124
64.6,-5263679.8500084095,14517390.0,49.68846656942632
64.61,-5263179.489431544,14517890.0,49.688469350562976
64.62,-5262680.9007459,14518390.0,49.6884721693228
64.63,-5262184.189423871,14518900.0,49.688475024860324
64.64,-5261689.457193719,14519400.0,49.68847791627793
64.65,-5261196.80693038,14519910.0,49.688480842715826
64.66,-5260706.3426577365,14520420.0,49.68848380331272
64.67,-5260218.1670435285,14520940.0,49.688486797178186
64.68,-5259732.379913752,14521450.0,49.68848982340644
64.69,-5259249.083259714,14521970.0,49.68849288112612
64.7,-5258768.380502043,14522490.0,49.68849596945889
64.71,-5258290.373074555,14523010.0,49.68849908749603
64.72,-5257815.159051046,14523530.0,49.688502234309794
64.73,-5257342.834048114,14524050.0,49.68850540896846
64.74,-5256873.492187236,14524580.0,49.68850861054206
64.75,-5256407.2278570505,14525110.0,49.688511838113214
64.76,-5255944.137138141,14525630.0,49.68851509077934
64.77,-5255484.312450091,14526160.0,49.68851836758329
64.78,-5255027.844023443,14526690.0,49.688521667574975
64.79,-5254574.821432341,14527220.0,49.68852498981198
64.8,-5254125.331882831,14527750.0,49.688528333333664
64.81,-5253679.467728558,14528290.0,49.68853169724773
64.82,-5253237.323405911,14528820.0,49.6885350806434
64.83,-5252798.988087575,14529350.0,49.688538482535435
64.84,-5252364.548404201,14529880.0,49.68854190196283
64.85,-5251934.087810738,14530420.0,49.688545337950366
64.86,-5251507.6917637335,14530950.0,49.68854878956489
64.87,-5251085.44624426,14531480.0,49.68855225586692
64.88,-5250667.4355933145,14532010.0,49.68855573589405
64.89,-5250253.744159848,14532550.0,49.68855922870375
64.9,-5249844.451855481,14533080.0,49.68856273330644
64.91,-5249439.639613585,14533610.0,49.68856624876149
64.92,-5249039.385573397,14534140.0,49.688569774091725
64.93,-5248643.768092862,14534670.0,49.68857330835085
64.94,-5248252.867458334,14535200.0,49.68857685060996
64.95,-5247866.757512115,14535720.0,49.68858039986167
64.96,-5247485.508143329,14536250.0,49.688583955116755
64.97,-5247109.188411899,14536780.0,49.688587515408926
64.98,-5246737.873042478,14537300.0,49.688591079837316
64.99,-5246371.634460261,14537820.0,49.68859464744176
65.0,-5246010.540790381,14538340.0,49.68859821723638
65.01,-5245654.661317433,14538860.0,49.68860178828884
65.02,-5245304.064208613,14539380.0,49.688605359646154
65.03,-5244958.818903984,14539890.0,49.688608930386366
65.04,-5244618.990876648,14540410.0,49.68861249953996
65.05,-5244284.643332082,14540920.0,49.68861606615646
65.06,-5243955.839139676,14541430.0,49.68861962929657
65.07,-5243632.638837102,14541930.0,49.68862318801186
65.08,-5243315.103416494,14542440.0,49.68862674138471
65.09,-5243003.290279335,14542940.0,49.688630288458796
65.1,-5242697.254936774,14543440.0,49.688633828294506
65.11,-5242397.052372315,14543930.0,49.68863735997077
65.12,-5242102.735501635,14544430.0,49.6886408825537
65.13,-5241814.354426385,14544920.0,49.688644395107836
65.14,-5241531.961270699,14545400.0,49.68864789674336
65.15,-5241255.609046323,14545890.0,49.68865138657285
65.16,-5240985.344759355,14546370.0,49.68865486364777
65.17,-5240721.21725904,14546850.0,49.68865832709576
65.18,-5240463.2782679135,14547320.0,49.68866177606458
65.19,-5240211.572758217,14547790.0,49.68866520962206
65.2,-5239966.141613157,14548260.0,49.688668626855595
65.21,-5239727.023668014,14548720.0,49.688672026872965
65.22,-5239494.257927324,14549180.0,49.68867540880913
65.23,-5239267.885160747,14549640.0,49.68867877182524
65.24,-5239047.942493716,14550090.0,49.68868211503663
65.25,-5238834.464139007,14550540.0,49.688685437572225
65.26,-5238627.486461059,14550980.0,49.68868873861211
65.27,-5238427.043422394,14551420.0,49.68869201730992
65.28,-5238233.161847707,14551850.0,49.6886952727707
65.29,-5238045.866534652,14552280.0,49.6886985041464
65.3,-5237865.18326897,14552710.0,49.68870171062742
65.31,-5237691.1380860815,14553130.0,49.688704891409415
65.32,-5237523.757670564,14553550.0,49.688708045696615
65.33,-5237363.065083789,14553960.0,49.68871117267174
65.34,-5237209.083116984,14554370.0,49.6887142715468
65.35,-5237061.831783156,14554770.0,49.68871734152224
65.36,-5236921.328025195,14555170.0,49.68872038180296
65.37,-5236787.590039104,14555560.0,49.688723391636955
65.38,-5236660.636023449,14555950.0,49.688726370277664
65.39,-5236540.480247347,14556330.0,49.68872931695094
65.4,-5236427.1395940045,14556710.0,49.68873223094841
65.41,-5236320.632313569,14557080.0,49.68873511157217
65.42,-5236220.9718151195,14557450.0,49.6887379580741
65.43,-5236128.170130703,14557810.0,49.68874076974436
65.44,-5236042.236544269,14558170.0,49.68874354587104
65.45,-5235963.178211695,14558520.0,49.68874628575002
65.46,-5235890.999585668,14558860.0,49.68874898868651
65.47,-5235825.703434747,14559200.0,49.68875165400236
65.48,-5235767.292035935,14559540.0,49.68875428103542
65.49,-5235715.767800391,14559870.0,49.68875686914524
65.5,-5235671.129797727,14560190.0,49.688759417672465
65.51,-5235633.3770529395,14560510.0,49.688761925993454
65.52,-5235602.509572136,14560820.0,49.688764393509075
65.53,-5235578.518258668,14561120.0,49.688766819538145
65.54,-5235561.391500843,14561420.0,49.688769203456474
65.55,-5235551.121947101,14561720.0,49.688771544719586
65.56,-5235547.700704292,14562000.0,49.68877384274087
65.57,-5235551.112946088,14562280.0,49.68877609690884
65.58,-5235561.344280729,14562560.0,49.68877830667161
65.59,-5235578.383943494,14562830.0,49.688780471526044
65.6,-5235602.219392309,14563090.0,49.688782590937706
65.61,-5235632.83356818,14563350.0,49.688784664355126
65.62,-5235670.207106541,14563600.0,49.68878669125354
65.63,-5235714.319870329,14563850.0,49.68878867113358
65.64,-5235765.148326937,14564080.0,49.68879060348139
65.65,-5235822.667705424,14564320.0,49.68879248781751
65.66,-5235886.850512049,14564540.0,49.68879432364882
65.67,-5235957.668347272,14564760.0,49.68879611052321
65.68,-5236035.094525096,14564980.0,49.688797848012186
65.69,-5236119.100601503,14565180.0,49.68879953568321
65.7,-5236209.658706731,14565380.0,49.68880117313336
65.71,-5236306.739039623,14565580.0,49.68880275995394
65.72,-5236410.309179252,14565770.0,49.688804295731856
65.73,-5236520.336073158,14565950.0,49.68880578009552
65.74,-5236636.787973584,14566130.0,49.68880721270287
65.75,-5236759.632674466,14566300.0,49.68880859320544
65.76,-5236888.834661318,14566460.0,49.68880992124943
65.77,-5237024.354533406,14566620.0,49.68881119648279
65.78,-5237166.156402498,14566770.0,49.6888124186317
65.79,-5237314.2038559755,14566910.0,49.68881358740603
65.8,-5237468.454257298,14567050.0,49.688814702475845
65.81,-5237628.862947718,14567180.0,49.68881576355356
65.82,-5237795.38198791,14567310.0,49.6888167703487
65.83,-5237967.963113408,14567430.0,49.68881772261261
65.84,-5238146.559614693,14567540.0,49.6888186201257
65.85,-5238331.1193322465,14567650.0,49.688819462622256
65.86,-5238521.589373123,14567750.0,49.68882024987993
65.87,-5238717.913089305,14567840.0,49.688820981667874
65.88,-5238920.030581611,14567930.0,49.688821657759995
65.89,-5239127.884618527,14568010.0,49.6888222780043
65.9,-5239341.417794024,14568090.0,49.688822842234885
65.91,-5239560.574408089,14568160.0,49.688823350318664
65.92,-5239785.295798598,14568220.0,49.68882380210565
65.93,-5240015.520733252,14568280.0,49.68882419744369
65.94,-5240251.186486333,14568320.0,49.688824536210454
65.95,-5240492.2309439,14568370.0,49.6888248183151
65.96,-5240738.593289606,14568410.0,49.688825043687295
65.97,-5240990.210532274,14568440.0,49.68882521224209
65.98,-5241247.0189255625,14568470.0,49.688825323920426
65.99,-5241508.9551632395,14568490.0,49.68882537868527
66.0,-5241775.952505733,14568500.0,49.68882537647996
66.01,-5242047.938948488,14568510.0,49.68882531723715
66.02,-5242324.843933616,14568510.0,49.68882520095694
66.03,-5242606.597784159,14568500.0,49.68882502765232
66.04,-5242893.127432877,14568490.0,49.68882479731542
66.05,-5243184.358693709,14568480.0,49.688824509959005
66.06,-5243480.219735614,14568450.0,49.688824165652164
66.07,-5243780.636473145,14568420.0,49.68882376442922
66.08,-5244085.5293701375,14568390.0,49.68882330630778
66.09,-5244394.819182174,14568350.0,49.688822791361666
66.1,-5244708.426331027,14568300.0,49.68882221967461
66.11,-5245026.274494462,14568250.0,49.68882159137804
66.12,-5245348.287822605,14568190.0,49.688820906600114
66.13,-5245674.386722737,14568120.0,49.68882016543505
66.14,-5246004.4873945825,14568050.0,49.688819367986895
66.15,-5246338.506835098,14567980.0,49.688818514407195
66.16,-5246676.36061859,14567890.0,49.68881760484392
66.17,-5247017.962437848,14567810.0,49.68881663944933
66.18,-5247363.227006285,14567710.0,49.68881561841233
66.19,-5247712.067382745,14567610.0,49.68881454191578
66.2,-5248064.394569051,14567510.0,49.68881341013856
66.21,-5248420.119158036,14567400.0,49.688812223295606
66.22,-5248779.153897468,14567280.0,49.68881098162775
66.23,-5249141.409821002,14567160.0,49.6888096853611
66.24,-5249506.798125007,14567030.0,49.688808334749204
66.25,-5249875.231366255,14566890.0,49.68880693006441
66.26,-5250246.62266811,14566750.0,49.68880547159717
66.27,-5250620.882588303,14566610.0,49.68880395961052
66.28,-5250997.916776705,14566460.0,49.68880239435228
66.29,-5251377.631263332,14566300.0,49.68880077612944
66.3,-5251759.932516884,14566140.0,49.68879910525681
66.31,-5252144.726876601,14565970.0,49.688797382058375
66.32,-5252531.924028667,14565800.0,49.68879560690054
66.33,-5252921.4341088915,14565620.0,49.68879378014411
66.34,-5253313.166792658,14565440.0,49.6887919021481
66.35,-5253707.032889941,14565250.0,49.68878997330508
66.36,-5254102.942639157,14565060.0,49.68878799399478
66.37,-5254500.802914015,14564860.0,49.688785964589094
66.38,-5254900.51693078,14564650.0,49.688783885449986
66.39,-5255301.982245249,14564440.0,49.688781756933835
66.4,-5255705.09923009,14564230.0,49.68877957946601
66.41,-5256109.773475918,14564010.0,49.68877735352204
66.42,-5256515.910562262,14563780.0,49.68877507954153
66.43,-5256923.416229091,14563560.0,49.6887727579763
66.44,-5257332.19558001,14563320.0,49.688770389280336
66.45,-5257742.1529673,14563080.0,49.688767973914096
66.46,-5258153.19090791,14562840.0,49.68876551233557
66.47,-5258565.209737559,14562590.0,49.68876300500536
66.48,-5258978.110911077,14562330.0,49.688760452417085
66.49,-5259391.798031547,14562080.0,49.68875785509168
66.5,-5259806.173950015,14561810.0,49.68875521352803
66.51,-5260221.14247377,14561540.0,49.68875252825054
66.52,-5260636.60762853,14561270.0,49.68874979979255
66.53,-5261052.467619098,14560990.0,49.68874702862428
66.54,-5261468.62455997,14560710.0,49.68874421531581
66.55,-5261884.981693415,14560430.0,49.68874136042696
66.56,-5262301.439859785,14560140.0,49.68873846448405
66.57,-5262717.904273389,14559840.0,49.68873552808818
66.58,-5263134.280943918,14559540.0,49.68873255182273
66.59,-5263550.474798479,14559240.0,49.688729536257554
66.6,-5263966.391389035,14558930.0,49.688726481984844
66.61,-5264381.937407394,14558620.0,49.68872338961165
66.62,-5264797.016984574,14558310.0,49.68872025971528
66.63,-5265211.533109607,14557990.0,49.688717092888496
66.64,-5265625.387684253,14557660.0,49.688713889727154
66.65,-5266038.485509853,14557340.0,49.68871065087136
66.66,-5266450.735491844,14557010.0,49.68870737698361
66.67,-5266862.043584353,14556670.0,49.688704068672735
66.68,-5267272.316373465,14556330.0,49.68870072657628
66.69,-5267681.461364276,14555990.0,49.6886973513479
66.7,-5268089.387610586,14555650.0,49.688693943653576
66.71,-5268496.005947241,14555300.0,49.68869050416219
66.72,-5268901.223353537,14554940.0,49.6886870335058
66.73,-5269304.944938624,14554590.0,49.68868353232238
66.74,-5269707.0771285705,14554230.0,49.68868000128638
66.75,-5270107.529322783,14553870.0,49.68867644109704
66.76,-5270506.211280631,14553500.0,49.68867285243051
66.77,-5270903.033977644,14553130.0,49.68866923598239
66.78,-5271297.910007971,14552760.0,49.688665592453255
66.79,-5271690.749371996,14552390.0,49.68866192251101
66.8,-5272081.460325151,14552010.0,49.688658226829105
66.81,-5272469.957409041,14551630.0,49.68865450615832
66.82,-5272856.157250711,14551250.0,49.68865076122239
66.83,-5273239.97229993,14550860.0,49.688646992692895
66.84,-5273621.318113381,14550470.0,49.68864320130256
66.85,-5274000.112565115,14550080.0,49.68863938778891
66.86,-5274376.271521898,14549690.0,49.68863555285296
66.87,-5274749.71413832,14549290.0,49.68863169723951
66.88,-5275120.359560301,14548890.0,49.68862782167817
66.89,-5275488.1269825045,14548490.0,49.68862392689086
66.9,-5275852.936446706,14548090.0,49.68862001361797
66.91,-5276214.707305735,14547680.0,49.68861608257681
66.92,-5276573.358735073,14547280.0,49.688612134497085
66.93,-5276928.81451963,14546870.0,49.68860817015173
66.94,-5277280.996968239,14546460.0,49.688604190262055
66.95,-5277629.826910379,14546050.0,49.68860019555142
66.96,-5277975.230873091,14545630.0,49.6885961868044
66.97,-5278317.136707721,14545220.0,49.68859216477722
66.98,-5278655.470630377,14544800.0,49.688588130198205
66.99,-5278990.162460893,14544380.0,49.688584083845626
67.0,-5279321.144549493,14543960.0,49.688580026486484
67.01,-5279648.345970933,14543540.0,49.68857595884392
67.02,-5279971.696904589,14543110.0,49.68857188167195
67.03,-5280291.126814028,14542690.0,49.688567795704486
67.04,-5280606.566326121,14542260.0,49.68856370169564
67.05,-5280917.94427106,14541840.0,49.6885596003647
67.06,-5281225.189387804,14541410.0,49.68855549244566
67.07,-5281528.237903295,14540980.0,49.68855137874317
67.08,-5281827.029847441,14540550.0,49.68854726004028
67.09,-5282121.502851502,14540120.0,49.688543137058325
67.1,-5282411.591173648,14539690.0,49.688539010505856
67.11,-5282697.23218721,14539260.0,49.688534881146445
67.12,-5282978.370320783,14538830.0,49.68853074978087
67.13,-5283254.954055898,14538400.0,49.68852661719421
67.14,-5283526.9296120005,14537960.0,49.688522484117385
67.15,-5283794.241624881,14537530.0,49.68851835127107
67.16,-5284056.834966512,14537100.0,49.688514219397234
67.17,-5284314.6569113545,14536660.0,49.688510089248275
67.18,-5284567.653153621,14536230.0,49.688505961539846
67.19,-5284815.769228223,14535800.0,49.68850183699405
67.2,-5285058.9543286525,14535360.0,49.688497716364196
67.21,-5285297.16296895,14534930.0,49.688493600424906
67.22,-5285530.351179167,14534500.0,49.68848948991915
67.23,-5285758.474229927,14534070.0,49.68848538556481
67.24,-5285981.492215304,14533640.0,49.688481288124606
67.25,-5286199.367842604,14533200.0,49.68847719835126
67.26,-5286412.061937189,14532770.0,49.68847311694747
67.27,-5286619.529107033,14532340.0,49.68846904457001
67.28,-5286821.723995776,14531910.0,49.68846498191036
67.29,-5287018.606582668,14531490.0,49.68846092971315
67.3,-5287210.138605976,14531060.0,49.68845688868413
67.31,-5287396.283624521,14530630.0,49.68845285953336
67.32,-5287577.0104415,14530210.0,49.688448843000295
67.33,-5287752.286792302,14529780.0,49.68844483976642
67.34,-5287922.079512914,14529360.0,49.688440850502865
67.35,-5288086.3567602215,14528940.0,49.688436875898326
67.36,-5288245.0898389565,14528520.0,49.688432916651784
67.37,-5288398.252867741,14528100.0,49.68842897346054
67.38,-5288545.819025149,14527680.0,49.68842504697815
67.39,-5288687.76049045,14527260.0,49.68842113785588
67.4,-5288824.05288606,14526850.0,49.68841724677195
67.41,-5288954.672607889,14526440.0,49.688413374380566
67.42,-5289079.59528873,14526030.0,49.68840952131334
67.43,-5289198.797961849,14525620.0,49.688405688213095
67.44,-5289312.26362339,14525210.0,49.68840187576341
67.45,-5289419.979252802,14524810.0,49.68839808463153
67.46,-5289521.930466141,14524400.0,49.688394315432504
67.47,-5289618.105444663,14524000.0,49.68839056880796
67.48,-5289708.49630888,14523600.0,49.68838684541058
67.49,-5289793.095310319,14523210.0,49.68838314585942
67.5,-5289871.89346417,14522820.0,49.688379470740365
67.51,-5289944.880945046,14522420.0,49.688375820645234
67.52,-5290012.04862347,14522040.0,49.68837219616075
67.53,-5290073.388010587,14521650.0,49.68836859786611
67.54,-5290128.893767093,14521270.0,49.688365026363535
67.55,-5290178.561830533,14520880.0,49.688361482228075
67.56,-5290222.387708856,14520510.0,49.68835796600988
67.57,-5290260.372006873,14520130.0,49.688354478307225
67.58,-5290292.519812074,14519760.0,49.68835101970784
67.59,-5290318.831303086,14519390.0,49.68834759071342
67.6,-5290339.30470057,14519020.0,49.68834419182887
67.61,-5290353.944240212,14518660.0,49.68834082362631
67.62,-5290362.757110433,14518300.0,49.68833748664693
67.63,-5290365.747248205,14517950.0,49.68833418136857
67.64,-5290362.918749953,14517590.0,49.688330908287135
67.65,-5290354.281969275,14517240.0,49.688327667942
67.66,-5290339.851366998,14516900.0,49.68832446086154
67.67,-5290319.63691644,14516550.0,49.68832128748494
67.68,-5290293.646941326,14516220.0,49.68831814825532
67.69,-5290261.895861551,14515880.0,49.688315043680745
67.7,-5290224.400960075,14515550.0,49.688311974239866
67.71,-5290181.180224427,14515220.0,49.68830894038497
67.72,-5290132.254114827,14514900.0,49.688305942576925
67.73,-5290077.6468238365,14514580.0,49.688302981277076
67.74,-5290017.376768862,14514260.0,49.68830005686372
67.75,-5289951.465752201,14513950.0,49.68829716976577
67.76,-5289879.939767065,14513640.0,49.68829432043048
67.77,-5289802.821257799,14513330.0,49.6882915092128
67.78,-5289720.1328148255,14513030.0,49.68828873649893
67.79,-5289631.900821879,14512740.0,49.68828600269058
67.8,-5289538.152615951,14512440.0,49.68828330816012
67.81,-5289438.918540914,14512160.0,49.6882806532896
67.82,-5289334.232011745,14511880.0,49.688278038459664
67.83,-5289224.129521918,14511600.0,49.68827546404708
67.84,-5289108.6464908505,14511320.0,49.68827293037795
67.85,-5288987.814411646,14511050.0,49.68827043773896
67.86,-5288861.66631161,14510790.0,49.68826798645136
67.87,-5288730.239662063,14510530.0,49.688265576857994
67.88,-5288593.578098718,14510270.0,49.688263209313064
67.89,-5288451.723572725,14510020.0,49.68826088409661
67.9,-5288304.715833269,14509770.0,49.688258601469826
67.91,-5288152.595043064,14509530.0,49.68825636170301
67.92,-5287995.400069511,14509300.0,49.68825416503586
67.93,-5287833.17400873,14509060.0,49.68825201175296
67.94,-5287665.963739918,14508840.0,49.68824990212718
67.95,-5287493.815261618,14508620.0,49.68824783638433
67.96,-5287316.77465793,14508400.0,49.688245814743745
67.97,-5287134.887642472,14508190.0,49.688243837414525
67.98,-5286948.200525862,14507980.0,49.688241904592736
67.99,-5286756.758507287,14507780.0,49.68824001645924
68.0,-5286560.606982042,14507580.0,49.688238173178064
68.01,-5286359.793308228,14507390.0,49.688236374933894
68.02,-5286154.36943263,14507200.0,49.68823462191977
68.03,-5285944.392015772,14507020.0,49.688232914333554
68.04,-5285729.918568271,14506850.0,49.688231252330404
68.05,-5285511.005287098,14506680.0,49.68822963603326
68.06,-5285287.708248568,14506510.0,49.68822806556768
68.07,-5285060.085117202,14506350.0,49.68822654105982
68.08,-5284828.195206267,14506200.0,49.68822506262857
68.09,-5284592.099253523,14506050.0,49.68822363038578
68.1,-5284351.859253399,14505910.0,49.68822224443006
68.11,-5284107.534128787,14505770.0,49.68822090480967
68.12,-5283859.180805671,14505640.0,49.68821961156769
68.13,-5283606.862755557,14505510.0,49.688218364813096
68.14,-5283350.64630732,14505390.0,49.688217164622046
68.15,-5283090.595354247,14505280.0,49.68821601101108
68.16,-5282826.774652642,14505170.0,49.688214904017045
68.17,-5282559.251988994,14505060.0,49.68821384368863
68.18,-5282288.099497743,14504970.0,49.68821283007976
68.19,-5282013.389568699,14504880.0,49.688211863205716
68.2,-5281735.193023644,14504790.0,49.688210943050386
68.21,-5281453.576661558,14504710.0,49.68821006956601
68.22,-5281168.603760956,14504630.0,49.68820924267929
68.23,-5280880.33965525,14504570.0,49.68820846236739
68.24,-5280588.857037083,14504500.0,49.688207728640414
68.25,-5280294.229194961,14504450.0,49.688207041456224
68.26,-5279996.527449892,14504400.0,49.688206400731
68.27,-5279695.82211875,14504350.0,49.68820580638026
68.28,-5279392.183537023,14504310.0,49.688205258315435
68.29,-5279085.6864462765,14504280.0,49.688204756480104
68.3,-5278776.40419214,14504250.0,49.68820430075909
68.31,-5278464.409518134,14504230.0,49.688203891035634
68.32,-5278149.78219973,14504220.0,49.68820352725354
68.33,-5277832.597835268,14504210.0,49.68820320925219
68.34,-5277512.929658539,14504210.0,49.688202936869345
68.35,-5277190.856168457,14504210.0,49.68820271000346
68.36,-5276866.454132485,14504220.0,49.6882025284877
68.37,-5276539.803083663,14504240.0,49.68820239218145
68.38,-5276210.982021835,14504260.0,49.68820230091382
68.39,-5275880.065821722,14504280.0,49.68820225446095
68.4,-5275547.132516264,14504320.0,49.688202252661604
68.41,-5275212.261138561,14504360.0,49.688202295323855
68.42,-5274875.530185254,14504410.0,49.68820238223527
68.43,-5274537.016247023,14504460.0,49.68820251315883
68.44,-5274196.797593418,14504520.0,49.68820268788097
68.45,-5273854.955430237,14504580.0,49.68820290619515
68.46,-5273511.571626926,14504660.0,49.688203167869055
68.47,-5273166.726324319,14504730.0,49.688203472642016
68.48,-5272820.497758858,14504820.0,49.68820382023567
68.49,-5272472.968924632,14504910.0,49.688204210427536
68.5,-5272124.223652753,14505000.0,49.6882046429602
68.51,-5271774.341769146,14505110.0,49.68820511751511
68.52,-5271423.4025601465,14505220.0,49.68820563379885
68.53,-5271071.487733906,14505330.0,49.68820619153395
68.54,-5270718.678918571,14505450.0,49.68820679041907
68.55,-5270365.053216694,14505580.0,49.688207430094806
68.56,-5270010.683649332,14505710.0,49.68820811019766
68.57,-5269655.64507188,14505850.0,49.688208830393364
68.58,-5269300.012240679,14505990.0,49.68820959033508
68.59,-5268943.863858284,14506150.0,49.688210389705
68.6,-5268587.280873279,14506300.0,49.688211228166594
68.61,-5268230.34551663,14506470.0,49.68821210537534
68.62,-5267873.141019466,14506640.0,49.68821302097478
68.63,-5267515.747227182,14506810.0,49.68821397456734
68.64,-5267158.243211812,14506990.0,49.68821496575976
68.65,-5266800.707782497,14507180.0,49.68821599416328
68.66,-5266443.217546825,14507370.0,49.68821705935524
68.67,-5266085.84901334,14507570.0,49.68821816092968
68.68,-5265728.6805853145,14507770.0,49.68821929848908
68.69,-5265371.790513544,14507980.0,49.6882204716119
68.7,-5265015.258662036,14508200.0,49.68822167989507
68.71,-5264659.16508693,14508420.0,49.688222922913496
68.72,-5264303.589181712,14508650.0,49.6882242002299
68.73,-5263948.609504131,14508880.0,49.68822551139671
68.74,-5263594.300069575,14509120.0,49.6882268559251
68.75,-5263240.736835632,14509360.0,49.68822823337401
68.76,-5262887.997307592,14509610.0,49.68822964329772
68.77,-5262536.157635599,14509860.0,49.68823108522033
68.78,-5262185.294434351,14510120.0,49.68823255867777
68.79,-5261835.483302183,14510390.0,49.688234063182854
68.8,-5261486.797507422,14510660.0,49.68823559823356
68.81,-5261139.308381024,14510930.0,49.68823716331964
68.82,-5260793.085938167,14511210.0,49.68823875792815
68.83,-5260448.199843301,14511490.0,49.68824038154772
68.84,-5260104.72003572,14511780.0,49.68824203367224
68.85,-5259762.714450409,14512070.0,49.688243713764955
68.86,-5259422.248271853,14512370.0,49.688245421272406
68.87,-5259083.387345903,14512680.0,49.68824715566798
68.88,-5258746.201030341,14512980.0,49.68824891645065
68.89,-5258410.760721638,14513300.0,49.68825070310526
68.9,-5258077.135186831,14513610.0,49.68825251507455
68.91,-5257745.392494066,14513930.0,49.68825435181162
68.92,-5257415.601606063,14514260.0,49.68825621277952
68.93,-5257087.826341498,14514580.0,49.688258097379695
68.94,-5256762.126387522,14514920.0,49.68826000501218
68.95,-5256438.566178851,14515260.0,49.68826193515241
68.96,-5256117.2129717665,14515600.0,49.68826388726291
68.97,-5255798.1327478355,14515940.0,49.68826586076883
68.98,-5255481.391293082,14516290.0,49.68826785510696
68.99,-5255167.056761487,14516640.0,49.68826986972889
69.0,-5254855.196375368,14517000.0,49.68827190406453
69.01,-5254545.872319719,14517360.0,49.68827395749689
69.02,-5254239.143837745,14517720.0,49.68827602941657
69.03,-5253935.072522845,14518090.0,49.68827811926178
69.04,-5253633.718962002,14518460.0,49.68828022643655
69.05,-5253335.140795438,14518830.0,49.68828235033029
69.06,-5253039.39686888,14519210.0,49.68828449035957
69.07,-5252746.54603957,14519590.0,49.68828664593289
69.08,-5252456.643300955,14519970.0,49.68828881641992
69.09,-5252169.742109155,14520350.0,49.688291001207986
69.1,-5251885.896829218,14520740.0,49.6882931996986
69.11,-5251605.164389682,14521130.0,49.68829541131712
69.12,-5251327.602009279,14521520.0,49.68829763546919
69.13,-5251053.263265343,14521920.0,49.688299871522105
69.14,-5250782.203327116,14522320.0,49.68830211889094
69.15,-5250514.475540295,14522710.0,49.6883043769576
69.16,-5250250.130111549,14523120.0,49.6883066450909
69.17,-5249989.214271362,14523520.0,49.68830892265
69.18,-5249731.772551296,14523920.0,49.68831120899967
69.19,-5249477.848486588,14524330.0,49.68831350350998
69.2,-5249227.486323019,14524740.0,49.68831580556842
69.21,-5248980.732272156,14525150.0,49.68831811457712
69.22,-5248737.628133665,14525560.0,49.688320429885685
69.23,-5248498.213563505,14525980.0,49.68832275084833
69.24,-5248262.530570241,14526400.0,49.688325076866015
69.25,-5248030.619018874,14526810.0,49.68832740730633
69.26,-5247802.516625296,14527230.0,49.688329741524235
69.27,-5247578.261344143,14527650.0,49.68833207890482
69.28,-5247357.8949593045,14528070.0,49.68833441886746
69.29,-5247141.457394758,14528490.0,49.688336760785475
69.3,-5246928.988932165,14528910.0,49.68833910405141
69.31,-5246720.53004063,14529330.0,49.68834144806819
69.32,-5246516.113171066,14529760.0,49.68834379215068
69.33,-5246315.769004424,14530180.0,49.68834613566522
69.34,-5246119.530265174,14530600.0,49.68834847802029
69.35,-5245927.42859208,14531030.0,49.6883508185938
69.36,-5245739.500233908,14531450.0,49.688353156824846
69.37,-5245555.777740902,14531880.0,49.68835549208585
69.38,-5245376.288131877,14532300.0,49.68835782371997
69.39,-5245201.065303133,14532730.0,49.68836015119468
69.4,-5245030.144005041,14533150.0,49.68836247393092
69.41,-5244863.553176727,14533580.0,49.688364791291335
69.42,-5244701.3159884205,14534000.0,49.68836710263296
69.43,-5244543.455639486,14534420.0,49.68836940735807
69.44,-5244389.997865779,14534850.0,49.68837170490614
69.45,-5244240.967184863,14535270.0,49.68837399468232
69.46,-5244096.384328527,14535690.0,49.688376276072525
69.47,-5243956.269994312,14536110.0,49.688378548493986
69.48,-5243820.643021833,14536530.0,49.68838081135472
69.49,-5243689.517481824,14536950.0,49.688383064030575
69.5,-5243562.90454473,14537360.0,49.68838530591584
69.51,-5243440.815493683,14537780.0,49.68838753642702
69.52,-5243323.263149433,14538200.0,49.68838975500613
69.53,-5243210.264039631,14538610.0,49.68839196112296
69.54,-5243101.836413572,14539020.0,49.68839415423825
69.55,-5242997.991071788,14539430.0,49.688396333739014
69.56,-5242898.7364761345,14539840.0,49.68839849904273
69.57,-5242804.0796557255,14540240.0,49.68840064958937
69.58,-5242714.026716256,14540650.0,49.688402784815096
69.59,-5242628.585459058,14541050.0,49.688404904193334
69.6,-5242547.764758525,14541450.0,49.68840700719892
69.61,-5242471.57057583,14541850.0,49.68840909327683
69.62,-5242400.008629984,14542250.0,49.688411161898074
69.63,-5242333.085764939,14542640.0,49.68841321255562
69.64,-5242270.80835682,14543040.0,49.68841524473485
69.65,-5242213.181685953,14543420.0,49.68841725791952
69.66,-5242160.210162111,14543810.0,49.688419251602866
69.67,-5242111.897778258,14544200.0,49.688421225289936
69.68,-5242068.245773153,14544580.0,49.68842317846691
69.69,-5242029.255644765,14544960.0,49.68842511065124
69.7,-5241994.926871554,14545330.0,49.68842702135059
69.71,-5241965.2538872715,14545700.0,49.688428910039725
69.72,-5241940.23153906,14546070.0,49.68843077624927
69.73,-5241919.855373523,14546440.0,49.688432619519205
69.74,-5241904.114743319,14546800.0,49.68843443933301
69.75,-5241892.9979775,14547160.0,49.68843623521436
69.76,-5241886.494487558,14547520.0,49.68843800671968
69.77,-5241884.594029455,14547870.0,49.68843975340574
69.78,-5241887.282715636,14548220.0,49.68844147479499
69.79,-5241894.545000561,14548560.0,49.688443170434915
69.8,-5241906.365044384,14548900.0,49.68844483989057
69.81,-5241922.729447693,14549240.0,49.688446482757115
69.82,-5241943.623553693,14549580.0,49.68844809861241
69.83,-5241969.028311031,14549910.0,49.688449687001366
69.84,-5241998.928297944,14550230.0,49.68845124755667
69.85,-5242033.31047782,14550560.0,49.6884527799095
69.86,-5242072.160045366,14550870.0,49.688454283664015
69.87,-5242115.457687033,14551190.0,49.68845575840675
69.88,-5242163.183672899,14551500.0,49.68845720375876
69.89,-5242215.319508387,14551800.0,49.68845861936879
69.9,-5242271.846341948,14552100.0,49.68846000488116
69.91,-5242332.740348513,14552400.0,49.68846135990148
69.92,-5242397.974597805,14552690.0,49.688462684056084
69.93,-5242467.524574392,14552980.0,49.6884639770235
69.94,-5242541.363739077,14553260.0,49.68846523845827
69.95,-5242619.4663163535,14553540.0,49.68846646804096
69.96,-5242701.808094336,14553810.0,49.68846766547559
69.97,-5242788.360217458,14554080.0,49.68846883041632
69.98,-5242879.094018873,14554340.0,49.688469962564575
69.99,-5242973.983414555,14554600.0,49.68847106165549
70.0,-5243073.000009229,14554850.0,49.68847212738841
70.01,-5243176.113318765,14555100.0,49.68847315947575
70.02,-5243283.292417783,14555340.0,49.68847415764587
70.03,-5243394.502690631,14555580.0,49.68847512160658
70.04,-5243509.705081617,14555810.0,49.688476051058046
70.05,-5243628.8596743,14556040.0,49.68847694573561
70.06,-5243751.928253982,14556260.0,49.688477805407636
70.07,-5243878.875850879,14556480.0,49.688478629873714
70.08,-5244009.668754,14556690.0,49.688479418924416
70.09,-5244144.268986968,14556890.0,49.68848017231273
70.1,-5244282.639654283,14557090.0,49.68848088984448
70.11,-5244424.743918568,14557290.0,49.68848157132702
70.12,-5244570.541923774,14557480.0,49.688482216544436
70.13,-5244719.991813678,14557660.0,49.68848282529966
70.14,-5244873.052006606,14557840.0,49.68848339741827
70.15,-5245029.681595337,14558010.0,49.68848393274508
70.16,-5245189.837898703,14558180.0,49.688484431108925
70.17,-5245353.479249767,14558340.0,49.68848489236906
70.18,-5245520.565283594,14558490.0,49.688485316409846
70.19,-5245691.051755113,14558640.0,49.688485703065226
70.2,-5245864.894176814,14558780.0,49.68848605221402
70.21,-5246042.050154879,14558920.0,49.68848636376496
70.22,-5246222.47369616,14559050.0,49.68848663758611
70.23,-5246406.119473428,14559180.0,49.68848687359144
70.24,-5246592.942257516,14559300.0,49.68848707169297
70.25,-5246782.891789176,14559410.0,49.68848723177208
70.26,-5246975.915160257,14559520.0,49.68848735372525
70.27,-5247171.957719225,14559620.0,49.68848743746413
70.28,-5247370.964149903,14559710.0,49.68848748291568
70.29,-5247572.879040044,14559800.0,49.68848749002204
70.3,-5247777.64779325,14559880.0,49.68848745874041
70.31,-5247985.216859329,14559960.0,49.6884873890428
70.32,-5248195.534307123,14560030.0,49.68848728091571
70.33,-5248408.545612002,14560100.0,49.68848713432111
70.34,-5248624.196214088,14560160.0,49.6884869492461
70.35,-5248842.436020404,14560210.0,49.6884867257325
70.36,-5249063.2142876815,14560260.0,49.68848646379337
70.37,-5249286.477626591,14560300.0,49.688486163424265
70.38,-5249512.171477115,14560330.0,49.68848582464491
70.39,-5249740.241929523,14560360.0,49.68848544749591
70.4,-5249970.63601129,14560380.0,49.68848503203624
70.41,-5250203.299011481,14560390.0,49.68848457830237
70.42,-5250438.175844415,14560400.0,49.688484086356425
70.43,-5250675.212245802,14560410.0,49.68848355627608
70.44,-5250914.351299037,14560400.0,49.68848298812013
70.45,-5251155.535594399,14560400.0,49.688482381969315
70.46,-5251398.7046638485,14560380.0,49.68848173788425
70.47,-5251643.797082244,14560360.0,49.68848105595258
70.48,-5251890.751719038,14560330.0,49.688480336277976
70.49,-5252139.508480218,14560300.0,49.68847957898376
70.5,-5252390.008767185,14560260.0,49.688478784203305
70.51,-5252642.195366894,14560210.0,49.68847795208467
70.52,-5252896.012113785,14560160.0,49.68847708278167
70.53,-5253151.399561863,14560100.0,49.68847617642066
70.54,-5253408.300846392,14560040.0,49.688475233180796
70.55,-5253666.659981155,14559970.0,49.68847425324115
70.56,-5253926.413541113,14559890.0,49.68847323670962
70.57,-5254187.497425511,14559810.0,49.68847218375409
70.58,-5254449.85420771,14559720.0,49.688471094618805
70.59,-5254713.421698174,14559630.0,49.688469969459334
70.6,-5254978.134870445,14559530.0,49.6884688084445
70.61,-5255243.932920681,14559420.0,49.68846761181807
70.62,-5255510.752782246,14559310.0,49.68846637977231
70.63,-5255778.528265669,14559200.0,49.6884651125
70.64,-5256047.194040238,14559070.0,49.68846381022593
70.65,-5256316.69093622,14558950.0,49.68846247324087
70.66,-5256586.960888914,14558810.0,49.688461101802794
70.67,-5256857.943921549,14558670.0,49.6884596961549
70.68,-5257129.579679489,14558530.0,49.688458256553666
70.69,-5257401.804637372,14558380.0,49.688456783235104
70.7,-5257674.557334243,14558220.0,49.68845527648866
70.71,-5257947.777353368,14558060.0,49.68845373660537
70.72,-5258221.4049832905,14557890.0,49.68845216387858
70.73,-5258495.383271454,14557720.0,49.688450558636966
70.74,-5258769.656264891,14557540.0,49.688448921196056
70.75,-5259044.162687674,14557360.0,49.68844725182308
70.76,-5259318.8401449155,14557170.0,49.68844555082219
70.77,-5259593.627228811,14556970.0,49.688443818517804
70.78,-5259868.4602733115,14556780.0,49.68844205521513
70.79,-5260143.279161384,14556570.0,49.6884402612756
70.8,-5260418.025567703,14556360.0,49.688438437060185
70.81,-5260692.6392594185,14556150.0,49.68843658289379
70.82,-5260967.05735094,14555930.0,49.68843469910539
70.83,-5261241.218628584,14555710.0,49.68843278606245
70.84,-5261515.065036748,14555480.0,49.68843084415615
70.85,-5261788.538267013,14555250.0,49.68842887375709
70.86,-5262061.577421463,14555010.0,49.68842687521594
70.87,-5262334.121115032,14554770.0,49.68842484890247
70.88,-5262606.111178713,14554520.0,49.6884227952331
70.89,-5262877.491585215,14554270.0,49.68842071461809
70.9,-5263148.206517144,14554010.0,49.68841860746161
70.91,-5263418.198544315,14553750.0,49.68841647415553
70.92,-5263687.407366376,14553490.0,49.68841431508065
70.93,-5263955.776473295,14553220.0,49.688412130678564
70.94,-5264223.251388614,14552950.0,49.68840992139225
70.95,-5264489.776141743,14552680.0,49.68840768762826
70.96,-5264755.292352787,14552400.0,49.68840542979504
70.97,-5265019.743158859,14552110.0,49.688403148336086
70.98,-5265283.075041736,14551820.0,49.68840084371416
70.99,-5265545.236924764,14551540.0,49.68839851640482
71.0,-5265806.18046418,14551240.0,49.68839616688496
71.01,-5266065.854300676,14550940.0,49.68839379559146
71.02,-5266324.204792964,14550640.0,49.68839140296259
71.03,-5266581.179146582,14550340.0,49.6883889894676
71.04,-5266836.723136888,14550030.0,49.688386555555596
71.05,-5267090.778883356,14549720.0,49.68838410165709
71.06,-5267343.290995197,14549410.0,49.688381628256295
71.07,-5267594.209142257,14549090.0,49.688379135870534
71.08,-5267843.485161674,14548770.0,49.68837662500153
71.09,-5268091.07038525,14548450.0,49.688374096132634
71.1,-5268336.913359034,14548120.0,49.688371549726526
71.11,-5268580.962287015,14547800.0,49.688368986262226
71.12,-5268823.168563668,14547470.0,49.688366406261
71.13,-5269063.485072618,14547140.0,49.68836381023249
71.14,-5269301.86436709,14546800.0,49.68836119867399
71.15,-5269538.256389919,14546460.0,49.6883585720638
71.16,-5269772.611658478,14546130.0,49.688355930900855
71.17,-5270004.880753528,14545790.0,49.688353275687966
71.18,-5270235.014946476,14545440.0,49.68835060693099
71.19,-5270462.968309825,14545100.0,49.688347925164464
71.2,-5270688.69572994,14544750.0,49.68834523090375
71.21,-5270912.149946067,14544410.0,49.688342524642984
71.22,-5271133.284337505,14544060.0,49.68833980689207
71.23,-5271352.056059665,14543710.0,49.6883370782029
71.24,-5271568.420355177,14543350.0,49.68833433907689
71.25,-5271782.331575077,14543000.0,49.68833159001452
71.26,-5271993.748590456,14542650.0,49.68832883157759
71.27,-5272202.631384824,14542290.0,49.6883260642958
71.28,-5272408.937239073,14541930.0,49.68832328867065
71.29,-5272612.622548475,14541580.0,49.68832050521109
71.3,-5272813.643276573,14541220.0,49.688317714425985
71.31,-5273011.957917584,14540860.0,49.6883149168569
71.32,-5273207.52926948,14540500.0,49.68831211306217
71.33,-5273400.32011403,14540140.0,49.68830930357168
71.34,-5273590.294812544,14539780.0,49.6883064889258
71.35,-5273777.422900076,14539420.0,49.68830366970272
71.36,-5273961.672431193,14539050.0,49.68830084642721
71.37,-5274143.006215377,14538690.0,49.68829801958224
71.38,-5274321.386533894,14538330.0,49.68829518968338
71.39,-5274496.781065148,14537960.0,49.688292357304654
71.4,-5274669.15816853,14537600.0,49.68828952297987
71.41,-5274838.483752058,14537240.0,49.688286687214685
71.42,-5275004.726452091,14536870.0,49.68828385055488
71.43,-5275167.852226667,14536510.0,49.688281013497985
71.44,-5275327.824576913,14536150.0,49.6882781765396
71.45,-5275484.608701015,14535780.0,49.6882753402008
71.46,-5275638.168877288,14535420.0,49.6882725049816
71.47,-5275788.474388542,14535060.0,49.68826967143716
71.48,-5275935.498508994,14534700.0,49.68826684011573
71.49,-5276079.213727564,14534340.0,49.688264011525106
71.5,-5276219.591518093,14533980.0,49.688261186168305
71.51,-5276356.602678839,14533620.0,49.68825836454225
71.52,-5276490.216134214,14533260.0,49.68825554713062
71.53,-5276620.402691287,14532900.0,49.688252734443125
71.54,-5276747.139660438,14532540.0,49.68824992703705
71.55,-5276870.405629033,14532180.0,49.688247125427445
71.56,-5276990.180578672,14531830.0,49.68824433013253
71.57,-5277106.445888728,14531470.0,49.68824154166141
71.58,-5277219.178755324,14531120.0,49.688238760478306
71.59,-5277328.357936504,14530770.0,49.688235987081086
71.6,-5277433.965009884,14530420.0,49.68823322198568
71.61,-5277535.978111352,14530070.0,49.68823046564281
71.62,-5277634.375174721,14529720.0,49.68822771852705
71.63,-5277729.139003008,14529370.0,49.688224981156004
71.64,-5277820.252493875,14529020.0,49.68822225400479
71.65,-5277907.698981828,14528680.0,49.688219537548555
71.66,-5277991.461954421,14528340.0,49.68821683225428
71.67,-5278071.528528806,14528000.0,49.688214138619166
71.68,-5278147.886554557,14527660.0,49.688211457114235
71.69,-5278220.523418831,14527320.0,49.68820878819405
71.7,-5278289.427868764,14526980.0,49.68820613232461
71.71,-5278354.590983632,14526650.0,49.68820348998199
71.72,-5278416.0021347115,14526320.0,49.68820086160036
71.73,-5278473.651260434,14525990.0,49.6881982476238
71.74,-5278527.5320020085,14525660.0,49.688195648525635
71.75,-5278577.636128084,14525340.0,49.688193064728985
71.76,-5278623.954327849,14525010.0,49.68819049664828
71.77,-5278666.479399526,14524690.0,49.6881879447249
71.78,-5278705.211498298,14524370.0,49.68818540945203
71.79,-5278740.153538813,14524060.0,49.68818289128137
71.8,-5278771.30316704,14523740.0,49.68818039059456
71.81,-5278798.656907007,14523430.0,49.68817790778752
71.82,-5278822.211069716,14523120.0,49.688175443259716
71.83,-5278841.962265452,14522810.0,49.6881729974117
71.84,-5278857.908031333,14522510.0,49.68817057063713
71.85,-5278870.045750856,14522200.0,49.688168163322686
71.86,-5278878.376870402,14521910.0,49.688165775880535
71.87,-5278882.90759315,14521610.0,49.68816340873829
71.88,-5278883.641938642,14521320.0,49.688161062253755
71.89,-5278880.581110393,14521020.0,49.68815873677011
71.9,-5278873.72633807,14520740.0,49.68815643264414
71.91,-5278863.081327863,14520450.0,49.688154150245076
71.92,-5278848.651185875,14520170.0,49.68815188994139
71.93,-5278830.440654978,14519890.0,49.68814965206405
71.94,-5278808.457703911,14519610.0,49.68814743698458
71.95,-5278782.713022359,14519340.0,49.68814524506024
71.96,-5278753.215069905,14519070.0,49.68814307660034
71.97,-5278719.974401235,14518800.0,49.68814093194658
71.98,-5278683.002189632,14518530.0,49.68813881142008
71.99,-5278642.308803761,14518270.0,49.688136715327886
72.0,-5278597.90762357,14518020.0,49.6881346439943
72.01,-5278549.811856487,14517760.0,49.68813259771754
72.02,-5278498.032599337,14517510.0,49.68813057677124
72.03,-5278442.582138119,14517260.0,49.68812858144443
72.04,-5278383.475090543,14517020.0,49.68812661203117
72.05,-5278320.7288106205,14516770.0,49.68812466882868
72.06,-5278254.362768501,14516540.0,49.6881227521296
72.07,-5278184.399125444,14516300.0,49.68812086222212
72.08,-5278110.861429689,14516070.0,49.688118999383974
72.09,-5278033.77045978,14515840.0,49.6881171638452
72.1,-5277953.145243196,14515620.0,49.68811535583327
72.11,-5277869.0073257275,14515400.0,49.68811357560558
72.12,-5277781.379011026,14515180.0,49.68811182340062
72.13,-5277690.282963413,14514970.0,49.688110099441516
72.14,-5277595.74027109,14514760.0,49.68810840393261
72.15,-5277595.74027109,14514550.0,49.68810840393261
72.16,-5277391.991226289,14514250.0,49.68810506389323
72.17,-5277391.991226289,14514160.0,49.68810506389323
72.18,-5277281.410290664,14513860.0,49.68810342165007
72.19,-5277164.0924508115,14513670.0,49.688101794403934
72.2,-5277039.8602158595,14513490.0,49.68810018621461
72.21,-5276908.961089015,14513320.0,49.68809860062656
72.22,-5276771.938929352,14513150.0,49.68809704081444
72.23,-5276629.535819319,14512990.0,49.68809550965502
72.24,-5276482.606678395,14512840.0,49.68809400967134
72.25,-5276332.053664499,14512690.0,49.688092543066006
72.26,-5276178.7791593755,14512540.0,49.68809111177384
72.27,-5276023.637895629,14512400.0,49.68808971735202
72.28,-5275867.403210778,14512270.0,49.688088361013946
72.29,-5275710.7459822185,14512130.0,49.68808704367817
72.3,-5275554.213168273,14512000.0,49.68808576590248
72.31,-5275398.214787198,14511860.0,49.68808452790661
72.32,-5275243.02009618,14511730.0,49.68808332962662
72.33,-5275088.757864605,14511600.0,49.68808217072019
72.34,-5274935.418529419,14511470.0,49.688081050575605
72.35,-5274782.8666141415,14511340.0,49.68807996839525
72.36,-5274630.85414845,14511210.0,49.68807892322162
72.37,-5274479.035660643,14511080.0,49.68807791396653
72.38,-5274326.987596051,14510950.0,49.688076939468814
72.39,-5274174.229095162,14510820.0,49.68807599854532
72.4,-5274020.242994989,14510700.0,49.688075090030175
72.41,-5273864.496997131,14510570.0,49.68807421281069
72.42,-5273706.462894349,14510460.0,49.68807336585448
72.43,-5273545.634249583,14510340.0,49.68807254823544
72.44,-5273381.542010551,14510230.0,49.68807175915222
72.45,-5273213.771986686,14510120.0,49.688070997985825
72.46,-5273041.977981532,14510020.0,49.68807026430026
72.47,-5272865.888974049,14509930.0,49.68806955781417
72.48,-5272685.314094983,14509840.0,49.688068878410824
72.49,-5272500.146988303,14509760.0,49.68806822614899
72.5,-5272310.364712437,14509690.0,49.688067601228944
72.51,-5272116.024016865,14509620.0,49.688067003971305
72.52,-5271917.2541898135,14509560.0,49.68806643479326
72.53,-5271714.250457447,14509500.0,49.68806589419506
72.54,-5271507.264744824,14509450.0,49.68806538274213
72.55,-5271296.597952014,14509410.0,49.688064901056
72.56,-5271082.586739992,14509370.0,49.68806444976123
72.57,-5270865.590625189,14509340.0,49.68806402945167
72.58,-5270645.980865195,14509320.0,49.68806364069261
72.59,-5270424.132507768,14509300.0,49.68806328402768
72.6,-5270200.413513718,14509280.0,49.68806295993842
72.61,-5269975.171345265,14509270.0,49.68806266878267
72.62,-5269748.72732802,14509260.0,49.688062410855466
72.63,-5269521.3660983015,14509260.0,49.688062186317424
72.64,-5269293.331349671,14509260.0,49.6880619952282
72.65,-5269064.8269257555,14509260.0,49.68806183759293
72.66,-5268836.012274476,14509260.0,49.688061713298225
72.67,-5268607.0014243,14509270.0,49.68806162213335
72.68,-5268377.86429462,14509290.0,49.68806156380728
72.69,-5268148.630232132,14509300.0,49.68806153796278
72.7,-5267919.2874533385,14509320.0,49.688061544149086
72.71,-5267689.790634846,14509340.0,49.68806158188187
72.72,-5267460.069776547,14509360.0,49.68806165068155
72.73,-5267230.03452824,14509390.0,49.68806175003603
72.74,-5266999.578527219,14509420.0,49.68806187940747
72.75,-5266768.583176941,14509450.0,49.68806203823842
72.76,-5266536.925481177,14509490.0,49.68806222599581
72.77,-5266304.491368402,14509530.0,49.68806244224173
72.78,-5266071.180045714,14509580.0,49.688062686573275
72.79,-5265836.8994738115,14509620.0,49.68806295854587
72.8,-5265601.57186006,14509680.0,49.68806325776225
72.81,-5265365.139564097,14509740.0,49.688063583897645
72.82,-5265127.569707404,14509800.0,49.68806393669018
72.83,-5264888.851044221,14509860.0,49.688064315888425
72.84,-5264648.997092906,14509930.0,49.68806472129684
72.85,-5264408.04847718,14510010.0,49.68806515279589
72.86,-5264166.067864922,14510090.0,49.68806561025703
72.87,-5263923.138769203,14510170.0,49.68806609358551
72.88,-5263679.363662364,14510260.0,49.68806660271222
72.89,-5263434.862598133,14510350.0,49.68806713759293
72.9,-5263189.766986417,14510450.0,49.68806769816277
72.91,-5262944.211756862,14510550.0,49.68806828430931
72.92,-5262698.337874186,14510650.0,49.68806889595827
72.93,-5262452.293606062,14510760.0,49.68806953306315
72.94,-5262206.226619471,14510870.0,49.68807019552558
72.95,-5261960.275601412,14510990.0,49.68807088317121
72.96,-5261714.574167601,14511110.0,49.68807159584392
72.97,-5261469.24720189,14511230.0,49.68807233335736
72.98,-5261224.40764249,14511360.0,49.68807309547229
72.99,-5260980.161466139,14511490.0,49.688073881979406
73.0,-5260736.603624085,14511620.0,49.68807469261573
73.01,-5260493.812429363,14511750.0,49.68807552704385
73.02,-5260251.851338271,14511890.0,49.68807638490385
73.03,-5260010.773813608,14512030.0,49.68807726585737
73.04,-5259770.624211146,14512180.0,49.688078169541846
73.05,-5259531.434394464,14512320.0,49.688079095543685
73.06,-5259293.226723773,14512480.0,49.68808004344572
73.07,-5259056.016596393,14512630.0,49.68808101282897
73.08,-5258819.811232574,14512780.0,49.68808200323539
73.09,-5258584.612390341,14512940.0,49.688083014219444
73.1,-5258350.420283851,14513100.0,49.688084045340645
73.11,-5258117.234890226,14513270.0,49.68808509617026
73.12,-5257885.05811443,14513440.0,49.6880861662844
73.13,-5257653.895047786,14513610.0,49.688087255270936
73.14,-5257423.75477373,14513780.0,49.68808836272275
73.15,-5257194.647357527,14513960.0,49.688089488206174
73.16,-5256966.586470019,14514130.0,49.688090631304505
73.17,-5256739.590422318,14514320.0,49.68809179161669
73.18,-5256513.683601958,14514500.0,49.68809296875645
73.19,-5256288.896829863,14514690.0,49.688094162351454
73.2,-5256065.26771819,14514880.0,49.68809537204293
73.21,-5255842.841256941,14515070.0,49.68809659748528
73.22,-5255621.665273315,14515270.0,49.688097838307094
73.23,-5255401.788728965,14515470.0,49.68809909412246
73.24,-5255183.264685803,14515670.0,49.6881003645724
73.25,-5254966.155387655,14515880.0,49.688101649360576
73.26,-5254750.526926222,14516080.0,49.68810294816195
73.27,-5254536.444235589,14516290.0,49.6881042606021
73.28,-5254323.973767277,14516510.0,49.688105586341635
73.29,-5254113.183094751,14516720.0,49.68810692503271
73.3,-5253904.139491203,14516940.0,49.688108276326446
73.31,-5253696.910099371,14517160.0,49.688109639872614
73.32,-5253491.557827864,14517380.0,49.68811101528678
73.33,-5253288.140257503,14517610.0,49.68811240216016
73.34,-5253086.712249007,14517830.0,49.68811380010609
73.35,-5252887.324625227,14518060.0,49.688115208715985
73.36,-5252690.027579895,14518290.0,49.688116627611485
73.37,-5252494.872385348,14518530.0,49.688118056431044
73.38,-5252301.902106304,14518760.0,49.6881194947219
73.39,-5252111.153744557,14519000.0,49.68812094203943
73.4,-5251922.664264107,14519240.0,49.68812239798056
73.41,-5251736.466032022,14519480.0,49.68812386210292
73.42,-5251552.593075196,14519720.0,49.688125334016405
73.43,-5251371.0770383645,14519960.0,49.688126813287624
73.44,-5251191.945069515,14520210.0,49.68812829946721
73.45,-5251015.223284647,14520460.0,49.68812979211911
73.46,-5250840.934371674,14520710.0,49.68813129079406
73.47,-5250669.101684715,14520960.0,49.68813279506451
73.48,-5250499.747365134,14521210.0,49.68813430449029
73.49,-5250332.891711573,14521460.0,49.68813581862098
73.5,-5250168.553061293,14521720.0,49.68813733700414
73.51,-5250006.752230071,14521980.0,49.68813885922436
73.52,-5249847.511777497,14522240.0,49.68814038485963
73.53,-5249690.854643583,14522500.0,49.68814191348888
73.54,-5249536.808708464,14522760.0,49.68814344473048
73.55,-5249385.40481012,14523030.0,49.68814497819815
73.56,-5249236.672249773,14523290.0,49.68814651346934
73.57,-5249090.640725407,14523560.0,49.68814805013482
73.58,-5248947.3404466,14523830.0,49.68814958779589
73.59,-5248806.803332351,14524100.0,49.688151126068284
73.6,-5248669.059767033,14524370.0,49.68815266454039
73.61,-5248534.141559654,14524640.0,49.688154202827
73.62,-5248402.0857083155,14524910.0,49.688155740596216
73.63,-5248272.927460769,14525190.0,49.688157277450934
73.64,-5248146.699056187,14525460.0,49.688158812987545
73.65,-5248023.432908676,14525740.0,49.688160346832795
73.66,-5247903.164342867,14526020.0,49.688161878643356
73.67,-5247785.925218645,14526300.0,49.688163408021616
73.68,-5247671.740731144,14526580.0,49.6881649345395
73.69,-5247560.635890332,14526860.0,49.68816645781599
73.7,-5247452.634608672,14527140.0,49.68816797747445
73.71,-5247347.760951961,14527420.0,49.68816949314456
73.72,-5247246.039481533,14527710.0,49.68817100446377
73.73,-5247147.494913473,14527990.0,49.68817251107864
73.74,-5247052.153543544,14528280.0,49.68817401264576
73.75,-5246960.03880616,14528560.0,49.68817550879381
73.76,-5246871.170355357,14528850.0,49.6881769991356
73.77,-5246785.566847572,14529140.0,49.68817848331027
73.78,-5246703.240297516,14529430.0,49.68817996090336
73.79,-5246624.201988036,14529720.0,49.68818143154521
73.8,-5246548.464177843,14530000.0,49.68818289489247
73.81,-5246476.036114936,14530300.0,49.688184350560796
73.82,-5246406.923801127,14530580.0,49.68818579816974
73.83,-5246341.13254829,14530880.0,49.68818723734876
73.84,-5246278.66606489,14531170.0,49.688188667735865
73.85,-5246219.525198322,14531460.0,49.688190088944104
73.86,-5246163.709751339,14531750.0,49.68819150060969
73.87,-5246111.220758915,14532040.0,49.68819290238814
73.88,-5246062.061688074,14532340.0,49.68819429395749
73.89,-5246016.239697675,14532630.0,49.688195675014626
73.9,-5245973.762285511,14532920.0,49.68819704523988
73.91,-5245934.632616335,14533210.0,49.68819840426631
73.92,-5245898.849966958,14533510.0,49.68819975173599
73.93,-5245866.415358146,14533800.0,49.68820108733528
73.94,-5245837.334636244,14534090.0,49.688202410793025
73.95,-5245811.616433779,14534390.0,49.688203721834114
73.96,-5245789.264084474,14534680.0,49.688205020113585
73.97,-5245770.27863027,14534970.0,49.68820630531367
73.98,-5245754.661209029,14535260.0,49.68820757713648
73.99,-5245742.410889372,14535560.0,49.688208835272
74.0,-5245733.527856751,14535850.0,49.68821007944097
74.01,-5245728.011535769,14536140.0,49.688211309354365
74.02,-5245725.860018477,14536430.0,49.68821252472339
74.03,-5245727.070175073,14536720.0,49.688213725261214
74.04,-5245731.63839174,14537010.0,49.68821491069044
74.05,-5245739.5569224255,14537300.0,49.688216080704315
74.06,-5245750.813023827,14537580.0,49.68821723498416
74.07,-5245765.396522111,14537870.0,49.68821837327838
74.08,-5245783.300047387,14538160.0,49.68821949535441
74.09,-5245804.516818376,14538450.0,49.688220600964186
74.1,-5245829.035116382,14538730.0,49.68822168981382
74.11,-5245856.8400396155,14539010.0,49.6882227616205
74.12,-5245887.918054231,14539300.0,49.68822381614797
74.13,-5245922.252951894,14539580.0,49.68822485312761
74.14,-5245959.828236644,14539860.0,49.688225872312415
74.15,-5246000.62809308,14540140.0,49.68822687347169
74.16,-5246044.631233766,14540420.0,49.688227856321696
74.17,-5246091.816299363,14540690.0,49.68822882061992
74.18,-5246142.163625174,14540970.0,49.68822976615554
74.19,-5246195.654390768,14541240.0,49.688230692715656
74.2,-5246252.266747243,14541510.0,49.68823160004936
74.21,-5246311.977234463,14541780.0,49.68823248792626
74.22,-5246374.765564022,14542050.0,49.68823335616702
74.23,-5246440.611436136,14542320.0,49.688234204566726
74.24,-5246509.492089424,14542580.0,49.688235032905695
74.25,-5246581.3857710445,14542850.0,49.68823584099683
74.26,-5246656.269061085,14543110.0,49.68823662864227
74.27,-5246734.117951299,14543370.0,49.68823739564724
74.28,-5246814.906818096,14543630.0,49.688238141818616
74.29,-5246898.609786349,14543880.0,49.6882388669761
74.3,-5246985.201412805,14544140.0,49.68823957094868
74.31,-5247074.657143238,14544390.0,49.6882402535841
74.32,-5247166.950465591,14544640.0,49.688240914705275
74.33,-5247262.052335437,14544880.0,49.68824155413012
74.34,-5247359.933677224,14545130.0,49.68824217170737
74.35,-5247460.565270452,14545370.0,49.68824276728278
74.36,-5247563.916552828,14545610.0,49.68824334070183
74.37,-5247669.96017599,14545840.0,49.688243891856914
74.38,-5247778.670361164,14546080.0,49.68824442063743
74.39,-5247890.015552151,14546310.0,49.68824492686758
74.4,-5248003.965467326,14546540.0,49.688245410438334
74.41,-5248120.492014812,14546770.0,49.688245871253464
74.42,-5248239.565765068,14546990.0,49.68824630920244
74.43,-5248361.15167384,14547210.0,49.68824672412359
74.44,-5248485.210094123,14547430.0,49.68824711586809
74.45,-5248611.705483717,14547640.0,49.688247484367416
74.46,-5248740.601002119,14547850.0,49.68824782951122
74.47,-5248871.8593053315,14548060.0,49.68824815120298
74.48,-5249005.44339966,14548270.0,49.68824844935592
74.49,-5249141.317497623,14548470.0,49.68824872390185
74.5,-5249279.447591085,14548670.0,49.68824897478595
74.51,-5249419.798948572,14548860.0,49.68824920193608
74.52,-5249562.3342331955,14549060.0,49.68824940526815
74.53,-5249707.01343941,14549250.0,49.68824958469648
74.54,-5249853.793430736,14549430.0,49.68824974013568
74.55,-5250002.629983704,14549610.0,49.688249871508425
74.56,-5250153.481033612,14549790.0,49.68824997878388
74.57,-5250306.310441266,14549970.0,49.68825006197227
74.58,-5250461.081739621,14550140.0,49.68825012104304
74.59,-5250617.755397917,14550310.0,49.68825015594413
74.6,-5250776.287560603,14550470.0,49.68825016660469
74.61,-5250936.633000071,14550630.0,49.6882501529883
74.62,-5251098.7479628045,14550790.0,49.68825011508059
74.63,-5251262.587779967,14550940.0,49.688250052859345
74.64,-5251428.110341527,14551090.0,49.68824996633266
74.65,-5251595.273481603,14551230.0,49.68824985550097
74.66,-5251764.038511713,14551380.0,49.68824972040131
74.67,-5251934.368178245,14551510.0,49.688249561061475
74.68,-5252106.2216515625,14551650.0,49.68824937747329
74.69,-5252279.555941987,14551780.0,49.68824916963965
74.7,-5252454.327376288,14551900.0,49.68824893757582
74.71,-5252630.492166137,14552020.0,49.68824868131044
74.72,-5252808.007490817,14552140.0,49.68824840088617
74.73,-5252986.828593668,14552250.0,49.688248096321466
74.74,-5253166.906498112,14552360.0,49.68824776762234
74.75,-5253348.196317323,14552460.0,49.688247414862566
74.76,-5253530.6567518525,14552560.0,49.68824703813078
74.77,-5253714.24326062,14552660.0,49.68824663745925
74.78,-5253898.9081100775,14552750.0,49.68824621287767
74.79,-5254084.604070588,14552840.0,49.688245764452454
74.8,-5254271.283221303,14552920.0,49.68824529224322
74.81,-5254458.900538825,14553000.0,49.68824479634889
74.82,-5254647.411682302,14553070.0,49.68824427685726
74.83,-5254836.769006434,14553140.0,49.68824373382065
74.84,-5255026.922123366,14553200.0,49.688243167298694
74.85,-5255217.823366766,14553260.0,49.68824257740121
74.86,-5255409.42660223,14553320.0,49.6882419642351
74.87,-5255601.68706045,14553370.0,49.688241327916636
74.88,-5255794.5608280385,14553420.0,49.68824066856245
74.89,-5255987.997384837,14553460.0,49.68823998622369
74.9,-5256181.947223782,14553500.0,49.688239281015086
74.91,-5256376.36607067,14553530.0,49.688238553097364
74.92,-5256571.209084997,14553560.0,49.68823780259816
74.93,-5256766.433081255,14553580.0,49.688237029659575
74.94,-5256961.995963481,14553600.0,49.68823623443385
74.95,-5257157.853651025,14553610.0,49.6882354170472
74.96,-5257353.958592234,14553620.0,49.68823457760711
74.97,-5257550.261921525,14553630.0,49.68823371624647
74.98,-5257746.715621836,14553630.0,49.6882328331167
74.99,-5257943.270076681,14553620.0,49.68823192834956
75.0,-5258139.876402852,14553610.0,49.68823100210136
75.01,-5258336.487421305,14553600.0,49.688230054545954
75.02,-5258533.059257303,14553580.0,49.68822908587518
75.03,-5258729.547359963,14553560.0,49.688228096254356
75.04,-5258925.904848241,14553530.0,49.688227085835045
75.05,-5259122.084955778,14553500.0,49.68822605479153
75.06,-5259318.042911986,14553460.0,49.68822500331982
75.07,-5259513.736517164,14553420.0,49.688223931630645
75.08,-5259709.122901,14553370.0,49.6882228399114
75.09,-5259904.156526659,14553320.0,49.68822172833152
75.1,-5260098.792147631,14553260.0,49.68822059708564
75.11,-5260292.985834468,14553200.0,49.6882194463854
75.12,-5260486.692470976,14553140.0,49.68821827642059
75.13,-5260679.867746006,14553070.0,49.68821708740262
75.14,-5260872.468896536,14552990.0,49.68821587955695
75.15,-5261064.455737539,14552910.0,49.68821465312313
75.16,-5261255.786736654,14552830.0,49.688213408310006
75.17,-5261446.417073556,14552740.0,49.68821214530815
75.18,-5261636.304672464,14552640.0,49.68821086436478
75.19,-5261825.406220253,14552550.0,49.68820956569396
75.2,-5262013.678816202,14552440.0,49.68820824952808
75.21,-5262201.08003025,14552340.0,49.68820691610421
75.22,-5262387.5656250045,14552220.0,49.68820556563299
75.23,-5262573.089836393,14552110.0,49.6882041983363
75.24,-5262757.607193662,14551990.0,49.68820281444714
75.25,-5262941.073147202,14551860.0,49.688201414203384
75.26,-5263123.447034359,14551730.0,49.68819999788766
75.27,-5263304.695109609,14551600.0,49.688198565810495
75.28,-5263484.778993983,14551460.0,49.68819711819345
75.29,-5263663.657943111,14551310.0,49.68819565526731
75.3,-5263841.292431634,14551170.0,49.688194177298314
75.31,-5264017.647062728,14551020.0,49.68819268458539
75.32,-5264192.683341461,14550860.0,49.68819117736828
75.33,-5264366.361034914,14550700.0,49.688189655889545
75.34,-5264538.643980584,14550530.0,49.6881881204544
75.35,-5264709.493828347,14550360.0,49.688186571308826
75.36,-5264878.876360596,14550190.0,49.688185008766446
75.37,-5265046.761388786,14550010.0,49.68818343314424
75.38,-5265213.115013635,14549830.0,49.68818184469485
75.39,-5265377.902408315,14549640.0,49.688180243689345
75.4,-5265541.08855714,14549450.0,49.688178630411215
75.41,-5265702.639508956,14549260.0,49.68817700515152
75.42,-5265862.518334014,14549060.0,49.688175368166284
75.43,-5266020.686598349,14548860.0,49.68817371972343
75.44,-5266177.1092039915,14548650.0,49.68817206013029
75.45,-5266331.752459987,14548440.0,49.688170389687116
75.46,-5266484.583003373,14548230.0,49.688168708686
75.47,-5266635.567173321,14548010.0,49.68816701740991
75.48,-5266784.67306206,14547790.0,49.68816531617066
75.49,-5266931.87257089,14547560.0,49.68816360529667
75.5,-5267077.13782977,14547340.0,49.68816188509103
75.51,-5267220.442052799,14547100.0,49.68816015587241
75.52,-5267361.760908724,14546870.0,49.68815841796559
75.53,-5267501.067569437,14546630.0,49.688156671661325
75.54,-5267638.334470429,14546380.0,49.688154917259
75.55,-5267773.533707977,14546140.0,49.68815315505837
75.56,-5267906.632764517,14545890.0,49.688151385320594
75.57,-5268037.600537749,14545630.0,49.68814960835028
75.58,-5268166.408598002,14545380.0,49.68814782447665
75.59,-5268293.033987358,14545120.0,49.68814603405078
75.6,-5268417.454275688,14544850.0,49.688144237392315
75.61,-5268539.64585251,14544590.0,49.6881424348017
75.62,-5268659.585006869,14544320.0,49.688140626589814
75.63,-5268777.245020938,14544040.0,49.68813881303941
75.64,-5268892.602203092,14543770.0,49.68813699448138
75.65,-5269005.634186012,14543490.0,49.688135171238656
75.66,-5269116.315656187,14543210.0,49.68813334359135
75.67,-5269224.626723538,14542930.0,49.68813151189451
75.68,-5269330.548490184,14542640.0,49.68812967647438
75.69,-5269434.0579812955,14542350.0,49.68812783760386
75.7,-5269535.138734308,14542060.0,49.68812599565478
75.71,-5269633.779447612,14541760.0,49.68812415099192
75.72,-5269729.964305948,14541460.0,49.68812230390162
75.73,-5269823.675191612,14541160.0,49.688120454678156
75.74,-5269914.895895706,14540860.0,49.68811860365292
75.75,-5270003.610926262,14540560.0,49.68811675114297
75.76,-5270089.803116714,14540250.0,49.68811489745234
75.77,-5270173.457268835,14539940.0,49.68811304290545
75.78,-5270254.564260677,14539630.0,49.6881111878764
75.79,-5270333.1116591655,14539320.0,49.68810933265423
75.8,-5270409.086276199,14539000.0,49.68810747754548
75.81,-5270482.477130055,14538680.0,49.68810562288567
75.82,-5270553.274938062,14538370.0,49.68810376900453
75.83,-5270621.469442541,14538040.0,49.68810191620962
75.84,-5270687.048952506,14537720.0,49.68810006479807
75.85,-5270750.001821734,14537400.0,49.68809821507993
75.86,-5270810.314853316,14537070.0,49.68809636734051
75.87,-5270867.977797673,14536740.0,49.688094521911516
75.88,-5270922.9826761205,14536420.0,49.68809267911699
75.89,-5270975.318543885,14536080.0,49.688090839233844
75.9,-5271024.976269497,14535750.0,49.68808900257374
75.91,-5271071.949337136,14535420.0,49.68808716946394
75.92,-5271116.231516766,14535090.0,49.688085340205824
75.93,-5271157.817776607,14534750.0,49.68808351511023
75.94,-5271196.704514064,14534420.0,49.68808169448977
75.95,-5271232.88933134,14534080.0,49.68807987865252
75.96,-5271266.3691578945,14533740.0,49.68807806789722
75.97,-5271297.144579643,14533400.0,49.68807626254789
75.98,-5271325.215403176,14533060.0,49.68807446290067
75.99,-5271350.583218117,14532720.0,49.6880726692686
76.0,-5271373.2473555645,14532380.0,49.688070881923856
76.01,-5271393.206364019,14532040.0,49.68806910115141
76.02,-5271410.465757435,14531700.0,49.68806732730197
76.03,-5271425.0302825235,14531360.0,49.68806556066482
76.04,-5271436.902663079,14531020.0,49.68806380151325
76.05,-5271446.086159212,14530670.0,49.68806205013716
76.06,-5271452.585423414,14530330.0,49.688060306833115
76.07,-5271456.40251498,14529990.0,49.68805857185775
76.08,-5271457.542022171,14529650.0,49.68805684551025
76.09,-5271456.012721041,14529310.0,49.688055128107436
76.1,-5271451.824622569,14528960.0,49.68805341994388
76.11,-5271444.9857844515,14528620.0,49.68805172128379
76.12,-5271435.5011094315,14528280.0,49.68805003236698
76.13,-5271423.377637002,14527940.0,49.688048353478656
76.14,-5271408.627283956,14527600.0,49.68804668493285
76.15,-5271391.260189172,14527260.0,49.68804502698207
76.16,-5271371.284139202,14526920.0,49.68804337986846
76.17,-5271348.711001674,14526590.0,49.688041743887204
76.18,-5271323.551891607,14526250.0,49.688040119294
76.19,-5271295.81443412,14525920.0,49.68803850630966
76.2,-5271265.508340202,14525580.0,49.68803690519481
76.21,-5271232.646779476,14525250.0,49.68803531623139
76.22,-5271197.243767399,14524920.0,49.68803373967536
76.23,-5271159.315534898,14524590.0,49.68803217579381
76.24,-5271118.87979296,14524260.0,49.68803062485225
76.25,-5271075.956306045,14523930.0,49.68802908711096
76.26,-5271030.563876816,14523600.0,49.688027562815606
76.27,-5270982.720685505,14523280.0,49.68802605219628
76.28,-5270932.441609882,14522960.0,49.68802455546044
76.29,-5270879.745340063,14522640.0,49.68802307287099
76.3,-5270824.652792295,14522320.0,49.688021604679214
76.31,-5270767.182384556,14522000.0,49.68802015109351
76.32,-5270707.354019147,14521690.0,49.68801871234946
76.33,-5270645.1871487405,14521380.0,49.68801728866121
76.34,-5270580.701914806,14521070.0,49.68801588025744
76.35,-5270513.916983726,14520760.0,49.688014487329376
76.36,-5270444.850055834,14520460.0,49.68801311007652
76.37,-5270373.521737862,14520150.0,49.688011748727305
76.38,-5270299.949794517,14519850.0,49.68801040345473
76.39,-5270224.153130211,14519560.0,49.68800907445859
76.4,-5270146.156521573,14519260.0,49.688007761985595
76.41,-5270065.985275291,14518970.0,49.68800646623801
76.42,-5269983.6659130845,14518690.0,49.68800518741837
76.43,-5269899.224237032,14518400.0,49.68800392571644
76.44,-5269812.685669503,14518120.0,49.68800268131163
76.45,-5269724.073314503,14517840.0,49.6880014543626
76.46,-5269633.411313859,14517570.0,49.688000245050226
76.47,-5269540.728895603,14517300.0,49.68799905359603
76.48,-5269446.051610711,14517030.0,49.68799788013738
76.49,-5269349.402976301,14516760.0,49.687996724819854
76.5,-5269250.8086873,14516500.0,49.68799558781914
76.51,-5269150.2914360305,14516240.0,49.6879944692575
76.52,-5269047.8743806435,14515990.0,49.687993369286964
76.53,-5268943.58336855,14515740.0,49.68799228807125
76.54,-5268837.443865746,14515500.0,49.68799122574529
76.55,-5268729.485685467,14515260.0,49.6879901824903
76.56,-5268619.742030094,14515020.0,49.68798915847683
76.57,-5268508.240381718,14514780.0,49.6879881537906
76.58,-5268395.0087560415,14514550.0,49.68798716856173
76.59,-5268280.07769802,14514330.0,49.68798620294114
76.6,-5268163.475387209,14514100.0,49.68798525702306
76.61,-5268045.230252991,14513890.0,49.68798433092684
76.62,-5267925.373368397,14513680.0,49.68798342478388
76.63,-5267803.934638462,14513470.0,49.68798253869496
76.64,-5267680.941144531,14513260.0,49.68798167273245
76.65,-5267556.419188478,14513060.0,49.68798082698089
76.66,-5267430.399134353,14512870.0,49.687980001565975
76.67,-5267302.913936701,14512680.0,49.687979196603074
76.68,-5267173.994644961,14512490.0,49.68797841215979
76.69,-5267043.670512463,14512310.0,49.68797764830118
76.7,-5266911.969504603,14512130.0,49.68797690508366
76.71,-5266778.921714573,14511960.0,49.687976182595115
76.72,-5266644.56141995,14511790.0,49.68797548093866
76.73,-5266508.919912751,14511620.0,49.68797480015472
76.74,-5266372.0295947185,14511470.0,49.687974140308704
76.75,-5266233.924720692,14511310.0,49.68797350147639
76.76,-5266094.639066607,14511160.0,49.68797288370623
76.77,-5265954.204161515,14511020.0,49.68797228701912
76.78,-5265812.650706408,14510880.0,49.68797171145349
76.79,-5265670.010965322,14510740.0,49.68797115705263
76.8,-5265526.319281916,14510620.0,49.687970623867386
76.81,-5265381.611400612,14510490.0,49.687970111945766
76.82,-5265235.91774557,14510370.0,49.68796962125997
76.83,-5265089.266142495,14510250.0,49.68796915179781
76.84,-5264941.691100602,14510140.0,49.68796870362862
76.85,-5264793.227332745,14510040.0,49.687968276767535
76.86,-5264643.907077385,14509940.0,49.687967871194324
76.87,-5264493.76037712,14509840.0,49.68796748688865
76.88,-5264342.817124485,14509750.0,49.68796712383452
76.89,-5264191.107232335,14509670.0,49.68796678201164
76.9,-5264038.660291788,14509590.0,49.687966461400976
76.91,-5263885.510528979,14509510.0,49.687966162015584
76.92,-5263731.690434041,14509440.0,49.687965883818066
76.93,-5263577.23212422,14509380.0,49.68796562677193
76.94,-5263422.170875828,14509320.0,49.6879653908727
76.95,-5263266.543821259,14509260.0,49.687965176104434
76.96,-5263110.384995656,14509210.0,49.68796498240239
76.97,-5262953.726810565,14509160.0,49.68796480970437
76.98,-5262796.600277625,14509120.0,49.687964657943226
76.99,-5262639.035631708,14509090.0,49.68796452705349
77.0,-5262481.067343515,14509060.0,49.68796441700295
77.01,-5262322.731109721,14509030.0,49.687964327749334
77.02,-5262164.060778588,14509010.0,49.68796425920328
77.03,-5262005.088516106,14509000.0,49.68796421127985
77.04,-5261845.849702326,14508990.0,49.68796418392994
77.05,-5261686.381742494,14508980.0,49.6879641770968
77.06,-5261526.7232740745,14508980.0,49.6879641907174
77.07,-5261366.910294584,14508990.0,49.687964224685054
77.08,-5261206.97359042,14509000.0,49.68796427886184
77.09,-5261046.94533396,14509010.0,49.68796435315993
77.1,-5260886.858972868,14509030.0,49.6879644474893
77.11,-5260726.74621284,14509050.0,49.68796456172594
77.12,-5260566.638608652,14509080.0,49.68796469575524
77.13,-5260406.564543361,14509120.0,49.68796484943174
77.14,-5260246.552525361,14509160.0,49.68796502262832
77.15,-5260086.63284111,14509200.0,49.68796521522681
77.16,-5259926.834311217,14509250.0,49.68796542708439
77.17,-5259767.191295823,14509300.0,49.68796565811414
77.18,-5259607.742910449,14509360.0,49.68796590823216
77.19,-5259448.525173641,14509420.0,49.68796617728665
77.2,-5259289.567579886,14509490.0,49.68796646507346
77.21,-5259130.897527997,14509560.0,49.687966771426126
77.22,-5258972.548635599,14509640.0,49.68796709624171
77.23,-5258814.552890473,14509720.0,49.68796743935541
77.24,-5258656.9412161475,14509800.0,49.687967800600106
77.25,-5258499.746831208,14509890.0,49.68796817983788
77.26,-5258343.0046279915,14509990.0,49.687968576922756
77.27,-5258186.749922887,14510080.0,49.68796899170085
77.28,-5258031.014753131,14510190.0,49.68796942397818
77.29,-5257875.830090855,14510300.0,49.687969873569685
77.3,-5257721.226638042,14510410.0,49.687970340296076
77.31,-5257567.235566486,14510520.0,49.68797082398764
77.32,-5257413.890627251,14510650.0,49.68797132448099
77.33,-5257261.220235935,14510770.0,49.68797184154534
77.34,-5257109.251847058,14510900.0,49.68797237497957
77.35,-5256958.014230921,14511030.0,49.687972924598874
77.36,-5256807.532462009,14511170.0,49.68797349016532
77.37,-5256657.828479464,14511310.0,49.687974071437175
77.38,-5256508.925524006,14511460.0,49.68797466821109
77.39,-5256360.851674149,14511610.0,49.6879752803132
77.4,-5256213.638034612,14511760.0,49.687975907559775
77.41,-5256067.313444053,14511920.0,49.687976549723096
77.42,-5255921.906691672,14512080.0,49.687977206585394
77.43,-5255777.4468588475,14512240.0,49.6879778779333
77.44,-5255633.964915294,14512420.0,49.68797856356584
77.45,-5255491.49007654,14512590.0,49.68797926324975
77.46,-5255350.04940048,14512760.0,49.68797997673848
77.47,-5255209.670061251,14512940.0,49.68798070380757
77.48,-5255070.37490451,14513130.0,49.68798144418163
77.49,-5254932.187394221,14513320.0,49.68798219762599
77.5,-5254795.134805282,14513510.0,49.68798296393485
77.51,-5254659.243047205,14513700.0,49.6879837428572
77.52,-5254524.537401385,14513900.0,49.68798453414837
77.53,-5254391.039841072,14514100.0,49.687985337530286
77.54,-5254258.772214176,14514300.0,49.68798615274703
77.55,-5254127.757211596,14514510.0,49.68798697955432
77.56,-5253998.016887583,14514720.0,49.687987817691116
77.57,-5253869.575450327,14514940.0,49.68798866691939
77.58,-5253742.457272726,14515150.0,49.687989526987124
77.59,-5253616.690140835,14515370.0,49.68799039767377
77.6,-5253492.299506722,14515600.0,49.68799127870652
77.61,-5253369.31007809,14515820.0,49.68799216982333
77.62,-5253247.745873272,14516050.0,49.68799307076198
77.63,-5253127.628338864,14516280.0,49.6879939812376
77.64,-5253008.978622607,14516520.0,49.68799490098088
77.65,-5252891.815805986,14516750.0,49.68799582970618
77.66,-5252776.160318097,14516990.0,49.68799676715462
77.67,-5252662.03627533,14517240.0,49.687997713092415
77.68,-5252549.465336022,14517480.0,49.68799866723202
77.69,-5252438.467548989,14517730.0,49.6879996292927
77.7,-5252329.066364131,14517980.0,49.68800059903259
77.71,-5252221.279580117,14518230.0,49.68800157613473
77.72,-5252115.123889018,14518480.0,49.688002560307744
77.73,-5252010.616127143,14518740.0,49.68800355127559
77.74,-5251907.772135615,14519000.0,49.688004548749134
77.75,-5251806.6097780485,14519260.0,49.68800555246591
77.76,-5251707.14370285,14519520.0,49.68800656211449
77.77,-5251609.390406832,14519790.0,49.68800757743002
77.78,-5251513.371089038,14520060.0,49.68800859817949
77.79,-5251419.103342505,14520320.0,49.688009624052484
77.8,-5251326.599207664,14520590.0,49.68801065472107
77.81,-5251235.870173138,14520860.0,49.68801168988386
77.82,-5251146.928598962,14521140.0,49.68801272926512
77.83,-5251059.786977896,14521410.0,49.68801377257525
77.84,-5250974.457422847,14521690.0,49.68801481952163
77.85,-5250890.955369931,14521970.0,49.68801586984956
77.86,-5250809.294685956,14522250.0,49.68801692326161
77.87,-5250729.4893740155,14522530.0,49.68801797947641
77.88,-5250651.558303565,14522810.0,49.688019038259455
77.89,-5250575.513027604,14523100.0,49.68802009926922
77.9,-5250501.359929792,14523380.0,49.688021162168525
77.91,-5250429.112406414,14523670.0,49.68802222673244
77.92,-5250358.78757871,14523960.0,49.688023292716096
77.93,-5250290.396443609,14524240.0,49.68802435979242
77.94,-5250223.94727751,14524530.0,49.68802542765218
77.95,-5250159.451328022,14524820.0,49.68802649603769
77.96,-5250096.922935318,14525110.0,49.688027564701116
77.97,-5250036.371789781,14525400.0,49.688028633329814
77.98,-5249977.804344985,14525690.0,49.68802970161015
77.99,-5249921.22711476,14525990.0,49.688030769262134
78.0,-5249866.647015245,14526280.0,49.68803183600484
78.01,-5249814.070853012,14526570.0,49.688032901558515
78.02,-5249763.506065597,14526870.0,49.6880339656525
78.03,-5249714.957474885,14527160.0,49.68803502798652
78.04,-5249668.426710718,14527450.0,49.68803608824833
78.05,-5249623.919554074,14527750.0,49.68803714619272
78.06,-5249581.44241433,14528040.0,49.68803820155482
78.07,-5249541.001533038,14528340.0,49.68803925406556
78.08,-5249502.60298349,14528630.0,49.68804030345149
78.09,-5249466.248966235,14528920.0,49.68804134940824
78.1,-5249431.93996487,14529220.0,49.68804239164806
78.11,-5249399.677021193,14529510.0,49.688043429901285
78.12,-5249369.463161265,14529810.0,49.6880444639177
78.13,-5249341.3050529575,14530100.0,49.688045493467385
78.14,-5249315.205891867,14530390.0,49.688046518264066
78.15,-5249291.166646322,14530690.0,49.688047538027064
78.16,-5249269.190040827,14530980.0,49.68804855251465
78.17,-5249249.276742439,14531270.0,49.68804956144962
78.18,-5249231.426609334,14531560.0,49.68805056457051
78.19,-5249215.640398381,14531850.0,49.68805156163029
78.2,-5249201.913100114,14532140.0,49.68805255232391
78.21,-5249190.239281012,14532430.0,49.68805353638636
78.22,-5249180.619806799,14532720.0,49.68805451361857
78.23,-5249173.050233174,14533000.0,49.68805548372963
78.24,-5249167.523641865,14533290.0,49.68805644644499
78.25,-5249164.035649249,14533570.0,49.68805740153444
78.26,-5249162.584355764,14533850.0,49.68805834877807
78.27,-5249163.16619221,14534140.0,49.68805928792412
78.28,-5249165.778992852,14534420.0,49.6880602187486
78.29,-5249170.4226258155,14534700.0,49.688061141041864
78.3,-5249177.097060687,14534980.0,49.688062054583945
78.31,-5249185.800887182,14535250.0,49.68806295914215
78.32,-5249196.527949585,14535530.0,49.68806385444915
78.33,-5249209.26864562,14535800.0,49.68806474024755
78.34,-5249224.015616482,14536070.0,49.688065616334335
78.35,-5249240.763752515,14536340.0,49.68806648250902
78.36,-5249259.5027907835,14536610.0,49.68806733850946
78.37,-5249280.221519206,14536880.0,49.68806818410399
78.38,-5249302.913415852,14537140.0,49.68806901912507
78.39,-5249327.573811462,14537410.0,49.6880698433827
78.4,-5249354.193853668,14537670.0,49.688070656640996
78.41,-5249382.761807288,14537930.0,49.68807145866813
78.42,-5249413.26384502,14538180.0,49.68807224923989
78.43,-5249445.6893419735,14538440.0,49.6880730281812
78.44,-5249480.029801055,14538690.0,49.68807379531812
78.45,-5249516.275325254,14538940.0,49.688074550449336
78.46,-5249554.415981896,14539190.0,49.68807529339179
78.47,-5249594.440093068,14539440.0,49.688076023942415
78.48,-5249636.336624752,14539680.0,49.68807674192825
78.49,-5249680.093194035,14539920.0,49.688077447159344
78.5,-5249725.692133841,14540160.0,49.688078139407004
78.51,-5249773.115608553,14540400.0,49.68807881848747
78.52,-5249822.349374772,14540640.0,49.688079484256384
78.53,-5249873.3811948225,14540870.0,49.68808013656555
78.54,-5249926.196567946,14541100.0,49.68808077523211
78.55,-5249980.780320361,14541320.0,49.68808140008839
78.56,-5250037.117287524,14541550.0,49.688082010979564
78.57,-5250095.190433745,14541770.0,49.68808260772893
78.58,-5250154.9827281665,14541990.0,49.68808319018504
78.59,-5250216.479424329,14542200.0,49.68808375821688
78.6,-5250279.668407903,14542420.0,49.68808431171607
78.61,-5250344.534276881,14542630.0,49.68808485051495
78.62,-5250411.058732373,14542830.0,49.688085374450694
78.63,-5250479.227694688,14543040.0,49.68808588343261
78.64,-5250549.025216547,14543240.0,49.68808637732008
78.65,-5250620.434105377,14543440.0,49.68808685597815
78.66,-5250693.43956739,14543640.0,49.688087319311904
78.67,-5250768.028415909,14543830.0,49.68808776722529
78.68,-5250844.183832816,14544020.0,49.68808819958558
78.69,-5250921.884219882,14544200.0,49.68808861623707
78.7,-5251001.109341421,14544390.0,49.68808901708317
78.71,-5251081.840669746,14544570.0,49.688089402034734
78.72,-5251164.057571547,14544740.0,49.68808977097846
78.73,-5251247.739810144,14544920.0,49.68809012382031
78.74,-5251332.864412408,14545090.0,49.688090460445096
78.75,-5251419.4092521835,14545260.0,49.68809078076523
78.76,-5251507.357611392,14545420.0,49.688091084749644
78.77,-5251596.693691826,14545580.0,49.688091372339564
78.78,-5251687.396976,14545740.0,49.68809164342083
78.79,-5251779.445919543,14545890.0,49.68809189791521
78.8,-5251872.820228218,14546040.0,49.68809213576842
78.81,-5251967.494820721,14546190.0,49.68809235687577
78.82,-5252063.44483161,14546340.0,49.68809256117195
78.83,-5252160.651709463,14546480.0,49.688092748656864
78.84,-5252259.094798948,14546620.0,49.68809291927024
78.85,-5252358.751962535,14546750.0,49.68809307295067
78.86,-5252459.5980383465,14546880.0,49.6880932096281
78.87,-5252561.605573565,14547010.0,49.688093329236146
78.88,-5252664.748465978,14547130.0,49.68809343174209
78.89,-5252769.004474889,14547260.0,49.688093517146875
78.9,-5252874.356199672,14547370.0,49.6880935854727
78.91,-5252980.7837978555,14547490.0,49.68809363668808
78.92,-5253088.26566297,14547600.0,49.68809367075877
78.93,-5253196.780585742,14547710.0,49.68809368768462
78.94,-5253306.306672502,14547810.0,49.68809368745429
78.95,-5253416.824762754,14547910.0,49.68809367008981
78.96,-5253528.314618112,14548010.0,49.688093635595074
78.97,-5253640.7550337035,14548100.0,49.688093583969184
78.98,-5253754.121784428,14548190.0,49.688093515198645
78.99,-5253868.38813043,14548280.0,49.688093429269536
79.0,-5253983.531763228,14548370.0,49.688093326235894
79.01,-5254099.526895945,14548450.0,49.68809320609248
79.02,-5254216.3412345555,14548520.0,49.688093068793734
79.03,-5254333.948669599,14548600.0,49.68809291441112
79.04,-5254452.3242200995,14548670.0,49.68809274298609
79.05,-5254571.438679906,14548740.0,49.68809255451333
79.06,-5254691.266471328,14548800.0,49.688092349054415
79.07,-5254811.781551412,14548860.0,49.68809212664952
79.08,-5254932.956157263,14548920.0,49.68809188732502
79.09,-5255054.763309291,14548980.0,49.68809163113215
79.1,-5255177.174192001,14549030.0,49.68809135810315
79.11,-5255300.160713945,14549080.0,49.688091068297155
79.12,-5255423.697048316,14549120.0,49.68809076178831
79.13,-5255547.756105673,14549160.0,49.68809043863026
79.14,-5255672.311924344,14549200.0,49.68809009889601
79.15,-5255797.33995835,14549240.0,49.68808974267403
79.16,-5255922.818277783,14549270.0,49.68808937006487
79.17,-5256048.71931259,14549300.0,49.68808898110132
79.18,-5256175.0137706455,14549330.0,49.68808857584647
79.19,-5256301.675990274,14549350.0,49.688088154413755
79.2,-5256428.675572609,14549370.0,49.688087716849445
79.21,-5256555.981244959,14549390.0,49.68808726322451
79.22,-5256683.56530369,14549400.0,49.68808679366201
79.23,-5256811.399691316,14549410.0,49.688086308251776
79.24,-5256939.460839562,14549420.0,49.688085807138
79.25,-5257067.727914177,14549420.0,49.68808529045974
79.26,-5257196.171196854,14549420.0,49.68808475824839
79.27,-5257324.760155143,14549420.0,49.688084210602405
79.28,-5257453.46794247,14549420.0,49.688083647663845
79.29,-5257582.266620716,14549410.0,49.68808306954109
79.3,-5257711.128411359,14549400.0,49.68808247635166
79.31,-5257840.025468085,14549380.0,49.68808186822026
79.32,-5257968.927084506,14549370.0,49.6880812452388
79.33,-5258097.80099786,14549350.0,49.68808060751514
79.34,-5258226.614297087,14549320.0,49.68807995516378
79.35,-5258355.335073986,14549300.0,49.68807928831069
79.36,-5258483.935104238,14549270.0,49.68807860712347
79.37,-5258612.385696836,14549230.0,49.68807791172829
79.38,-5258740.657522139,14549200.0,49.68807720226047
79.39,-5258868.721408249,14549160.0,49.68807647885659
79.4,-5258996.544409569,14549120.0,49.68807574162166
79.41,-5259124.091906046,14549070.0,49.6880749906717
79.42,-5259251.332158016,14549030.0,49.68807422617013
79.43,-5259378.239048914,14548980.0,49.68807344831453
79.44,-5259504.79027594,14548920.0,49.68807265729377
79.45,-5259630.960863375,14548870.0,49.68807185325099
79.46,-5259756.720705667,14548810.0,49.68807103629648
79.47,-5259882.040082374,14548740.0,49.68807020658883
79.48,-5260006.893078439,14548680.0,49.68806936432155
79.49,-5260131.251781331,14548610.0,49.68806850964104
79.5,-5260255.090550117,14548540.0,49.68806764273695
79.51,-5260378.384824605,14548460.0,49.688066763784704
79.52,-5260501.10548661,14548390.0,49.688065872921975
79.53,-5260623.224661258,14548310.0,49.688064970324554
79.54,-5260744.714067669,14548220.0,49.68806405616227
79.55,-5260865.545075091,14548140.0,49.68806313059999
79.56,-5260985.687619465,14548050.0,49.68806219379823
79.57,-5261105.11401805,14547960.0,49.68806124595245
79.58,-5261223.800856043,14547860.0,49.68806028728186
79.59,-5261341.722330085,14547770.0,49.688059317949744
79.6,-5261458.850242432,14547670.0,49.688058338116484
79.61,-5261575.1571863135,14547560.0,49.68805734797216
79.62,-5261690.619340355,14547460.0,49.6880563477327
79.63,-5261805.212887594,14547350.0,49.68805533759189
79.64,-5261918.913046854,14547240.0,49.68805431773152
79.65,-5262031.696235935,14547120.0,49.68805328835566
79.66,-5262143.537624353,14547010.0,49.68805224964957
79.67,-5262254.410104616,14546890.0,49.688051201782805
79.68,-5262364.290840023,14546770.0,49.688050144989084
79.69,-5262473.161047522,14546640.0,49.688049079506705
79.7,-5262580.998029959,14546510.0,49.688048005508506
79.71,-5262687.774596569,14546380.0,49.68804692315026
79.72,-5262793.462243079,14546250.0,49.68804583261217
79.73,-5262898.036676174,14546120.0,49.68804473412803
79.74,-5263001.4737212015,14545980.0,49.68804362789541
79.75,-5263103.746302361,14545840.0,49.68804251408833
79.76,-5263204.827056937,14545690.0,49.688041392893616
79.77,-5263304.688961566,14545540.0,49.68804026451017
79.78,-5263403.306188023,14545400.0,49.688039129142005
79.79,-5263500.658209293,14545250.0,49.68803798703769
79.8,-5263596.723715492,14545090.0,49.68803683839589
79.81,-5263691.477819717,14544940.0,49.68803568338711
79.82,-5263784.901394869,14544780.0,49.68803452226188
79.83,-5263876.97755504,14544620.0,49.688033355258035
79.84,-5263967.687501262,14544450.0,49.68803218256619
79.85,-5264057.010231878,14544290.0,49.68803100437705
79.86,-5264144.926697098,14544120.0,49.6880298209153
79.87,-5264231.417866453,14543950.0,49.68802863239212
79.88,-5264316.468034107,14543780.0,49.688027439048064
79.89,-5264400.065511066,14543600.0,49.688026241138765
79.9,-5264482.1953981,14543420.0,49.68802503885873
79.91,-5264562.8392928615,14543240.0,49.688023832391096
79.92,-5264641.978529394,14543060.0,49.68802262194385
79.93,-5264719.596172054,14542880.0,49.6880214077425
79.94,-5264795.673942697,14542690.0,49.68802018998571
79.95,-5264870.194325877,14542500.0,49.688018968890674
79.96,-5264943.141140687,14542310.0,49.6880177446809
79.97,-5265014.5007978575,14542120.0,49.68801651758884
79.98,-5265084.256949646,14541920.0,49.688015287806934
79.99,-5265152.393218326,14541730.0,49.6880140555418
80.0,-5265218.896330393,14541530.0,49.68801282103527
80.01,-5265283.751850458,14541330.0,49.688011584486404
80.02,-5265346.944007459,14541120.0,49.68801034609382
80.03,-5265408.456090281,14540920.0,49.68800910605341
80.04,-5265468.274149552,14540710.0,49.68800786459508
80.05,-5265526.38478216,14540500.0,49.68800662193136
80.06,-5265582.77439187,14540290.0,49.68800537826459
80.07,-5265637.426681533,14540080.0,49.68800413378052
80.08,-5265690.328174,14539870.0,49.688002888694015
80.09,-5265741.470897549,14539650.0,49.688001643269715
80.1,-5265790.849037526,14539440.0,49.688000397737405
80.11,-5265838.451020753,14539220.0,49.687999152258065
80.12,-5265884.263547147,14539000.0,49.68799790701625
80.13,-5265928.276999087,14538770.0,49.68799666224181
80.14,-5265970.484253952,14538550.0,49.68799541816482
80.15,-5266010.879892573,14538320.0,49.68799417500955
80.16,-5266049.455872602,14538100.0,49.6879929329572
80.17,-5266086.202490723,14537870.0,49.68799169219083
80.18,-5266121.11179767,14537640.0,49.687990452927636
80.19,-5266154.176690858,14537410.0,49.687989215369996
80.2,-5266185.389149964,14537180.0,49.687987979708694
80.21,-5266214.743197903,14536940.0,49.68798674615788
80.22,-5266242.2325125495,14536710.0,49.687985514908384
80.23,-5266267.848659336,14536470.0,49.687984286132554
80.24,-5266291.583422397,14536240.0,49.68798306002079
80.25,-5266313.430571697,14536000.0,49.68798183677451
80.26,-5266333.389686022,14535760.0,49.6879806166392
80.27,-5266351.464400938,14535520.0,49.68797939984992
80.28,-5266367.65666333,14535280.0,49.687978186597604
80.29,-5266381.963820887,14535040.0,49.687976977032
80.3,-5266394.379864263,14534790.0,49.68797577130898
80.31,-5266404.904137485,14534550.0,49.687974569657
80.32,-5266413.5378182065,14534310.0,49.687973372280815
80.33,-5266420.2782806875,14534060.0,49.68797217933053
80.34,-5266425.126950278,14533820.0,49.68797099102273
80.35,-5266428.088572692,14533570.0,49.68796980757793
80.36,-5266429.164782889,14533320.0,49.68796862914798
80.37,-5266428.355350936,14533070.0,49.68796745590158
80.38,-5266425.664616687,14532820.0,49.68796628805256
80.39,-5266421.095403696,14532570.0,49.68796512576942
80.4,-5266414.650497008,14532320.0,49.68796396922613
80.41,-5266406.331845215,14532070.0,49.68796281858811
80.42,-5266396.141299137,14531820.0,49.68796167401973
80.43,-5266384.082776992,14531570.0,49.6879605357103
80.44,-5266370.1609588405,14531320.0,49.68795940383255
80.45,-5266354.378952027,14531070.0,49.687958278539405
80.46,-5266336.741706336,14530820.0,49.68795716000633
80.47,-5266317.252371462,14530570.0,49.687956048377956
80.48,-5266295.915027766,14530320.0,49.68795494381894
80.49,-5266272.734973481,14530060.0,49.68795384649365
80.5,-5266247.7156504765,14529810.0,49.68795275653618
80.51,-5266220.863255396,14529560.0,49.687951674121194
80.52,-5266192.186005665,14529310.0,49.68795059941599
80.53,-5266161.692662845,14529050.0,49.68794953257824
80.54,-5266129.391850083,14528800.0,49.687948473754254
80.55,-5266095.294673019,14528550.0,49.68794742311638
80.56,-5266059.416150537,14528300.0,49.68794638085045
80.57,-5266021.771577354,14528050.0,49.687945347113406
80.58,-5265982.36974331,14527800.0,49.687944321996916
80.59,-5265941.221692796,14527550.0,49.68794330565665
80.6,-5265898.343921489,14527300.0,49.6879422982824
80.61,-5265853.748474368,14527050.0,49.687941299983144
80.62,-5265807.442022717,14526800.0,49.68794031083602
80.63,-5265759.435424198,14526550.0,49.68793933100541
80.64,-5265709.745271832,14526300.0,49.68793836067254
80.65,-5265658.383194929,14526060.0,49.68793739992412
80.66,-5265605.36063337,14525810.0,49.68793644888176
80.67,-5265550.6912304275,14525560.0,49.68793550768448
80.68,-5265494.38456976,14525320.0,49.68793457640992
80.69,-5265436.4533453565,14525070.0,49.687933655199835
80.7,-5265376.9131412655,14524830.0,49.687932744194505
80.71,-5265315.775315511,14524590.0,49.68793184346423
80.72,-5265253.053200863,14524350.0,49.6879309531304
80.73,-5265188.761254874,14524100.0,49.687930073309076
80.74,-5265122.915062588,14523870.0,49.687929204114425
80.75,-5265055.530826371,14523630.0,49.687928345649226
80.76,-5264986.623942687,14523390.0,49.68792749800966
80.77,-5264916.212419108,14523150.0,49.68792666131549
80.78,-5264844.318419305,14522920.0,49.68792583570432
80.79,-5264770.964341292,14522690.0,49.687925021282076
80.8,-5264696.170538426,14522450.0,49.68792421813216
80.81,-5264619.95753658,14522220.0,49.68792342634899
80.82,-5264542.346832227,14521990.0,49.68792264603486
80.83,-5264463.361122663,14521770.0,49.68792187729142
80.84,-5264383.019806983,14521540.0,49.68792112018036
80.85,-5264301.341029179,14521310.0,49.68792037476681
80.86,-5264218.344809079,14521090.0,49.68791964115057
80.87,-5264134.052704973,14520870.0,49.68791891941615
80.88,-5264048.485252969,14520650.0,49.68791820963543
80.89,-5263961.665212461,14520430.0,49.687917511902086
80.9,-5263873.611417095,14520210.0,49.687916826245925
80.91,-5263784.337967022,14520000.0,49.68791615268764
80.92,-5263693.866069956,14519790.0,49.687915491344086
80.93,-5263602.218531189,14519570.0,49.68791484228789
80.94,-5263509.415882423,14519360.0,49.687914205562414
80.95,-5263415.482416404,14519160.0,49.68791358125253
80.96,-5263320.444087695,14518950.0,49.68791296943644
80.97,-5263224.328003786,14518750.0,49.68791237018336
80.98,-5263127.15735608,14518550.0,49.68791178351307
80.99,-5263028.952378702,14518350.0,49.6879112094446
81.0,-5262929.734500914,14518150.0,49.68791064802545
81.01,-5262829.524412437,14517960.0,49.68791009928621
81.02,-5262728.340921767,14517760.0,49.6879095632407
81.03,-5262626.207789594,14517580.0,49.687909039963436
81.04,-5262523.152715288,14517390.0,49.6879085295282
81.05,-5262419.203642507,14517200.0,49.68790803197519
81.06,-5262314.389329474,14517020.0,49.68790754734712
81.07,-5262208.735361838,14516840.0,49.687907075649626
81.08,-5262102.262036108,14516660.0,49.687906616855706
81.09,-5261994.990443752,14516480.0,49.68790617098687
81.1,-5261886.9457782,14516310.0,49.68790573809325
81.11,-5261778.155350441,14516140.0,49.68790531821156
81.12,-5261668.646428688,14515970.0,49.687904911361436
81.13,-5261558.445611257,14515810.0,49.68790451754895
81.14,-5261447.580819208,14515650.0,49.68790413680185
81.15,-5261336.075315994,14515480.0,49.68790376908427
81.16,-5261223.951969583,14515330.0,49.68790341439079
81.17,-5261111.238095082,14515180.0,49.687903072763135
81.18,-5260997.961989573,14515020.0,49.68790274420884
81.19,-5260884.152706439,14514880.0,49.68790242874093
81.2,-5260769.840740892,14514730.0,49.68790212637361
81.21,-5260655.053702493,14514590.0,49.68790183708025
81.22,-5260539.817846364,14514450.0,49.68790156084074
81.23,-5260424.158183611,14514310.0,49.68790129763106
81.24,-5260308.099161875,14514180.0,49.68790104742718
81.25,-5260191.667627026,14514050.0,49.687900810234694
81.26,-5260074.89146133,14513920.0,49.68790058604384
81.27,-5259957.79810424,14513800.0,49.68790037482978
81.28,-5259840.413183469,14513680.0,49.68790017655291
81.29,-5259722.763530534,14513560.0,49.68789999119786
81.3,-5259604.878551244,14513450.0,49.6878998187623
81.31,-5259486.786983786,14513340.0,49.68789965921558
81.32,-5259368.515130321,14513230.0,49.68789951250195
81.33,-5259250.088788236,14513120.0,49.68789937858177
81.34,-5259131.537978534,14513020.0,49.68789925746096
81.35,-5259012.892568309,14512920.0,49.68789914910091
81.36,-5258894.178509139,14512830.0,49.68789905343132
81.37,-5258775.423753634,14512740.0,49.6878989704256
81.38,-5258656.657120556,14512650.0,49.687898900049944
81.39,-5258537.903794946,14512570.0,49.68789884222659
81.4,-5258419.190789511,14512490.0,49.68789879691789
81.41,-5258300.548430641,14512420.0,49.68789876410896
81.42,-5258182.004724945,14512340.0,49.68789874372878
81.43,-5258063.588658446,14512270.0,49.68789873573692
81.44,-5257945.328375315,14512210.0,49.68789874006955
81.45,-5257827.2534550205,14512150.0,49.687898756689734
81.46,-5257709.396112434,14512090.0,49.687898785566716
81.47,-5257591.784195002,14512040.0,49.68789882660677
81.48,-5257474.444134915,14511990.0,49.68789887973541
81.49,-5257357.402427035,14511940.0,49.687898944890726
81.5,-5257240.686882569,14511900.0,49.687899022018165
81.51,-5257124.323270064,14511860.0,49.68789911102766
81.52,-5257008.336278888,14511820.0,49.687899211840566
81.53,-5256892.75458811,14511800.0,49.68789932441728
81.54,-5256777.604835834,14511770.0,49.687899448672084
81.55,-5256662.909163568,14511740.0,49.68789958448362
81.56,-5256548.6907324465,14511730.0,49.68789973177459
81.57,-5256434.976289997,14511710.0,49.68789989049701
81.58,-5256321.79418446,14511700.0,49.68790006058782
81.59,-5256209.173000971,14511700.0,49.6879002419699
81.6,-5256097.140023373,14511700.0,49.68790043455277
81.61,-5255985.72425105,14511700.0,49.687900638271955
81.62,-5255874.953610745,14511700.0,49.687900853039494
81.63,-5255764.854383872,14511720.0,49.68790107875308
81.64,-5255655.452854827,14511730.0,49.68790131532956
81.65,-5255546.777761227,14511750.0,49.68790156270214
81.66,-5255438.856025964,14511770.0,49.68790182077301
81.67,-5255331.7116128,14511800.0,49.68790208942446
81.68,-5255225.368026205,14511830.0,49.687902368554056
81.69,-5255119.849563758,14511870.0,49.68790265807285
81.7,-5255015.177841872,14511910.0,49.68790295785928
81.71,-5254911.374866199,14511960.0,49.687903267809716
81.72,-5254808.466565581,14512010.0,49.68790358786288
81.73,-5254706.478299854,14512060.0,49.68790391791836
81.74,-5254605.4324079165,14512120.0,49.68790425784393
81.75,-5254505.349738654,14512180.0,49.68790460752026
81.76,-5254406.250729832,14512250.0,49.687904966834395
81.77,-5254308.152500701,14512320.0,49.68790533564223
81.78,-5254211.071236998,14512400.0,49.68790571381345
81.79,-5254115.027146273,14512480.0,49.68790610126401
81.8,-5254020.0391112,14512560.0,49.68790649786864
81.81,-5253926.127079555,14512650.0,49.68790690351446
81.82,-5253833.311268981,14512740.0,49.68790731808919
81.83,-5253741.613535201,14512840.0,49.687907741490555
81.84,-5253651.053273049,14512940.0,49.6879081735764
81.85,-5253561.645244761,14513050.0,49.687908614186185
81.86,-5253473.407261371,14513160.0,49.68790906321057
81.87,-5253386.35887957,14513280.0,49.687909520548835
81.88,-5253300.522773632,14513400.0,49.68790998610462
81.89,-5253215.916252234,14513520.0,49.68791045971158
81.9,-5253132.55574682,14513650.0,49.68791094123004
81.91,-5253050.461596107,14513780.0,49.687911430571994
81.92,-5252969.654579634,14513920.0,49.68791192762003
81.93,-5252890.154095216,14514060.0,49.68791243223504
81.94,-5252811.9795800345,14514210.0,49.68791294430105
81.95,-5252735.149655852,14514360.0,49.68791346368008
81.96,-5252659.680189371,14514510.0,49.68791399022487
81.97,-5252585.584741158,14514670.0,49.687914523776385
81.98,-5252512.870456858,14514830.0,49.68791506413608
81.99,-5252441.548023601,14514990.0,49.68791561118947
82.0,-5252371.629741308,14515160.0,49.687916164806964
82.01,-5252303.125480698,14515340.0,49.68791672482297
82.02,-5252236.047349986,14515520.0,49.68791729111432
82.03,-5252170.405312545,14515700.0,49.687917863519466
82.04,-5252106.210201735,14515880.0,49.68791844189121
82.05,-5252043.472412371,14516070.0,49.68791902609032
82.06,-5251982.201443699,14516260.0,49.687919615954236
82.07,-5251922.407093819,14516460.0,49.68792021134063
82.08,-5251864.098149728,14516660.0,49.68792081208761
82.09,-5251807.281017112,14516860.0,49.68792141802415
82.1,-5251751.963931303,14517070.0,49.68792202901113
82.11,-5251698.155480202,14517280.0,49.687922644899096
82.12,-5251645.860331228,14517500.0,49.68792326549838
82.13,-5251595.081443928,14517720.0,49.687923890630096
82.14,-5251545.824852518,14517940.0,49.68792452016325
82.15,-5251498.096026471,14518160.0,49.68792515393074
82.16,-5251451.901350724,14518390.0,49.6879257917859
82.17,-5251407.249552589,14518620.0,49.68792643359276
82.18,-5251364.148801319,14518860.0,49.68792707919821
82.19,-5251322.606136829,14519090.0,49.687927728433614
82.2,-5251282.6225091135,14519330.0,49.68792838108956
82.21,-5251244.199886234,14519580.0,49.687929037003386
82.22,-5251207.344049168,14519820.0,49.68792969605034
82.23,-5251172.063689556,14520080.0,49.687930358104076
82.24,-5251138.366200028,14520330.0,49.68793102300256
82.25,-5251106.256132321,14520580.0,49.68793169056319
82.26,-5251075.737469596,14520840.0,49.68793236062735
82.27,-5251046.812770231,14521100.0,49.68793303302109
82.28,-5251019.482651406,14521360.0,49.68793370756607
82.29,-5250993.749716262,14521630.0,49.6879343841209
82.3,-5250969.618330945,14521900.0,49.687935062539104
82.31,-5250947.0894433195,14522170.0,49.6879357426393
82.32,-5250926.164050559,14522440.0,49.68793642425621
82.33,-5250906.843541206,14522720.0,49.68793710723899
82.34,-5250889.128613441,14522990.0,49.68793779141737
82.35,-5250873.0173358675,14523270.0,49.68793847661077
82.36,-5250858.506109727,14523550.0,49.68793916263553
82.37,-5250845.589721767,14523840.0,49.68793984931068
82.38,-5250834.262593945,14524120.0,49.68794053646251
82.39,-5250824.520093237,14524410.0,49.68794122392822
82.4,-5250816.355285882,14524700.0,49.68794191152011
82.41,-5250809.7628067145,14524990.0,49.68794259907801
82.42,-5250804.739945867,14525280.0,49.68794328646261
82.43,-5250801.281640723,14525570.0,49.68794397348499
82.44,-5250799.384687018,14525870.0,49.68794466000011
82.45,-5250799.046888748,14526160.0,49.68794534585797
82.46,-5250800.264439396,14526460.0,49.68794603088061
82.47,-5250803.033057654,14526760.0,49.68794671490615
82.48,-5250807.346618648,14527060.0,49.687947397755195
82.49,-5250813.20051152,14527360.0,49.687948079278954
82.5,-5250820.589876728,14527660.0,49.68794875931629
82.51,-5250829.505559498,14527970.0,49.68794943766955
82.52,-5250839.93723337,14528270.0,49.687950114153566
82.53,-5250851.873682283,14528580.0,49.68795078859875
82.54,-5250865.305704711,14528880.0,49.68795146085348
82.55,-5250880.227429437,14529190.0,49.68795213078588
82.56,-5250896.633474671,14529500.0,49.68795279824657
82.57,-5250914.514561433,14529800.0,49.68795346304245
82.58,-5250933.859213466,14530110.0,49.68795412499045
82.59,-5250954.658481622,14530420.0,49.6879547839569
82.6,-5250976.90686204,14530730.0,49.68795543981382
82.61,-5251000.5980308885,14531040.0,49.68795609240782
82.62,-5251025.723816643,14531350.0,49.687956741571156
82.63,-5251052.273454722,14531660.0,49.687957387130446
82.64,-5251080.238652809,14531970.0,49.6879580289524
82.65,-5251109.611830547,14532280.0,49.68795866689907
82.66,-5251140.383101163,14532580.0,49.68795930080191
82.67,-5251172.542032325,14532890.0,49.68795993050969
82.68,-5251206.076163246,14533200.0,49.68796055585172
82.69,-5251240.9696890395,14533510.0,49.68796117665084
82.7,-5251277.208923088,14533820.0,49.68796179276613
82.71,-5251314.780250968,14534120.0,49.68796240405221
82.72,-5251353.667110497,14534430.0,49.68796301033026
82.73,-5251393.85220692,14534740.0,49.68796361143957
82.74,-5251435.319277764,14535040.0,49.68796420723647
82.75,-5251478.0550330365,14535350.0,49.68796479759938
82.76,-5251522.046427457,14535650.0,49.68796538238802
82.77,-5251567.276045339,14535950.0,49.68796596142057
82.78,-5251613.727902313,14536250.0,49.687966534562584
82.79,-5251661.387335052,14536550.0,49.68796710168074
82.8,-5251710.237414588,14536850.0,49.68796766261581
82.81,-5251760.261676086,14537150.0,49.68796821722939
82.82,-5251811.446000634,14537450.0,49.68796876540509
82.83,-5251863.776455767,14537740.0,49.68796930701071
82.84,-5251917.234680209,14538040.0,49.687969841871585
82.85,-5251971.799639481,14538330.0,49.68797036982391
82.86,-5252027.45331791,14538620.0,49.687970890753654
82.87,-5252084.180555361,14538910.0,49.68797140455277
82.88,-5252141.965236436,14539190.0,49.68797191108771
82.89,-5252200.789433434,14539480.0,49.687972410210264
82.9,-5252260.636536138,14539760.0,49.68797290180489
82.91,-5252321.489545668,14540040.0,49.68797338574532
82.92,-5252383.335575476,14540320.0,49.68797386194704
82.93,-5252446.163468338,14540600.0,49.68797433031561
82.94,-5252509.956335646,14540880.0,49.68797479068895
82.95,-5252574.695076307,14541150.0,49.68797524292828
82.96,-5252640.36104966,14541420.0,49.687975686918364
82.97,-5252706.937843303,14541690.0,49.6879761225676
82.98,-5252774.40939826,14541960.0,49.68797654976942
82.99,-5252842.759326145,14542220.0,49.68797696841353
83.0,-5252911.970338604,14542480.0,49.687977378388695
83.01,-5252982.025384884,14542740.0,49.687977779590994
83.02,-5253052.907595563,14543000.0,49.687978171924094
83.03,-5253124.598288625,14543250.0,49.68797855526697
83.04,-5253197.074856589,14543500.0,49.687978929484025
83.05,-5253270.315315691,14543750.0,49.68797929447178
83.06,-5253344.300416049,14543990.0,49.68797965015385
83.07,-5253419.011996046,14544230.0,49.687979996444184
83.08,-5253494.427799498,14544470.0,49.68798033321519
83.09,-5253570.528588741,14544710.0,49.68798066039171
83.1,-5253647.292054867,14544940.0,49.687980977857976
83.11,-5253724.69679917,14545170.0,49.68798128552485
83.12,-5253802.721993653,14545400.0,49.68798158331027
83.13,-5253881.342424849,14545620.0,49.68798187108337
83.14,-5253960.536859895,14545840.0,49.687982148783085
83.15,-5254040.284295572,14546060.0,49.68798241633339
83.16,-5254120.568289922,14546270.0,49.68798267369257
83.17,-5254201.369565637,14546480.0,49.6879829207665
83.18,-5254282.668339501,14546680.0,49.687983157475166
83.19,-5254364.444549198,14546880.0,49.68798338373825
83.2,-5254446.678479583,14547080.0,49.687983599494814
83.21,-5254529.351789417,14547280.0,49.6879838046877
83.22,-5254612.445007554,14547470.0,49.687983999243315
83.23,-5254695.943228798,14547660.0,49.68798418314408
83.24,-5254779.82860332,14547840.0,49.68798435631032
83.25,-5254864.0799875,14548020.0,49.687984518658936
83.26,-5254948.677779596,14548200.0,49.687984670140466
83.27,-5255033.597997227,14548370.0,49.687984810661185
83.28,-5255118.814545996,14548540.0,49.687984940137945
83.29,-5255204.303374315,14548700.0,49.687985058531964
83.3,-5255290.046980521,14548860.0,49.68798516584597
83.31,-5255376.0314091295,14549020.0,49.68798526207672
83.32,-5255462.23828181,14549170.0,49.68798534714836
83.33,-5255548.647521751,14549320.0,49.68798542100854
83.34,-5255635.239287046,14549460.0,49.68798548362033
83.35,-5255721.992261841,14549600.0,49.68798553492958
83.36,-5255808.885362343,14549730.0,49.68798557490714
83.37,-5255895.896768778,14549860.0,49.68798560350785
83.38,-5255983.002613022,14549990.0,49.68798562067987
83.39,-5256070.181247538,14550110.0,49.68798562640458
83.4,-5256157.41478967,14550230.0,49.687985620692174
83.41,-5256244.68679476,14550340.0,49.687985603539424
83.42,-5256331.977700996,14550450.0,49.687985574899436
83.43,-5256419.265562557,14550560.0,49.6879855347322
83.44,-5256506.531115491,14550660.0,49.68798548304108
83.45,-5256593.752370918,14550750.0,49.687985419788575
83.46,-5256680.90722968,14550840.0,49.68798534495214
83.47,-5256767.976844344,14550930.0,49.687985258552516
83.48,-5256854.941524495,14551010.0,49.68798516057543
83.49,-5256941.782387315,14551080.0,49.687985051019695
83.5,-5257028.480789871,14551160.0,49.68798492989323
83.51,-5257115.020894162,14551220.0,49.68798479721593
83.52,-5257201.3845455395,14551290.0,49.68798465297713
83.53,-5257287.553888347,14551340.0,49.68798449718851
83.54,-5257373.508346546,14551400.0,49.687984329832986
83.55,-5257459.224560052,14551450.0,49.68798415088468
83.56,-5257544.686008458,14551490.0,49.687983960415885
83.57,-5257629.877956533,14551530.0,49.68798375846434
83.58,-5257714.781646228,14551560.0,49.687983545009295
83.59,-5257799.377022053,14551590.0,49.68798332005929
83.6,-5257883.648825384,14551620.0,49.68798308368256
83.61,-5257967.579426378,14551640.0,49.687982835879104
83.62,-5258051.147678429,14551660.0,49.68798257664399
83.63,-5258134.336089682,14551670.0,49.687982306034144
83.64,-5258217.127584089,14551670.0,49.68798202408457
83.65,-5258299.503679012,14551670.0,49.68798173081358
83.66,-5258381.442715261,14551670.0,49.68798142622675
83.67,-5258462.928169166,14551660.0,49.68798111039736
83.68,-5258543.94718388,14551650.0,49.68798078340739
83.69,-5258624.484595145,14551630.0,49.687980445277525
83.7,-5258704.524350235,14551610.0,49.68798009605464
83.71,-5258784.048765022,14551580.0,49.68797973576435
83.72,-5258863.040628455,14551550.0,49.68797936446036
83.73,-5258941.484457523,14551510.0,49.68797898220896
83.74,-5259019.364108269,14551470.0,49.6879785890566
83.75,-5259096.6641418785,14551430.0,49.68797818506619
83.76,-5259173.3671482075,14551380.0,49.68797777027762
83.77,-5259249.456419268,14551320.0,49.68797734475076
83.78,-5259324.916292996,14551260.0,49.68797690855747
83.79,-5259399.729363649,14551200.0,49.68797646174276
83.8,-5259473.874483062,14551120.0,49.687976004329755
83.81,-5259547.333589665,14551050.0,49.68797553640093
83.82,-5259620.094109692,14550970.0,49.687975058078294
83.83,-5259692.144697054,14550890.0,49.687974569442616
83.84,-5259763.470449683,14550800.0,49.68797407054114
83.85,-5259834.058827208,14550710.0,49.68797356147071
83.86,-5259903.898118323,14550620.0,49.687973042321126
83.87,-5259972.973510911,14550510.0,49.68797251314568
83.88,-5260041.271871158,14550410.0,49.687971974038604
83.89,-5260108.784084222,14550300.0,49.687971425124644
83.9,-5260175.498397017,14550180.0,49.68797086647344
83.91,-5260241.404970514,14550070.0,49.68797029819278
83.92,-5260306.496397446,14549940.0,49.68796972040625
83.93,-5260370.761838913,14549820.0,49.68796913318259
83.94,-5260434.186332018,14549690.0,49.68796853657778
83.95,-5260496.758130783,14549550.0,49.6879679307159
83.96,-5260558.468429308,14549410.0,49.687967315724286
83.97,-5260619.307722094,14549270.0,49.68796669170388
83.98,-5260679.266714104,14549120.0,49.68796605876166
83.99,-5260738.336264352,14548970.0,49.687965417012755
84.0,-5260796.508070142,14548810.0,49.68796476656972
84.01,-5260853.769369559,14548650.0,49.687964107507625
84.02,-5260910.104867888,14548490.0,49.68796343990468
84.03,-5260965.500948287,14548320.0,49.68796276387721
84.04,-5261019.947157676,14548150.0,49.687962079565224
84.05,-5261073.4338213075,14547980.0,49.68796138708843
84.06,-5261125.953982256,14547800.0,49.687960686585846
84.07,-5261177.502553464,14547620.0,49.687959978205
84.08,-5261228.073530132,14547430.0,49.687959262060865
84.09,-5261277.660329368,14547240.0,49.687958538277755
84.1,-5261326.256073685,14547050.0,49.68795780698037
84.11,-5261373.853533312,14546850.0,49.687957068292874
84.12,-5261420.448259541,14546650.0,49.687956322370525
84.13,-5261466.039218531,14546450.0,49.68795556938874
84.14,-5261510.622246503,14546240.0,49.687954809457196
84.15,-5261554.188959193,14546040.0,49.687954042674235
84.16,-5261596.73329468,14545820.0,49.68795326919296
84.17,-5261638.250721402,14545610.0,49.687952489169376
84.18,-5261678.738071052,14545390.0,49.6879517027571
84.19,-5261718.1885272525,14545170.0,49.68795091006429
84.2,-5261756.595947359,14544950.0,49.68795011123902
84.21,-5261793.956744695,14544720.0,49.687949306446576
84.22,-5261830.267216622,14544490.0,49.68794849583135
84.23,-5261865.5243420545,14544260.0,49.68794767954856
84.24,-5261899.722307048,14544020.0,49.68794685772135
84.25,-5261932.857797488,14543790.0,49.687946030519676
84.26,-5261964.9284097515,14543550.0,49.687945198100216
84.27,-5261995.931114368,14543310.0,49.68794436061311
84.28,-5262025.86453388,14543060.0,49.68794351822739
84.29,-5262054.726268642,14542820.0,49.68794267108899
84.3,-5262082.514204931,14542570.0,49.68794181935585
84.31,-5262109.226629631,14542320.0,49.68794096318988
84.32,-5262134.866106235,14542070.0,49.68794010278923
84.33,-5262159.436237338,14541810.0,49.687939238333264
84.34,-5262182.939957623,14541560.0,49.68793836998712
84.35,-5262205.377195753,14541300.0,49.68793749789302
84.36,-5262226.7478870675,14541040.0,49.687936622214465
84.37,-5262247.051916601,14540780.0,49.68793574311698
84.38,-5262266.285984734,14540520.0,49.68793486073274
84.39,-5262284.4479301395,14540260.0,49.68793397523344
84.4,-5262301.535421953,14539990.0,49.68793308677775
84.41,-5262317.544363751,14539720.0,49.68793219551186
84.42,-5262332.468205327,14539460.0,49.68793130156376
84.43,-5262346.304091008,14539190.0,49.68793040512228
84.44,-5262359.055376263,14538920.0,49.68792950640964
84.45,-5262370.722069616,14538650.0,49.68792860556226
84.46,-5262381.301850011,14538380.0,49.68792770272122
84.47,-5262390.797184166,14538110.0,49.6879267980974
84.48,-5262399.212489241,14537840.0,49.68792589187408
84.49,-5262406.550889492,14537560.0,49.68792498421384
84.5,-5262412.811705642,14537290.0,49.687924075251836
84.51,-5262417.993522573,14537010.0,49.68792316514149
84.52,-5262422.09817647,14536740.0,49.687922254075175
84.53,-5262425.129281295,14536460.0,49.687921342238404
84.54,-5262427.0905236285,14536190.0,49.68792042980332
84.55,-5262427.985035968,14535910.0,49.687919516929774
84.56,-5262427.816535022,14535640.0,49.68791860379873
84.57,-5262426.587442602,14535360.0,49.68791769056436
84.58,-5262424.29688787,14535080.0,49.68791677735812
84.59,-5262420.949987726,14534810.0,49.68791586440195
84.6,-5262416.555411361,14534530.0,49.68791495190074
84.61,-5262411.1162713785,14534250.0,49.68791403997621
84.62,-5262404.635067609,14533980.0,49.687913128790065
84.63,-5262397.116705783,14533700.0,49.687912218527906
84.64,-5262388.565483262,14533420.0,49.68791130935397
84.65,-5262378.983377912,14533150.0,49.68791040141134
84.66,-5262368.372435671,14532870.0,49.687909494860676
84.67,-5262356.739500487,14532600.0,49.68790858990783
84.68,-5262344.0904137315,14532320.0,49.687907686712435
84.69,-5262330.426934424,14532050.0,49.68790678539962
84.7,-5262315.755447784,14531780.0,49.68790588617312
84.71,-5262300.0802524565,14531500.0,49.687904989175145
84.72,-5262283.4034982575,14531230.0,49.687904094546376
84.73,-5262265.732303971,14530960.0,49.687903202484144
84.74,-5262247.069936959,14530690.0,49.6879023131195
84.75,-5262227.419735493,14530420.0,49.687901426604625
84.76,-5262206.785849711,14530150.0,49.68790054309825
84.77,-5262185.169653518,14529880.0,49.68789966272779
84.78,-5262162.571675132,14529620.0,49.68789878562777
84.79,-5262138.9921648055,14529350.0,49.687897911934556
84.8,-5262114.434456264,14529090.0,49.68789704182084
84.81,-5262088.907253796,14528820.0,49.687896175480994
84.82,-5262062.416895587,14528560.0,49.68789531304832
84.83,-5262034.971564672,14528300.0,49.68789445468486
84.84,-5262006.581692388,14528040.0,49.6878936005622
84.85,-5261977.252669764,14527780.0,49.68789275078765
84.86,-5261946.992755865,14527530.0,49.68789190552729
84.87,-5261915.811945185,14527270.0,49.687891064944914
84.88,-5261883.714449821,14527020.0,49.68789022913075
84.89,-5261850.705352286,14526760.0,49.68788939822661
84.9,-5261816.793399928,14526510.0,49.687888572405214
84.91,-5261781.985885334,14526260.0,49.687887751788786
84.92,-5261746.28807277,14526020.0,49.687886936495104
84.93,-5261709.71117105,14525770.0,49.68788612670924
84.94,-5261672.267504535,14525520.0,49.68788532258529
84.95,-5261633.964931262,14525280.0,49.687884524220046
84.96,-5261594.810592753,14525040.0,49.6878837317331
84.97,-5261554.812222838,14524800.0,49.68788294525872
84.98,-5261513.979288791,14524560.0,49.68788216493938
84.99,-5261472.323109557,14524330.0,49.687881390920666
85.0,-5261429.856404418,14524100.0,49.68788062334731
85.01,-5261386.589136463,14523860.0,49.68787986232141
85.02,-5261342.525428403,14523640.0,49.687879107911435
85.03,-5261297.670500169,14523410.0,49.687878360230705
85.04,-5261252.032096251,14523180.0,49.68787761942165
85.05,-5261205.620207021,14522960.0,49.687876885610905
85.06,-5261158.4441110315,14522740.0,49.68787615890962
85.07,-5261110.515678324,14522520.0,49.687875439452455
85.08,-5261061.846128654,14522300.0,49.68787472734783
85.09,-5261012.444320214,14522090.0,49.68787402268677
85.1,-5260962.323866863,14521880.0,49.68787332561499
85.11,-5260911.497622316,14521670.0,49.687872636240904
85.12,-5260859.975797643,14521460.0,49.68787195464692
85.13,-5260807.767949074,14521260.0,49.687871280924796
85.14,-5260754.883546155,14521060.0,49.68787061517394
85.15,-5260701.332769257,14520860.0,49.687869957494115
85.16,-5260647.126169373,14520660.0,49.68786930798571
85.17,-5260592.275067864,14520460.0,49.68786866674386
85.18,-5260536.790019698,14520270.0,49.68786803386009
85.19,-5260480.681381323,14520080.0,49.68786740941744
85.2,-5260423.954922202,14519890.0,49.68786679345415
85.21,-5260366.616885022,14519710.0,49.68786618604828
85.22,-5260308.676551175,14519530.0,49.68786558730062
85.23,-5260250.143854903,14519350.0,49.687864997294945
85.24,-5260191.031949204,14519170.0,49.6878644161348
85.25,-5260131.353965619,14519000.0,49.68786384389827
85.26,-5260071.125179536,14518830.0,49.687863280682905
85.27,-5260010.36330038,14518660.0,49.68786272659288
85.28,-5259949.085571321,14518500.0,49.687862181702904
85.29,-5259887.305462825,14518330.0,49.687861646059
85.3,-5259825.0357403625,14518170.0,49.687861119724225
85.31,-5259762.2899441775,14518020.0,49.68786060276679
85.32,-5259699.078516121,14517860.0,49.68786009522415
85.33,-5259635.410957287,14517710.0,49.68785959714317
85.34,-5259571.296851334,14517560.0,49.68785910857611
85.35,-5259506.746662424,14517420.0,49.687858629577555
85.36,-5259441.770882574,14517280.0,49.687858160201856
85.37,-5259376.38122835,14517140.0,49.68785770050141
85.38,-5259310.589846052,14517000.0,49.68785725052515
85.39,-5259244.404582915,14516870.0,49.687856810278866
85.4,-5259177.835358685,14516740.0,49.68785637981321
85.41,-5259110.8962222105,14516610.0,49.68785595920326
85.42,-5259043.599834086,14516490.0,49.68785554847335
85.43,-5258975.956950223,14516370.0,49.68785514764202
85.44,-5258907.98074792,14516250.0,49.68785475676039
85.45,-5258839.688598385,14516140.0,49.68785437590064
85.46,-5258771.099170843,14516020.0,49.6878540051143
85.47,-5258702.230498158,14515920.0,49.68785364443505
85.48,-5258633.09906336,14515810.0,49.687853293881155
85.49,-5258563.718541979,14515710.0,49.68785295345731
85.5,-5258494.103555989,14515610.0,49.68785262319489
85.51,-5258424.271271679,14515520.0,49.6878523031419
85.52,-5258354.238841549,14515420.0,49.68785199332233
85.53,-5258284.021124752,14515340.0,49.687851693739994
85.54,-5258213.630225385,14515250.0,49.687851404381654
85.55,-5258143.07423184,14515170.0,49.68785112521952
85.56,-5258072.361765557,14515090.0,49.687850856252105
85.57,-5258001.507111004,14515010.0,49.687850597533114
85.58,-5257930.521966842,14514940.0,49.68785034904252
85.59,-5257859.415154457,14514870.0,49.6878501107493
85.6,-5257788.203267012,14514800.0,49.68784988271679
85.61,-5257716.904705291,14514740.0,49.687849664968475
85.62,-5257645.533128766,14514680.0,49.68784945746306
85.63,-5257574.097500651,14514620.0,49.687849260143246
85.64,-5257502.609256279,14514570.0,49.68784907301596
85.65,-5257431.082822081,14514520.0,49.6878488960931
85.66,-5257359.53208988,14514480.0,49.6878487293604
85.67,-5257287.972979811,14514430.0,49.6878485728149
85.68,-5257216.41900043,14514390.0,49.68784842642642
85.69,-5257144.888821672,14514360.0,49.68784829022038
85.7,-5257073.400703064,14514320.0,49.68784816418176
85.71,-5257001.970384125,14514300.0,49.68784804827567
85.72,-5256930.613642312,14514270.0,49.687847942477624
85.73,-5256859.339853663,14514240.0,49.6878478467029
85.74,-5256788.160638536,14514220.0,49.6878477609323
85.75,-5256717.089468255,14514210.0,49.687847685153116
85.76,-5256646.14001707,14514200.0,49.68784761932813
85.77,-5256575.326846417,14514180.0,49.687847563433266
85.78,-5256504.663355572,14514180.0,49.68784751741915
85.79,-5256434.160012106,14514170.0,49.687847481216515
85.8,-5256363.831182769,14514180.0,49.68784745481804
85.81,-5256293.691553055,14514180.0,49.68784743818157
85.82,-5256223.754304388,14514180.0,49.68784743125003
85.83,-5256154.033275722,14514190.0,49.687847433981176
85.84,-5256084.541141577,14514210.0,49.68784744631526
85.85,-5256015.291859428,14514220.0,49.68784746821161
85.86,-5255946.302439385,14514240.0,49.687847499647894
85.87,-5255877.58964656,14514260.0,49.68784754057477
85.88,-5255809.1646437235,14514290.0,49.68784759088945
85.89,-5255741.041980941,14514320.0,49.68784765056073
85.9,-5255673.239831909,14514350.0,49.68784771956926
85.91,-5255605.773506546,14514390.0,49.68784779783731
85.92,-5255538.65555773,14514420.0,49.68784788527739
85.93,-5255471.895603366,14514460.0,49.687847981795066
85.94,-5255405.50442196,14514510.0,49.68784808732995
85.95,-5255339.492644795,14514560.0,49.68784820180731
85.96,-5255273.874402578,14514610.0,49.6878483251869
85.97,-5255208.664655785,14514660.0,49.687848457408286
85.98,-5255143.874922739,14514720.0,49.687848598369804
85.99,-5255079.517943758,14514780.0,49.687848748006374
86.0,-5255015.607000305,14514840.0,49.687848906247076
86.01,-5254952.155403403,14514910.0,49.687849073017475
86.02,-5254889.176721578,14514980.0,49.68784924824127
86.03,-5254826.684496494,14515050.0,49.68784943184189
86.04,-5254764.688823686,14515120.0,49.68784962370486
86.05,-5254703.198224408,14515200.0,49.68784982372904
86.06,-5254642.22505528,14515280.0,49.687850031857536
86.07,-5254581.784435092,14515370.0,49.68785024803383
86.08,-5254521.8904335825,14515450.0,49.6878504721642
86.09,-5254462.553276456,14515540.0,49.68785070413008
86.1,-5254403.7827548515,14515630.0,49.68785094383036
86.11,-5254345.5893069245,14515730.0,49.68785119117925
86.12,-5254287.985842952,14515830.0,49.687851446104254
86.13,-5254230.984275326,14515930.0,49.68785170850614
86.14,-5254174.59836527,14516030.0,49.687851978307954
86.15,-5254118.84047921,14516140.0,49.68785225540683
86.16,-5254063.7213003,14516240.0,49.687852539690304
86.17,-5254009.2523885025,14516360.0,49.68785283106956
86.18,-5253955.445099993,14516470.0,49.68785312944337
86.19,-5253902.313264919,14516590.0,49.687853434737974
86.2,-5253849.867096053,14516700.0,49.68785374682548
86.21,-5253798.111071236,14516820.0,49.687854065543306
86.22,-5253747.053207663,14516950.0,49.68785439081345
86.23,-5253696.70376003,14517080.0,49.687854722545694
86.24,-5253647.070382303,14517200.0,49.687855060612506
86.25,-5253598.160058689,14517340.0,49.687855404891415
86.26,-5253549.979785763,14517470.0,49.687855755269
86.27,-5253502.537142313,14517610.0,49.687856111637736
86.28,-5253455.837612452,14517740.0,49.687856473861096
86.29,-5253409.890677804,14517890.0,49.687856841859194
86.3,-5253364.709485541,14518030.0,49.687857215553706
86.31,-5253320.302594576,14518170.0,49.687857594801294
86.32,-5253276.6828537965,14518320.0,49.68785797952258
86.33,-5253233.861999095,14518470.0,49.68785836960693
86.34,-5253191.846889482,14518620.0,49.687858764894656
86.35,-5253150.647301882,14518780.0,49.687859165296636
86.36,-5253110.273032124,14518940.0,49.68785957070382
86.37,-5253070.733610004,14519090.0,49.68785998099975
86.38,-5253032.037443805,14519250.0,49.68786039605803
86.39,-5252994.191532511,14519420.0,49.68786081575291
86.4,-5252957.206192067,14519580.0,49.68786123999381
86.41,-5252921.088966165,14519750.0,49.687861668645624
86.42,-5252885.846613768,14519920.0,49.68786210158228
86.43,-5252851.485620002,14520090.0,49.68786253868095
86.44,-5252818.012993233,14520260.0,49.68786297982975
86.45,-5252785.4333600905,14520430.0,49.687863424882856
86.46,-5252753.747591842,14520610.0,49.68786387367935
86.47,-5252722.955473334,14520790.0,49.68786432607842
86.48,-5252693.058948469,14520970.0,49.687864781963626
86.49,-5252664.063151346,14521150.0,49.68786524123402
86.5,-5252635.973507952,14521330.0,49.687865703770626
86.51,-5252608.794369225,14521510.0,49.68786616943965
86.52,-5252582.529122325,14521700.0,49.68786663810118
86.53,-5252557.182752556,14521890.0,49.68786710964867
86.54,-5252532.765323482,14522080.0,49.68786758400414
86.55,-5252509.285094308,14522270.0,49.68786806103706
86.56,-5252486.749199167,14522460.0,49.68786854062275
86.57,-5252465.164214131,14522650.0,49.6878690226344
86.58,-5252444.532565707,14522850.0,49.687869506916314
86.59,-5252424.855141786,14523040.0,49.687869993325215
86.6,-5252406.133396281,14523240.0,49.68787048173306
86.61,-5252388.373396517,14523440.0,49.68787097206179
86.62,-5252371.585606798,14523640.0,49.68787146423628
86.63,-5252355.776750423,14523840.0,49.68787195811154
86.64,-5252340.949287432,14524050.0,49.68787245353181
86.65,-5252327.105278969,14524250.0,49.68787295036778
86.66,-5252314.248380773,14524460.0,49.68787344851642
86.67,-5252302.3823085595,14524660.0,49.68787394785571
86.68,-5252291.509584469,14524870.0,49.68787444825727
86.69,-5252281.630964236,14525080.0,49.68787494958369
86.7,-5252272.745945649,14525290.0,49.68787545169902
86.71,-5252264.856355512,14525500.0,49.68787595450323
86.72,-5252257.965557678,14525710.0,49.687876457891115
86.73,-5252252.074068994,14525920.0,49.68787696171682
86.74,-5252247.180805883,14526140.0,49.68787746584658
86.75,-5252243.288152075,14526350.0,49.687877970190904
86.76,-5252240.400827562,14526570.0,49.687878474661474
86.77,-5252238.522532283,14526790.0,49.68787897913428
86.78,-5252237.649048314,14527000.0,49.68787948342368
86.79,-5252237.777109858,14527220.0,49.68787998741387
86.8,-5252238.909078474,14527440.0,49.687880491036765
86.81,-5252241.044580277,14527660.0,49.68788099415688
86.82,-5252244.183975224,14527880.0,49.68788149666506
86.83,-5252248.32932773,14528100.0,49.68788199846873
86.84,-5252253.482701351,14528320.0,49.68788249945765
86.85,-5252259.647526446,14528550.0,49.68788299954514
86.86,-5252266.823531872,14528770.0,49.687883498587496
86.87,-5252275.006564789,14528990.0,49.68788399644296
86.88,-5252284.193310802,14529220.0,49.68788449300266
86.89,-5252294.380099388,14529440.0,49.6878849881529
86.9,-5252305.566493138,14529670.0,49.687885481813716
86.91,-5252317.749768255,14529890.0,49.68788597385604
86.92,-5252330.92564969,14530120.0,49.68788646415898
86.93,-5252345.092182312,14530350.0,49.687886952639445
86.94,-5252360.249736742,14530570.0,49.68788743921339
86.95,-5252376.399533548,14530800.0,49.68788792379485
86.96,-5252393.5437023705,14531030.0,49.68788840630125
86.97,-5252411.681637116,14531260.0,49.68788888661278
86.98,-5252430.807709717,14531490.0,49.68788936458865
86.99,-5252450.918038906,14531720.0,49.68788984014477
87.0,-5252472.011007487,14531950.0,49.68789031320509
87.01,-5252494.083734918,14532180.0,49.687890783666276
87.02,-5252517.130250655,14532410.0,49.68789125140579
87.03,-5252541.144677652,14532640.0,49.6878917163269
87.04,-5252566.122771272,14532870.0,49.68789217835249
87.05,-5252592.060270816,14533100.0,49.687892637387534
87.06,-5252618.950905033,14533330.0,49.687893093325314
87.07,-5252646.786159206,14533560.0,49.68789354605255
87.08,-5252675.555554534,14533790.0,49.68789399545334
87.09,-5252705.247042202,14534020.0,49.687894441412475
87.1,-5252735.851501401,14534260.0,49.687894883856806
87.11,-5252767.361265088,14534490.0,49.687895322707234
87.12,-5252799.770066704,14534720.0,49.687895757888974
87.13,-5252833.072701807,14534950.0,49.68789618932742
87.14,-5252867.261668628,14535180.0,49.68789661691845
87.15,-5252902.332860943,14535410.0,49.68789704061216
87.16,-5252938.2813026775,14535640.0,49.68789746032372
87.17,-5252975.099493201,14535880.0,49.68789787595328
87.18,-5253012.779965419,14536100.0,49.687898287421746
87.19,-5253051.313975251,14536340.0,49.687898694637
87.2,-5253090.693777923,14536560.0,49.68789909753564
87.21,-5253130.908185656,14536790.0,49.6878994960027
87.22,-5253171.942844065,14537020.0,49.68789988993092
87.23,-5253213.785751941,14537250.0,49.6879002792521
87.24,-5253256.425842581,14537480.0,49.68790066389968
87.25,-5253299.8534990745,14537700.0,49.687901043808765
87.26,-5253344.05679695,14537930.0,49.687901418883776
87.27,-5253389.023436002,14538160.0,49.68790178904732
87.28,-5253434.742790917,14538380.0,49.68790215423684
87.29,-5253481.2028383175,14538610.0,49.68790251436956
87.3,-5253528.393002627,14538830.0,49.68790286938925
87.31,-5253576.302336229,14539050.0,49.68790321922245
87.32,-5253624.918663833,14539270.0,49.687903563792084
87.33,-5253674.228579486,14539490.0,49.687903903016036
87.34,-5253724.217785506,14539710.0,49.68790423681805
87.35,-5253774.875763157,14539930.0,49.68790456516304
87.36,-5253826.190425544,14540150.0,49.68790488797779
87.37,-5253878.146290221,14540370.0,49.68790520516605
87.38,-5253930.727320097,14540580.0,49.68790551665311
87.39,-5253983.918973632,14540800.0,49.68790582238515
87.4,-5254037.70581528,14541010.0,49.68790612229007
87.41,-5254092.070886516,14541220.0,49.68790641628848
87.42,-5254146.999634146,14541430.0,49.68790670433486
87.43,-5254202.477807952,14541640.0,49.687906986375644
87.44,-5254258.495963399,14541840.0,49.68790726239671
87.45,-5254315.046738414,14542050.0,49.68790753237393
87.46,-5254372.116994632,14542250.0,49.68790779621106
87.47,-5254429.691279172,14542450.0,49.687908053833475
87.48,-5254487.753927408,14542650.0,49.68790830518445
87.49,-5254546.287125039,14542850.0,49.68790855018966
87.5,-5254605.274264976,14543050.0,49.6879087888036
87.51,-5254664.702001948,14543240.0,49.68790902100426
87.52,-5254724.553764392,14543440.0,49.68790924671771
87.53,-5254784.811456063,14543630.0,49.68790946587488
87.54,-5254845.458985443,14543820.0,49.687909678446914
87.55,-5254906.482498798,14544000.0,49.68790988440495
87.56,-5254967.869417102,14544190.0,49.68791008372379
87.57,-5255029.60519114,14544370.0,49.68791027634634
87.58,-5255091.671815053,14544550.0,49.6879104621972
87.59,-5255154.050724059,14544730.0,49.68791064122609
87.6,-5255216.725186586,14544900.0,49.687910813406255
87.61,-5255279.678542394,14545080.0,49.68791097869447
87.62,-5255342.892721246,14545250.0,49.68791113704136
87.63,-5255406.352798332,14545420.0,49.687911288432005
87.64,-5255470.048255917,14545580.0,49.68791143288217
87.65,-5255533.967865717,14545750.0,49.68791157035788
87.66,-5255598.095869175,14545910.0,49.6879117007958
87.67,-5255662.4147015335,14546070.0,49.687911824145544
87.68,-5255726.906640007,14546220.0,49.68791194037352
87.69,-5255791.555171158,14546380.0,49.68791204945979
87.7,-5255856.342486653,14546520.0,49.68791215136294
87.71,-5255921.252329416,14546670.0,49.687912246066766
87.72,-5255986.267319287,14546820.0,49.68791233353655
87.73,-5256051.368779368,14546960.0,49.68791241373246
87.74,-5256116.540209007,14547100.0,49.68791248664658
87.75,-5256181.762103666,14547230.0,49.68791255222506
87.76,-5256247.0130872335,14547370.0,49.687912610423
87.77,-5256312.27503618,14547500.0,49.687912661238336
87.78,-5256377.531891105,14547620.0,49.687912704670275
87.79,-5256442.766242855,14547750.0,49.68791274068345
87.8,-5256507.956707935,14547870.0,49.687912769221526
87.81,-5256573.085554749,14547980.0,49.687912790289076
87.82,-5256638.138029018,14548100.0,49.68791280389982
87.83,-5256703.099967922,14548210.0,49.68791281004503
87.84,-5256767.959454237,14548320.0,49.687912808736755
87.85,-5256832.703744805,14548420.0,49.687912799967535
87.86,-5256897.315051617,14548520.0,49.68791278368164
87.87,-5256961.775657998,14548620.0,49.687912759865505
87.88,-5257026.070369278,14548710.0,49.687912728535224
87.89,-5257090.185778366,14548800.0,49.68791268970019
87.9,-5257154.108503755,14548890.0,49.68791264336393
87.91,-5257217.825873482,14548980.0,49.687912589530775
87.92,-5257281.325015213,14549060.0,49.68791252820493
87.93,-5257344.593254714,14549130.0,49.6879124593959
87.94,-5257407.615210155,14549200.0,49.687912383077716
87.95,-5257470.370221085,14549270.0,49.68791229920489
87.96,-5257532.839971418,14549340.0,49.687912207789985
87.97,-5257595.008723342,14549400.0,49.687912108854555
87.98,-5257656.859562814,14549460.0,49.687912002393645
87.99,-5257718.373313991,14549510.0,49.687911888383375
88.0,-5257779.534973053,14549560.0,49.68791176686428
88.01,-5257840.32972973,14549610.0,49.687911637845836
88.02,-5257900.741942137,14549660.0,49.68791150132718
88.03,-5257960.757129268,14549690.0,49.6879113573274
88.04,-5258020.356275437,14549730.0,49.68791120581484
88.05,-5258079.524822761,14549760.0,49.68791104683246
88.06,-5258138.248921341,14549790.0,49.687910880399954
88.07,-5258196.514576325,14549810.0,49.68791070653248
88.08,-5258254.306336965,14549830.0,49.68791052523069
88.09,-5258311.608033864,14549850.0,49.68791033649749
88.1,-5258368.405113685,14549860.0,49.68791014036525
88.11,-5258424.684586287,14549870.0,49.68790993686122
88.12,-5258480.43286325,14549880.0,49.68790972600361
88.13,-5258535.636554256,14549880.0,49.68790950781069
88.14,-5258590.281043012,14549870.0,49.68790928229567
88.15,-5258644.351737956,14549860.0,49.68790904947484
88.16,-5258697.837320567,14549850.0,49.68790880940026
88.17,-5258750.723656163,14549840.0,49.68790856207863
88.18,-5258802.996636204,14549820.0,49.68790830752346
88.19,-5258854.6444008835,14549800.0,49.68790804578667
88.2,-5258905.657230826,14549770.0,49.68790777691548
88.21,-5258956.026184847,14549740.0,49.6879075009537
88.22,-5259005.742873995,14549700.0,49.68790721794285
88.23,-5259054.794961114,14549660.0,49.68790692788431
88.24,-5259103.168088557,14549620.0,49.68790663078988
88.25,-5259150.854364037,14549570.0,49.687906326750976
88.26,-5259197.845196666,14549520.0,49.6879060158056
88.27,-5259244.128331999,14549470.0,49.687905697959046
88.28,-5259289.696903635,14549410.0,49.68790537329759
88.29,-5259334.542380513,14549340.0,49.68790504185503
88.3,-5259378.651998445,14549280.0,49.68790470363299
88.31,-5259422.013821306,14549210.0,49.68790435867565
88.32,-5259464.619706419,14549130.0,49.68790400706349
88.33,-5259506.4597864775,14549050.0,49.68790364882464
88.34,-5259547.523491021,14548970.0,49.68790328399362
88.35,-5259587.801881137,14548880.0,49.68790291263575
88.36,-5259627.283721583,14548790.0,49.68790253477201
88.37,-5259665.959179157,14548700.0,49.68790215046208
88.38,-5259703.822789503,14548600.0,49.687901759792304
88.39,-5259740.8660029415,14548500.0,49.68790136279496
88.4,-5259777.078658429,14548390.0,49.687900959500695
88.41,-5259812.451771863,14548280.0,49.68790054997053
88.42,-5259846.9800464315,14548170.0,49.68790013429148
88.43,-5259880.654644688,14548050.0,49.68789971248951
88.44,-5259913.464262466,14547930.0,49.68789928458942
88.45,-5259945.401505148,14547800.0,49.68789885067898
88.46,-5259976.459877236,14547680.0,49.68789841082304
88.47,-5260006.635722133,14547540.0,49.68789796510579
88.48,-5260035.920080326,14547400.0,49.687897513544804
88.49,-5260064.304032793,14547270.0,49.68789705619043
88.5,-5260091.782918094,14547120.0,49.6878965931406
88.51,-5260118.348649966,14546970.0,49.687896124425414
88.52,-5260143.996262143,14546820.0,49.6878956501329
88.53,-5260168.723118367,14546670.0,49.687895170350096
88.54,-5260192.525043207,14546510.0,49.687894685132065
88.55,-5260215.39740094,14546350.0,49.68789419453928
88.56,-5260237.3390834015,14546180.0,49.68789369867645
88.57,-5260258.350980193,14546020.0,49.687893197636065
88.58,-5260278.431196865,14545840.0,49.68789269146956
88.59,-5260297.578922971,14545670.0,49.68789218026505
88.6,-5260315.7895340165,14545490.0,49.68789166406001
88.61,-5260333.055493701,14545310.0,49.687891142894685
88.62,-5260349.373469863,14545120.0,49.687890616877404
88.63,-5260364.741552705,14544930.0,49.687890086093276
88.64,-5260379.156978927,14544740.0,49.68788955060992
88.65,-5260392.61818107,14544550.0,49.687889010514205
88.66,-5260405.122055203,14544350.0,49.68788846586696
88.67,-5260416.6657806095,14544150.0,49.68788791674772
88.68,-5260427.2475613225,14543940.0,49.687887363241956
88.69,-5260436.8674264755,14543730.0,49.68788680544315
88.7,-5260445.526152124,14543520.0,49.68788624344221
88.71,-5260453.221331088,14543310.0,49.687885677292584
88.72,-5260459.952835616,14543090.0,49.68788510708971
88.73,-5260465.724019751,14542870.0,49.68788453295593
88.74,-5260470.5359154865,14542650.0,49.68788395495742
88.75,-5260474.387340905,14542430.0,49.68788337315485
88.76,-5260477.281220033,14542200.0,49.68788278767256
88.77,-5260479.220775038,14541970.0,49.68788219860444
88.78,-5260480.207304508,14541740.0,49.68788160602323
88.79,-5260480.24211613,14541500.0,49.68788101001421
88.8,-5260479.327039546,14541260.0,49.68788041067221
88.81,-5260477.464598607,14541020.0,49.687879808093065
88.82,-5260474.657842108,14540780.0,49.68787920237287
88.83,-5260470.909718235,14540530.0,49.687878593601354
88.84,-5260466.222162505,14540280.0,49.68787798186256
88.85,-5260460.599457359,14540030.0,49.68787736726811
88.86,-5260454.041171782,14539780.0,49.687876749870064
88.87,-5260446.547221219,14539520.0,49.68787612975355
88.88,-5260438.118609242,14539270.0,49.68787550701346
88.89,-5260428.754466999,14539010.0,49.687874881722244
88.9,-5260418.457690092,14538750.0,49.68787425399886
88.91,-5260407.233523322,14538480.0,49.68787362395922
88.92,-5260395.088711731,14538220.0,49.68787299171276
88.93,-5260382.030136638,14537950.0,49.687872357359716
88.94,-5260368.063277325,14537680.0,49.68787172098882
88.95,-5260353.1916376185,14537410.0,49.687871082675635
88.96,-5260337.419362257,14537140.0,49.68787044251979
88.97,-5260320.752093234,14536870.0,49.68786980063246
88.98,-5260303.194124217,14536590.0,49.687869157093935
88.99,-5260284.74913795,14536310.0,49.6878685119945
89.0,-5260265.424535587,14536040.0,49.68786786546354
89.01,-5260245.22933747,14535760.0,49.68786721761798
89.02,-5260224.172705476,14535470.0,49.687866568563464
89.03,-5260202.262233746,14535190.0,49.6878659183891
89.04,-5260179.506680002,14534910.0,49.687865267208224
89.05,-5260155.912663235,14534620.0,49.6878646151037
89.06,-5260131.48351859,14534340.0,49.68786396213906
89.07,-5260106.227950927,14534050.0,49.687863308464856
89.08,-5260080.158395594,14533760.0,49.68786265421791
89.09,-5260053.285044192,14533470.0,49.687861999486884
89.1,-5260025.614927115,14533180.0,49.68786134435338
89.11,-5259997.153045303,14532890.0,49.6878606888887
89.12,-5259967.904416611,14532600.0,49.687860033189956
89.13,-5259937.875044555,14532310.0,49.68785937736667
89.14,-5259907.073744272,14532020.0,49.68785872153625
89.15,-5259875.510268955,14531720.0,49.68785806581435
89.16,-5259843.19172204,14531430.0,49.68785741027457
89.17,-5259810.126710475,14531140.0,49.68785675502992
89.18,-5259776.326830034,14530840.0,49.68785610021321
89.19,-5259741.808097344,14530550.0,49.687855445973774
89.2,-5259706.586288017,14530260.0,49.687854792423856
89.21,-5259670.67004069,14529960.0,49.68785413961193
89.22,-5259634.068589149,14529670.0,49.68785348764096
89.23,-5259596.794783987,14529370.0,49.687852836648524
89.24,-5259558.858605202,14529080.0,49.687852186719745
89.25,-5259520.268123708,14528780.0,49.687851537934925
89.26,-5259481.03570792,14528490.0,49.687850890436444
89.27,-5259441.174045434,14528200.0,49.687850244332715
89.28,-5259400.693123494,14527900.0,49.68784959970613
89.29,-5259359.601931748,14527610.0,49.68784895664568
89.3,-5259317.908459677,14527320.0,49.68784831524325
89.31,-5259275.623853994,14527030.0,49.687847675623125
89.32,-5259232.7633382175,14526740.0,49.6878470379295
89.33,-5259189.34263268,14526450.0,49.68784640227784
89.34,-5259145.379437285,14526160.0,49.68784576879718
89.35,-5259100.892353614,14525870.0,49.68784513761532
89.36,-5259055.89302306,14525580.0,49.68784450878208
89.37,-5259010.389129571,14525300.0,49.68784388235775
89.38,-5258964.392196731,14525010.0,49.68784325847648
89.39,-5258917.918566026,14524730.0,49.68784263728593
89.4,-5258870.981088904,14524450.0,49.68784201886425
89.41,-5258823.588263169,14524170.0,49.68784140327087
89.42,-5258775.750148543,14523890.0,49.68784079061603
89.43,-5258727.477914617,14523610.0,49.687840181005434
89.44,-5258678.786806797,14523330.0,49.68783957457707
89.45,-5258629.692680273,14523060.0,49.68783897144354
89.46,-5258580.206587822,14522790.0,49.68783837166211
89.47,-5258530.341549004,14522520.0,49.687837775350516
89.48,-5258480.116259051,14522250.0,49.68783718266513
89.49,-5258429.549119455,14521980.0,49.68783659371219
89.5,-5258378.653678278,14521720.0,49.687836008555664
89.51,-5258327.443290738,14521450.0,49.68783542729458
89.52,-5258275.9372160975,14521200.0,49.68783485008523
89.53,-5258224.155104699,14520940.0,49.687834277045404
89.54,-5258172.11420653,14520680.0,49.68783370826266
89.55,-5258119.830048941,14520430.0,49.68783314382743
89.56,-5258067.316945102,14520180.0,49.68783258382947
89.57,-5258014.590897148,14519930.0,49.68783202838774
89.58,-5257961.663616811,14519690.0,49.68783147756092
89.59,-5257908.5422297,14519440.0,49.687830931399276
89.6,-5257855.236500944,14519200.0,49.68783039000916
89.61,-5257801.762431825,14518970.0,49.68782985353838
89.62,-5257748.135323027,14518740.0,49.687829322081186
89.63,-5257694.370228677,14518510.0,49.6878287957321
89.64,-5257640.484235054,14518280.0,49.68782827460687
89.65,-5257586.494072171,14518060.0,49.687827758803024
89.66,-5257532.417936318,14517840.0,49.687827248431034
89.67,-5257478.271333667,14517620.0,49.687826743570724
89.68,-5257424.065876762,14517410.0,49.687826244272685
89.69,-5257369.8101864755,14517200.0,49.68782575059839
89.7,-5257315.515640017,14516990.0,49.68782526264878
89.71,-5257261.193699434,14516790.0,49.68782478051229
89.72,-5257206.85950185,14516590.0,49.687824304304755
89.73,-5257152.527765584,14516390.0,49.68782383411412
89.74,-5257098.208002248,14516200.0,49.687823369972506
89.75,-5257043.915615839,14516020.0,49.68782291201271
89.76,-5256989.6690681055,14515830.0,49.687822460358824
89.77,-5256935.482933842,14515650.0,49.68782201505888
89.78,-5256881.372506911,14515480.0,49.68782157620708
89.79,-5256827.3530611405,14515300.0,49.687821143888385
89.8,-5256773.439736208,14515140.0,49.68782071818282
89.81,-5256719.645770659,14514970.0,49.68782029915672
89.82,-5256665.978451111,14514810.0,49.68781988682969
89.83,-5256612.444112051,14514660.0,49.687819481255616
89.84,-5256559.054743747,14514510.0,49.687819082547854
89.85,-5256505.822820629,14514360.0,49.68781869078585
89.86,-5256452.759421905,14514220.0,49.6878183060256
89.87,-5256399.87588059,14514080.0,49.68781792833424
89.88,-5256347.184069,14513950.0,49.68781755778808
89.89,-5256294.697596731,14513820.0,49.68781719446487
89.9,-5256242.427199084,14513690.0,49.68781683840528
89.91,-5256190.3857445605,14513580.0,49.68781648969584
89.92,-5256138.587385323,14513460.0,49.68781614841194
89.93,-5256087.043172443,14513350.0,49.68781581458843
89.94,-5256035.765321998,14513240.0,49.687815488297524
89.95,-5255984.766306142,14513140.0,49.687815169600064
89.96,-5255934.053838957,14513040.0,49.68781485851039
89.97,-5255883.6363921,14512950.0,49.68781455508207
89.98,-5255833.525305122,14512860.0,49.6878142593917
89.99,-5255783.728638137,14512780.0,49.68781397146106
90.0,-5255734.25543749,14512700.0,49.68781369134498
90.0,-5255734.25543749,14512700.0,49.68781369134498
