t_rosco,torque_offset_nm,gen_tq_meas_nm,f_grid_hz
0.0,0.0,0.0,50.0
0.0,0.0,0.0,50.0
0.0,0.0,0.0,50.0
0.01,-0.0,19786770.0,50.00038926170256
0.02,-0.0,19786770.0,50.000808392159946
0.03,-0.0,19786770.0,50.00133225309409
0.04,-0.0,19786780.0,50.00193631593043
0.05,-0.0,19786780.0,50.00193631593043
0.06,-0.0,19786800.0,50.00331005314389
0.07,-0.0,19786810.0,50.00331005314389
0.08,-0.0,19786830.0,50.00481102911765
0.09,-0.0,19786860.0,50.005582350365216
0.1,-0.0,19786890.0,50.006356352640665
0.11,-0.0,19786930.0,50.00712607061894
0.12,-0.0,19786970.0,50.00788545990348
0.13,-0.0,19787020.0,50.00862926308501
0.14,-0.0,19787080.0,50.009352910658265
0.15,-0.0,19787140.0,50.01005244720464
0.16,-0.0,19787220.0,50.01072447582152
0.17,-0.0,19787300.0,50.01072447582152
0.18,-0.0,19787390.0,50.01197497602977
0.19,-0.0,19787490.0,50.01197497602977
0.2,-0.0,19787600.0,50.01254910355117
0.21,-0.0,19787720.0,50.01308699183029
0.22,-0.0,19787850.0,50.013587537786066
0.23,-0.0,19787990.0,50.01405003024529
0.24,-0.0,19788140.0,50.01447413154351
0.25,-0.0,19788310.0,50.014859859382476
0.26,-0.0,19788480.0,50.01520756856337
0.27,-0.0,19788670.0,50.01551793224426
0.28,-0.0,19788870.0,50.01579192245161
0.29,-0.0,19789090.0,50.016030789788125
0.3,-0.0,19789320.0,50.01623604251327
0.31,-0.0,19789560.0,50.01640942481348
0.32,-0.0,19789810.0,50.01655289417967
0.33,-0.0,19790080.0,50.016668598311206
0.34,-0.0,19790370.0,50.01675885149981
0.35,-0.0,19790670.0,50.01682611026542
0.36,-0.0,19790980.0,50.01687294898648
0.37,-0.0,19791310.0,50.0169020353198
0.38,-0.0,19791660.0,50.01691610549959
0.39,-0.0,19792020.0,50.016917939942765
0.4,-0.0,19792400.0,50.01691033915658
0.41,-0.0,19792790.0,50.01689609993697
0.42,-0.0,19793210.0,50.016877992304146
0.43,-0.0,19793640.0,50.01685873731228
0.44,-0.0,19794080.0,50.016840985508345
0.45,-0.0,19794550.0,50.016827296524745
0.46,-0.0,19795030.0,50.01682011987902
0.47,-0.0,19795530.0,50.016821776952455
0.48,-0.0,19796050.0,50.016834444418144
0.49,-0.0,19796580.0,50.01686013896283
0.5,-0.0,19797140.0,50.016900703689245
0.51,-0.0,19797710.0,50.01695779619627
0.52,-0.0,19798310.0,50.01703287829744
0.53,-0.0,19798920.0,50.01712720756697
0.54,-0.0,19799550.0,50.01724183054047
0.55,-0.0,19800210.0,50.01737757786924
0.56,-0.0,19800880.0,50.01753506140088
0.57,-0.0,19801570.0,50.01771467305131
0.58,-0.0,19802280.0,50.017916585548974
0.59,-0.0,19803010.0,50.018140755025776
0.6,-0.0,19803770.0,50.01838692541426
0.61,-0.0,19804540.0,50.01865463466928
0.62,-0.0,19805330.0,50.01894322256396
0.63,-0.0,19806150.0,50.01925184001613
0.64,-0.0,19806980.0,50.019579460055084
0.65,-0.0,19807840.0,50.01992489011724
0.66,-0.0,19808720.0,50.02028678540685
0.67,-0.0,19809620.0,50.02066366343666
0.68,-0.0,19810540.0,50.02105391946622
0.69,-0.0,19811480.0,50.0214558427056
0.7,-0.0,19812450.0,50.021867633153086
0.71,-0.0,19813430.0,50.022287418749166
0.72,-0.0,19814440.0,50.022713272682196
0.73,-0.0,19815470.0,50.02314323092128
0.74,-0.0,19816520.0,50.023575309507365
0.75,-0.0,19817590.0,50.02400752152059
0.76,-0.0,19818690.0,50.02443789382828
0.77,-0.0,19819800.0,50.0248644829888
0.78,-0.0,19820940.0,50.02528539056888
0.79,-0.0,19822100.0,50.02569877760096
0.8,-0.0,19823290.0,50.02610287814877
0.81,-0.0,19824490.0,50.026496011829245
0.82,-0.0,19825720.0,50.026876595290034
0.83,-0.0,19826970.0,50.02724315259807
0.84,-0.0,19828240.0,50.02759432431721
0.85,-0.0,19829540.0,50.02792887555738
0.86,-0.0,19830850.0,50.028245702643005
0.87,-0.0,19832190.0,50.028543838624316
0.88,-0.0,19833550.0,50.028822457812915
0.89,-0.0,19834940.0,50.0290808789536
0.9,-0.0,19836340.0,50.029318567194835
0.91,-0.0,19837770.0,50.02953513502854
0.92,-0.0,19839220.0,50.02973034222076
0.93,-0.0,19840690.0,50.02990409451883
0.94,-0.0,19842190.0,50.03005644147396
0.95,-0.0,19843710.0,50.03018757333746
0.96,-0.0,19845250.0,50.03029781681379
0.97,-0.0,19846810.0,50.03038763019556
0.98,-0.0,19848390.0,50.03045759768756
0.99,-0.0,19850000.0,50.03050842261902
1.0,-0.0,19851630.0,50.03054092004453
1.01,-0.0,19853280.0,50.030556008788075
1.02,-0.0,19854950.0,50.030554702754294
1.03,-0.0,19856650.0,50.03053810173037
1.04,-0.0,19858360.0,50.03050738148851
1.05,-0.0,19860100.0,50.03046378347936
1.06,-0.0,19861860.0,50.030408604284496
1.07,-0.0,19863640.0,50.03034318467694
1.08,-0.0,19865450.0,50.03026889846483
1.09,-0.0,19867270.0,50.03018714120746
1.1,-0.0,19869120.0,50.030099318822586
1.11,-0.0,19870990.0,50.03000683643457
1.12,-0.0,19872880.0,50.029911087265056
1.13,-0.0,19874790.0,50.02981344174909
1.14,-0.0,19876720.0,50.02971523708416
1.15,-0.0,19878680.0,50.029617767254855
1.16,-0.0,19880650.0,50.02952227366914
1.17,-0.0,19882650.0,50.02942993627584
1.18,-0.0,19884670.0,50.02934186550685
1.19,-0.0,19886700.0,50.029259094990465
1.2,-0.0,19888760.0,50.02918257512956
1.21,-0.0,19890840.0,50.029113167558315
1.22,-0.0,19892940.0,50.029051640471366
1.23,-0.0,19895070.0,50.028998665064385
1.24,-0.0,19897210.0,50.02895481283189
1.25,-0.0,19899370.0,50.02892055376649
1.26,-0.0,19901550.0,50.028896255659795
1.27,-0.0,19903760.0,50.02888218413938
1.28,-0.0,19905980.0,50.028878503702245
1.29,-0.0,19908220.0,50.02888527954249
1.3,-0.0,19910490.0,50.02890248018789
1.31,-0.0,19912770.0,50.028929980818134
1.32,-0.0,19915070.0,50.02896756726884
1.33,-0.0,19917390.0,50.029014940586194
1.34,-0.0,19919740.0,50.02907172205675
1.35,-0.0,19922100.0,50.02913745882673
1.36,-0.0,19924480.0,50.0292116297392
1.37,-0.0,19926880.0,50.029293651588645
1.38,-0.0,19929300.0,50.02938288560881
1.39,-0.0,19931730.0,50.02947864417017
1.4,-0.0,19934190.0,50.02958019759938
1.41,-0.0,19936670.0,50.029686781104296
1.42,-0.0,19939160.0,50.029797601723956
1.43,-0.0,19941670.0,50.02991184521982
1.44,-0.0,19944200.0,50.03002868308432
1.45,-0.0,19946750.0,50.03014727929217
1.46,-0.0,19949320.0,50.03026679705711
1.47,-0.0,19951900.0,50.030386405404755
1.48,-0.0,19954510.0,50.03050528559769
1.49,-0.0,19957130.0,50.03062263731365
1.5,-0.0,19959770.0,50.030737684537684
1.51,-0.0,19962420.0,50.030849681244085
1.52,-0.0,19965090.0,50.03095791685676
1.53,-0.0,19967780.0,50.031061721248435
1.54,-0.0,19970490.0,50.03116046925179
1.55,-0.0,19973210.0,50.03125358500684
1.56,-0.0,19975950.0,50.03134054576318
1.57,-0.0,19978710.0,50.03142088515576
1.58,-0.0,19981480.0,50.03149419614328
1.59,-0.0,19984270.0,50.03156013324727
1.6,-0.0,19987080.0,50.03161841436875
1.61,-0.0,19989900.0,50.03166882208638
1.62,-0.0,19992740.0,50.03171120416865
1.63,-0.0,19995590.0,50.03174547369993
1.64,-0.0,19998460.0,50.03177160868735
1.65,-0.0,20001340.0,50.03178965101789
1.66,-0.0,20004240.0,50.031799704794864
1.67,-0.0,20007150.0,50.03180193417496
1.68,-0.0,20010080.0,50.031796560863114
1.69,-0.0,20013020.0,50.03178386103907
1.7,-0.0,20015980.0,50.031764161879124
1.71,-0.0,20018950.0,50.03173783760991
1.72,-0.0,20021930.0,50.03170530535132
1.73,-0.0,20024930.0,50.03166702064641
1.74,-0.0,20027950.0,50.03162347280116
1.75,-0.0,20030970.0,50.031575180022344
1.76,-0.0,20034010.0,50.03152268440152
1.77,-0.0,20037060.0,50.03146654690609
1.78,-0.0,20040130.0,50.031407342375935
1.79,-0.0,20043210.0,50.031345654541816
1.8,-0.0,20046300.0,50.031282071070706
1.81,-0.0,20049400.0,50.03121717889496
1.82,-0.0,20052520.0,50.03115155960089
1.83,-0.0,20055650.0,50.03108578495629
1.84,-0.0,20058790.0,50.03102041274445
1.85,-0.0,20061940.0,50.030955982766066
1.86,-0.0,20065100.0,50.03089301327706
1.87,-0.0,20068270.0,50.03083199758321
1.88,-0.0,20071460.0,50.030773400884364
1.89,-0.0,20074660.0,50.030717657482384
1.9,-0.0,20077860.0,50.030665168230925
1.91,-0.0,20081080.0,50.03061629844668
1.92,-0.0,20084310.0,50.03057137602405
1.93,-0.0,20087550.0,50.03053068980161
1.94,-0.0,20090790.0,50.03049448832123
1.95,-0.0,20094050.0,50.03046297896603
1.96,-0.0,20097320.0,50.0304363271551
1.97,-0.0,20100600.0,50.03041465606282
1.98,-0.0,20103880.0,50.03039804665952
1.99,-0.0,20107180.0,50.03038653792663
2.0,-0.0,20110480.0,50.03038012743735
2.01,-0.0,20113800.0,50.03037877217076
2.02,-0.0,20117120.0,50.03038238976936
2.03,-0.0,20120450.0,50.03039085997273
2.04,-0.0,20123790.0,50.030404026266126
2.05,-0.0,20127130.0,50.03042169787155
2.06,-0.0,20130480.0,50.0304436519062
2.07,-0.0,20133850.0,50.03049924537658
2.08,-0.0,20137210.0,50.03053209309375
2.09,-0.0,20140590.0,50.030567902500486
2.1,-0.0,20143970.0,50.03060636738231
2.11,-0.0,20147360.0,50.030647159002065
2.12,-0.0,20150760.0,50.03068993165245
2.13,-0.0,20154160.0,50.03073432739733
2.14,-0.0,20157570.0,50.030779980450504
2.15,-0.0,20160980.0,50.03082652123475
2.16,-0.0,20164400.0,50.03087358025231
2.17,-0.0,20167830.0,50.030920791544176
2.18,-0.0,20171260.0,50.03096779596512
2.19,-0.0,20174700.0,50.03101424429286
2.2,-0.0,20178140.0,50.03105980011382
2.21,-0.0,20181590.0,50.031104142520974
2.22,-0.0,20185040.0,50.031146968329175
2.23,-0.0,20188500.0,50.031187994308915
2.24,-0.0,20191960.0,50.031226959019605
2.25,-0.0,20195420.0,50.03126362428014
2.26,-0.0,20198890.0,50.031297776670726
2.27,-0.0,20202360.0,50.031329228508056
2.28,-0.0,20205840.0,50.03135781868148
2.29,-0.0,20209320.0,50.03138341320202
2.3,-0.0,20212800.0,50.031405905467544
2.31,-0.0,20216290.0,50.0314252163613
2.32,-0.0,20219780.0,50.0314412941433
2.33,-0.0,20223270.0,50.03145411411568
2.34,-0.0,20226770.0,50.031463678110285
2.35,-0.0,20230260.0,50.031470013704784
2.36,-0.0,20233770.0,50.03147317346199
2.37,-0.0,20237270.0,50.031473233879865
2.38,-0.0,20240770.0,50.031470294104594
2.39,-0.0,20244280.0,50.03146447473825
2.4,-0.0,20247790.0,50.03145591643988
2.41,-0.0,20251290.0,50.03144477834609
2.42,-0.0,20254810.0,50.031431236568395
2.43,-0.0,20258320.0,50.03141548248483
2.44,-0.0,20261830.0,50.03139772084286
2.45,-0.0,20265340.0,50.031378168035154
2.46,-0.0,20268860.0,50.03135705028755
2.47,-0.0,20272370.0,50.03133460157133
2.48,-0.0,20275890.0,50.03131106168334
2.49,-0.0,20279410.0,50.031286674339036
2.5,-0.0,20282920.0,50.0312616851147
2.51,-0.0,20286440.0,50.0312363394787
2.52,-0.0,20289950.0,50.03121088084017
2.53,-0.0,20293470.0,50.03118554863168
2.54,-0.0,20296990.0,50.03116057644251
2.55,-0.0,20300500.0,50.03113619021945
2.56,-0.0,20304020.0,50.03111260647795
2.57,-0.0,20307530.0,50.03109003071239
2.58,-0.0,20311040.0,50.0310686559018
2.59,-0.0,20314550.0,50.03104866116027
2.6,-0.0,20318060.0,50.03103021051321
2.61,-0.0,20321570.0,50.031013451770875
2.62,-0.0,20325080.0,50.03099851572203
2.63,-0.0,20328590.0,50.03098551539734
2.64,-0.0,20332090.0,50.03097454545471
2.65,-0.0,20335590.0,50.03096568190117
2.66,-0.0,20339090.0,50.030958981819786
2.67,-0.0,20342590.0,50.030954483317416
2.68,-0.0,20346090.0,50.030952205781354
2.69,-0.0,20349580.0,50.0309521502877
2.7,-0.0,20353070.0,50.03095429992068
2.71,-0.0,20356560.0,50.03095862045473
2.72,-0.0,20360050.0,50.030965061187196
2.73,-0.0,20363530.0,50.03097355576433
2.74,-0.0,20367020.0,50.03098402325211
2.75,-0.0,20370490.0,50.03099636913787
2.76,-0.0,20373970.0,50.031010486506574
2.77,-0.0,20377440.0,50.03102625725702
2.78,-0.0,20380910.0,50.03104355330432
2.79,-0.0,20384380.0,50.031062237967696
2.8,-0.0,20387840.0,50.03108216727389
2.81,-0.0,20391300.0,50.03110319128542
2.82,-0.0,20394750.0,50.03112515533608
2.83,-0.0,20398200.0,50.0311479013689
2.84,-0.0,20401650.0,50.0311712692904
2.85,-0.0,20405100.0,50.0311950981563
2.86,-0.0,20408540.0,50.03121922740801
2.87,-0.0,20411970.0,50.03124349806794
2.88,-0.0,20415400.0,50.031267753889885
2.89,-0.0,20418830.0,50.03129184246134
2.9,-0.0,20422260.0,50.031315616253934
2.91,-0.0,20425680.0,50.03133893361886
2.92,-0.0,20429090.0,50.031361659723785
2.93,-0.0,20432500.0,50.03138366735417
2.94,-0.0,20435910.0,50.03140483774674
2.95,-0.0,20439310.0,50.03142506140561
2.96,-0.0,20442710.0,50.03144423868691
2.97,-0.0,20446100.0,50.03146228040515
2.98,-0.0,20449490.0,50.031479108410814
2.99,-0.0,20452870.0,50.03149465599758
3.0,-0.0,20456250.0,50.03150886814799
3.01,-0.0,20459620.0,50.031521701710844
3.02,-0.0,20462990.0,50.03153312563191
3.03,-0.0,20466350.0,50.03154312105408
3.04,-0.0,20469710.0,50.031551681161666
3.05,-0.0,20473060.0,50.031558810951296
3.06,-0.0,20476410.0,50.031564527054826
3.07,-0.0,20479750.0,50.03156885736042
3.08,-0.0,20483090.0,50.03157184055607
3.09,-0.0,20486420.0,50.031573525566465
3.1,-0.0,20489750.0,50.03157397084955
3.11,-0.0,20493070.0,50.03157324377092
3.12,-0.0,20496390.0,50.03157141980861
3.13,-0.0,20499700.0,50.03156858164449
3.14,-0.0,20503000.0,50.03156481836268
3.15,-0.0,20506300.0,50.031560224509754
3.16,-0.0,20509600.0,50.03155489907434
3.17,-0.0,20512880.0,50.03154894453413
3.18,-0.0,20516170.0,50.03154246596928
3.19,-0.0,20519440.0,50.03153557001008
3.2,-0.0,20522720.0,50.03152836391877
3.21,-0.0,20525980.0,50.03152095473561
3.22,-0.0,20529240.0,50.03151344839384
3.23,-0.0,20532500.0,50.03150594879069
3.24,-0.0,20535750.0,50.03149855702301
3.25,-0.0,20538990.0,50.031491370713574
3.26,-0.0,20542230.0,50.031484483256115
3.27,-0.0,20545460.0,50.03147798320434
3.28,-0.0,20548690.0,50.031471953794124
3.29,-0.0,20551910.0,50.03146647235669
3.3,-0.0,20555130.0,50.031461609911865
3.31,-0.0,20558340.0,50.031457430861636
3.32,-0.0,20561540.0,50.031453992606146
3.33,-0.0,20564740.0,50.03145134530348
3.34,-0.0,20567930.0,50.03144953168531
3.35,-0.0,20571120.0,50.03144858700011
3.36,-0.0,20574300.0,50.03144853883954
3.37,-0.0,20577470.0,50.031449407134446
3.38,-0.0,20580640.0,50.03145120423971
3.39,-0.0,20583810.0,50.031453934930056
3.4,-0.0,20586970.0,50.03145759652804
3.41,-0.0,20590120.0,50.03146217914962
3.42,-0.0,20593270.0,50.03146766589738
3.43,-0.0,20596410.0,50.031474032972646
3.44,-0.0,20599540.0,50.031481250084155
3.45,-0.0,20602680.0,50.03148928092437
3.46,-0.0,20605800.0,50.03149808337999
3.47,-0.0,20608920.0,50.031507609983684
3.48,-0.0,20612030.0,50.03151780843987
3.49,-0.0,20615140.0,50.0315286220459
3.5,-0.0,20618250.0,50.031539990300764
3.51,-0.0,20621340.0,50.031551849368974
3.52,-0.0,20624430.0,50.03156413268357
3.53,-0.0,20627520.0,50.031576771677265
3.54,-0.0,20630600.0,50.03158969621796
3.55,-0.0,20633680.0,50.03160283525235
3.56,-0.0,20636750.0,50.03161611755874
3.57,-0.0,20639820.0,50.03162947225821
3.58,-0.0,20642880.0,50.03164282934447
3.59,-0.0,20645930.0,50.03165612027587
3.6,-0.0,20648980.0,50.031669278611226
3.61,-0.0,20652030.0,50.031682240588204
3.62,-0.0,20655060.0,50.03169494544248
3.63,-0.0,20658100.0,50.03170733595792
3.64,-0.0,20661130.0,50.031719358837734
3.65,-0.0,20664150.0,50.03173096507783
3.66,-0.0,20667170.0,50.03174211031383
3.67,-0.0,20670190.0,50.03175275492371
3.68,-0.0,20673200.0,50.03176286431531
3.69,-0.0,20676200.0,50.03177240913168
3.7,-0.0,20679200.0,50.03178136525238
3.71,-0.0,20682200.0,50.03178971384592
3.72,-0.0,20685190.0,50.03179744135681
3.73,-0.0,20688180.0,50.03180453946317
3.74,-0.0,20691160.0,50.03181100504809
3.75,-0.0,20694140.0,50.03181684005193
3.76,-0.0,20697110.0,50.031822051221354
3.77,-0.0,20700080.0,50.03182664999877
3.78,-0.0,20703040.0,50.03183065226923
3.79,-0.0,20706000.0,50.031834078046266
3.8,-0.0,20708960.0,50.03183695120288
3.81,-0.0,20711910.0,50.03183929927102
3.82,-0.0,20714850.0,50.031841153111564
3.83,-0.0,20717800.0,50.03184254660762
3.84,-0.0,20720740.0,50.03184351631709
3.85,-0.0,20723670.0,50.03184410115091
3.86,-0.0,20726600.0,50.0318443420133
3.87,-0.0,20729530.0,50.03184428147029
3.88,-0.0,20732450.0,50.031843963382805
3.89,-0.0,20735370.0,50.0318434325704
3.9,-0.0,20738290.0,50.031842734514484
3.91,-0.0,20741200.0,50.031841914926076
3.92,-0.0,20744110.0,50.03184101940025
3.93,-0.0,20747010.0,50.031840093145554
3.94,-0.0,20749910.0,50.03183918054982
3.95,-0.0,20752810.0,50.03183832487025
3.96,-0.0,20755710.0,50.03183756804391
3.97,-0.0,20758600.0,50.0318369502054
3.98,-0.0,20761490.0,50.03183650941991
3.99,-0.0,20764370.0,50.03183628154313
4.0,-0.0,20767250.0,50.03183629986726
4.01,-0.0,20770130.0,50.03183659482192
4.02,-0.0,20773010.0,50.0318371938535
4.03,-0.0,20775880.0,50.03183812123273
4.04,-0.0,20778750.0,50.031839397911135
4.05,-0.0,20781620.0,50.03184104146631
4.06,-0.0,20784480.0,50.03184306592943
4.07,-0.0,20787340.0,50.03184548174811
4.08,-0.0,20790200.0,50.03184829583856
4.09,-0.0,20793060.0,50.031851511519754
4.1,-0.0,20795910.0,50.03185512858143
4.11,-0.0,20798770.0,50.03185914343867
4.12,-0.0,20801620.0,50.03186354923653
4.13,-0.0,20804460.0,50.03186833598663
4.14,-0.0,20807310.0,50.03187349065996
4.15,-0.0,20810150.0,50.03187899747249
4.16,-0.0,20812990.0,50.0318848380753
4.17,-0.0,20815830.0,50.03189099172415
4.18,-0.0,20818670.0,50.03189743567103
4.19,-0.0,20821500.0,50.03190414531473
4.2,-0.0,20824340.0,50.031911094476264
4.21,-0.0,20827170.0,50.031918255717
4.22,-0.0,20830000.0,50.0319256005219
4.23,-0.0,20832830.0,50.031933099564355
4.24,-0.0,20835650.0,50.03194072296537
4.25,-0.0,20838480.0,50.03194844054521
4.26,-0.0,20841300.0,50.03195622213844
4.27,-0.0,20844120.0,50.031964037803014
4.28,-0.0,20846940.0,50.03197185803874
4.29,-0.0,20849760.0,50.031979653908756
4.3,-0.0,20852580.0,50.03198739726297
4.31,-0.0,20855400.0,50.031995061057714
4.32,-0.0,20858210.0,50.032002619429946
4.33,-0.0,20861030.0,50.03201004778989
4.34,-0.0,20863840.0,50.03201732305307
4.35,-0.0,20866650.0,50.03202442376019
4.36,-0.0,20869470.0,50.032031330202386
4.37,-0.0,20872280.0,50.032038024518265
4.38,-0.0,20875090.0,50.0320444907952
4.39,-0.0,20877900.0,50.03205071521296
4.4,-0.0,20880700.0,50.03205668602273
4.41,-0.0,20883510.0,50.03206239354011
4.42,-0.0,20886320.0,50.03206783034527
4.43,-0.0,20889120.0,50.032072991271384
4.44,-0.0,20891930.0,50.03207787327095
4.45,-0.0,20894730.0,50.032082475499884
4.46,-0.0,20897540.0,50.03208679935464
4.47,-0.0,20900340.0,50.032090848341205
4.48,-0.0,20903140.0,50.03209462802678
4.49,-0.0,20905940.0,50.032098146028446
4.5,-0.0,20908740.0,50.03210141190466
4.51,-0.0,20911540.0,50.03210443696261
4.52,-0.0,20914340.0,50.03210723414827
4.53,-0.0,20917140.0,50.03210981790369
4.54,-0.0,20919940.0,50.03211220402658
4.55,-0.0,20922740.0,50.03211440957327
4.56,-0.0,20925540.0,50.032116452672646
4.57,-0.0,20928330.0,50.03211835226507
4.58,-0.0,20931130.0,50.03212012793444
4.59,-0.0,20933920.0,50.03212179971921
4.6,-0.0,20936720.0,50.03212338800951
4.61,-0.0,20939510.0,50.032124913333675
4.62,-0.0,20942300.0,50.032126396041576
4.63,-0.0,20945100.0,50.03212785622685
4.64,-0.0,20947890.0,50.03212931362667
4.65,-0.0,20950680.0,50.03213078745182
4.66,-0.0,20953470.0,50.03213229616035
4.67,-0.0,20956260.0,50.0321338573413
4.68,-0.0,20959050.0,50.03213548759328
4.69,-0.0,20961840.0,50.03213720243126
4.7,-0.0,20964620.0,50.03213901619041
4.71,-0.0,20967410.0,50.03214094195938
4.72,-0.0,20970190.0,50.0321429915823
4.73,-0.0,20972980.0,50.03214517545156
4.74,-0.0,20975760.0,50.03214750257972
4.75,-0.0,20978540.0,50.032149980621675
4.76,-0.0,20981320.0,50.03215261571876
4.77,-0.0,20984100.0,50.032155412587976
4.78,-0.0,20986880.0,50.03215837452012
4.79,-0.0,20989660.0,50.032161503403984
4.8,-0.0,20992430.0,50.03216479974309
4.81,-0.0,20995210.0,50.032168262625106
4.82,-0.0,20997980.0,50.03217188977784
4.83,-0.0,21000750.0,50.03217567769933
4.84,-0.0,21003520.0,50.03217962169661
4.85,-0.0,21006290.0,50.03218371587741
4.86,-0.0,21009060.0,50.03218795329961
4.87,-0.0,21011820.0,50.032192325956736
4.88,-0.0,21014590.0,50.0321968248821
4.89,-0.0,21017350.0,50.03220144022348
4.9,-0.0,21020110.0,50.03220616135312
4.91,-0.0,21022860.0,50.03221097702063
4.92,-0.0,21025620.0,50.03221587537505
4.93,-0.0,21028370.0,50.03222084400224
4.94,-0.0,21031120.0,50.03222587013022
4.95,-0.0,21033870.0,50.03223094072089
4.96,-0.0,21036620.0,50.03223604259662
4.97,-0.0,21039360.0,50.032241162535975
4.98,-0.0,21042110.0,50.03224628733041
4.99,-0.0,21044840.0,50.03225140390304
5.0,-145.62460048547868,21047580.0,50.03225649943729
5.01,-581.7287181796643,21050170.0,50.032261556354264
5.02,-1307.157985197618,21052460.0,50.03226654381721
5.03,-2320.7579607762286,21054470.0,50.03227141634691
5.04,-3621.373679053116,21056180.0,50.03227611750249
5.05,-5207.849066903682,21057600.0,50.032280582699386
5.06,-7079.026231831463,21058730.0,50.03228474146928
5.07,-9233.744631507163,21059570.0,50.0322885193403
5.08,-11670.84014329816,21060130.0,50.03229183932271
5.09,-14389.144056296791,21060400.0,50.03229462313943
5.1,-17387.482009810115,21060390.0,50.03229679219721
5.11,-20664.672904853865,21060090.0,50.03229826855715
5.12,-24219.52781341431,21059510.0,50.03229897566717
5.13,-28050.848908060998,21058650.0,50.032298838938495
5.14,-32157.42843827899,21057510.0,50.03229778644111
5.15,-36538.04776971361,21056090.0,50.03229574925957
5.16,-41191.47650647171,21054390.0,50.03229266189935
5.17,-46116.47171275229,21052420.0,50.03228846265686
5.18,-51311.77724385733,21050160.0,50.03228309380196
5.19,-56776.12319763888,21047640.0,50.03227650177882
5.2,-62508.225498066124,21044840.0,50.03226863743193
5.21,-68506.78561267388,21041760.0,50.03225945607957
5.22,-74770.4904063041,21038420.0,50.03224891756918
5.23,-81298.01213561068,21034800.0,50.03223698633936
5.24,-88088.00857433506,21030920.0,50.03222363130195
5.25,-95139.12327274923,21026770.0,50.03220882584994
5.26,-102449.98594082108,21022350.0,50.032192547727504
5.27,-110019.21294785247,21017670.0,50.03217477889612
5.28,-117845.40793306164,21012720.0,50.032155505420725
5.29,-125927.16251134613,21007520.0,50.03213471726009
5.3,-134263.05706224177,21002050.0,50.03211240803007
5.31,-142851.66158561193,20996320.0,50.03208857475641
5.32,-151691.53661528125,20990330.0,50.03206321760262
5.33,-160781.23417674433,20984080.0,50.03203633966149
5.34,-170119.29878061303,20977580.0,50.03200794670185
5.35,-179704.26841302996,20970820.0,50.03197804676668
5.36,-189534.67553066704,20963810.0,50.03194664992684
5.37,-199609.04804158103,20956550.0,50.03191376799724
5.38,-209925.91023840563,20949030.0,50.03187941411233
5.39,-220483.78369148698,20941270.0,50.031843602465095
5.4,-231281.18807327925,20933260.0,50.031806347945576
5.41,-242316.64192042264,20925000.0,50.03176766588327
5.42,-253588.66329920857,20916500.0,50.03172757168092
5.43,-265095.7703743642,20907750.0,50.031686080503704
5.44,-276836.4818795724,20898760.0,50.03164320701564
5.45,-288809.31745518936,20889530.0,50.03159896500754
5.46,-301012.797894383,20880060.0,50.03155336725995
5.47,-313445.44525694835,20870350.0,50.031506425243975
5.48,-326105.7828559288,20860410.0,50.031458148874734
5.49,-338992.335124531,20850220.0,50.03140854633974
5.5,-352103.6273387026,20839810.0,50.03135762381358
5.51,-365438.1852092999,20829150.0,50.03130538529095
5.52,-378994.53439772455,20818270.0,50.03125183258014
5.53,-392771.19990533957,20807160.0,50.031196965142975
5.54,-406766.70535851124,20795820.0,50.03114077999468
5.55,-420979.57221206604,20784250.0,50.0310832716837
5.56,-435408.3188418066,20772450.0,50.03102443216161
5.57,-450051.4595888394,20760430.0,50.03096425084394
5.58,-464907.503730954,20748180.0,50.03090271459594
5.59,-479974.9544418597,20735710.0,50.030839807843144
5.6,-495252.3077263378,20723020.0,50.03077551266204
5.61,-510738.05128191743,20710110.0,50.0307098087045
5.62,-526430.663423679,20696980.0,50.03064267345827
5.63,-542328.6120006309,20683630.0,50.03057408232882
5.64,-558430.3533509965,20670070.0,50.0305040087863
5.65,-574734.3313463385,20656290.0,50.03043242463539
5.66,-591238.9764536368,20642300.0,50.03035930008358
5.67,-607942.7048663133,20628100.0,50.03028460391925
5.68,-624843.9177849302,20613690.0,50.03020830383698
5.69,-641941.0007364597,20599070.0,50.030130366523096
5.7,-659232.3230482575,20584240.0,50.03005075794702
5.71,-676716.2374486028,20569210.0,50.029969443597054
5.72,-694391.0797527848,20553970.0,50.02988638861666
5.73,-712255.1687196288,20538530.0,50.02980155807549
5.74,-730306.8060637268,20522890.0,50.02971491724253
5.75,-748544.2766854865,20507050.0,50.02962643190194
5.76,-766965.8489660579,20491010.0,50.029536068438254
5.77,-785569.7751752977,20474770.0,50.02944379396135
5.78,-804354.2921017396,20458340.0,50.029349576642055
5.79,-823317.621892087,20441710.0,50.029253386000526
5.8,-842457.9729561127,20424900.0,50.02915519295886
5.81,-861773.541001459,20407890.0,50.02905496999922
5.82,-881262.5103225996,20390690.0,50.02895269150361
5.83,-900923.0551184639,20373310.0,50.0288483337563
5.84,-920753.3409200292,20355740.0,50.02874187506545
5.85,-940751.5261914337,20337990.0,50.02863329597833
5.86,-960915.7640477684,20320060.0,50.02852257940818
5.87,-981244.2040021793,20301940.0,50.02840971065474
5.88,-1001734.9937640392,20283650.0,50.02829467744445
5.89,-1022386.2811112398,20265180.0,50.02817747000922
5.9,-1043196.2158244378,20246540.0,50.02805808115467
5.91,-1064162.9516506218,20227720.0,50.027936506288796
5.92,-1085284.6482929569,20208730.0,50.02781274344401
5.93,-1106559.4733368247,20189570.0,50.02768679319178
5.94,-1127985.6041133527,20170240.0,50.02755865857673
5.95,-1149561.2295411446,20150750.0,50.02742834509001
5.96,-1171284.5520031701,20131090.0,50.02729586070487
5.97,-1193153.7890539423,20111270.0,50.027161215710606
5.98,-1215167.1750232645,20091280.0,50.02702442258703
5.99,-1237322.962507829,20071140.0,50.026885495907656
6.0,-1259619.4237259163,20050830.0,50.02674445218447
6.01,-1282054.8518093352,20030370.0,50.02660130982972
6.02,-1304627.5618983768,20009760.0,50.02645608895212
6.03,-1327335.8920423915,19988990.0,50.02630881116661
6.04,-1350178.2038875534,19968060.0,50.02615949940018
6.05,-1373152.8833364912,19946990.0,50.026008177849015
6.06,-1396258.3409302987,19925770.0,50.025854871742446
6.07,-1419493.0120551828,19904400.0,50.02569960715727
6.08,-1442855.356917338,19882880.0,50.02554241080098
6.09,-1466343.8603983955,19861210.0,50.025383309912954
6.1,-1489957.0317640319,19839410.0,50.02522233211024
6.11,-1513693.4040871428,19817460.0,50.02505950513621
6.12,-1537551.5336550213,19795370.0,50.02489485681917
6.13,-1561529.9990585546,19773130.0,50.02472841480565
6.14,-1585627.4002399032,19750770.0,50.024560206483834
6.15,-1609842.3573336466,19728260.0,50.02439025880062
6.16,-1634173.509374054,19705620.0,50.024218598134084
6.17,-1658619.5128636484,19682840.0,50.02404525014088
6.18,-1683179.040241285,19659920.0,50.023870239657
6.19,-1707850.778415287,19636880.0,50.02369359071329
6.2,-1732633.427094492,19613700.0,50.023515326345766
6.21,-1757525.6970502671,19590400.0,50.02333546851252
6.22,-1782526.308327272,19566960.0,50.02315403801714
6.23,-1807633.9885189668,19543400.0,50.02297105452402
6.24,-1832847.4709075056,19519710.0,50.02278653641514
6.25,-1858165.4926327167,19495890.0,50.022600500781
6.26,-1883586.7930638834,19471950.0,50.022412963524474
6.27,-1909110.112080262,19447890.0,50.02222393925722
6.28,-1934734.1883896734,19423700.0,50.02203344130142
6.29,-1960457.7579190962,19399390.0,50.021841481695674
6.3,-1986279.5522927167,19374970.0,50.02164807122058
6.31,-2012198.297379464,19350420.0,50.02145321942743
6.32,-2038212.712207462,19325760.0,50.02125693482577
6.33,-2064321.5077680433,19300970.0,50.02105922481505
6.34,-2090523.3857964354,19276080.0,50.02086009562498
6.35,-2116817.0380270723,19251070.0,50.02065955260917
6.36,-2143201.1455614073,19225940.0,50.020457600281446
6.37,-2169674.3782282863,19200710.0,50.02025424231946
6.38,-2196235.394245774,19175360.0,50.02004948171926
6.39,-2222882.839986333,19149900.0,50.01984332086808
6.4,-2249615.3499248894,19124340.0,50.0196357616327
6.41,-2276431.546832817,19098670.0,50.01942680551586
6.42,-2303330.0419627656,19072890.0,50.01921645366032
6.43,-2330309.435440783,19047010.0,50.01900470696088
6.44,-2357368.317025485,19021030.0,50.018791566293274
6.45,-2384505.266959576,18994940.0,50.01857703257886
6.46,-2411718.856929049,18968750.0,50.018361106863054
6.47,-2439007.651097726,18942470.0,50.01814379038896
6.48,-2466370.207272975,18916080.0,50.017925084679014
6.49,-2493805.0782758016,18889600.0,50.017704991678144
6.5,-2521310.813352966,18863030.0,50.017483513808045
6.51,-2548885.959645492,18836360.0,50.01726065402955
6.52,-2576529.063849851,18809600.0,50.01703641596523
6.53,-2604238.673995039,18782740.0,50.01681080400271
6.54,-2632013.3410293786,18755800.0,50.016583823241035
6.55,-2659851.620580568,18728770.0,50.01635547960953
6.56,-2687752.074787261,18701650.0,50.01612577993427
6.57,-2715713.2739079604,18674450.0,50.01589473187755
6.58,-2743733.798172475,18647160.0,50.015662344088184
6.59,-2771812.2393316445,18619790.0,50.01542862609617
6.6,-2799947.202157014,18592340.0,50.01519358832587
6.61,-2828137.30598243,18564800.0,50.01495724213576
6.62,-2856381.1862503327,18537190.0,50.014719599868876
6.63,-2884677.495873067,18509500.0,50.01448067478488
6.64,-2913024.9062936874,18481740.0,50.01424048096218
6.65,-2941422.108554891,18453900.0,50.013999033324374
6.66,-2969867.8143933397,18425980.0,50.01375634766126
6.67,-2998360.7570770932,18397990.0,50.01351244054759
6.68,-3026899.691921022,18369930.0,50.0132673292172
6.69,-3055483.396833407,18341800.0,50.01302103157818
6.7,-3084110.6727852984,18313610.0,50.01277356620864
6.71,-3112780.3439521682,18285340.0,50.01252495219709
6.72,-3141491.257829857,18257010.0,50.01227520915859
6.73,-3170242.2851350913,18228610.0,50.01202435713235
6.74,-3199032.319400583,18200140.0,50.011772416451215
6.75,-3227860.27654999,18171610.0,50.01151940773815
6.76,-3256725.0943883536,18143020.0,50.01126535183037
6.77,-3285625.731823758,18114370.0,50.01101026969884
6.78,-3314561.168066228,18085660.0,50.01075418237787
6.79,-3343530.4015742117,18056890.0,50.01049711088946
6.8,-3372532.4489963953,18028060.0,50.01023907617777
6.81,-3401566.3439090624,17999170.0,50.00998009903853
6.82,-3430631.1353338314,17970220.0,50.00972019998871
6.83,-3459725.88641532,17941220.0,50.009459399295594
6.84,-3488849.672960599,17912170.0,50.00919771690383
6.85,-3518001.5817799643,17883060.0,50.008935172320825
6.86,-3547180.709198332,17853900.0,50.0086717846471
6.87,-3576386.1595049165,17824680.0,50.00840757252204
6.88,-3605617.0431926083,17795420.0,50.00814255401297
6.89,-3634872.4752439507,17766100.0,50.00787674659593
6.9,-3664151.5734665836,17736730.0,50.0076101671303
6.91,-3693453.456645079,17707320.0,50.00734283177386
6.92,-3722777.2432621345,17677860.0,50.00707475612808
6.93,-3752122.0499697067,17648350.0,50.00680595511855
6.94,-3781486.9897115235,17618790.0,50.0065364428765
6.95,-3810871.1705747526,17589190.0,50.006266232897985
6.96,-3840273.6945326095,17559550.0,50.00599533803598
6.97,-3869693.656215426,17529860.0,50.005723770436916
6.98,-3899130.1417518933,17500130.0,50.00545154156891
6.99,-3928582.227989844,17470360.0,50.005178662314144
7.0,-3958048.9816084597,17440550.0,50.0049051429072
7.01,-3987529.458147575,17410700.0,50.004630992910805
7.02,-4017022.701517905,17380810.0,50.00435622133351
7.03,-4046527.743633641,17350880.0,50.004080836659625
7.04,-4076043.6041617803,17320910.0,50.00380484688981
7.05,-4105569.290434611,17290910.0,50.003528259576576
7.06,-4135103.7977546616,17260880.0,50.00325108193968
7.07,-4164646.1092084586,17230810.0,50.002973320741184
7.08,-4194195.1960933506,17200710.0,50.00269498244606
7.09,-4223750.01851016,17170580.0,50.002416073301305
7.1,-4253309.525716711,17140420.0,50.00213659925109
7.11,-4282872.656765013,17110230.0,50.00185656605949
7.12,-4312438.341583752,17080010.0,50.001575979427884
7.13,-4342005.5020028725,17049760.0,50.0012948450111
7.14,-4371573.052606574,17019490.0,50.00101316838928
7.15,-4401139.901936145,16989200.0,50.000730955182014
7.16,-4430704.953456518,16958870.0,50.00044821100299
7.17,-4460267.106884434,16928530.0,50.000164941586874
7.18,-4489825.259714097,16898170.0,49.99988115286621
7.19,-4519378.308441093,16867780.0,49.99959685092297
7.2,-4548925.149832836,16837380.0,49.99931204201372
7.21,-4578464.682148103,16806960.0,49.99902673259994
7.22,-4607995.806682417,16776520.0,49.998740929438554
7.23,-4637517.429292059,16746070.0,49.99845463961933
7.24,-4667028.4616482435,16715600.0,49.99816787052896
7.25,-4696527.822547647,16685120.0,49.99788062986375
7.26,-4726014.439001885,16654620.0,49.99759292563299
7.27,-4755487.24755722,16624120.0,49.99730476620353
7.28,-4784945.1953308685,16593600.0,49.99701616028747
7.29,-4814387.241100207,16563080.0,49.99672711694537
7.3,-4843812.35631909,16532550.0,49.996437645607806
7.31,-4873219.525903595,16502010.0,49.99614775602904
7.32,-4902607.7489177445,16471470.0,49.99585745827987
7.33,-4931976.039444037,16440920.0,49.99556676280845
7.34,-4961323.427142892,16410370.0,49.99527568037001
7.35,-4990648.957655259,16379820.0,49.99498422202027
7.36,-5019951.692938591,16349260.0,49.99469239908444
7.37,-5049230.711324809,16318700.0,49.99440022311266
7.38,-5078485.107812309,16288150.0,49.9941077059284
7.39,-5107713.993990703,16257600.0,49.9938148595601
7.4,-5136916.497977095,16227040.0,49.99352169622117
7.41,-5166091.764084119,16196500.0,49.993228228280955
7.42,-5195238.952455306,16165950.0,49.992934468207174
7.43,-5224357.238442978,16135410.0,49.99264042854701
7.44,-5253445.812246525,16104880.0,49.99234612194105
7.45,-5282503.878022245,16074360.0,49.99205156101837
7.46,-5311530.65310721,16043840.0,49.9917567583941
7.47,-5340525.367435912,16013330.0,49.99146172671164
7.48,-5369487.262565043,15982830.0,49.99116647854194
7.49,-5398415.590592636,15952340.0,49.990871026336556
7.5,-5427309.61310349,15921860.0,49.9905753824184
7.51,-5456168.600090115,15891390.0,49.990279558970315
7.52,-5484991.828813693,15860940.0,49.98998356798713
7.53,-5513778.582686688,15830500.0,49.98968742127433
7.54,-5542528.150244904,15800070.0,49.98939113043755
7.55,-5571239.824122602,15769660.0,49.989094706879115
7.56,-5599912.8997621415,15739260.0,49.988798161716254
7.57,-5628546.674194165,15708880.0,49.98850150576624
7.58,-5657140.444978854,15678520.0,49.98820474958773
7.59,-5685693.509593045,15648180.0,49.98790790352274
7.6,-5714205.164198097,15617850.0,49.98761097757788
7.61,-5742674.702508545,15587540.0,49.9873139814289
7.62,-5771101.4152506655,15557260.0,49.98701692450058
7.63,-5799484.5894249445,15526990.0,49.9867198159442
7.64,-5827823.507422485,15496750.0,49.98642266457731
7.65,-5856117.446205192,15466530.0,49.98612547888891
7.66,-5884365.677195006,15436330.0,49.985828267170604
7.67,-5912567.46586421,15406160.0,49.98553103744724
7.68,-5940722.071312063,15376010.0,49.98523379747645
7.69,-5968828.74600783,15345890.0,49.98493655477027
7.7,-5996886.735375354,15315790.0,49.984639316558415
7.71,-6024895.277809825,15285720.0,49.98434208986333
7.72,-6052853.604952765,15255690.0,49.98404488155882
7.73,-6080760.9416936925,15225680.0,49.98374769831672
7.74,-6108616.506389754,15195700.0,49.983450546648115
7.75,-6136419.511188431,15165740.0,49.98315343292568
7.76,-6164169.1624778975,15135830.0,49.9828563634188
7.77,-6191864.661427992,15105940.0,49.98255934431145
7.78,-6219505.204288571,15076090.0,49.982262381662935
7.79,-6247089.982993178,15046270.0,49.98196548148142
7.8,-6274618.18590003,15016490.0,49.98166864974542
7.81,-6302088.998387215,14986750.0,49.98137189239587
7.82,-6329501.6033695815,14957040.0,49.981075215330186
7.83,-6356855.181969777,14927360.0,49.98077862444018
7.84,-6384148.91468454,14897730.0,49.980482125708384
7.85,-6411381.982250381,14868140.0,49.980185725179034
7.86,-6438553.566434741,14838590.0,49.9798894289489
7.87,-6465662.8507701475,14809080.0,49.97959324318791
7.88,-6492709.02131611,14779610.0,49.97929717412818
7.89,-6519691.267581863,14750180.0,49.97900122812511
7.9,-6546608.783403926,14720800.0,49.97870541166666
7.91,-6573460.767518058,14691460.0,49.97840973131781
7.92,-6600246.424385374,14662170.0,49.97811419378491
7.93,-6626964.965146582,14632930.0,49.9778188059554
7.94,-6653615.607993916,14603730.0,49.97752357479665
7.95,-6680197.578574423,14574590.0,49.97722850738807
7.96,-6706710.110929229,14545490.0,49.97693361100225
7.97,-6733152.448230656,14516440.0,49.976638893102574
7.98,-6759523.843100235,14487440.0,49.976344361269256
7.99,-6785823.557560031,14458500.0,49.97605002314808
8.0,-6812050.8632903155,14429600.0,49.975755886508736
8.01,-6838205.042147238,14400770.0,49.9754619592843
8.02,-6864285.386550669,14371980.0,49.975168249567695
8.03,-6890291.199441511,14343250.0,49.97487476553605
8.04,-6916221.794017113,14314580.0,49.974581515432504
8.05,-6942076.493700991,14285960.0,49.97428850757502
8.06,-6967854.63221281,14257400.0,49.97399575040293
8.07,-6993555.553226034,14228900.0,49.97370325239373
8.08,-7019178.609947684,14200460.0,49.973411022052545
8.09,-7044723.165199386,14172070.0,49.97311906798453
8.1,-7070188.590936282,14143750.0,49.972827398819405
8.11,-7095574.267549571,14115490.0,49.97253602315136
8.12,-7120879.5834727995,14087290.0,49.972244949597226
8.13,-7146103.934697506,14059150.0,49.971954186757515
8.14,-7171246.724059521,14031070.0,49.97166374320176
8.15,-7196307.361008292,14003060.0,49.97137362750959
8.16,-7221285.261079802,13975120.0,49.971083848239566
8.17,-7246179.845100279,13947230.0,49.97079441386489
8.18,-7270990.538061429,13919420.0,49.97050533272922
8.19,-7295716.768640439,13891670.0,49.97021661311141
8.2,-7320357.968932846,13863980.0,49.96992826327079
8.21,-7344913.573796109,13836370.0,49.969640291378006
8.22,-7369383.019969156,13808820.0,49.96935270546819
8.23,-7393765.745652609,13781340.0,49.96906551350436
8.24,-7418061.18997503,13753940.0,49.96877872335116
8.25,-7442268.792457759,13726600.0,49.96849234276479
8.26,-7466387.992336366,13699330.0,49.96820637937531
8.27,-7490418.2279683035,13672140.0,49.96792084068317
8.28,-7514358.93651319,13645020.0,49.96763573408261
8.29,-7538209.553449925,13617960.0,49.967351066851315
8.3,-7561969.512122622,13590990.0,49.967066846139836
8.31,-7585638.24359393,13564090.0,49.96678307900356
8.32,-7609215.176538156,13537260.0,49.96649977242152
8.33,-7632699.736883006,13510510.0,49.96621693324752
8.34,-7656091.347485198,13483830.0,49.965934568209555
8.35,-7679389.428256411,13457230.0,49.96565268397864
8.36,-7702593.395961639,13430710.0,49.96537128711276
8.37,-7725702.664002715,13404270.0,49.965090384064716
8.38,-7748716.642281276,13377900.0,49.964809981172756
8.39,-7771634.737293268,13351620.0,49.964530084707796
8.4,-7794456.35261216,13325410.0,49.96425070092697
8.41,-7817180.889281016,13299290.0,49.963971836062285
8.42,-7839807.745492517,13273240.0,49.96369349623206
8.43,-7862336.316800357,13247280.0,49.963415687498795
8.44,-7884765.996602724,13221410.0,49.96313841592377
8.45,-7907096.176337886,13195610.0,49.96286168752732
8.46,-7929326.245869019,13169900.0,49.962585508318135
8.47,-7951455.59377096,13144280.0,49.96230988428824
8.48,-7973483.607599349,13118740.0,49.96203482140736
8.49,-7995409.674351917,13093280.0,49.961760325659064
8.5,-8017233.181028858,13067920.0,49.96148640306318
8.51,-8038953.515111129,13042640.0,49.96121305966527
8.52,-8060570.064613529,13017450.0,49.96094030149043
8.53,-8082082.218708777,12992350.0,49.960668134622786
8.54,-8103489.368411852,12967340.0,49.96039656521468
8.55,-8124790.906510347,12942420.0,49.96012559940725
8.56,-8145986.2278947085,12917590.0,49.95985524336734
8.57,-8167074.729969079,12892850.0,49.95958550331602
8.58,-8188055.81291378,12868200.0,49.95931638551503
8.59,-8208928.880171302,12843650.0,49.95904789629595
8.6,-8229693.33898772,12819190.0,49.958780042075865
8.61,-8250348.600515476,12794830.0,49.95851282930451
8.62,-8270894.079756741,12770560.0,49.95824626445921
8.63,-8291329.195928827,12746390.0,49.95798035407311
8.64,-8311653.372705295,12722310.0,49.957715104756446
8.65,-8331866.038446842,12698330.0,49.95745052317679
8.66,-8351966.625948581,12674450.0,49.95718661601075
8.67,-8371954.5722237015,12650670.0,49.95692338994212
8.68,-8391829.318859736,12626980.0,49.95666085172821
8.69,-8411590.312233161,12603400.0,49.95639900821091
8.7,-8431237.003458569,12579920.0,49.95613786625985
8.71,-8450768.84788525,12556530.0,49.95587743272766
8.72,-8470185.304955492,12533250.0,49.95561771448674
8.73,-8489485.838464903,12510070.0,49.95535871848583
8.74,-8508669.91638956,12486990.0,49.955100451688445
8.75,-8527737.010253167,12464020.0,49.95484292103164
8.76,-8546686.595267605,12441150.0,49.95458613349463
8.77,-8565518.149866818,12418380.0,49.95433009603934
8.78,-8584231.155595085,12395720.0,49.95407481564976
8.79,-8602825.09709919,12373170.0,49.95382029934106
8.8,-8621299.461475164,12350720.0,49.953566554078435
8.81,-8639653.737937761,12328380.0,49.95331358681181
8.82,-8657887.417142767,12306150.0,49.95306140442986
8.83,-8675999.991266731,12284020.0,49.95281001383893
8.84,-8693990.953918379,12262000.0,49.95255942197054
8.85,-8711859.799706364,12240100.0,49.95230963569908
8.86,-8729606.023595113,12218300.0,49.95206066184011
8.87,-8747229.120964924,12196610.0,49.951812507224005
8.88,-8764728.58750206,12175030.0,49.95156517867031
8.89,-8782103.918224433,12153570.0,49.9513186828766
8.9,-8799354.607477224,12132210.0,49.951073026542595
8.91,-8816480.149103083,12110970.0,49.95082821637967
8.92,-8833480.035890708,12089840.0,49.950584259030805
8.93,-8850353.759440094,12068830.0,49.95034116110705
8.94,-8867100.809613757,12047930.0,49.95009892914348
8.95,-8883720.674454782,12027140.0,49.94985756964467
8.96,-8900212.84023238,12006480.0,49.949617089106376
8.97,-8916576.791154642,11985920.0,49.94937749397406
8.98,-8932812.009477166,11965480.0,49.94913879067708
8.99,-8948917.975102322,11945160.0,49.94890098558301
9.0,-8964894.165622,11924960.0,49.948664085042175
9.01,-8980740.056572594,11904880.0,49.94842809540896
9.02,-8996455.120986529,11884910.0,49.94819302296379
9.03,-9012038.829324562,11865060.0,49.94795887395898
9.04,-9027490.649457134,11845340.0,49.947725654611496
9.05,-9042810.046874551,11825730.0,49.947493371144446
9.06,-9057996.485130997,11806250.0,49.947262029806296
9.07,-9073049.425711852,11786890.0,49.94703163682745
9.08,-9087968.327883318,11767650.0,49.94680219838065
9.09,-9102752.648622401,11748530.0,49.946573720630205
9.1,-9117401.843055435,11729540.0,49.94634620975668
9.11,-9131915.36424908,11710660.0,49.94611967191786
9.12,-9146292.663871253,11691920.0,49.94589411332111
9.13,-9160533.192156455,11673300.0,49.9456695401675
9.14,-9174636.397920907,11654810.0,49.94544595865904
9.15,-9188601.72894314,11636440.0,49.945223375023915
9.16,-9202428.631788483,11618200.0,49.945001795477175
9.17,-9216116.552062998,11600090.0,49.94478122625671
9.18,-9229664.934489613,11582100.0,49.94456167361476
9.19,-9243073.22303625,11564250.0,49.94434314381517
9.2,-9256340.861447638,11546530.0,49.94412564320071
9.21,-9269467.293134566,11528930.0,49.943909178096376
9.22,-9282451.96117852,11511470.0,49.94369375486115
9.23,-9295294.30848767,11494130.0,49.94347937986408
9.24,-9307993.777686646,11476930.0,49.94326605949672
9.25,-9320549.811476037,11459860.0,49.94305380018838
9.26,-9332961.852357108,11442930.0,49.94284260837233
9.27,-9345229.343061341,11426130.0,49.94263249054858
9.28,-9357351.726868872,11409460.0,49.942423453269434
9.29,-9369328.447254159,11392930.0,49.942215503088725
9.3,-9381158.94776281,11376530.0,49.94200864656546
9.31,-9392842.67209017,11360270.0,49.94180289029265
9.32,-9404379.06371823,11344150.0,49.941598240853295
9.33,-9415767.56629655,11328160.0,49.9413947048955
9.34,-9427007.623653684,11312320.0,49.941192289107136
9.35,-9438098.679586157,11296610.0,49.94099100017678
9.36,-9449040.177814921,11281040.0,49.940790844822494
9.37,-9459831.562232377,11265610.0,49.94059182982047
9.38,-9470472.276260212,11250320.0,49.94039396191058
9.39,-9480961.76305633,11235170.0,49.94019724788632
9.4,-9491299.465432247,11220160.0,49.94000169455983
9.41,-9501484.825441469,11205300.0,49.939807308735965
9.42,-9511517.284599876,11190580.0,49.93961409726718
9.43,-9521396.283591028,11176000.0,49.93942206700989
9.44,-9531121.26226095,11161560.0,49.93923122484996
9.45,-9540691.659179676,11147280.0,49.93904157765577
9.46,-9550106.911334898,11133130.0,49.93885313227823
9.47,-9559366.454220532,11119130.0,49.93866589562014
9.48,-9568469.72197895,11105280.0,49.93847987461292
9.49,-9577416.146918919,11091580.0,49.93829507617237
9.5,-9586205.159496984,11078020.0,49.93811150723043
9.51,-9594836.18808955,11064610.0,49.937929174722875
9.52,-9603308.65877937,11051350.0,49.93774808558311
9.53,-9611621.99505191,11038240.0,49.93756824673387
9.54,-9619775.61782026,11025280.0,49.93738966512048
9.55,-9627768.945310721,11012470.0,49.93721234769329
9.56,-9635601.393175153,10999810.0,49.93703630144081
9.57,-9643272.374464909,10987300.0,49.936861533364905
9.58,-9650781.299148094,10974950.0,49.93668805044222
9.59,-9658127.57398989,10962750.0,49.936515859653746
9.6,-9665310.602097476,10950700.0,49.93634496794129
9.61,-9672329.783111097,10938810.0,49.93617538228365
9.62,-9679184.51346884,10927080.0,49.936007109708775
9.63,-9685874.186216723,10915500.0,49.935840157243526
9.64,-9692398.191116946,10904080.0,49.93567453194151
9.65,-9698755.914492924,10892810.0,49.93551024086783
9.66,-9704946.739178898,10881700.0,49.93534729109071
9.67,-9710970.044150833,10870750.0,49.93518568967163
9.68,-9716825.204719849,10859960.0,49.93502544369785
9.69,-9722511.592356412,10849330.0,49.93486656026393
9.7,-9728028.574548325,10838860.0,49.93470904646799
9.71,-9733375.515260732,10828550.0,49.93455290947183
9.72,-9738551.774638593,10818400.0,49.93439815644082
9.73,-9743556.709274415,10808420.0,49.934244794577765
9.74,-9748389.67198169,10798600.0,49.93409283109862
9.75,-9753050.011708248,10788940.0,49.93394227323081
9.76,-9757537.073947154,10779450.0,49.9337931282684
9.77,-9761850.20045804,10770130.0,49.93364540351444
9.78,-9765988.729448557,10760970.0,49.9334991063103
9.79,-9769951.995365864,10751980.0,49.93335424401435
9.8,-9773739.328721521,10743150.0,49.933210823995886
9.81,-9777350.056485461,10734500.0,49.93306885369361
9.82,-9780783.501823843,10726010.0,49.93292834055379
9.83,-9784038.983780589,10717690.0,49.93278929202619
9.84,-9787115.817955712,10709540.0,49.93265171566102
9.85,-9790013.316297267,10701570.0,49.932515619036316
9.86,-9792730.787051814,10693760.0,49.932381009752554
9.87,-9795267.534660576,10686130.0,49.93224789544791
9.88,-9797622.859332515,10678680.0,49.93211628374986
9.89,-9799796.057507379,10671390.0,49.93198618237854
9.9,-9801786.4223051,10664290.0,49.93185759914546
9.91,-9803593.24297696,10657350.0,49.93173054185579
9.92,-9805215.804762911,10650600.0,49.931605018339916
9.93,-9806653.388496643,10644020.0,49.93148103643362
9.94,-9807905.270904986,10637620.0,49.93135860404679
9.95,-9808970.724766439,10631400.0,49.931237729162284
9.96,-9809849.018730443,10625360.0,49.93111841978152
9.97,-9810539.417080948,10619500.0,49.931000683942564
9.98,-9811041.179837758,10613820.0,49.93088452974059
9.99,-9811353.562894076,10608320.0,49.93076996533645
10.0,-9811593.713333556,10603010.0,49.93065699885917
10.01,-9811879.376843613,10597760.0,49.93054563415472
10.02,-9812210.587275494,10592460.0,49.93043586345321
10.03,-9812587.143713009,10587100.0,49.93032766596055
10.04,-9813008.548614383,10581700.0,49.9302210108844
10.05,-9813473.97332123,10576240.0,49.93011585970678
10.06,-9813982.245425813,10570740.0,49.930012168132016
10.07,-9814531.852746675,10565180.0,49.92990988772148
10.08,-9815120.958619665,10559580.0,49.92980896713507
10.09,-9815747.426086934,10553930.0,49.92970935323323
10.1,-9816408.849370297,10548240.0,49.92961099210342
10.11,-9817102.588978563,10542500.0,49.929513829796235
10.12,-9817825.809634052,10536730.0,49.929417813003134
10.13,-9818575.52075177,10530930.0,49.92932288975557
10.14,-9819348.6170181,10525090.0,49.92922900990023
10.15,-9820141.918440377,10519220.0,49.92913612550265
10.16,-9820952.210182916,10513320.0,49.92904419129107
10.17,-9821776.280842237,10507400.0,49.92895316497225
10.18,-9822610.958179686,10501460.0,49.92886300742064
10.19,-9823453.142879764,10495510.0,49.928773682897166
10.2,-9824299.839349288,10489540.0,49.92868515917218
10.21,-9825148.183460265,10483560.0,49.928597407578
10.22,-9825995.467944404,10477580.0,49.928510403139136
10.23,-9826839.164631104,10471590.0,49.928424124567165
10.24,-9827676.942481752,10465600.0,49.92833855412921
10.25,-9828506.683068747,10459600.0,49.928253677619786
10.26,-9829326.49260058,10453610.0,49.928169484255264
10.27,-9830134.71087653,10447630.0,49.928085966522396
10.28,-9830929.916716194,10441650.0,49.92800311997049
10.29,-9831710.930444269,10435680.0,49.927920943011664
10.3,-9832476.813765049,10429710.0,49.92783943674148
10.31,-9833226.8664688,10423760.0,49.927758604642015
10.32,-9833960.620679045,10417820.0,49.92767845233845
10.33,-9834677.832585834,10411880.0,49.927598987311185
10.34,-9835378.47202151,10405960.0,49.92752021862847
10.35,-9836062.71036387,10400050.0,49.92744215667411
10.36,-9836730.90584099,10394150.0,49.92736481278138
10.37,-9837383.588062288,10388260.0,49.92728819900932
10.38,-9838021.440947039,10382390.0,49.92721232783375
10.39,-9838645.28488021,10376520.0,49.92713721187718
10.4,-9839256.057929555,10370660.0,49.927062863636614
10.41,-9839854.796063969,10364810.0,49.92698929517294
10.42,-9840442.613440752,10358960.0,49.92691651789546
10.43,-9841020.682208573,10353120.0,49.9268445422879
10.44,-9841590.212808393,10347290.0,49.926773377742926
10.45,-9842152.434652228,10341460.0,49.926703032358056
10.46,-9842708.577022927,10335630.0,49.92663351273098
10.47,-9843259.849983009,10329800.0,49.92656482373383
10.48,-9843807.426708445,10323970.0,49.92649696841256
10.49,-9844352.42768961,10318140.0,49.926429947989895
10.5,-9844895.90534701,10312310.0,49.92636376168497
10.51,-9845438.8292273,10306480.0,49.92629840657931
10.52,-9845982.073271183,10300640.0,49.926233877621584
10.53,-9846526.404454404,10294790.0,49.92617016763424
10.54,-9847072.47315364,10288940.0,49.92610726729596
10.55,-9847620.805018887,10283090.0,49.92604516518043
10.56,-9848171.794490179,10277220.0,49.92598384780127
10.57,-9848725.699542422,10271350.0,49.92592329963455
10.58,-9849282.638545781,10265480.0,49.925863503236094
10.59,-9849842.58900803,10259590.0,49.925804439390284
10.6,-9850405.387479749,10253700.0,49.925746087183356
10.61,-9850970.7313658,10247800.0,49.925688424171014
10.62,-9851538.181655366,10241890.0,49.92563142645587
10.63,-9852107.16720439,10235980.0,49.92557506887512
10.64,-9852676.99108385,10230060.0,49.92551932523212
10.65,-9853246.837183543,10224130.0,49.92546416837932
10.66,-9853815.778738176,10218210.0,49.925409570466
10.67,-9854382.787644563,10212270.0,49.92535550311852
10.68,-9854946.744432392,10206340.0,49.92530193759199
10.69,-9855506.449304922,10200400.0,49.92524884498783
10.7,-9856060.63370235,10194470.0,49.92519619642189
10.71,-9856607.972068982,10188540.0,49.92514396318716
10.72,-9857147.095060494,10182610.0,49.92509211702359
10.73,-9857676.602232397,10176680.0,49.92504063023215
10.74,-9858195.07411514,10170760.0,49.92498947573571
10.75,-9858701.085371219,10164850.0,49.92493862736269
10.76,-9859193.217752928,10158940.0,49.92488805996791
10.77,-9859670.071891395,10153050.0,49.924837749487835
10.78,-9860130.279410921,10147170.0,49.92478767310245
10.79,-9860572.514296077,10141300.0,49.92473780933642
10.8,-9860995.503612395,10135440.0,49.924688138114234
10.81,-9861398.037771719,10129610.0,49.92463864088642
10.82,-9861778.980248427,10123780.0,49.92458930068794
10.83,-9862137.275721006,10117980.0,49.92454010212091
10.84,-9862471.95775385,10112200.0,49.924491031413496
10.85,-9862782.154922992,10106440.0,49.924442076383805
10.86,-9863067.09668008,10100690.0,49.92439322649311
10.87,-9863326.117967345,10094970.0,49.92434447282468
10.88,-9863558.662680784,10089280.0,49.92429580804143
10.89,-9863764.286097532,10083600.0,49.924247226324646
10.9,-9863942.656455943,10077960.0,49.92419872336906
10.91,-9864093.555520494,10072330.0,49.924150296305704
10.92,-9864216.87806961,10066730.0,49.92410194361344
10.93,-9864312.630691867,10061160.0,49.92405366508814
10.94,-9864380.929007778,10055610.0,49.92400546166368
10.95,-9864421.994414922,10050080.0,49.92395733536863
10.96,-9864436.150084341,10044580.0,49.92390928922495
10.97,-9864423.816399405,10039110.0,49.923861327164566
10.98,-9864385.505421264,10033660.0,49.92381345389301
10.99,-9864321.814373452,10028230.0,49.92376567474437
11.0,-9864233.419517003,10022830.0,49.92371799564918
11.01,-9864121.069291595,10017450.0,49.92367042301833
11.02,-9863985.576502413,10012090.0,49.92362296356242
11.03,-9863827.81026188,10006750.0,49.92357562417587
11.04,-9863648.688454786,10001440.0,49.92352841193702
11.05,-9863449.17003316,9996139.0,49.92348133397462
11.06,-9863230.246495446,9990861.0,49.92343439732602
11.07,-9862992.933994345,9985601.0,49.92338760887877
11.08,-9862738.26518365,9980358.0,49.923340975278585
11.09,-9862467.2814291,9975131.0,49.923294502846446
11.1,-9862181.025046593,9969919.0,49.9232481975049
11.11,-9861880.531854805,9964721.0,49.92320206471212
11.12,-9861566.824475087,9959537.0,49.92315610944204
11.13,-9861240.905740313,9954365.0,49.923110336121496
11.14,-9860903.752267744,9949204.0,49.923064748546466
11.15,-9860556.308806363,9944054.0,49.923019349886935
11.16,-9860199.483204124,9938914.0,49.9229741426856
11.17,-9859834.141910765,9933783.0,49.922929128822084
11.18,-9859461.105358288,9928659.0,49.922884309448484
11.19,-9859081.14440016,9923543.0,49.92283968502144
11.2,-9858694.977585085,9918434.0,49.922795255358125
11.21,-9858303.268949922,9913331.0,49.92275101961476
11.22,-9857906.625870438,9908233.0,49.922706976275876
11.23,-9857505.59782994,9903140.0,49.922663123190446
11.24,-9857100.675898291,9898052.0,49.92261945764174
11.25,-9856692.292891236,9892968.0,49.92257597637106
11.26,-9856280.823982585,9887889.0,49.92253267564625
11.27,-9855866.587898215,9882813.0,49.92248955127837
11.28,-9855449.847765325,9877740.0,49.922446598616006
11.29,-9855030.813261377,9872671.0,49.92240381265785
11.3,-9854609.642658487,9867604.0,49.92236118806908
11.31,-9854186.445550052,9862541.0,49.92231871925246
11.32,-9853761.286443982,9857482.0,49.922276400474836
11.33,-9853334.187689254,9852425.0,49.922234225828156
11.34,-9852905.132983748,9847372.0,49.922192189291856
11.35,-9852474.071020024,9842322.0,49.922150284813405
11.36,-9852040.919090908,9837275.0,49.92210850631244
11.37,-9851605.567406321,9832233.0,49.922066847802924
11.38,-9851167.883034518,9827194.0,49.9220253034105
11.39,-9850727.71405535,9822160.0,49.9219838674064
11.4,-9850284.89351515,9817130.0,49.921942534263245
11.41,-9849839.243664829,9812106.0,49.92190129871361
11.42,-9849390.57982069,9807086.0,49.921860155750224
11.43,-9848938.713773036,9802072.0,49.92181910064371
11.44,-9848483.457759382,9797064.0,49.921778129021284
11.45,-9848024.627842674,9792062.0,49.92173723685964
11.46,-9847562.046796922,9787066.0,49.92169642048063
11.47,-9847095.547104998,9782077.0,49.92165567658648
11.48,-9846624.973729033,9777095.0,49.92161500228321
11.49,-9846150.186490318,9772120.0,49.92157439506263
11.5,-9845671.062162835,9767153.0,49.92153385282539
11.51,-9845187.496582437,9762194.0,49.92149337389279
11.52,-9844699.406180777,9757243.0,49.92145295697813
11.53,-9844206.728992984,9752300.0,49.92141260116119
11.54,-9843709.425385553,9747365.0,49.92137230586459
11.55,-9843207.479093023,9742440.0,49.9213320709081
11.56,-9842700.897992896,9737524.0,49.9212918965003
11.57,-9842189.713399077,9732615.0,49.921251783083804
11.58,-9841673.979598878,9727716.0,49.92121173136804
11.59,-9841153.77419067,9722827.0,49.921171742408156
11.6,-9840629.19707989,9717946.0,49.9211318174782
11.61,-9840100.369447753,9713075.0,49.92109195805199
11.62,-9839567.433122281,9708214.0,49.921052165845055
11.63,-9839030.548904559,9703361.0,49.921012442694035
11.64,-9838489.894504447,9698517.0,49.92097279050361
11.65,-9837945.663300414,9693683.0,49.92093321130465
11.66,-9837398.062712535,9688858.0,49.92089370721654
11.67,-9836847.312293114,9684042.0,49.92085428038141
11.68,-9836293.64201627,9679236.0,49.920814932982
11.69,-9835737.289837081,9674437.0,49.92077566713111
11.7,-9835178.499839626,9669649.0,49.92073648491214
11.71,-9834617.520531109,9664869.0,49.92069738838113
11.72,-9834054.60195834,9660096.0,49.92065837939649
11.73,-9833489.994126208,9655334.0,49.920619459747854
11.74,-9832923.945314119,9650579.0,49.9205806311187
11.75,-9832356.699931577,9645833.0,49.920541895006544
11.76,-9831788.496768834,9641095.0,49.92050325275401
11.77,-9831219.56759214,9636366.0,49.9204647055434
11.78,-9830650.135262799,9631644.0,49.920426254345465
11.79,-9830080.412325313,9626931.0,49.920387899929004
11.8,-9829510.599656656,9622225.0,49.92034964285359
11.81,-9828940.88499813,9617527.0,49.92031148343991
11.82,-9828371.442192689,9612837.0,49.920273421814436
11.83,-9827802.430739408,9608156.0,49.92023545794851
11.84,-9827233.995094756,9603482.0,49.920197591608954
11.85,-9826666.263557455,9598815.0,49.92015982229356
11.86,-9826099.348076636,9594157.0,49.92012214933144
11.87,-9825533.344578842,9589507.0,49.92008457191644
11.88,-9824968.33249294,9584864.0,49.92004708903009
11.89,-9824404.37495279,9580230.0,49.920009699501364
11.9,-9823841.519360682,9575604.0,49.919972402044486
11.91,-9823279.797311753,9570985.0,49.91993519518564
11.92,-9822719.225378277,9566376.0,49.91989807736465
11.93,-9822159.806187697,9561775.0,49.91986104696334
11.94,-9821601.528758148,9557182.0,49.91982410223185
11.95,-9821044.369607475,9552599.0,49.91978724138322
11.96,-9820488.294104675,9548025.0,49.919750462623135
11.97,-9819933.257313607,9543460.0,49.91971376410894
11.98,-9819379.204844065,9538904.0,49.91967714395592
11.99,-9818826.073996773,9534358.0,49.9196406002839
12.0,-9818273.79488217,9529821.0,49.91960413121293
12.01,-9817722.291315872,9525294.0,49.9195677348699
12.02,-9817171.482867563,9520779.0,49.91953140950542
12.03,-9816621.286264049,9516274.0,49.91949515346572
12.04,-9816071.616087439,9511779.0,49.91945896510923
12.05,-9815522.385604337,9507295.0,49.91942284285354
12.06,-9814973.508425394,9502823.0,49.91938678524831
12.07,-9814424.89949765,9498362.0,49.919350790954766
12.08,-9813876.47615841,9493913.0,49.9193148587382
12.09,-9813328.159233177,9489476.0,49.919278987494735
12.1,-9812779.873783994,9485051.0,49.91924317623704
12.11,-9812231.550167864,9480639.0,49.91920742412261
12.12,-9811683.124637736,9476239.0,49.9191717304331
12.13,-9811134.540252281,9471853.0,49.91913609460446
12.14,-9810585.74702254,9467478.0,49.91910051616087
12.15,-9810036.702417418,9463118.0,49.91906499475943
12.16,-9809487.372517308,9458772.0,49.91902953027692
12.17,-9808937.732227404,9454439.0,49.918994122698365
12.18,-9808387.765026594,9450120.0,49.91895877210828
12.19,-9807837.463358395,9445815.0,49.91892347871442
12.2,-9807286.828720065,9441525.0,49.91888824286834
12.21,-9806735.87141163,9437248.0,49.91885306499794
12.22,-9806184.610157032,9432986.0,49.91881794560381
12.23,-9805633.072223058,9428739.0,49.91878288531878
12.24,-9805081.293735696,9424508.0,49.91874788492002
12.25,-9804529.319103152,9420291.0,49.91871294525505
12.26,-9803977.199950337,9416088.0,49.91867806715422
12.27,-9803424.994617356,9411901.0,49.918643251511
12.28,-9802872.76831612,9407730.0,49.91860849933488
12.29,-9802320.59219554,9403573.0,49.91857381164097
12.3,-9801768.542631717,9399432.0,49.918539189449035
12.31,-9801216.700512126,9395306.0,49.91850463380576
12.32,-9800665.151086831,9391197.0,49.918470145811355
12.33,-9800113.98342435,9387103.0,49.918435726588704
12.34,-9799563.289504873,9383025.0,49.918401377233465
12.35,-9799013.16328815,9378962.0,49.91836709880268
12.36,-9798463.699845511,9374915.0,49.918332892312215
12.37,-9797914.994914632,9370884.0,49.918298758765815
12.38,-9797367.144307513,9366869.0,49.91826469914131
12.39,-9796820.243671874,9362871.0,49.91823071441864
12.4,-9796274.38765982,9358888.0,49.918196805518754
12.41,-9795729.669018354,9354921.0,49.91816297326698
12.42,-9795186.177995075,9350970.0,49.91812921843219
12.43,-9794644.002186967,9347036.0,49.91809554176062
12.44,-9794103.22586895,9343117.0,49.91806194391972
12.45,-9793563.929514248,9339215.0,49.91802842550539
12.46,-9793026.189651439,9335329.0,49.91799498707262
12.47,-9792490.078649024,9331460.0,49.91796162913103
12.48,-9791955.664480638,9327607.0,49.917928352134766
12.49,-9791423.010614095,9323771.0,49.91789515648248
12.5,-9790892.17570285,9319951.0,49.91786204251059
12.51,-9790363.21345441,9316148.0,49.91782901049616
12.52,-9789836.172838246,9312362.0,49.91779606069191
12.53,-9789311.097812228,9308592.0,49.917763193278915
12.54,-9788788.027226273,9304839.0,49.91773040837389
12.55,-9788266.995047875,9301103.0,49.91769770606816
12.56,-9787748.030500237,9297384.0,49.91766508642254
12.57,-9787231.158631554,9293683.0,49.91763254950406
12.58,-9786716.400208715,9289998.0,49.917600095332595
12.59,-9786203.77191484,9286331.0,49.91756772389101
12.6,-9785693.286315873,9282680.0,49.91753543511925
12.61,-9785184.95232856,9279048.0,49.91750322896487
12.62,-9784678.775960969,9275433.0,49.9174711054047
12.63,-9784174.76002059,9271835.0,49.9174390643622
12.64,-9783672.90489467,9268256.0,49.91740710579534
12.65,-9783173.208889278,9264694.0,49.91737522967887
12.66,-9782675.668302627,9261150.0,49.91734343596629
12.67,-9782180.277893046,9257624.0,49.917311724629585
12.68,-9781687.031064278,9254116.0,49.91728009565439
12.69,-9781195.920249328,9250626.0,49.917248549037055
12.7,-9780706.937440667,9247155.0,49.917217084822404
12.71,-9780220.07420543,9243701.0,49.91718570305062
12.72,-9779735.32218422,9240267.0,49.91715440380674
12.73,-9779252.673737146,9236851.0,49.917123187241
12.74,-9778772.121592226,9233453.0,49.917092053484104
12.75,-9778293.659243017,9230074.0,49.91706100269375
12.76,-9777817.281295653,9226714.0,49.91703003508672
12.77,-9777342.983818555,9223373.0,49.916999150927985
12.78,-9776870.76430095,9220050.0,49.91696835048249
12.79,-9776400.62175419,9216747.0,49.91693763406096
12.8,-9775932.55699284,9213462.0,49.91690700200424
12.81,-9775466.572613508,9210197.0,49.91687645468589
12.82,-9775002.67340312,9206951.0,49.91684599253891
12.83,-9774540.866177345,9203724.0,49.91681561600758
12.84,-9774081.159993611,9200517.0,49.91678532558586
12.85,-9773623.566204546,9197329.0,49.91675512180308
12.86,-9773168.098117761,9194160.0,49.91672500518016
12.87,-9772714.771064641,9191011.0,49.916694976271145
12.88,-9772263.601986082,9187880.0,49.91666503561161
12.89,-9771814.609140191,9184769.0,49.91663518372923
12.9,-9771367.812505871,9181678.0,49.91660542121637
12.91,-9770923.23399256,9178607.0,49.91657574871356
12.92,-9770480.8971323,9175555.0,49.916546166856634
12.93,-9770040.826482726,9172522.0,49.91651667623919
12.94,-9769603.047508694,9169509.0,49.91648727745894
12.95,-9769167.586391289,9166515.0,49.91645797110957
12.96,-9768734.469871076,9163541.0,49.91642875778178
12.97,-9768303.725394472,9160587.0,49.91639963809607
12.98,-9767875.380795714,9157652.0,49.916370612651995
12.99,-9767449.464029964,9154737.0,49.91634168203225
13.0,-9767026.002958031,9151841.0,49.91631284679808
13.01,-9766605.025075648,9148965.0,49.91628410749307
13.02,-9766186.557401765,9146108.0,49.9162554646385
13.03,-9765770.626186961,9143271.0,49.916226918737046
13.04,-9765357.256852325,9140453.0,49.916198470268284
13.05,-9764946.474160694,9137656.0,49.91617011973246
13.06,-9764538.301887965,9134877.0,49.91614186759342
13.07,-9764132.762402311,9132118.0,49.91611371425311
13.08,-9763729.876580328,9129378.0,49.91608566009318
13.09,-9763329.663758438,9126658.0,49.91605770547841
13.1,-9762932.142060036,9123958.0,49.91602985079203
13.11,-9762537.32818813,9121277.0,49.91600209638715
13.12,-9762145.237395512,9118616.0,49.91597444259301
13.13,-9761755.88304295,9115973.0,49.91594688967259
13.14,-9761369.27627928,9113350.0,49.91591943784112
13.15,-9760985.426686032,9110747.0,49.91589208734577
13.16,-9760604.342139428,9108163.0,49.91586483841496
13.17,-9760226.028957902,9105599.0,49.91583769126351
13.18,-9759850.491603231,9103053.0,49.915810646049316
13.19,-9759477.732791252,9100528.0,49.91578370293124
13.2,-9759107.753639368,9098021.0,49.91575686205574
13.21,-9758740.553546743,9095534.0,49.91573012352906
13.22,-9758376.13034224,9093066.0,49.91570348745768
13.23,-9758014.480505265,9090618.0,49.9156769539509
13.24,-9757655.59935263,9088189.0,49.915650523116014
13.25,-9757299.48086888,9085779.0,49.915624195022076
13.26,-9756946.117911354,9083389.0,49.91559796974872
13.27,-9756595.502488578,9081018.0,49.91557184738039
13.28,-9756247.625235176,9078665.0,49.91554582792964
13.29,-9755902.47581374,9076333.0,49.915519911438196
13.3,-9755560.043606494,9074020.0,49.915494098000565
13.31,-9755220.317123244,9071725.0,49.915468387640935
13.32,-9754883.284425316,9069451.0,49.91544278041487
13.33,-9754548.93335589,9067195.0,49.91541727639313
13.34,-9754217.25114552,9064958.0,49.915391875591475
13.35,-9753888.224820256,9062741.0,49.91536657806215
13.36,-9753561.841201246,9060542.0,49.91534138384435
13.37,-9753238.086940086,9058363.0,49.91531629297754
13.38,-9752916.948930532,9056203.0,49.91529130553693
13.39,-9752598.414239997,9054062.0,49.915266421592165
13.4,-9752282.470165823,9051940.0,49.915241641211644
13.41,-9751969.104309892,9049837.0,49.91521696446611
13.42,-9751658.304546367,9047753.0,49.91519239143127
13.43,-9751350.059168201,9045688.0,49.9151679221899
13.44,-9751044.356981082,9043642.0,49.9151435568335
13.45,-9750741.187272722,9041615.0,49.915119295463626
13.46,-9750440.539674455,9039606.0,49.915095138152594
13.47,-9750142.403932158,9037616.0,49.91507108495718
13.48,-9749846.770588502,9035646.0,49.91504713600176
13.49,-9749553.630632104,9033693.0,49.91502329138218
13.5,-9749262.975448202,9031760.0,49.91499955118649
13.51,-9748974.797037503,9029845.0,49.91497591552889
13.52,-9748689.08787863,9027949.0,49.91495238451398
13.53,-9748405.841201246,9026072.0,49.914928958278374
13.54,-9748125.050509285,9024212.0,49.91490563690596
13.55,-9747846.709547983,9022372.0,49.91488242049032
13.56,-9747570.812431773,9020549.0,49.91485930912415
13.57,-9747297.353325535,9018745.0,49.91483630287305
13.58,-9747026.326893233,9016960.0,49.91481340185743
13.59,-9746757.728445714,9015193.0,49.91479060620239
13.6,-9746491.553158535,9013443.0,49.914767915962734
13.61,-9746227.796035582,9011712.0,49.91474533118544
13.62,-9745966.452302154,9009999.0,49.91472285194662
13.63,-9745707.517228168,9008304.0,49.914700478310884
13.64,-9745450.985752994,9006626.0,49.91467821029643
13.65,-9745196.852590764,9004967.0,49.91465604793197
13.66,-9744945.112748353,9003326.0,49.91463399128976
13.67,-9744695.761116387,9001702.0,49.914612040401366
13.68,-9744448.791860037,9000095.0,49.914590195233274
13.69,-9744204.198933003,8998507.0,49.91456845578457
13.7,-9743961.976201745,8996936.0,49.914546822074676
13.71,-9743722.117069295,8995382.0,49.91452529406849
13.72,-9743484.614472149,8993846.0,49.91450387173179
13.73,-9743249.46069808,8992326.0,49.91448255498992
13.74,-9743016.647560636,8990825.0,49.91446134378752
13.75,-9742786.166628802,8989340.0,49.914440238076075
13.76,-9742558.009028753,8987873.0,49.91441923778634
13.77,-9742332.165351484,8986422.0,49.914398342828925
13.78,-9742108.625380665,8984988.0,49.914377553069365
13.79,-9741887.378230216,8983571.0,49.91435686837836
13.8,-9741668.412859011,8982172.0,49.9143362886744
13.81,-9741451.717783973,8980788.0,49.91431581383247
13.82,-9741237.280611813,8979421.0,49.91429544366871
13.83,-9741025.088444473,8978071.0,49.91427517803102
13.84,-9740815.12821621,8976738.0,49.91425501679581
13.85,-9740607.386335056,8975420.0,49.914234959785375
13.86,-9740401.848804878,8974120.0,49.91421500683248
13.87,-9740198.500990344,8972834.0,49.91419515773099
13.88,-9739997.327290496,8971565.0,49.91417541222416
13.89,-9739798.312278025,8970314.0,49.91415577017097
13.9,-9739601.440486835,8969077.0,49.91413623140023
13.91,-9739406.696054628,8967857.0,49.914116795697375
13.92,-9739214.062505908,8966651.0,49.914097462808456
13.93,-9739023.52299882,8965463.0,49.914078232505815
13.94,-9738835.060627706,8964289.0,49.91405910457277
13.95,-9738648.65826252,8963132.0,49.91404007878133
13.96,-9738464.298959939,8961990.0,49.91402115492971
13.97,-9738281.965822691,8960864.0,49.91400233280927
13.98,-9738101.641696572,8959752.0,49.91398361216794
13.99,-9737923.309133634,8958656.0,49.91396499273343
14.0,-9737746.950874366,8957576.0,49.913946474297
14.01,-9737572.549796538,8956510.0,49.91392805662425
14.02,-9737400.088451777,8955459.0,49.913909739434395
14.03,-9737229.549583275,8954424.0,49.91389152249383
14.04,-9737060.915788135,8953402.0,49.91387340552716
14.05,-9736894.169767907,8952397.0,49.913855388284496
14.06,-9736729.294849709,8951406.0,49.913837470567366
14.07,-9736566.274365487,8950429.0,49.9138196521134
14.08,-9736405.091724632,8949467.0,49.91380193265769
14.09,-9736245.730326032,8948519.0,49.91378431193573
14.1,-9736088.173523085,8947585.0,49.91376678965304
14.11,-9735932.405018218,8946667.0,49.913749365578965
14.12,-9735778.409117244,8945762.0,49.91373203949076
14.13,-9735626.170054642,8944871.0,49.913714811108576
14.14,-9735475.67215499,8943994.0,49.91369768015148
14.15,-9735326.899404781,8943130.0,49.913680646303526
14.16,-9735179.835862424,8942281.0,49.91366370927218
14.17,-9735034.466143105,8941446.0,49.91364686882214
14.18,-9734890.775477765,8940625.0,49.91363012473217
14.19,-9734748.749163713,8939816.0,49.913613476717494
14.2,-9734608.37227941,8939021.0,49.91359692445796
14.21,-9734469.630166925,8938240.0,49.913580467685534
14.22,-9734332.508130392,8937471.0,49.91356410609776
14.23,-9734196.991418514,8936716.0,49.91354783937937
14.24,-9734063.06579784,8935975.0,49.91353166728466
14.25,-9733930.71737854,8935246.0,49.91351558954701
14.26,-9733799.93188368,8934529.0,49.913499605816575
14.27,-9733670.694861671,8933826.0,49.91348371576606
14.28,-9733542.991954152,8933135.0,49.913467919084034
14.29,-9733416.809076458,8932458.0,49.91345221548494
14.3,-9733292.132241415,8931792.0,49.91343660466145
14.31,-9733168.947632378,8931140.0,49.91342108630674
14.32,-9733047.241461974,8930499.0,49.91340566010909
14.33,-9732926.99984762,8929871.0,49.91339032572982
14.34,-9732808.208614415,8929254.0,49.91337508280794
14.35,-9732690.85331134,8928650.0,49.91335993097861
14.36,-9732574.919621527,8928058.0,49.913344869913026
14.37,-9732460.39297004,8927477.0,49.913329899239194
14.38,-9732347.258701509,8926909.0,49.91331501860213
14.39,-9732235.502259186,8926352.0,49.91330022765851
14.4,-9732125.108702917,8925806.0,49.91328552600694
14.41,-9732016.063064832,8925273.0,49.91327091328811
14.42,-9731908.350761613,8924751.0,49.91325638917394
14.43,-9731801.957132632,8924240.0,49.9132419532932
14.44,-9731696.86722508,8923740.0,49.913227605247776
14.45,-9731593.06579228,8923251.0,49.913213344624836
14.46,-9731490.537578452,8922774.0,49.913199171046735
14.47,-9731389.267319286,8922307.0,49.9131850841252
14.48,-9731289.23979624,8921852.0,49.91317108347753
14.49,-9731190.439855423,8921407.0,49.91315716872416
14.5,-9731092.852247598,8920973.0,49.9131433394613
14.51,-9730996.461520588,8920549.0,49.91312959526898
14.52,-9730901.252412224,8920137.0,49.91311593576515
14.53,-9730807.209691307,8919734.0,49.91310236055544
14.54,-9730714.317943608,8919342.0,49.91308886921308
14.55,-9730622.562090274,8918961.0,49.9130754613659
14.56,-9730531.926746493,8918588.0,49.91306213656889
14.57,-9730442.396237548,8918227.0,49.913048894378704
14.58,-9730353.955743084,8917877.0,49.9130357344658
14.59,-9730266.590570351,8917535.0,49.91302265643681
14.6,-9730180.285618614,8917203.0,49.91300965982618
14.61,-9730095.025949422,8916882.0,49.912996744232515
14.62,-9730010.7969138,8916570.0,49.912983909265826
14.63,-9729927.583653731,8916267.0,49.912971154477724
14.64,-9729845.371101022,8915974.0,49.91295847942139
14.65,-9729764.144835627,8915692.0,49.9129458837343
14.66,-9729683.89082277,8915418.0,49.912933367040566
14.67,-9729604.5948614,8915153.0,49.912920928890436
14.68,-9729526.242780307,8914898.0,49.91290856886029
14.69,-9729448.820976017,8914653.0,49.91289628658907
14.7,-9729372.315844756,8914415.0,49.91288408164877
14.71,-9729296.713872429,8914188.0,49.91287195361724
14.72,-9729222.001832709,8913969.0,49.91285990210804
14.73,-9729148.166574873,8913759.0,49.91284792669841
14.74,-9729075.195472432,8913559.0,49.91283602702047
14.75,-9729003.076409781,8913367.0,49.91282420271012
14.76,-9728931.7971599,8913183.0,49.912812453338404
14.77,-9728861.345401695,8913008.0,49.91280077847221
14.78,-9728791.709095588,8912842.0,49.9127891777173
14.79,-9728722.876324924,8912684.0,49.912777650674386
14.8,-9728654.835512117,8912535.0,49.91276619694951
14.81,-9728587.575242585,8912394.0,49.912754816154425
14.82,-9728521.084212586,8912261.0,49.91274350787389
14.83,-9728455.3516601,8912138.0,49.9127322717578
14.84,-9728390.3674589,8912022.0,49.912721107463696
14.85,-9728326.121497104,8911914.0,49.91271001459034
14.86,-9728262.603677478,8911814.0,49.912698992732814
14.87,-9728199.803595401,8911721.0,49.91268804144782
14.88,-9728137.711055864,8911638.0,49.912677160351855
14.89,-9728076.316451335,8911562.0,49.91266634910133
14.9,-9728015.61039057,8911494.0,49.912655607318754
14.91,-9727955.583503501,8911433.0,49.91264493460171
14.92,-9727896.226244552,8911380.0,49.91263433053695
14.93,-9727837.529321106,8911335.0,49.91262379474436
14.94,-9727779.483534476,8911297.0,49.912613326833785
14.95,-9727722.080103062,8911268.0,49.91260292645624
14.96,-9727665.310594145,8911245.0,49.912592593251546
14.97,-9727609.1665328,8911230.0,49.912582326826296
14.98,-9727553.639186736,8911221.0,49.912572126758796
14.99,-9727498.719510607,8911220.0,49.9125619926175
15.0,-9727444.398841895,8911227.0,49.912551924041566
15.01,-9727390.668904062,8911241.0,49.912541920689044
15.02,-9727337.521433638,8911261.0,49.91253198216044
15.03,-9727284.94771482,8911288.0,49.912522108020305
15.04,-9727232.939202622,8911323.0,49.91251229788738
15.05,-9727181.487846592,8911365.0,49.91250255142327
15.06,-9727130.586041085,8911414.0,49.912492868290855
15.07,-9727080.225948382,8911468.0,49.91248324807803
15.08,-9727030.399425246,8911530.0,49.91247369036744
15.09,-9726981.098772513,8911599.0,49.91246419481202
15.1,-9726932.31602244,8911673.0,49.91245476100616
15.11,-9726884.04320516,8911755.0,49.91244538855189
15.12,-9726836.272205418,8911842.0,49.912436077050785
15.13,-9726788.994994221,8911937.0,49.91242682611997
15.14,-9726742.203683272,8912037.0,49.912417635382475
15.15,-9726695.890239596,8912144.0,49.91240850444135
15.16,-9726650.046806723,8912257.0,49.91239943292223
15.17,-9726604.665509142,8912376.0,49.91239042043624
15.18,-9726559.738398435,8912501.0,49.91238146658828
15.19,-9726515.257488528,8912632.0,49.91237257098321
15.2,-9726471.215095615,8912770.0,49.912363733271306
15.21,-9726427.60389428,8912913.0,49.91235495309853
15.22,-9726384.416418994,8913062.0,49.91234623007945
15.23,-9726341.645421088,8913217.0,49.912337563846
15.24,-9726299.283494426,8913377.0,49.91232895400775
15.25,-9726257.32348598,8913544.0,49.91232040020598
15.26,-9726215.758569423,8913716.0,49.912311902103866
15.27,-9726174.58147775,8913892.0,49.91230345927233
15.28,-9726133.78462506,8914075.0,49.91229507130057
15.29,-9726093.360623281,8914263.0,49.912286737825795
15.3,-9726053.302677626,8914458.0,49.91227845853455
15.31,-9726013.604465976,8914657.0,49.912270233108515
15.32,-9725974.259175643,8914860.0,49.91226206112023
15.33,-9725935.259839617,8915070.0,49.91225394218394
15.34,-9725896.599979874,8915285.0,49.91224587597981
15.35,-9725858.273038255,8915504.0,49.91223786212981
15.36,-9725820.272769652,8915730.0,49.9122299003002
15.37,-9725782.593423503,8915960.0,49.91222199018487
15.38,-9725745.228977673,8916194.0,49.91221413139332
15.39,-9725708.17369126,8916435.0,49.912206323595775
15.4,-9725671.422053011,8916679.0,49.912198566461896
15.41,-9725634.968568157,8916929.0,49.91219085963984
15.42,-9725598.80786585,8917183.0,49.91218320279462
15.43,-9725562.934610479,8917442.0,49.91217559557556
15.44,-9725527.343322767,8917705.0,49.91216803762028
15.45,-9725492.02880822,8917974.0,49.912160528605675
15.46,-9725456.986248787,8918247.0,49.91215306823555
15.47,-9725422.210865501,8918524.0,49.912145656165244
15.48,-9725387.697829092,8918806.0,49.91213829205705
15.49,-9725353.44243846,8919092.0,49.912130975578705
15.5,-9725319.440408042,8919384.0,49.912123706450174
15.51,-9725285.687978357,8919679.0,49.91211648438763
15.52,-9725252.181024699,8919978.0,49.91210930903839
15.53,-9725218.915877689,8920283.0,49.91210218011775
15.54,-9725185.888861118,8920590.0,49.91209509730858
15.55,-9725153.09623796,8920903.0,49.91208806028718
15.56,-9725120.534854254,8921220.0,49.912081068794116
15.57,-9725088.20140939,8921540.0,49.91207412250911
15.58,-9725056.092597924,8921865.0,49.91206722111233
15.59,-9725024.205252538,8922194.0,49.91206036432057
15.6,-9724992.536488144,8922527.0,49.91205355184518
15.61,-9724961.083077176,8922863.0,49.91204678335624
15.62,-9724929.842144916,8923205.0,49.91204005857951
15.63,-9724898.810939293,8923549.0,49.91203337723512
15.64,-9724867.986670433,8923898.0,49.91202673901639
15.65,-9724837.3668682,8924251.0,49.91202014366849
15.66,-9724806.949474014,8924608.0,49.9120135909427
15.67,-9724776.732449897,8924968.0,49.91200708055739
15.68,-9724746.713581368,8925332.0,49.912000612211926
15.69,-9724716.890762238,8925700.0,49.911994185630206
15.7,-9724687.261744494,8926071.0,49.91198780051719
15.71,-9724657.82442336,8926447.0,49.91198145660983
15.72,-9724628.577017227,8926826.0,49.91197515366492
15.73,-9724599.517514832,8927208.0,49.91196889138349
15.74,-9724570.644067056,8927595.0,49.9119626695068
15.75,-9724541.955131173,8927985.0,49.91195648780188
15.76,-9724513.449347625,8928379.0,49.911950346024895
15.77,-9724485.12545165,8928776.0,49.9119442439221
15.78,-9724456.982219977,8929177.0,49.91193818123782
15.79,-9724429.018363394,8929581.0,49.91193215771312
15.8,-9724401.232651247,8929989.0,49.91192617309213
15.81,-9724373.623822032,8930400.0,49.91192022711958
15.82,-9724346.19029636,8930814.0,49.91191431950578
15.83,-9724318.930657545,8931233.0,49.911908450017194
15.84,-9724291.844010735,8931655.0,49.9119026184578
15.85,-9724264.929521183,8932080.0,49.911896824589135
15.86,-9724238.1864323,8932509.0,49.911891068182015
15.87,-9724211.614155479,8932941.0,49.91188534901219
15.88,-9724185.211877141,8933376.0,49.91187966682407
15.89,-9724158.97918333,8933816.0,49.911874021420125
15.9,-9724132.915883472,8934258.0,49.911868412601216
15.91,-9724107.021779047,8934704.0,49.91186284013916
15.92,-9724081.296770576,8935153.0,49.911857303817605
15.93,-9724055.740858063,8935606.0,49.91185180343423
15.94,-9724030.353980253,8936061.0,49.91184633875468
15.95,-9724005.136067517,8936521.0,49.9118409095689
15.96,-9723980.087220468,8936983.0,49.91183551567549
15.97,-9723955.207424466,8937449.0,49.911830156851636
15.98,-9723930.497049706,8937919.0,49.911824832932425
15.99,-9723905.956907628,8938392.0,49.91181954375825
16.0,-9723881.587842213,8938868.0,49.91181428913783
16.01,-9723857.390550792,8939347.0,49.91180906885633
16.02,-9723833.365707805,8939830.0,49.911803882721856
16.03,-9723809.514555145,8940317.0,49.91179873059753
16.04,-9723785.838010972,8940805.0,49.911793612268575
16.05,-9723762.337096475,8941299.0,49.91178852755271
16.06,-9723739.013545102,8941796.0,49.911783476355396
16.07,-9723715.869127378,8942295.0,49.91177845850005
16.08,-9723692.905346386,8942798.0,49.911773473791406
16.09,-9723670.1240619,8943305.0,49.911768522093354
16.1,-9723647.527403275,8943815.0,49.91176360327539
16.11,-9723625.11748466,8944328.0,49.91175871717503
16.12,-9723602.896547677,8944845.0,49.91175386364582
16.13,-9723580.866961984,8945365.0,49.911749042549964
16.14,-9723559.031297471,8945889.0,49.91174425376034
16.15,-9723537.3923254,8946416.0,49.911739497154365
16.16,-9723515.953073248,8946947.0,49.911734772616754
16.17,-9723494.716736754,8947481.0,49.911730080034104
16.18,-9723473.686394274,8948018.0,49.91172541925773
16.19,-9723452.865023265,8948559.0,49.91172079015189
16.2,-9723432.256018272,8949104.0,49.91171619262731
16.21,-9723411.862978907,8949652.0,49.91171162658999
16.22,-9723391.689728888,8950204.0,49.91170709194589
16.23,-9723371.740209872,8950759.0,49.91170258859677
16.24,-9723352.018105887,8951317.0,49.911698116404224
16.25,-9723332.527252583,8951880.0,49.91169367527905
16.26,-9723313.271566328,8952445.0,49.91168926512173
16.27,-9723294.255312938,8953016.0,49.911684885875914
16.28,-9723275.483306909,8953589.0,49.91168053750316
16.29,-9723256.960288554,8954166.0,49.91167621991242
16.3,-9723238.690833343,8954746.0,49.91167193300431
16.31,-9723220.679045655,8955329.0,49.91166767663551
16.32,-9723202.928894723,8955917.0,49.91166345070885
16.33,-9723185.44485768,8956509.0,49.91165925519481
16.34,-9723168.231976816,8957105.0,49.911655090079
16.35,-9723151.295487557,8957704.0,49.911650955317555
16.36,-9723134.640640384,8958307.0,49.911646850846736
16.37,-9723118.272109533,8958912.0,49.91164277654243
16.38,-9723102.194757817,8959524.0,49.91163873236128
16.39,-9723086.413977828,8960138.0,49.911634718302686
16.4,-9723070.93499731,8960756.0,49.911630734295706
16.41,-9723055.763002664,8961378.0,49.91162678028749
16.42,-9723040.902923204,8962003.0,49.91162285619757
16.43,-9723026.359589769,8962633.0,49.911618961967235
16.44,-9723012.138521286,8963268.0,49.91161509762666
16.45,-9722998.24537467,8963905.0,49.911611263152594
16.46,-9722984.685640996,8964547.0,49.91160745849076
16.47,-9722971.46460784,8965192.0,49.91160368359074
16.48,-9722958.587876407,8965843.0,49.911599938451694
16.49,-9722946.061130757,8966496.0,49.91159622305825
16.5,-9722933.890173752,8967155.0,49.911592537397595
16.51,-9722922.081070721,8967817.0,49.91158888148306
16.52,-9722910.63966759,8968483.0,49.91158525527729
16.53,-9722899.571606493,8969153.0,49.91158165873913
16.54,-9722888.88255642,8969828.0,49.91157809186341
16.55,-9722878.578481529,8970507.0,49.911574554667595
16.56,-9722868.665356487,8971190.0,49.911571047148826
16.57,-9722859.14932721,8971878.0,49.91156756932744
16.58,-9722850.036837032,8972570.0,49.91156412123651
16.59,-9722841.334324189,8973266.0,49.9115607028809
16.6,-9722833.048274938,8973967.0,49.9115573142824
16.61,-9722825.185008563,8974671.0,49.91155395543033
16.62,-9722817.750765048,8975381.0,49.91155062633505
16.63,-9722810.751829287,8976094.0,49.91154732701045
16.64,-9722804.194495127,8976813.0,49.91154405748272
16.65,-9722798.085458864,8977536.0,49.91154081781515
16.66,-9722792.431356398,8978263.0,49.9115376080249
16.67,-9722787.238672711,8978995.0,49.91153442813213
16.68,-9722782.513793875,8979731.0,49.91153127815395
16.69,-9722778.262665572,8980471.0,49.91152815806682
16.7,-9722774.491505336,8981218.0,49.91152506793501
16.71,-9722771.2069475,8981968.0,49.91152200783746
16.72,-9722768.415455164,8982723.0,49.91151897779722
16.73,-9722766.123586923,8983483.0,49.91151597786558
16.74,-9722764.337782282,8984247.0,49.911513008073534
16.75,-9722763.064575108,8985017.0,49.911510068478634
16.76,-9722762.31071925,8985791.0,49.91150715914975
16.77,-9722762.082795897,8986570.0,49.91150428012976
16.78,-9722762.387122203,8987353.0,49.91150143143613
16.79,-9722763.229891969,8988142.0,49.911498613108684
16.8,-9722764.617586052,8988936.0,49.91149582523569
16.81,-9722766.556598203,8989734.0,49.91149306786408
16.82,-9722769.052947428,8990537.0,49.911490341011024
16.83,-9722772.112740133,8991346.0,49.91148764474559
16.84,-9722775.742474796,8992160.0,49.91148497917142
16.85,-9722779.94850751,8992978.0,49.91148234434032
16.86,-9722784.737068312,8993802.0,49.9114797403063
16.87,-9722790.114599975,8994631.0,49.911477167155994
16.88,-9722796.087472802,8995465.0,49.91147462496284
16.89,-9722802.662359642,8996305.0,49.91147211382856
16.9,-9722809.845915578,8997149.0,49.911469633830876
16.91,-9722817.644293914,8997998.0,49.911467184994315
16.92,-9722826.063464057,8998853.0,49.911464767377254
16.93,-9722835.109800572,8999714.0,49.91146238109881
16.94,-9722844.789674185,9000579.0,49.91146002624278
16.95,-9722855.109236492,9001450.0,49.9114577028714
16.96,-9722866.074614787,9002326.0,49.9114554110612
16.97,-9722877.691911492,9003208.0,49.91145315090154
16.98,-9722889.966988733,9004094.0,49.91145092244608
16.99,-9722902.905537667,9004987.0,49.91144872576666
17.0,-9722916.513560252,9005885.0,49.91144656097652
17.01,-9722930.796816286,9006788.0,49.911444428146076
17.02,-9722945.760964394,9007697.0,49.911442327351175
17.03,-9722961.411560876,9008611.0,49.91144025866635
17.04,-9722977.754345069,9009532.0,49.91143822220725
17.05,-9722994.795115143,9010457.0,49.91143621807192
17.06,-9723012.539316416,9011388.0,49.91143424631395
17.07,-9723030.991966598,9012324.0,49.911432306983684
17.08,-9723050.158135552,9013267.0,49.91143040017103
17.09,-9723070.043052873,9014215.0,49.91142852598743
17.1,-9723090.65194773,9015169.0,49.911426684526425
17.11,-9723111.989851618,9016128.0,49.91142487586249
17.12,-9723134.061865097,9017094.0,49.911423100097466
17.13,-9723156.873247603,9018065.0,49.91142135734528
17.14,-9723180.42916777,9019042.0,49.91141964769463
17.15,-9723204.734791951,9020025.0,49.91141797124959
17.16,-9723229.795086982,9021013.0,49.911416328084165
17.17,-9723255.614585554,9022007.0,49.911414718251145
17.18,-9723282.1975974,9023007.0,49.91141314182179
17.19,-9723309.548708642,9024014.0,49.91141159892013
17.2,-9723337.67233616,9025025.0,49.91141008962542
17.21,-9723366.572529046,9026043.0,49.911408613991895
17.22,-9723396.253359426,9027067.0,49.911407172122175
17.23,-9723426.71938799,9028098.0,49.91140576415835
17.24,-9723457.975023082,9029133.0,49.9114043901875
17.25,-9723490.024555106,9030176.0,49.91140305030392
17.26,-9723522.872567201,9031224.0,49.911401744631306
17.27,-9723556.523328599,9032278.0,49.911400473245145
17.28,-9723590.98086352,9033338.0,49.911399236218706
17.29,-9723626.248949073,9034404.0,49.91139803362198
17.3,-9723662.331435407,9035477.0,49.911396865561066
17.31,-9723699.232389381,9036556.0,49.91139573216486
17.32,-9723736.955648493,9037640.0,49.911394633501885
17.33,-9723775.504675644,9038731.0,49.91139356963648
17.34,-9723814.882573921,9039827.0,49.91139254062096
17.35,-9723855.092387993,9040931.0,49.911391546544614
17.36,-9723896.137300529,9042040.0,49.91139058751296
17.37,-9723938.020436209,9043156.0,49.91138966361386
17.38,-9723980.745004412,9044278.0,49.911388774953195
17.39,-9724024.314102821,9045406.0,49.91138792161316
17.4,-9724068.730877576,9046541.0,49.91138710369671
17.41,-9724113.997968487,9047680.0,49.911386321237806
17.42,-9724160.1177914,9048828.0,49.91138557430751
17.43,-9724207.093091425,9049981.0,49.91138486302627
17.44,-9724254.926229265,9051140.0,49.91138418744627
17.45,-9724303.619160198,9052305.0,49.91138354760276
17.46,-9724353.173556127,9053477.0,49.91138294355742
17.47,-9724403.591519548,9054656.0,49.91138237542806
17.48,-9724454.874691674,9055839.0,49.911381843255164
17.49,-9724507.024356173,9057030.0,49.9113813470704
17.5,-9724560.041866057,9058227.0,49.91138088696371
17.51,-9724613.928501016,9059430.0,49.91138046299701
17.52,-9724668.685198253,9060639.0,49.911380075210495
17.53,-9724724.312872099,9061855.0,49.91137972366778
17.54,-9724780.812503383,9063077.0,49.9113794084468
17.55,-9724838.184513317,9064304.0,49.9113791295603
17.56,-9724896.429242535,9065539.0,49.91137888705489
17.57,-9724955.547004243,9066779.0,49.91137868099243
17.58,-9725015.53761853,9068025.0,49.91137851137808
17.59,-9725076.400390634,9069277.0,49.91137837821015
17.6,-9725138.13485898,9070537.0,49.911378281562506
17.61,-9725200.740564419,9071801.0,49.91137822148058
17.62,-9725264.216208786,9073071.0,49.91137819792344
17.63,-9725328.560561564,9074349.0,49.91137821093741
17.64,-9725393.772317346,9075631.0,49.91137826054964
17.65,-9725459.849361273,9076919.0,49.91137834670831
17.66,-9725526.789407382,9078214.0,49.91137846941499
17.67,-9725594.589943768,9079514.0,49.91137862866986
17.68,-9725663.24835634,9080821.0,49.911378824481226
17.69,-9725732.761981988,9082133.0,49.91137905685791
17.7,-9725803.12783984,9083451.0,49.911379325778256
17.71,-9725874.34282596,9084775.0,49.91137963123528
17.72,-9725946.403766358,9086105.0,49.911379973235235
17.73,-9726019.30734507,9087440.0,49.91138035175655
17.74,-9726093.049494524,9088780.0,49.91138076672198
17.75,-9726167.625550998,9090126.0,49.91138121805358
17.76,-9726243.030697873,9091478.0,49.9113817057115
17.77,-9726319.260215433,9092836.0,49.91138222968791
17.78,-9726396.309392497,9094199.0,49.91138278996226
17.79,-9726474.173186632,9095567.0,49.911383386470746
17.8,-9726552.845989091,9096940.0,49.91138401911879
17.81,-9726632.321871392,9098319.0,49.91138468783097
17.82,-9726712.594726421,9099703.0,49.91138539254589
17.83,-9726793.65817791,9101092.0,49.9113861331798
17.84,-9726875.505453393,9102486.0,49.91138690963503
17.85,-9726958.12975752,9103886.0,49.91138772184638
17.86,-9727041.524505127,9105291.0,49.91138856977352
17.87,-9727125.682804087,9106700.0,49.91138945332237
17.88,-9727210.59727428,9108114.0,49.911390372364735
17.89,-9727296.260599246,9109534.0,49.91139132682578
17.9,-9727382.66543766,9110958.0,49.91139231663186
17.91,-9727469.803975964,9112386.0,49.91139334164147
17.92,-9727557.668193698,9113820.0,49.91139440174445
17.93,-9727557.668193698,9115258.0,49.91139440174445
17.94,-9727646.789109712,9116789.0,49.9113955580469
17.95,-9727738.005296743,9118236.0,49.911396852129094
17.96,-9727831.854705272,9119687.0,49.911398260516535
17.97,-9727928.648897205,9121139.0,49.91139976464869
17.98,-9728028.527708348,9122594.0,49.91140134949691
17.99,-9728131.500858353,9124050.0,49.911403002694676
18.0,-9728237.479910519,9125508.0,49.91140471390182
18.01,-9728346.303671401,9126969.0,49.91140647444622
18.02,-9728457.757584948,9128430.0,49.911408276898264
18.03,-9728571.588575874,9129893.0,49.91141011480445
18.04,-9728687.518008683,9131359.0,49.91141198262821
18.05,-9728805.251600448,9132826.0,49.91141387555237
18.06,-9728924.487605268,9134297.0,49.91141578942077
18.07,-9729044.924222961,9135771.0,49.911417720716656
18.08,-9729166.264130326,9137246.0,49.911419666362
18.09,-9729288.219173582,9138726.0,49.91142162376616
18.1,-9729410.514184395,9140208.0,49.911423590800595
18.11,-9729532.889375122,9141693.0,49.911425565683984
18.12,-9729655.103235558,9143183.0,49.91142754707692
18.13,-9729776.934950195,9144677.0,49.91142953406899
18.14,-9729898.185490469,9146174.0,49.91143152605752
18.15,-9730018.678606825,9147676.0,49.911433522770736
18.16,-9730138.261469051,9149181.0,49.911435524231315
18.17,-9730256.804969968,9150691.0,49.91143753073926
18.18,-9730374.203922536,9152205.0,49.911439542880366
18.19,-9730490.376701878,9153723.0,49.91144156145984
18.2,-9730605.264990345,9155246.0,49.91144358752346
18.21,-9730718.832892306,9156772.0,49.91144562228605
18.22,-9730831.065950923,9158303.0,49.91144766712318
18.23,-9730941.970388414,9159838.0,49.91144972358556
18.24,-9731051.571497401,9161376.0,49.91145179329751
18.25,-9731159.912071887,9162918.0,49.91145387795412
18.26,-9731267.051576624,9164465.0,49.911455979387476
18.27,-9731373.064700022,9166015.0,49.911458099494176
18.28,-9731478.039357398,9167568.0,49.91146024014688
18.29,-9731582.074659513,9169124.0,49.911462403194875
18.3,-9731685.27929397,9170683.0,49.911464590460916
18.31,-9731787.76983937,9172245.0,49.911466803735784
18.32,-9731889.668868603,9173809.0,49.91146904473153
18.33,-9731991.103000809,9175375.0,49.91147131504655
18.34,-9732092.201438945,9176944.0,49.91147361621234
18.35,-9732193.094782047,9178515.0,49.91147594968436
18.36,-9732293.912646184,9180086.0,49.91147831672103
18.37,-9732394.782000653,9181659.0,49.911480718412456
18.38,-9732495.826368477,9183234.0,49.9114831557664
18.39,-9732597.16435828,9184809.0,49.91148562962209
18.4,-9732698.908274328,9186385.0,49.91148814063075
18.41,-9732801.16284124,9187961.0,49.91149068926906
18.42,-9732904.024509935,9189538.0,49.91149327585732
18.43,-9733007.58027514,9191114.0,49.91149590052665
18.44,-9733111.906806413,9192690.0,49.91149856320563
18.45,-9733217.070056325,9194266.0,49.9115012636796
18.46,-9733323.12500952,9195842.0,49.91150400160138
18.47,-9733430.115090244,9197416.0,49.91150677642169
18.48,-9733538.071655458,9198990.0,49.91150958742389
18.49,-9733647.014362048,9200563.0,49.91151243377768
18.5,-9733756.950731957,9202134.0,49.91151531447421
18.51,-9733867.876520406,9203705.0,49.91151822839759
18.52,-9733979.776123589,9205274.0,49.91152117433147
18.53,-9734092.622453203,9206841.0,49.91152415090166
18.54,-9734206.377508996,9208407.0,49.911527156646365
18.55,-9734320.993314695,9209972.0,49.91153019006915
18.56,-9734436.412557641,9211535.0,49.91153324960655
18.57,-9734552.569019228,9213096.0,49.91153633360943
18.58,-9734669.388098866,9214655.0,49.91153944036728
18.59,-9734786.788005123,9216213.0,49.91154256816901
18.6,-9734904.680383863,9217768.0,49.91154571526945
18.61,-9735022.971238237,9219322.0,49.911548879916666
18.62,-9735141.562429361,9220875.0,49.91155206044014
18.63,-9735260.352472976,9222425.0,49.91155525516939
18.64,-9735379.237324735,9223974.0,49.91155846246003
18.65,-9735498.111243514,9225520.0,49.91156168070098
18.66,-9735616.867715407,9227065.0,49.91156490833621
18.67,-9735735.400349284,9228607.0,49.91156814386849
18.68,-9735853.604101775,9230149.0,49.91157138591776
18.69,-9735971.376028458,9231687.0,49.91157463316949
18.7,-9736088.616112482,9233225.0,49.9115778844009
18.71,-9736205.228260757,9234760.0,49.911581138512126
18.72,-9736321.12093179,9236294.0,49.91158439449652
18.73,-9736436.20800098,9237826.0,49.91158765147899
18.74,-9736550.409256438,9239356.0,49.91159090867672
18.75,-9736663.650737198,9240884.0,49.91159416540448
18.76,-9736775.864823043,9242409.0,49.911597421038174
18.77,-9736886.990664799,9243933.0,49.911600675069046
18.78,-9736996.974868305,9245455.0,49.91160392713336
18.79,-9737105.771699902,9246975.0,49.911607176965894
18.8,-9737213.342863327,9248492.0,49.91161042435907
18.81,-9737319.657650346,9250008.0,49.91161366921302
18.82,-9737424.693056284,9251521.0,49.91161691152203
18.83,-9737528.433466252,9253032.0,49.91162015133749
18.84,-9737630.8706786,9254541.0,49.91162338880617
18.85,-9737732.003569959,9256047.0,49.91162662412246
18.86,-9737831.837363245,9257550.0,49.911629857493686
18.87,-9737930.383426571,9259051.0,49.91163308918733
18.88,-9738027.659034371,9260549.0,49.91163631952284
18.89,-9738123.686750213,9262044.0,49.911639548831516
18.9,-9738218.49387599,9263536.0,49.91164277746023
18.91,-9738312.11202176,9265025.0,49.91164600577309
18.92,-9738404.576653976,9266511.0,49.911649234151426
18.93,-9738495.9260132,9267992.0,49.91165246291349
18.94,-9738586.200685488,9269471.0,49.91165569237765
18.95,-9738675.443779044,9270947.0,49.91165892293165
18.96,-9738763.700081505,9272418.0,49.91166215490158
18.97,-9738851.01487022,9273885.0,49.9116653885331
18.98,-9738937.43364408,9275348.0,49.91166862404444
18.99,-9739023.001924863,9276808.0,49.91167186167011
19.0,-9739107.764627248,9278262.0,49.91167510157194
19.01,-9739191.765101593,9279712.0,49.911678343824136
19.02,-9739275.045207676,9281158.0,49.9116815885019
19.03,-9739357.645335445,9282600.0,49.91168483567765
19.04,-9739439.603727732,9284036.0,49.9116880853386
19.05,-9739520.955564925,9285467.0,49.91169133737014
19.06,-9739601.733242238,9286894.0,49.91169459165038
19.07,-9739681.96609428,9288315.0,49.911697848004536
19.08,-9739761.679849094,9289731.0,49.91170110618069
19.09,-9739840.89648988,9291141.0,49.91170436586007
19.1,-9739919.634008428,9292546.0,49.9117076266723
19.11,-9739997.906765664,9293946.0,49.911710888239924
19.12,-9740075.725443458,9295340.0,49.911714150137705
19.13,-9740153.096656114,9296728.0,49.91171741186528
19.14,-9740230.023239404,9298111.0,49.91172067290216
19.15,-9740306.504130358,9299487.0,49.91172393266771
19.16,-9740382.533995641,9300857.0,49.911727190502205
19.17,-9740458.10391368,9302222.0,49.91173044576038
19.18,-9740533.201775974,9303581.0,49.91173369780548
19.19,-9740607.812459046,9304934.0,49.91173694597307
19.2,-9740681.91762194,9306280.0,49.911740189540375
19.21,-9740755.495770883,9307620.0,49.911743427746316
19.22,-9740828.523112496,9308955.0,49.91174665987971
19.23,-9740900.973429175,9310282.0,49.911749885189685
19.24,-9740972.818347529,9311604.0,49.91175310291126
19.25,-9741044.02778815,9312919.0,49.91175631230319
19.26,-9741114.570168404,9314228.0,49.911759512617
19.27,-9741184.412624845,9315530.0,49.91176270310224
19.28,-9741253.52164927,9316827.0,49.91176588305789
19.29,-9741321.863228561,9318116.0,49.91176905178239
19.3,-9741389.403146826,9319400.0,49.91177220859319
19.31,-9741456.107486866,9320677.0,49.91177535285977
19.32,-9741521.942580616,9321947.0,49.911778483928785
19.33,-9741586.87519187,9323211.0,49.91178160117786
19.34,-9741650.873255536,9324469.0,49.911784704053225
19.35,-9741713.905942302,9325720.0,49.91178779202359
19.36,-9741775.943884874,9326965.0,49.91179086458736
19.37,-9741836.959674485,9328204.0,49.91179392131043
19.38,-9741896.927824115,9329436.0,49.91179696177948
19.39,-9741955.824605895,9330661.0,49.911799985569424
19.4,-9742013.628155718,9331880.0,49.91180299229324
19.41,-9742070.318668054,9333092.0,49.91180598159685
19.42,-9742125.878753368,9334299.0,49.911808953201714
19.43,-9742180.293493817,9335498.0,49.911811906847376
19.44,-9742233.5500695,9336691.0,49.91181484226503
19.45,-9742285.637793427,9337877.0,49.91181775921729
19.46,-9742336.54816453,9339057.0,49.91182065749995
19.47,-9742386.274992554,9340230.0,49.91182353693564
19.48,-9742434.814237354,9341397.0,49.91182639737595
19.49,-9742482.164043706,9342557.0,49.911829238695184
19.5,-9742528.324758353,9343711.0,49.9118320607926
19.51,-9742573.29871429,9344858.0,49.91183486358623
19.52,-9742617.089905761,9345998.0,49.91183764697561
19.53,-9742659.703696374,9347131.0,49.91184041084843
19.54,-9742701.146829175,9348258.0,49.911843155124565
19.55,-9742741.427848583,9349379.0,49.91184587978629
19.56,-9742780.556630293,9350492.0,49.911848584786334
19.57,-9742818.543638747,9351598.0,49.9118512700234
19.58,-9742855.400163477,9352698.0,49.91185393543015
19.59,-9742891.139076533,9353793.0,49.91185658104077
19.6,-9742925.774181344,9354879.0,49.91185920684546
19.61,-9742959.31959213,9355959.0,49.9118618127751
19.62,-9742991.789788758,9357032.0,49.91186439878146
19.63,-9743023.199331814,9358098.0,49.91186696479515
19.64,-9743053.563005133,9359158.0,49.911869510768064
19.65,-9743082.89547602,9360210.0,49.911872036623436
19.66,-9743111.21109602,9361256.0,49.91187454226738
19.67,-9743138.524380526,9362296.0,49.9118770276618
19.68,-9743164.849256743,9363327.0,49.9118794926907
19.69,-9743190.198932381,9364353.0,49.9118819372254
19.7,-9743214.586372146,9365372.0,49.91188436118869
19.71,-9743238.023703722,9366383.0,49.91188676442891
19.72,-9743260.52235321,9367389.0,49.91188914681645
19.73,-9743282.09316377,9368387.0,49.911891508224556
19.74,-9743302.74608556,9369379.0,49.91189384849706
19.75,-9743322.490400402,9370364.0,49.9118961674842
19.76,-9743341.334715523,9371343.0,49.9118984650418
19.77,-9743359.286670823,9372314.0,49.911900740984095
19.78,-9743376.352733377,9373279.0,49.911902995097655
19.79,-9743392.538420124,9374237.0,49.91190522717734
19.8,-9743407.848056845,9375188.0,49.911907436986105
19.81,-9743422.285341067,9376134.0,49.91190962433908
19.82,-9743435.853676714,9377073.0,49.91191178908231
19.83,-9743448.555401329,9378004.0,49.911913930973085
19.84,-9743460.391956175,9378930.0,49.91191604978101
19.85,-9743471.364702372,9379850.0,49.91191814535146
19.86,-9743481.474722926,9380763.0,49.911920217511714
19.87,-9743490.72233673,9381669.0,49.91192226603821
19.88,-9743499.107253311,9382569.0,49.91192429070629
19.89,-9743506.62889003,9383463.0,49.911926291325
19.9,-9743513.286548562,9384351.0,49.911928267728435
19.91,-9743519.079700263,9385233.0,49.911930219769054
19.92,-9743524.007969398,9386109.0,49.911932147312584
19.93,-9743528.070919266,9386978.0,49.91193405019471
19.94,-9743531.268158931,9387842.0,49.9119359282698
19.95,-9743533.599773087,9388700.0,49.91193778143776
19.96,-9743535.066182375,9389552.0,49.91193960959669
19.97,-9743535.668181607,9390398.0,49.91194141264231
19.98,-9743535.40706781,9391239.0,49.91194319050659
19.99,-9743534.284894593,9392074.0,49.91194494314454
20.0,-9743532.304513648,9392904.0,49.911946670531215
20.01,-9743528.421937468,9393727.0,49.91194825370212
20.02,-9743508.42525206,9394547.0,49.91194818429261
20.03,-9743424.410917157,9395376.0,49.91194245834243
20.04,-9743178.079747934,9396263.0,49.91192474906405
20.05,-9742608.694303755,9397306.0,49.91188671692262
20.06,-9741485.348898293,9398666.0,49.91181833363548
20.07,-9739503.191100255,9400575.0,49.91170821568253
20.08,-9736283.216483856,9403335.0,49.91154396221532
20.09,-9731375.251767617,9407328.0,49.9113124930694
20.1,-9724263.738807594,9413003.0,49.91100038279176
20.11,-9714375.933576863,9420876.0,49.91059418700198
20.12,-9701092.14320184,9431520.0,49.91008075808972
20.13,-9683757.63371649,9445554.0,49.90944754727941
20.14,-9661695.853089424,9463633.0,49.90868289047473
20.15,-9634222.628168305,9486434.0,49.90777627541807
20.16,-9600661.0062798,9514641.0,49.90671858768957
20.17,-9560356.425939145,9548931.0,49.905502333206606
20.18,-9512691.914826069,9589960.0,49.90412183499349
20.19,-9457103.024669763,9638343.0,49.90257340178941
20.2,-9393092.03165251,9694645.0,49.90085544434295
20.21,-9320240.712141447,9759365.0,49.898968508407
20.22,-9238221.249690657,9832921.0,49.89691524363198
20.23,-9146805.218660777,9915640.0,49.89470034644125
20.24,-9045870.748513684,10007750.0,49.892330493686096
20.25,-8935407.998143665,10109380.0,49.88981427066805
20.26,-8815522.993005455,10220530.0,49.88716208587968
20.27,-8686439.839866396,10341100.0,49.88438606827497
20.28,-8548501.315826207,10470860.0,49.88149994474576
20.29,-8402167.83038386,10609470.0,49.8785188974699
20.3,-8248014.765816854,10756480.0,49.87545940137463
20.31,-8086728.214245982,10911300.0,49.872339042815824
20.32,-7919099.147982888,11073260.0,49.86917632124898
20.33,-7746016.076208897,11241550.0,49.86599043578504
20.34,-7568456.261282653,11415290.0,49.86280105912284
20.35,-7387475.585246508,11593510.0,49.85962810131263
20.36,-7204197.172052488,11775150.0,49.8564914657733
20.37,-7019798.887739252,11959090.0,49.85341080038219
20.38,-6835499.850071125,12144140.0,49.85040524591446
20.39,-6652546.089480145,12329090.0,49.84749318431353
20.4,-6472195.510475403,12512700.0,49.84469198915249
20.41,-6295702.302249009,12693700.0,49.8420177798864
20.42,-6124300.935586891,12870850.0,49.839485180253604
20.43,-5959189.45994333,13042910.0,49.83710703436273
20.44,-5801511.865375704,13208670.0,49.834894082592776
20.45,-5652339.829715865,13367010.0,49.83285465721254
20.46,-5512654.4089239035,13516840.0,49.83099442858064
20.47,-5383328.053774773,13657180.0,49.82931618878869
20.48,-5265107.209175849,13787170.0,49.8278196632965
20.49,-5158595.659840593,13906050.0,49.82650134330248
20.5,-5064238.46204088,14013230.0,49.825354304383175
20.51,-4982307.1378189605,14108250.0,49.82436810459769
20.52,-4912896.152284136,14190860.0,49.8235298318245
20.53,-4855931.38738583,14260940.0,49.822825369320014
20.54,-4811180.650514936,14318590.0,49.82223967983849
20.55,-4778265.051201808,14364030.0,49.82175698569069
20.56,-4756671.104028136,14397630.0,49.821360947079555
20.57,-4745763.426871039,14419920.0,49.82103483841009
20.58,-4744797.911651401,14431530.0,49.82076172209088
20.59,-4752935.252813037,14433210.0,49.820524619266365
20.6,-4769254.723465804,14425790.0,49.820306676740664
20.61,-4792768.094933424,14410190.0,49.82009132943285
20.62,-4822433.601182318,14387400.0,49.8198624577477
20.63,-4857169.853031832,14358470.0,49.81960453901515
20.64,-4895869.611560186,14324480.0,49.81930279234042
20.65,-4937413.332312661,14286540.0,49.818943315845324
20.66,-4980682.392987696,14245760.0,49.81851321535394
20.67,-5024571.919559486,14203260.0,49.818000723480594
20.68,-5068003.126186011,14160150.0,49.81739530804667
20.69,-5109935.086351017,14117500.0,49.81668776880302
20.7,-5149375.846716614,14076370.0,49.815870320620384
20.71,-5185392.463319014,14037740.0,49.81493662412156
20.72,-5217119.508159869,14002540.0,49.81388175467946
20.73,-5243766.100202286,13971650.0,49.812702161283696
20.74,-5264621.818775779,13945840.0,49.81139564991574
20.75,-5279061.6930399,13925840.0,49.80996137682781
20.76,-5286550.358269298,13912260.0,49.80839984215525
20.77,-5286645.410914019,13905650.0,49.80671287796227
20.78,-5278999.95492859,13906450.0,49.80490362647011
20.79,-5263364.317191298,13915000.0,49.80297650634768
20.8,-5239586.903408474,13931540.0,49.80093716596253
20.81,-5207614.169198532,13956250.0,49.79879242318388
20.82,-5167489.689498976,13989160.0,49.79655019227573
20.83,-5119352.3152883835,14030240.0,49.794219397977805
20.84,-5063433.194079757,14079350.0,49.791809852255746
20.85,-5000051.416945309,14136250.0,49.78933208912952
20.86,-4929608.39591378,14200630.0,49.786797192951404
20.87,-4852581.282226424,14272080.0,49.78421664457778
20.88,-4769515.679086318,14350130.0,49.781602182382926
20.89,-4681017.859322384,14434240.0,49.77896567626167
20.9,-4587746.665094755,14523800.0,49.776319013141446
20.91,-4490405.238979131,14618140.0,49.77367399305154
20.92,-4389732.7149627395,14716570.0,49.77104223508702
20.93,-4286495.977191383,14818350.0,49.76843509259374
20.94,-4181481.5792788407,14922710.0,49.76586357713715
20.95,-4075487.9007969857,15028860.0,49.76333829067693
20.96,-3969317.6063589253,15136010.0,49.76086936568403
20.97,-3863770.46065561,15243360.0,49.75846641273347
20.98,-3759636.541657733,15350100.0,49.75613847511782
20.99,-3657689.8858729284,15455440.0,49.75389399011212
21.0,-3558682.564621903,15558620.0,49.751740753596486
21.01,-3463338.778929065,15658880.0,49.74968584135552
21.02,-3372348.775375304,15755490.0,49.74773550646441
21.03,-3286362.834803409,15847770.0,49.745895101374174
21.04,-3205985.67257554,15935060.0,49.74416903758722
21.05,-3131771.4499318283,16016770.0,49.74256077150094
21.06,-3064219.511947144,16092330.0,49.741072809407314
21.07,-3003770.908975913,16161260.0,49.73970672675234
21.08,-2950805.7233176352,16223100.0,49.73846319846604
21.09,-2905641.1951494785,16277480.0,49.73734203785793
21.1,-2868530.624286416,16324080.0,49.73634224219299
21.11,-2839663.0133126946,16362650.0,49.73546204366313
21.12,-2819163.4101968836,16393000.0,49.73469896471737
21.13,-2807093.9008356547,16415000.0,49.734049876577146
21.14,-2803455.1932618218,16428600.0,49.73351105952932
21.15,-2808188.552165011,16433800.0,49.73307824368288
21.16,-2821177.800026132,16430640.0,49.73274662250599
21.17,-2842251.3572373465,16419260.0,49.73251086478639
21.18,-2871184.4489214746,16399810.0,49.73236514232677
21.19,-2907701.558616959,16372530.0,49.73230316955682
21.2,-2951479.177910569,16337690.0,49.73231825259568
21.21,-3002148.8776070266,16295620.0,49.73240334577668
21.22,-3059300.705368443,16246680.0,49.73255111371013
21.23,-3122486.903066572,16191290.0,49.73275399764867
21.24,-3191225.926006451,16129880.0,49.73300428499053
21.25,-3265006.737890925,16062960.0,49.73329418073498
21.26,-3343293.3470778116,15991010.0,49.73361587981719
21.27,-3425529.5467607053,15914600.0,49.733961639520594
21.28,-3511143.8143042354,15834250.0,49.73432385078241
21.29,-3599554.3225934175,15750560.0,49.73469510762615
21.3,-3690174.0150871323,15664100.0,49.7350682739588
21.31,-3782415.6912044534,15575460.0,49.735436546659265
21.32,-3875697.049823217,15485220.0,49.73579351437403
21.33,-3969445.638651561,15393980.0,49.73613321135971
21.34,-4063103.6556420173,15302290.0,49.736450165560484
21.35,-4156132.5524246693,15210730.0,49.736739440557535
21.36,-4248017.39044287,15119820.0,49.73699667084996
21.37,-4338270.90235455,15030090.0,49.73721809000354
21.38,-4426437.216275186,14942020.0,49.737400551479396
21.39,-4512095.203596098,14856060.0,49.73754154197444
21.4,-4594861.416499434,14772650.0,49.737639187190254
21.41,-4674392.586007578,14692150.0,49.73769225009605
21.42,-4750387.656930506,14614920.0,49.737700121787206
21.43,-4822589.342755983,14541250.0,49.73766280523029
21.44,-4890785.188633709,14471410.0,49.73758089220073
21.45,-4954808.137489023,14405610.0,49.73745553382188
21.46,-5014536.600901096,14344000.0,49.737288405285774
21.47,-5069894.042781745,14286720.0,49.7370816653468
21.48,-5120848.091112444,14233840.0,49.73683791134041
21.49,-5167409.1968732225,14185400.0,49.73656013024685
21.5,-5209628.865691505,14141380.0,49.73625164660819
21.51,-5247597.493126349,14101720.0,49.73591606809577
21.52,-5281441.840236148,14066360.0,49.73555722964239
21.53,-5311322.187663989,14035140.0,49.735179136682724
21.54,-5337429.2103628935,14007920.0,49.734785908308915
21.55,-5359980.619321864,13984500.0,49.73438172125233
21.56,-5379217.616679554,13964660.0,49.73397075520688
21.57,-5395401.212658679,13948180.0,49.73355714027433
21.58,-5408808.452790573,13934770.0,49.73314490701888
21.59,-5419728.6025181245,13924170.0,49.73273793966509
21.6,-5428459.337000875,13916090.0,49.73233993295555
21.61,-5435302.981461461,13910220.0,49.73195435311723
21.62,-5440562.844600774,13906270.0,49.73158440308903
21.63,-5444539.685452777,13903940.0,49.73123299239741
21.64,-5447528.351175288,13902920.0,49.730902711843
21.65,-5449814.618779605,13902910.0,49.73059581304135
21.66,-5451672.269091366,13903640.0,49.73031419273305
21.67,-5453360.419206849,13904820.0,49.7300593820807
21.68,-5455121.13560385,13906200.0,49.7298325408457
21.69,-5457177.341987818,13907540.0,49.72963445596121
21.7,-5459731.035831865,13908610.0,49.72946554467929
21.71,-5462961.821841005,13909220.0,49.72932586193598
21.72,-5467025.765011396,13909170.0,49.72921511155059
21.73,-5472054.564505479,13908320.0,49.72913266113504
21.74,-5478155.043751294,13906530.0,49.72907756024671
21.75,-5485408.949646234,13903700.0,49.729048561485754
21.76,-5493873.050105467,13899750.0,49.729044144173905
21.77,-5503579.517210171,13894610.0,49.729062540293995
21.78,-5514536.578900844,13888260.0,49.7291017621929
21.79,-5526729.421578035,13880680.0,49.729159631794566
21.8,-5540121.324240537,13871900.0,49.72923381101432
21.81,-5554655.000342497,13861940.0,49.729321832700066
21.82,-5570254.124834023,13850880.0,49.72942113200888
21.83,-5586825.024016702,13838770.0,49.729529077997455
21.84,-5604258.502057925,13825720.0,49.72964300480484
21.85,-5622431.778184908,13811830.0,49.72976024213666
21.86,-5641210.511427233,13797230.0,49.72987814507013
21.87,-5660450.88620302,13782050.0,49.72999412257213
21.88,-5680001.73377913,13766430.0,49.73010566454041
21.89,-5699706.666153776,13750530.0,49.73021036731522
21.9,-5719406.198686855,13734510.0,49.7303059572571
21.91,-5738939.838743715,13718510.0,49.73039031230232
21.92,-5758148.118764559,13702710.0,49.73046148125298
21.93,-5776874.553686614,13687250.0,49.73051770072656
21.94,-5794967.5043178685,13672310.0,49.73055740967565
21.95,-5812281.9298756635,13658020.0,49.73057926138565
21.96,-5828681.013153125,13644540.0,49.730582132781606
21.97,-5844037.644768597,13632000.0,49.73056513105895
21.98,-5858235.754699013,13620520.0,49.73052759774245
21.99,-5871171.481935691,13610230.0,49.73046911013881
22.0,-5882754.172823878,13601220.0,49.73038948012347
22.01,-5892907.202719454,13593590.0,49.73028875044889
22.02,-5901568.616657168,13587420.0,49.730167188640934
22.03,-5908691.586403287,13582760.0,49.73002527852582
22.04,-5914244.685428378,13579660.0,49.72986370981605
22.05,-5918211.982804968,13578160.0,49.72968336558286
22.06,-5920592.959185148,13578260.0,49.729485307915425
22.07,-5921402.251433937,13579980.0,49.72927076205161
22.08,-5920669.232575454,13583280.0,49.72904109907945
22.09,-5918437.436136064,13588160.0,49.728797817480014
22.1,-5914763.835662432,13594550.0,49.7285425238008
22.11,-5909717.990860463,13602410.0,49.7282769125829
22.12,-5903381.073924101,13611660.0,49.72800274595689
22.13,-5895844.790705503,13622230.0,49.727721833059995
22.14,-5887210.209478135,13634010.0,49.72743600931108
22.15,-5877586.514305742,13646920.0,49.727147116099246
22.16,-5867089.69879167,13660840.0,49.72685698094058
22.17,-5855841.217258286,13675650.0,49.72656739843267
22.18,-5843966.608879455,13691230.0,49.7262801120571
22.19,-5831594.110235145,13707460.0,49.725996796949474
22.2,-5818853.273492538,13724210.0,49.72571904408305
22.21,-5805873.605173124,13741340.0,49.72544834578928
22.22,-5792783.239580209,13758740.0,49.72518608273418
22.23,-5779707.662396015,13776260.0,49.72493351265857
22.24,-5766768.495798255,13793790.0,49.72469176066668
22.25,-5754082.357803721,13811200.0,49.72446181135062
22.26,-5741759.806010547,13828380.0,49.724244502634704
22.27,-5729904.374965712,13845220.0,49.72404052140387
22.28,-5718611.716702356,13861600.0,49.723850401094886
22.29,-5707968.848760745,13877440.0,49.72367452079009
22.3,-5698053.515788789,13892660.0,49.72351310611153
22.31,-5688933.668961202,13907160.0,49.72336623182434
22.32,-5680667.065387586,13920880.0,49.72323382599461
22.33,-5673300.9879523935,13933770.0,49.7231156755499
22.34,-5666872.084396039,13945770.0,49.723011433141
22.35,-5661406.324536677,13956860.0,49.722920625312476
22.36,-5656919.072581992,13967000.0,49.72284266175927
22.37,-5653415.269783444,13976170.0,49.72277684553352
22.38,-5650889.722694223,13984380.0,49.722722384112814
22.39,-5649327.490170612,13991630.0,49.72267840110874
22.4,-5648704.361962735,13997940.0,49.72264394851158
22.41,-5648987.420585603,14003320.0,49.72261801926261
22.42,-5650135.677892938,14007800.0,49.722599560074016
22.43,-5652100.777595738,14011440.0,49.72258748437311
22.44,-5654827.75423121,14014280.0,49.722580685212364
22.45,-5658255.838363859,14016370.0,49.7225780479299
22.46,-5662319.297680513,14017780.0,49.72257846248419
22.47,-5666948.303932457,14018570.0,49.7225808353459
22.48,-5672069.81554264,14018800.0,49.722584100801825
22.49,-5677608.466347974,14018560.0,49.72258723166505
22.5,-5683487.4513719985,14017920.0,49.72258924927994
22.51,-5689629.39892898,14016940.0,49.72258923255869
22.52,-5695957.220084715,14015720.0,49.722586326091616
22.53,-5702394.927736512,14014330.0,49.722579747354835
22.54,-5708868.418016654,14012840.0,49.722568792955315
22.55,-5715306.206399464,14011330.0,49.72255284379512
22.56,-5721640.110852336,14009870.0,49.722531369020565
22.57,-5727805.8772858605,14008530.0,49.722503928973694
22.58,-5733743.742936055,14007360.0,49.722470177129225
22.59,-5739398.932349912,14006440.0,49.722429860833515
22.6,-5744722.082845595,14005810.0,49.72238282098046
22.61,-5749669.597677051,14005530.0,49.7223289907579
22.62,-5754203.924550419,14005630.0,49.72226839333101
22.63,-5758293.759238577,14006160.0,49.72220113864321
22.64,-5761914.173863949,14007150.0,49.722127419313466
22.65,-5765046.671265402,14008620.0,49.72204750578098
22.66,-5767679.1670959685,14010580.0,49.721961740748064
22.67,-5769805.901405482,14013060.0,49.72187053291165
22.68,-5771427.283217439,14016050.0,49.72177435018453
22.69,-5772549.672358001,14019560.0,49.721673712526524
22.7,-5773185.10236734,14023580.0,49.721569184366
22.71,-5773350.949557542,14028100.0,49.721461366754
22.72,-5773069.5526804,14033090.0,49.721350889306834
22.73,-5772367.790213881,14038540.0,49.721238402149325
22.74,-5771276.621099137,14044430.0,49.721124567917045
22.75,-5769830.59464749,14050710.0,49.72101005377612
22.76,-5768067.335957287,14057360.0,49.72089552366966
22.77,-5766027.014056167,14064330.0,49.720781630869766
22.78,-5763751.797858394,14071590.0,49.72066901078298
22.79,-5761285.307897143,14079090.0,49.720558274302306
22.8,-5758672.069724586,14086790.0,49.72045000163175
22.81,-5755956.974238902,14094640.0,49.72034473655611
22.82,-5753184.751635392,14102610.0,49.72024298138527
22.83,-5750399.464030214,14110640.0,49.720145192484736
22.84,-5747644.021736822,14118690.0,49.720051776465525
22.85,-5744959.727568618,14126720.0,49.7199630869755
22.86,-5742385.853771286,14134690.0,49.719879422283825
22.87,-5739959.255757275,14142550.0,49.719801023548804
22.88,-5737714.024786532,14150270.0,49.71972807372395
22.89,-5735681.182754865,14157820.0,49.71966069716913
22.9,-5733888.420715919,14165160.0,49.71959895989318
22.91,-5732359.883005648,14172260.0,49.719542870456465
22.92,-5731115.997363905,14179110.0,49.71949238144469
22.93,-5730173.352056743,14185680.0,49.71944739154791
22.94,-5729544.620076841,14191950.0,49.719407748217215
22.95,-5729238.528813998,14197910.0,49.719373250685464
22.96,-5729259.874825179,14203560.0,49.719343653525456
22.97,-5729609.582199775,14208880.0,49.719318670569315
22.98,-5730284.801049211,14213880.0,49.71929797901956
22.99,-5731279.045574215,14218560.0,49.719281224017756
23.0,-5732582.368452458,14222920.0,49.71926802338563
23.01,-5734181.567974561,14226980.0,49.719257972445895
23.02,-5736060.424594428,14230750.0,49.719250648957136
23.03,-5738199.964158185,14234240.0,49.7192456181666
23.04,-5740578.743709619,14237470.0,49.719242437801
23.05,-5743173.155538955,14240470.0,49.71924066295584
23.06,-5745957.7466997,14243260.0,49.71923985095724
23.07,-5748905.548599024,14245850.0,49.71923956593214
23.08,-5751988.413694388,14248290.0,49.71923938325411
23.09,-5755177.356161991,14250590.0,49.71923889380773
23.1,-5758442.891228665,14252790.0,49.71923770783613
23.11,-5761755.369338711,14254920.0,49.71923545842519
23.12,-5765085.303230785,14257000.0,49.71923180478096
23.13,-5768403.683388891,14259060.0,49.71922643506627
23.14,-5771682.279158306,14261140.0,49.7192190688029
23.15,-5774893.922760889,14263250.0,49.71920945894505
23.16,-5778012.773638145,14265440.0,49.71919739348033
23.17,-5781014.560298521,14267720.0,49.719182696580724
23.18,-5783876.797898661,14270110.0,49.71916522932978
23.19,-5786578.98067117,14272650.0,49.71914489011879
23.2,-5789102.747321199,14275340.0,49.719121614560905
23.21,-5791432.017447239,14278220.0,49.719095374940686
23.22,-5793553.099534666,14281280.0,49.71906617934239
23.23,-5795454.769805519,14284560.0,49.71903407043863
23.24,-5797128.321454852,14288050.0,49.71899912385113
23.25,-5798567.5861835815,14291780.0,49.71896144637157
23.26,-5799768.926463245,14295730.0,49.71892117370753
23.27,-5800731.200914513,14299920.0,49.71887846806859
23.28,-5801455.704056153,14304350.0,49.7188335156158
23.29,-5801946.080296106,14309010.0,49.71878652350859
23.3,-5802208.215474807,14313910.0,49.71873771701225
23.31,-5802250.107920017,14319040.0,49.718687336500814
23.32,-5802081.719359891,14324380.0,49.71863563420568
23.33,-5801714.809303846,14329920.0,49.718582871083264
23.34,-5801162.755527927,14335670.0,49.71852931372801
23.35,-5800440.361568448,14341600.0,49.71847523114788
23.36,-5799563.655197589,14347690.0,49.71842089178784
23.37,-5798549.679773928,14353940.0,49.71836656057679
23.38,-5797416.280430199,14360310.0,49.71831249605937
23.39,-5796181.888974374,14366810.0,49.71825894783093
23.4,-5794865.308420995,14373400.0,49.71820615400095
23.41,-5793485.499849524,14380070.0,49.718154338883664
23.42,-5792061.374970346,14386800.0,49.718103711044286
23.43,-5790611.595674833,14393570.0,49.71805446149204
23.44,-5789154.381801851,14400360.0,49.71800676204279
23.45,-5787707.330188668,14407160.0,49.71796076408383
23.46,-5786287.24670135,14413940.0,49.717916597577
23.47,-5784909.991269233,14420680.0,49.71787437024121
23.48,-5783590.338060195,14427380.0,49.717834167019134
23.49,-5782341.852412389,14434020.0,49.71779604993008
23.5,-5781176.784556225,14440580.0,49.71776005806333
23.51,-5780105.980284945,14447050.0,49.71772620778779
23.52,-5779138.810630217,14453420.0,49.71769449336065
23.53,-5778283.119051184,14459680.0,49.71766488759459
23.54,-5777545.1871391265,14465820.0,49.717637342835054
23.55,-5776929.718378441,14471840.0,49.71761179210383
23.56,-5776439.838873089,14477730.0,49.71758815035195
23.57,-5776077.116158221,14483490.0,49.7175663160149
23.58,-5775841.593822365,14489110.0,49.71754617260194
23.59,-5775731.8411146775,14494600.0,49.71752759033003
23.6,-5775745.017313015,14499960.0,49.717510427978
23.61,-5775876.949551518,14505190.0,49.71749453479597
23.62,-5776122.222526639,14510290.0,49.71747975239568
23.63,-5776474.278970583,14515270.0,49.71746591672352
23.64,-5776925.529144947,14520140.0,49.717452859976106
23.65,-5777467.467789805,14524900.0,49.71744041250445
23.66,-5778090.798275556,14529560.0,49.71742840479387
23.67,-5778785.560730129,14534140.0,49.71741666922449
23.68,-5779541.26312629,14538630.0,49.717405041805954
23.69,-5780347.014914425,14543050.0,49.7173933639135
23.7,-5781191.660508638,14547420.0,49.717381483835496
23.71,-5782063.911363009,14551740.0,49.717369258173825
23.72,-5782952.475579704,14556020.0,49.717356553181254
23.73,-5783846.183839172,14560280.0,49.717343245932526
23.74,-5784734.109341043,14564520.0,49.71732922527753
23.75,-5785605.681700286,14568760.0,49.71731439269345
23.76,-5786450.793203341,14573010.0,49.71729866295529
23.77,-5787259.896586602,14577280.0,49.71728196463683
23.78,-5788024.094299356,14581570.0,49.71726424052137
23.79,-5788735.217888456,14585900.0,49.71724544779793
23.8,-5789385.896185547,14590270.0,49.717225557999626
23.81,-5789969.612418229,14594690.0,49.71720455682067
23.82,-5790480.750923262,14599170.0,49.71718244392469
23.83,-5790914.632409236,14603720.0,49.71715923249445
23.84,-5791267.537460481,14608330.0,49.71713494862104
23.85,-5791536.719100303,14613010.0,49.71710963063584
23.86,-5791720.404021372,14617760.0,49.71708332828977
23.87,-5791817.783270356,14622600.0,49.71705610186694
23.88,-5791828.992160315,14627500.0,49.717028021128954
23.89,-5791755.080651437,14632490.0,49.71699916427599
23.9,-5791597.974931999,14637550.0,49.71696961686235
23.91,-5791360.429881347,14642680.0,49.716939470546635
23.92,-5791045.9743866725,14647880.0,49.716908821929316
23.93,-5790658.849334941,14653150.0,49.71687777130435
23.94,-5790203.940034171,14658480.0,49.716846421445396
23.95,-5789686.704295415,14663860.0,49.71681487647529
23.96,-5789113.095339881,14669300.0,49.71678324057073
23.97,-5788489.482109137,14674790.0,49.71675161684823
23.98,-5787822.567947767,14680310.0,49.7167201063076
23.99,-5787119.306988255,14685870.0,49.71668880667873
24.0,-5786386.8215735685,14691450.0,49.71665781156657
24.01,-5785632.3199610915,14697050.0,49.716627209496984
24.02,-5784863.015031714,14702660.0,49.71659708305564
24.03,-5784086.046201746,14708270.0,49.716567508217004
24.04,-5783308.404156411,14713880.0,49.71653855369327
24.05,-5782536.860079499,14719490.0,49.71651028044294
24.06,-5781777.898846581,14725070.0,49.7164827411859
24.07,-5781037.657238197,14730630.0,49.716455980053595
24.08,-5780321.868148047,14736160.0,49.71643003239162
24.09,-5779635.8112134775,14741650.0,49.71640492466738
24.1,-5778984.269349603,14747100.0,49.71638067439954
24.11,-5778371.4922036715,14752510.0,49.71635729024007
24.12,-5777801.16640805,14757870.0,49.71633477213581
24.13,-5777276.392544575,14763170.0,49.71631311154896
24.14,-5776799.669555525,14768410.0,49.716292291829525
24.15,-5776372.885981071,14773600.0,49.71627228861499
24.16,-5775997.318078036,14778720.0,49.71625307033475
24.17,-5775673.635250864,14783780.0,49.716234598798245
24.18,-5775401.910847176,14788780.0,49.716216829712316
24.19,-5775181.639290945,14793720.0,49.7161997133389
24.2,-5775011.75940564,14798590.0,49.71618319524536
24.21,-5774890.682847011,14803400.0,49.71616721700082
24.22,-5774816.327254608,14808140.0,49.71615171689543
24.23,-5774786.154121567,14812830.0,49.7161366307528
24.24,-5774797.210182309,14817470.0,49.71612189265544
24.25,-5774846.171627198,14822050.0,49.71610743565495
24.26,-5774929.3913965495,14826580.0,49.716093192552144
24.27,-5775042.948841313,14831070.0,49.716079096665624
24.28,-5775182.700602196,14835510.0,49.7160650825002
24.29,-5775344.332104832,14839910.0,49.71605108637941
24.3,-5775523.410227616,14844290.0,49.716037047170246
24.31,-5775715.435178578,14848630.0,49.71602290681651
24.32,-5775915.891034439,14852950.0,49.71600861079934
24.33,-5776120.29492793,14857240.0,49.71599410861935
24.34,-5776324.245191753,14861530.0,49.715979354296046
24.35,-5776523.4670153605,14865800.0,49.71596430670864
24.36,-5776713.854750236,14870060.0,49.71594892982395
24.37,-5776891.511371454,14874320.0,49.71593319294814
24.38,-5777052.7844436485,14878590.0,49.7159170708868
24.39,-5777194.298794037,14882850.0,49.71590054409256
24.4,-5777312.98464665,14887130.0,49.715883598641724
24.41,-5777406.101484197,14891420.0,49.715866226191984
24.42,-5777471.257691595,14895720.0,49.71584842389294
24.43,-5777506.425659831,14900030.0,49.71583019423734
24.44,-5777509.9530472085,14904370.0,49.715811544911794
24.45,-5777480.568949138,14908720.0,49.71579248847021
24.46,-5777417.385723375,14913100.0,49.71577304204723
24.47,-5777319.897295521,14917500.0,49.71575322708351
24.48,-5777187.972645614,14921920.0,49.71573306888706
24.49,-5777021.845404797,14926370.0,49.71571259621037
24.5,-5776822.100409142,14930840.0,49.715691840900874
24.51,-5776589.656417407,14935330.0,49.71567083739255
24.52,-5776325.7455183705,14939840.0,49.71564962223232
24.53,-5776031.890330792,14944370.0,49.715628233648644
24.54,-5775709.878836701,14948920.0,49.71560671110183
24.55,-5775361.7367233755,14953490.0,49.71558509477143
24.56,-5774989.697824772,14958070.0,49.71556342505232
24.57,-5774596.173544446,14962670.0,49.71554174215189
24.58,-5774183.721504564,14967280.0,49.7155200856729
24.59,-5773755.01332734,14971890.0,49.715498494150545
24.6,-5773312.802063324,14976510.0,49.715477004676195
24.61,-5772859.890053703,14981130.0,49.71545565254356
24.62,-5772399.097321661,14985760.0,49.71543447093713
24.63,-5771933.230624407,14990380.0,49.71541349060619
24.64,-5771465.053763998,14994990.0,49.715392739628356
24.65,-5770997.258989845,14999600.0,49.715372243151066
24.66,-5770532.439986859,15004190.0,49.71535202319155
24.67,-5770073.067161924,15008770.0,49.71533209852841
24.68,-5769621.4646756025,15013340.0,49.71531248455447
24.69,-5769179.79023714,15017880.0,49.71529319327182
24.7,-5768750.016754987,15022410.0,49.715274233187934
24.71,-5768333.916718213,15026920.0,49.715255609338236
24.72,-5767933.049546436,15031400.0,49.71523732338496
24.73,-5767548.751502951,15035850.0,49.715219373663295
24.74,-5767182.127672847,15040280.0,49.715201755247335
24.75,-5766834.047527091,15044680.0,49.715184460157516
24.76,-5766505.143044989,15049060.0,49.715167477552804
24.77,-5766195.809057373,15053400.0,49.715150793869725
24.78,-5765906.206168361,15057710.0,49.71513439304604
24.79,-5765636.266204361,15062000.0,49.71511825678779
24.8,-5765385.700424965,15066250.0,49.71510236486322
24.81,-5765154.009263774,15070480.0,49.71508669531748
24.82,-5764940.494416444,15074680.0,49.71507122480825
24.83,-5764744.273043143,15078850.0,49.71505592891184
24.84,-5764564.292740552,15082990.0,49.71504078235479
24.85,-5764399.348452351,15087110.0,49.71502575935121
24.86,-5764248.1006342415,15091210.0,49.71501083391409
24.87,-5764109.093661695,15095280.0,49.714995980076196
24.88,-5763980.775537569,15099330.0,49.71498117221988
24.89,-5763861.517905959,15103360.0,49.71496638532806
24.9,-5763749.636176478,15107370.0,49.714951595232435
24.91,-5763643.410152447,15111370.0,49.714936778899
24.92,-5763541.104270424,15115350.0,49.71492191461614
24.93,-5763440.986587178,15119320.0,49.714906982125854
24.94,-5763341.347935359,15123280.0,49.71489196286146
24.95,-5763240.520263175,15127230.0,49.71487684009704
24.96,-5763136.893004436,15131170.0,49.7148615989822
24.97,-5763028.92978996,15135110.0,49.71484622678463
24.98,-5762915.183013128,15139050.0,49.714830712889395
24.99,-5762794.306822435,15142980.0,49.71481504881748
25.0,-5762665.0691544,15146910.0,49.71479922831827
25.01,-5762526.361545021,15150840.0,49.71478324729851
25.02,-5762377.207525112,15154770.0,49.71476710382056
25.03,-5762216.76921174,15158710.0,49.714750798042395
25.04,-5762044.351937681,15162650.0,49.714734332117644
25.05,-5761859.40795947,15166590.0,49.71471771019867
25.06,-5761661.5385202365,15170540.0,49.71470093833291
25.07,-5761450.4931081915,15174490.0,49.71468402421787
25.08,-5761226.168019199,15178450.0,49.714666977160206
25.09,-5760988.603376468,15182420.0,49.714649807924324
25.1,-5760737.977646307,15186390.0,49.71463252845499
25.11,-5760474.601940138,15190370.0,49.71461515183643
25.12,-5760198.912830197,15194350.0,49.71459769207235
25.13,-5759911.46377499,15198340.0,49.71458016390057
25.14,-5759612.916218323,15202340.0,49.714562582667334
25.15,-5759304.029016995,15206340.0,49.71454496406595
25.16,-5758985.646918638,15210340.0,49.71452732393458
25.17,-5758658.6892467495,15214340.0,49.7145096781416
25.18,-5758324.137971676,15218350.0,49.71449204242617
25.19,-5757983.025575249,15222360.0,49.71447443222011
25.2,-5757636.422188972,15226370.0,49.71445686244274
25.21,-5757285.4231288275,15230380.0,49.71443934740051
25.22,-5756931.13686649,15234390.0,49.71442190067549
25.23,-5756574.67216994,15238390.0,49.71440453489116
25.24,-5756217.126019102,15242390.0,49.714387261657954
25.25,-5755859.572983958,15246390.0,49.71437009154846
25.26,-5755503.05432268,15250380.0,49.714353033966965
25.27,-5755148.568051659,15254370.0,49.714336097081684
25.28,-5754797.059494428,15258340.0,49.714319287764006
25.29,-5754449.41310176,15262310.0,49.714302611583705
25.3,-5754106.44483734,15266270.0,49.714286072763876
25.31,-5753768.895116117,15270220.0,49.71426967412672
25.32,-5753437.423070074,15274160.0,49.714253417123665
25.33,-5753112.602546317,15278090.0,49.71423730194546
25.34,-5752794.918293723,15282010.0,49.71422132746757
25.35,-5752484.763432142,15285920.0,49.714205491314914
25.36,-5752182.438411444,15289810.0,49.71418978997598
25.37,-5751888.150774057,15293690.0,49.71417421885785
25.38,-5751602.015763189,15297560.0,49.71415877233427
25.39,-5751324.057568559,15301410.0,49.714143443817804
25.4,-5751054.212002437,15305260.0,49.714128225895685
25.41,-5750792.330259124,15309090.0,49.71411311046646
25.42,-5750538.183264901,15312910.0,49.71409808882386
25.43,-5750291.466318436,15316720.0,49.71408315171927
25.44,-5750051.805187531,15320510.0,49.71406828956847
25.45,-5749818.762133521,15324300.0,49.7140534924866
25.46,-5749591.84248906,15328070.0,49.71403875042249
25.47,-5749370.502402036,15331840.0,49.71402405333533
25.48,-5749154.155963886,15335590.0,49.71400939122063
25.49,-5748942.18323886,15339340.0,49.71399475428913
25.5,-5748733.938556348,15343080.0,49.713980133077314
25.51,-5748528.757993461,15346810.0,49.71396551845055
25.52,-5748325.966989917,15350540.0,49.71395090172292
25.53,-5748124.8885792475,15354260.0,49.71393627479189
25.54,-5747924.850611333,15357970.0,49.71392163014667
25.55,-5747725.192709744,15361680.0,49.713906960922984
25.56,-5747525.273802928,15365390.0,49.71389226105078
25.57,-5747324.478406973,15369100.0,49.71387752522827
25.58,-5747122.222240455,15372800.0,49.71386274891398
25.59,-5746917.957846114,15376500.0,49.71384792841716
25.6,-5746711.17946702,15380200.0,49.713833060896775
25.61,-5746501.426991932,15383900.0,49.71381814432397
25.62,-5746288.290018618,15387610.0,49.71380317755567
25.63,-5746071.4107466005,15391310.0,49.71378816026872
25.64,-5745850.485922637,15395010.0,49.713773092917805
25.65,-5745625.26872649,15398710.0,49.7137579767484
25.66,-5745395.5696295565,15402420.0,49.713742813736516
25.67,-5745161.256558282,15406130.0,49.71372760652504
25.68,-5744922.254858216,15409840.0,49.71371235844037
25.69,-5744678.546949677,15413550.0,49.71369707344598
25.7,-5744430.170043223,15417260.0,49.71368175596362
25.71,-5744177.213976605,15420980.0,49.71366641086172
25.72,-5743919.818959518,15424700.0,49.71365104342531
25.73,-5743658.172330248,15428420.0,49.71363565925589
25.74,-5743392.5056236945,15432150.0,49.71362026424974
25.75,-5743123.090324026,15435870.0,49.713604864457196
25.76,-5742850.23386745,15439600.0,49.71358946604399
25.77,-5742574.275342299,15443320.0,49.713574075232025
25.78,-5742295.580866374,15447050.0,49.71355869822327
25.79,-5742014.53885417,15450780.0,49.713543341115205
25.8,-5741731.554940606,15454510.0,49.71352800983962
25.81,-5741447.047293014,15458240.0,49.71351271012723
25.82,-5741161.442135712,15461970.0,49.71349744748417
25.83,-5740875.169041522,15465690.0,49.713482227118874
25.84,-5740588.655827515,15469420.0,49.713467053821354
25.85,-5740302.32383999,15473140.0,49.713451931963235
25.86,-5740016.5837932555,15476860.0,49.71343686549441
25.87,-5739731.831486473,15480580.0,49.71342185786597
25.88,-5739448.444149906,15484300.0,49.71340691204615
25.89,-5739166.777443734,15488010.0,49.713392030557316
25.9,-5738887.161753985,15491710.0,49.713377215334425
25.91,-5738609.89928429,15495420.0,49.71336246776558
25.92,-5738335.261878354,15499110.0,49.713347788745594
25.93,-5738063.489006128,15502810.0,49.71333317862871
25.94,-5737794.786076285,15506500.0,49.71331863726202
25.95,-5737529.323131361,15510180.0,49.71330416398174
25.96,-5737267.234233149,15513850.0,49.7132897576552
25.97,-5737008.616755992,15517520.0,49.71327541667922
25.98,-5736753.531589989,15521190.0,49.7132611390309
25.99,-5736502.003473538,15524850.0,49.7132469223038
26.0,-5736254.022029163,15528500.0,49.71323276375623
26.01,-5736009.54322169,15532150.0,49.71321866038192
26.02,-5735768.490597428,15535790.0,49.7132046088748
26.03,-5735530.757144096,15539420.0,49.71319060571762
26.04,-5735296.207364462,15543050.0,49.713176647215484
26.05,-5735064.6796011,15546670.0,49.713162729541835
26.06,-5734835.988452949,15550290.0,49.71314884877103
26.07,-5734609.927427476,15553900.0,49.713135000923025
26.08,-5734386.271865992,15557500.0,49.71312118203014
26.09,-5734164.78230522,15561110.0,49.71310738820458
26.1,-5733945.207168267,15564700.0,49.71309361561746
26.11,-5733727.2856926285,15568290.0,49.71307986053776
26.12,-5733510.751634105,15571880.0,49.713066119458546
26.13,-5733295.335872504,15575460.0,49.71305238902937
26.14,-5733080.769467967,15579030.0,49.71303866612023
26.15,-5732866.786562544,15582600.0,49.71302494786018
26.16,-5732653.12692863,15586170.0,49.71301123161267
26.17,-5732439.538734247,15589740.0,49.71299751505653
26.18,-5732225.780738907,15593300.0,49.71298379614308
26.19,-5732011.624864362,15596860.0,49.71297007317857
26.2,-5731796.858355216,15600410.0,49.712956344799785
26.21,-5731581.285203708,15603960.0,49.71294260994095
26.22,-5731364.727996555,15607510.0,49.71292886789344
26.23,-5731147.028808386,15611060.0,49.71291511821882
26.24,-5730928.050405402,15614600.0,49.712901360821334
26.25,-5730707.677152884,15618140.0,49.712887595918595
26.26,-5730485.8153376365,15621680.0,49.712873823996524
26.27,-5730262.393491563,15625210.0,49.71286004582754
26.28,-5730037.362841733,15628750.0,49.7128462624891
26.29,-5729810.697082149,15632280.0,49.71283247529398
26.3,-5729582.391211159,15635800.0,49.71281868570914
26.31,-5729352.461289301,15639330.0,49.71280489541902
26.32,-5729120.943620904,15642850.0,49.71279110629905
26.33,-5728887.893372791,15646370.0,49.71277732032388
26.34,-5728653.383520969,15649890.0,49.71276353959777
26.35,-5728417.503841518,15653400.0,49.71274976636498
26.36,-5728180.35903291,15656910.0,49.712736002878714
26.37,-5727942.067108904,15660410.0,49.71272225143925
26.38,-5727702.7578494195,15663910.0,49.71270851436949
26.39,-5727462.570665358,15667410.0,49.71269479393723
26.4,-5727221.6530008735,15670900.0,49.71268109238577
26.41,-5726980.158328507,15674390.0,49.71266741188589
26.42,-5726738.244486091,15677880.0,49.71265375453326
26.43,-5726496.071964339,15681360.0,49.71264012233777
26.44,-5726253.801786732,15684830.0,49.712626517146965
26.45,-5726011.593641067,15688300.0,49.71261294065503
26.46,-5725769.603942529,15691760.0,49.71259939436693
26.47,-5725527.984239653,15695210.0,49.71258587961337
26.48,-5725286.880073474,15698660.0,49.712572397585944
26.49,-5725046.429416187,15702110.0,49.71255894926595
26.5,-5724806.761115763,15705540.0,49.71254553540438
26.51,-5724567.993633178,15708970.0,49.71253215653943
26.52,-5724330.234146271,15712390.0,49.71251881301145
26.53,-5724093.57750397,15715810.0,49.71250550494036
26.54,-5723858.105352041,15719210.0,49.712492232212504
26.55,-5723623.885718274,15722610.0,49.71247899454099
26.56,-5723390.972971264,15726000.0,49.71246579147681
26.57,-5723159.40724261,15729380.0,49.71245262235481
26.58,-5722929.21452581,15732760.0,49.71243948636079
26.59,-5722700.406669451,15736120.0,49.712426382507566
26.6,-5722472.981353326,15739480.0,49.712413309633504
26.61,-5722246.922584537,15742830.0,49.71240026646164
26.62,-5722022.201449112,15746170.0,49.71238725162248
26.63,-5721798.776942058,15749500.0,49.71237426366923
26.64,-5721576.596196007,15752820.0,49.71236130102773
26.65,-5721355.595213799,15756130.0,49.71234836203136
26.66,-5721135.700180559,15759440.0,49.71233544501719
26.67,-5720916.828894309,15762730.0,49.71232254833336
26.68,-5720698.8914743755,15766020.0,49.712309670282025
26.69,-5720481.79127288,15769290.0,49.712296809148334
26.7,-5720265.426241531,15772560.0,49.71228396325563
26.71,-5720049.690524525,15775820.0,49.71227113101378
26.72,-5719834.475294424,15779070.0,49.712258310849684
26.73,-5719619.669827642,15782310.0,49.71224550123671
26.74,-5719405.162731823,15785540.0,49.71223270073804
26.75,-5719190.843272576,15788760.0,49.712219908020586
26.76,-5718976.6021198295,15791970.0,49.71220712181999
26.77,-5718762.3324044,15795170.0,49.71219434096364
26.78,-5718547.931069315,15798370.0,49.71218156444342
26.79,-5718333.299604927,15801550.0,49.71216879134222
26.8,-5718118.344986555,15804730.0,49.712156020882816
26.81,-5717902.98049388,15807890.0,49.71214325242209
26.82,-5717687.125927659,15811050.0,49.71213048538631
26.83,-5717470.708329079,15814200.0,49.71211771935601
26.84,-5717253.662793899,15817340.0,49.712104954055285
26.85,-5717035.932307743,15820460.0,49.71209218928255
26.86,-5716817.468421118,15823580.0,49.7120794249913
26.87,-5716598.231642768,15826690.0,49.71206666127549
26.88,-5716378.191208894,15829790.0,49.71205389829695
26.89,-5716157.325136441,15832880.0,49.71204113632723
26.9,-5715935.620204624,15835970.0,49.71202837574072
26.91,-5715713.07132695,15839040.0,49.7120156169419
26.92,-5715489.681580214,15842100.0,49.712002860448145
26.93,-5715265.461910894,15845150.0,49.71199010683524
26.94,-5715040.430749189,15848190.0,49.71197735674768
26.95,-5714814.613673217,15851220.0,49.7119646108821
26.96,-5714588.042031556,15854240.0,49.71195186988866
26.97,-5714360.752986869,15857250.0,49.71193913448999
26.98,-5714132.788825401,15860250.0,49.71192640542836
26.99,-5713904.196224837,15863240.0,49.711913683436414
27.0,-5713675.025909969,15866210.0,49.71190096926908
27.01,-5713445.33180403,15869180.0,49.71188826366474
27.02,-5713215.170119331,15872130.0,49.71187556731024
27.03,-5712984.59861959,15875080.0,49.71186288085059
27.04,-5712753.675518149,15878000.0,49.71185020485409
27.05,-5712522.458797144,15880920.0,49.71183753982814
27.06,-5712291.006183767,15883830.0,49.71182488629013
27.07,-5712059.374249014,15886730.0,49.7118122446868
27.08,-5711827.617427707,15889610.0,49.71179961533574
27.09,-5711595.7872636095,15892480.0,49.71178699847996
27.1,-5711363.932096367,15895340.0,49.71177439429252
27.11,-5711132.096656632,15898180.0,49.711761802885874
27.12,-5710900.321837277,15901010.0,49.71174922431383
27.13,-5710668.644248163,15903830.0,49.71173665854374
27.14,-5710437.095266291,15906640.0,49.71172410539712
27.15,-5710205.701153034,15909430.0,49.71171156465064
27.16,-5709974.48306523,15912210.0,49.71169903602896
27.17,-5709743.456887628,15914970.0,49.71168651918697
27.18,-5709512.633225506,15917720.0,49.71167401371245
27.19,-5709282.016591805,15920460.0,49.71166151904019
27.2,-5709051.605877369,15923180.0,49.71164903458923
27.21,-5708821.394789487,15925890.0,49.711636559757544
27.22,-5708591.372383812,15928590.0,49.71162409393568
27.23,-5708361.523135272,15931270.0,49.71161163646656
27.24,-5708131.826365223,15933940.0,49.711599186563866
27.25,-5707902.256899848,15936590.0,49.711586743447214
27.26,-5707672.785931042,15939230.0,49.711574306375994
27.27,-5707443.380953327,15941850.0,49.71156187454407
27.28,-5707214.006201815,15944460.0,49.71154944714226
27.29,-5706984.62339829,15947060.0,49.711537023394186
27.3,-5706755.191787157,15949640.0,49.7115246024936
27.31,-5706525.6688164305,15952200.0,49.711512183656126
27.32,-5706296.01053776,15954750.0,49.711499766122664
27.33,-5706066.171938123,15957290.0,49.71148734913304
27.34,-5705836.1075606905,15959810.0,49.711474931973534
27.35,-5705605.772059049,15962320.0,49.711462513976855
27.36,-5705375.12045144,15964810.0,49.71145009449261
27.37,-5705144.108412786,15967290.0,49.71143767289705
27.38,-5704912.69294502,15969750.0,49.71142524863612
27.39,-5704680.832587121,15972200.0,49.71141282118621
27.4,-5704448.487769957,15974630.0,49.71140039006687
27.41,-5704215.621299175,15977050.0,49.71138795487493
27.42,-5703982.198322511,15979450.0,49.711375515213646
27.43,-5703748.186941288,15981840.0,49.71136307077796
27.44,-5703513.558611723,15984210.0,49.71135062133928
27.45,-5703278.287618138,15986570.0,49.711338166644225
27.46,-5703042.351454944,15988910.0,49.71132570650242
27.47,-5702805.7311935695,15991240.0,49.711313240814036
27.48,-5702568.411386528,15993550.0,49.71130076949351
27.49,-5702330.380149567,15995850.0,49.71128829251448
27.5,-5702091.629262133,15998130.0,49.711275809900776
27.51,-5701852.153641715,16000400.0,49.71126332165922
27.52,-5701611.951547908,16002650.0,49.711250827861285
27.53,-5701371.024662568,16004890.0,49.71123832863037
27.54,-5701129.377579496,16007110.0,49.71122582407158
27.55,-5700887.017970279,16009310.0,49.711213314350935
27.56,-5700643.956303627,16011500.0,49.71120079964543
27.57,-5700400.205383237,16013680.0,49.71118828011689
27.58,-5700155.7805085145,16015840.0,49.711175755982126
27.59,-5699910.698956022,16017980.0,49.71116322743202
27.6,-5699664.979564096,16020100.0,49.71115069464314
27.61,-5699418.642958653,16022220.0,49.711138157845255
27.62,-5699171.711028674,16024310.0,49.71112561723847
27.63,-5698924.206272073,16026390.0,49.71111307296835
27.64,-5698676.151798826,16028450.0,49.71110052520276
27.65,-5698427.571352004,16030500.0,49.71108797412164
27.66,-5698178.488594811,16032530.0,49.711075419843496
27.67,-5697928.926929113,16034550.0,49.71106286247297
27.68,-5697678.909276737,16036550.0,49.711050302094215
27.69,-5697428.457590467,16038530.0,49.7110377387417
27.7,-5697177.592862578,16040500.0,49.711025172438944
27.71,-5696926.334650049,16042450.0,49.711012603161386
27.72,-5696674.701204875,16044380.0,49.7110000308804
27.73,-5696422.709122065,16046300.0,49.71098745551913
27.74,-5696170.373163999,16048200.0,49.71097487696717
27.75,-5695917.706620667,16050090.0,49.710962295145585
27.76,-5695664.720849242,16051960.0,49.71094970989379
27.77,-5695411.424756377,16053810.0,49.71093712098909
27.78,-5695157.825565734,16055640.0,49.710924528256484
27.79,-5694903.92853533,16057460.0,49.710911931482514
27.8,-5694649.736708561,16059270.0,49.71089933039392
27.81,-5694395.251236363,16061050.0,49.71088672473283
27.82,-5694140.471630452,16062820.0,49.71087411425128
27.83,-5693885.395714294,16064580.0,49.71086149867228
27.84,-5693630.019358925,16066320.0,49.710848877662116
27.85,-5693374.336449556,16068040.0,49.71083625087648
27.86,-5693118.33921015,16069740.0,49.710823617959235
27.87,-5692862.018441167,16071430.0,49.71081097858239
27.88,-5692605.189680312,16072540.0,49.710798312639845
27.89,-5692347.131567691,16072800.0,49.710785556781985
27.9,-5692086.534593789,16073050.0,49.71077263504982
27.91,-5691821.725794829,16073310.0,49.7107594894285
27.92,-5691550.840727421,16073580.0,49.710746076481946
27.93,-5691271.95399995,16073850.0,49.710732364712996
27.94,-5690983.177618226,16074130.0,49.710718332477114
27.95,-5690682.73447366,16074420.0,49.710703966388046
27.96,-5690369.012303284,16074720.0,49.71068926003144
27.97,-5690040.602707091,16075030.0,49.71067421298172
27.98,-5689696.328073045,16075360.0,49.71065882996662
27.99,-5689335.258871983,16075700.0,49.71064312018739
28.0,-5688956.723088643,16076060.0,49.71062709670127
28.01,-5688560.308692364,16076440.0,49.71061077583172
28.02,-5688145.861526924,16076840.0,49.71059417675492
28.03,-5687713.47842196,16077250.0,49.710577321014526
28.04,-5687263.496688023,16077690.0,49.710560232097855
28.05,-5686796.480611723,16078140.0,49.71054293503755
28.06,-5686313.205071178,16078600.0,49.71052545598646
28.07,-5685814.6371451765,16079090.0,49.7105078218609
28.08,-5685301.916184733,16079580.0,49.710490059978056
28.09,-5684776.332801624,16080100.0,49.71047219775871
28.1,-5684239.307106883,16080620.0,49.710454262411055
28.11,-5683692.365800772,16081160.0,49.71043628057639
28.12,-5683137.11893021,16081710.0,49.71041827804816
28.13,-5682575.236849721,16082260.0,49.710400279514865
28.14,-5682008.42740689,16082820.0,49.7103823083315
28.15,-5681438.413749566,16083390.0,49.710364386312314
28.16,-5680866.912600015,16083960.0,49.71034653351525
28.17,-5680295.61328766,16084530.0,49.710328768057245
28.18,-5679726.158084952,16085100.0,49.710311105993256
28.19,-5679160.124305673,16085670.0,49.71029356124776
28.2,-5678599.0072318725,16086240.0,49.71027614548958
28.21,-5678044.204575434,16086800.0,49.71025886804278
28.22,-5677497.002702359,16087360.0,49.71024173588935
28.23,-5676958.564742113,16087900.0,49.710224753649044
28.24,-5676429.920060662,16088440.0,49.71020792358318
28.25,-5675911.956326252,16088970.0,49.71019124568574
28.26,-5675405.413114823,16089490.0,49.710174717741715
28.27,-5674910.877461577,16090000.0,49.71015833540619
28.28,-5674428.780998489,16090490.0,49.710142092291626
28.29,-5673959.399102365,16090970.0,49.71012598011052
28.3,-5673502.852427623,16091440.0,49.71010998888452
28.31,-5673059.109410253,16091900.0,49.71009410704374
28.32,-5672627.990842705,16092340.0,49.710078321618624
28.33,-5672209.175998779,16092770.0,49.71006261845405
28.34,-5671802.2102129795,16093190.0,49.710046982390466
28.35,-5671406.513782194,16093600.0,49.71003139747515
28.36,-5671021.391698281,16093990.0,49.71001584713517
28.37,-5670646.04525607,16094380.0,49.71000031445652
28.38,-5670279.584011076,16094750.0,49.70998478236189
28.39,-5669921.038232196,16095120.0,49.70996923376447
28.4,-5669569.372550803,16095480.0,49.709953651850945
28.41,-5669223.499955457,16095830.0,49.709938020264694
28.42,-5668882.295668516,16096180.0,49.70992232324837
28.43,-5668544.611099782,16096520.0,49.70990654581361
28.44,-5668209.28762619,16096860.0,49.70989067389655
28.45,-5667875.1708757095,16097190.0,49.70987469456926
28.46,-5667541.124318894,16097520.0,49.709858596145764
28.47,-5667206.041821464,16097860.0,49.70984236825349
28.48,-5666868.860151573,16098190.0,49.7098260019597
28.49,-5666528.570330434,16098530.0,49.70980948984364
28.5,-5666184.2283177525,16098870.0,49.70979282605468
28.51,-5665834.964918537,16099220.0,49.709776006390996
28.52,-5665479.99440312,16099560.0,49.70975902828324
28.53,-5665118.621632621,16099920.0,49.70974189078141
28.54,-5664750.248429533,16100280.0,49.70972459455963
28.55,-5664374.378828916,16100650.0,49.70970714191101
28.56,-5663990.622932381,16101030.0,49.70968953668603
28.57,-5663598.698977473,16101410.0,49.70967178416289
28.58,-5663198.4346287325,16101800.0,49.70965389102674
28.59,-5662789.76753788,16102200.0,49.709635865324444
28.6,-5662372.743734869,16102610.0,49.709617716269946
28.61,-5661947.515139708,16103030.0,49.70959945414135
28.62,-5661514.336062886,16103450.0,49.709581090197204
28.63,-5661073.559116352,16103890.0,49.709562636557415
28.64,-5660625.629330929,16104330.0,49.70954410600664
28.65,-5660171.077540589,16104770.0,49.70952551185931
28.66,-5659710.5136011755,16105230.0,49.70950686788309
28.67,-5659244.61829676,16105690.0,49.70948818808146
28.68,-5658774.13472942,16106160.0,49.70946948657098
28.69,-5658299.859743983,16106630.0,49.709450777488236
28.7,-5657822.634457495,16107100.0,49.70943207479523
28.71,-5657343.334477737,16107580.0,49.7094133921442
28.72,-5656862.860578918,16108060.0,49.709394742817445
28.73,-5656382.128800266,16108540.0,49.70937613955866
28.74,-5655902.060823003,16109020.0,49.70935759446945
28.75,-5655423.574628549,16109500.0,49.70933911893988
28.76,-5654947.575136425,16109980.0,49.70932072352217
28.77,-5654474.945520555,16110450.0,49.70930241789118
28.78,-5654006.539281603,16110920.0,49.70928421080509
28.79,-5653543.172294014,16111390.0,49.709266110003924
28.8,-5653085.61572332,16111860.0,49.70924812220151
28.81,-5652634.589570432,16112310.0,49.709230253036765
28.82,-5652190.756597641,16112760.0,49.70921250704944
28.83,-5651754.7177319685,16113210.0,49.70919488772477
28.84,-5651327.007794102,16113640.0,49.709177397470576
28.85,-5650908.092039181,16114070.0,49.70916003764244
28.86,-5650498.363641482,16114490.0,49.70914280857025
28.87,-5650098.141879972,16114900.0,49.70912570959275
28.88,-5649707.671048339,16115300.0,49.70910873909393
28.89,-5649327.120041597,16115690.0,49.709091894547605
28.9,-5648956.583269275,16116070.0,49.709075172633455
28.91,-5648596.081938799,16116440.0,49.709058569270084
28.92,-5648245.566141646,16116800.0,49.70904207969931
28.93,-5647904.917497846,16117150.0,49.7090256985568
28.94,-5647573.952470516,16117500.0,49.70900941995416
28.95,-5647252.42630184,16117830.0,49.70899323758292
28.96,-5646940.037449844,16118150.0,49.70897714478516
28.97,-5646636.432153634,16118460.0,49.7089611346184
28.98,-5646341.209593352,16118760.0,49.708945199962095
28.99,-5646053.927470213,16119060.0,49.708929333607024
29.0,-5645774.107436615,16119350.0,49.708913528312465
29.01,-5645501.241252141,16119630.0,49.70889777692818
29.02,-5645234.796990429,16119900.0,49.70888207246709
29.03,-5644974.224723945,16120160.0,49.70886640814079
29.04,-5644718.962845963,16120430.0,49.7088507774671
29.05,-5644468.444067548,16120680.0,49.70883517432244
29.06,-5644222.101265605,16120930.0,49.708819592998495
29.07,-5643979.37303719,16121180.0,49.70880402824422
29.08,-5643739.709136447,16121420.0,49.7087884753117
29.09,-5643502.57547057,16121660.0,49.70877292998711
29.1,-5643267.458776314,16121900.0,49.70875738862515
29.11,-5643033.8716188045,16122130.0,49.70874184823835
29.12,-5642801.356085505,16122370.0,49.70872630642893
29.13,-5642569.487274847,16122600.0,49.70871076141167
29.14,-5642337.876470215,16122830.0,49.708695212049555
29.15,-5642106.173513163,16123060.0,49.70867965778335
29.16,-5641874.068834859,16123290.0,49.70866409867307
29.17,-5641641.2954114955,16123530.0,49.70864853538347
29.18,-5641407.629568625,16123760.0,49.70863296913851
29.19,-5641172.891574179,16123990.0,49.708617401671944
29.2,-5640936.945642444,16124230.0,49.70860183522023
29.21,-5640699.699738242,16124460.0,49.708586272499424
29.22,-5640461.104624655,16124700.0,49.708570716615576
29.23,-5640221.152524369,16124940.0,49.708555171051636
29.24,-5639979.875499058,16125180.0,49.70853963960933
29.25,-5639737.343132885,16125420.0,49.70852412632389
29.26,-5639493.660141375,16125660.0,49.70850863545439
29.27,-5639248.9635471525,16125910.0,49.708493171393506
29.28,-5639003.4195446,16126150.0,49.70847773863065
29.29,-5638757.220731583,16126400.0,49.7084623417378
29.3,-5638510.582350541,16126640.0,49.708446985253204
29.31,-5638263.738408632,16126890.0,49.70843167361698
29.32,-5638016.938231324,16127140.0,49.708416411180664
29.33,-5637770.44307708,16127380.0,49.708401202170386
29.34,-5637524.522402039,16127630.0,49.708386050622536
29.35,-5637279.449825833,16127880.0,49.70837096029044
29.36,-5637035.499763334,16128120.0,49.70835593467741
29.37,-5636792.944119072,16128360.0,49.7083409770105
29.38,-5636552.04852575,16128610.0,49.70832609012889
29.39,-5636313.069233644,16128850.0,49.70831127652619
29.4,-5636076.250351841,16129090.0,49.70829653834502
29.41,-5635841.821247375,16129320.0,49.70828187734321
29.42,-5635609.993781351,16129560.0,49.708267294865024
29.43,-5635380.960276229,16129790.0,49.708252791857745
29.44,-5635154.891736767,16130020.0,49.70823836888134
29.45,-5634931.936076079,16130240.0,49.70822402608912
29.46,-5634712.216937834,16130470.0,49.70820976324832
29.47,-5634495.832797149,16130690.0,49.708195579760066
29.48,-5634282.856073816,16130900.0,49.708181474644334
29.49,-5634073.332723609,16131120.0,49.708167446571
29.5,-5633867.28249052,16131330.0,49.70815349391876
29.51,-5633664.698965737,16131530.0,49.70813961475976
29.52,-5633465.549845716,16131740.0,49.70812580685611
29.53,-5633269.777659484,16131930.0,49.708112067730475
29.54,-5633077.301112144,16132130.0,49.708098394725056
29.55,-5632888.016548015,16132320.0,49.70808478502173
29.56,-5632701.79914037,16132510.0,49.70807123562923
29.57,-5632518.504271025,16132700.0,49.70805774341696
29.58,-5632337.969495132,16132880.0,49.70804430517732
29.59,-5632160.016648077,16133060.0,49.708030917683246
29.6,-5631984.454131305,16133240.0,49.708017577701455
29.61,-5631811.078912768,16133420.0,49.70800428201357
29.62,-5631639.678615647,16133590.0,49.7079910274324
29.63,-5631470.033660071,16133760.0,49.70797781082488
29.64,-5631301.919798324,16133930.0,49.707964629199
29.65,-5631135.110509383,16134100.0,49.707951479705685
29.66,-5630969.379233568,16134260.0,49.70793835964922
29.67,-5630804.501642876,16134430.0,49.70792526652762
29.68,-5630640.257427848,16134600.0,49.707912197999136
29.69,-5630476.432599727,16134760.0,49.70789915196581
29.7,-5630312.82166728,16134920.0,49.707886126593756
29.71,-5630149.22889929,16135090.0,49.707873120238624
29.72,-5629985.470223125,16135250.0,49.70786013152148
29.73,-5629821.374761638,16135420.0,49.70784715934736
29.74,-5629656.786094961,16135580.0,49.70783420285708
29.75,-5629491.562958384,16135740.0,49.70782126142005
29.76,-5629325.580302924,16135910.0,49.70780833466173
29.77,-5629158.730166301,16136070.0,49.707795422480125
29.78,-5628990.922406507,16136240.0,49.70778252502369
29.79,-5628822.084849168,16136410.0,49.70776964267091
29.8,-5628652.16348863,16136580.0,49.70775677601081
29.81,-5628481.12227764,16136750.0,49.707743925824126
29.82,-5628308.942770935,16136920.0,49.707731093064886
29.83,-5628135.623585797,16137090.0,49.70771827884192
29.84,-5627961.179767687,16137260.0,49.70770548440061
29.85,-5627785.642221374,16137440.0,49.7076927111396
29.86,-5627609.056796337,16137610.0,49.707679960547146
29.87,-5627431.483041596,16137790.0,49.70766723419066
29.88,-5627252.993486939,16137970.0,49.70765453372861
29.89,-5627073.671932782,16138150.0,49.707641860819564
29.9,-5626893.611994267,16138330.0,49.7076292171174
29.91,-5626712.915848008,16138510.0,49.70761660429385
29.92,-5626531.693075754,16138690.0,49.70760402402095
29.93,-5626350.059086553,16138870.0,49.70759147791959
29.94,-5626168.133633434,16139050.0,49.70757896755427
29.95,-5625986.039425419,16139230.0,49.70756649442134
29.96,-5625803.9005134655,16139410.0,49.70755405990842
29.97,-5625621.840824612,16139600.0,49.70754166529309
29.98,-5625439.982827719,16139780.0,49.70752931174081
29.99,-5625258.446385663,16139960.0,49.7075170003021
30.0,-5625077.347598569,16140140.0,49.70750473190986
30.01,-5624896.797620187,16140320.0,49.70749250734163
30.02,-5624716.901214503,16140500.0,49.70748032719281
30.03,-5624537.7559995735,16140680.0,49.70746819192311
30.04,-5624359.451739542,16140860.0,49.70745610185586
30.05,-5624182.069828497,16141040.0,49.70744405718363
30.06,-5624005.6825022055,16141220.0,49.70743205793312
30.07,-5623830.352044143,16141390.0,49.707420103947165
30.08,-5623656.130755796,16141570.0,49.70740819496889
30.09,-5623483.060784144,16141740.0,49.70739633060447
30.1,-5623311.173644031,16141920.0,49.70738451030388
30.11,-5623140.490435735,16142090.0,49.70737273340972
30.12,-5622971.021975421,16142260.0,49.707360999165466
30.13,-5622802.768819871,16142430.0,49.707349306689096
30.14,-5622635.721417401,16142600.0,49.70733765499269
30.15,-5622469.860726175,16142760.0,49.707326043029695
30.16,-5622305.158909688,16142930.0,49.70731446970243
30.17,-5622141.579841388,16143100.0,49.70730293387024
30.18,-5621979.079649667,16143260.0,49.70729143432342
30.19,-5621817.607446734,16143420.0,49.707279969837984
30.2,-5621657.1061890805,16143580.0,49.70726853917769
30.21,-5621497.51345567,16143740.0,49.707257141108975
30.22,-5621338.762268471,16143900.0,49.70724577440366
30.23,-5621180.7819914315,16144060.0,49.70723443785426
30.24,-5621023.499344295,16144220.0,49.70722313031158
30.25,-5620866.839496249,16144380.0,49.707211850689355
30.26,-5620710.726649156,16144530.0,49.70720059792847
30.27,-5620555.084714971,16144690.0,49.70718937101358
30.28,-5620399.838589469,16144840.0,49.707178169046216
30.29,-5620244.914916786,16145000.0,49.7071669912033
30.3,-5620090.242752501,16145160.0,49.70715583674295
30.31,-5619935.7545541255,16145310.0,49.707144705038836
30.32,-5619781.3866062965,16145460.0,49.70713359553989
30.33,-5619627.079825113,16145620.0,49.707122507811505
30.34,-5619472.780299991,16145770.0,49.70711144152411
30.35,-5619318.4394993,16145930.0,49.70710039641976
30.36,-5619164.015103967,16146080.0,49.707089372382015
30.37,-5619009.471113207,16146240.0,49.70707836938484
30.38,-5618854.778201357,16146390.0,49.707067387494725
30.39,-5618699.913683206,16146540.0,49.707056426860255
30.4,-5618544.86156813,16146700.0,49.70704548771365
30.41,-5618389.612936544,16146860.0,49.70703457039473
30.42,-5618234.165566865,16147010.0,49.70702367530653
30.43,-5618078.5241857665,16147170.0,49.70701280294622
30.44,-5617922.699950047,16147320.0,49.707001953855
30.45,-5617766.710246262,16147480.0,49.70699112862081
30.46,-5617610.578488357,16147630.0,49.70698032790269
30.47,-5617454.3336089235,16147790.0,49.70696955238682
30.48,-5617298.010029491,16147950.0,49.70695880281769
30.49,-5617141.646842417,16148100.0,49.70694807994838
30.5,-5616985.287164998,16148260.0,49.70693738450843
30.51,-5616828.977864207,16148420.0,49.70692671727419
30.52,-5616672.769046237,16148570.0,49.70691607901773
30.53,-5616516.7132015815,16148730.0,49.706905470473835
30.54,-5616360.864790782,16148880.0,49.70689489237491
30.55,-5616205.279808871,16149040.0,49.70688434544527
30.56,-5616050.015364157,16149200.0,49.70687383039562
30.57,-5615895.128859681,16149350.0,49.70686334788312
30.58,-5615740.67749044,16149500.0,49.706852898517056
30.59,-5615586.717575472,16149660.0,49.7068424828574
30.6,-5615433.30413537,16149810.0,49.70683210141881
30.61,-5615280.490842542,16149970.0,49.70682175470322
30.62,-5615128.329398207,16150120.0,49.70681144315757
30.63,-5614976.868994095,16150270.0,49.70680116714352
30.64,-5614826.1556804795,16150420.0,49.706790926945935
30.65,-5614676.232356094,16150570.0,49.70678072281514
30.66,-5614527.13859703,16150720.0,49.70677055496221
30.67,-5614378.910287546,16150870.0,49.70676042352638
30.68,-5614231.579409311,16151020.0,49.7067503285821
30.69,-5614085.173793431,16151170.0,49.706740270145296
30.7,-5613939.717390029,16151320.0,49.70673024821402
30.71,-5613795.230110502,16151460.0,49.70672026272817
30.72,-5613651.727829937,16151600.0,49.70671031358207
30.73,-5613509.222300284,16151750.0,49.70670040062407
30.74,-5613367.721421217,16151890.0,49.70669052366837
30.75,-5613227.229173195,16152030.0,49.70668068249402
30.76,-5613087.745944175,16152170.0,49.70667087685632
30.77,-5612949.26864429,16152310.0,49.706661106485626
30.78,-5612811.790982822,16152450.0,49.70665137109841
30.79,-5612675.303729678,16152590.0,49.70664167039593
30.8,-5612539.794979146,16152720.0,49.70663200407513
30.81,-5612405.250505451,16152860.0,49.706622371827066
30.82,-5612271.653995952,16153000.0,49.706612773347544
30.83,-5612138.987429579,16153130.0,49.70660320833529
30.84,-5612007.231386773,16153260.0,49.70659367650226
30.85,-5611876.365720097,16153390.0,49.70658417760641
30.86,-5611746.36969307,16153520.0,49.70657471141615
30.87,-5611617.222317112,16153650.0,49.70656527771514
30.88,-5611488.902601655,16153780.0,49.706555876306524
30.89,-5611361.389752521,16153910.0,49.70654650701662
30.9,-5611234.663855332,16154040.0,49.70653716973308
30.91,-5611108.705883883,16154160.0,49.7065278643621
30.92,-5610983.416649536,16154030.0,49.70651858159968
30.93,-5610858.429034043,16153440.0,49.70650928982373
30.94,-5610733.0682317,16152840.0,49.70649994949796
30.95,-5610606.460739636,16152240.0,49.706490529514646
30.96,-5610477.618680907,16151630.0,49.706481005638445
30.97,-5610345.50416375,16151020.0,49.70647135926304
30.98,-5610209.079081817,16150410.0,49.70646157651441
30.99,-5610067.343351321,16149790.0,49.70645164755368
31.0,-5609919.363764196,16149180.0,49.70644156600171
31.01,-5609764.295027678,16148560.0,49.706431328414965
31.02,-5609601.394914083,16147950.0,49.70642093390714
31.03,-5609430.035245371,16147340.0,49.70641038390094
31.04,-5609249.708768065,16146730.0,49.70639968181359
31.05,-5609060.0330849765,16146120.0,49.70638883286522
31.06,-5608860.752318297,16145520.0,49.70637784389417
31.07,-5608651.735859187,16144920.0,49.70636672309288
31.08,-5608432.975541522,16144320.0,49.70635547984196
31.09,-5608204.580976751,16143720.0,49.7063441245152
31.1,-5607966.773304103,16143130.0,49.70633266827015
31.11,-5607719.878221308,16142550.0,49.70632112292438
31.12,-5607464.31743107,16141960.0,49.706309500723975
31.13,-5607200.599655134,16141380.0,49.70629781421781
31.14,-5606929.310962361,16140800.0,49.706286076082456
31.15,-5606651.104191176,16140220.0,49.70627429894624
31.16,-5606366.688283462,16139640.0,49.70626249524766
31.17,-5606076.817243437,16139060.0,49.70625067708336
31.18,-5605782.279399652,16138470.0,49.70623885612974
31.19,-5605483.886686731,16137890.0,49.70622704350077
31.2,-5605182.463392655,16137300.0,49.70621524958685
31.21,-5604878.836015334,16136710.0,49.706203484025224
31.22,-5604573.822823457,16136110.0,49.70619175555026
31.23,-5604268.224015191,16135510.0,49.70618007192374
31.24,-5603962.813142634,16134910.0,49.70616843995847
31.25,-5603658.328004234,16134290.0,49.706156865337405
31.26,-5603355.46291734,16133670.0,49.706145352650346
31.27,-5603054.86184527,16133040.0,49.706133905373086
31.28,-5602757.111455024,16132390.0,49.70612252576979
31.29,-5602462.735967695,16131740.0,49.70611121498785
31.3,-5602172.192831408,16131080.0,49.70609997306807
31.31,-5601885.86925941,16130410.0,49.706088798971834
31.32,-5601604.079318126,16129720.0,49.70607769057128
31.33,-5601327.061623441,16129030.0,49.706066644666805
31.34,-5601054.978509641,16128320.0,49.70605565711092
31.35,-5600787.9164142525,16127600.0,49.70604472288975
31.36,-5600525.88664684,16126860.0,49.70603383616958
31.37,-5600268.82717148,16126120.0,49.70602299038991
31.38,-5600016.605124356,16125360.0,49.70601217834984
31.39,-5599769.01983939,16124590.0,49.706001392265755
31.4,-5599525.8066901425,16123800.0,49.70599062390381
31.41,-5599286.642040743,16123010.0,49.70597986470052
31.42,-5599051.148204187,16122200.0,49.705969105844176
31.43,-5598818.8992851395,16121380.0,49.70595833839265
31.44,-5598589.426785826,16120550.0,49.70594755331032
31.45,-5598362.225993388,16119710.0,49.705936741628456
31.46,-5598136.762993367,16118850.0,49.70592589457014
31.47,-5597912.481239523,16117990.0,49.70591500357442
31.48,-5597688.808445956,16117120.0,49.70590406042582
31.49,-5597465.163338118,16116240.0,49.7058930572977
31.5,-5597240.962547634,16115350.0,49.70588198687284
31.51,-5597015.62743678,16114460.0,49.70587084240045
31.52,-5596788.590403979,16113550.0,49.70585961772701
31.53,-5596559.30111342,16112640.0,49.70584830738502
31.54,-5596327.232558257,16111720.0,49.705836906636904
31.55,-5596091.88656177,16110800.0,49.705825411508606
31.56,-5595852.798998157,16109870.0,49.70581381881891
31.57,-5595609.544014143,16108940.0,49.70580212616302
31.58,-5595361.7381563885,16108000.0,49.7057903319375
31.59,-5595109.043669542,16107060.0,49.7057784353468
31.6,-5594851.171745976,16106110.0,49.70576643641078
31.61,-5594587.884544869,16105160.0,49.705754335919636
31.62,-5594318.99684805,16104210.0,49.705742135401096
31.63,-5594044.377081052,16103250.0,49.70572983710892
31.64,-5593763.947837492,16102290.0,49.705717443976695
31.65,-5593477.685294009,16101320.0,49.705704959529015
31.66,-5593185.618581291,16100350.0,49.70569238787894
31.67,-5592887.828520024,16099380.0,49.70567973366403
31.68,-5592584.445645149,16098400.0,49.7056670019651
31.69,-5592275.648408194,16097420.0,49.705654198321064
31.7,-5591961.660001435,16096440.0,49.70564132855696
31.71,-5591642.744759985,16095450.0,49.70562839871489
31.72,-5591319.204675875,16094460.0,49.70561541504393
31.73,-5590991.375702946,16093460.0,49.70560238391789
31.74,-5590659.623707897,16092450.0,49.70558931179156
31.75,-5590324.339706801,16091440.0,49.70557620504971
31.76,-5589985.935205367,16090420.0,49.70556306999227
31.77,-5589644.837858946,16089400.0,49.70554991279678
31.78,-5589301.4866314605,16088370.0,49.70553673942657
31.79,-5588956.327631341,16087330.0,49.70552355564572
31.8,-5588609.8092156015,16086280.0,49.705510366886
31.81,-5588262.376983214,16085220.0,49.7054971781804
31.82,-5587914.470143379,16084160.0,49.70548399423655
31.83,-5587566.516942194,16083080.0,49.70547081931452
31.84,-5587218.930447567,16081990.0,49.705457657177746
31.85,-5586872.105196879,16080890.0,49.70544451114233
31.86,-5586526.413926639,16079780.0,49.70543138405327
31.87,-5586182.2046893835,16078660.0,49.70541827826361
31.88,-5585839.798217853,16077520.0,49.70540519562244
31.89,-5585499.485216252,16076380.0,49.70539213742969
31.9,-5585161.524419765,16075220.0,49.70537910448028
31.91,-5584826.1411957815,16074040.0,49.70536609709152
31.92,-5584493.526458465,16072860.0,49.70535311510531
31.93,-5584163.836042482,16071660.0,49.70534015792202
31.94,-5583837.190235192,16070440.0,49.70532722450325
31.95,-5583513.6739340825,16069210.0,49.70531431341273
31.96,-5583193.336449686,16067970.0,49.70530142278452
31.97,-5582876.192723722,16066710.0,49.70528855045198
31.98,-5582562.22450547,16065440.0,49.70527569396878
31.99,-5582251.3811099315,16064150.0,49.70526285054913
32.0,-5581943.581294216,16062850.0,49.70525001719103
32.01,-5581638.715061325,16061530.0,49.70523719070972
32.02,-5581336.646017342,16060200.0,49.7052243677771
32.03,-5581037.213874333,16058850.0,49.70521154498945
32.04,-5580740.237171761,16057490.0,49.705198718895055
32.05,-5580445.515537428,16056120.0,49.70518588598712
32.06,-5580152.83189598,16054730.0,49.705173042707315
32.07,-5579861.955752471,16053330.0,49.70516018559322
32.08,-5579572.646502919,16051920.0,49.70514731132031
32.09,-5579284.655930302,16050490.0,49.70513441664791
32.1,-5578997.731275956,16049040.0,49.705121498516704
32.11,-5578711.6181745315,16047590.0,49.70510855405278
32.12,-5578426.063218495,16046120.0,49.70509558058523
32.13,-5578140.81668618,16044640.0,49.70508257568636
32.14,-5577855.635094346,16043150.0,49.7050695371784
32.15,-5577570.283663186,16041650.0,49.70505646316941
32.16,-5577284.538442279,16040130.0,49.70504335204954
32.17,-5576998.188291577,16038600.0,49.705030202487855
32.18,-5576711.036680358,16037060.0,49.70501701346441
32.19,-5576422.903678598,16035510.0,49.70500378429124
32.2,-5576133.626978299,16033950.0,49.70499051455887
32.21,-5575843.062850162,16032380.0,49.70497720412988
32.22,-5575551.087411065,16030800.0,49.70496385319618
32.23,-5575257.5973989675,16029200.0,49.70495046224958
32.24,-5574962.510093194,16027600.0,49.704937031989594
32.25,-5574665.763662459,16025980.0,49.70492356338864
32.26,-5574367.317406876,16024360.0,49.704910057691905
32.27,-5574067.151517077,16022720.0,49.70489651635594
32.28,-5573765.266436162,16021070.0,49.70488294102237
32.29,-5573461.681767576,16019410.0,49.70486933346257
32.3,-5573156.43545956,16017750.0,49.70485569559724
32.31,-5572849.583125156,16016070.0,49.70484202950409
32.32,-5572541.196388777,16014380.0,49.70482833731549
32.33,-5572231.361415526,16012680.0,49.70481462120974
32.34,-5571920.177821789,16010970.0,49.70480088345938
32.35,-5571607.757003328,16009250.0,49.70478712632859
32.36,-5571294.220001669,16007510.0,49.70477335202959
32.37,-5570979.695907931,16005770.0,49.70475956274703
32.38,-5570664.320235545,16004010.0,49.704745760621094
32.39,-5570348.233387045,16002250.0,49.70473194773125
32.4,-5570031.578678617,16000470.0,49.70471812604494
32.41,-5569714.500348732,15998680.0,49.70470429737797
32.42,-5569397.141729916,15996880.0,49.704690463393916
32.43,-5569079.644265508,15995070.0,49.704676625673144
32.44,-5568762.145695068,15993240.0,49.70466278561824
32.45,-5568444.778422554,15991400.0,49.70464894443125
32.46,-5568127.668212036,15989550.0,49.704635103146536
32.47,-5567810.933159984,15987690.0,49.70462126263533
32.48,-5567494.682749378,15985820.0,49.704607423598084
32.49,-5567179.0160732195,15983930.0,49.70459358646407
32.5,-5566864.021172585,15982030.0,49.70457975148809
32.51,-5566549.77481778,15980120.0,49.70456591878094
32.52,-5566236.341590177,15978190.0,49.70455208824266
32.53,-5565923.773996041,15976260.0,49.70453825964815
32.54,-5565612.111865839,15974310.0,49.70452443256881
32.55,-5565301.38174957,15972340.0,49.704510606365695
32.56,-5564991.597561509,15970370.0,49.70449678030896
32.57,-5564682.760425164,15968380.0,49.70448295350523
32.58,-5564374.85887593,15966380.0,49.70446912491991
32.59,-5564067.869388446,15964360.0,49.70445529342189
32.6,-5563761.757087995,15962340.0,49.70444145779441
32.61,-5563456.4762534285,15960300.0,49.70442761674093
32.62,-5563151.971469374,15958250.0,49.70441376893389
32.63,-5562848.178197378,15956190.0,49.70439991297611
32.64,-5562545.023531208,15954110.0,49.70438604742315
32.65,-5562242.427173565,15952020.0,49.704372170822076
32.66,-5561940.302618005,15949920.0,49.70435828172315
32.67,-5561638.558322748,15947810.0,49.704344378715724
32.68,-5561337.098231654,15945690.0,49.70433046036036
32.69,-5561035.823159067,15943560.0,49.70431652527999
32.7,-5560734.632114269,15941410.0,49.704302572186535
32.71,-5560433.423618683,15939250.0,49.70428859988186
32.72,-5560132.096979879,15937090.0,49.70427460728424
32.73,-5559830.55294896,15934910.0,49.704260593351684
32.74,-5559528.6941324035,15932720.0,49.70424655709393
32.75,-5559226.426302295,15930520.0,49.704232497647915
32.76,-5558923.659895861,15928310.0,49.7042184143374
32.77,-5558620.310506023,15926090.0,49.70420430657744
32.78,-5558316.299482947,15923860.0,49.70419017388147
32.79,-5558011.554898108,15921620.0,49.70417601592064
32.8,-5557706.011584507,15919370.0,49.7041618324386
32.81,-5557399.611892969,15917110.0,49.70414762332619
32.82,-5557092.3061137805,15914840.0,49.704133388596205
32.83,-5556784.053098135,15912560.0,49.70411912841513
32.84,-5556474.82047214,15910270.0,49.70410484307078
32.85,-5556164.584171562,15907980.0,49.70409053289681
32.86,-5555853.328581087,15905670.0,49.70407619833711
32.87,-5555541.046799498,15903360.0,49.704061839964794
32.88,-5555227.740243901,15901030.0,49.70404745842089
32.89,-5554913.418375598,15898700.0,49.704033054408455
32.9,-5554598.098709754,15896360.0,49.70401862874593
32.91,-5554281.806108399,15894010.0,49.704004182270126
32.92,-5553964.572085242,15891650.0,49.70398971583503
32.93,-5553646.43422984,15889280.0,49.70397523033333
32.94,-5553327.436110259,15886910.0,49.7039607267201
32.95,-5553007.626726946,15884530.0,49.703946205985375
32.96,-5552687.05908454,15882130.0,49.70393166903521
32.97,-5552365.789897998,15879740.0,49.703917116807965
32.98,-5552043.879009653,15877330.0,49.7039025502431
32.99,-5551721.388568687,15874910.0,49.70388797024226
33.0,-5551398.382848525,15872490.0,49.703873377724754
33.01,-5551074.927042031,15870050.0,49.70385877353849
33.02,-5550751.086512597,15867610.0,49.70384415846067
33.03,-5550426.926218329,15865160.0,49.703829533227434
33.04,-5550102.510060037,15862710.0,49.703814898523795
33.05,-5549777.900045079,15860240.0,49.70380025493954
33.06,-5549453.156125075,15857770.0,49.70378560304426
33.07,-5549128.335942945,15855290.0,49.703770943363274
33.08,-5548803.493772361,15852800.0,49.70375627630415
33.09,-5548478.680147262,15850300.0,49.70374160219506
33.1,-5548153.94134544,15847800.0,49.703726921282126
33.11,-5547829.319405445,15845280.0,49.70371223376368
33.12,-5547504.851857432,15842760.0,49.70369753977892
33.13,-5547180.57127311,15840240.0,49.703682839369556
33.14,-5546856.505313762,15837700.0,49.703668132519056
33.15,-5546532.676456699,15835160.0,49.70365341914573
33.16,-5546209.102436073,15832610.0,49.70363869913969
33.17,-5545885.796186177,15830050.0,49.703623972348375
33.18,-5545562.765462301,15827490.0,49.70360923850612
33.19,-5545240.013013959,15824920.0,49.70359449731727
33.2,-5544917.537171664,15822340.0,49.703579748481275
33.21,-5544595.331579181,15819750.0,49.70356499161457
33.22,-5544273.385747623,15817160.0,49.703550226333626
33.23,-5543951.685309814,15814560.0,49.7035354522383
33.24,-5543630.2122053215,15811960.0,49.70352066888118
33.25,-5543308.945207393,15809350.0,49.70350587583789
33.26,-5542987.860221523,15806730.0,49.70349107266147
33.27,-5542666.930461244,15804100.0,49.70347625888634
33.28,-5542346.127305897,15801480.0,49.70346143409834
33.29,-5542025.420520751,15798840.0,49.70344659788301
33.3,-5541704.778944527,15796200.0,49.7034317498661
33.31,-5541384.17078854,15793550.0,49.70341688969576
33.32,-5541063.563830811,15790900.0,49.703402017010475
33.33,-5540742.925951968,15788240.0,49.70338713150774
33.34,-5540422.225711204,15785580.0,49.703372232932246
33.35,-5540101.432944703,15782920.0,49.70335732110291
33.36,-5539780.5189748155,15780240.0,49.703342395859295
33.37,-5539459.456355267,15777570.0,49.70332745702841
33.38,-5539138.21968856,15774890.0,49.70331250453343
33.39,-5538816.786109571,15772200.0,49.70329753836853
33.4,-5538495.135253576,15769510.0,49.70328255855439
33.41,-5538173.249581967,15766820.0,49.70326756516597
33.42,-5537851.114477597,15764120.0,49.70325255832106
33.43,-5537528.718591396,15761420.0,49.70323753820658
33.44,-5537206.053600634,15758720.0,49.7032225050241
33.45,-5536883.11441271,15756010.0,49.703207459026835
33.46,-5536559.899388258,15753300.0,49.703192400533794
33.47,-5536236.4098496,15750580.0,49.703177329846696
33.48,-5535912.650498254,15747870.0,49.703162247358065
33.49,-5535588.629280504,15745150.0,49.70314715348296
33.5,-5535264.356589174,15742420.0,49.70313204858886
33.51,-5534939.845783888,15739700.0,49.70311693313828
33.52,-5534615.113160235,15736970.0,49.70310180762051
33.53,-5534290.177309707,15734240.0,49.70308667251145
33.54,-5533965.059441293,15731500.0,49.703071528334924
33.55,-5533639.78282811,15728770.0,49.7030563756081
33.56,-5533314.372482259,15726030.0,49.70304121483669
33.57,-5532988.8550597485,15723290.0,49.70302604654093
33.58,-5532663.258603428,15720550.0,49.70301087124221
33.59,-5532337.612194248,15717800.0,49.70299568945219
33.6,-5532011.945349004,15715060.0,49.70298050162747
33.61,-5531686.288022052,15712310.0,49.702965308244835
33.62,-5531360.670821861,15709560.0,49.70295010981231
33.63,-5531035.12401173,15706810.0,49.702934906747664
33.64,-5530709.677379882,15704060.0,49.70291969946013
33.65,-5530384.3600727795,15701300.0,49.70290448833079
33.66,-5530059.200570399,15698550.0,49.702889273750294
33.67,-5529734.226571825,15695790.0,49.70287405609231
33.68,-5529409.464629332,15693040.0,49.702858835679336
33.69,-5529084.939869129,15690280.0,49.70284361280799
33.7,-5528760.675638373,15687520.0,49.70282838771119
33.71,-5528436.6935792025,15684760.0,49.70281316062813
33.72,-5528113.013488613,15681990.0,49.70279793175133
33.73,-5527789.653302697,15679230.0,49.70278270126593
33.74,-5527466.629080854,15676470.0,49.70276746933052
33.75,-5527143.954918407,15673710.0,49.7027522360795
33.76,-5526821.643198837,15670940.0,49.702737001644145
33.77,-5526499.703917061,15668180.0,49.702721766075804
33.78,-5526178.145018086,15665420.0,49.702706529424304
33.79,-5525856.972738488,15662660.0,49.702691291758605
33.8,-5525536.191198704,15659890.0,49.70267605308344
33.81,-5525215.802797952,15657130.0,49.70266081341883
33.82,-5524895.808343835,15654370.0,49.70264557277944
33.83,-5524576.206574288,15651600.0,49.70263033110363
33.84,-5524256.99469645,15648840.0,49.702615088367516
33.85,-5523938.168750894,15646080.0,49.70259984456386
33.86,-5523619.72353119,15643320.0,49.70258459966105
33.87,-5523301.652484995,15640560.0,49.70256935359901
33.88,-5522983.94799046,15637800.0,49.70255410632822
33.89,-5522666.602136261,15635050.0,49.702538857868404
33.9,-5522349.606469355,15632290.0,49.70252360821598
33.91,-5522032.952116766,15629540.0,49.70250835734959
33.92,-5521716.629783035,15626780.0,49.70249310525966
33.93,-5521400.6300162375,15624030.0,49.70247785194404
33.94,-5521084.943494052,15621280.0,49.70246259743546
33.95,-5520769.561294194,15618540.0,49.70244734178989
33.96,-5520454.475005827,15615790.0,49.70243208507732
33.97,-5520139.677056697,15613050.0,49.702416827410914
33.98,-5519825.160559371,15610310.0,49.70240156889465
33.99,-5519510.919299442,15607570.0,49.70238630962689
34.0,-5519196.948081707,15604840.0,49.70237104976423
34.01,-5518883.242792548,15602100.0,49.70235578946875
34.02,-5518569.800247882,15599370.0,49.70234052890543
34.03,-5518256.618111444,15596640.0,49.70232526823435
34.04,-5517943.695116762,15593920.0,49.70231000764662
34.05,-5517631.031308745,15591200.0,49.70229474738373
34.06,-5517318.628054333,15588480.0,49.70227948768882
34.07,-5517006.48773086,15585770.0,49.70226422880157
34.08,-5516694.6143071335,15583060.0,49.70224897102664
34.09,-5516383.012854724,15580350.0,49.70223371463636
34.1,-5516071.689198518,15577640.0,49.702218459884115
34.11,-5515760.65024485,15574940.0,49.7022032070641
34.12,-5515449.903828731,15572250.0,49.70218795646682
34.13,-5515139.45875677,15569550.0,49.702172708407716
34.14,-5514829.324904092,15566860.0,49.702157463216274
34.15,-5514519.513007564,15564180.0,49.70214222122726
34.16,-5514210.034045497,15561500.0,49.702126982701124
34.17,-5513900.899453936,15558820.0,49.7021117479488
34.18,-5513592.121434178,15556150.0,49.70209651730054
34.19,-5513283.712528583,15553480.0,49.70208129107399
34.2,-5512975.685479453,15550810.0,49.70206606955915
34.21,-5512668.052961451,15548150.0,49.70205085303001
34.22,-5512360.827920666,15545500.0,49.70203564180295
34.23,-5512054.023218063,15542840.0,49.70202043615484
34.24,-5511747.651628205,15540200.0,49.70200523636188
34.25,-5511441.725641013,15537550.0,49.701990042690916
34.26,-5511136.2571903365,15534920.0,49.70197485536223
34.27,-5510831.257845943,15532280.0,49.70195967462654
34.28,-5510526.738989163,15529650.0,49.70194450074722
34.29,-5510222.711309545,15527030.0,49.701929333925044
34.3,-5509919.184619825,15524410.0,49.70191417434291
34.31,-5509616.168117126,15521790.0,49.70189902219808
34.32,-5509313.670109116,15519180.0,49.70188387765789
34.33,-5509011.697684308,15516580.0,49.70186874082832
34.34,-5508710.256845368,15513970.0,49.70185361183555
34.35,-5508409.353162811,15511380.0,49.70183849084864
34.36,-5508108.991323802,15508790.0,49.70182337799662
34.37,-5507809.175035525,15506200.0,49.70180827337674
34.38,-5507509.907178523,15503620.0,49.701793177091794
34.39,-5507211.189513661,15501040.0,49.701778089209945
34.4,-5506913.022995626,15498470.0,49.7017630098092
34.41,-5506615.4078024775,15495900.0,49.701747938967635
34.42,-5506318.343508746,15493340.0,49.70173287676765
34.43,-5506021.828758569,15490780.0,49.70171782325146
34.44,-5505725.861222792,15488220.0,49.701702778437564
34.45,-5505430.437788525,15485680.0,49.701687742353116
34.46,-5505135.554714478,15483130.0,49.7016727150377
34.47,-5504841.207823368,15480590.0,49.70165769653501
34.48,-5504547.392319885,15478060.0,49.70164268686172
34.49,-5504254.102947434,15475530.0,49.70162768604763
34.5,-5503961.33423569,15473010.0,49.701612694133765
34.51,-5503669.080553173,15470490.0,49.70159771117133
34.52,-5503377.335981205,15467970.0,49.70158273718436
34.53,-5503086.094186862,15465460.0,49.70156777218016
34.54,-5502795.34867095,15462960.0,49.701552816188425
34.55,-5502505.093053791,15460460.0,49.70153786925852
34.56,-5502215.320861914,15457960.0,49.70152293142099
34.57,-5501926.025778594,15455470.0,49.70150800273338
34.58,-5501637.201896379,15452990.0,49.70149308327113
34.59,-5501348.843523963,15450500.0,49.701478173095595
34.6,-5501060.9450631235,15448030.0,49.70146327225676
34.61,-5500773.501009994,15445560.0,49.7014483808014
34.62,-5500486.505956353,15443090.0,49.70143349877368
34.63,-5500199.954662513,15440620.0,49.7014186262216
34.64,-5499913.842650066,15438170.0,49.70140376326941
34.65,-5499628.166065171,15435710.0,49.701388910028115
34.66,-5499342.921361651,15433260.0,49.701374066573536
34.67,-5499058.105268027,15430820.0,49.701359232987485
34.68,-5498773.714879597,15428380.0,49.70134440936248
34.69,-5498489.747446846,15425940.0,49.70132959576301
34.7,-5498206.200502344,15423510.0,49.701314792277024
34.71,-5497923.072310946,15421080.0,49.7012999990418
34.72,-5497640.361571505,15418660.0,49.70128521616905
34.73,-5497358.0672236085,15416240.0,49.70127044375335
34.74,-5497076.188378081,15413830.0,49.701255681878735
34.75,-5496794.724193214,15411420.0,49.701240930623996
34.76,-5496513.673911145,15409010.0,49.701226190066784
34.77,-5496233.036858705,15406610.0,49.701211460286906
34.78,-5495952.812842197,15404210.0,49.70119674140546
34.79,-5495673.001990234,15401810.0,49.70118203353937
34.8,-5495393.604219252,15399420.0,49.701167336737726
34.81,-5495114.619393113,15397040.0,49.70115265107257
34.82,-5494836.047519775,15394650.0,49.70113797663109
34.83,-5494557.8885556115,15392270.0,49.70112331348458
34.84,-5494280.142315595,15389890.0,49.701108661691876
34.85,-5494002.808490215,15387520.0,49.701094021307924
34.86,-5493725.886626713,15385150.0,49.70107939238479
34.87,-5493449.3758595055,15382780.0,49.70106477494161
34.88,-5493173.275014491,15380420.0,49.70105016901152
34.89,-5492897.582911176,15378060.0,49.70103557463902
34.9,-5492622.298022603,15375700.0,49.70102099184701
34.91,-5492347.418490702,15373350.0,49.70100642064486
34.92,-5492072.9420522535,15371000.0,49.70099186103478
34.93,-5491798.866161239,15368650.0,49.7009773130169
34.94,-5491525.187628745,15366300.0,49.70096277655677
34.95,-5491251.902886709,15363960.0,49.700948251636234
34.96,-5490979.008182187,15361620.0,49.700933738247976
34.97,-5490706.499361345,15359290.0,49.700919236366445
34.98,-5490434.371920337,15356950.0,49.700904745952904
34.99,-5490162.620895454,15354620.0,49.700890266965516
35.0,-5489891.24075242,15352290.0,49.70087579932475
35.01,-5489620.2254897095,15349960.0,49.70086134296858
35.02,-5489349.5688859485,15347640.0,49.70084689784471
35.03,-5489079.26399729,15345310.0,49.70083246384855
35.04,-5488809.303975806,15342990.0,49.70081804094668
35.05,-5488539.682178207,15340670.0,49.70080362912404
35.06,-5488270.39112944,15338350.0,49.70078922824676
35.07,-5488001.423214904,15336040.0,49.700774838242836
35.08,-5487732.770984273,15333720.0,49.700760459079504
35.09,-5487464.426419215,15331410.0,49.70074609062782
35.1,-5487196.381233808,15329100.0,49.70073173279608
35.11,-5486928.62730271,15326790.0,49.700717385521564
35.12,-5486661.155857256,15324480.0,49.70070304866556
35.13,-5486393.957892737,15322180.0,49.70068872211178
35.14,-5486127.024632672,15319870.0,49.70067440579548
35.15,-5485860.347334259,15317570.0,49.700660099630554
35.16,-5485593.917539909,15315270.0,49.70064580355676
35.17,-5485327.72663244,15312960.0,49.70063151746355
35.18,-5485061.765637418,15310660.0,49.7006172412156
35.19,-5484796.025793849,15308360.0,49.70060297472905
35.2,-5484530.498574365,15306060.0,49.7005887179327
35.21,-5484265.175938325,15303770.0,49.700574470771286
35.22,-5484000.050031817,15301470.0,49.70056023317127
35.23,-5483735.112885249,15299170.0,49.70054600501681
35.24,-5483470.356806855,15296870.0,49.700531786238585
35.25,-5483205.774457012,15294580.0,49.7005175767671
35.26,-5482941.358171096,15292280.0,49.70050337647386
35.27,-5482677.100763105,15289980.0,49.70048918529756
35.28,-5482412.995494108,15287690.0,49.700475003193
35.29,-5482149.035395814,15285390.0,49.70046083003165
35.3,-5481885.21341239,15283100.0,49.7004466656992
35.31,-5481621.522829918,15280800.0,49.70043251012935
35.32,-5481357.957064652,15278500.0,49.700418363228664
35.33,-5481094.509825588,15276210.0,49.70040422492787
35.34,-5480831.175278318,15273910.0,49.700390095176644
35.35,-5480567.947977385,15271610.0,49.70037597391407
35.36,-5480304.82233252,15269310.0,49.700361861036654
35.37,-5480041.792589894,15267020.0,49.70034775641891
35.38,-5479778.853225035,15264720.0,49.70033365999144
35.39,-5479515.999159836,15262420.0,49.70031957169761
35.4,-5479253.225479902,15260120.0,49.700305491462125
35.41,-5478990.52736448,15257810.0,49.700291419200305
35.42,-5478727.899783074,15255510.0,49.700277354788405
35.43,-5478465.337565631,15253200.0,49.70026329811719
35.44,-5478202.835956772,15250900.0,49.70024924912501
35.45,-5477940.389938929,15248590.0,49.70023520768498
35.46,-5477677.994248402,15246280.0,49.70022117366692
35.47,-5477415.643695956,15243970.0,49.70020714697128
35.48,-5477153.33316767,15241660.0,49.700193127496696
35.49,-5476891.057554177,15239350.0,49.70017911514253
35.5,-5476628.8116614055,15237040.0,49.70016510977973
35.51,-5476366.590245981,15234720.0,49.70015111129895
35.52,-5476104.387943444,15232400.0,49.70013711957143
35.53,-5475842.19957195,15230080.0,49.70012313450108
35.54,-5475580.019990723,15227760.0,49.700109155976655
35.55,-5475317.843778321,15225430.0,49.700095183854685
35.56,-5475055.665427611,15223110.0,49.700081217999575
35.57,-5474793.479076759,15220780.0,49.70006725825576
35.58,-5474531.279187083,15218450.0,49.70005330452796
35.59,-5474269.060295221,15216110.0,49.70003935669636
35.6,-5474006.816548432,15213780.0,49.700025414598464
35.61,-5473744.541898717,15211440.0,49.70001147807429
35.62,-5473482.229815055,15209100.0,49.699997546936714
35.63,-5473219.873888631,15206750.0,49.69998362105636
35.64,-5472957.4679057505,15204410.0,49.699969700311165
35.65,-5472695.005957114,15202060.0,49.69995578459859
35.66,-5472432.482279367,15199710.0,49.69994187379025
35.67,-5472169.890790973,15197350.0,49.699927967716995
35.68,-5471907.2252510935,15194990.0,49.699914066210596
35.69,-5471644.479258593,15192630.0,49.69990016911426
35.7,-5471381.646824021,15190270.0,49.69988627631608
35.71,-5471118.721925529,15187900.0,49.69987238767293
35.72,-5470855.698490958,15185530.0,49.6998585030247
35.73,-5470592.570558857,15183150.0,49.69984462223663
35.74,-5470329.332154272,15180780.0,49.699830745161385
35.75,-5470065.977682814,15178400.0,49.6998168716863
35.76,-5469802.501754877,15176010.0,49.69980300168736
35.77,-5469538.898560778,15173620.0,49.699789134970686
35.78,-5469275.162404806,15171230.0,49.69977527140014
35.79,-5469011.288136095,15168840.0,49.69976141088342
35.8,-5468747.270812961,15166440.0,49.699747553298536
35.81,-5468483.105525699,15164030.0,49.69973369850422
35.82,-5468218.787307471,15161630.0,49.699719846348096
35.83,-5467954.311080312,15159220.0,49.699705996673096
35.84,-5467689.672012533,15156800.0,49.699692149359514
35.85,-5467424.865467131,15154380.0,49.699678304280866
35.86,-5467159.887003497,15151960.0,49.69966446131493
35.87,-5466894.732361219,15149530.0,49.69965062034063
35.88,-5466629.397210958,15147100.0,49.699636781210174
35.89,-5466363.877691201,15144670.0,49.69962294382961
35.9,-5466098.1700181635,15142230.0,49.69960910807345
35.91,-5465832.27039698,15139790.0,49.69959527380367
35.92,-5465566.17555887,15137340.0,49.69958144094091
35.93,-5465299.882461004,15134890.0,49.69956760938381
35.94,-5465033.387912336,15132430.0,49.69955377898235
35.95,-5464766.688894763,15129970.0,49.699539949625546
35.96,-5464499.782457118,15127500.0,49.69952612119286
35.97,-5464232.665697828,15125040.0,49.69951229356785
35.98,-5463965.335890684,15122560.0,49.699498466630935
35.99,-5463697.790343012,15120080.0,49.699484640271606
36.0,-5463430.026879415,15117600.0,49.69947081441707
36.01,-5463162.043398249,15115110.0,49.69945698895805
36.02,-5462893.837943817,15112620.0,49.69944316379587
36.03,-5462625.408814937,15110120.0,49.699429338839295
36.04,-5462356.754244631,15107620.0,49.699415513970635
36.05,-5462087.872256312,15105110.0,49.6994016890532
36.06,-5461818.760912756,15102600.0,49.699387863974366
36.07,-5461549.418423821,15100090.0,49.69937403863921
36.08,-5461279.843362454,15097570.0,49.69936021297121
36.09,-5461010.034345229,15095040.0,49.69934638686942
36.1,-5460739.9899251945,15092510.0,49.69933256022102
36.11,-5460469.708841991,15089980.0,49.69931873293634
36.12,-5460199.189844212,15087440.0,49.6993049049108
36.13,-5459928.431868455,15084890.0,49.6992910760663
36.14,-5459657.434291436,15082340.0,49.69927724634356
36.15,-5459386.196628991,15079790.0,49.6992634156644
36.16,-5459114.718375922,15077230.0,49.699249583936464
36.17,-5458842.998665511,15074660.0,49.69923575101957
36.18,-5458571.036588829,15072100.0,49.699221916813954
36.19,-5458298.831427094,15069520.0,49.6992080812432
36.2,-5458026.38220544,15066940.0,49.6991942441839
36.21,-5457753.688048904,15064360.0,49.69918040554766
36.22,-5457480.748039892,15061770.0,49.69916656523343
36.23,-5457207.561146128,15059180.0,49.69915272313646
36.24,-5456934.126577771,15056580.0,49.699138879180396
36.25,-5456660.443860891,15053980.0,49.69912503331422
36.26,-5456386.513072651,15051370.0,49.69911118550361
36.27,-5456112.334147257,15048760.0,49.699097335655345
36.28,-5455837.906874671,15046140.0,49.699083483669845
36.29,-5455563.231150016,15043520.0,49.69906962947348
36.3,-5455288.30713544,15040890.0,49.6990557730154
36.31,-5455013.135065137,15038260.0,49.69904191422171
36.32,-5454737.71506672,15035620.0,49.69902805300546
36.33,-5454462.047339285,15032980.0,49.6990141893
36.34,-5454186.132010584,15030340.0,49.69900032301931
36.35,-5453909.969315383,15027690.0,49.6989864540984
36.36,-5453633.559685691,15025030.0,49.69897258248471
36.37,-5453356.903465697,15022370.0,49.698958708099674
36.38,-5453080.001394361,15019710.0,49.698944830917696
36.39,-5452802.8545726035,15017040.0,49.6989309509099
36.4,-5452525.464054155,15014370.0,49.69891706801462
36.41,-5452247.831256834,15011690.0,49.69890318221147
36.42,-5451969.957517598,15009010.0,49.69888929343569
36.43,-5451691.844145408,15006320.0,49.69887540162901
36.44,-5451413.492635674,15003630.0,49.69886150676454
36.45,-5451134.905011735,15000940.0,49.698847608843714
36.46,-5450856.083434922,14998240.0,49.69883370784431
36.47,-5450577.029829383,14995530.0,49.69881980369439
36.48,-5450297.746041109,14992820.0,49.698805896349135
36.49,-5450018.234087757,14990110.0,49.69879198578235
36.5,-5449738.496535808,14987400.0,49.698778072016935
36.51,-5449458.536361441,14984680.0,49.69876415507078
36.52,-5449178.35623729,14981950.0,49.69875023488555
36.53,-5448897.959013202,14979230.0,49.69873631145203
36.54,-5448617.347878518,14976490.0,49.698722384787175
36.55,-5448336.526221247,14973760.0,49.6987084548963
36.56,-5448055.49745029,14971020.0,49.698694521765695
36.57,-5447774.265156447,14968280.0,49.69868058540627
36.58,-5447492.833149362,14965530.0,49.698666645835196
36.59,-5447211.20520827,14962780.0,49.698652703041695
36.6,-5446929.385403727,14960030.0,49.69863875705776
36.61,-5446647.377974266,14957270.0,49.698624807906896
36.62,-5446365.187291569,14954510.0,49.698610855604244
36.63,-5446082.817592604,14951750.0,49.69859690015054
36.64,-5445800.272960291,14948980.0,49.698582941533274
36.65,-5445517.55778749,14946210.0,49.69856897979663
36.66,-5445234.676707507,14943440.0,49.69855501498369
36.67,-5444951.634237548,14940660.0,49.69854104709968
36.68,-5444668.435099737,14937880.0,49.698527076186885
36.69,-5444385.0846879445,14935100.0,49.69851310234575
36.7,-5444101.588356539,14932320.0,49.69849912560394
36.71,-5443817.950918308,14929530.0,49.69848514593523
36.72,-5443534.177499252,14926740.0,49.698471163406424
36.73,-5443250.273755575,14923950.0,49.698457178111155
36.74,-5442966.245286633,14921160.0,49.69844319008877
36.75,-5442682.0975445695,14918360.0,49.69842919936742
36.76,-5442397.836029692,14915560.0,49.69841520599496
36.77,-5442113.466290486,14912760.0,49.698401210028585
36.78,-5441828.994299634,14909960.0,49.698387211564096
36.79,-5441544.425901917,14907160.0,49.698373210643176
36.8,-5441259.766776987,14904350.0,49.698359207305195
36.81,-5440975.022580909,14901540.0,49.69834520160701
36.82,-5440690.1987844305,14898740.0,49.698331193584366
36.83,-5440405.301082984,14895930.0,49.698317183319304
36.84,-5440120.335595047,14893120.0,49.698303170924
36.85,-5439835.30861447,14890300.0,49.69828915649018
36.86,-5439550.226127999,14887490.0,49.69827514005245
36.87,-5439265.093973596,14884670.0,49.698261121669546
36.88,-5438979.917964212,14881860.0,49.698247101406864
36.89,-5438694.703851404,14879040.0,49.69823307933485
36.9,-5438409.457306584,14876220.0,49.69821905551567
36.91,-5438124.184152791,14873400.0,49.69820503004246
36.92,-5437838.890419265,14870580.0,49.69819100301759
36.93,-5437553.582074138,14867760.0,49.698176974515704
36.94,-5437268.265059395,14864940.0,49.69816294461532
36.95,-5436982.94521868,14862120.0,49.69814891339492
36.96,-5436697.628582656,14859300.0,49.698134880961604
36.97,-5436412.321208984,14856480.0,49.69812084740124
36.98,-5436127.029217993,14853660.0,49.698106812817734
36.99,-5435841.758828637,14850830.0,49.69809277731717
37.0,-5435556.516054525,14848010.0,49.698078740969684
37.01,-5435271.306666116,14845190.0,49.69806470384597
37.02,-5434986.136850959,14842370.0,49.69805066608691
37.03,-5434701.013198769,14839550.0,49.6980366278388
37.04,-5434415.942023855,14836730.0,49.69802258917998
37.05,-5434130.929505806,14833910.0,49.698008550201784
37.06,-5433845.9817059785,14831090.0,49.69799451099725
37.07,-5433561.1049243305,14828270.0,49.69798047169569
37.08,-5433276.305718885,14825450.0,49.69796643244329
37.09,-5432991.590746291,14822630.0,49.69795239336175
37.1,-5432706.966046019,14819820.0,49.69793835450717
37.11,-5432422.437446939,14817000.0,49.69792431595999
37.12,-5432138.011156205,14814190.0,49.697910277877845
37.13,-5431853.693565011,14811370.0,49.69789624040388
37.14,-5431569.49083788,14808560.0,49.697882203626314
37.15,-5431285.409071699,14805750.0,49.69786816766339
37.16,-5431001.454760399,14802940.0,49.69785413268013
37.17,-5430717.63442179,14800130.0,49.69784009880323
37.18,-5430433.954185581,14797330.0,49.69782606612358
37.19,-5430150.420273428,14794520.0,49.69781203477427
37.2,-5429867.039160506,14791720.0,49.69779800491
37.21,-5429583.816950519,14788920.0,49.6977839766273
37.22,-5429300.759694734,14786120.0,49.697769950047274
37.23,-5429017.8734091725,14783320.0,49.69775592529889
37.24,-5428735.164199389,14780530.0,49.697741902518025
37.25,-5428452.638386226,14777730.0,49.69772788187231
37.26,-5428170.302167039,14774940.0,49.697713863476245
37.27,-5427888.161399543,14772150.0,49.69769984743803
37.28,-5427606.221939037,14769360.0,49.6976858338875
37.29,-5427324.489691834,14766580.0,49.69767182296919
37.3,-5427042.9710093355,14763800.0,49.697657814868705
37.31,-5426761.672118311,14761020.0,49.697643809722756
37.32,-5426480.598904753,14758240.0,49.697629807630165
37.33,-5426199.756803463,14755470.0,49.69761580868665
37.34,-5425919.151170227,14752700.0,49.697601813021244
37.35,-5425638.787764421,14749930.0,49.69758782081582
37.36,-5425358.6723759705,14747160.0,49.697573832215596
37.37,-5425078.810825362,14744400.0,49.697559847372624
37.38,-5424799.208945721,14741640.0,49.69754586643298
37.39,-5424519.872511063,14738880.0,49.69753188953884
37.4,-5424240.807450439,14736130.0,49.697517916855894
37.41,-5423962.019616163,14733380.0,49.69750394852808
37.42,-5423683.514962015,14730640.0,49.69748998471495
37.43,-5423405.299114073,14727890.0,49.69747602554187
37.44,-5423127.377690172,14725150.0,49.69746207114631
37.45,-5422849.756353336,14722420.0,49.69744812169872
37.46,-5422572.440579153,14719680.0,49.69743417732037
37.47,-5422295.435797303,14716960.0,49.69742023816461
37.48,-5422018.7475700565,14714230.0,49.69740630439869
37.49,-5421742.381342447,14711510.0,49.6973923761636
37.5,-5421466.342512752,14708790.0,49.69737845360943
37.51,-5421190.636467734,14706080.0,49.69736453688824
37.52,-5420915.268528652,14703370.0,49.69735062614843
37.53,-5420640.243825197,14700670.0,49.69733672153033
37.54,-5420365.567687718,14697970.0,49.69732282320088
37.55,-5420091.245218906,14695270.0,49.697308931301606
37.56,-5419817.281596203,14692580.0,49.697295045993165
37.57,-5419543.682054318,14689890.0,49.69728116743693
37.58,-5419270.451527404,14687210.0,49.6972672957608
37.59,-5418997.595040416,14684530.0,49.69725343113141
37.6,-5418725.117244144,14681850.0,49.69723957366458
37.61,-5418453.022805999,14679190.0,49.6972257235135
37.62,-5418181.316803945,14676520.0,49.69721188088161
37.63,-5417910.004407326,14673860.0,49.69719804593979
37.64,-5417639.090573026,14671210.0,49.69718421882515
37.65,-5417368.579775051,14668560.0,49.69717039964627
37.66,-5417098.476161691,14665910.0,49.697156588519526
37.67,-5416828.784269051,14663280.0,49.69714278563883
37.68,-5416559.508683826,14660640.0,49.69712899117172
37.69,-5416290.653667567,14658010.0,49.6971152052341
37.7,-5416022.223619529,14655390.0,49.69710142800162
37.71,-5415754.223185097,14652770.0,49.69708765965393
37.72,-5415486.656809996,14650160.0,49.69707390033376
37.73,-5415219.528541621,14647550.0,49.69706015014989
37.74,-5414952.8423838755,14644950.0,49.69704640925598
37.75,-5414686.6026011575,14642350.0,49.69703267783003
37.76,-5414420.813451748,14639760.0,49.69701895603229
37.77,-5414155.478990715,14637180.0,49.69700524400113
37.78,-5413890.603372601,14634600.0,49.696991541894135
37.79,-5413626.19070889,14632030.0,49.69697784987317
37.8,-5413362.245246639,14629460.0,49.696964168104785
37.81,-5413098.771190412,14626900.0,49.69695049674828
37.82,-5412835.77241537,14624340.0,49.69693683592046
37.83,-5412573.252733147,14621800.0,49.69692318577344
37.84,-5412311.21612406,14619250.0,49.69690954647936
37.85,-5412049.666469805,14616720.0,49.69689591818632
37.86,-5411788.607391451,14614190.0,49.69688230101888
37.87,-5411528.042032437,14611660.0,49.69686869507861
37.88,-5411267.973627724,14609150.0,49.696855100520985
37.89,-5411008.405701458,14606640.0,49.69684151753345
37.9,-5410749.34206926,14604140.0,49.69682794629185
37.91,-5410490.786482363,14601640.0,49.696814386955424
37.92,-5410232.742286858,14599150.0,49.69680083963065
37.93,-5409975.212384602,14596660.0,49.69678730441656
37.94,-5409718.199820553,14594190.0,49.69677378147554
37.95,-5409461.707801818,14591720.0,49.69676027097427
37.96,-5409205.739376624,14589250.0,49.69674677304635
37.97,-5408950.297522573,14586800.0,49.696733287830305
37.98,-5408695.385181879,14584350.0,49.696719815464505
37.99,-5408441.005458052,14581910.0,49.696706356121254
38.0,-5408187.161545549,14579470.0,49.69669290995413
38.01,-5407933.856211223,14577040.0,49.6966794770656
38.02,-5407681.092113215,14574620.0,49.6966660575875
38.03,-5407428.871943346,14572210.0,49.69665265166781
38.04,-5407177.198552738,14569810.0,49.69663925946629
38.05,-5406926.074917288,14567410.0,49.696625881144854
38.06,-5406675.503852163,14565020.0,49.69661251682797
38.07,-5406425.487670326,14562630.0,49.69659916660674
38.08,-5406176.029020109,14560260.0,49.69658583065736
38.09,-5405927.131013264,14557890.0,49.69657250917162
38.1,-5405678.796261746,14555530.0,49.69655920224689
38.11,-5405431.027321378,14553180.0,49.69654591001457
38.12,-5405183.826798854,14550830.0,49.69653263262317
38.13,-5404937.197191025,14548500.0,49.696519370198686
38.14,-5404691.140955656,14546170.0,49.69650612288123
38.15,-5404445.660618585,14543850.0,49.69649289081845
38.16,-5404200.758487796,14541530.0,49.69647967412207
38.17,-5403956.436705437,14539230.0,49.696466472913606
38.18,-5403712.697962753,14536930.0,49.69645328738959
38.19,-5403469.544895721,14534640.0,49.69644011768693
38.2,-5403226.979422094,14532360.0,49.6964269638631
38.21,-5402985.00350567,14530090.0,49.696413826057444
38.22,-5402743.619317868,14527820.0,49.69640070442606
38.23,-5402502.829060375,14525570.0,49.696387599105805
38.24,-5402262.635072866,14523320.0,49.69637451024751
38.25,-5402023.039565556,14521080.0,49.69636143797461
38.26,-5401784.04479726,14518850.0,49.69634838242432
38.27,-5401545.653075822,14516620.0,49.69633534373869
38.28,-5401307.86645414,14514410.0,49.69632232202518
38.29,-5401070.686835617,14512200.0,49.69630931739961
38.3,-5400834.116044643,14510010.0,49.69629632997854
38.31,-5400598.155754402,14507820.0,49.696283359879374
38.32,-5400362.807861761,14505640.0,49.696270407252825
38.33,-5400128.074041469,14503460.0,49.69625747219622
38.34,-5399893.9556191135,14501300.0,49.69624455480688
38.35,-5399660.454356274,14499150.0,49.6962316552473
38.36,-5399427.572095952,14497000.0,49.696218773654856
38.37,-5399195.310226127,14494860.0,49.69620591010921
38.38,-5398963.670105921,14492740.0,49.69619306471925
38.39,-5398732.653029662,14490620.0,49.69618023760841
38.4,-5398502.260190632,14488500.0,49.69616742887696
38.41,-5398272.493092202,14486400.0,49.69615463867865
38.42,-5398043.353478748,14484310.0,49.69614186716549
38.43,-5397814.843069078,14482230.0,49.69612911445355
38.44,-5397586.9632160645,14480150.0,49.69611638062539
38.45,-5397359.71472475,14478080.0,49.6961036657384
38.46,-5397133.098403168,14476030.0,49.69609096990222
38.47,-5396907.115366865,14473980.0,49.696078293262794
38.48,-5396681.766611742,14471940.0,49.696065635918615
38.49,-5396457.0530310925,14469910.0,49.69605299797078
38.5,-5396232.975414897,14467890.0,49.696040379514564
38.51,-5396009.534377491,14465870.0,49.69602778064523
38.52,-5395786.73046372,14463870.0,49.69601520145034
38.53,-5395564.564345471,14461880.0,49.69600264205461
38.54,-5395343.036679571,14459890.0,49.695990102562746
38.55,-5395122.148161499,14457920.0,49.695977583074566
38.56,-5394901.899579531,14455950.0,49.69596508371099
38.57,-5394682.29174397,14453990.0,49.69595260457875
38.58,-5394463.325666486,14452040.0,49.69594014580465
38.59,-5394245.00204256,14450100.0,49.695927707455795
38.6,-5394027.321159535,14448170.0,49.69591528959295
38.61,-5393810.283591812,14446250.0,49.69590289234173
38.62,-5393593.8899167795,14444340.0,49.695890515800606
38.63,-5393378.140213592,14442440.0,49.695878160013095
38.64,-5393163.034721845,14440550.0,49.69586582509136
38.65,-5392948.573950428,14438660.0,49.69585351115584
38.66,-5392734.758071008,14436790.0,49.695841218264675
38.67,-5392521.587148245,14434920.0,49.69582894650027
38.68,-5392309.061013741,14433070.0,49.695816695921714
38.69,-5392097.179497107,14431220.0,49.69580446661393
38.7,-5391885.942837938,14429380.0,49.69579225871088
38.71,-5391675.351062525,14427550.0,49.69578007227472
38.72,-5391465.404161345,14425740.0,49.69576790739086
38.73,-5391256.102250076,14423930.0,49.695755764153226
38.74,-5391047.445248426,14422130.0,49.695743642632635
38.75,-5390839.433183111,14420340.0,49.695731542913684
38.76,-5390632.06577702,14418550.0,49.69571946505585
38.77,-5390425.342840865,14416780.0,49.69570740913721
38.78,-5390219.264184503,14415020.0,49.69569537524707
38.79,-5390013.829527555,14413260.0,49.695683363447735
38.8,-5389809.038283965,14411520.0,49.69567137378002
38.81,-5389604.889774596,14409780.0,49.69565940630655
38.82,-5389401.383334097,14408060.0,49.69564746110387
38.83,-5389198.518543958,14406340.0,49.69563553826256
38.84,-5388996.294840717,14404630.0,49.6956236378425
38.85,-5388794.7114612525,14402940.0,49.69561175988565
38.86,-5388593.767548792,14401250.0,49.69559990445256
38.87,-5388393.462080722,14399570.0,49.69558807158306
38.88,-5388193.794350905,14397900.0,49.69557626137835
38.89,-5387994.763703795,14396240.0,49.69556447390461
38.9,-5387796.368997834,14394580.0,49.69555270917437
38.91,-5387598.609300079,14392940.0,49.6955409672654
38.92,-5387401.483619464,14391310.0,49.6955292482297
38.93,-5387204.991139294,14389680.0,49.69551755214447
38.94,-5387009.130932307,14388070.0,49.6955058790592
38.95,-5386813.901977882,14386460.0,49.69549422901451
38.96,-5386619.3032868,14384870.0,49.695482602071
38.97,-5386425.333830056,14383280.0,49.695470998276235
38.98,-5386231.992717762,14381700.0,49.69545941770067
38.99,-5386039.278716987,14380130.0,49.69544786035909
39.0,-5385847.190302905,14378570.0,49.69543632626509
39.01,-5385655.725978971,14377020.0,49.69542481546473
39.02,-5385464.884169915,14375480.0,49.695413327994856
39.03,-5385274.663203399,14373950.0,49.695401863885905
39.04,-5385085.061309462,14372420.0,49.69539042316414
39.05,-5384896.076942248,14370910.0,49.69537900589238
39.06,-5384707.708996865,14369400.0,49.695367612159906
39.07,-5384519.956311715,14367910.0,49.69535624200332
39.08,-5384332.817345915,14366420.0,49.69534489542176
39.09,-5384146.29060619,14364940.0,49.6953335724604
39.1,-5383960.37471906,14363470.0,49.695322273159775
39.11,-5383775.068288735,14362010.0,49.69531099756397
39.12,-5383590.370022454,14360560.0,49.69529974571464
39.13,-5383406.278373365,14359120.0,49.69528851761995
39.14,-5383222.791664019,14357680.0,49.695277313298526
39.15,-5383039.9078706475,14356260.0,49.69526613273952
39.16,-5382857.624835475,14354840.0,49.69525497595203
39.17,-5382675.940731411,14353430.0,49.69524384299465
39.18,-5382494.853724688,14352030.0,49.69523273389147
39.19,-5382314.361760131,14350640.0,49.6952216486438
39.2,-5382134.463168392,14349260.0,49.69521058731065
39.21,-5381955.156597592,14347890.0,49.69519954995574
39.22,-5381776.440443042,14346530.0,49.695188536576154
39.23,-5381598.312755863,14345170.0,49.69517754715655
39.24,-5381420.771544834,14343830.0,49.69516658170877
39.25,-5381243.8146329895,14342490.0,49.69515564022855
39.26,-5381067.439942848,14341160.0,49.69514472274207
39.27,-5380891.645676451,14339840.0,49.695133829294505
39.28,-5380716.429834331,14338530.0,49.69512295987568
39.29,-5380541.79050058,14337230.0,49.69511211451083
39.3,-5380367.725718366,14335930.0,49.695101293209206
39.31,-5380194.233185386,14334640.0,49.69509049593926
39.32,-5380021.310931733,14333370.0,49.69507972274904
39.33,-5379848.9571973905,14332100.0,49.6950689736696
39.34,-5379677.170022257,14330840.0,49.6950582486904
39.35,-5379505.947298435,14329590.0,49.695047547802126
39.36,-5379335.286840864,14328340.0,49.69503687100096
39.37,-5379165.186727101,14327110.0,49.695026218324564
39.38,-5378995.6450131,14325880.0,49.695015589766946
39.39,-5378826.65933929,14324670.0,49.69500498529538
39.4,-5378658.2272139415,14323460.0,49.694994404890444
39.41,-5378490.346513666,14322260.0,49.69498384858682
39.42,-5378323.015379119,14321060.0,49.69497331641824
39.43,-5378156.231644277,14319880.0,49.694962808350965
39.44,-5377989.993084862,14318700.0,49.69495232437457
39.45,-5377824.297525473,14317530.0,49.69494186449588
39.46,-5377659.142768545,14316370.0,49.694931428701395
39.47,-5377494.5263794735,14315220.0,49.6949210169637
39.48,-5377330.445702819,14314080.0,49.69491062924664
39.49,-5377166.898183043,14312940.0,49.69490026554837
39.5,-5377003.881204354,14311820.0,49.694889925854426
39.51,-5376841.391839742,14310700.0,49.694879610110185
39.52,-5376679.427242629,14309580.0,49.69486931830679
39.53,-5376517.98497003,14308480.0,49.69485905047101
39.54,-5376357.062162293,14307380.0,49.69484880654672
39.55,-5376196.655933905,14306300.0,49.69483858649958
39.56,-5376036.763283958,14305220.0,49.69482839030297
39.57,-5375877.381077538,14304140.0,49.69481821791312
39.58,-5375718.506528324,14303080.0,49.694808069344376
39.59,-5375560.136628588,14302020.0,49.69479794454656
39.6,-5375402.268165539,14300970.0,49.69478784346721
39.61,-5375244.897970583,14299930.0,49.694777766085316
39.62,-5375088.022651306,14298900.0,49.694767712336585
39.63,-5374931.638572003,14297870.0,49.694757682165374
39.64,-5374775.742084745,14296850.0,49.69474767552368
39.65,-5374620.329529529,14295840.0,49.69473769237654
39.66,-5374465.39744928,14294830.0,49.694727732700215
39.67,-5374310.94234102,14293830.0,49.69471779644807
39.68,-5374156.960512488,14292840.0,49.694707883559616
39.69,-5374003.448098756,14291860.0,49.69469799396791
39.7,-5373850.401401307,14290880.0,49.69468812764416
39.71,-5373697.816853786,14289910.0,49.694678284552126
39.72,-5373545.690307049,14288950.0,49.694668464582456
39.73,-5373394.017400779,14287990.0,49.69465866765096
39.74,-5373242.794027613,14287040.0,49.69464889373073
39.75,-5373092.016138452,14286100.0,49.69463914277
39.76,-5372941.679689456,14285160.0,49.69462941470531
39.77,-5372791.780445363,14284240.0,49.69461970946589
39.78,-5372642.314210987,14283310.0,49.69461002698332
39.79,-5372493.276706445,14282400.0,49.69460036719309
39.8,-5372344.66381741,14281480.0,49.69459073004199
39.81,-5372196.471238562,14280580.0,49.69458111544872
39.82,-5372048.694526024,14279680.0,49.6945715233215
39.83,-5371901.328881643,14278790.0,49.694561953559344
39.84,-5371754.369759225,14277900.0,49.69455240610472
39.85,-5371607.812992148,14277020.0,49.69454288093028
39.86,-5371461.654098307,14276150.0,49.69453337793025
39.87,-5371315.888224126,14275280.0,49.69452389698162
39.88,-5371170.51039254,14274420.0,49.694514437989376
39.89,-5371025.515752956,14273560.0,49.69450500088611
39.9,-5370880.899528824,14272710.0,49.69449558559279
39.91,-5370736.657018478,14271860.0,49.69448619202999
39.92,-5370592.783542288,14271020.0,49.69447682012049
39.93,-5370449.274299825,14270180.0,49.694467469758614
39.94,-5370306.1244944995,14269360.0,49.694458140861
39.95,-5370163.329584523,14268530.0,49.694448833364476
39.96,-5370020.885141936,14267710.0,49.69443954719148
39.97,-5369878.786424005,14266890.0,49.69443028221986
39.98,-5369737.028191902,14266080.0,49.694421038301265
39.99,-5369595.60531579,14265280.0,49.694411815347436
40.0,-5369454.512883403,14264480.0,49.69440261328118
40.01,-5369313.745629053,14263680.0,49.69439343196782
40.02,-5369173.298378707,14262890.0,49.69438427131143
40.03,-5369033.166319577,14262100.0,49.69437513124608
40.04,-5368893.344555597,14261320.0,49.69436601166342
40.05,-5368753.828250243,14260540.0,49.69435691246647
40.06,-5368614.612358665,14259770.0,49.69434783353089
40.07,-5368475.6916262545,14259000.0,49.694338774722794
40.08,-5368337.060891628,14258230.0,49.694329735939434
40.09,-5368198.715302493,14257470.0,49.694320717111474
40.1,-5368060.649996035,14256710.0,49.694311718120304
40.11,-5367922.859740953,14255960.0,49.69430273882367
40.12,-5367785.339615176,14255210.0,49.69429377913521
40.13,-5367648.085026469,14254460.0,49.694284838982234
40.14,-5367511.091160191,14253720.0,49.69427591823042
40.15,-5367374.353049367,14252980.0,49.69426701674777
40.16,-5367237.865931794,14252240.0,49.6942581344396
40.17,-5367101.624857975,14251510.0,49.69424927117426
40.18,-5366965.62454659,14250780.0,49.69424042679664
40.19,-5366829.859722282,14250050.0,49.69423160117792
40.2,-5366694.325223387,14249330.0,49.69422279421244
40.21,-5366559.015949344,14248610.0,49.6942140057824
40.22,-5366423.926843504,14247890.0,49.69420523576593
40.23,-5366289.052875795,14247180.0,49.69419648404352
40.24,-5366154.388774556,14246470.0,49.69418775046401
40.25,-5366019.92931133,14245760.0,49.694179034898895
40.26,-5365885.669408864,14245050.0,49.694170337236784
40.27,-5365751.603641167,14244350.0,49.69416165731333
40.28,-5365617.72673232,14243650.0,49.69415299500596
40.29,-5365484.03379066,14242950.0,49.69414435022407
40.3,-5365350.519846511,14242250.0,49.69413572283562
40.31,-5365217.179762221,14241560.0,49.69412711268109
40.32,-5365084.008660769,14240870.0,49.69411851966276
40.33,-5364951.001748973,14240180.0,49.6941099436522
40.34,-5364818.153816993,14239490.0,49.69410138447533
40.35,-5364685.460076766,14238810.0,49.69409284203501
40.36,-5364552.915896975,14238130.0,49.69408431622148
40.37,-5364420.516553788,14237440.0,49.694075806887
40.38,-5364288.256943804,14236760.0,49.69406731385575
40.39,-5364156.1322258115,14236090.0,49.69405883701587
40.4,-5364024.137858872,14235410.0,49.6940503762622
40.41,-5363892.269031903,14234740.0,49.69404193143372
40.42,-5363760.521073512,14234070.0,49.69403350240209
40.43,-5363628.889310031,14233400.0,49.694025089030156
40.44,-5363497.369065665,14232730.0,49.69401669118145
40.45,-5363365.956110268,14232060.0,49.69400830876053
40.46,-5363234.646125871,14231390.0,49.69399994163031
40.47,-5363103.434652397,14230730.0,49.693991589631544
40.48,-5362972.317552215,14230060.0,49.69398325266381
40.49,-5362841.2907442525,14229400.0,49.69397493059895
40.5,-5362710.349774825,14228740.0,49.69396662325822
40.51,-5362579.490208726,14228080.0,49.693958330502355
40.52,-5362448.707915997,14227420.0,49.6939500522241
40.53,-5362317.998608939,14226760.0,49.693941788270266
40.54,-5362187.357984222,14226100.0,49.693933538497646
40.55,-5362056.782134711,14225450.0,49.69392530280763
40.56,-5361926.26681861,14224790.0,49.693917081026335
40.57,-5361795.807761292,14224140.0,49.693908873008816
40.58,-5361665.4007805055,14223480.0,49.693900678624175
40.59,-5361535.0420558015,14222830.0,49.6938924977686
40.6,-5361404.728167339,14222180.0,49.69388433035063
40.61,-5361274.45522177,14221520.0,49.693876176187
40.62,-5361144.219385717,14220870.0,49.69386803513982
40.63,-5361014.017119113,14220220.0,49.69385990710409
40.64,-5360883.844783695,14219570.0,49.69385179193178
40.65,-5360753.698678105,14218920.0,49.69384368948329
40.66,-5360623.575216518,14218270.0,49.693835599625665
40.67,-5360493.4708938245,14217620.0,49.693827522237264
40.68,-5360363.382805612,14216980.0,49.69381945724419
40.69,-5360233.308545555,14216330.0,49.693811404573744
40.7,-5360103.2454931745,14215680.0,49.69380336408163
40.71,-5359973.190794217,14215030.0,49.69379533561208
40.72,-5359843.141609498,14214380.0,49.693787319035756
40.73,-5359713.095276187,14213740.0,49.69377931424979
40.74,-5359583.04923761,14213090.0,49.69377132113218
40.75,-5359453.0009008525,14212440.0,49.69376333955447
40.76,-5359322.947869255,14211790.0,49.69375536941819
40.77,-5359192.887943973,14211150.0,49.69374741061465
40.78,-5359062.818946479,14210500.0,49.6937394630291
40.79,-5358932.738754529,14209850.0,49.69373152654405
40.8,-5358802.645230948,14209200.0,49.693723601041775
40.81,-5358672.536295127,14208560.0,49.69371568640625
40.82,-5358542.409941346,14207910.0,49.693707782524505
40.83,-5358412.264579551,14207260.0,49.69369988932675
40.84,-5358282.098931194,14206620.0,49.69369200673652
40.85,-5358151.911673527,14205970.0,49.69368413464052
40.86,-5358021.701224313,14205320.0,49.69367627289481
40.87,-5357891.465829222,14204680.0,49.69366842137495
40.88,-5357761.204115487,14204030.0,49.69366058000606
40.89,-5357630.91502326,14203380.0,49.69365274871734
40.9,-5357500.597521546,14202730.0,49.69364492740301
40.91,-5357370.25030394,14202090.0,49.693637115933875
40.92,-5357239.872413057,14201440.0,49.693629314238464
40.93,-5357109.463207418,14200790.0,49.69362152224915
40.94,-5356979.02198785,14200140.0,49.69361373986913
40.95,-5356848.548283406,14199500.0,49.69360596701524
40.96,-5356718.04138752,14198850.0,49.693598203576414
40.97,-5356587.500714137,14198200.0,49.69359044946238
40.98,-5356456.925780659,14197550.0,49.6935827045934
40.99,-5356326.316369799,14196900.0,49.69357496890445
41.0,-5356195.672513674,14196250.0,49.693567242336066
41.01,-5356064.993886856,14195600.0,49.69355952476106
41.02,-5355934.280412181,14194950.0,49.693551816116646
41.03,-5355803.532549085,14194300.0,49.693544116381126
41.04,-5355672.750599406,14193660.0,49.693536425456905
41.05,-5355541.934526907,14193000.0,49.693528743225535
41.06,-5355411.084509508,14192360.0,49.6935210696272
41.07,-5355280.200887132,14191710.0,49.69351340460555
41.08,-5355149.28430609,14191060.0,49.69350574811273
41.09,-5355018.33559601,14190410.0,49.6934981001007
41.1,-5354887.355502537,14189760.0,49.69349046048772
41.11,-5354756.345044589,14189110.0,49.69348282924007
41.12,-5354625.305534252,14188460.0,49.693475206318574
41.13,-5354494.238059654,14187810.0,49.693467591645984
41.14,-5354363.143662023,14187160.0,49.693459985150156
41.15,-5354232.023353031,14186510.0,49.693452386761926
41.16,-5354100.878365042,14185860.0,49.69344479645257
41.17,-5353969.710134773,14185210.0,49.69343721418159
41.18,-5353838.519803356,14184560.0,49.69342963986498
41.19,-5353707.308661423,14183910.0,49.69342207345841
41.2,-5353576.078615642,14183260.0,49.69341451498338
41.21,-5353444.8316204315,14182610.0,49.69340696439395
41.22,-5353313.569158838,14181960.0,49.69339942159879
41.23,-5353182.293044309,14181320.0,49.693391886577466
41.24,-5353051.005333579,14180670.0,49.69338435932429
41.25,-5352919.708203043,14180020.0,49.6933768398072
41.26,-5352788.4039852675,14179370.0,49.693369328010434
41.27,-5352657.095259527,14178720.0,49.69336182392595
41.28,-5352525.784513285,14178080.0,49.6933543275134
41.29,-5352394.474212839,14177430.0,49.69334683874399
41.3,-5352263.167214712,14176790.0,49.693339357631785
41.31,-5352131.866625252,14176140.0,49.69333188418279
41.32,-5352000.575354705,14175500.0,49.69332441835801
41.33,-5351869.29615116,14174850.0,49.69331696011967
41.34,-5351738.031903405,14174210.0,49.69330950946433
41.35,-5351606.785838722,14173570.0,49.69330206641286
41.36,-5351475.56125673,14172930.0,49.69329463096302
41.37,-5351344.361028306,14172280.0,49.693287203055405
41.38,-5351213.188164874,14171640.0,49.693279782700316
41.39,-5351082.04632061,14171010.0,49.69327236995044
41.4,-5350950.938866187,14170370.0,49.693264964780305
41.41,-5350819.869118989,14169730.0,49.69325756717809
41.42,-5350688.840628887,14169090.0,49.69325017717245
41.43,-5350557.857161899,14168460.0,49.69324279478443
41.44,-5350426.922486744,14167820.0,49.69323542002553
41.45,-5350296.0403387435,14167190.0,49.69322805289621
41.46,-5350165.214580411,14166560.0,49.69322069342391
41.47,-5350034.449363302,14165930.0,49.69321334165051
41.48,-5349903.748807715,14165300.0,49.69320599758934
41.49,-5349773.1167514315,14164670.0,49.6931986612275
41.5,-5349642.557266432,14164050.0,49.693191332606105
41.51,-5349512.074499298,14163420.0,49.69318401175935
41.52,-5349381.672778943,14162800.0,49.693176698721444
41.53,-5349251.356295436,14162180.0,49.69316939351306
41.54,-5349121.129206022,14161560.0,49.693162096149614
41.55,-5348990.996064284,14160940.0,49.69315480670731
41.56,-5348860.961536498,14160330.0,49.693147525230586
41.57,-5348731.0301157115,14159710.0,49.693140251737624
41.58,-5348601.206245373,14159100.0,49.69313298625775
41.59,-5348471.49467674,14158490.0,49.69312572886397
41.6,-5348341.900309858,14157880.0,49.69311847961671
41.61,-5348212.427800487,14157280.0,49.69311123852884
41.62,-5348083.08175479,14156680.0,49.69310400564676
41.63,-5347953.867015118,14156080.0,49.693096781035344
41.64,-5347824.788285546,14155480.0,49.693089564733164
41.65,-5347695.850327422,14154880.0,49.693082356792594
41.66,-5347567.058263902,14154290.0,49.69307515730807
41.67,-5347438.417457166,14153700.0,49.69306796636294
41.68,-5347309.93333093,14153110.0,49.69306078402976
41.69,-5347181.611281054,14152520.0,49.693053610364444
41.7,-5347053.4564243015,14151940.0,49.693046445407795
41.71,-5346925.474258281,14151360.0,49.69303928925885
41.72,-5346797.670449288,14150780.0,49.69303214201485
41.73,-5346670.050206594,14150210.0,49.693025003693855
41.74,-5346542.618726115,14149640.0,49.69301787436417
41.75,-5346415.38140485,14149070.0,49.693010754118774
41.76,-5346288.343967497,14148510.0,49.69300364307394
41.77,-5346161.512504547,14147950.0,49.69299654134921
41.78,-5346034.892400493,14147390.0,49.69298944895249
41.79,-5345908.48895456,14146830.0,49.69298236595544
41.8,-5345782.308060133,14146280.0,49.69297529250091
41.81,-5345656.3558689505,14145740.0,49.69296822871272
41.82,-5345530.638577937,14145200.0,49.692961174690524
41.83,-5345405.161927854,14144660.0,49.69295413047291
41.84,-5345279.931682764,14144120.0,49.69294709616231
41.85,-5345154.9540059175,14143590.0,49.69294007189599
41.86,-5345030.235014942,14143060.0,49.69293305776325
41.87,-5344905.780888578,14142540.0,49.692926053884875
41.88,-5344781.597848903,14142020.0,49.6929190603578
41.89,-5344657.691785325,14141510.0,49.692912077260175
41.9,-5344534.068502266,14141000.0,49.69290510468216
41.91,-5344410.734094193,14140490.0,49.69289814275952
41.92,-5344287.694714832,14139990.0,49.6928911916119
41.93,-5344164.956541501,14139500.0,49.6928842513493
41.94,-5344042.525792868,14139010.0,49.69287732209754
41.95,-5343920.408621524,14138520.0,49.69287040395544
41.96,-5343798.611381711,14138040.0,49.6928634970696
41.97,-5343677.140594789,14137560.0,49.69285660157528
41.98,-5343556.002789082,14137100.0,49.692849717598506
41.99,-5343435.204660747,14136630.0,49.69284284528462
42.0,-5343314.75278827,14136170.0,49.6928359847514
42.01,-5343194.653434235,14135720.0,49.69282913608855
42.02,-5343074.912596189,14135270.0,49.692822299396546
42.03,-5342955.536756275,14134820.0,49.69281547485357
42.04,-5342836.5325445635,14134390.0,49.69280866261069
42.05,-5342717.9062027475,14133950.0,49.69280186276143
42.06,-5342599.663849309,14133530.0,49.69279507542008
42.07,-5342481.811496153,14133110.0,49.69278830071136
42.08,-5342364.355459292,14132700.0,49.69278153880123
42.09,-5342247.302146116,14132290.0,49.69277478983964
42.1,-5342130.657966291,14131890.0,49.69276805396422
42.11,-5342014.429062882,14131490.0,49.692761331290725
42.12,-5341898.621614344,14131100.0,49.692754621957505
42.13,-5341783.241368969,14130720.0,49.692747926066296
42.14,-5341668.293999302,14130340.0,49.69274124373641
42.15,-5341553.785244539,14129970.0,49.692734575119104
42.16,-5341439.720516885,14129610.0,49.69272792031937
42.17,-5341326.105292634,14129250.0,49.69272127947291
42.18,-5341212.945094551,14128900.0,49.692714652734466
42.19,-5341100.245384577,14128560.0,49.69270804022937
42.2,-5340988.011563123,14128230.0,49.69270144209735
42.21,-5340876.249039976,14127900.0,49.69269485847836
42.22,-5340764.962911859,14127580.0,49.692688289474766
42.23,-5340654.1582283145,14127260.0,49.69268173523025
42.24,-5340543.8400269495,14126950.0,49.69267519587416
42.25,-5340434.013136186,14126650.0,49.69266867152631
42.26,-5340324.682370377,14126360.0,49.69266216232794
42.27,-5340215.852404182,14126080.0,49.69265566839668
42.28,-5340107.527842915,14125800.0,49.692649189866934
42.29,-5339999.713006957,14125520.0,49.69264272683986
42.3,-5339892.411983069,14125260.0,49.69263627943233
42.31,-5339785.629463958,14125010.0,49.692629847839086
42.32,-5339679.370072557,14124760.0,49.69262343219762
42.33,-5339573.638056915,14124520.0,49.69261703260296
42.34,-5339468.437215456,14124280.0,49.692610649146545
42.35,-5339363.771699023,14124060.0,49.692604281995514
42.36,-5339259.645619674,14123840.0,49.692597931285235
42.37,-5339156.0626205,14123630.0,49.692591597099316
42.38,-5339053.026462689,14123430.0,49.69258527958315
42.39,-5338950.541097997,14123230.0,49.692578978891625
42.4,-5338848.60998975,14123050.0,49.692572695105646
42.41,-5338747.236377454,14122870.0,49.69256642833016
42.42,-5338646.424009081,14122700.0,49.69256017875268
42.43,-5338546.176661591,14122540.0,49.69255394651129
42.44,-5338446.4978187755,14122380.0,49.692547731705886
42.45,-5338347.390650935,14122230.0,49.692541534440174
42.46,-5338248.858173468,14122090.0,49.692535354818794
42.47,-5338150.903173979,14121960.0,49.692529192944924
42.48,-5338053.528228326,14121840.0,49.692523048918716
42.49,-5337956.735645204,14121720.0,49.69251692283606
42.5,-5337860.527875844,14121620.0,49.692510814827045
42.51,-5337764.907282374,14121520.0,49.692504725004504
42.52,-5337669.876101298,14121430.0,49.69249865347236
42.53,-5337575.436657371,14121350.0,49.69249260035908
42.54,-5337481.5915433625,14121280.0,49.69248656581409
42.55,-5337388.342995493,14121210.0,49.69248054992011
42.56,-5337295.6929264,14121150.0,49.692474552754796
42.57,-5337203.643065832,14121100.0,49.69246857441758
42.58,-5337112.1949771205,14121060.0,49.69246261499398
42.59,-5337021.350521465,14121030.0,49.69245667462999
42.6,-5336931.111573843,14121000.0,49.692450753439516
42.61,-5336841.479844107,14120990.0,49.69244485151655
42.62,-5336752.457036849,14120980.0,49.692438968971736
42.63,-5336664.044672343,14120980.0,49.69243310589184
42.64,-5336576.243906077,14120990.0,49.69242726234427
42.65,-5336489.055794484,14121000.0,49.69242143842006
42.66,-5336402.481419579,14121030.0,49.69241563422523
42.67,-5336316.521728091,14121060.0,49.69240984984103
42.68,-5336231.1772797825,14121100.0,49.69240408532889
42.69,-5336146.448602588,14121150.0,49.69239834077393
42.7,-5336062.336281995,14121210.0,49.69239261627662
42.71,-5335978.840764651,14121280.0,49.692386911913275
42.72,-5335895.962160404,14121350.0,49.69238122774133
42.73,-5335813.700597865,14121430.0,49.6923755638428
42.74,-5335732.055938192,14121520.0,49.692369920276995
42.75,-5335651.028113315,14121620.0,49.69236429713118
42.76,-5335570.6172161745,14121730.0,49.6923586945057
42.77,-5335490.822964967,14121850.0,49.69235311244237
42.78,-5335411.644682406,14121970.0,49.69234755097376
42.79,-5335333.081615031,14122100.0,49.692342010165355
42.8,-5335255.133219274,14122240.0,49.69233649010615
42.81,-5335177.798930542,14122390.0,49.69233099086828
42.82,-5335101.077697654,14122540.0,49.69232551247218
42.83,-5335024.968516334,14122710.0,49.69232005498058
42.84,-5334949.4705551,14122880.0,49.692314618481134
42.85,-5334874.582762918,14123060.0,49.69230920301307
42.86,-5334800.3039034465,14123250.0,49.6923038086149
42.87,-5334726.632571656,14123440.0,49.69229843532608
42.88,-5334653.5671927,14123650.0,49.69229308318813
42.89,-5334581.106181926,14123860.0,49.69228775224589
42.9,-5334509.247927113,14124080.0,49.69228244254821
42.91,-5334437.990842187,14124310.0,49.6922771541489
42.92,-5334367.333081158,14124540.0,49.692271887067925
42.93,-5334297.272751141,14124790.0,49.69226664134293
42.94,-5334227.807983834,14125040.0,49.69226141702108
42.95,-5334158.936434587,14125300.0,49.69225621408652
42.96,-5334090.6555295335,14125560.0,49.69225103255457
42.97,-5334022.962768412,14125840.0,49.69224587246095
42.98,-5333955.85556428,14126120.0,49.69224073382648
42.99,-5333889.331153554,14126410.0,49.69223561665938
43.0,-5333823.386576964,14126710.0,49.692230520963435
43.01,-5333758.019036393,14127010.0,49.69222544677751
43.02,-5333693.225806909,14127320.0,49.69222039413118
43.03,-5333629.0038616,14127640.0,49.692215363013
43.04,-5333565.350030594,14127970.0,49.69221035342118
43.05,-5333502.26105392,14128300.0,49.69220536536113
43.06,-5333377.644203889,14128640.0,49.69219544019381
43.07,-5333315.815448086,14129060.0,49.69219048185947
43.08,-5333254.145552016,14129410.0,49.69218553016719
43.09,-5333192.569161807,14129770.0,49.692180587949345
43.1,-5333131.049355526,14130140.0,49.69217565754737
43.11,-5333069.571731185,14130520.0,49.69217074096443
43.12,-5333008.139036875,14130910.0,49.69216583987011
43.13,-5332946.767547437,14131300.0,49.6921609557256
43.14,-5332885.484360272,14131700.0,49.692156089864135
43.15,-5332824.324991149,14132110.0,49.69215124348805
43.16,-5332763.331165123,14132530.0,49.69214641765466
43.17,-5332702.549019157,14132950.0,49.6921416133115
43.18,-5332642.027612392,14133380.0,49.692136831309924
43.19,-5332581.817925697,14133820.0,49.692132072426645
43.2,-5332521.971781515,14134260.0,49.69212733736701
43.21,-5332462.540826637,14134710.0,49.69212262673973
43.22,-5332403.57566805,14135170.0,49.692117941066414
43.23,-5332345.125109381,14135630.0,49.69211328079462
43.24,-5332287.2360080825,14136100.0,49.69210864634122
43.25,-5332229.9527735,14136580.0,49.69210403805045
43.26,-5332173.316520905,14137060.0,49.69209945616437
43.27,-5332117.364559192,14137540.0,49.69209490083588
43.28,-5332062.130071702,14138040.0,49.69209037213953
43.29,-5332007.641508281,14138540.0,49.69208587004121
43.3,-5331953.9221518515,14139040.0,49.69208139441755
43.31,-5331900.990398081,14139550.0,49.69207694510516
43.32,-5331848.859822739,14140070.0,49.69207252190411
43.33,-5331797.538766463,14140590.0,49.692068124503024
43.34,-5331747.030041865,14141120.0,49.69206375250638
43.35,-5331697.332053208,14141650.0,49.69205940556265
43.36,-5331648.438707729,14142190.0,49.692055083272734
43.37,-5331600.339165388,14142730.0,49.69205078513191
43.38,-5331553.01783759,14143280.0,49.69204651059073
43.39,-5331506.454762204,14143840.0,49.69204225906835
43.4,-5331460.625963953,14144390.0,49.692038029964216
43.41,-5331415.503782123,14144960.0,49.69203382266837
43.42,-5331371.057469678,14145520.0,49.692029636570936
43.43,-5331327.25363623,14146100.0,49.692025471070416
43.44,-5331284.056694668,14146680.0,49.69202132558127
43.45,-5331241.429186176,14147260.0,49.69201719950155
43.46,-5331199.3323407,14147840.0,49.69201309226973
43.47,-5331157.726677786,14148440.0,49.692009003361655
43.48,-5331116.5719497325,14149030.0,49.692004932222304
43.49,-5331075.82717386,14149630.0,49.69200087828528
43.5,-5331035.451578229,14150240.0,49.69199684106701
43.51,-5330995.405716064,14150850.0,49.691992820195566
43.52,-5330955.651568357,14151460.0,49.6919888153249
43.53,-5330916.152181627,14152080.0,49.69198482606727
43.54,-5330876.872144271,14152710.0,49.69198085209767
43.55,-5330837.778442626,14153340.0,49.691976893183984
43.56,-5330798.84024937,14153970.0,49.691972949108155
43.57,-5330760.029103996,14154600.0,49.691969019676606
43.58,-5330721.319309444,14155240.0,49.69196510476725
43.59,-5330682.688295892,14155890.0,49.69196120432388
43.6,-5330644.116199407,14156540.0,49.69195731827898
43.61,-5330605.586063737,14157190.0,49.69195344661057
43.62,-5330567.083900289,14157850.0,49.691949589337895
43.63,-5330528.598819993,14158510.0,49.69194574652994
43.64,-5330490.123148136,14159170.0,49.69194191829923
43.65,-5330451.652521984,14159840.0,49.691938104808706
43.66,-5330413.185523438,14160510.0,49.691934306224816
43.67,-5330374.723272738,14161190.0,49.69193052269566
43.68,-5330336.269645469,14161860.0,49.69192675443529
43.69,-5330297.831186725,14162550.0,49.6919230016779
43.7,-5330259.416648401,14163230.0,49.69191926464395
43.71,-5330221.037095638,14163920.0,49.69191554358841
43.72,-5330182.705405177,14164610.0,49.69191183875626
43.73,-5330144.435813308,14165310.0,49.69190815035614
43.74,-5330106.244122644,14166000.0,49.691904478647366
43.75,-5330068.1475523375,14166700.0,49.691900823889966
43.76,-5330030.164157277,14167410.0,49.691897186313874
43.77,-5329992.312564909,14168110.0,49.69189356612416
43.78,-5329954.611727826,14168820.0,49.69188996351076
43.79,-5329917.080602738,14169530.0,49.691886378649514
43.8,-5329879.737791087,14170240.0,49.691882811669444
43.81,-5329842.601534919,14170960.0,49.69187926270217
43.82,-5329805.6893009385,14171670.0,49.691875731838856
43.83,-5329769.017235944,14172390.0,49.69187221910553
43.84,-5329732.600549106,14173110.0,49.691868724552144
43.85,-5329696.452930448,14173830.0,49.691865248165556
43.86,-5329660.586734745,14174560.0,49.69186178993132
43.87,-5329625.012576086,14175280.0,49.69185834978232
43.88,-5329589.738901403,14176010.0,49.69185492758656
43.89,-5329554.772438114,14176740.0,49.69185152322769
43.9,-5329520.117696459,14177470.0,49.691848136530446
43.91,-5329485.77693355,14178200.0,49.69184476727467
43.92,-5329451.750009836,14178930.0,49.69184141520687
43.93,-5329418.034459449,14179660.0,49.69183808004997
43.94,-5329384.62597309,14180390.0,49.691834761550574
43.95,-5329351.518079135,14181130.0,49.69183145939592
43.96,-5329318.701750706,14181860.0,49.69182817320081
43.97,-5329286.166191534,14182600.0,49.69182490263926
43.98,-5329253.89918057,14183330.0,49.69182164739481
43.99,-5329221.886756924,14184070.0,49.69181840709169
44.0,-5329190.113367955,14184800.0,49.69181518135288
44.01,-5329158.562108146,14185540.0,49.69181196980367
44.02,-5329127.214709301,14186280.0,49.69180877204197
44.03,-5329096.052282777,14187020.0,49.69180558772969
44.04,-5329065.055172405,14187760.0,49.69180241650174
44.05,-5329034.202734645,14188490.0,49.69179925795261
44.06,-5329003.473922795,14189230.0,49.69179611172198
44.07,-5328972.847732642,14189970.0,49.6917929774961
44.08,-5328942.303007066,14190710.0,49.69178985492425
44.09,-5328911.818346511,14191440.0,49.69178674364421
44.1,-5328881.372770779,14192180.0,49.69178364336196
44.11,-5328850.945992171,14192920.0,49.69178055380923
44.12,-5328820.517956614,14193660.0,49.69177747466778
44.13,-5328790.068900359,14194390.0,49.69177440563378
44.14,-5328759.580302401,14195130.0,49.691771346492054
44.15,-5328729.034286622,14195870.0,49.6917682969908
44.16,-5328698.413986016,14196600.0,49.69176525690299
44.17,-5328667.704178342,14197340.0,49.69176222609809
44.18,-5328636.890601727,14198070.0,49.69175920437565
44.19,-5328605.959891432,14198800.0,49.69175619153653
44.2,-5328574.900142739,14199540.0,49.691753187456314
44.21,-5328543.700708307,14200270.0,49.69175019200459
44.22,-5328512.352137066,14201000.0,49.69174720505359
44.23,-5328480.84652437,14201730.0,49.69174422652383
44.24,-5328449.17725606,14202460.0,49.69174125633835
44.25,-5328417.339144322,14203190.0,49.6917382944349
44.26,-5328385.32829595,14203920.0,49.69173534076281
44.27,-5328353.141818324,14204640.0,49.691732395253446
44.28,-5328320.778024333,14205370.0,49.691729457865755
44.29,-5328288.236083778,14206090.0,49.691726528546475
44.3,-5328255.51637026,14206810.0,49.69172360727986
44.31,-5328222.620094549,14207530.0,49.691720694038814
44.32,-5328189.54898866,14208250.0,49.69171778876159
44.33,-5328156.305667817,14208970.0,49.69171489143513
44.34,-5328122.89383409,14209690.0,49.69171200208806
44.35,-5328089.318105581,14210400.0,49.69170912074545
44.36,-5328055.583647226,14211120.0,49.691706247396084
44.37,-5328021.695798609,14211830.0,49.691703382002366
44.38,-5327987.659859955,14212540.0,49.69170052450796
44.39,-5327953.481359854,14213240.0,49.69169767488269
44.4,-5327919.166146073,14213950.0,49.69169483311527
44.41,-5327884.720083146,14214650.0,49.69169199917429
44.42,-5327850.148711746,14215360.0,49.69168917297441
44.43,-5327815.457084396,14216060.0,49.6916863544311
44.44,-5327780.650226627,14216750.0,49.6916835434942
44.45,-5327745.732330497,14217450.0,49.69168074002702
44.46,-5327710.706944456,14218140.0,49.6916779439102
44.47,-5327675.577075238,14218830.0,49.691675155026374
44.48,-5327640.344986206,14219520.0,49.69167237323405
44.49,-5327605.01276408,14220210.0,49.69166959844252
44.5,-5327569.581994935,14220890.0,49.69166683052697
44.51,-5327534.053258573,14221570.0,49.691664069300636
44.52,-5327498.426138191,14222250.0,49.691661314568606
44.53,-5327462.699642011,14222930.0,49.69165856616697
44.54,-5327426.872126976,14223600.0,49.69165582391858
44.55,-5327390.940971184,14224270.0,49.69165308760146
44.56,-5327354.902673503,14224940.0,49.691650356999354
44.57,-5327318.753437509,14225610.0,49.691647631938466
44.58,-5327282.489097569,14226270.0,49.6916449122412
44.59,-5327246.10518764,14226940.0,49.69164219773209
44.6,-5327209.596652493,14227590.0,49.6916394881971
44.61,-5327172.957395531,14228250.0,49.691636783361304
44.62,-5327136.1809511,14228900.0,49.691634083018435
44.63,-5327099.261036863,14229550.0,49.69163138701249
44.64,-5327062.191286925,14230200.0,49.69162869515719
44.65,-5327024.964982824,14230850.0,49.6916260072448
44.66,-5326987.57510468,14231490.0,49.69162332305317
44.67,-5326950.014203731,14232130.0,49.69162064235136
44.68,-5326912.2747931285,14232760.0,49.69161796494339
44.69,-5326874.34999255,14233400.0,49.69161529069928
44.7,-5326836.23319309,14234030.0,49.69161261946534
44.71,-5326797.91766577,14234660.0,49.691609951038885
44.72,-5326759.396865211,14235280.0,49.69160728525659
44.73,-5326720.664771556,14235910.0,49.69160462198574
44.74,-5326681.715357692,14236530.0,49.691601961045315
44.75,-5326642.542696844,14237140.0,49.69159930226138
44.76,-5326603.141267952,14237760.0,49.69159664550144
44.77,-5326563.506335104,14238370.0,49.69159399067158
44.78,-5326523.633739071,14238980.0,49.69159133766885
44.79,-5326483.51983036,14239580.0,49.69158868639221
44.8,-5326443.161509159,14240180.0,49.69158603673879
44.81,-5326402.556104397,14240780.0,49.69158338861331
44.82,-5326361.701412962,14241380.0,49.691580741923005
44.83,-5326320.595757123,14241980.0,49.69157809658608
44.84,-5326279.23791702,14242560.0,49.69157545252577
44.85,-5326237.627581859,14243150.0,49.691572809717094
44.86,-5326195.764837761,14243740.0,49.69157016809071
44.87,-5326153.649973774,14244320.0,49.691567527560146
44.88,-5326111.283841412,14244900.0,49.69156488809034
44.89,-5326068.668020069,14245470.0,49.691562249658965
44.9,-5326025.804321203,14246040.0,49.691559612210185
44.91,-5325982.694664559,14246610.0,49.69155697567283
44.92,-5325939.341562189,14247180.0,49.69155434003423
44.93,-5325895.748140765,14247740.0,49.691551705293094
44.94,-5325851.917447805,14248300.0,49.69154907138006
44.95,-5325807.852432773,14248860.0,49.691546438218765
44.96,-5325763.556447298,14249410.0,49.69154380579731
44.97,-5325719.032979434,14249960.0,49.69154117408029
44.98,-5325674.285564843,14250500.0,49.69153854301779
44.99,-5325629.317912131,14251050.0,49.69153591258518
45.0,-5325584.134136618,14251590.0,49.69153328277835
45.01,-5325538.738029052,14252120.0,49.69153065353177
45.02,-5325493.132819843,14252650.0,49.69152802473834
45.03,-5325447.321568162,14253180.0,49.69152539633106
45.04,-5325401.307375101,14253710.0,49.69152276827508
45.05,-5325355.09332996,14254230.0,49.691520140522364
45.06,-5325308.682026359,14254750.0,49.69151751297913
45.07,-5325262.075701231,14255260.0,49.6915148855555
45.08,-5325215.276589801,14255780.0,49.69151225820141
45.09,-5325168.286817869,14256280.0,49.69150963085984
45.1,-5325121.108114188,14256790.0,49.69150700343309
45.11,-5325073.741466837,14257290.0,49.691504375792356
45.12,-5325026.18747523,14257780.0,49.69150174782454
45.13,-5324978.446669147,14258280.0,49.69149911946593
45.14,-5324930.519651273,14258770.0,49.69149649065353
45.15,-5324882.406309768,14259250.0,49.69149386125085
45.16,-5324834.10656448,14259740.0,49.6914912311851
45.17,-5324785.620259659,14260220.0,49.69148860038306
45.18,-5324736.946733507,14260690.0,49.691485968709664
45.19,-5324688.084921489,14261160.0,49.69148333605106
45.2,-5324639.033693273,14261630.0,49.691480702314344
45.21,-5324589.791941689,14262090.0,49.69147806742108
45.22,-5324540.358332198,14262550.0,49.6914754312691
45.23,-5324490.731623341,14263010.0,49.691472793777685
45.24,-5324440.910667447,14263460.0,49.69147015488089
45.25,-5324390.894232294,14263910.0,49.69146751448914
45.26,-5324340.680892958,14264360.0,49.69146487249522
45.27,-5324290.269263029,14264800.0,49.69146222881798
45.28,-5324239.658066516,14265240.0,49.69145958339449
45.29,-5324188.846084978,14265670.0,49.69145693614085
45.3,-5324137.831907278,14266100.0,49.69145428695755
45.31,-5324086.614196601,14266530.0,49.691451635772474
45.32,-5324035.191923797,14266950.0,49.691448982532826
45.33,-5323983.564423513,14267370.0,49.69144632720463
45.34,-5323931.731128452,14267790.0,49.691443669727136
45.35,-5323879.691462649,14268200.0,49.691441010025336
45.36,-5323827.445056194,14268610.0,49.69143834804638
45.37,-5323774.991764707,14269010.0,49.69143568375857
45.38,-5323722.331635223,14269410.0,49.691433017105005
45.39,-5323669.464549509,14269810.0,49.6914303480156
45.4,-5323616.390974676,14270200.0,49.69142767648226
45.41,-5323563.11146637,14270590.0,49.69142500246771
45.42,-5323509.626651428,14270980.0,49.691422325918126
45.43,-5323455.936941826,14271360.0,49.69141964676063
45.44,-5323402.042890932,14271740.0,49.691416964952815
45.45,-5323347.945588436,14272110.0,49.69141428050596
45.46,-5323293.646377975,14272480.0,49.691411593401426
45.47,-5323239.1466083005,14272850.0,49.691408903596844
45.48,-5323184.448116591,14273220.0,49.691406211108884
45.49,-5323129.5531784315,14273580.0,49.69140351595483
45.5,-5323074.463866475,14273930.0,49.691400818083004
45.51,-5323019.18256786,14274290.0,49.691398117500704
45.52,-5322963.712290884,14274640.0,49.691395414254536
45.53,-5322908.055881838,14274980.0,49.69139270830991
45.54,-5322852.216112976,14275320.0,49.69138999964838
45.55,-5322796.196129302,14275660.0,49.69138728829266
45.56,-5322739.998985724,14276000.0,49.691384574224564
45.57,-5322683.627717679,14276330.0,49.691381857431224
45.58,-5322627.085286994,14276660.0,49.6913791378993
45.59,-5322570.374616844,14276980.0,49.691376415616595
45.6,-5322513.498931385,14277300.0,49.691373690606035
45.61,-5322456.461489309,14277620.0,49.691370962877244
45.62,-5322399.2656196505,14277940.0,49.69136823243069
45.63,-5322341.914507205,14278250.0,49.69136549925462
45.64,-5322284.410761368,14278560.0,49.6913627632898
45.65,-5322226.756930574,14278860.0,49.691360024515944
45.66,-5322168.9555552965,14279160.0,49.691357282935336
45.67,-5322111.009078241,14279460.0,49.6913545385332
45.68,-5322052.92005821,14279760.0,49.69135179131527
45.69,-5321994.690884337,14280050.0,49.691349041262455
45.7,-5321936.32359545,14280330.0,49.69134628833719
45.71,-5321877.820503799,14280620.0,49.69134353256043
45.72,-5321819.183767302,14280900.0,49.6913407739159
45.73,-5321760.415585089,14281180.0,49.69133801240424
45.74,-5321701.518484131,14281460.0,49.691335248063936
45.75,-5321642.49460544,14281730.0,49.69133248085312
45.76,-5321583.3457903145,14282000.0,49.69132971074266
45.77,-5321524.074061243,14282270.0,49.691326937744
45.78,-5321464.681086011,14282530.0,49.691324161823275
45.79,-5321405.16833587,14282790.0,49.69132138295075
45.8,-5321345.537334506,14283050.0,49.69131860113047
45.81,-5321285.789586709,14283300.0,49.691315816354724
45.82,-5321225.926810853,14283560.0,49.69131302864307
45.83,-5321165.95063607,14283800.0,49.69131023799188
45.84,-5321105.8626013985,14284050.0,49.69130744438288
45.85,-5321045.664584658,14284300.0,49.69130464785566
45.86,-5320985.358428997,14284540.0,49.69130184841446
45.87,-5320924.946139427,14284780.0,49.6912990460783
45.88,-5320864.429848142,14285010.0,49.69129624086575
45.89,-5320803.811403548,14285250.0,49.6912934327625
45.9,-5320743.092582716,14285480.0,49.69129062175842
45.91,-5320682.275019037,14285710.0,49.691287807847104
45.92,-5320621.360559071,14285940.0,49.691284991058176
45.93,-5320560.351461068,14286160.0,49.69128217144673
45.94,-5320499.250147405,14286380.0,49.69127934904595
45.95,-5320438.059062495,14286600.0,49.69127652387186
45.96,-5320376.780404187,14286820.0,49.69127369592105
45.97,-5320315.416121644,14287030.0,49.691270865174985
45.98,-5320253.968360843,14287250.0,49.69126803167538
45.99,-5320192.43955554,14287460.0,49.69126519546615
46.0,-5320130.832375666,14287670.0,49.69126235659613
46.01,-5320069.14960371,14287880.0,49.691259515108634
46.02,-5320007.394207038,14288080.0,49.69125667104572
46.03,-5319945.569500333,14288290.0,49.69125382447807
46.04,-5319883.678610977,14288490.0,49.691250975420566
46.05,-5319821.724441538,14288690.0,49.69124812388308
46.06,-5319759.709918456,14288880.0,49.69124526990111
46.07,-5319697.638206917,14289080.0,49.69124241352991
46.08,-5319635.512640927,14289280.0,49.691239554833814
46.09,-5319573.33688561,14289470.0,49.6912366938837
46.1,-5319511.115082859,14289660.0,49.69123383078789
46.11,-5319448.851478879,14289850.0,49.691230965602244
46.12,-5319386.549941299,14290040.0,49.69122809834385
46.13,-5319324.214367724,14290230.0,49.69122522906731
46.14,-5319261.848882716,14290420.0,49.69122235785293
46.15,-5319199.457660288,14290600.0,49.69121948475825
46.16,-5319137.044977764,14290790.0,49.691216609861065
46.17,-5319074.615001482,14290970.0,49.691213733205814
46.18,-5319012.1715528825,14291150.0,49.691210854816084
46.19,-5318949.718571074,14291330.0,49.69120797476386
46.2,-5318887.260077728,14291510.0,49.691205093119265
46.21,-5318824.800481905,14291690.0,49.691202209985946
46.22,-5318762.343938287,14291870.0,49.6911993254086
46.23,-5318699.894416538,14292050.0,49.69119643942992
46.24,-5318637.455842832,14292220.0,49.69119355211368
46.25,-5318575.032367874,14292400.0,49.69119066354548
46.26,-5318512.628243125,14292580.0,49.691187773814676
46.27,-5318450.247320014,14292750.0,49.69118488294085
46.28,-5318387.89345835,14292920.0,49.69118199099859
46.29,-5318325.570526183,14293100.0,49.69117909805659
46.3,-5318263.282041554,14293270.0,49.69117620414512
46.31,-5318201.031885734,14293440.0,49.69117330937116
46.32,-5318138.824323824,14293620.0,49.69117041385575
46.33,-5318076.663470434,14293790.0,49.691167517655
46.34,-5318014.553073395,14293960.0,49.691164620808934
46.35,-5317952.496779212,14294130.0,49.691161723376695
46.36,-5317890.498525996,14294310.0,49.6911588254676
46.37,-5317828.562491882,14294480.0,49.691155927184
46.38,-5317766.692290973,14294650.0,49.69115302854675
46.39,-5317704.891129806,14294820.0,49.69115012958666
46.4,-5317643.1625559805,14295000.0,49.691147230410124
46.41,-5317581.510514428,14295170.0,49.69114433113991
46.42,-5317519.938687893,14295340.0,49.69114143183238
46.43,-5317458.450458842,14295510.0,49.69113853252976
46.44,-5317397.0493903635,14295690.0,49.691135633330966
46.45,-5317335.739209538,14295860.0,49.69113273433629
46.46,-5317274.523486274,14296040.0,49.6911298356071
46.47,-5317213.4055960765,14296210.0,49.691126937209106
46.48,-5317152.389165982,14296390.0,49.69112403924328
46.49,-5317091.478112217,14296560.0,49.69112114183428
46.5,-5317030.6764990855,14296740.0,49.69111824508216
46.51,-5316969.987913267,14296920.0,49.69111534902759
46.52,-5316909.415817944,14297100.0,49.691112453738675
46.53,-5316848.963963507,14297280.0,49.69110955933381
46.54,-5316788.635959936,14297460.0,49.69110666589203
46.55,-5316728.435114383,14297640.0,49.69110377346043
46.56,-5316668.364768814,14297820.0,49.69110088213207
46.57,-5316608.428586646,14298000.0,49.69109799202897
46.58,-5316548.630340291,14298190.0,49.691095103256096
46.59,-5316488.973410513,14298370.0,49.69109221586179
46.6,-5316429.461105456,14298560.0,49.691089329927216
46.61,-5316370.097143389,14298750.0,49.69108644558506
46.62,-5316310.885226101,14298940.0,49.691083562932626
46.63,-5316251.829181851,14299130.0,49.691080682074386
46.64,-5316192.93284089,14299330.0,49.691077803113345
46.65,-5316134.199748829,14299520.0,49.69107492611132
46.66,-5316075.633504424,14299720.0,49.69107205117191
46.67,-5316017.237956827,14299920.0,49.691069178421294
46.68,-5315959.017046281,14300120.0,49.69106630796659
46.69,-5315900.974536104,14300320.0,49.69106343989269
46.7,-5315843.114243903,14300520.0,49.691060574305276
46.71,-5315785.440041848,14300720.0,49.69105771131603
46.72,-5315727.955964404,14300930.0,49.69105485104372
46.73,-5315670.6657618135,14301140.0,49.69105199356335
46.74,-5315613.572682819,14301350.0,49.69104913892098
46.75,-5315556.680204678,14301570.0,49.69104628724387
46.76,-5315499.991909518,14301780.0,49.69104343864129
46.77,-5315443.511305999,14302000.0,49.69104059321061
46.78,-5315387.2420255635,14302220.0,49.691037751068976
46.79,-5315331.187966534,14302440.0,49.69103491234829
46.8,-5315275.353242383,14302670.0,49.691032077185184
46.81,-5315219.741860999,14302890.0,49.691029245680234
46.82,-5315164.357455102,14303120.0,49.6910264179019
46.83,-5315109.203762573,14303360.0,49.69102359396776
46.84,-5315054.284466013,14303590.0,49.69102077398506
46.85,-5314999.602869874,14303830.0,49.691017958019536
46.86,-5314945.161933137,14304070.0,49.69101514613347
46.87,-5314890.964857368,14304310.0,49.691012338464034
46.88,-5314837.0152676115,14304560.0,49.69100953515533
46.89,-5314783.316463631,14304800.0,49.69100673628756
46.9,-5314729.871685783,14305050.0,49.69100394195898
46.91,-5314676.6838637795,14305310.0,49.69100115223946
46.92,-5314623.755721554,14305560.0,49.69099836721519
46.93,-5314571.090276927,14305820.0,49.69099558701448
46.94,-5314518.690682717,14306090.0,49.69099281175937
46.95,-5314466.559780099,14306350.0,49.69099004152439
46.96,-5314414.700167673,14306620.0,49.69098727638533
46.97,-5314363.114521766,14306890.0,49.69098451644844
46.98,-5314311.805740259,14307170.0,49.69098176184356
46.99,-5314260.776675694,14307450.0,49.69097901267351
47.0,-5314210.03004533,14307730.0,49.69097626902261
47.01,-5314159.56884183,14308020.0,49.6909735310291
47.02,-5314109.395977282,14308300.0,49.6909707987921
47.03,-5314059.514407829,14308600.0,49.690968072421875
47.04,-5314009.926757932,14308890.0,49.69096535198568
47.05,-5313960.635407197,14309190.0,49.69096263756516
47.06,-5313911.642900221,14309490.0,49.69095992927345
47.07,-5313862.951428602,14309800.0,49.690957227179645
47.08,-5313814.563580137,14310110.0,49.69095453142576
47.09,-5313766.482091266,14310420.0,49.690951842126786
47.1,-5313718.709561725,14310740.0,49.69094915938251
47.11,-5313671.248381779,14311060.0,49.69094648326824
47.12,-5313624.100945388,14311390.0,49.69094381388525
47.13,-5313577.269650209,14311710.0,49.69094115133966
47.14,-5313530.756700628,14312050.0,49.69093849571173
47.15,-5313484.564213636,14312380.0,49.690935847087985
47.16,-5313438.69421812,14312720.0,49.69093320556307
47.17,-5313393.149083878,14313070.0,49.690930571267806
47.18,-5313347.931291558,14313420.0,49.69092794432251
47.19,-5313303.043057486,14313770.0,49.69092532479723
47.2,-5313258.486313627,14314130.0,49.69092271276165
47.21,-5313214.263332013,14314490.0,49.69092010835421
47.22,-5313170.376494667,14314850.0,49.69091751168652
47.23,-5313126.828133305,14315220.0,49.69091492285239
47.24,-5313083.6202424215,14315600.0,49.690912341922754
47.25,-5313040.754476587,14315980.0,49.690909768954164
47.26,-5312998.23234471,14316360.0,49.69090720402215
47.27,-5312956.055298427,14316740.0,49.69090464721795
47.28,-5312914.224892835,14317140.0,49.690902098639604
47.29,-5312872.742787333,14317530.0,49.690899558391486
47.3,-5312831.610692767,14317930.0,49.69089702657755
47.31,-5312790.830103266,14318340.0,49.690894503263586
47.32,-5312750.40233035,14318740.0,49.69089198852244
47.33,-5312710.3289133385,14319160.0,49.69088948246666
47.34,-5312670.611460049,14319580.0,49.690886985199306
47.35,-5312631.250984849,14320000.0,49.6908844967396
47.36,-5312592.248315807,14320420.0,49.69088201715955
47.37,-5312553.604487191,14320860.0,49.690879546559074
47.38,-5312515.3202756215,14321290.0,49.69087708499345
47.39,-5312477.396538297,14321730.0,49.69087463255356
47.4,-5312439.834070458,14322180.0,49.6908721893186
47.41,-5312402.633300563,14322630.0,49.69086975532198
47.42,-5312365.794287443,14323080.0,49.690867330599595
47.43,-5312329.317111391,14323540.0,49.69086491522507
47.44,-5312293.202160928,14324000.0,49.69086250930134
47.45,-5312257.449902602,14324470.0,49.69086011291534
47.46,-5312222.060523565,14324940.0,49.69085772610558
47.47,-5312187.033893649,14325420.0,49.69085534891154
47.48,-5312152.370046389,14325900.0,49.69085298140989
47.49,-5312118.068947682,14326390.0,49.690850623667856
47.5,-5312084.130226764,14326880.0,49.69084827571004
47.51,-5312050.55326319,14327370.0,49.690845937567104
47.52,-5312017.337167076,14327870.0,49.69084360927244
47.53,-5311984.481314282,14328380.0,49.690841290904615
47.54,-5311951.985187533,14328890.0,49.69083898253361
47.55,-5311919.84776862,14329400.0,49.69083668415525
47.56,-5311888.0676420005,14329920.0,49.69083439578327
47.57,-5311856.643672228,14330440.0,49.69083211748308
47.58,-5311825.5745229125,14330960.0,49.690829849284306
47.59,-5311794.858565774,14331490.0,49.69082759119646
47.6,-5311764.494093381,14332030.0,49.69082534324797
47.61,-5311734.479820074,14332570.0,49.69082310552633
47.62,-5311704.814599038,14333110.0,49.6908208780833
47.63,-5311675.496528294,14333650.0,49.6908186608793
47.64,-5311646.523786435,14334210.0,49.69081645395502
47.65,-5311617.894490238,14334760.0,49.69081425733271
47.66,-5311589.606354174,14335320.0,49.690812070996174
47.67,-5311561.656705321,14335880.0,49.69080989493148
47.68,-5311534.042749114,14336450.0,49.690807729135656
47.69,-5311506.761890938,14337020.0,49.690805573650174
47.7,-5311479.811415664,14337590.0,49.69080342847976
47.71,-5311453.188737629,14338170.0,49.690801293645464
47.72,-5311426.891330284,14338750.0,49.69079916917834
47.73,-5311400.91635089,14339340.0,49.69079705504893
47.74,-5311375.260888922,14339930.0,49.6907949512617
47.75,-5311349.9222343685,14340520.0,49.690792857845146
47.76,-5311324.897414038,14341120.0,49.690790774778534
47.77,-5311300.183297134,14341720.0,49.69078870204521
47.78,-5311275.776594271,14342320.0,49.690786639632414
47.79,-5311251.673731133,14342930.0,49.690784587498534
47.8,-5311227.870971832,14343540.0,49.690782545622326
47.81,-5311204.364632771,14344150.0,49.69078051399951
47.82,-5311181.151316132,14344770.0,49.69077849264643
47.83,-5311158.227643857,14345390.0,49.690776481557705
47.84,-5311135.58984623,14346010.0,49.69077448068241
47.85,-5311113.233956006,14346630.0,49.69077248997399
47.86,-5311091.15614734,14347260.0,49.690770509432845
47.87,-5311069.352773016,14347890.0,49.69076853905858
47.88,-5311047.820115475,14348530.0,49.69076657882199
47.89,-5311026.553813547,14349160.0,49.69076462863373
47.9,-5311005.549090395,14349800.0,49.69076268840707
47.91,-5310984.801341418,14350440.0,49.690760758130864
47.92,-5310964.306100145,14351090.0,49.69075883778339
47.93,-5310944.059075465,14351730.0,49.690756927342576
47.94,-5310924.056045905,14352380.0,49.69075502678788
47.95,-5310904.29273513,14353030.0,49.690753136069034
47.96,-5310884.764543231,14353690.0,49.690751255117476
47.97,-5310865.46663397,14354340.0,49.690749383855405
47.98,-5310846.394165991,14355000.0,49.69074752224189
47.99,-5310827.5424005445,14355660.0,49.69074567022818
48.0,-5310808.9062370695,14356320.0,49.690743827731914
48.01,-5310790.480515038,14356980.0,49.69074199468549
48.02,-5310772.260157051,14357650.0,49.69074017103836
48.03,-5310754.239937067,14358310.0,49.69073835671983
48.04,-5310736.4145511715,14358980.0,49.69073655165209
48.05,-5310718.778850059,14359650.0,49.69073475579295
48.06,-5310701.327536207,14360320.0,49.69073296905612
48.07,-5310684.055270456,14361000.0,49.6907311913712
48.08,-5310666.956779442,14361670.0,49.690729422676746
48.09,-5310650.026426713,14362340.0,49.6907276628555
48.1,-5310633.258514569,14363020.0,49.69072591182675
48.11,-5310616.6476241285,14363700.0,49.690724169541305
48.12,-5310600.187812126,14364370.0,49.690722435866775
48.13,-5310583.873018913,14365050.0,49.69072071069529
48.14,-5310567.6974080885,14365730.0,49.69071899397073
48.15,-5310551.654903093,14366410.0,49.69071728557605
48.16,-5310535.739543752,14367090.0,49.69071558543003
48.17,-5310519.945362215,14367770.0,49.69071389344052
48.18,-5310504.266472775,14368450.0,49.69071220952188
48.19,-5310488.697413063,14369130.0,49.690710533629236
48.2,-5310473.232503141,14369810.0,49.69070886564502
48.21,-5310457.865808274,14370500.0,49.69070720544247
48.22,-5310442.591047687,14371180.0,49.69070555288743
48.23,-5310427.40177122,14371860.0,49.69070390785216
48.24,-5310412.292128261,14372540.0,49.69070227029162
48.25,-5310397.256335704,14373220.0,49.690700640115
48.26,-5310382.288249059,14373900.0,49.69069901717184
48.27,-5310367.3815926695,14374580.0,49.690697401342454
48.28,-5310352.530370834,14375270.0,49.69069579253738
48.29,-5310337.728297383,14375940.0,49.69069419061918
48.3,-5310322.968739967,14376620.0,49.690692595424984
48.31,-5310308.2451652875,14377300.0,49.690691006849555
48.32,-5310293.551355101,14377980.0,49.69068942480031
48.33,-5310278.880836079,14378660.0,49.69068784912586
48.34,-5310264.226842292,14379330.0,49.69068627967674
48.35,-5310249.582922011,14380010.0,49.69068471634386
48.36,-5310234.942349666,14380680.0,49.69068315898127
48.37,-5310220.298535824,14381350.0,49.6906816074622
48.38,-5310205.645422542,14382030.0,49.6906800617137
48.39,-5310190.976843301,14382700.0,49.69067852159757
48.4,-5310176.286200145,14383360.0,49.690676986936616
48.41,-5310161.567033531,14384030.0,49.69067545760059
48.42,-5310146.81293422,14384700.0,49.690673933463444
48.43,-5310132.017382841,14385360.0,49.69067241437254
48.44,-5310117.173964187,14386020.0,49.690670900199386
48.45,-5310102.276601127,14386680.0,49.690669390837215
48.46,-5310087.319342727,14387340.0,49.690667886166565
48.47,-5310072.296061121,14387990.0,49.69066638602492
48.48,-5310057.200575726,14388650.0,49.69066489026389
48.49,-5310042.026724715,14389300.0,49.6906633987458
48.5,-5310026.768275917,14389950.0,49.69066191131461
48.51,-5310011.418801195,14390590.0,49.69066042780266
48.52,-5309995.9721049,14391240.0,49.690658948080866
48.53,-5309980.422046947,14391880.0,49.69065747201121
48.54,-5309964.76232866,14392520.0,49.69065599942489
48.55,-5309948.986652926,14393150.0,49.690654530167265
48.56,-5309933.088885628,14393790.0,49.6906530641037
48.57,-5309917.063254176,14394420.0,49.69065160111784
48.58,-5309900.903741833,14395050.0,49.69065014103865
48.59,-5309884.6042829845,14395670.0,49.69064868369975
48.6,-5309868.158727169,14396290.0,49.690647228937735
48.61,-5309851.56135793,14396910.0,49.690645776642256
48.62,-5309834.806484672,14397530.0,49.69064432666307
48.63,-5309817.888353564,14398140.0,49.690642878839505
48.64,-5309800.801397925,14398750.0,49.69064143303149
48.65,-5309783.540114608,14399350.0,49.69063998909399
48.66,-5309766.099028876,14399950.0,49.690638546874155
48.67,-5309748.472784377,14400550.0,49.690637106227456
48.68,-5309730.656448664,14401150.0,49.690635667050714
48.69,-5309712.644925865,14401740.0,49.69063422916796
48.7,-5309694.4327944005,14402320.0,49.69063279239309
48.71,-5309676.015038689,14402910.0,49.69063135660854
48.72,-5309657.386766075,14403490.0,49.690629921677996
48.73,-5309638.542885664,14404060.0,49.69062848742263
48.74,-5309619.478178518,14404630.0,49.690627053670866
48.75,-5309600.187762355,14405200.0,49.6906256203005
48.76,-5309580.6670585815,14405760.0,49.69062418719102
48.77,-5309560.911186053,14406320.0,49.69062275415638
48.78,-5309540.915316915,14406880.0,49.6906213210414
48.79,-5309520.674820418,14407430.0,49.690619887713595
48.8,-5309500.184834887,14407970.0,49.69061845399142
48.81,-5309479.440713658,14408520.0,49.69061701973692
48.82,-5309458.4382238835,14409050.0,49.69061558484466
48.83,-5309437.173227649,14409580.0,49.690614149167594
48.84,-5309415.641682818,14410110.0,49.69061271256908
48.85,-5309393.83942902,14410630.0,49.69061127488285
48.86,-5309371.76209727,14411150.0,49.6906098359298
48.87,-5309349.405305368,14411660.0,49.69060839555753
48.88,-5309326.765320406,14412180.0,49.69060695368059
48.89,-5309303.838401519,14412680.0,49.69060551014738
48.9,-5309280.620495485,14413180.0,49.6906040647737
48.91,-5309257.107610336,14413670.0,49.6906026174157
48.92,-5309233.2959233485,14414160.0,49.690601167935625
48.93,-5309209.182086874,14414640.0,49.690599716236726
48.94,-5309184.762838242,14415120.0,49.69059826218357
48.95,-5309160.034767699,14415590.0,49.690596805616885
48.96,-5309134.994603766,14416060.0,49.69059534639782
48.97,-5309109.6392143695,14416520.0,49.690593884407
48.98,-5309083.965590076,14416980.0,49.69059241950483
48.99,-5309057.970594409,14417430.0,49.690590951542084
49.0,-5309031.65137468,14417880.0,49.690589480400824
49.01,-5309005.005149402,14418320.0,49.69058800595197
49.02,-5308978.0292088445,14418760.0,49.690586528063704
49.03,-5308950.720879806,14419190.0,49.69058504660179
49.04,-5308923.077579606,14419610.0,49.690583561436064
49.05,-5308895.096798891,14420030.0,49.69058207243917
49.06,-5308866.776191735,14420440.0,49.69058057949161
49.07,-5308838.113559005,14420850.0,49.69057908247957
49.08,-5308809.10663464,14421260.0,49.6905775812604
49.09,-5308779.753210416,14421650.0,49.69057607570996
49.1,-5308750.051297522,14422040.0,49.69057456571787
49.11,-5308719.99884178,14422430.0,49.69057305115104
49.12,-5308689.593973752,14422810.0,49.69057153189949
49.13,-5308658.834777389,14423180.0,49.690570007831425
49.14,-5308627.71921798,14423550.0,49.6905684788062
49.15,-5308596.245391839,14423910.0,49.69056694471062
49.16,-5308564.411777979,14424270.0,49.69056540545795
49.17,-5308532.21729481,14424620.0,49.69056386098084
49.18,-5308499.661142405,14424960.0,49.690562311192856
49.19,-5308466.742267455,14425300.0,49.69056075595521
49.2,-5308433.459432762,14425640.0,49.690559195131094
49.21,-5308399.8118781885,14425960.0,49.69055762865805
49.22,-5308365.798751366,14426280.0,49.690556056416696
49.23,-5308331.418802452,14426600.0,49.690554478253276
49.24,-5308296.6711687045,14426910.0,49.690552894095056
49.25,-5308261.555216318,14427210.0,49.69055130385628
49.26,-5308226.070434699,14427510.0,49.690549707447865
49.27,-5308190.216705895,14427800.0,49.690548104811214
49.28,-5308153.994200153,14428090.0,49.69054649587657
49.29,-5308117.402840878,14428370.0,49.69054488052691
49.3,-5308080.442463648,14428640.0,49.69054325865025
49.31,-5308043.113066047,14428910.0,49.69054163017142
49.32,-5308005.4147550855,14429170.0,49.690539995008706
49.33,-5307967.348016489,14429430.0,49.69053835311393
49.34,-5307928.9135743,14429680.0,49.690536704423295
49.35,-5307890.111855414,14429920.0,49.69053504882791
49.36,-5307850.943148167,14430160.0,49.6905333862189
49.37,-5307811.407833838,14430390.0,49.690531716525875
49.38,-5307771.506673702,14430620.0,49.69053003970528
49.39,-5307731.240238894,14430840.0,49.6905283556595
49.4,-5307690.609338436,14431060.0,49.690526664328594
49.41,-5307649.615003043,14431260.0,49.69052496567218
49.42,-5307608.258164379,14431470.0,49.69052325959621
49.43,-5307566.540119609,14431670.0,49.69052154607671
49.44,-5307524.462337141,14431860.0,49.6905198250601
49.45,-5307482.026242894,14432040.0,49.69051809648069
49.46,-5307439.233380875,14432220.0,49.69051636028844
49.47,-5307396.085575049,14432400.0,49.6905146164536
49.48,-5307352.584949228,14432570.0,49.69051286495147
49.49,-5307308.733248788,14432730.0,49.69051110569156
49.5,-5307264.532123894,14432890.0,49.69050933860434
49.51,-5307219.983504523,14433040.0,49.690507563670806
49.52,-5307175.089638263,14433190.0,49.690505780870936
49.53,-5307129.852949344,14433330.0,49.6905039901849
49.54,-5307084.276039774,14433470.0,49.690502191587804
49.55,-5307038.361600945,14433600.0,49.69050038505146
49.56,-5306992.112306629,14433720.0,49.690498570539624
49.57,-5306945.530758837,14433840.0,49.69049674801038
49.58,-5306898.61943324,14433960.0,49.69049491741156
49.59,-5306851.380910671,14434070.0,49.690493078722234
49.6,-5306803.81834324,14434170.0,49.69049123197577
49.61,-5306755.935082577,14434270.0,49.69048937717073
49.62,-5306707.734412526,14434370.0,49.69048751427826
49.63,-5306659.219584105,14434460.0,49.690485643280496
49.64,-5306610.393922368,14434540.0,49.69048376416489
49.65,-5306561.260826697,14434620.0,49.69048187691973
49.66,-5306511.823609923,14434690.0,49.69047998153049
49.67,-5306462.085586872,14434760.0,49.690478077976756
49.68,-5306412.050199412,14434830.0,49.690476166268695
49.69,-5306361.721249942,14434890.0,49.69047424643351
49.7,-5306311.102563739,14434940.0,49.69047231847223
49.71,-5306260.198078347,14434990.0,49.69047038239996
49.72,-5306209.0119157685,14435040.0,49.690468438235655
49.73,-5306157.548311971,14435080.0,49.69046648600008
49.74,-5306105.811527941,14435120.0,49.69046452570795
49.75,-5306053.805813717,14435150.0,49.690462557367745
49.76,-5306001.535658651,14435180.0,49.69046058101423
49.77,-5305949.005452759,14435200.0,49.69045859665922
49.78,-5305896.219718362,14435220.0,49.69045660433364
49.79,-5305843.183468908,14435240.0,49.690454604111025
49.8,-5305789.90197975,14435250.0,49.690452596057604
49.81,-5305736.38046755,14435260.0,49.69045058018989
49.82,-5305682.624250578,14435270.0,49.69044855656063
49.83,-5305628.638552178,14435270.0,49.69044652519766
49.84,-5305574.428428001,14435270.0,49.69044448611623
49.85,-5305519.999176141,14435260.0,49.690442439381385
49.86,-5305465.355891044,14435250.0,49.69044038502041
49.87,-5305410.5039987,14435240.0,49.69043832310283
49.88,-5305355.4489007965,14435220.0,49.69043625368083
49.89,-5305300.196278551,14435200.0,49.69043417683519
49.9,-5305244.752148268,14435180.0,49.69043209265113
49.91,-5305189.122039962,14435150.0,49.69043000114624
49.92,-5305133.311369103,14435120.0,49.690427902350656
49.93,-5305077.325596499,14435090.0,49.6904257963374
49.94,-5305021.170586399,14435060.0,49.690423683204386
49.95,-5304964.852269136,14435020.0,49.690421563027485
49.96,-5304908.376444302,14434980.0,49.69041943585949
49.97,-5304851.74888676,14434940.0,49.69041730176802
49.98,-5304794.975077498,14434900.0,49.690415160784774
49.99,-5304738.060218823,14434850.0,49.690413012952554
50.0,-5304681.009965945,14434800.0,49.69041085838556
50.01,-5304623.830143753,14434750.0,49.69040869717406
50.02,-5304566.526443408,14434690.0,49.69040652938677
50.03,-5304509.104671609,14434640.0,49.69040435510579
50.04,-5304451.570625814,14434580.0,49.69040217441803
50.05,-5304393.930183351,14434520.0,49.69039998740876
50.06,-5304336.189122636,14434460.0,49.69039779415646
50.07,-5304278.353462251,14434390.0,49.69039559476754
50.08,-5304220.429462503,14434330.0,49.69039338936187
50.09,-5304162.423340499,14434260.0,49.69039117802872
50.1,-5304104.341323152,14434190.0,49.69038896086663
50.11,-5304046.189682707,14434120.0,49.690386737973
50.12,-5303987.974253288,14434050.0,49.690384509403266
50.13,-5303929.7005344955,14433980.0,49.690382275213466
50.14,-5303871.374010724,14433900.0,49.690380035490634
50.15,-5303813.000562569,14433830.0,49.69037779037983
50.16,-5303754.586129457,14433750.0,49.69037553998588
50.17,-5303696.136065183,14433680.0,49.69037328434732
50.18,-5303637.6560461335,14433600.0,49.69037102359458
50.19,-5303579.151840778,14433520.0,49.69036875784157
50.2,-5303520.628862456,14433440.0,49.69036648715789
50.21,-5303462.092542274,14433360.0,49.690364211641594
50.22,-5303403.54840058,14433280.0,49.690361931411516
50.23,-5303345.00185043,14433190.0,49.69035964655606
50.24,-5303286.458232264,14433110.0,49.69035735717995
50.25,-5303227.9236009,14433030.0,49.69035506346428
50.26,-5303169.403656596,14432940.0,49.69035276549338
50.27,-5303110.903974697,14432860.0,49.69035046335758
50.28,-5303052.430058073,14432780.0,49.69034815717076
50.29,-5302993.987336264,14432690.0,49.690345847034266
50.3,-5302935.581236254,14432610.0,49.69034353306457
50.31,-5302877.217003128,14432520.0,49.69034121535292
50.32,-5302818.899752081,14432440.0,49.690338894002004
50.33,-5302760.634520864,14432350.0,49.69033656911906
50.34,-5302702.426322639,14432270.0,49.69033424081065
50.35,-5302644.280360424,14432180.0,49.69033190921717
50.36,-5302586.201849322,14432100.0,49.6903295744594
50.37,-5302528.195926839,14432020.0,49.69032723664459
50.38,-5302470.267759474,14431930.0,49.69032489589766
50.39,-5302412.422292035,14431850.0,49.690322552317504
50.4,-5302354.664460522,14431760.0,49.69032020601715
50.41,-5302296.999102309,14431680.0,49.690317857113435
50.42,-5302239.431116304,14431600.0,49.690315505725174
50.43,-5302181.965588572,14431520.0,49.69031315200425
50.44,-5302124.60739969,14431440.0,49.69031079604679
50.45,-5302067.360793158,14431360.0,49.690308437907206
50.46,-5302010.230462399,14431280.0,49.69030607775215
50.47,-5301953.221464627,14431200.0,49.69030371574864
50.48,-5301896.338632672,14431120.0,49.690301351994734
50.49,-5301839.586590886,14431040.0,49.69029898660157
50.5,-5301782.969645869,14430970.0,49.69029661964786
50.51,-5301726.49173005,14430890.0,49.69029425122495
50.52,-5301670.157311746,14430820.0,49.69029188150159
50.53,-5301613.970665157,14430740.0,49.69028951058719
50.54,-5301557.935922374,14430670.0,49.69028713858871
50.55,-5301502.057304872,14430600.0,49.69028476563379
50.56,-5301446.338819686,14430530.0,49.690282391833136
50.57,-5301390.784615676,14430460.0,49.690280017312986
50.58,-5301335.398536878,14430400.0,49.69027764217243
50.59,-5301280.184710832,14430330.0,49.6902752665631
50.6,-5301225.147425383,14430270.0,49.690272890629316
50.61,-5301170.290807503,14430210.0,49.690270514476445
50.62,-5301115.618696541,14430150.0,49.690268138208204
50.63,-5301061.134480647,14430090.0,49.6902657618878
50.64,-5301006.841701876,14430030.0,49.69026338565962
50.65,-5300952.744254287,14429980.0,49.690261009680256
50.66,-5300898.845742039,14429920.0,49.6902586340472
50.67,-5300845.149781365,14429870.0,49.69025625887936
50.68,-5300791.660018489,14429820.0,49.69025388430923
50.69,-5300738.379932794,14429770.0,49.6902515104378
50.7,-5300685.312889129,14429720.0,49.69024913737981
50.71,-5300632.462566539,14429680.0,49.690246765290176
50.72,-5300579.832495145,14429640.0,49.69024439427761
50.73,-5300527.425732552,14429600.0,49.6902420244143
50.74,-5300475.245271854,14429560.0,49.69023965581513
50.75,-5300423.29438126,14429520.0,49.69023728862233
50.76,-5300371.576266029,14429490.0,49.69023492296078
50.77,-5300320.093745596,14429460.0,49.690232558899744
50.78,-5300268.849447404,14429430.0,49.690230196542565
50.79,-5300217.846056027,14429400.0,49.69022783600701
50.8,-5300167.086080818,14429370.0,49.69022547738987
50.81,-5300116.571997732,14429350.0,49.69022312080102
50.82,-5300066.306356484,14429330.0,49.69022076636088
50.83,-5300016.291727386,14429310.0,49.69021841419222
50.84,-5299966.530808944,14429300.0,49.69021606441988
50.85,-5299917.025981187,14429280.0,49.69021371712554
50.86,-5299867.779410561,14429270.0,49.690211372399254
50.87,-5299818.79340633,14429260.0,49.690209030364485
50.88,-5299770.070278469,14429260.0,49.6902066911356
50.89,-5299721.612230227,14429260.0,49.69020435481406
50.9,-5299673.42132147,14429260.0,49.690202021491565
50.91,-5299625.499664499,14429260.0,49.69019969128533
50.92,-5299577.849281234,14429260.0,49.690197364291286
50.93,-5299530.471887634,14429270.0,49.69019504058915
50.94,-5299483.369213589,14429280.0,49.69019272027915
50.95,-5299436.54305677,14429300.0,49.69019040347537
50.96,-5299389.994996714,14429310.0,49.69018809026142
50.97,-5299343.726285683,14429330.0,49.69018578069791
50.98,-5299297.737953536,14429360.0,49.69018347486078
50.99,-5299252.030949275,14429380.0,49.69018117283597
51.0,-5299206.6065702075,14429410.0,49.69017887475397
51.01,-5299161.466267833,14429440.0,49.69017658073622
51.02,-5299116.611398431,14429470.0,49.69017429086238
51.03,-5299072.043114931,14429510.0,49.69017200521285
51.04,-5299027.7624011515,14429550.0,49.69016972386684
51.05,-5298983.770160048,14429590.0,49.690167446900595
51.06,-5298940.067087811,14429640.0,49.69016517438633
51.07,-5298896.65404832,14429690.0,49.69016290642996
51.08,-5298853.53185969,14429740.0,49.69016064312042
51.09,-5298810.701311907,14429800.0,49.69015838453756
51.1,-5298768.163309915,14429860.0,49.69015613078516
51.11,-5298725.91867766,14429920.0,49.69015388194835
51.12,-5298683.9681217065,14429980.0,49.69015163809603
51.13,-5298642.312051327,14430050.0,49.69014939928285
51.14,-5298600.950880624,14430120.0,49.690147165589515
51.15,-5298559.885118208,14430200.0,49.69014493711278
51.16,-5298519.11518898,14430280.0,49.690142713924836
51.17,-5298478.6416484425,14430360.0,49.69014049611595
51.18,-5298438.464807815,14430440.0,49.69013828374748
51.19,-5298398.585054484,14430530.0,49.69013607690167
51.2,-5298359.002834814,14430620.0,49.69013387566676
51.21,-5298319.718421935,14430720.0,49.690131680104905
51.22,-5298280.731771228,14430820.0,49.69012949025048
51.23,-5298242.042661143,14430920.0,49.690127306160015
51.24,-5298203.651157478,14431020.0,49.690125127936
51.25,-5298165.557293486,14431130.0,49.690122955644625
51.26,-5298127.760783245,14431240.0,49.69012078932265
51.27,-5298090.261216201,14431360.0,49.69011862902166
51.28,-5298053.058468155,14431480.0,49.690116474839954
51.29,-5298016.152649948,14431600.0,49.69011432687282
51.3,-5297979.543769257,14431720.0,49.69011218517684
51.31,-5297943.231479193,14431850.0,49.69011004977738
51.32,-5297907.215505346,14431980.0,49.69010792075241
51.33,-5297871.495700206,14432120.0,49.69010579817565
51.34,-5297836.07206221,14432260.0,49.69010368212625
51.35,-5297800.944611679,14432400.0,49.69010157267775
51.36,-5297766.112853934,14432540.0,49.690099469830564
51.37,-5297731.5762050515,14432700.0,49.69009737364057
51.38,-5297697.334134539,14432850.0,49.690095284162
51.39,-5297663.385736171,14433000.0,49.69009320141802
51.4,-5297629.730351842,14433160.0,49.690091125478645
51.41,-5297596.367018626,14433320.0,49.69008905637295
51.42,-5297563.294788801,14433490.0,49.690086994142746
51.43,-5297530.512962907,14433660.0,49.690084938869404
51.44,-5297498.020411466,14433830.0,49.690082890555146
51.45,-5297465.816144693,14434010.0,49.690080849259594
51.46,-5297433.89924215,14434190.0,49.69007881503643
51.47,-5297402.268602779,14434380.0,49.69007678791154
51.48,-5297370.923373363,14434560.0,49.69007476795439
51.49,-5297339.862556725,14434750.0,49.69007275519754
51.5,-5297309.085189794,14434950.0,49.69007074968362
51.51,-5297278.590344034,14435140.0,49.6900687514605
51.52,-5297248.376857282,14435340.0,49.69006676054475
51.53,-5297218.443511099,14435550.0,49.69006477696776
51.54,-5297188.7891379185,14435750.0,49.69006280076984
51.55,-5297159.412299322,14435960.0,49.690060831963315
51.56,-5297130.311910734,14436180.0,49.69005887061667
51.57,-5297101.487172795,14436400.0,49.69005691679814
51.58,-5297072.936947073,14436620.0,49.69005497050816
51.59,-5297044.659592357,14436840.0,49.690053031730194
51.6,-5297016.653408461,14437070.0,49.69005110047423
51.61,-5296988.916618032,14437300.0,49.69004917676875
51.62,-5296961.44740194,14437530.0,49.69004726062224
51.63,-5296934.243934941,14437770.0,49.69004535206707
51.64,-5296907.304726033,14438010.0,49.69004345115244
51.65,-5296880.62826318,14438250.0,49.690041557906056
51.66,-5296854.212583581,14438490.0,49.69003967230106
51.67,-5296828.055682084,14438740.0,49.69003779434958
51.68,-5296802.155743818,14439000.0,49.69003592408638
51.69,-5296776.511002661,14439250.0,49.69003406153578
51.7,-5296751.119634364,14439510.0,49.69003220670893
51.71,-5296725.979756273,14439770.0,49.69003035961411
51.72,-5296701.089713535,14440040.0,49.69002852029138
51.73,-5296676.447633443,14440300.0,49.690026688732615
51.74,-5296652.05153131,14440580.0,49.690024864935154
51.75,-5296627.899291848,14440850.0,49.690023048895945
51.76,-5296603.988757851,14441120.0,49.690021240619394
51.77,-5296580.317801669,14441400.0,49.69001944011113
51.78,-5296556.884343543,14441690.0,49.690017647385524
51.79,-5296533.686423799,14441970.0,49.69001586245932
51.8,-5296510.721899578,14442260.0,49.69001408532011
51.81,-5296487.988622628,14442550.0,49.69001231596994
51.82,-5296465.484582682,14442840.0,49.69001055442405
51.83,-5296443.207962453,14443140.0,49.69000880070968
51.84,-5296421.156566367,14443440.0,49.690007054787735
51.85,-5296399.327835615,14443740.0,49.690005316613686
51.86,-5296377.719436349,14444050.0,49.69000358620904
51.87,-5296356.329082612,14444350.0,49.69000186357458
51.88,-5296335.154447376,14444660.0,49.69000014869973
51.89,-5296314.193072872,14444980.0,49.68999844156389
51.9,-5296293.44238765,14445290.0,49.689996742143556
51.91,-5296272.899974439,14445610.0,49.68999505045081
51.92,-5296252.563267187,14445930.0,49.68999336645003
51.93,-5296232.429532153,14446250.0,49.68999169011523
51.94,-5296212.496278598,14446580.0,49.68999002145954
51.95,-5296192.761332547,14446900.0,49.68998836049651
51.96,-5296173.222284407,14447230.0,49.6899867072
51.97,-5296153.876505172,14447560.0,49.689985061521256
51.98,-5296134.721198568,14447900.0,49.68998342342837
51.99,-5296115.753292496,14448240.0,49.689981792869574
52.0,-5296096.969759332,14448570.0,49.68998016981837
52.01,-5296078.367688124,14448920.0,49.68997855426757
52.02,-5296059.944500597,14449260.0,49.689976946230566
52.03,-5296041.697757033,14449600.0,49.68997534569734
52.04,-5296023.624691997,14449950.0,49.68997375260925
52.05,-5296005.722587949,14450300.0,49.68997216694641
52.06,-5295987.988668371,14450650.0,49.68997058867993
52.07,-5295970.420222828,14451010.0,49.68996901778251
52.08,-5295953.014822543,14451360.0,49.68996745426315
52.09,-5295935.770000511,14451720.0,49.68996589808736
52.1,-5295918.682929055,14452080.0,49.68996434919195
52.11,-5295901.750685714,14452440.0,49.689962807529504
52.12,-5295884.970306388,14452800.0,49.68996127306744
52.13,-5295868.339035877,14453170.0,49.689959745787476
52.14,-5295851.854329725,14453530.0,49.689958225685
52.15,-5295835.513336811,14453900.0,49.68995671269108
52.16,-5295819.312914971,14454270.0,49.689955206733785
52.17,-5295803.250237667,14454640.0,49.68995370780963
52.18,-5295787.322581815,14455020.0,49.68995221589705
52.19,-5295771.527346686,14455390.0,49.68995073096579
52.2,-5295755.861553686,14455770.0,49.68994925293948
52.21,-5295740.322040472,14456140.0,49.6899477817529
52.22,-5295724.906140094,14456520.0,49.68994631742051
52.23,-5295709.611291187,14456900.0,49.68994485990862
52.24,-5295694.43432274,14457280.0,49.68994340911558
52.25,-5295679.372183542,14457670.0,49.68994196500203
52.26,-5295664.422283521,14458050.0,49.68994052757395
52.27,-5295649.58215738,14458440.0,49.689939096804025
52.28,-5295634.848892746,14458830.0,49.68993767260234
52.29,-5295620.219216288,14459210.0,49.689936254874155
52.3,-5295605.690046101,14459600.0,49.6899348435948
52.31,-5295591.258403874,14459990.0,49.689933438719656
52.32,-5295576.921612848,14460390.0,49.68993204023566
52.33,-5295562.677139229,14460780.0,49.68993064810895
52.34,-5295548.522199539,14461170.0,49.68992926226514
52.35,-5295534.454152686,14461570.0,49.68992788266862
52.36,-5295520.470429636,14461960.0,49.689926509280895
52.37,-5295506.568569919,14462360.0,49.68992514206344
52.38,-5295492.745900332,14462760.0,49.68992378094114
52.39,-5295478.999658711,14463160.0,49.6899224258542
52.4,-5295465.327423101,14463560.0,49.68992107678963
52.41,-5295451.726792293,14463960.0,49.689919733698936
52.42,-5295438.195224959,14464360.0,49.68991839651095
52.43,-5295424.730128189,14464760.0,49.68991706517429
52.44,-5295411.328767669,14465160.0,49.6899157396167
52.45,-5295397.988535284,14465570.0,49.68991441979328
52.46,-5295384.7070397725,14465970.0,49.689913105676595
52.47,-5295371.481983238,14466380.0,49.68991179722237
52.48,-5295358.311323155,14466780.0,49.689910494410626
52.49,-5295345.193167064,14467190.0,49.68990919720381
52.5,-5295332.125272494,14467590.0,49.68990790551675
52.51,-5295319.10515169,14468000.0,49.68990661926767
52.52,-5295306.130105586,14468410.0,49.689905338376384
52.53,-5295293.197651971,14468820.0,49.68990406280801
52.54,-5295280.305455718,14469220.0,49.68990279252032
52.55,-5295267.451007759,14469630.0,49.689901527438025
52.56,-5295254.632071447,14470040.0,49.68990026753317
52.57,-5295241.846344623,14470450.0,49.68989901273983
52.58,-5295229.091208511,14470860.0,49.689897762970574
52.59,-5295216.364029698,14471270.0,49.689896518156
52.6,-5295203.662285473,14471680.0,49.689895278246354
52.61,-5295190.983296237,14472090.0,49.68989404316797
52.62,-5295178.324260177,14472500.0,49.68989281283701
52.63,-5295165.682807492,14472920.0,49.689891587235586
52.64,-5295153.056341433,14473330.0,49.68989036628403
52.65,-5295140.442233559,14473740.0,49.68988914990477
52.66,-5295127.8383249575,14474150.0,49.6898879380898
52.67,-5295115.242088513,14474560.0,49.689886730739765
52.68,-5295102.650894648,14474970.0,49.689885527770116
52.69,-5295090.061885275,14475380.0,49.68988432909852
52.7,-5295077.472348112,14475790.0,49.68988313465985
52.71,-5295064.879932823,14476200.0,49.68988194443194
52.72,-5295052.2820273135,14476620.0,49.689880758322644
52.73,-5295039.676095938,14477030.0,49.68987957626538
52.74,-5295027.059393731,14477440.0,49.68987839817208
52.75,-5295014.42901855,14477840.0,49.689877223950454
52.76,-5295001.782482928,14478260.0,49.689876053576484
52.77,-5294989.117198213,14478660.0,49.68987488697014
52.78,-5294976.4302231865,14479070.0,49.68987372401705
52.79,-5294963.7187089985,14479480.0,49.68987256465067
52.8,-5294950.979846305,14479890.0,49.6898714088071
52.81,-5294938.210722448,14480290.0,49.68987025639247
52.82,-5294925.408428185,14480700.0,49.689869107331816
52.83,-5294912.570218968,14481100.0,49.689867961565795
52.84,-5294899.692943403,14481510.0,49.68986681897676
52.85,-5294886.773541463,14481910.0,49.6898656794857
52.86,-5294873.809152789,14482310.0,49.68986454303872
52.87,-5294860.7967423685,14482710.0,49.6898634095374
52.88,-5294847.733188788,14483110.0,49.68986227888801
52.89,-5294834.615355284,14483510.0,49.689861151004536
52.9,-5294821.440179276,14483910.0,49.6898600258113
52.91,-5294808.205084904,14484310.0,49.68985890328344
52.92,-5294794.907700519,14484700.0,49.68985778335963
52.93,-5294781.544929293,14485100.0,49.689856665885884
52.94,-5294768.113498605,14485490.0,49.689855550752604
52.95,-5294754.610191546,14485880.0,49.68985443788331
52.96,-5294741.031919102,14486270.0,49.68985332719929
52.97,-5294727.375667577,14486660.0,49.68985221862122
52.98,-5294713.638499302,14487040.0,49.689851112076674
52.99,-5294699.817392199,14487430.0,49.689850007461125
53.0,-5294685.9089706205,14487810.0,49.689848904655385
53.01,-5294671.909932389,14488190.0,49.6898478035656
53.02,-5294657.816780926,14488570.0,49.68984670408662
53.03,-5294643.626307276,14488950.0,49.68984560614753
53.04,-5294629.335377663,14489320.0,49.68984450966688
53.05,-5294614.940934195,14489700.0,49.68984341456535
53.06,-5294600.44010301,14490070.0,49.689842320763525
53.07,-5294585.8297840115,14490440.0,49.68984122815361
53.08,-5294571.106613346,14490800.0,49.689840136606776
53.09,-5294556.267158384,14491170.0,49.68983904602376
53.1,-5294541.308239587,14491530.0,49.689837956326755
53.11,-5294526.226646155,14491890.0,49.6898368674265
53.12,-5294511.019261221,14492250.0,49.68983577922596
53.13,-5294495.682883649,14492600.0,49.6898346916292
53.14,-5294480.214066311,14492960.0,49.68983360450371
53.15,-5294464.609561885,14493310.0,49.68983251777598
53.16,-5294448.86639618,14493650.0,49.68983143137209
53.17,-5294432.98122581,14494000.0,49.68983034515993
53.18,-5294416.950693459,14494340.0,49.68982925903391
53.19,-5294400.7716964735,14494680.0,49.68982817291659
53.2,-5294384.441120399,14495010.0,49.689827086714956
53.21,-5294367.95592852,14495340.0,49.68982600033389
53.22,-5294351.3131088475,14495670.0,49.689824913674485
53.23,-5294334.509674398,14496000.0,49.68982382664505
53.24,-5294317.5427888315,14496320.0,49.68982273915726
53.25,-5294300.409427506,14496640.0,49.689821651096814
53.26,-5294283.106984863,14496960.0,49.68982056240714
53.27,-5294265.632919717,14497270.0,49.68981947300036
53.28,-5294247.984326091,14497580.0,49.68981838273826
53.29,-5294230.158234768,14497890.0,49.68981729151796
53.3,-5294212.151970981,14498200.0,49.68981619926819
53.31,-5294193.963049394,14498500.0,49.68981510590735
53.32,-5294175.588674307,14498790.0,49.689814011313665
53.33,-5294157.026005819,14499080.0,49.689812915376095
53.34,-5294138.272535576,14499370.0,49.689811818031075
53.35,-5294119.325713438,14499660.0,49.689810719178524
53.36,-5294100.182786052,14499940.0,49.68980961869913
53.37,-5294080.841081779,14500220.0,49.68980851649436
53.38,-5294061.297724908,14500490.0,49.68980741244987
53.39,-5294041.550045932,14500760.0,49.689806306480726
53.4,-5294021.595368377,14501030.0,49.689805198486674
53.41,-5294001.430990903,14501290.0,49.68980408836469
53.42,-5293981.054509458,14501550.0,49.689802976045215
53.43,-5293960.463694361,14501810.0,49.68980186145245
53.44,-5293939.656491715,14502060.0,49.689800744508545
53.45,-5293918.630648818,14502300.0,49.68979962509824
53.46,-5293897.383551438,14502550.0,49.68979850308278
53.47,-5293875.912758153,14502780.0,49.689797378382096
53.48,-5293854.21609129,14503020.0,49.68979625092319
53.49,-5293832.291316761,14503250.0,49.689795120608714
53.5,-5293810.136054105,14503470.0,49.689793987321664
53.51,-5293787.748026034,14503700.0,49.689792850973845
53.52,-5293765.1248086,14503910.0,49.68979171145742
53.53,-5293742.263955408,14504120.0,49.68979056866072
53.54,-5293719.1631048955,14504330.0,49.689789422500915
53.55,-5293695.819998958,14504540.0,49.689788272887576
53.56,-5293672.232412177,14504740.0,49.689787119723455
53.57,-5293648.3980804775,14504930.0,49.689785962911174
53.58,-5293624.315094774,14505120.0,49.68978480239099
53.59,-5293599.981814281,14505310.0,49.68978363809596
53.6,-5293575.3964030985,14505490.0,49.689782469919855
53.61,-5293550.557061422,14505670.0,49.68978129776603
53.62,-5293525.461613996,14505840.0,49.68978012150555
53.63,-5293500.108169639,14506010.0,49.68977894106929
53.64,-5293474.495016084,14506170.0,49.68977775638597
53.65,-5293448.620424441,14506330.0,49.689776567360816
53.66,-5293422.482738577,14506480.0,49.68977537390848
53.67,-5293396.080125006,14506630.0,49.689774175923205
53.68,-5293369.410840057,14506770.0,49.68977297331696
53.69,-5293342.473302202,14506910.0,49.68977176602028
53.7,-5293315.266254495,14507050.0,49.68977055397636
53.71,-5293287.78846272,14507180.0,49.68976933710393
53.72,-5293260.038554393,14507300.0,49.689768115303586
53.73,-5293232.015286206,14507420.0,49.68976688850136
53.74,-5293203.717670365,14507540.0,49.68976565664124
53.75,-5293175.1444214955,14507650.0,49.68976441960781
53.76,-5293146.294258633,14507760.0,49.68976317732031
53.77,-5293117.166514008,14507860.0,49.6897619297553
53.78,-5293087.760332127,14507960.0,49.689760676825244
53.79,-5293058.074811455,14508050.0,49.68975941843439
53.8,-5293028.109057701,14508130.0,49.689758154513676
53.81,-5292997.862524032,14508220.0,49.689756885018376
53.82,-5292967.334709373,14508290.0,49.689755609881594
53.83,-5292936.525427279,14508370.0,49.68975432906389
53.84,-5292905.434486045,14508440.0,49.68975304249971
53.85,-5292874.061724375,14508500.0,49.689751750115285
53.86,-5292842.406993628,14508560.0,49.68975045185671
53.87,-5292810.470247332,14508610.0,49.689749147656215
53.88,-5292778.251882112,14508660.0,49.68974783750609
53.89,-5292745.752508324,14508700.0,49.689746521368114
53.9,-5292712.972360731,14508740.0,49.689745199147254
53.91,-5292679.9116534935,14508780.0,49.689743870777534
53.92,-5292646.570723121,14508810.0,49.68974253621244
53.93,-5292612.949796562,14508830.0,49.6897411953845
53.94,-5292579.049205072,14508860.0,49.689739848247825
53.95,-5292544.869528171,14508870.0,49.689738494769784
53.96,-5292510.411255278,14508880.0,49.68973713489169
53.97,-5292475.674999735,14508890.0,49.68973576857228
53.98,-5292440.661553371,14508890.0,49.68973439577992
53.99,-5292405.371583384,14508890.0,49.689733016454
54.0,-5292369.806150474,14508880.0,49.68973163058736
54.01,-5292333.966228369,14508870.0,49.68973023813026
54.02,-5292297.852577632,14508850.0,49.68972883901048
54.03,-5292261.466101933,14508830.0,49.68972743320196
54.04,-5292224.808242963,14508810.0,49.689726020719746
54.05,-5292187.880411575,14508780.0,49.689724601526116
54.06,-5292150.683736679,14508740.0,49.68972317555267
54.07,-5292113.21942094,14508700.0,49.6897217427704
54.08,-5292075.4890456,14508660.0,49.689720303185695
54.09,-5292037.494716566,14508620.0,49.689718856824854
54.1,-5291999.238441689,14508560.0,49.68971740365671
54.11,-5291960.722111866,14508510.0,49.6897159436416
54.12,-5291921.947356655,14508450.0,49.68971447672819
54.13,-5291882.915882211,14508380.0,49.68971300289564
54.14,-5291843.629543335,14508310.0,49.6897115221389
54.15,-5291804.090165413,14508240.0,49.689710034430654
54.16,-5291764.300009532,14508160.0,49.689708539797984
54.17,-5291724.261668321,14508080.0,49.689707038266675
54.18,-5291683.977763966,14508000.0,49.68970552982648
54.19,-5291643.4505721945,14507910.0,49.689704014433254
54.2,-5291602.682538552,14507820.0,49.689702492094064
54.21,-5291561.676190013,14507720.0,49.6897009628058
54.22,-5291520.433741482,14507620.0,49.68969942652827
54.23,-5291478.9577556,14507510.0,49.689697883296255
54.24,-5291437.251002065,14507400.0,49.68969633312328
54.25,-5291395.316262082,14507290.0,49.68969477600944
54.26,-5291353.15639985,14507180.0,49.68969321197382
54.27,-5291310.774309265,14507060.0,49.689691641011855
54.28,-5291268.172896024,14506930.0,49.68969006313599
54.29,-5291225.355202812,14506810.0,49.68968847836589
54.3,-5291182.324428063,14506680.0,49.68968688672668
54.31,-5291139.083855341,14506540.0,49.68968528824148
54.32,-5291095.63649564,14506400.0,49.68968368289289
54.33,-5291051.9851565985,14506260.0,49.689682070667004
54.34,-5291008.132709236,14506120.0,49.68968045158494
54.35,-5290964.082338916,14505970.0,49.68967882569185
54.36,-5290919.837619241,14505820.0,49.689677193048276
54.37,-5290875.402156785,14505670.0,49.689675553684474
54.38,-5290830.779770146,14505510.0,49.68967390764497
54.39,-5290785.974043729,14505350.0,49.68967225493686
54.4,-5290740.988576288,14505190.0,49.68967059558204
54.41,-5290695.827177756,14505020.0,49.68966892963646
54.42,-5290650.4934409205,14504850.0,49.68966725711093
54.43,-5290604.991509383,14504680.0,49.689665578089595
54.44,-5290559.3255803175,14504510.0,49.689663892626754
54.45,-5290513.4995286,14504330.0,49.68966220072269
54.46,-5290467.517441128,14504150.0,49.6896605024378
54.47,-5290421.383260137,14503970.0,49.68965879779834
54.48,-5290375.1008713,14503790.0,49.68965708684409
54.49,-5290328.674532758,14503600.0,49.68965536965076
54.5,-5290282.108251118,14503410.0,49.68965364624657
54.51,-5290235.406262638,14503220.0,49.68965191669536
54.52,-5290188.573357085,14503020.0,49.68965018111697
54.53,-5290141.614237256,14502830.0,49.68964843955761
54.54,-5290094.533374741,14502630.0,49.68964669204578
54.55,-5290047.335043595,14502430.0,49.68964493862082
54.56,-5290000.023819856,14502230.0,49.689643179370826
54.57,-5289952.604709013,14502020.0,49.68964141440805
54.58,-5289905.082307569,14501820.0,49.68963964375212
54.59,-5289857.461157595,14501610.0,49.68963786746098
54.6,-5289809.746247385,14501400.0,49.689636085647244
54.61,-5289761.942584988,14501190.0,49.68963429839038
54.62,-5289714.054983192,14500980.0,49.68963250573864
54.63,-5289666.088487421,14500760.0,49.68963070778821
54.64,-5289618.048162424,14500550.0,49.68962890462292
54.65,-5289569.9391279435,14500330.0,49.68962709632106
54.66,-5289521.766254466,14500110.0,49.68962528294219
54.67,-5289473.53423257,14499890.0,49.68962346453519
54.68,-5289425.247911423,14499670.0,49.68962164120366
54.69,-5289376.912389314,14499450.0,49.68961981305331
54.7,-5289328.5329437265,14499230.0,49.689617980186256
54.71,-5289280.114495312,14499010.0,49.68961614265779
54.72,-5289231.662088213,14498780.0,49.689614300561544
54.73,-5289183.180926584,14498560.0,49.68961245400674
54.74,-5289134.676160728,14498330.0,49.68961060308002
54.75,-5289086.1530117085,14498110.0,49.68960874787733
54.76,-5289037.6166821215,14497880.0,49.68960688849958
54.77,-5288989.072463095,14497660.0,49.68960502504297
54.78,-5288940.525519848,14497430.0,49.6896031575976
54.79,-5288891.981176903,14497200.0,49.68960128627872
54.8,-5288843.445026514,14496970.0,49.68959941121581
54.81,-5288794.922590312,14496750.0,49.68959753250506
54.82,-5288746.418978235,14496520.0,49.68959565021389
54.83,-5288697.939475865,14496290.0,49.68959376445576
54.84,-5288649.48965301,14496060.0,49.68959187537145
54.85,-5288601.075114996,14495840.0,49.689589983081795
54.86,-5288552.701431057,14495610.0,49.68958808768603
54.87,-5288504.373793557,14495380.0,49.689586189260574
54.88,-5288456.097587697,14495160.0,49.68958428793549
54.89,-5288407.878267462,14494930.0,49.68958238383219
54.9,-5288359.720961977,14494710.0,49.689580477029935
54.91,-5288311.630794965,14494480.0,49.689578567640176
54.92,-5288263.613027709,14494260.0,49.68957665579372
54.93,-5288215.673131531,14494040.0,49.689574741630615
54.94,-5288167.8167534,14493820.0,49.68957282529207
54.95,-5288120.049681253,14493600.0,49.689570906914106
54.96,-5288072.377647892,14493380.0,49.68956898662256
54.97,-5288024.806258647,14493160.0,49.68956706452906
54.98,-5287977.34084685,14492940.0,49.68956514072796
54.99,-5287929.986954878,14492730.0,49.689563215371315
55.0,-5287882.750299757,14492520.0,49.68956128860539
55.01,-5287835.636362472,14492300.0,49.689559360536244
55.02,-5287788.650690231,14492090.0,49.68955743130323
55.03,-5287741.798771406,14491880.0,49.68955550102697
55.04,-5287695.086088547,14491680.0,49.68955356984882
55.05,-5287648.518655259,14491470.0,49.68955163795267
55.06,-5287602.102393492,14491270.0,49.689549705475024
55.07,-5287555.843132537,14491070.0,49.68954777255056
55.08,-5287509.746572225,14490870.0,49.68954583929993
55.09,-5287463.818460708,14490680.0,49.68954390587123
55.1,-5287418.064594588,14490480.0,49.68954197241852
55.11,-5287372.490640023,14490290.0,49.68954003906463
55.12,-5287327.102400012,14490100.0,49.68953810597267
55.13,-5287281.905689922,14489920.0,49.68953617329237
55.14,-5287236.906212001,14489740.0,49.68953424115953
55.15,-5287192.109751202,14489560.0,49.68953230972838
55.16,-5287147.522175615,14489380.0,49.689530379161276
55.17,-5287103.149096679,14489200.0,49.689528449581935
55.18,-5287058.995938537,14489030.0,49.68952652111934
55.19,-5287015.068240719,14488860.0,49.689524593933015
55.2,-5286971.371408185,14488700.0,49.68952266816476
55.21,-5286927.910996524,14488540.0,49.6895207439752
55.22,-5286884.692301128,14488380.0,49.68951882149199
55.23,-5286841.7201400455,14488220.0,49.68951690081718
55.24,-5286798.999422983,14488070.0,49.68951498209842
55.25,-5286756.5352772195,14487930.0,49.68951306551352
55.26,-5286714.332870103,14487780.0,49.68951115121983
55.27,-5286672.397283864,14487640.0,49.68950923935612
55.28,-5286630.733550565,14487510.0,49.68950733007697
55.29,-5286589.346526198,14487370.0,49.68950542350548
55.3,-5286548.2408354,14487240.0,49.68950351977674
55.31,-5286507.421370828,14487120.0,49.68950161906285
55.32,-5286466.8930444615,14487000.0,49.68949972152461
55.33,-5286426.660393686,14486880.0,49.68949782727034
55.34,-5286386.727542349,14486770.0,49.68949593640445
55.35,-5286347.0984480325,14486660.0,49.68949404905645
55.36,-5286307.777133401,14486560.0,49.689492165374425
55.37,-5286268.767704541,14486460.0,49.68949028551382
55.38,-5286230.074029219,14486370.0,49.689488409596194
55.39,-5286191.700200447,14486280.0,49.68948653778994
55.4,-5286153.6503770305,14486190.0,49.68948467025168
55.41,-5286115.928425885,14486110.0,49.689482807095494
55.42,-5286078.53788381,14486030.0,49.68948094843114
55.43,-5286041.481972688,14485960.0,49.689479094364685
55.44,-5286004.764259445,14485900.0,49.68947724507043
55.45,-5285968.388282725,14485830.0,49.68947540069265
55.46,-5285932.357463081,14485780.0,49.68947356135814
55.47,-5285896.675209414,14485720.0,49.68947172720654
55.48,-5285861.34432794,14485670.0,49.68946989831352
55.49,-5285826.367697779,14485630.0,49.68946807481806
55.5,-5285791.748540105,14485590.0,49.689466256897155
55.51,-5285757.489704621,14485560.0,49.6894644446483
55.52,-5285723.593863537,14485530.0,49.689462638181624
55.53,-5285690.063438522,14485510.0,49.68946083760894
55.54,-5285656.90077778,14485490.0,49.68945904304757
55.55,-5285624.108083851,14485480.0,49.68945725461108
55.56,-5285591.687484099,14485470.0,49.689455472414565
55.57,-5285559.640922712,14485460.0,49.6894536965665
55.58,-5285527.970212996,14485470.0,49.68945192717478
55.59,-5285496.677322867,14485470.0,49.68945016437809
55.6,-5285465.763892687,14485480.0,49.68944840826361
55.61,-5285435.231304319,14485500.0,49.6894466589187
55.62,-5285405.080947724,14485520.0,49.68944491646249
55.63,-5285375.314185301,14485550.0,49.68944318100241
55.64,-5285345.932512882,14485580.0,49.68944145267469
55.65,-5285316.937489255,14485620.0,49.68943973159553
55.66,-5285288.330217468,14485660.0,49.689438017832195
55.67,-5285260.111699386,14485710.0,49.6894363114873
55.68,-5285232.282834982,14485760.0,49.68943461264916
55.69,-5285204.84424257,14485820.0,49.68943292140057
55.7,-5285177.796310392,14485880.0,49.68943123781371
55.71,-5285151.139177002,14485950.0,49.68942956195852
55.72,-5285124.873302407,14486020.0,49.68942789397447
55.73,-5285098.999399138,14486100.0,49.6894262339783
55.74,-5285073.517789782,14486180.0,49.68942458203638
55.75,-5285048.428565146,14486270.0,49.689422938211415
55.76,-5285023.731815328,14486370.0,49.68942130260235
55.77,-5284999.427629855,14486460.0,49.68941967529525
55.78,-5284975.516008302,14486570.0,49.68941805637267
55.79,-5284951.996465792,14486680.0,49.68941644587018
55.8,-5284928.868208366,14486790.0,49.68941484383514
55.81,-5284906.130864839,14486910.0,49.689413250390125
55.82,-5284883.78393527,14487030.0,49.68941166560777
55.83,-5284861.826593157,14487160.0,49.689410089525346
55.84,-5284840.25807694,14487290.0,49.68940852222789
55.85,-5284819.077690712,14487430.0,49.689406963797325
55.86,-5284798.284500537,14487580.0,49.689405414281666
55.87,-5284777.877493894,14487720.0,49.68940387373931
55.88,-5284757.855597149,14487880.0,49.689402342238154
55.89,-5284738.217514131,14488030.0,49.68940081981637
55.9,-5284718.961921526,14488200.0,49.68939930653203
55.91,-5284700.087522593,14488360.0,49.68939780245442
55.92,-5284681.5929222535,14488540.0,49.68939630763067
55.93,-5284663.4764295565,14488710.0,49.68939482208927
55.94,-5284645.736413664,14488890.0,49.68939334588767
55.95,-5284628.371053883,14489080.0,49.689391879063265
55.96,-5284611.378410005,14489270.0,49.689390421648845
55.97,-5284594.756654371,14489460.0,49.68938897370526
55.98,-5284578.503303066,14489660.0,49.6893875352076
55.99,-5284562.615443718,14489870.0,49.6893861061464
56.0,-5284547.090197917,14490070.0,49.68938468655636
56.01,-5284531.925079903,14490290.0,49.68938327651558
56.02,-5284517.117606042,14490500.0,49.689381876055116
56.03,-5284502.665044441,14490730.0,49.689380485183996
56.04,-5284488.564592293,14490950.0,49.68937910392299
56.05,-5284474.813250256,14491180.0,49.68937773227544
56.06,-5284461.408053942,14491420.0,49.68937637026638
56.07,-5284448.346217742,14491650.0,49.68937501794384
56.08,-5284435.625029089,14491900.0,49.689373675335005
56.09,-5284423.24106146,14492140.0,49.68937234238236
56.1,-5284411.190741963,14492390.0,49.68937101908109
56.11,-5284399.470654875,14492650.0,49.68936970546174
56.12,-5284388.0776148345,14492900.0,49.68936840155634
56.13,-5284377.008257138,14493170.0,49.689367107356325
56.14,-5284366.258893356,14493430.0,49.6893658228338
56.15,-5284355.825706029,14493700.0,49.689364547978435
56.16,-5284345.704730042,14493970.0,49.689363282764724
56.17,-5284335.891619008,14494250.0,49.68936202715553
56.18,-5284326.382197632,14494530.0,49.68936078115004
56.19,-5284317.172552959,14494820.0,49.6893595447734
56.2,-5284308.258642851,14495100.0,49.689358318003485
56.21,-5284299.636420626,14495390.0,49.689357100823386
56.22,-5284291.30149513,14495690.0,49.689355893182274
56.23,-5284283.2493431885,14495980.0,49.68935469505141
56.24,-5284275.475541675,14496280.0,49.68935350641401
56.25,-5284267.97557168,14496590.0,49.68935232723721
56.26,-5284260.744674838,14496890.0,49.68935115747328
56.27,-5284253.777977113,14497200.0,49.68934999707311
56.28,-5284247.070738899,14497520.0,49.68934884602306
56.29,-5284240.618034146,14497830.0,49.68934770426737
56.3,-5284234.414892467,14498150.0,49.689346571763025
56.31,-5284228.45667515,14498470.0,49.68934544851391
56.32,-5284222.738881198,14498800.0,49.689344334490634
56.33,-5284217.256522026,14499120.0,49.689343229606344
56.34,-5284212.004189555,14499450.0,49.689342133772115
56.35,-5284206.976554571,14499780.0,49.689341046937564
56.36,-5284202.16818867,14500120.0,49.68933996904839
56.37,-5284197.573742886,14500460.0,49.68933890005485
56.38,-5284193.187984499,14500790.0,49.68933783991221
56.39,-5284189.005834122,14501140.0,49.689336788587354
56.4,-5284185.022188211,14501480.0,49.689335746019054
56.41,-5284181.231793866,14501820.0,49.68933471213478
56.42,-5284177.629212166,14502170.0,49.689333686851704
56.43,-5284174.208870752,14502520.0,49.68933267008967
56.44,-5284170.965421225,14502870.0,49.68933166180807
56.45,-5284167.893418981,14503230.0,49.68933066192769
56.46,-5284164.987143725,14503580.0,49.68932967034693
56.47,-5284162.240830397,14503940.0,49.68932868698699
56.48,-5284159.648884042,14504300.0,49.68932771179203
56.49,-5284157.205774078,14504660.0,49.6893267446903
56.5,-5284154.90630374,14505020.0,49.689325785644264
56.51,-5284152.745165414,14505380.0,49.689324834564594
56.52,-5284150.716725207,14505750.0,49.6893238913385
56.53,-5284148.815539936,14506110.0,49.68932295590483
56.54,-5284147.036126199,14506480.0,49.68932202817677
56.55,-5284145.37321106,14506850.0,49.68932110809101
56.56,-5284143.82150126,14507220.0,49.689320195565976
56.57,-5284142.375396868,14507590.0,49.68931929047816
56.58,-5284141.029347268,14507960.0,49.68931839275051
56.59,-5284139.778030919,14508330.0,49.68931750230581
56.6,-5284138.615874041,14508710.0,49.68931661903929
56.61,-5284137.5371205285,14509080.0,49.689315742826466
56.62,-5284136.536027772,14509450.0,49.68931487357439
56.63,-5284135.607117776,14509830.0,49.68931401121384
56.64,-5284134.744749821,14510200.0,49.689313155628284
56.65,-5284133.943191107,14510580.0,49.68931230670769
56.66,-5284133.197063965,14510960.0,49.68931146438807
56.67,-5284132.501331071,14511330.0,49.68931062860799
56.68,-5284131.850689647,14511710.0,49.68930979923887
56.69,-5284131.239551697,14512090.0,49.68930897614624
56.7,-5284130.662382239,14512460.0,49.689308159228744
56.71,-5284130.113628378,14512840.0,49.689307348380666
56.72,-5284129.587808991,14513220.0,49.68930654349798
56.73,-5284129.0792290745,14513590.0,49.68930574444456
56.74,-5284128.582175299,14513970.0,49.689304951105946
56.75,-5284128.09104148,14514350.0,49.689304163383774
56.76,-5284127.600293913,14514720.0,49.68930338116506
56.77,-5284127.104311068,14515100.0,49.68930260432736
56.78,-5284126.5978129,14515470.0,49.689301832787756
56.79,-5284126.075666876,14515850.0,49.68930106645465
56.8,-5284125.532728239,14516220.0,49.68930030520535
56.81,-5284124.963535759,14516590.0,49.68929954889167
56.82,-5284124.362631758,14516970.0,49.68929879739534
56.83,-5284123.725153279,14517340.0,49.68929805065622
56.84,-5284123.045816443,14517710.0,49.68929730851637
56.85,-5284122.319146093,14518080.0,49.68929657082954
56.86,-5284121.540172832,14518450.0,49.689295837528825
56.87,-5284120.703721072,14518810.0,49.68929510846623
56.88,-5284119.804210632,14519180.0,49.68929438347988
56.89,-5284118.836387904,14519540.0,49.689293662470206
56.9,-5284117.795042192,14519910.0,49.68929294531743
56.91,-5284116.674970477,14520270.0,49.689292231893944
56.92,-5284115.470923978,14520630.0,49.68929152206794
56.93,-5284114.17805566,14520990.0,49.68929081575099
56.94,-5284112.791762481,14521350.0,49.68929011284886
56.95,-5284111.307132462,14521700.0,49.68928941319955
56.96,-5284109.719193082,14522060.0,49.68928871666689
56.97,-5284108.023072151,14522410.0,49.68928802313679
56.98,-5284106.213998796,14522760.0,49.68928733248183
56.99,-5284104.287089604,14523100.0,49.68928664456884
57.0,-5284102.237867159,14523450.0,49.68928595930349
57.01,-5284100.0620485945,14523800.0,49.68928527658497
57.02,-5284097.7549385,14524140.0,49.6892845962408
57.03,-5284095.311748103,14524480.0,49.68928391812412
57.04,-5284092.728042338,14524820.0,49.68928324214542
57.05,-5284089.999223568,14525150.0,49.689282568151825
57.06,-5284087.120494632,14525480.0,49.689281895990064
57.07,-5284084.087555754,14525810.0,49.68928122557914
57.08,-5284080.896107297,14526140.0,49.68928055678635
57.09,-5284077.541867817,14526470.0,49.689279889487544
57.1,-5284074.020699676,14526790.0,49.68927922356042
57.11,-5284070.328305944,14527110.0,49.6892785588589
57.12,-5284066.460784316,14527430.0,49.68927789529369
57.13,-5284062.414326001,14527740.0,49.689277232746925
57.14,-5284058.185127038,14528050.0,49.68927657108847
57.15,-5284053.769585398,14528360.0,49.689275910215066
57.16,-5284049.163926681,14528670.0,49.689275249974344
57.17,-5284044.364167016,14528970.0,49.68927459022095
57.18,-5284039.366630765,14529270.0,49.68927393085144
57.19,-5284034.167881458,14529570.0,49.689273271763575
57.2,-5284028.764365672,14529860.0,49.689272612821064
57.21,-5284023.152322646,14530150.0,49.68927195386763
57.22,-5284017.328301985,14530440.0,49.68927129480921
57.23,-5284011.289255745,14530720.0,49.68927063556243
57.24,-5284005.031968718,14531000.0,49.68926997598466
57.25,-5283998.553039254,14531280.0,49.68926931592878
57.26,-5283991.848877832,14531550.0,49.68926865524452
57.27,-5283984.916081664,14531820.0,49.68926799382426
57.28,-5283977.751722745,14532090.0,49.68926733159113
57.29,-5283970.352904049,14532350.0,49.68926666842438
57.3,-5283962.716813533,14532610.0,49.68926600421061
57.31,-5283954.840760657,14532870.0,49.689265338842176
57.32,-5283946.721926696,14533120.0,49.68926467218346
57.33,-5283938.357578619,14533370.0,49.68926400411846
57.34,-5283929.745481629,14533620.0,49.689263334585085
57.35,-5283920.883258531,14533860.0,49.68926266345038
57.36,-5283911.768352794,14534090.0,49.68926199057641
57.37,-5283902.398618011,14534330.0,49.689261315888885
57.38,-5283892.772070487,14534560.0,49.68926063929502
57.39,-5283882.886478693,14534780.0,49.689259960651334
57.4,-5283872.739414988,14535000.0,49.68925927981864
57.41,-5283862.328576361,14535220.0,49.68925859669607
57.42,-5283851.652143539,14535440.0,49.689257911218164
57.43,-5283840.708193935,14535650.0,49.689257223269195
57.44,-5283829.49455755,14535850.0,49.68925653270519
57.45,-5283818.0095849335,14536060.0,49.68925583946865
57.46,-5283806.251972237,14536250.0,49.68925514349484
57.47,-5283794.220459526,14536450.0,49.68925444468239
57.48,-5283781.913831064,14536640.0,49.6892537429385
57.49,-5283769.330736533,14536820.0,49.68925303814005
57.5,-5283756.469797338,14537000.0,49.6892523301833
57.51,-5283743.329695852,14537180.0,49.68925161897507
57.52,-5283729.909372794,14537360.0,49.68925090443806
57.53,-5283716.207671119,14537520.0,49.68925018646374
57.54,-5283702.223227721,14537690.0,49.68924946492954
57.55,-5283687.954990995,14537850.0,49.68924873977099
57.56,-5283673.401972578,14538000.0,49.68924801089605
57.57,-5283658.563426826,14538160.0,49.68924727823368
57.58,-5283643.438512456,14538300.0,49.689246541685186
57.59,-5283628.026613996,14538450.0,49.689245801178856
57.6,-5283612.3273613965,14538590.0,49.68924505665228
57.61,-5283596.340434911,14538720.0,49.68924430802464
57.62,-5283580.065690728,14538860.0,49.68924355523021
57.63,-5283563.502947373,14538980.0,49.68924279818302
57.64,-5283546.65185995,14539100.0,49.68924203677816
57.65,-5283529.512097772,14539220.0,49.68924127093769
57.66,-5283512.08355923,14539340.0,49.68924050059859
57.67,-5283494.366409315,14539450.0,49.68923972571562
57.68,-5283476.361153219,14539560.0,49.68923894625094
57.69,-5283458.068406134,14539660.0,49.68923816213961
57.7,-5283439.488535833,14539750.0,49.689237373291746
57.71,-5283420.621982856,14539850.0,49.68923657963899
57.72,-5283401.469260924,14539940.0,49.68923578112294
57.73,-5283382.031100615,14540020.0,49.68923497769844
57.74,-5283362.308433027,14540100.0,49.68923416932358
57.75,-5283342.302409097,14540180.0,49.689233355964014
57.76,-5283322.01441907,14540260.0,49.689232537584054
57.77,-5283301.445664477,14540320.0,49.68923171411318
57.78,-5283280.597657779,14540390.0,49.6892308855263
57.79,-5283259.471651661,14540450.0,49.689230051752325
57.8,-5283238.068923253,14540510.0,49.68922921273041
57.81,-5283216.390899468,14540560.0,49.68922836843249
57.82,-5283194.43914009,14540610.0,49.68922751882537
57.83,-5283172.2155893035,14540660.0,49.68922666390256
57.84,-5283149.722327863,14540700.0,49.68922580364128
57.85,-5283126.961090487,14540740.0,49.68922493796547
57.86,-5283103.933638898,14540770.0,49.6892240668359
57.87,-5283080.641869248,14540800.0,49.68922319023117
57.88,-5283057.087687638,14540830.0,49.68922230811278
57.89,-5283033.273135316,14540850.0,49.689221420459376
57.9,-5283009.2004432455,14540870.0,49.68922052726432
57.91,-5282984.872140815,14540890.0,49.68921962852751
57.92,-5282960.29066405,14540900.0,49.68921872421662
57.93,-5282935.458462049,14540910.0,49.68921781431057
57.94,-5282910.3780863695,14540910.0,49.68921689879229
57.95,-5282885.051797677,14540910.0,49.68921597761032
57.96,-5282859.4816706125,14540910.0,49.68921505072307
57.97,-5282833.67002183,14540910.0,49.68921411813035
57.98,-5282807.619268453,14540900.0,49.68921317982412
57.99,-5282781.331516815,14540880.0,49.68921223575282
58.0,-5282754.808989494,14540870.0,49.68921128590606
58.01,-5282728.054187174,14540850.0,49.68921033029801
58.02,-5282701.069711578,14540830.0,49.68920936892784
58.03,-5282673.858158602,14540800.0,49.689208401778025
58.04,-5282646.421885259,14540770.0,49.68920742881929
58.05,-5282618.763365662,14540740.0,49.68920645004694
58.06,-5282590.884923138,14540710.0,49.68920546543534
58.07,-5282562.788961599,14540670.0,49.68920447498233
58.08,-5282534.47801967,14540630.0,49.689203478696435
58.09,-5282505.954896891,14540580.0,49.68920247659902
58.1,-5282477.222243726,14540530.0,49.68920146867502
58.11,-5282448.282810833,14540480.0,49.689200454926976
58.12,-5282419.139646578,14540430.0,49.689199435395786
58.13,-5282389.795454577,14540370.0,49.68919841004429
58.14,-5282360.252751857,14540310.0,49.68919737884949
58.15,-5282330.514153642,14540250.0,49.689196341830446
58.16,-5282300.582105336,14540180.0,49.689195298963455
58.17,-5282270.458845147,14540110.0,49.68919425023137
58.18,-5282240.147154283,14540040.0,49.689193195691736
58.19,-5282209.649716463,14539960.0,49.68919213534323
58.2,-5282178.968812531,14539890.0,49.68919106914602
58.21,-5282148.106979548,14539810.0,49.689189997135024
58.22,-5282117.0668156855,14539720.0,49.68918891932516
58.23,-5282085.85092679,14539640.0,49.689187835720205
58.24,-5282054.462015765,14539550.0,49.689186746346024
58.25,-5282022.903044293,14539460.0,49.68918565124735
58.26,-5281991.177019819,14539360.0,49.68918455044039
58.27,-5281959.286762912,14539260.0,49.689183443923376
58.28,-5281927.2350667175,14539160.0,49.689182331711265
58.29,-5281895.024481656,14539060.0,49.68918121379509
58.3,-5281862.657528165,14538960.0,49.68918009018392
58.31,-5281830.136749988,14538850.0,49.68917896089644
58.32,-5281797.46473208,14538740.0,49.68917782596026
58.33,-5281764.644226085,14538630.0,49.689176685405215
58.34,-5281731.677703845,14538510.0,49.68917553922568
58.35,-5281698.567516116,14538390.0,49.68917438742507
58.36,-5281665.316249558,14538270.0,49.689173230047864
58.37,-5281631.926943305,14538150.0,49.689172067168954
58.38,-5281598.402555204,14538020.0,49.68917089880813
58.39,-5281564.745996775,14537900.0,49.689169724984744
58.4,-5281530.960293793,14537770.0,49.68916854574534
58.41,-5281497.048515376,14537640.0,49.68916736112354
58.42,-5281463.013595072,14537500.0,49.68916617113774
58.43,-5281428.858275859,14537360.0,49.68916497579557
58.44,-5281394.5852875,14537220.0,49.68916377512976
58.45,-5281360.1975432215,14537080.0,49.689162569190934
58.46,-5281325.698230517,14536940.0,49.68916135804159
58.47,-5281291.090437122,14536790.0,49.68916014171294
58.48,-5281256.377006769,14536650.0,49.68915892021254
58.49,-5281221.560966798,14536500.0,49.68915769360149
58.5,-5281186.645225033,14536340.0,49.689156461900524
58.51,-5281151.632300066,14536190.0,49.6891552251057
58.52,-5281116.525070018,14536040.0,49.68915398329828
58.53,-5281081.326757344,14535880.0,49.689152736547
58.54,-5281046.0406628,14535720.0,49.6891514849146
58.55,-5281010.670147963,14535560.0,49.689150228450565
58.56,-5280975.218205782,14535390.0,49.68914896715922
58.57,-5280939.687708126,14535230.0,49.68914770108122
58.58,-5280904.081458374,14535060.0,49.68914643024186
58.59,-5280868.4022981245,14534890.0,49.68914515469672
58.6,-5280832.653608711,14534720.0,49.689143874552244
58.61,-5280796.838312596,14534550.0,49.68914258980398
58.62,-5280760.959102309,14534370.0,49.68914130047988
58.63,-5280725.018939818,14534200.0,49.689140006654355
58.64,-5280689.020718313,14534020.0,49.68913870837082
58.65,-5280652.967351016,14533840.0,49.689137405678366
58.66,-5280616.861753287,14533660.0,49.68913609863105
58.67,-5280580.7068603765,14533480.0,49.68913478728131
58.68,-5280544.505233507,14533300.0,49.68913347164217
58.69,-5280508.259164178,14533110.0,49.689132151731826
58.7,-5280471.971423935,14532930.0,49.6891308276443
58.71,-5280435.644856226,14532740.0,49.68912949945016
58.72,-5280399.282054531,14532550.0,49.689128167169585
58.73,-5280362.8859511195,14532360.0,49.68912683089017
58.74,-5280326.459407774,14532170.0,49.689125490669554
58.75,-5280290.005215079,14531980.0,49.68912414654827
58.76,-5280253.526109617,14531780.0,49.68912279858012
58.77,-5280217.024612255,14531590.0,49.689121446794104
58.78,-5280180.503456023,14531390.0,49.689120091271214
58.79,-5280143.965193758,14531190.0,49.68911873205009
58.8,-5280107.412393505,14531000.0,49.68911736918116
58.81,-5280070.847781757,14530800.0,49.68911600274763
58.82,-5280034.273940202,14530600.0,49.689114632787536
58.83,-5279997.693573022,14530400.0,49.68911325937468
58.84,-5279961.109400317,14530200.0,49.68911188256637
58.85,-5279924.523979047,14529990.0,49.689110502410195
58.86,-5279887.939629986,14529790.0,49.689109118936955
58.87,-5279851.35870432,14529590.0,49.68910773220625
58.88,-5279814.783995618,14529380.0,49.6891063423267
58.89,-5279778.218009113,14529180.0,49.68910494933271
58.9,-5279741.663245772,14528970.0,49.689103553277654
58.91,-5279705.122112631,14528760.0,49.689102154217714
58.92,-5279668.5970651815,14528560.0,49.68910075221743
58.93,-5279632.09053604,14528350.0,49.68909934733578
58.94,-5279595.604934655,14528140.0,49.689097939633506
58.95,-5279559.142611219,14527940.0,49.68909652916056
58.96,-5279522.705712849,14527730.0,49.6890951159646
58.97,-5279486.296575811,14527520.0,49.68909370011798
58.98,-5279449.917762747,14527310.0,49.68909228171551
58.99,-5279413.571867422,14527100.0,49.68909086082184
59.0,-5279377.26095979,14526890.0,49.68908943744532
59.01,-5279340.98715471,14526680.0,49.68908801165695
59.02,-5279304.752773385,14526470.0,49.689086583532216
59.03,-5279268.560237482,14526260.0,49.68908515315317
59.04,-5279232.412087765,14526050.0,49.6890837205978
59.05,-5279196.310949117,14525840.0,49.68908228594378
59.06,-5279160.2594415955,14525630.0,49.68908084925938
59.07,-5279124.260108658,14525420.0,49.689079410608386
59.08,-5279088.315702949,14525220.0,49.689077970080376
59.09,-5279052.428937177,14525010.0,49.689076527746465
59.1,-5279016.602376258,14524800.0,49.68907508365996
59.11,-5278980.838256983,14524590.0,49.68907363785704
59.12,-5278945.138771803,14524380.0,49.68907219039595
59.13,-5278909.5064086085,14524170.0,49.68907074138465
59.14,-5278873.943666524,14523960.0,49.68906929088968
59.15,-5278838.452715688,14523760.0,49.689067838947956
59.16,-5278803.036182409,14523550.0,49.68906638567977
59.17,-5278767.696937847,14523350.0,49.68906493118736
59.18,-5278732.437312015,14523140.0,49.68906347548737
59.19,-5278697.259572822,14522940.0,49.68906201863895
59.2,-5278662.166355247,14522730.0,49.6890605607641
59.21,-5278627.160162812,14522530.0,49.68905910191801
59.22,-5278592.243223215,14522330.0,49.689057642145116
59.23,-5278557.418023211,14522130.0,49.68905618154624
59.24,-5278522.687310612,14521930.0,49.68905472022793
59.25,-5278488.053415855,14521730.0,49.68905325822058
59.26,-5278453.5184634635,14521530.0,49.689051795575246
59.27,-5278419.084728454,14521330.0,49.68905033238242
59.28,-5278384.754637471,14521130.0,49.68904886873122
59.29,-5278350.530626681,14520940.0,49.689047404700226
59.3,-5278316.415105961,14520740.0,49.68904594036295
59.31,-5278282.410655578,14520550.0,49.68904447581824
59.32,-5278248.519920026,14520360.0,49.68904301114625
59.33,-5278214.745321974,14520170.0,49.689041546409285
59.34,-5278181.089006692,14519980.0,49.68904008165255
59.35,-5278147.55343067,14519790.0,49.68903861698223
59.36,-5278114.140916386,14519600.0,49.68903715246585
59.37,-5278080.853848138,14519420.0,49.68903568818845
59.38,-5278047.6949768625,14519240.0,49.68903422426915
59.39,-5278014.666653035,14519050.0,49.68903276074705
59.4,-5277981.770948741,14518870.0,49.68903129766961
59.41,-5277949.010013514,14518690.0,49.689029835123634
59.42,-5277916.386361397,14518520.0,49.68902837322383
59.43,-5277883.902569385,14518340.0,49.689026912065195
59.44,-5277851.560919742,14518160.0,49.68902545168868
59.45,-5277819.363558734,14517990.0,49.689023992167165
59.46,-5277787.313086377,14517820.0,49.689022533628346
59.47,-5277755.41221979,14517650.0,49.68902107616577
59.48,-5277723.66343592,14517490.0,49.689019619846285
59.49,-5277692.068915853,14517320.0,49.6890181647098
59.5,-5277660.63056029,14517160.0,49.68901671081415
59.51,-5277629.350202147,14517000.0,49.68901525822234
59.52,-5277598.229605984,14516840.0,49.68901380700492
59.53,-5277567.270789745,14516680.0,49.689012357268226
59.54,-5277536.475955116,14516520.0,49.68901090910843
59.55,-5277505.847327801,14516370.0,49.689009462611025
59.56,-5277475.386727928,14516220.0,49.689008017811766
59.57,-5277445.095960701,14516070.0,49.689006574785225
59.58,-5277414.976977411,14515920.0,49.689005133624754
59.59,-5277385.0316796135,14515780.0,49.689003694406445
59.6,-5277355.262151473,14515640.0,49.6890022572228
59.61,-5277325.670285164,14515500.0,49.689000822141125
59.62,-5277296.257725595,14515360.0,49.68899938920644
59.63,-5277267.026369769,14515230.0,49.688997958521206
59.64,-5277237.978243448,14515090.0,49.6889965301858
59.65,-5277209.11496496,14514960.0,49.688995104228354
59.66,-5277180.438207494,14514840.0,49.68899368073086
59.67,-5277151.949950194,14514710.0,49.68899225980917
59.68,-5277123.652122469,14514590.0,49.688990841532224
59.69,-5277095.546173825,14514470.0,49.68898942592966
59.7,-5277067.633589297,14514350.0,49.68898801307547
59.71,-5277039.916068787,14514230.0,49.68898660307019
59.72,-5277012.395385525,14514120.0,49.68898519600037
59.73,-5276985.073583603,14514010.0,49.68898379197497
59.74,-5276957.952460833,14513900.0,49.688982391040994
59.75,-5276931.033405617,14513800.0,49.6889809932394
59.76,-5276904.318109899,14513700.0,49.688979598672475
59.77,-5276877.808553677,14513600.0,49.688978207453026
59.78,-5276851.506398485,14513500.0,49.6889768196225
59.79,-5276825.412859494,14513410.0,49.688975435209166
59.8,-5276799.5295972405,14513320.0,49.688974054335624
59.81,-5276773.8582735425,14513240.0,49.688972677080734
59.82,-5276748.40037244,14513150.0,49.688971303495954
59.83,-5276723.15753898,14513070.0,49.68896993367756
59.84,-5276698.131544691,14512990.0,49.68896856771935
59.85,-5276673.323948358,14512920.0,49.68896720567258
59.86,-5276648.736165952,14512840.0,49.68896584759491
59.87,-5276624.369397865,14512770.0,49.68896449354108
59.88,-5276600.2250748435,14512710.0,49.68896314360653
59.89,-5276576.305020995,14512650.0,49.68896179790766
59.9,-5276552.610883925,14512590.0,49.688960456507324
59.91,-5276529.143793112,14512530.0,49.688959119421426
59.92,-5276505.904749711,14512480.0,49.6889577867078
59.93,-5276482.894876238,14512420.0,49.68895645844646
59.94,-5276460.115238506,14512380.0,49.68895513470374
59.95,-5276437.567060071,14512330.0,49.68895381556617
59.96,-5276415.251526543,14512290.0,49.688952501099
59.97,-5276393.169946458,14512260.0,49.68895119138794
59.98,-5276371.323483686,14512220.0,49.68894988649148
59.99,-5276349.713102575,14512190.0,49.68894858645146
60.0,-5276328.339638012,14512160.0,49.6889472913278
60.01,-5276307.204063015,14512140.0,49.68894600119636
60.02,-5276286.30714966,14512120.0,49.6889447161025
60.03,-5276265.649628669,14512100.0,49.688943436111046
60.04,-5276245.23233237,14512080.0,49.68894216129175
60.05,-5276225.055873254,14512070.0,49.68894089168752
60.06,-5276205.120785505,14512060.0,49.688939627351516
60.07,-5276185.427613966,14512060.0,49.68893836834688
60.08,-5276165.976985907,14512060.0,49.68893711474048
60.09,-5276146.769593822,14512060.0,49.68893586660393
60.1,-5276127.805855793,14512070.0,49.688934623969786
60.11,-5276109.086128229,14512080.0,49.688933386883726
60.12,-5276090.610938211,14512090.0,49.688932155430074
60.13,-5276072.380734234,14512110.0,49.68893092965144
60.14,-5276054.396154222,14512130.0,49.68892970963385
60.15,-5276036.657991284,14512150.0,49.68892849545159
60.16,-5276019.166460855,14512180.0,49.68892728710064
60.17,-5276001.921697513,14512210.0,49.68892608462743
60.18,-5275984.924058803,14512240.0,49.6889248881111
60.19,-5275968.174055464,14512280.0,49.6889236976229
60.2,-5275951.672227364,14512320.0,49.68892251322393
60.21,-5275935.418767772,14512360.0,49.68892133493071
60.22,-5275919.413896673,14512410.0,49.688920162801345
60.23,-5275903.658129635,14512460.0,49.68891899691952
60.24,-5275888.151743061,14512520.0,49.68891783731693
60.25,-5275872.89482605,14512580.0,49.688916684022296
60.26,-5275857.887565478,14512640.0,49.688915537096776
60.27,-5275843.130103595,14512710.0,49.688914396587506
60.28,-5275828.622466121,14512780.0,49.68891326253298
60.29,-5275814.364865795,14512850.0,49.68891213499957
60.3,-5275800.357847174,14512930.0,49.6889110140749
60.31,-5275786.602002853,14513010.0,49.68890989982362
60.32,-5275773.097597863,14513100.0,49.68890879225592
60.33,-5275759.844459684,14513180.0,49.68890769137714
60.34,-5275746.8423508555,14513280.0,49.68890659722369
60.35,-5275734.091201315,14513370.0,49.68890550985579
60.36,-5275721.591217262,14513470.0,49.688904429351574
60.37,-5275709.342328355,14513570.0,49.6889033557251
60.38,-5275697.344454158,14513680.0,49.68890228902302
60.39,-5275685.598023415,14513790.0,49.68890122934315
60.4,-5275674.102939632,14513900.0,49.68890017667746
60.41,-5275662.858952983,14514020.0,49.68889913105312
60.42,-5275651.8662142465,14514150.0,49.68889809255089
60.43,-5275641.124579749,14514270.0,49.68889706118619
60.44,-5275630.633895588,14514400.0,49.68889603699993
60.45,-5275620.394158778,14514530.0,49.688895020046495
60.46,-5275610.405267855,14514670.0,49.68889401035783
60.47,-5275600.667165405,14514810.0,49.68889300798352
60.48,-5275591.179695254,14514960.0,49.688892012947996
60.49,-5275581.942422689,14515100.0,49.68889102525878
60.5,-5275572.954811394,14515260.0,49.688890044945666
60.51,-5275564.2165271295,14515410.0,49.68888907205589
60.52,-5275555.727027608,14515570.0,49.68888810661174
60.53,-5275547.485614652,14515730.0,49.6888871486192
60.54,-5275539.4915225785,14515900.0,49.68888619810723
60.55,-5275531.744204272,14516070.0,49.6888852551233
60.56,-5275524.242652608,14516240.0,49.68888431965255
60.57,-5275516.985844547,14516420.0,49.68888339171523
60.58,-5275509.972866473,14516600.0,49.68888247134766
60.59,-5275503.202485452,14516790.0,49.68888155853459
60.6,-5275496.6737018945,14516980.0,49.68888065333107
60.61,-5275490.385303897,14517170.0,49.68887975572944
60.62,-5275484.335865683,14517370.0,49.68887886572488
60.63,-5275478.524336932,14517570.0,49.688877983378205
60.64,-5275472.949222233,14517770.0,49.688877108657685
60.65,-5275467.608703025,14517980.0,49.688876241541
60.66,-5275462.501029097,14518190.0,49.68887538204434
60.67,-5275457.624501399,14518400.0,49.68887453018357
60.68,-5275452.977490516,14518620.0,49.68887368597316
60.69,-5275448.558419469,14518840.0,49.68887284943154
60.7,-5275444.365495701,14519060.0,49.68887202054069
60.71,-5275440.396870663,14519290.0,49.68887119930104
60.72,-5275436.6510692695,14519520.0,49.68887038575933
60.73,-5275433.126330512,14519750.0,49.68886957989132
60.74,-5275429.820569513,14519990.0,49.6888687816612
60.75,-5275426.731572082,14520230.0,49.68886799105939
60.76,-5275423.857011759,14520470.0,49.688867208064195
60.77,-5275421.1943416735,14520720.0,49.68886643264728
60.78,-5275418.741169005,14520970.0,49.68886566481686
60.79,-5275416.49514896,14521220.0,49.688864904571254
60.8,-5275414.454039065,14521480.0,49.68886415191034
60.81,-5275412.615628539,14521740.0,49.68886340683232
60.82,-5275410.977165733,14522000.0,49.68886266926629
60.83,-5275409.535658411,14522260.0,49.688861939167985
60.84,-5275408.28803319,14522530.0,49.68886121651157
60.85,-5275407.231439515,14522800.0,49.68886050129562
60.86,-5275406.362965156,14523070.0,49.68885979349687
60.87,-5275405.679349432,14523340.0,49.68885909304926
60.88,-5275405.176980655,14523620.0,49.68885839988976
60.89,-5275404.852448644,14523900.0,49.68885771400355
60.9,-5275404.7024212405,14524180.0,49.68885703537313
60.91,-5275404.723484001,14524460.0,49.68885636395368
60.92,-5275404.912229304,14524750.0,49.68885569971568
60.93,-5275405.265185014,14525040.0,49.688855042610484
60.94,-5275405.7786172265,14525330.0,49.68885439257888
60.95,-5275406.448617957,14525620.0,49.68885374955794
60.96,-5275407.27151583,14525910.0,49.68885311352506
60.97,-5275408.24369916,14526210.0,49.688852484452305
60.98,-5275409.361455501,14526510.0,49.68885186227962
60.99,-5275410.621060615,14526810.0,49.68885124696206
61.0,-5275412.018259345,14527110.0,49.688850638394086
61.01,-5275413.548727186,14527410.0,49.68885003651091
61.02,-5275415.208284869,14527720.0,49.68884944127244
61.03,-5275416.992846061,14528020.0,49.68884885263663
61.04,-5275418.898418365,14528330.0,49.68884827055564
61.05,-5275420.920835727,14528640.0,49.688847694952564
61.06,-5275423.05588264,14528950.0,49.68884712576539
61.07,-5275425.299186565,14529260.0,49.68884656291326
61.08,-5275427.646485525,14529570.0,49.688846006344335
61.09,-5275430.093503899,14529880.0,49.688845455993075
61.1,-5275432.635952569,14530200.0,49.68884491179445
61.11,-5275435.269582772,14530520.0,49.68884437368292
61.12,-5275437.989882277,14530830.0,49.688843841565316
61.13,-5275440.79236003,14531150.0,49.68884331536757
61.14,-5275443.672331704,14531460.0,49.68884279499734
61.15,-5275446.624936336,14531780.0,49.68884228035641
61.16,-5275449.645439579,14532100.0,49.68884177138282
61.17,-5275452.729270796,14532420.0,49.68884126800996
61.18,-5275455.871970905,14532740.0,49.68884077017592
61.19,-5275459.069283044,14533060.0,49.688840277824795
61.2,-5275462.316921647,14533380.0,49.68883979087516
61.21,-5275465.610482911,14533700.0,49.6888393092309
61.22,-5275468.945318749,14534020.0,49.688838832789806
61.23,-5275472.316660426,14534340.0,49.688838361450294
61.24,-5275475.719707373,14534660.0,49.68883789511679
61.25,-5275479.149645093,14534980.0,49.68883743370387
61.26,-5275482.601860176,14535300.0,49.68883697713956
61.27,-5275486.071333347,14535620.0,49.68883652529066
61.28,-5275489.55311994,14535940.0,49.688836078064746
61.29,-5275493.042153784,14536260.0,49.6888356353561
61.3,-5275496.533389742,14536580.0,49.688835197069416
61.31,-5275500.021857851,14536890.0,49.68883476310774
61.32,-5275503.502395594,14537210.0,49.68883433335509
61.33,-5275506.969915199,14537520.0,49.68883390771236
61.34,-5275510.419279157,14537840.0,49.68883348606985
61.35,-5275513.845550762,14538150.0,49.688833068347556
61.36,-5275517.243995949,14538460.0,49.68883265445864
61.37,-5275520.60963751,14538780.0,49.68883224427773
61.38,-5275523.937163853,14539090.0,49.68883183765764
61.39,-5275527.221517478,14539400.0,49.68883143451379
61.4,-5275530.457986775,14539700.0,49.68883103477446
61.41,-5275533.641671842,14540010.0,49.688830638312226
61.42,-5275536.767196711,14540310.0,49.68883024496123
61.43,-5275539.829207161,14540620.0,49.68882985460808
61.44,-5275542.822424853,14540920.0,49.68882946714125
61.45,-5275545.741451225,14541220.0,49.68882908242655
61.46,-5275548.580927932,14541520.0,49.68882870034983
61.47,-5275551.335447886,14541810.0,49.688828320782335
61.48,-5275553.9998774165,14542110.0,49.688827943627835
61.49,-5275556.569161722,14542400.0,49.68882756877909
61.5,-5275559.038075045,14542690.0,49.68882719609285
61.51,-5275561.401380684,14542980.0,49.68882682543844
61.52,-5275563.654242972,14543260.0,49.688826456738724
61.53,-5275565.791550264,14543550.0,49.68882608984478
61.54,-5275567.8080920065,14543830.0,49.688825724607256
61.55,-5275569.698611889,14544110.0,49.68882536090483
61.56,-5275571.457700266,14544380.0,49.688824998578305
61.57,-5275573.080419861,14544660.0,49.68882463755343
61.58,-5275574.561897912,14544930.0,49.68882427770872
61.59,-5275575.896807623,14545200.0,49.6888239188641
61.6,-5275577.080045166,14545460.0,49.688823560905035
61.61,-5275578.106785389,14545720.0,49.68882320373476
61.62,-5275578.972376792,14545980.0,49.68882284723969
61.63,-5275579.671913363,14546240.0,49.68882249125904
61.64,-5275580.200304346,14546500.0,49.6888221356414
61.65,-5275580.5527385175,14546750.0,49.6888217802799
61.66,-5275580.7243463835,14546990.0,49.68882142503314
61.67,-5275580.710378961,14547240.0,49.688821069778776
61.68,-5275580.506334251,14547480.0,49.688820714407825
61.69,-5275580.107404294,14547720.0,49.688820358755144
61.7,-5275579.508866827,14547950.0,49.68882000269307
61.71,-5275578.7063547075,14548180.0,49.68881964612163
61.72,-5275577.695393366,14548410.0,49.6888192888958
61.73,-5275576.471471708,14548630.0,49.68881893087793
61.74,-5275575.030507525,14548850.0,49.68881857197587
61.75,-5275573.368761512,14549070.0,49.68881821209873
61.76,-5275571.482571536,14549280.0,49.68881785112484
61.77,-5275569.368120557,14549490.0,49.68881748891233
61.78,-5275567.0217578085,14549700.0,49.688817125345864
61.79,-5275564.439803247,14549900.0,49.6888167602931
61.8,-5275561.618493697,14550100.0,49.688816393618175
61.81,-5275558.553642071,14550290.0,49.688816025141364
61.82,-5275555.240866879,14550480.0,49.68881565470013
61.83,-5275551.676289126,14550670.0,49.68881528221399
61.84,-5275547.85614251,14550850.0,49.68881490756082
61.85,-5275543.776846035,14551020.0,49.68881453063089
61.86,-5275539.435095112,14551200.0,49.68881415132147
61.87,-5275534.827613143,14551370.0,49.68881376950618
61.88,-5275529.950919036,14551530.0,49.68881338504022
61.89,-5275524.801755381,14551690.0,49.688812997809315
61.9,-5275519.3768037995,14551850.0,49.68881260768155
61.91,-5275513.673024733,14552000.0,49.68881221456206
61.92,-5275507.687552277,14552150.0,49.68881181833717
61.93,-5275501.41723006,14552290.0,49.68881141885812
61.94,-5275494.859486343,14552430.0,49.68881101605491
61.95,-5275488.011747825,14552560.0,49.68881060980955
61.96,-5275480.871206867,14552690.0,49.68881019997499
61.97,-5275473.434962891,14552810.0,49.68880978641665
61.98,-5275465.700540934,14552940.0,49.68880936905385
61.99,-5275457.665429514,14553050.0,49.688808947767534
62.0,-5275449.327062433,14553160.0,49.68880852242307
62.01,-5275440.68317647,14553270.0,49.688808092940846
62.02,-5275431.731312437,14553370.0,49.68880765917716
62.03,-5275422.4691001065,14553460.0,49.688807221020305
62.04,-5275412.894706562,14553560.0,49.6888067784153
62.05,-5275403.006249576,14553640.0,49.68880633124403
62.06,-5275392.801779276,14553720.0,49.6888058793823
62.07,-5275382.279474542,14553800.0,49.68880542273546
62.08,-5275371.437590281,14553870.0,49.688804961198414
62.09,-5275360.27472658,14553940.0,49.68880449469799
62.1,-5275348.789634449,14554000.0,49.68880402314617
62.11,-5275336.980805121,14554060.0,49.68880354641206
62.12,-5275324.846575358,14554110.0,49.688803064368294
62.13,-5275312.385502189,14554160.0,49.68880257693015
62.14,-5275299.596561581,14554200.0,49.68880208404478
62.15,-5275286.478453381,14554240.0,49.688801585572726
62.16,-5275273.029975068,14554270.0,49.68880108142958
62.17,-5275259.250362665,14554300.0,49.68880057155997
62.18,-5275245.138900232,14554320.0,49.68880005587039
62.19,-5275230.694830611,14554340.0,49.68879953426757
62.2,-5275215.917175956,14554350.0,49.68879900662691
62.21,-5275200.805129799,14554360.0,49.68879847287398
62.22,-5275185.358094148,14554360.0,49.68879793293285
62.23,-5275169.575609424,14554360.0,49.688797386733135
62.24,-5275153.457409174,14554350.0,49.68879683420305
62.25,-5275137.003367774,14554340.0,49.68879627527626
62.26,-5275120.213555141,14554320.0,49.68879570988482
62.27,-5275103.08813072,14554300.0,49.688795137965826
62.28,-5275085.627433583,14554270.0,49.688794559454294
62.29,-5275067.831571874,14554240.0,49.68879397425107
62.3,-5275049.700581973,14554200.0,49.688793382265715
62.31,-5275031.234427786,14554160.0,49.688792783414414
62.32,-5275012.4334297655,14554110.0,49.68879217765712
62.33,-5274993.298464579,14554060.0,49.688791564984626
62.34,-5274973.830450108,14554000.0,49.688790945337324
62.35,-5274954.030094903,14553940.0,49.688790318618494
62.36,-5274933.898147025,14553870.0,49.68878968477583
62.37,-5274913.435465805,14553800.0,49.6887890437495
62.38,-5274892.643237422,14553720.0,49.68878839551784
62.39,-5274871.522798264,14553640.0,49.688787740040254
62.4,-5274850.0752957165,14553550.0,49.688787077234004
62.41,-5274828.301883417,14553460.0,49.688786407050124
62.42,-5274806.204079226,14553360.0,49.68878572946813
62.43,-5274783.783409816,14553260.0,49.68878504444691
62.44,-5274761.0411240375,14553150.0,49.68878435189533
62.45,-5274737.978673954,14553040.0,49.688783651794246
62.46,-5274714.597913231,14552930.0,49.68878294413481
62.47,-5274690.900401793,14552810.0,49.68878222884664
62.48,-5274666.887743479,14552680.0,49.68878150588337
62.49,-5274642.56194429,14552550.0,49.68878077525132
62.5,-5274617.925039365,14552420.0,49.688780036919
62.51,-5274592.979254123,14552280.0,49.688779290868084
62.52,-5274567.726916018,14552140.0,49.688778537079074
62.53,-5274542.170150709,14551990.0,49.68877777550011
62.54,-5274516.311309951,14551840.0,49.688777006122734
62.55,-5274490.153152214,14551680.0,49.68877622897022
62.56,-5274463.698380117,14551520.0,49.6887754440111
62.57,-5274436.949245796,14551350.0,49.688774651174526
62.58,-5274409.9082453875,14551180.0,49.688773850465836
62.59,-5274382.578263982,14551010.0,49.688773041906046
62.6,-5274354.961951758,14550830.0,49.688772225454564
62.61,-5274327.061990447,14550650.0,49.68877140109686
62.62,-5274298.881487254,14550460.0,49.688770568868506
62.63,-5274270.423601962,14550270.0,49.68876972876732
62.64,-5274241.691636604,14550080.0,49.68876888080009
62.65,-5274212.688946789,14549880.0,49.68876802497129
62.66,-5274183.418601638,14549680.0,49.688767161248
62.67,-5274153.8841153495,14549470.0,49.6887662896774
62.68,-5274124.0892177075,14549260.0,49.68876541028283
62.69,-5274094.03728251,14549040.0,49.68876452303911
62.7,-5274063.732058579,14548830.0,49.68876362798601
62.71,-5274033.177260634,14548610.0,49.688762725133465
62.72,-5274002.376425471,14548380.0,49.688761814470425
62.73,-5273971.33334,14548150.0,49.688760896036605
62.74,-5273940.051953416,14547920.0,49.68875996986919
62.75,-5273908.536431917,14547690.0,49.688759036002416
62.76,-5273876.790551326,14547450.0,49.68875809442236
62.77,-5273844.818195045,14547200.0,49.68875714515661
62.78,-5273812.623766446,14546960.0,49.68875618828745
62.79,-5273780.211530209,14546710.0,49.68875522382916
62.8,-5273747.585825759,14546460.0,49.68875425181534
62.81,-5273714.751013841,14546200.0,49.68875327228417
62.82,-5273681.711547994,14545950.0,49.68875228527899
62.83,-5273648.47188545,14545690.0,49.688751290836365
62.84,-5273615.036773349,14545420.0,49.68875028902753
62.85,-5273581.411340245,14545160.0,49.68874927993694
62.86,-5273547.600472113,14544890.0,49.68874826358626
62.87,-5273513.608666832,14544620.0,49.68874723997846
62.88,-5273479.440514222,14544340.0,49.68874620917402
62.89,-5273445.101108308,14544070.0,49.68874517126732
62.9,-5273410.5957108,14543790.0,49.68874412634161
62.91,-5273375.929376072,14543510.0,49.688743074424266
62.92,-5273341.107128232,14543230.0,49.6887420155767
62.93,-5273306.134497716,14542940.0,49.68874094990798
62.94,-5273271.017041537,14542660.0,49.68873987749092
62.95,-5273235.76034314,14542370.0,49.68873879839958
62.96,-5273200.369707866,14542070.0,49.68873771266463
62.97,-5273164.850357346,14541780.0,49.68873662035718
62.98,-5273129.207786638,14541490.0,49.68873552156497
62.99,-5273093.4476586245,14541190.0,49.68873441639205
63.0,-5273057.575912446,14540890.0,49.688733304939895
63.01,-5273021.598299806,14540600.0,49.688732187272315
63.02,-5272985.52036521,14540290.0,49.688731063449836
63.03,-5272949.347766285,14539990.0,49.68872993356585
63.04,-5272913.086721985,14539690.0,49.688728797765705
63.05,-5272876.743515354,14539390.0,49.68872765615489
63.06,-5272840.324260897,14539080.0,49.688726508804066
63.07,-5272803.8352072695,14538780.0,49.68872535582424
63.08,-5272767.282523119,14538470.0,49.68872419730982
63.09,-5272730.67226028,14538160.0,49.68872303334172
63.1,-5272694.010424118,14537860.0,49.68872186401615
63.11,-5272657.303080251,14537550.0,49.6887206894378
63.12,-5272620.556265167,14537240.0,49.6887195097084
63.13,-5272583.77594984,14536930.0,49.68871832492371
63.14,-5272546.968235843,14536620.0,49.688717135203916
63.15,-5272510.139481396,14536310.0,49.68871594068168
63.16,-5272473.295837528,14536000.0,49.68871474145434
63.17,-5272436.443460946,14535690.0,49.68871353762659
63.18,-5272399.58869282,14535380.0,49.68871232933493
63.19,-5272362.737558552,14535070.0,49.68871111666023
63.2,-5272325.896015615,14534760.0,49.68870989971352
63.21,-5272289.070454064,14534460.0,49.68870867865276
63.22,-5272252.267162485,14534150.0,49.68870745359521
63.23,-5272215.492452203,14533840.0,49.688706224658546
63.24,-5272178.752424366,14533540.0,49.68870499195149
63.25,-5272142.053021667,14533230.0,49.68870375557271
63.26,-5272105.400152127,14532920.0,49.688702515642596
63.27,-5272068.799778054,14532620.0,49.68870127229264
63.28,-5272032.257611783,14532320.0,49.68870002561849
63.29,-5271995.779507335,14532020.0,49.68869877576228
63.3,-5271959.371318018,14531710.0,49.688697522849054
63.31,-5271923.038824525,14531410.0,49.68869626699705
63.32,-5271886.787805698,14531120.0,49.68869500834
63.33,-5271850.623930817,14530820.0,49.68869374698884
63.34,-5271814.552740551,14530520.0,49.68869248306371
63.35,-5271778.579735212,14530230.0,49.68869121668981
63.36,-5271742.710732297,14529940.0,49.688689948026585
63.37,-5271706.951546462,14529640.0,49.68868867721656
63.38,-5271671.3079176145,14529360.0,49.68868740438683
63.39,-5271635.785724925,14529070.0,49.68868612968293
63.4,-5271600.390575855,14528780.0,49.68868485322117
63.41,-5271565.128054419,14528500.0,49.6886835751318
63.42,-5271530.003631227,14528220.0,49.688682295545
63.43,-5271495.022429576,14527940.0,49.6886810145537
63.44,-5271460.189544768,14527660.0,49.68867973229118
63.45,-5271425.5102227405,14527390.0,49.68867844891479
63.46,-5271390.989431324,14527110.0,49.68867716452212
63.47,-5271356.631642958,14526840.0,49.688675879201135
63.48,-5271322.441510988,14526570.0,49.68867459309916
63.49,-5271288.423870942,14526310.0,49.68867330636746
63.5,-5271254.583670185,14526040.0,49.68867201915919
63.51,-5271220.925610521,14525780.0,49.68867073158321
63.52,-5271187.453841662,14525520.0,49.68866944371575
63.53,-5271154.172780342,14525270.0,49.68866815571346
63.54,-5271121.08684372,14525010.0,49.688666867712016
63.55,-5271088.200323902,14524760.0,49.68866557983606
63.56,-5271055.517619572,14524520.0,49.688664292227344
63.57,-5271023.042627916,14524270.0,49.68866300496626
63.58,-5270990.779385101,14524030.0,49.68866171819758
63.59,-5270958.731995648,14523790.0,49.688660432065326
63.6,-5270926.90441799,14523550.0,49.68865914668317
63.61,-5270895.300445288,14523320.0,49.688657862167055
63.62,-5270863.923775636,14523090.0,49.68865657863767
63.63,-5270832.778297688,14522860.0,49.688655296248754
63.64,-5270801.867662356,14522640.0,49.68865401510269
63.65,-5270771.195245004,14522420.0,49.68865273530009
63.66,-5270740.764734057,14522200.0,49.68865145700854
63.67,-5270710.579596254,14521980.0,49.68865018032924
63.68,-5270680.642949457,14521770.0,49.68864890535622
63.69,-5270650.958150695,14521560.0,49.688647632240205
63.7,-5270621.528475714,14521360.0,49.688646361102535
63.71,-5270592.3569212975,14521160.0,49.68864509203873
63.72,-5270563.4467222635,14520960.0,49.688643825198795
63.73,-5270534.801210061,14520760.0,49.68864256072812
63.74,-5270506.423616524,14520570.0,49.688641298736435
63.75,-5270478.316947674,14520390.0,49.68864003933548
63.76,-5270450.484160931,14520200.0,49.68863878263925
63.77,-5270422.928057257,14520020.0,49.68863752875807
63.78,-5270395.651279869,14519840.0,49.6886362778002
63.79,-5270368.656312967,14519670.0,49.688635029866944
63.8,-5270341.945426736,14519500.0,49.68863378505511
63.81,-5270315.520997939,14519330.0,49.68863254349149
63.82,-5270289.385260099,14519170.0,49.68863130528569
63.83,-5270263.540696276,14519010.0,49.688630070573666
63.84,-5270237.98961133,14518860.0,49.68862883946515
63.85,-5270212.734202119,14518710.0,49.688627612056735
63.86,-5270187.776574545,14518560.0,49.688626388462225
63.87,-5270163.118689139,14518410.0,49.68862516877477
63.88,-5270138.762449448,14518270.0,49.68862395310514
63.89,-5270114.709522544,14518140.0,49.6886227415377
63.9,-5270090.961193942,14518000.0,49.68862153413759
63.91,-5270067.5188838765,14517880.0,49.68862033102771
63.92,-5270044.383879849,14517750.0,49.68861913229457
63.93,-5270021.557443072,14517630.0,49.688617938042604
63.94,-5269999.040862046,14517510.0,49.688616748376774
63.95,-5269976.8352021575,14517400.0,49.68861556337486
63.96,-5269954.941715809,14517290.0,49.6886143831603
63.97,-5269933.36152168,14517180.0,49.68861320781698
63.98,-5269912.09563954,14517080.0,49.68861203743841
63.99,-5269891.145096976,14516980.0,49.68861087211854
64.0,-5269870.510911632,14516890.0,49.68860971195683
64.01,-5269850.193715174,14516800.0,49.688608557011364
64.02,-5269830.19401891,14516720.0,49.688607407354816
64.03,-5269810.512463609,14516630.0,49.68860626309695
64.04,-5269791.149193937,14516560.0,49.688605124269145
64.05,-5269772.104320169,14516480.0,49.68860399095662
64.06,-5269753.37825826,14516410.0,49.688602863277126
64.07,-5269734.971320561,14516350.0,49.68860174130521
64.08,-5269716.883733028,14516280.0,49.68860062511658
64.09,-5269699.115312336,14516220.0,49.688599514748674
64.1,-5269681.665623922,14516170.0,49.688598410250336
64.11,-5269664.534374045,14516120.0,49.68859731171165
64.12,-5269647.720981341,14516070.0,49.688596219180575
64.13,-5269631.224825362,14516030.0,49.6885951327135
64.14,-5269615.045425498,14515990.0,49.68859405240592
64.15,-5269599.182549684,14515960.0,49.68859297834834
64.16,-5269583.63567937,14515930.0,49.688591910588485
64.17,-5269568.403899941,14515900.0,49.68859084914368
64.18,-5269553.4862737665,14515880.0,49.68858979408176
64.19,-5269538.882323646,14515860.0,49.6885887455073
64.2,-5269524.591105552,14515850.0,49.68858770344106
64.21,-5269510.611169268,14515840.0,49.688586667882866
64.22,-5269496.941020095,14515830.0,49.68858563888478
64.23,-5269483.579620074,14515830.0,49.68858461654349
64.24,-5269470.525854645,14515830.0,49.68858360091064
64.25,-5269457.778371079,14515830.0,49.68858259201223
64.26,-5269445.3360065,14515840.0,49.68858158992281
64.27,-5269433.197538918,14515850.0,49.688580594681426
64.28,-5269421.3613646375,14515870.0,49.68857960630295
64.29,-5269409.826157927,14515890.0,49.688578624858295
64.3,-5269398.590479513,14515910.0,49.688577650382754
64.31,-5269387.6523103155,14515940.0,49.688576682855
64.32,-5269377.009691654,14515970.0,49.688575722320024
64.33,-5269366.660851291,14516010.0,49.68857476883428
64.34,-5269356.603972371,14516040.0,49.68857382243149
64.35,-5269346.837085836,14516090.0,49.68857288312566
64.36,-5269337.357890381,14516130.0,49.68857195091928
64.37,-5269328.164502071,14516180.0,49.688571025881515
64.38,-5269319.255099789,14516240.0,49.688570108054485
64.39,-5269310.627514103,14516290.0,49.68856919743082
64.4,-5269302.279582832,14516360.0,49.688568294036806
64.41,-5269294.209402007,14516420.0,49.688567397926484
64.42,-5269286.4148267815,14516490.0,49.688566509099694
64.43,-5269278.893505544,14516560.0,49.6885656275599
64.44,-5269271.643290325,14516630.0,49.68856475334441
64.45,-5269264.661719377,14516710.0,49.68856388644737
64.46,-5269257.946265585,14516790.0,49.68856302686932
64.47,-5269251.494282458,14516880.0,49.68856217461442
64.48,-5269245.303433168,14516970.0,49.68856132973312
64.49,-5269239.371317213,14517060.0,49.68856049223041
64.5,-5269233.695308999,14517160.0,49.68855966208966
64.51,-5269228.272592074,14517250.0,49.68855883930544
64.52,-5269223.100480163,14517360.0,49.688558023892384
64.53,-5269218.176418436,14517460.0,49.6885572158735
64.54,-5269213.497483435,14517570.0,49.68855641521229
64.55,-5269209.060648963,14517680.0,49.688555621901806
64.56,-5269204.863107803,14517800.0,49.68855483595739
64.57,-5269200.9019693285,14517920.0,49.688554057378504
64.58,-5269197.174312782,14518040.0,49.68855328615417
64.59,-5269193.677097748,14518160.0,49.68855252226756
64.6,-5269190.407181356,14518290.0,49.68855176569948
64.61,-5269187.361640008,14518420.0,49.68855101646992
64.62,-5269184.537735556,14518550.0,49.68855027459026
64.63,-5269181.932218687,14518690.0,49.688549539996174
64.64,-5269179.541915976,14518830.0,49.688548812682356
64.65,-5269177.36371283,14518970.0,49.68854809264459
64.66,-5269175.394769065,14519110.0,49.68854737989417
64.67,-5269173.632413897,14519260.0,49.68854667444476
64.68,-5269172.073323831,14519410.0,49.68854597621069
64.69,-5269170.714323452,14519560.0,49.68854528518247
64.7,-5269169.552386843,14519720.0,49.688544601365265
64.71,-5269168.584262987,14519880.0,49.6885439247133
64.72,-5269167.806474202,14520040.0,49.68854325517603
64.73,-5269167.215672696,14520200.0,49.68854259274366
64.74,-5269166.808910428,14520370.0,49.68854193743514
64.75,-5269166.582836761,14520530.0,49.68854128918477
64.76,-5269166.533928257,14520700.0,49.68854064794363
64.77,-5269166.658935178,14520880.0,49.68854001370843
64.78,-5269166.954489976,14521050.0,49.6885393864434
64.79,-5269167.417393079,14521230.0,49.68853876612885
64.8,-5269168.044578635,14521410.0,49.6885381527576
64.81,-5269168.832703969,14521590.0,49.68853754626095
64.82,-5269169.778058058,14521780.0,49.6885369465667
64.83,-5269170.8769348515,14521960.0,49.68853635363554
64.84,-5269172.125597749,14522150.0,49.68853576742161
64.85,-5269173.5206018975,14522340.0,49.68853518791568
64.86,-5269175.058349106,14522530.0,49.688534615060014
64.87,-5269176.735212199,14522730.0,49.68853404880991
64.88,-5269178.547928932,14522920.0,49.688533489160406
64.89,-5269180.492888894,14523120.0,49.68853293603427
64.9,-5269182.566471159,14523320.0,49.68853238937805
64.91,-5269184.765098147,14523520.0,49.6885318491541
64.92,-5269187.085146655,14523720.0,49.68853131530801
64.93,-5269189.5231805025,14523930.0,49.6885307878111
64.94,-5269192.075450861,14524130.0,49.68853026658085
64.95,-5269194.7380372435,14524340.0,49.688529751540635
64.96,-5269197.50711494,14524550.0,49.68852924265136
64.97,-5269200.379081355,14524760.0,49.68852873987431
64.98,-5269203.350432662,14524970.0,49.68852824317134
64.99,-5269206.417890133,14525190.0,49.68852775251118
65.0,-5269209.578044013,14525400.0,49.6885272678296
65.01,-5269212.82695875,14525620.0,49.688526789007334
65.02,-5269216.160813615,14525830.0,49.68852631599835
65.03,-5269219.57608289,14526050.0,49.68852584877282
65.04,-5269223.069054988,14526270.0,49.68852538724892
65.05,-5269226.636171369,14526490.0,49.688524931381686
65.06,-5269230.273920528,14526710.0,49.68852448111683
65.07,-5269233.978552081,14526940.0,49.688524036363646
65.08,-5269237.746218296,14527160.0,49.688523597041865
65.09,-5269241.57300934,14527380.0,49.68852316308299
65.1,-5269245.455203674,14527610.0,49.688522734431224
65.11,-5269249.389251854,14527830.0,49.688522311044245
65.12,-5269253.372010866,14528060.0,49.68852189289367
65.13,-5269257.400371516,14528290.0,49.688521479926784
65.14,-5269261.470918651,14528510.0,49.68852107203951
65.15,-5269265.579875168,14528740.0,49.68852066912953
65.16,-5269269.723296276,14528970.0,49.68852027109636
65.17,-5269273.897390663,14529200.0,49.68851987788616
65.18,-5269278.098539814,14529430.0,49.68851948944042
65.19,-5269282.322959385,14529660.0,49.688519105670956
65.2,-5269286.567271025,14529890.0,49.6885187265408
65.21,-5269290.828093972,14530120.0,49.68851835197942
65.22,-5269295.101919852,14530350.0,49.6885179818994
65.23,-5269299.385362501,14530580.0,49.68851761623602
65.24,-5269303.674997957,14530810.0,49.68851725491019
65.25,-5269307.967274784,14531040.0,49.68851689783502
65.26,-5269312.258602753,14531280.0,49.68851654492083
65.27,-5269316.54562128,14531510.0,49.68851619611788
65.28,-5269320.8248254,14531740.0,49.688515851330784
65.29,-5269325.092743827,14531970.0,49.68851551047955
65.3,-5269329.346243779,14532200.0,49.68851517352599
65.31,-5269333.582247328,14532430.0,49.6885148404
65.32,-5269337.79758872,14532660.0,49.68851451100652
65.33,-5269341.988781038,14532890.0,49.688514185237274
65.34,-5269346.152712104,14533120.0,49.68851386305121
65.35,-5269350.2864685515,14533350.0,49.68851354438278
65.36,-5269354.38708685,14533580.0,49.68851322915967
65.37,-5269358.451642546,14533810.0,49.688512917298
65.38,-5269362.477143262,14534040.0,49.688512608717296
65.39,-5269366.460940092,14534270.0,49.68851230337208
65.4,-5269370.40028281,14534490.0,49.68851200117633
65.41,-5269374.292122195,14534720.0,49.688511702014985
65.42,-5269378.1332509965,14534940.0,49.68851140579195
65.43,-5269381.920517674,14535170.0,49.68851111242586
65.44,-5269385.650647906,14535390.0,49.68851082181425
65.45,-5269389.32042279,14535620.0,49.68851053387973
65.46,-5269392.926858473,14535840.0,49.688510248564285
65.47,-5269396.4670828,14536060.0,49.688509965792356
65.48,-5269399.938551175,14536280.0,49.68850968551597
65.49,-5269403.338458375,14536500.0,49.68850940763105
65.5,-5269406.66395143,14536720.0,49.688509132040025
65.51,-5269409.91230839,14536940.0,49.68850885867934
65.52,-5269413.080652982,14537160.0,49.68850858744672
65.53,-5269416.166401101,14537380.0,49.68850831828613
65.54,-5269419.167155803,14537590.0,49.68850805113864
65.55,-5269422.0804223735,14537800.0,49.68850778591279
65.56,-5269424.903750861,14538020.0,49.68850752252946
65.57,-5269427.634826031,14538230.0,49.68850726092154
65.58,-5269430.271199923,14538440.0,49.68850700099484
65.59,-5269432.8108817395,14538650.0,49.6885067427164
65.6,-5269435.251947613,14538860.0,49.688506486016834
65.61,-5269437.592415841,14539070.0,49.68850623081549
65.62,-5269439.830443418,14539270.0,49.688505977047875
65.63,-5269441.963861625,14539480.0,49.688505724599224
65.64,-5269443.990782265,14539680.0,49.6885054734267
65.65,-5269445.909474598,14539880.0,49.688505223465405
65.66,-5269447.718205471,14540080.0,49.688504974643834
65.67,-5269449.415167686,14540280.0,49.68850472687769
65.68,-5269450.998855461,14540480.0,49.688504480122
65.69,-5269452.46779826,14540670.0,49.68850423431313
65.7,-5269453.820668503,14540870.0,49.68850398938956
65.71,-5269455.056067841,14541060.0,49.68850374527729
65.72,-5269456.17231172,14541250.0,49.68850350187062
65.73,-5269457.168143333,14541440.0,49.68850325914384
65.74,-5269458.042253575,14541630.0,49.688503017022356
65.75,-5269458.793388055,14541820.0,49.68850277543931
65.76,-5269459.420275894,14542000.0,49.68850253432567
65.77,-5269459.921737025,14542190.0,49.68850229362119
65.78,-5269460.296647083,14542370.0,49.688502053264415
65.79,-5269460.5436692545,14542550.0,49.68850181316466
65.8,-5269460.6613958115,14542730.0,49.68850157324198
65.81,-5269460.648437075,14542910.0,49.68850133342911
65.82,-5269460.503546896,14543090.0,49.688501093666936
65.83,-5269460.225265676,14543260.0,49.6885008538684
65.84,-5269459.812527458,14543430.0,49.68850061400302
65.85,-5269459.264591433,14543600.0,49.6885003740412
65.86,-5269458.580417791,14543770.0,49.68850013388723
65.87,-5269457.758915991,14543940.0,49.688499893468965
65.88,-5269456.799087578,14544110.0,49.68849965273103
65.89,-5269455.699847839,14544270.0,49.68849941159715
65.9,-5269454.459899749,14544430.0,49.68849916997591
65.91,-5269453.078305248,14544600.0,49.688498927842936
65.92,-5269451.554255312,14544750.0,49.688498685144445
65.93,-5269449.886569589,14544910.0,49.68849844177873
65.94,-5269448.074087337,14545070.0,49.68849819767612
65.95,-5269446.115810809,14545220.0,49.688497952796816
65.96,-5269444.010888634,14545370.0,49.68849770708441
65.97,-5269441.758437892,14545520.0,49.68849746047724
65.98,-5269439.3575080205,14545670.0,49.688497212905055
65.99,-5269436.807151863,14545810.0,49.68849696429874
66.0,-5269434.106604734,14545960.0,49.68849671462441
66.01,-5269431.255017253,14546100.0,49.688496463803325
66.02,-5269428.251418817,14546240.0,49.68849621176511
66.03,-5269425.095146346,14546380.0,49.68849595848028
66.04,-5269421.785470684,14546510.0,49.688495703879155
66.05,-5269418.321291625,14546640.0,49.68849544786538
66.06,-5269414.701779539,14546780.0,49.68849519039784
66.07,-5269410.925929862,14546900.0,49.68849493140048
66.08,-5269406.9924900485,14547030.0,49.68849467078097
66.09,-5269402.900458942,14547160.0,49.688494408504305
66.1,-5269398.648855997,14547280.0,49.688494144508454
66.11,-5269394.236596071,14547400.0,49.68849387871514
66.12,-5269389.662989938,14547520.0,49.68849361110975
66.13,-5269384.927478826,14547630.0,49.688493341649306
66.14,-5269380.029205678,14547750.0,49.688493070241236
66.15,-5269374.967317134,14547860.0,49.68849279682709
66.16,-5269369.740927715,14547960.0,49.688492521338965
66.17,-5269364.349012108,14548070.0,49.68849224370649
66.18,-5269358.790815858,14548180.0,49.688491963895245
66.19,-5269353.065391954,14548280.0,49.68849168182381
66.2,-5269347.171670887,14548370.0,49.68849139742072
66.21,-5269341.108871487,14548470.0,49.688491110654006
66.22,-5269334.87610927,14548560.0,49.68849082145363
66.23,-5269328.4725030195,14548650.0,49.68849052976043
66.24,-5269321.897228508,14548740.0,49.68849023552283
66.25,-5269315.1492861435,14548830.0,49.68848993866169
66.26,-5269308.227696513,14548910.0,49.688489639117066
66.27,-5269301.131607961,14548990.0,49.68848933684301
66.28,-5269293.860046902,14549070.0,49.688489031771105
66.29,-5269286.41222122,14549140.0,49.68848872385597
66.3,-5269278.787557512,14549210.0,49.68848841306917
66.31,-5269270.985219322,14549280.0,49.68848809932347
66.32,-5269263.0040692175,14549350.0,49.68848778252896
66.33,-5269254.843364678,14549410.0,49.68848746266686
66.34,-5269246.502510555,14549470.0,49.68848713969888
66.35,-5269237.980666276,14549530.0,49.688486813540756
66.36,-5269229.277101971,14549580.0,49.688486484148086
66.37,-5269220.3914321,14549640.0,49.68848615150661
66.38,-5269211.323206321,14549680.0,49.68848581555324
66.39,-5269202.071873111,14549730.0,49.68848547622991
66.4,-5269192.636886345,14549770.0,49.68848513347805
66.41,-5269183.017347189,14549810.0,49.68848478720791
66.42,-5269173.212520515,14549850.0,49.68848443738108
66.43,-5269163.222158483,14549880.0,49.688484083998006
66.44,-5269153.046056744,14549910.0,49.68848372701695
66.45,-5269142.683875658,14549940.0,49.6884833663675
66.46,-5269132.134781046,14549960.0,49.68848300195511
66.47,-5269121.398245973,14549980.0,49.6884826337481
66.48,-5269110.474196396,14550000.0,49.68848226175629
66.49,-5269099.36244175,14550020.0,49.688481885916765
66.5,-5269088.062494888,14550030.0,49.68848150614919
66.51,-5269076.573802438,14550040.0,49.688481122396425
66.52,-5269064.895905388,14550040.0,49.688480734620825
66.53,-5269053.028278649,14550040.0,49.68848034276255
66.54,-5269040.970509537,14550040.0,49.688479946787155
66.55,-5269028.72245978,14550040.0,49.68847954667508
66.56,-5269016.283658857,14550030.0,49.688479142348335
66.57,-5269003.654053336,14550020.0,49.68847873379986
66.58,-5268990.833580404,14550000.0,49.68847832099283
66.59,-5268977.8218812365,14549980.0,49.68847790384457
66.6,-5268964.618835754,14549960.0,49.68847748234085
66.61,-5268951.224439121,14549940.0,49.68847705644783
66.62,-5268937.638641461,14549910.0,49.68847662612003
66.63,-5268923.861222078,14549880.0,49.68847619130044
66.64,-5268909.891823853,14549840.0,49.68847575192669
66.65,-5268895.730220692,14549800.0,49.688475307968396
66.66,-5268881.376157368,14549760.0,49.68847485938233
66.67,-5268866.829671538,14549720.0,49.688474406157226
66.68,-5268852.090881155,14549670.0,49.6884739482626
66.69,-5268837.159895497,14549620.0,49.688473485662456
66.7,-5268822.037119435,14549560.0,49.68847301834604
66.71,-5268806.722628996,14549500.0,49.688472546251674
66.72,-5268791.216329817,14549440.0,49.68847206931628
66.73,-5268775.518188505,14549380.0,49.688471587511614
66.74,-5268759.62817934,14549310.0,49.68847110079804
66.75,-5268743.546194742,14549240.0,49.68847060913023
66.76,-5268727.272348969,14549160.0,49.688470112493796
66.77,-5268710.807123058,14549080.0,49.68846961089859
66.78,-5268694.150884216,14549000.0,49.68846910429598
66.79,-5268677.303795301,14548910.0,49.6884685926359
66.8,-5268660.266493527,14548830.0,49.688468075934935
66.81,-5268643.039753954,14548730.0,49.68846755418743
66.82,-5268625.624096558,14548640.0,49.688467027334234
66.83,-5268608.019730381,14548540.0,49.688466495312255
66.84,-5268590.226837461,14548440.0,49.68846595809047
66.85,-5268572.245823237,14548330.0,49.688465415662506
66.86,-5268554.07712128,14548220.0,49.688464868002114
66.87,-5268535.721068106,14548110.0,49.688464315069794
66.88,-5268517.177759066,14548000.0,49.6884637568119
66.89,-5268498.44733286,14547880.0,49.68846319320476
66.9,-5268479.5305268895,14547760.0,49.688462624279914
66.91,-5268460.4278582875,14547630.0,49.68846204999858
66.92,-5268441.139675788,14547500.0,49.688461470310635
66.93,-5268421.666623852,14547370.0,49.68846088522412
66.94,-5268402.009322643,14547240.0,49.688460294717665
66.95,-5268382.168224492,14547100.0,49.68845969874878
66.96,-5268362.143791535,14546960.0,49.68845909729286
66.97,-5268341.936567339,14546810.0,49.68845849033824
66.98,-5268321.547284898,14546670.0,49.68845787788225
66.99,-5268300.976850158,14546520.0,49.68845725992798
67.0,-5268280.226361185,14546360.0,49.68845663648167
67.01,-5268259.297145421,14546210.0,49.688456007550634
67.02,-5268238.190277913,14546050.0,49.68845537310282
67.03,-5268216.906811972,14545880.0,49.68845473311544
67.04,-5268195.447975842,14545720.0,49.68845408760397
67.05,-5268173.815191887,14545550.0,49.68845343657667
67.06,-5268152.009630371,14545380.0,49.68845277999574
67.07,-5268130.032529627,14545210.0,49.68845211786581
67.08,-5268107.885500883,14545030.0,49.68845145021383
67.09,-5268085.56986859,14544850.0,49.68845077701432
67.1,-5268063.086811254,14544670.0,49.688450098234256
67.11,-5268040.437825704,14544480.0,49.68844941391007
67.12,-5268017.624836944,14544300.0,49.688448724085966
67.13,-5267994.649538907,14544100.0,49.68844802874201
67.14,-5267971.513678959,14543910.0,49.688447327880006
67.15,-5267948.219058184,14543720.0,49.68844662151353
67.16,-5267924.767674914,14543520.0,49.688445909666356
67.17,-5267901.161654522,14543320.0,49.688445192364874
67.18,-5267877.403017509,14543110.0,49.6884444695995
67.19,-5267853.493964993,14542910.0,49.68844374140744
67.2,-5267829.436862087,14542700.0,49.688443007815295
67.21,-5267805.23384511,14542490.0,49.688442268809524
67.22,-5267780.88708818,14542270.0,49.68844152441355
67.23,-5267756.398767547,14542060.0,49.68844077463873
67.24,-5267731.771312129,14541840.0,49.688440019526034
67.25,-5267707.007100968,14541620.0,49.68843925909221
67.26,-5267682.108391029,14541400.0,49.68843849334149
67.27,-5267657.077477226,14541170.0,49.68843772229497
67.28,-5267631.916459778,14540950.0,49.688436945951764
67.29,-5267606.627403666,14540720.0,49.68843616432652
67.3,-5267581.212481447,14540490.0,49.68843537744331
67.31,-5267555.674188828,14540250.0,49.68843458536939
67.32,-5267530.015400809,14540020.0,49.68843378816127
67.33,-5267504.238747819,14539780.0,49.68843298583143
67.34,-5267478.347114946,14539540.0,49.68843217842902
67.35,-5267452.343357293,14539300.0,49.68843136598713
67.36,-5267426.230245833,14539060.0,49.68843054852931
67.37,-5267400.010681429,14538820.0,49.68842972610093
67.38,-5267373.687445003,14538570.0,49.68842889872579
67.39,-5267347.263088966,14538320.0,49.68842806640746
67.4,-5267320.7403828725,14538080.0,49.688427229207804
67.41,-5267294.122332886,14537820.0,49.6884263871864
67.42,-5267267.411789562,14537570.0,49.6884255403682
67.43,-5267240.611876163,14537320.0,49.68842468881889
67.44,-5267213.725453474,14537060.0,49.68842383255538
67.45,-5267186.755207065,14536810.0,49.68842297159769
67.46,-5267159.703950115,14536550.0,49.68842210599445
67.47,-5267132.574409403,14536290.0,49.68842123578085
67.48,-5267105.369421416,14536030.0,49.68842036101363
67.49,-5267078.092452324,14535770.0,49.68841948180167
67.5,-5267050.747083546,14535510.0,49.688418598210866
67.51,-5267023.336367858,14535240.0,49.68841771024021
67.52,-5266995.863451684,14534980.0,49.68841681794249
67.53,-5266968.331772632,14534710.0,49.68841592140609
67.54,-5266940.74497209,14534450.0,49.688415020708064
67.55,-5266913.106431106,14534180.0,49.68841411587429
67.56,-5266885.419518787,14533910.0,49.68841320696695
67.57,-5266857.687860608,14533640.0,49.68841229406398
67.58,-5266829.914641933,14533370.0,49.6884113771837
67.59,-5266802.102980336,14533100.0,49.68841045636821
67.6,-5266774.256265109,14532830.0,49.688409531710064
67.61,-5266746.378159242,14532560.0,49.68840860329905
67.62,-5266718.472511884,14532290.0,49.68840767122194
67.63,-5266690.543234291,14532020.0,49.688406735556015
67.64,-5266662.593941988,14531750.0,49.68840579633172
67.65,-5266634.627862687,14531470.0,49.6884048535774
67.66,-5266606.648173223,14531200.0,49.688403907351535
67.67,-5266578.658195955,14530930.0,49.68840295773236
67.68,-5266550.661489277,14530660.0,49.68840200480978
67.69,-5266522.661795621,14530380.0,49.68840104867872
67.7,-5266494.663042721,14530110.0,49.68840008943413
67.71,-5266466.669327003,14529840.0,49.68839912716676
67.72,-5266438.684735647,14529560.0,49.688398161960016
67.73,-5266410.713346318,14529290.0,49.688397193887326
67.74,-5266382.759012005,14529020.0,49.68839622301019
67.75,-5266354.825681333,14528740.0,49.68839524941514
67.76,-5266326.917452859,14528470.0,49.68839427320123
67.77,-5266299.038289562,14528200.0,49.68839329443745
67.78,-5266271.192125005,14527930.0,49.68839231320359
67.79,-5266243.382862912,14527660.0,49.688391329580654
67.8,-5266215.614376734,14527390.0,49.68839034364941
67.81,-5266187.890437608,14527120.0,49.68838935548314
67.82,-5266160.214659637,14526850.0,49.68838836514813
67.83,-5266132.591053549,14526580.0,49.68838737277518
67.84,-5266105.0237431945,14526320.0,49.68838637846109
67.85,-5266077.516643948,14526050.0,49.68838538228086
67.86,-5266050.073675729,14525780.0,49.68838438431762
67.87,-5266022.698727057,14525520.0,49.6883833846627
67.88,-5265995.395654614,14525260.0,49.688382383403585
67.89,-5265968.1682828255,14524990.0,49.68838138062661
67.9,-5265941.0206362065,14524730.0,49.68838037644553
67.91,-5265913.956385704,14524470.0,49.68837937091709
67.92,-5265886.979150112,14524210.0,49.688378364129484
67.93,-5265860.092674559,14523960.0,49.68837735618227
67.94,-5265833.300491153,14523700.0,49.68837634715024
67.95,-5265806.606400589,14523440.0,49.6883753371558
67.96,-5265780.014062302,14523190.0,49.68837432627715
67.97,-5265753.527046912,14522940.0,49.68837331459851
67.98,-5265727.149068142,14522690.0,49.68837230223399
67.99,-5265700.88391219,14522440.0,49.68837128928459
68.0,-5265674.735527683,14522200.0,49.6883702758723
68.01,-5265648.707829855,14521950.0,49.68836926209269
68.02,-5265622.804503154,14521710.0,49.68836824801942
68.03,-5265597.029446895,14521470.0,49.688367233779005
68.04,-5265571.386723111,14521230.0,49.688366219493446
68.05,-5265545.880539777,14520990.0,49.68836520528308
68.06,-5265520.515090658,14520760.0,49.68836419125635
68.07,-5265495.294196911,14520520.0,49.68836317747556
68.08,-5265470.221518827,14520300.0,49.688362164036754
68.09,-5265445.300912519,14520070.0,49.68836115105518
68.1,-5265420.536341823,14519840.0,49.68836013865994
68.11,-5265395.931699944,14519620.0,49.68835912694483
68.12,-5265371.490504351,14519400.0,49.688358115977834
68.13,-5265347.2166815065,14519180.0,49.68835710591225
68.14,-5265323.114390925,14518960.0,49.68835609688362
68.15,-5265299.187579246,14518750.0,49.688355088979705
68.16,-5265275.439853043,14518540.0,49.68835408227885
68.17,-5265251.8748699045,14518330.0,49.688353076889555
68.18,-5265228.496356629,14518130.0,49.68835207293359
68.19,-5265205.30825289,14517930.0,49.688351070544876
68.2,-5265182.314318879,14517730.0,49.68835006981778
68.21,-5265159.517918875,14517530.0,49.68834907082039
68.22,-5265136.922447711,14517340.0,49.68834807366407
68.23,-5265114.531277193,14517150.0,49.68834707845442
68.24,-5265092.347630486,14516960.0,49.68834608528809
68.25,-5265070.375261246,14516780.0,49.68834509432789
68.26,-5265048.618314495,14516600.0,49.688344105739404
68.27,-5265027.080398512,14516420.0,49.688343119579045
68.28,-5265005.764866915,14516250.0,49.68834213592923
68.29,-5264984.675138836,14516080.0,49.688341154918106
68.3,-5264963.814824684,14515910.0,49.68834017667288
68.31,-5264943.187530606,14515750.0,49.688339201312566
68.32,-5264922.796822533,14515590.0,49.688338228948496
68.33,-5264902.646458524,14515440.0,49.688337259717315
68.34,-5264882.740103702,14515280.0,49.68833629373247
68.35,-5264863.081239868,14515140.0,49.688335331088034
68.36,-5264843.673271373,14514990.0,49.68833437189421
68.37,-5264824.519649751,14514850.0,49.68833341626972
68.38,-5264805.623820281,14514720.0,49.68833246433581
68.39,-5264786.989275564,14514580.0,49.688331516211576
68.4,-5264768.619412565,14514460.0,49.6883305720103
68.41,-5264750.517549658,14514330.0,49.68832963183675
68.42,-5264732.686800586,14514210.0,49.68832869578504
68.43,-5264715.130287614,14514100.0,49.68832776397578
68.44,-5264697.851320592,14513980.0,49.6883268365436
68.45,-5264680.8531118855,14513880.0,49.68832591359478
68.46,-5264664.13888295,14513780.0,49.68832499524838
68.47,-5264647.711882249,14513680.0,49.68832408162693
68.48,-5264631.575063079,14513580.0,49.68832317281666
68.49,-5264615.731206506,14513500.0,49.688322268910674
68.5,-5264600.182902031,14513410.0,49.68832137000133
68.51,-5264584.932886238,14513330.0,49.688320476219104
68.52,-5264569.983900687,14513260.0,49.68831958767672
68.53,-5264555.338297983,14513180.0,49.68831870444063
68.54,-5264540.998289335,14513120.0,49.68831782660953
68.55,-5264526.966283627,14513060.0,49.68831695430509
68.56,-5264513.244512956,14513000.0,49.688316087625836
68.57,-5264499.835031218,14512950.0,49.68831522665298
68.58,-5264486.739838022,14512900.0,49.688314371487685
68.59,-5264473.960681302,14512860.0,49.68831352220608
68.6,-5264461.499252293,14512820.0,49.688312678904694
68.61,-5264449.357310441,14512790.0,49.68831184168818
68.62,-5264437.536379576,14512760.0,49.68831101063351
68.63,-5264426.037567007,14512740.0,49.68831018579144
68.64,-5264414.861757219,14512720.0,49.68830936723266
68.65,-5264404.010147332,14512700.0,49.688308555075125
68.66,-5264393.484088516,14512700.0,49.68830774943721
68.67,-5264383.284818679,14512690.0,49.688306950398
68.68,-5264373.413193029,14512690.0,49.688306158008054
68.69,-5264363.870218262,14512700.0,49.688305372369236
68.7,-5264354.656588297,14512710.0,49.68830459354281
68.71,-5264345.7726102285,14512730.0,49.68830382156703
68.72,-5264337.218684802,14512750.0,49.68830305653011
68.73,-5264328.995271456,14512770.0,49.688302298523794
68.74,-5264321.102942604,14512800.0,49.688301547642716
68.75,-5264313.5420981385,14512840.0,49.688300803945076
68.76,-5264306.312677662,14512880.0,49.68830006746392
68.77,-5264299.414783637,14512930.0,49.68829933828724
68.78,-5264292.8486290835,14512980.0,49.68829861650501
68.79,-5264286.613965596,14513030.0,49.68829790213816
68.8,-5264280.7103304695,14513090.0,49.6882971952315
68.81,-5264275.1371525675,14513150.0,49.68829649584348
68.82,-5264269.8940202035,14513220.0,49.68829580405043
68.83,-5264264.980646744,14513300.0,49.68829511993771
68.84,-5264260.396764315,14513380.0,49.688294443566384
68.85,-5264256.141819688,14513460.0,49.688293774976565
68.86,-5264252.214990053,14513550.0,49.68829311419654
68.87,-5264248.615431712,14513640.0,49.688292461282416
68.88,-5264245.342208455,14513740.0,49.688291816275076
68.89,-5264242.394470046,14513840.0,49.68829117924706
68.9,-5264239.771417267,14513950.0,49.68829055025253
68.91,-5264237.471496728,14514060.0,49.68828992926501
68.92,-5264235.493361953,14514170.0,49.68828931634848
68.93,-5264233.836036368,14514290.0,49.68828871159209
68.94,-5264232.497806291,14514420.0,49.6882881149644
68.95,-5264231.476895646,14514550.0,49.68828752649635
68.96,-5264230.771823806,14514680.0,49.68828694625794
68.97,-5264230.380369612,14514820.0,49.68828637420978
68.98,-5264230.300371452,14514960.0,49.68828581038395
68.99,-5264230.53005027,14515100.0,49.68828525485897
69.0,-5264231.067135456,14515250.0,49.688284707610066
69.01,-5264231.909237169,14515410.0,49.688284168650114
69.02,-5264233.054042593,14515570.0,49.68828363801527
69.03,-5264234.498958673,14515730.0,49.688283115694766
69.04,-5264236.241504052,14515900.0,49.68828260171827
69.05,-5264238.279166961,14516070.0,49.688282096108566
69.06,-5264240.609208259,14516240.0,49.68828159885358
69.07,-5264243.228785206,14516420.0,49.68828110995271
69.08,-5264246.135004613,14516600.0,49.68828062941773
69.09,-5264249.325119665,14516790.0,49.68828015727345
69.1,-5264252.79631647,14516980.0,49.688279693519625
69.11,-5264256.545230325,14517170.0,49.68827923810421
69.12,-5264260.568407139,14517360.0,49.68827879101539
69.13,-5264264.8625178775,14517560.0,49.68827835227065
69.14,-5264269.424431462,14517770.0,49.68827792188148
69.15,-5264274.251019658,14517980.0,49.68827749985535
69.16,-5264279.338978299,14518180.0,49.68827708616473
69.17,-5264284.684915681,14518400.0,49.68827668079705
69.18,-5264290.28515517,14518620.0,49.68827628371375
69.19,-5264296.136073427,14518840.0,49.68827589490466
69.2,-5264302.234244355,14519060.0,49.68827551437673
69.21,-5264308.575885878,14519280.0,49.68827514208621
69.22,-5264315.1567320395,14519510.0,49.68827477795067
69.23,-5264321.972441281,14519750.0,49.688274421941955
69.24,-5264329.0190438,14519980.0,49.688274074069774
69.25,-5264336.292532989,14520220.0,49.68827373430964
69.26,-5264343.788686375,14520460.0,49.68827340261148
69.27,-5264351.503064206,14520700.0,49.6882730789126
69.28,-5264359.431187075,14520950.0,49.688272763180585
69.29,-5264367.56887614,14521200.0,49.68827245541127
69.3,-5264375.9117902685,14521450.0,49.68827215554991
69.31,-5264384.455174366,14521700.0,49.68827186351261
69.32,-5264393.1943756575,14521960.0,49.68827157926859
69.33,-5264402.124952256,14522210.0,49.68827130279473
69.34,-5264411.242424473,14522470.0,49.68827103404298
69.35,-5264420.542149481,14522740.0,49.68827077295034
69.36,-5264430.019320316,14523000.0,49.68827051944686
69.37,-5264439.668929072,14523270.0,49.68827027346187
69.38,-5264449.485908871,14523530.0,49.688270034929
69.39,-5264459.465527637,14523800.0,49.688269803828824
69.4,-5264469.603408999,14524080.0,49.688269580141764
69.41,-5264479.894478967,14524350.0,49.688269363743
69.42,-5264490.333211371,14524620.0,49.688269154510415
69.43,-5264500.914251273,14524900.0,49.68826895239721
69.44,-5264511.632345063,14525180.0,49.688268757346506
69.45,-5264522.4820551,14525460.0,49.68826856926278
69.46,-5264533.458188311,14525740.0,49.688268388102664
69.47,-5264544.555816372,14526020.0,49.68826821382382
69.48,-5264555.769382838,14526300.0,49.68826804628299
69.49,-5264567.093110288,14526590.0,49.68826788537881
69.5,-5264578.521715123,14526880.0,49.68826773107743
69.51,-5264590.049820954,14527160.0,49.68826758329339
69.52,-5264601.672101407,14527450.0,49.68826744194736
69.53,-5264613.382922732,14527740.0,49.68826730692532
69.54,-5264625.176717687,14528030.0,49.688267178138986
69.55,-5264637.047986384,14528320.0,49.688267055513336
69.56,-5264648.990921131,14528600.0,49.68826693892385
69.57,-5264660.999851941,14528900.0,49.68826682828357
69.58,-5264673.069050985,14529190.0,49.68826672350168
69.59,-5264685.192965232,14529480.0,49.688266624492634
69.6,-5264697.366164427,14529770.0,49.68826653117715
69.61,-5264709.583145418,14530060.0,49.688266443450466
69.62,-5264721.837884225,14530350.0,49.68826636115441
69.63,-5264734.124279841,14530650.0,49.68826628417462
69.64,-5264746.436834372,14530940.0,49.68826621246581
69.65,-5264758.770049355,14531230.0,49.68826614593244
69.66,-5264771.118264889,14531520.0,49.68826608444763
69.67,-5264783.475819797,14531820.0,49.68826602790074
69.68,-5264795.83715934,14532110.0,49.688265976199155
69.69,-5264808.1967289215,14532400.0,49.688265929230944
69.7,-5264820.548884842,14532690.0,49.68826588687726
69.71,-5264832.88791178,14532980.0,49.688265849015956
69.72,-5264845.208094129,14533270.0,49.68826581553062
69.73,-5264857.5037520975,14533560.0,49.68826578631144
69.74,-5264869.769099022,14533850.0,49.68826576122341
69.75,-5264881.99836615,14534140.0,49.68826574015568
69.76,-5264894.186125361,14534420.0,49.68826572301834
69.77,-5264906.327041473,14534710.0,49.68826570970759
69.78,-5264918.415855334,14534990.0,49.68826570011382
69.79,-5264930.447402577,14535280.0,49.688265694127864
69.8,-5264942.416292314,14535560.0,49.688265691607356
69.81,-5264954.317192065,14535840.0,49.688265692430704
69.82,-5264966.1448463695,14536120.0,49.688265696491555
69.83,-5264977.894077647,14536400.0,49.68826570366802
69.84,-5264989.559572172,14536680.0,49.688265713827995
69.85,-5265001.135664363,14536950.0,49.688265726800665
69.86,-5265012.61678186,14537230.0,49.688265742467365
69.87,-5265023.997840445,14537500.0,49.688265760749175
69.88,-5265035.273836333,14537770.0,49.688265781532145
69.89,-5265046.440026083,14538040.0,49.68826580471829
69.9,-5265057.4917140035,14538310.0,49.68826583018527
69.91,-5265068.4241273785,14538570.0,49.68826585780257
69.92,-5265079.232720438,14538840.0,49.68826588747047
69.93,-5265089.912782429,14539100.0,49.68826591904396
69.94,-5265100.459221601,14539360.0,49.6882659523502
69.95,-5265110.867063726,14539620.0,49.68826598727346
69.96,-5265121.131578581,14539870.0,49.68826602370586
69.97,-5265131.248031395,14540120.0,49.688266061517716
69.98,-5265141.211897856,14540380.0,49.68826610060234
69.99,-5265151.018740624,14540620.0,49.688266140836994
70.0,-5265160.664102752,14540870.0,49.688266182093784
70.01,-5265170.143561391,14541110.0,49.688266224242206
70.02,-5265179.452692422,14541350.0,49.6882662671571
70.03,-5265188.587213827,14541590.0,49.68826631071886
70.04,-5265197.542682586,14541830.0,49.68826635478089
70.05,-5265206.314403998,14542060.0,49.68826639917975
70.06,-5265214.89802073,14542290.0,49.68826644382033
70.07,-5265223.289658905,14542520.0,49.68826648862064
70.08,-5265231.485359095,14542740.0,49.68826653344496
70.09,-5265239.481415961,14542960.0,49.6882665781936
70.1,-5265247.274290858,14543180.0,49.6882666227575
70.11,-5265254.860290952,14543400.0,49.68826666699166
70.12,-5265262.2352995025,14543610.0,49.688266710723624
70.13,-5265269.395417192,14543820.0,49.68826675384383
70.14,-5265276.33699979,14544020.0,49.68826679624795
70.15,-5265283.056409601,14544220.0,49.688266837813366
70.16,-5265289.549943986,14544420.0,49.68826687839735
70.17,-5265295.813387297,14544620.0,49.68826691781588
70.18,-5265301.842830553,14544810.0,49.688266955965894
70.19,-5265307.634870965,14545000.0,49.68826699276989
70.2,-5265313.186114696,14545180.0,49.68826702810285
70.21,-5265318.493248628,14545370.0,49.688267061844385
70.22,-5265323.553399185,14545540.0,49.688267093916764
70.23,-5265328.363365939,14545720.0,49.68826712416313
70.24,-5265332.919959263,14545890.0,49.68826715245419
70.25,-5265337.220340683,14546060.0,49.68826717870884
70.26,-5265341.261864563,14546220.0,49.68826720282192
70.27,-5265345.041828993,14546380.0,49.68826722466617
70.28,-5265348.557367928,14546540.0,49.688267244106136
70.29,-5265351.80544991,14546690.0,49.688267260996675
70.3,-5265354.783199086,14546840.0,49.68826727523276
70.31,-5265357.488147174,14546980.0,49.688267286734444
70.32,-5265359.918111386,14547120.0,49.68826729541471
70.33,-5265362.070713252,14547260.0,49.688267301138765
70.34,-5265363.943538205,14547390.0,49.6882673037847
70.35,-5265365.534493412,14547520.0,49.68826730326953
70.36,-5265366.841434315,14547640.0,49.6882672994752
70.37,-5265367.862307442,14547760.0,49.68826729229397
70.38,-5265368.595169036,14547880.0,49.688267281628406
70.39,-5265369.037971027,14547990.0,49.68826726735268
70.4,-5265369.188721337,14548100.0,49.68826724936243
70.41,-5265369.04596776,14548200.0,49.68826722760471
70.42,-5265368.608103898,14548300.0,49.688267201955895
70.43,-5265367.873278365,14548390.0,49.68826717228345
70.44,-5265366.840019482,14548480.0,49.688267138517695
70.45,-5265365.506969687,14548570.0,49.68826710056576
70.46,-5265363.872689419,14548650.0,49.688267058321195
70.47,-5265361.936014529,14548730.0,49.68826701170397
70.48,-5265359.695789812,14548800.0,49.6882669606175
70.49,-5265357.150815305,14548870.0,49.6882669049567
70.5,-5265354.300114439,14548940.0,49.688266844646535
70.51,-5265351.1431148,14549000.0,49.68826677963684
70.52,-5265347.6794722,14549050.0,49.68826670985932
70.53,-5265343.908571026,14549100.0,49.688266635196804
70.54,-5265339.82957568,14549150.0,49.6882665555333
70.55,-5265335.441804752,14549200.0,49.6882664707902
70.56,-5265330.744929116,14549230.0,49.688266380919096
70.57,-5265325.738473279,14549270.0,49.688266285818685
70.58,-5265320.42192153,14549300.0,49.688266185391456
70.59,-5265314.795272587,14549320.0,49.68826607961151
70.6,-5265308.858488509,14549340.0,49.68826596839683
70.61,-5265302.611225678,14549360.0,49.68826585162767
70.62,-5265296.053190354,14549370.0,49.68826572922625
70.63,-5265289.184389643,14549380.0,49.68826560114786
70.64,-5265282.005026336,14549380.0,49.688265467335356
70.65,-5265274.5154287005,14549380.0,49.68826532772476
70.66,-5265266.7158901915,14549380.0,49.688265182243555
70.67,-5265258.606704833,14549360.0,49.68826503081548
70.68,-5265250.188381941,14549350.0,49.68826487339653
70.69,-5265241.461880464,14549330.0,49.68826470996765
70.7,-5265232.428379619,14549310.0,49.68826454049025
70.71,-5265223.089083492,14549280.0,49.68826436491264
70.72,-5265213.445149414,14549250.0,49.688264183169025
70.73,-5265203.497579961,14549220.0,49.688263995184805
70.74,-5265193.247472212,14549180.0,49.688263800913035
70.75,-5265182.695803446,14549130.0,49.688263600288906
70.76,-5265171.8434300115,14549080.0,49.6882633932355
70.77,-5265160.691229425,14549030.0,49.68826317970083
70.78,-5265149.240279442,14548970.0,49.68826295965119
70.79,-5265137.492253387,14548910.0,49.688262733104494
70.8,-5265125.449066602,14548840.0,49.68826250003729
70.81,-5265113.11250212,14548780.0,49.688262260401096
70.82,-5265100.484388455,14548700.0,49.68826201415544
70.83,-5265087.566635543,14548620.0,49.68826176127051
70.84,-5265074.361199368,14548540.0,49.68826150171671
70.85,-5265060.870153718,14548460.0,49.68826123546871
70.86,-5265047.09558347,14548370.0,49.68826096249617
70.87,-5265033.039584437,14548280.0,49.68826068276874
70.88,-5265018.7045139205,14548180.0,49.68826039628615
70.89,-5265004.092867201,14548080.0,49.68826010303361
70.9,-5264989.207063536,14547970.0,49.688259802982444
70.91,-5264974.049678073,14547860.0,49.68825949612879
70.92,-5264958.623621908,14547750.0,49.68825918248254
70.93,-5264942.931678945,14547640.0,49.68825886202578
70.94,-5264926.976826928,14547520.0,49.688258534754326
70.95,-5264910.762077563,14547390.0,49.68825820066854
70.96,-5264894.290243746,14547270.0,49.68825785973357
70.97,-5264877.564349547,14547140.0,49.68825751196081
70.98,-5264860.587452575,14547000.0,49.68825715734985
70.99,-5264843.362661879,14546870.0,49.68825679589667
71.0,-5264825.893585737,14546730.0,49.688256427658864
71.01,-5264808.184066766,14546590.0,49.688256052664485
71.02,-5264790.237914895,14546440.0,49.68825567091762
71.03,-5264772.0589784235,14546290.0,49.68825528243517
71.04,-5264753.651233548,14546140.0,49.6882548872402
71.05,-5264735.018391151,14545980.0,49.688254485318005
71.06,-5264716.164359925,14545830.0,49.68825407670052
71.07,-5264697.093355096,14545660.0,49.688253661443085
71.08,-5264677.809435,14545500.0,49.68825323954718
71.09,-5264658.316374181,14545330.0,49.68825281100342
71.1,-5264638.61830544,14545170.0,49.688252375867094
71.11,-5264618.719274751,14544990.0,49.68825193415672
71.12,-5264598.623061204,14544820.0,49.68825148587012
71.13,-5264578.333693863,14544640.0,49.68825103104971
71.14,-5264557.855578801,14544460.0,49.68825056977501
71.15,-5264537.193394375,14544280.0,49.6882501021057
71.16,-5264516.351537992,14544100.0,49.68824962805226
71.17,-5264495.334481666,14543910.0,49.688249147653515
71.18,-5264474.146790206,14543720.0,49.688248660966494
71.19,-5264452.792942592,14543530.0,49.68824816801979
71.2,-5264431.277116103,14543340.0,49.68824766881867
71.21,-5264409.603595453,14543150.0,49.688247163420336
71.22,-5264387.776791268,14542950.0,49.68824665187711
71.23,-5264365.800793144,14542750.0,49.688246134200995
71.24,-5264343.679796554,14542550.0,49.68824561044273
71.25,-5264321.417852728,14542350.0,49.68824508063787
71.26,-5264299.019243254,14542140.0,49.68824454485112
71.27,-5264276.4884458305,14541940.0,49.68824400315698
71.28,-5264253.829920677,14541730.0,49.68824345560452
71.29,-5264231.048145916,14541520.0,49.68824290225146
71.3,-5264208.147330948,14541310.0,49.68824234312311
71.31,-5264185.131557269,14541100.0,49.688241778254344
71.32,-5264162.00504579,14540890.0,49.68824120771952
71.33,-5264138.7721039625,14540670.0,49.68824063158182
71.34,-5264115.437018774,14540460.0,49.68824004989511
71.35,-5264092.004199569,14540240.0,49.68823946273797
71.36,-5264068.478053418,14540020.0,49.68823887016627
71.37,-5264044.862716247,14539800.0,49.68823827221757
71.38,-5264021.162301106,14539580.0,49.6882376689473
71.39,-5263997.380933546,14539360.0,49.688237060421514
71.4,-5263973.522841014,14539130.0,49.6882364467113
71.41,-5263949.591941582,14538910.0,49.68823582784968
71.42,-5263925.591930786,14538680.0,49.688235203878286
71.43,-5263901.526727268,14538460.0,49.68823457487482
71.44,-5263877.4002057575,14538230.0,49.68823394090658
71.45,-5263853.216518811,14538000.0,49.688233302068156
71.46,-5263828.980152511,14537780.0,49.68823265846932
71.47,-5263804.695355902,14537540.0,49.6882320101542
71.48,-5263780.36597771,14537320.0,49.68823135715413
71.49,-5263755.9960180065,14537080.0,49.688230699558325
71.5,-5263731.5897008255,14536850.0,49.68823003745991
71.51,-5263707.151081804,14536620.0,49.68822937091629
71.52,-5263682.684082426,14536390.0,49.68822869999241
71.53,-5263658.192578278,14536160.0,49.68822802475307
71.54,-5263633.6803626595,14535920.0,49.68822734526306
71.55,-5263609.151020405,14535690.0,49.68822666158108
71.56,-5263584.608391568,14535460.0,49.68822597379988
71.57,-5263560.05621517,14535220.0,49.6882252819912
71.58,-5263535.498450494,14534990.0,49.68822458625515
71.59,-5263510.939278661,14534750.0,49.68822388669892
71.6,-5263486.382567011,14534520.0,49.6882231833672
71.61,-5263461.832331956,14534280.0,49.68822247636246
71.62,-5263437.292435584,14534050.0,49.68822176574925
71.63,-5263412.766709564,14533820.0,49.68822105160729
71.64,-5263388.258918923,14533580.0,49.688220334012975
71.65,-5263363.772815041,14533340.0,49.68821961304946
71.66,-5263339.312081656,14533110.0,49.688218888790026
71.67,-5263314.880298339,14532880.0,49.68821816130959
71.68,-5263290.481190183,14532640.0,49.68821743070784
71.69,-5263266.118485548,14532410.0,49.68821669707157
71.7,-5263241.7957368605,14532170.0,49.688215960468405
71.71,-5263217.516247437,14531940.0,49.6882152209542
71.72,-5263193.283248398,14531700.0,49.68821447860531
71.73,-5263169.100077023,14531470.0,49.68821373351443
71.74,-5263144.970159545,14531240.0,49.68821298578123
71.75,-5263120.896778959,14531000.0,49.6882122354724
71.76,-5263096.883109541,14530770.0,49.68821148266462
71.77,-5263072.9323232975,14530540.0,49.68821072743655
71.78,-5263049.047482384,14530310.0,49.68820996986876
71.79,-5263025.231985751,14530080.0,49.68820921007613
71.8,-5263001.489249405,14529850.0,49.68820844815906
71.81,-5262977.822742216,14529620.0,49.688207684206816
71.82,-5262954.235771333,14529390.0,49.68820691829404
71.83,-5262930.731409143,14529160.0,49.68820615048424
71.84,-5262907.312348035,14528940.0,49.688205380826425
71.85,-5262883.981255386,14528710.0,49.68820460939735
71.86,-5262860.740880712,14528480.0,49.688203836286775
71.87,-5262837.593716029,14528260.0,49.68820306155957
71.88,-5262814.542298117,14528030.0,49.68820228529402
71.89,-5262791.589137181,14527810.0,49.688201507576444
71.9,-5262768.737164209,14527590.0,49.68820072853555
71.91,-5262745.989573092,14527370.0,49.68819994828896
71.92,-5262723.349374966,14527150.0,49.688199166910444
71.93,-5262700.819414563,14526930.0,49.68819838447219
71.94,-5262678.402368778,14526710.0,49.6881976010427
71.95,-5262656.101031752,14526500.0,49.6881968167237
71.96,-5262633.918154564,14526280.0,49.6881960315986
71.97,-5262611.856319468,14526070.0,49.68819524574007
71.98,-5262589.917848943,14525850.0,49.68819445920356
71.99,-5262568.1050542435,14525640.0,49.688193672073425
72.0,-5262546.4203426875,14525430.0,49.688192884444945
72.01,-5262524.8659855975,14525220.0,49.68819209638999
72.02,-5262503.444260404,14525010.0,49.68819130799211
72.03,-5262482.157504367,14524810.0,49.6881905193446
72.04,-5262461.0081508085,14524600.0,49.68818973054282
72.05,-5262439.998371719,14524400.0,49.68818894164564
72.06,-5262419.130183049,14524200.0,49.68818815271953
72.07,-5262398.405443436,14524000.0,49.688187363831446
72.08,-5262377.825942452,14523800.0,49.68818657504935
72.09,-5262357.393274699,14523600.0,49.688185786436705
72.1,-5262337.10925007,14523400.0,49.68818499809275
72.11,-5262316.975680592,14523210.0,49.68818421009772
72.12,-5262296.993968591,14523020.0,49.68818342248511
72.13,-5262277.165389919,14522820.0,49.68818263532073
72.14,-5262257.491397351,14522640.0,49.68818184869359
72.15,-5262257.491397351,14522450.0,49.68818184869359
72.16,-5262218.356535812,14522240.0,49.68818025527039
72.17,-5262218.356535812,14522080.0,49.68818025527039
72.18,-5262198.817105544,14521880.0,49.688179451203034
72.19,-5262179.211614553,14521700.0,49.68817863746946
72.2,-5262159.4974606875,14521520.0,49.6881778167179
72.21,-5262139.656218438,14521340.0,49.688176991146726
72.22,-5262119.687208383,14521170.0,49.68817616252465
72.23,-5262099.603091116,14521000.0,49.688175332323425
72.24,-5262079.426481507,14520830.0,49.68817450181212
72.25,-5262059.187502162,14520660.0,49.68817367210016
72.26,-5262038.9216749575,14520500.0,49.6881728441632
72.27,-5262018.667974446,14520340.0,49.68817201882943
72.28,-5261998.467223579,14520180.0,49.68817119680297
72.29,-5261978.36155086,14520020.0,49.68817037875895
72.3,-5261958.393144768,14519870.0,49.68816956525633
72.31,-5261938.602980309,14519710.0,49.688168756726256
72.32,-5261919.030466601,14519560.0,49.68816795355722
72.33,-5261899.71316336,14519420.0,49.68816715609714
72.34,-5261880.686172959,14519270.0,49.68816636460987
72.35,-5261861.981671047,14519120.0,49.68816557928962
72.36,-5261843.628863347,14518980.0,49.68816480029872
72.37,-5261825.6536558205,14518840.0,49.68816402772985
72.38,-5261808.07835823,14518700.0,49.68816326161223
72.39,-5261790.921869023,14518570.0,49.68816250195599
72.4,-5261774.199432183,14518440.0,49.68816174870695
72.41,-5261757.922517718,14518300.0,49.68816100175981
72.42,-5261742.098808868,14518170.0,49.68816026095672
72.43,-5261726.73218946,14518050.0,49.68815952609943
72.44,-5261711.823125325,14517920.0,49.68815879698573
72.45,-5261697.368690876,14517800.0,49.68815807337075
72.46,-5261683.362972123,14517680.0,49.68815735501158
72.47,-5261669.797294049,14517560.0,49.688156641661195
72.48,-5261656.659984426,14517440.0,49.68815593299322
72.49,-5261643.936422417,14517330.0,49.68815522865965
72.5,-5261631.609965122,14517220.0,49.68815452836653
72.51,-5261619.662219148,14517110.0,49.68815383182399
72.52,-5261608.072992147,14517000.0,49.68815313871085
72.53,-5261596.820709628,14516900.0,49.688152448721674
72.54,-5261585.882763542,14516800.0,49.688151761562615
72.55,-5261575.235720472,14516700.0,49.68815107695494
72.56,-5261564.855692684,14516600.0,49.68815039463208
72.57,-5261554.718550998,14516510.0,49.68814971434407
72.58,-5261544.8001572825,14516420.0,49.68814903585514
72.59,-5261535.076580885,14516330.0,49.68814835894856
72.6,-5261525.524639069,14516240.0,49.688147683463185
72.61,-5261516.122011985,14516160.0,49.68814700924807
72.62,-5261506.847286854,14516080.0,49.688146336168806
72.63,-5261497.680485918,14516000.0,49.688145664145125
72.64,-5261488.603258273,14515920.0,49.688144993144846
72.65,-5261479.598965708,14515850.0,49.688144323140286
72.66,-5261470.652804919,14515780.0,49.688143654154416
72.67,-5261461.752163343,14515710.0,49.68814298624895
72.68,-5261452.886297293,14515650.0,49.68814231948831
72.69,-5261444.046974277,14515590.0,49.688141654017784
72.7,-5261435.228386178,14515530.0,49.68814099000859
72.71,-5261426.426864604,14515480.0,49.688140327623145
72.72,-5261417.640916137,14515420.0,49.68813966705571
72.73,-5261408.871257715,14515380.0,49.688139008528076
72.74,-5261400.120780537,14515330.0,49.68813835228567
72.75,-5261391.394441916,14515290.0,49.688137698593835
72.76,-5261382.699245673,14515250.0,49.688137047734415
72.77,-5261374.043685067,14515210.0,49.6881363999636
72.78,-5261365.437843693,14515170.0,49.68813575555897
72.79,-5261356.893568718,14515140.0,49.68813511484661
72.8,-5261348.424269359,14515120.0,49.68813447815361
72.81,-5261340.044713678,14515090.0,49.68813384580586
72.82,-5261331.770447641,14515070.0,49.68813321808714
72.83,-5261323.617424353,14515050.0,49.688132595248405
72.84,-5261315.601952619,14515030.0,49.68813197754736
72.85,-5261307.7405734435,14515020.0,49.688131365243635
72.86,-5261300.050472728,14515010.0,49.68813075863345
72.87,-5261292.54905564,14515000.0,49.68813015799602
72.88,-5261285.253177392,14514990.0,49.68812956352179
72.89,-5261278.179209456,14514990.0,49.688128975404744
72.9,-5261271.342927302,14514990.0,49.68812839383137
72.91,-5261264.759540524,14514990.0,49.68812781898425
72.92,-5261258.443239798,14515000.0,49.68812725099389
72.93,-5261252.406973057,14515010.0,49.688126689955084
72.94,-5261246.662542278,14515020.0,49.688126135960246
72.95,-5261241.219966963,14515030.0,49.688125589025
72.96,-5261236.087863296,14515050.0,49.68812504917866
72.97,-5261231.27350411,14515070.0,49.68812451645209
72.98,-5261226.782682458,14515090.0,49.688123990841895
72.99,-5261222.61961001,14515110.0,49.68812347231204
73.0,-5261218.786778927,14515140.0,49.68812296080169
73.01,-5261215.285377802,14515170.0,49.6881224562642
73.02,-5261212.115084334,14515200.0,49.68812195862369
73.03,-5261209.274089197,14515240.0,49.688121467783034
73.04,-5261206.759066483,14515280.0,49.68812098362436
73.05,-5261204.56526934,14515320.0,49.688120506015906
73.06,-5261202.686519028,14515360.0,49.688120034811625
73.07,-5261201.115319324,14515400.0,49.68811956985739
73.08,-5261199.843706039,14515450.0,49.68811911106743
73.09,-5261198.862939495,14515500.0,49.68811865832978
73.1,-5261198.163015537,14515550.0,49.68811821144456
73.11,-5261197.733067974,14515610.0,49.68811777025715
73.12,-5261197.561541537,14515670.0,49.688117334605245
73.13,-5261197.636312517,14515730.0,49.68811690433161
73.14,-5261197.945079005,14515790.0,49.68811647931461
73.15,-5261198.475396128,14515860.0,49.68811605943034
73.16,-5261199.2147473935,14515920.0,49.6881156445526
73.17,-5261200.150580778,14516000.0,49.68811523455921
73.18,-5261201.2703809235,14516070.0,49.68811482933103
73.19,-5261202.56181352,14516140.0,49.68811442875743
73.2,-5261204.012387368,14516220.0,49.6881140326961
73.21,-5261205.610152275,14516300.0,49.68811364106672
73.22,-5261207.343919041,14516390.0,49.68811325382883
73.23,-5261209.203337899,14516470.0,49.6881128709504
73.24,-5261211.1788701,14516560.0,49.688112492400094
73.25,-5261213.261454799,14516650.0,49.68811211812103
73.26,-5261215.442943212,14516750.0,49.68811174811095
73.27,-5261217.716142228,14516840.0,49.688111382374935
73.28,-5261220.074482311,14516940.0,49.688111020891384
73.29,-5261222.512148238,14517040.0,49.688110663659465
73.3,-5261225.024085492,14517140.0,49.68811031069441
73.31,-5261227.606579638,14517250.0,49.6881099620686
73.32,-5261230.256980781,14517360.0,49.688109617856824
73.33,-5261232.973515264,14517470.0,49.68810927810851
73.34,-5261235.755203246,14517580.0,49.688108942887666
73.35,-5261238.602008348,14517700.0,49.68810861227456
73.36,-5261241.514791465,14517820.0,49.688108286360794
73.37,-5261244.494995567,14517940.0,49.688107965212446
73.38,-5261247.545062077,14518060.0,49.68810764895407
73.39,-5261250.668420786,14518190.0,49.688107337712076
73.4,-5261253.8686917685,14518310.0,49.68810703154677
73.41,-5261257.1498836195,14518440.0,49.68810673054121
73.42,-5261260.516897664,14518580.0,49.68810643483232
73.43,-5261263.974961793,14518710.0,49.688106144521946
73.44,-5261267.529507393,14518850.0,49.68810585969041
73.45,-5261271.185902047,14518980.0,49.688105580394755
73.46,-5261274.949627734,14519130.0,49.688105306718356
73.47,-5261278.826424644,14519270.0,49.6881050387557
73.48,-5261282.821666186,14519420.0,49.68810477654132
73.49,-5261286.940624303,14519560.0,49.688104520136584
73.5,-5261291.188325089,14519710.0,49.68810426958155
73.51,-5261295.569385368,14519860.0,49.688104024905336
73.52,-5261300.088009137,14520020.0,49.68810378612169
73.53,-5261304.748216788,14520170.0,49.6881035532768
73.54,-5261309.5537359705,14520330.0,49.68810332639386
73.55,-5261314.507515579,14520490.0,49.68810310545121
73.56,-5261319.612238624,14520650.0,49.68810289045966
73.57,-5261324.870105085,14520820.0,49.68810268141971
73.58,-5261330.282917471,14520980.0,49.688102478323344
73.59,-5261335.852005914,14521150.0,49.68810228115566
73.6,-5261341.577866234,14521320.0,49.688102089857445
73.61,-5261347.460045812,14521490.0,49.688101904337756
73.62,-5261353.497923921,14521670.0,49.6881017245938
73.63,-5261359.69069253,14521840.0,49.688101550608664
73.64,-5261366.036710286,14522020.0,49.688101382289425
73.65,-5261372.533585502,14522200.0,49.68810121955496
73.66,-5261379.178510538,14522380.0,49.68810106233402
73.67,-5261385.968312397,14522560.0,49.68810091056378
73.68,-5261392.899163525,14522740.0,49.68810076415005
73.69,-5261399.966952866,14522930.0,49.6881006230167
73.7,-5261407.167301769,14523120.0,49.68810048709679
73.71,-5261414.495472622,14523310.0,49.68810035629917
73.72,-5261421.946491623,14523500.0,49.688100230550724
73.73,-5261429.5150577,14523700.0,49.68810010975536
73.74,-5261437.195468603,14523890.0,49.68809999380371
73.75,-5261444.982191051,14524090.0,49.68809988265221
73.76,-5261452.869737099,14524290.0,49.6880997762305
73.77,-5261460.852432067,14524490.0,49.68809967445859
73.78,-5261468.924861049,14524690.0,49.68809957728056
73.79,-5261477.081549032,14524890.0,49.688099484629376
73.8,-5261485.317050273,14525100.0,49.68809939642863
73.81,-5261493.626235364,14525310.0,49.688099312639025
73.82,-5261502.00381062,14525510.0,49.68809923316954
73.83,-5261510.4444245165,14525720.0,49.68809915794245
73.84,-5261518.943473306,14525940.0,49.68809908695537
73.85,-5261527.496462662,14526150.0,49.68809902016132
73.86,-5261536.099259501,14526360.0,49.68809895751981
73.87,-5261544.74795186,14526580.0,49.688098898995534
73.88,-5261553.43865392,14526800.0,49.68809884452467
73.89,-5261562.168007799,14527020.0,49.688098794101585
73.9,-5261570.933187955,14527240.0,49.688098747724574
73.91,-5261579.731619094,14527460.0,49.68809870536865
73.92,-5261588.561139462,14527680.0,49.68809866702612
73.93,-5261597.419717759,14527910.0,49.68809863267034
73.94,-5261606.305812393,14528130.0,49.68809860230156
73.95,-5261615.218357548,14528360.0,49.68809857594107
73.96,-5261624.156355197,14528590.0,49.68809855355539
73.97,-5261633.118804042,14528820.0,49.688098535112765
73.98,-5261642.105057633,14529040.0,49.68809852061839
73.99,-5261651.114755579,14529280.0,49.68809851007386
74.0,-5261660.147790024,14529510.0,49.68809850348096
74.01,-5261669.204271812,14529740.0,49.68809850084451
74.02,-5261678.284299421,14529970.0,49.6880985021361
74.03,-5261687.388030453,14530210.0,49.68809850734591
74.04,-5261696.5158073865,14530440.0,49.688098516475655
74.05,-5261705.66762184,14530680.0,49.68809852946796
74.06,-5261714.843129625,14530920.0,49.6880985462608
74.07,-5261724.041934542,14531150.0,49.688098566827406
74.08,-5261733.26394607,14531390.0,49.688098591172015
74.09,-5261742.509166908,14531630.0,49.688098619287636
74.1,-5261751.777389293,14531870.0,49.68809865112622
74.11,-5261761.068247012,14532100.0,49.688098686649404
74.12,-5261770.381357366,14532340.0,49.6880987258268
74.13,-5261779.716016633,14532580.0,49.68809876860208
74.14,-5261789.071179607,14532820.0,49.68809881490201
74.15,-5261798.445689663,14533060.0,49.68809886468239
74.16,-5261807.838510691,14533300.0,49.68809891792226
74.17,-5261817.2482446255,14533540.0,49.6880989745483
74.18,-5261826.672895836,14533780.0,49.68809903445268
74.19,-5261836.110063399,14534020.0,49.68809909753995
74.2,-5261845.557367707,14534260.0,49.688099163766935
74.21,-5261855.012200072,14534500.0,49.68809923305494
74.22,-5261864.471667309,14534740.0,49.68809930531049
74.23,-5261873.932714934,14534970.0,49.6880993804619
74.24,-5261883.391767925,14535210.0,49.68809945838756
74.25,-5261892.845210184,14535450.0,49.68809953900799
74.26,-5261902.289223258,14535680.0,49.688099622236265
74.27,-5261911.719981868,14535920.0,49.68809970799302
74.28,-5261921.133260131,14536160.0,49.688099796161126
74.29,-5261930.524446484,14536390.0,49.68809988661056
74.3,-5261939.889042197,14536620.0,49.688099979270525
74.31,-5261949.222501357,14536860.0,49.68810007405012
74.32,-5261958.520159112,14537090.0,49.688100170847044
74.33,-5261967.777248856,14537320.0,49.688100269554624
74.34,-5261976.988847948,14537550.0,49.68810037006726
74.35,-5261986.15003787,14537780.0,49.688100472284916
74.36,-5261995.255940321,14538010.0,49.688100576116526
74.37,-5262004.301861025,14538240.0,49.68810068148268
74.38,-5262013.283004961,14538460.0,49.68810078827918
74.39,-5262022.19445787,14538680.0,49.68810089639002
74.4,-5262031.031149746,14538910.0,49.688101005691585
74.41,-5262039.787782215,14539130.0,49.688101116062164
74.42,-5262048.45939995,14539350.0,49.688101227421775
74.43,-5262057.041214604,14539560.0,49.688101339689375
74.44,-5262065.528391503,14539780.0,49.68810145275209
74.45,-5262073.916210653,14540000.0,49.688101566515336
74.46,-5262082.200175314,14540210.0,49.6881016809005
74.47,-5262090.376210949,14540420.0,49.68810179584918
74.48,-5262098.440400194,14540630.0,49.68810191128147
74.49,-5262106.389002184,14540840.0,49.6881020271113
74.5,-5262114.218257153,14541040.0,49.6881021432458
74.51,-5262121.92452968,14541250.0,49.6881022595974
74.52,-5262129.50429192,14541450.0,49.688102376080714
74.53,-5262136.953891826,14541650.0,49.688102492583944
74.54,-5262144.270053653,14541840.0,49.6881026090528
74.55,-5262151.449952711,14542040.0,49.688102725440686
74.56,-5262158.490968375,14542230.0,49.68810284167844
74.57,-5262165.3904351145,14542420.0,49.688102957679945
74.58,-5262172.145713833,14542610.0,49.68810307335282
74.59,-5262178.754066809,14542800.0,49.688103188600444
74.6,-5262185.212782328,14542980.0,49.68810330332983
74.61,-5262191.519085433,14543160.0,49.68810341745149
74.62,-5262197.670030076,14543340.0,49.68810353084679
74.63,-5262203.662927561,14543510.0,49.688103643455264
74.64,-5262209.495420308,14543680.0,49.68810375522088
74.65,-5262215.165233868,14543850.0,49.68810386606516
74.66,-5262220.67030298,14544020.0,49.68810397592788
74.67,-5262226.008325626,14544180.0,49.68810408469228
74.68,-5262231.177029775,14544350.0,49.68810419228096
74.69,-5262236.174513874,14544500.0,49.68810429864144
74.7,-5262240.998676845,14544660.0,49.6881044036759
74.71,-5262245.647413493,14544810.0,49.6881045072896
74.72,-5262250.118184767,14544960.0,49.68810460935467
74.73,-5262254.408658947,14545110.0,49.68810470980066
74.74,-5262258.516677548,14545250.0,49.68810480855741
74.75,-5262262.439701658,14545390.0,49.68810490549288
74.76,-5262266.175346127,14545520.0,49.68810500053903
74.77,-5262269.721255506,14545660.0,49.68810509360079
74.78,-5262273.074549256,14545780.0,49.68810518453508
74.79,-5262276.232641283,14545910.0,49.68810527327377
74.8,-5262279.192991684,14546030.0,49.68810535973003
74.81,-5262281.952749049,14546150.0,49.68810544377558
74.82,-5262284.509177789,14546270.0,49.68810552532336
74.83,-5262286.859229391,14546380.0,49.688105604244114
74.84,-5262288.999719061,14546490.0,49.688105680422865
74.85,-5262290.927790275,14546590.0,49.688105753787845
74.86,-5262292.640451932,14546700.0,49.68810582423269
74.87,-5262294.134845944,14546790.0,49.68810589166491
74.88,-5262295.408248378,14546890.0,49.68810595600227
74.89,-5262296.458195919,14546980.0,49.68810601717611
74.9,-5262297.282219435,14547060.0,49.688106075088854
74.91,-5262297.87736051,14547150.0,49.68810612959006
74.92,-5262298.240543629,14547220.0,49.68810618056425
74.93,-5262298.368843915,14547300.0,49.68810622792258
74.94,-5262298.259327252,14547370.0,49.68810627156376
74.95,-5262297.909014478,14547440.0,49.688106311378846
74.96,-5262297.31486319,14547500.0,49.68810634725492
74.97,-5262296.474071718,14547560.0,49.68810637911673
74.98,-5262295.384331793,14547620.0,49.68810640691741
74.99,-5262294.043349072,14547670.0,49.68810643056006
75.0,-5262292.448520981,14547720.0,49.68810644991331
75.01,-5262290.59739984,14547760.0,49.68810646489473
75.02,-5262288.487640433,14547800.0,49.68810647542033
75.03,-5262286.117126194,14547830.0,49.68810648141274
75.04,-5262283.483863627,14547860.0,49.68810648279508
75.05,-5262280.586090725,14547890.0,49.688106479498536
75.06,-5262277.4219386205,14547920.0,49.68810647141713
75.07,-5262273.989556064,14547940.0,49.688106458464965
75.08,-5262270.287181195,14547950.0,49.688106440560865
75.09,-5262266.313339211,14547960.0,49.688106417640896
75.1,-5262262.066701395,14547970.0,49.6881063896434
75.11,-5262257.546032544,14547970.0,49.68810635648321
75.12,-5262252.750102135,14547970.0,49.68810631808703
75.13,-5262247.677648531,14547960.0,49.68810627435926
75.14,-5262242.327414498,14547950.0,49.688106225223244
75.15,-5262236.698720188,14547940.0,49.688106170656596
75.16,-5262230.791020045,14547920.0,49.68810611059973
75.17,-5262224.603724747,14547900.0,49.688106044973686
75.18,-5262218.136326112,14547870.0,49.68810597371408
75.19,-5262211.388594636,14547840.0,49.68810589677463
75.2,-5262204.360850206,14547810.0,49.688105814155996
75.21,-5262197.053697776,14547770.0,49.68810572582163
75.22,-5262189.467295372,14547720.0,49.68810563167017
75.23,-5262181.601762222,14547680.0,49.68810553162675
75.24,-5262173.457160429,14547620.0,49.68810542563108
75.25,-5262165.033798794,14547570.0,49.68810531364052
75.26,-5262156.332163045,14547510.0,49.688105195619826
75.27,-5262147.3530066395,14547450.0,49.68810507154548
75.28,-5262138.097406478,14547380.0,49.68810494139654
75.29,-5262128.566031179,14547310.0,49.688104805082524
75.3,-5262118.759388357,14547230.0,49.688104662535025
75.31,-5262108.678324551,14547150.0,49.688104513735
75.32,-5262098.323598053,14547060.0,49.68810435862731
75.33,-5262087.696039203,14546980.0,49.6881041971694
75.34,-5262076.796515004,14546880.0,49.688104029321714
75.35,-5262065.626036701,14546790.0,49.6881038550523
75.36,-5262054.185724963,14546690.0,49.68810367432805
75.37,-5262042.476774781,14546580.0,49.688103487120124
75.38,-5262030.500796101,14546480.0,49.68810329343438
75.39,-5262018.2589753885,14546360.0,49.688103093189866
75.4,-5262005.752251127,14546240.0,49.688102886319655
75.41,-5261992.9816519,14546120.0,49.68810267279296
75.42,-5261979.948243237,14546000.0,49.68810245257679
75.43,-5261966.653396343,14545870.0,49.68810222566739
75.44,-5261953.098593409,14545740.0,49.68810199204701
75.45,-5261939.285338798,14545600.0,49.68810175168533
75.46,-5261925.215356001,14545460.0,49.68810150457921
75.47,-5261910.890392244,14545320.0,49.688101250703404
75.48,-5261896.312075237,14545170.0,49.68810099001985
75.49,-5261881.4820731925,14545020.0,49.68810072251102
75.5,-5261866.402291929,14544870.0,49.688100448176826
75.51,-5261851.074536366,14544710.0,49.688100166987226
75.52,-5261835.500384195,14544550.0,49.68809987889283
75.53,-5261819.681255504,14544380.0,49.68809958385957
75.54,-5261803.618644137,14544210.0,49.68809928186654
75.55,-5261787.3140823115,14544040.0,49.68809897289805
75.56,-5261770.769534678,14543860.0,49.68809865698205
75.57,-5261753.987222534,14543680.0,49.68809833413374
75.58,-5261736.969213842,14543500.0,49.68809800432651
75.59,-5261719.717439718,14543320.0,49.68809766753106
75.6,-5261702.233979634,14543130.0,49.68809732375532
75.61,-5261684.5212951945,14542930.0,49.688096973027825
75.62,-5261666.581588372,14542740.0,49.68809661531958
75.63,-5261648.41710363,14542540.0,49.688096250631034
75.64,-5261630.030647325,14542340.0,49.68809587901555
75.65,-5261611.425108527,14542130.0,49.688095500491045
75.66,-5261592.603244566,14541920.0,49.68809511504767
75.67,-5261573.567805101,14541710.0,49.68809472268642
75.68,-5261554.321531833,14541490.0,49.68809432341379
75.69,-5261534.867498426,14541280.0,49.68809391727618
75.7,-5261515.20898759,14541060.0,49.688093504306394
75.71,-5261495.349331342,14540830.0,49.688093084529434
75.72,-5261475.292143928,14540610.0,49.68809265799326
75.73,-5261455.041108946,14540380.0,49.68809222472482
75.74,-5261434.599693132,14540140.0,49.68809178473111
75.75,-5261413.971126473,14539910.0,49.688091337999914
75.76,-5261393.158453786,14539670.0,49.68809088453901
75.77,-5261372.165070185,14539430.0,49.68809042440402
75.78,-5261350.994580397,14539190.0,49.68808995764576
75.79,-5261329.650764368,14538950.0,49.6880894843106
75.8,-5261308.137381434,14538700.0,49.688089004434566
75.81,-5261286.458545925,14538450.0,49.68808851808337
75.82,-5261264.618640184,14538200.0,49.68808802533605
75.83,-5261242.621850869,14537950.0,49.688087526206886
75.84,-5261220.471934337,14537690.0,49.6880870206939
75.85,-5261198.173161943,14537440.0,49.688086508891324
75.86,-5261175.730073205,14537180.0,49.68808599088133
75.87,-5261153.146833039,14536910.0,49.6880854666674
75.88,-5261130.427568702,14536650.0,49.688084936296754
75.89,-5261107.576673624,14536390.0,49.688084399843696
75.9,-5261084.598200455,14536120.0,49.688083857325296
75.91,-5261061.496144578,14535850.0,49.68808330878966
75.92,-5261038.274980564,14535580.0,49.6880827543344
75.93,-5261014.939146464,14535310.0,49.688082194020346
75.94,-5260991.493204387,14535040.0,49.68808162791349
75.95,-5260967.942020273,14534760.0,49.6880810561149
75.96,-5260944.290282567,14534480.0,49.68808047867117
75.97,-5260920.54251842,14534210.0,49.6880798956261
75.98,-5260896.70321747,14533930.0,49.688079307046145
75.99,-5260872.776741735,14533650.0,49.688078712978125
76.0,-5260848.767718272,14533370.0,49.68807811352297
76.01,-5260824.681058921,14533090.0,49.68807750877737
76.02,-5260800.521478842,14532800.0,49.68807689879711
76.03,-5260776.293512578,14532520.0,49.688076283636484
76.04,-5260752.002174854,14532240.0,49.68807566342088
76.05,-5260727.652552306,14531950.0,49.688075038242864
76.06,-5260703.249338207,14531660.0,49.688074408137645
76.07,-5260678.79736624,14531380.0,49.68807377319692
76.08,-5260654.301521812,14531090.0,49.68807313351288
76.09,-5260629.7667422,14530800.0,49.68807248917592
76.1,-5260605.1979450695,14530520.0,49.68807184026644
76.11,-5260580.600242918,14530230.0,49.68807118689345
76.12,-5260555.978622052,14529940.0,49.68807052913809
76.13,-5260531.338227793,14529650.0,49.68806986710202
76.14,-5260506.684562444,14529360.0,49.68806920092383
76.15,-5260482.022753707,14529080.0,49.68806853065866
76.16,-5260457.357605134,14528790.0,49.68806785636776
76.17,-5260432.694309516,14528500.0,49.68806717818284
76.18,-5260408.038039885,14528210.0,49.68806649620789
76.19,-5260383.393859571,14527930.0,49.68806581052539
76.2,-5260358.767061263,14527640.0,49.68806512126635
76.21,-5260334.162810466,14527350.0,49.68806442851672
76.22,-5260309.586144217,14527070.0,49.688063732365926
76.23,-5260285.042166772,14526780.0,49.68806303292968
76.24,-5260260.53631847,14526500.0,49.688062330344565
76.25,-5260236.073894703,14526220.0,49.68806162471261
76.26,-5260211.660295171,14525940.0,49.688060916150576
76.27,-5260187.301221408,14525650.0,49.68806020480707
76.28,-5260163.002517772,14525380.0,49.688059490820045
76.29,-5260138.770064856,14525100.0,49.688058774306725
76.3,-5260114.609152794,14524820.0,49.68805805532928
76.31,-5260090.5251387935,14524540.0,49.6880573340135
76.32,-5260066.523483233,14524270.0,49.6880566104842
76.33,-5260042.609320493,14524000.0,49.68805588482984
76.34,-5260018.788190252,14523720.0,49.68805515721407
76.35,-5259995.065753969,14523460.0,49.68805442777304
76.36,-5259971.447544929,14523190.0,49.68805369662443
76.37,-5259947.939468306,14522920.0,49.68805296393345
76.38,-5259924.54733833,14522660.0,49.68805222982235
76.39,-5259901.276519174,14522400.0,49.68805149437657
76.4,-5259878.13235085,14522140.0,49.68805075772128
76.41,-5259855.12038156,14521880.0,49.688050020003836
76.42,-5259832.245993095,14521630.0,49.68804928134773
76.43,-5259809.5146857705,14521370.0,49.68804854189066
76.44,-5259786.931631482,14521120.0,49.68804780173409
76.45,-5259764.501832025,14520880.0,49.68804706099044
76.46,-5259742.230439827,14520630.0,49.688046319804826
76.47,-5259720.122579893,14520390.0,49.68804557831019
76.48,-5259698.183528429,14520150.0,49.688044836660325
76.49,-5259676.418534781,14519910.0,49.688044094981535
76.5,-5259654.83283892,14519680.0,49.68804335341522
76.51,-5259633.431348846,14519450.0,49.68804261206485
76.52,-5259612.21887053,14519220.0,49.68804187104725
76.53,-5259591.200268063,14519000.0,49.6880411305114
76.54,-5259570.380141639,14518770.0,49.68804039055878
76.55,-5259549.763093873,14518560.0,49.68803965132334
76.56,-5259529.353478968,14518340.0,49.68803891291845
76.57,-5259509.155794519,14518130.0,49.68803817548182
76.58,-5259489.174503444,14517920.0,49.68803743915696
76.59,-5259469.413979845,14517720.0,49.688036704058284
76.6,-5259449.878418623,14517510.0,49.688035970306
76.61,-5259430.571601144,14517310.0,49.68803523798539
76.62,-5259411.496999264,14517120.0,49.68803450718936
76.63,-5259392.658471087,14516930.0,49.68803377808765
76.64,-5259374.059655159,14516740.0,49.68803305078758
76.65,-5259355.704040247,14516560.0,49.68803232539521
76.66,-5259337.595411695,14516380.0,49.688031602074254
76.67,-5259319.737244909,14516200.0,49.68803088092375
76.68,-5259302.133043009,14516030.0,49.68803016206627
76.69,-5259284.786265341,14515860.0,49.688029445633745
76.7,-5259267.700201719,14515690.0,49.688028731730135
76.71,-5259250.878060528,14515530.0,49.68802802047023
76.72,-5259234.322950108,14515380.0,49.68802731197479
76.73,-5259218.038003241,14515220.0,49.68802660636675
76.74,-5259202.026341485,14515070.0,49.68802590376818
76.75,-5259186.290985498,14514930.0,49.688025204298306
76.76,-5259170.834925812,14514790.0,49.688024508071706
76.77,-5259155.660961399,14514650.0,49.688023815197205
76.78,-5259140.771751817,14514520.0,49.688023125777086
76.79,-5259126.169744463,14514390.0,49.68802243990652
76.8,-5259111.857459346,14514260.0,49.68802175771195
76.81,-5259097.837292701,14514140.0,49.68802107930089
76.82,-5259084.111498084,14514030.0,49.68802040477035
76.83,-5259070.6823463915,14513920.0,49.68801973424016
76.84,-5259057.551624637,14513810.0,49.688019067772125
76.85,-5259044.721043951,14513700.0,49.68801840546171
76.86,-5259032.192292723,14513600.0,49.68801774742024
76.87,-5259019.9672871465,14513510.0,49.68801709377959
76.88,-5259008.047850757,14513420.0,49.688016444638535
76.89,-5258996.435552577,14513330.0,49.68801580008117
76.9,-5258985.1322781,14513250.0,49.688015160244014
76.91,-5258974.13951563,14513170.0,49.68801452519402
76.92,-5258963.458603831,14513100.0,49.68801389502291
76.93,-5258953.09092755,14513030.0,49.68801326983209
76.94,-5258943.037631754,14512960.0,49.68801264970024
76.95,-5258933.299816648,14512900.0,49.68801203472017
76.96,-5258923.878609011,14512850.0,49.68801142499832
76.97,-5258914.774983425,14512790.0,49.68801082060958
76.98,-5258905.98952836,14512740.0,49.68801022160973
76.99,-5258897.522675967,14512700.0,49.68800962807191
77.0,-5258889.374521886,14512660.0,49.688009040047106
77.01,-5258881.545413574,14512630.0,49.68800845764617
77.02,-5258874.035898715,14512600.0,49.68800788098216
77.03,-5258866.846547876,14512570.0,49.68800731014019
77.04,-5258859.9776324835,14512550.0,49.688006745177375
77.05,-5258853.429355328,14512530.0,49.68800618617381
77.06,-5258847.202029188,14512520.0,49.68800563321863
77.07,-5258841.295791343,14512510.0,49.6880050863788
77.08,-5258835.710817154,14512500.0,49.68800454573676
77.09,-5258830.4467116995,14512500.0,49.68800401131311
77.1,-5258825.502970922,14512500.0,49.688003483160884
77.11,-5258820.879016724,14512510.0,49.68800296134999
77.12,-5258816.57417864,14512520.0,49.6880024459348
77.13,-5258812.587854408,14512540.0,49.68800193699068
77.14,-5258808.919349548,14512560.0,49.68800143457469
77.15,-5258805.568127458,14512580.0,49.68800093876899
77.16,-5258802.533578063,14512610.0,49.688000449634586
77.17,-5258799.814641379,14512640.0,49.68799996718427
77.18,-5258797.41021592,14512680.0,49.68799949146834
77.19,-5258795.319373434,14512720.0,49.687999022564654
77.2,-5258793.541199311,14512770.0,49.68799856053828
77.21,-5258792.074470564,14512820.0,49.687998105406585
77.22,-5258790.917707274,14512870.0,49.687997657192646
77.23,-5258790.069510952,14512920.0,49.68799721595795
77.24,-5258789.528583294,14512990.0,49.68799678175997
77.25,-5258789.293315346,14513050.0,49.6879963546157
77.26,-5258789.362000101,14513120.0,49.687995934553676
77.27,-5258789.732796119,14513190.0,49.68799552160694
77.28,-5258790.403601325,14513270.0,49.687995115781206
77.29,-5258791.372552538,14513350.0,49.68799471713678
77.3,-5258792.637615756,14513430.0,49.68799432569811
77.31,-5258794.1962627275,14513520.0,49.687993941433774
77.32,-5258796.04596861,14513610.0,49.68799356438037
77.33,-5258798.184480839,14513700.0,49.687993194588216
77.34,-5258800.609552965,14513800.0,49.68799283208769
77.35,-5258803.3188554,14513910.0,49.68799247689242
77.36,-5258806.309831756,14514010.0,49.68799212900807
77.37,-5258809.580127007,14514120.0,49.687991788471756
77.38,-5258813.127070084,14514230.0,49.687991455270065
77.39,-5258816.947743214,14514350.0,49.68799112939698
77.4,-5258821.039123462,14514470.0,49.68799081084537
77.41,-5258825.398064261,14514590.0,49.68799049961892
77.42,-5258830.0218139645,14514720.0,49.687990195761614
77.43,-5258834.907177687,14514850.0,49.687989899241614
77.44,-5258840.050907964,14514980.0,49.68798961005048
77.45,-5258845.4497225145,14515120.0,49.687989328191556
77.46,-5258851.1002505245,14515260.0,49.68798905365062
77.47,-5258856.99919337,14515400.0,49.68798878643484
77.48,-5258863.14316432,14515550.0,49.68798852653539
77.49,-5258869.528706015,14515700.0,49.68798827393355
77.5,-5258876.152164846,14515850.0,49.68798802860568
77.51,-5258883.010155217,14516010.0,49.68798779056593
77.52,-5258890.099382911,14516160.0,49.68798755981918
77.53,-5258897.4163595885,14516320.0,49.68798733633339
77.54,-5258904.957508947,14516490.0,49.68798712008613
77.55,-5258912.718933516,14516660.0,49.68798691102675
77.56,-5258920.696358673,14516820.0,49.687986709088776
77.57,-5258928.8857029155,14517000.0,49.68798651427074
77.58,-5258937.283222964,14517170.0,49.68798632658363
77.59,-5258945.885266059,14517350.0,49.68798614601888
77.6,-5258954.688235151,14517530.0,49.687985972552504
77.61,-5258963.688070338,14517710.0,49.68798580611604
77.62,-5258972.88047824,14517900.0,49.687985646648094
77.63,-5258982.261306443,14518080.0,49.68798549413185
77.64,-5258991.8265807405,14518280.0,49.68798534855018
77.65,-5259001.572166625,14518470.0,49.68798520985339
77.66,-5259011.493947355,14518660.0,49.68798507800833
77.67,-5259021.588343644,14518860.0,49.687984953033904
77.68,-5259031.851566164,14519060.0,49.687984834877156
77.69,-5259042.279309738,14519260.0,49.68798472344136
77.7,-5259052.867483633,14519460.0,49.68798461870582
77.71,-5259063.612034482,14519670.0,49.68798452063584
77.72,-5259074.508696188,14519880.0,49.68798442915659
77.73,-5259085.552970589,14520080.0,49.68798434420111
77.74,-5259096.740680974,14520300.0,49.687984265750906
77.75,-5259108.0679212045,14520510.0,49.6879841937875
77.76,-5259119.530771642,14520720.0,49.68798412826351
77.77,-5259131.125120235,14520940.0,49.6879840691094
77.78,-5259142.846643329,14521160.0,49.68798401624505
77.79,-5259154.691037026,14521380.0,49.68798396962156
77.8,-5259166.653981795,14521600.0,49.687983929179524
77.81,-5259178.731160518,14521820.0,49.687983894858284
77.82,-5259190.918240875,14522050.0,49.68798386659689
77.83,-5259203.21089339,14522270.0,49.68798384434116
77.84,-5259215.604988669,14522500.0,49.68798382804297
77.85,-5259228.096241145,14522730.0,49.6879838176272
77.86,-5259240.680440854,14522960.0,49.68798381304017
77.87,-5259253.353311039,14523190.0,49.687983814207065
77.88,-5259266.110418338,14523420.0,49.68798382104669
77.89,-5259278.947512002,14523650.0,49.68798383350922
77.9,-5259291.860095858,14523880.0,49.68798385149916
77.91,-5259304.843587756,14524120.0,49.687983874930914
77.92,-5259317.8933191495,14524360.0,49.687983903724486
77.93,-5259331.004731622,14524590.0,49.68798393781457
77.94,-5259344.17348546,14524830.0,49.68798397714515
77.95,-5259357.395193064,14525070.0,49.68798402163911
77.96,-5259370.665669479,14525310.0,49.68798407124226
77.97,-5259383.980432887,14525540.0,49.687984125845134
77.98,-5259397.3348278105,14525780.0,49.687984185343716
77.99,-5259410.724650678,14526020.0,49.687984249710574
78.0,-5259424.145759738,14526260.0,49.68798431886948
78.01,-5259437.593753461,14526510.0,49.68798439271599
78.02,-5259451.064219377,14526750.0,49.68798447116014
78.03,-5259464.552841649,14526990.0,49.68798455413052
78.04,-5259478.055223013,14527230.0,49.68798464153264
78.05,-5259491.566848539,14527470.0,49.687984733264074
78.06,-5259505.083335597,14527710.0,49.68798482925286
78.07,-5259518.6003814265,14527960.0,49.687984929419414
78.08,-5259532.1137639815,14528200.0,49.68798503368232
78.09,-5259545.619342788,14528440.0,49.687985141962656
78.1,-5259559.112809115,14528680.0,49.687985254148956
78.11,-5259572.589792271,14528920.0,49.68798537014995
78.12,-5259586.046127907,14529160.0,49.68798548988825
78.13,-5259599.4776091855,14529400.0,49.68798561326886
78.14,-5259612.880219407,14529650.0,49.68798574022254
78.15,-5259626.250044192,14529890.0,49.687985870665635
78.16,-5259639.583200851,14530130.0,49.68798600451021
78.17,-5259652.875820905,14530360.0,49.68798614166581
78.18,-5259666.124086181,14530600.0,49.68798628204709
78.19,-5259679.324283098,14530840.0,49.68798642557344
78.2,-5259692.472588796,14531080.0,49.68798657213635
78.21,-5259705.565213664,14531320.0,49.68798672164789
78.22,-5259718.598240624,14531550.0,49.68798687399844
78.23,-5259731.567588461,14531790.0,49.68798702907134
78.24,-5259744.469279269,14532020.0,49.687987186780816
78.25,-5259757.299779665,14532250.0,49.687987347072266
78.26,-5259770.055735884,14532490.0,49.68798750987751
78.27,-5259782.733366563,14532720.0,49.68798767505015
78.28,-5259795.328620612,14532950.0,49.687987842463535
78.29,-5259807.837712401,14533180.0,49.68798801204275
78.3,-5259820.256801731,14533400.0,49.687988183683
78.31,-5259832.582262134,14533630.0,49.687988357301336
78.32,-5259844.810342515,14533850.0,49.687988532790875
78.33,-5259856.937255818,14534080.0,49.68798871003858
78.34,-5259868.959680262,14534300.0,49.68798888899843
78.35,-5259880.87461991,14534520.0,49.68798906960611
78.36,-5259892.678906027,14534740.0,49.68798925175074
78.37,-5259904.369016738,14534960.0,49.68798943528826
78.38,-5259915.94146825,14535170.0,49.68798962012928
78.39,-5259927.393298739,14535390.0,49.687989806224664
78.4,-5259938.721642869,14535600.0,49.68798999348883
78.41,-5259949.923446158,14535810.0,49.68799018181079
78.42,-5259960.9954635585,14536020.0,49.68799037106281
78.43,-5259971.93443709,14536230.0,49.68799056114593
78.44,-5259982.737328613,14536440.0,49.687990751983854
78.45,-5259993.401196339,14536640.0,49.68799094348567
78.46,-5260003.923392645,14536840.0,49.68799113559064
78.47,-5260014.3011546545,14537040.0,49.68799132818432
78.48,-5260024.531603392,14537240.0,49.68799152116094
78.49,-5260034.611814546,14537440.0,49.68799171441228
78.5,-5260044.538549608,14537630.0,49.68799190780476
78.51,-5260054.308736897,14537820.0,49.68799210125594
78.52,-5260063.919920639,14538010.0,49.68799229472957
78.53,-5260073.36980038,14538200.0,49.68799248814796
78.54,-5260082.656017403,14538390.0,49.687992681412744
78.55,-5260091.775993146,14538570.0,49.687992874402774
78.56,-5260100.726873787,14538750.0,49.68799306699088
78.57,-5260109.50617271,14538930.0,49.687993259115984
78.58,-5260118.111504909,14539100.0,49.687993450697185
78.59,-5260126.540587833,14539280.0,49.6879936416435
78.6,-5260134.791045289,14539450.0,49.687993831855366
78.61,-5260142.860836453,14539620.0,49.687994021270526
78.62,-5260150.748025808,14539780.0,49.68799420981347
78.63,-5260158.4504975,14539950.0,49.687994397371064
78.64,-5260165.966383653,14540110.0,49.68799458387381
78.65,-5260173.293887305,14540270.0,49.68799476924997
78.66,-5260180.431479937,14540430.0,49.68799495343103
78.67,-5260187.37776036,14540580.0,49.687995136349706
78.68,-5260194.13118712,14540730.0,49.687995317905944
78.69,-5260200.690220615,14540880.0,49.68799549801427
78.7,-5260207.053090312,14541030.0,49.687995676560625
78.71,-5260213.217971966,14541170.0,49.68799585345497
78.72,-5260219.183506451,14541310.0,49.68799602865709
78.73,-5260224.948463247,14541450.0,49.68799620209621
78.74,-5260230.511437044,14541580.0,49.687996373678814
78.75,-5260235.870864221,14541720.0,49.68799654329488
78.76,-5260241.025182722,14541850.0,49.68799671086133
78.77,-5260245.973315505,14541970.0,49.68799687635309
78.78,-5260250.714459516,14542100.0,49.68799703971431
78.79,-5260255.2474790225,14542220.0,49.68799720083339
78.8,-5260259.571529616,14542340.0,49.68799735966872
78.81,-5260263.68586352,14542450.0,49.687997516150986
78.82,-5260267.589364759,14542570.0,49.68799767016353
78.83,-5260271.281172862,14542680.0,49.68799782165985
78.84,-5260274.760863923,14542790.0,49.68799797061047
78.85,-5260278.028113788,14542890.0,49.6879981169641
78.86,-5260281.082680876,14542990.0,49.687998260652556
78.87,-5260283.924460452,14543090.0,49.68799840163328
78.88,-5260286.553396099,14543190.0,49.68799853984216
78.89,-5260288.9689786425,14543280.0,49.68799867516584
78.9,-5260291.170904963,14543370.0,49.68799880756497
78.91,-5260293.15931234,14543460.0,49.68799893701369
78.92,-5260294.9344058335,14543550.0,49.68799906346689
78.93,-5260296.496637777,14543630.0,49.68799918689658
78.94,-5260297.846566374,14543710.0,49.6879993072522
78.95,-5260298.984552008,14543790.0,49.68799942446502
78.96,-5260299.911042039,14543860.0,49.68799953849016
78.97,-5260300.62671461,14543940.0,49.68799964929791
78.98,-5260301.131835746,14544000.0,49.68799975679555
78.99,-5260301.4266319685,14544070.0,49.68799986092071
79.0,-5260301.512024,14544140.0,49.68799996170228
79.01,-5260301.388898028,14544200.0,49.688000059088594
79.02,-5260301.057890416,14544250.0,49.68800015301168
79.03,-5260300.519940643,14544310.0,49.68800024345513
79.04,-5260299.775577351,14544360.0,49.68800033033245
79.05,-5260298.8252372425,14544410.0,49.688000413581776
79.06,-5260297.669604427,14544460.0,49.688000493189286
79.07,-5260296.309665989,14544510.0,49.688000569145785
79.08,-5260294.7466963595,14544550.0,49.688000641441675
79.09,-5260292.981883423,14544590.0,49.688000710030764
79.1,-5260291.016345575,14544630.0,49.688000774876
79.11,-5260288.851256347,14544660.0,49.68800083594368
79.12,-5260286.487826789,14544700.0,49.68800089320515
79.13,-5260283.927323514,14544730.0,49.68800094663193
79.14,-5260281.170657151,14544750.0,49.688000996159445
79.15,-5260278.2189881615,14544780.0,49.688001041771415
79.16,-5260275.073495905,14544800.0,49.68800108344419
79.17,-5260271.735074241,14544820.0,49.68800112111823
79.18,-5260268.204848387,14544840.0,49.688001154776494
79.19,-5260264.4838901255,14544850.0,49.688001184396164
79.2,-5260260.5734142,14544870.0,49.68800120995244
79.21,-5260256.474564442,14544880.0,49.68800123141548
79.22,-5260252.188771176,14544890.0,49.688001248792666
79.23,-5260247.71764591,14544890.0,49.68800126207545
79.24,-5260243.062141058,14544890.0,49.68800127117417
79.25,-5260238.223099605,14544890.0,49.688001276048034
79.26,-5260233.201916634,14544890.0,49.688001276726865
79.27,-5260227.999881066,14544890.0,49.688001273182735
79.28,-5260222.618228397,14544880.0,49.688001265386795
79.29,-5260217.058050586,14544870.0,49.68800125329991
79.3,-5260211.32027688,14544860.0,49.68800123688394
79.31,-5260205.406334904,14544850.0,49.68800121616935
79.32,-5260199.3178859055,14544830.0,49.68800119116605
79.33,-5260193.056360919,14544810.0,49.68800116183186
79.34,-5260186.622905052,14544790.0,49.6880011281221
79.35,-5260180.018375081,14544770.0,49.68800108998698
79.36,-5260173.243766758,14544740.0,49.688001047414296
79.37,-5260166.300305342,14544720.0,49.688001000415106
79.38,-5260159.189321968,14544680.0,49.6880009489861
79.39,-5260151.9121290045,14544650.0,49.68800089310936
79.4,-5260144.469912347,14544620.0,49.688000832758505
79.41,-5260136.864034678,14544580.0,49.6880007679359
79.42,-5260129.095803961,14544540.0,49.68800069862778
79.43,-5260121.166437074,14544500.0,49.6880006248106
79.44,-5260113.077327531,14544450.0,49.688000546488574
79.45,-5260104.829778186,14544410.0,49.68800046364897
79.46,-5260096.424695973,14544360.0,49.68800037622997
79.47,-5260087.863233252,14544310.0,49.68800028424712
79.48,-5260079.146843367,14544250.0,49.68800018772871
79.49,-5260070.27687109,14544200.0,49.688000086647804
79.5,-5260061.254694875,14544140.0,49.68799998100506
79.51,-5260052.081583751,14544080.0,49.68799987078395
79.52,-5260042.758642613,14544020.0,49.68799975595729
79.53,-5260033.287097286,14543950.0,49.68799963652499
79.54,-5260023.668349106,14543880.0,49.68799951250796
79.55,-5260013.903832941,14543810.0,49.68799938390464
79.56,-5260003.994892003,14543740.0,49.68799925069864
79.57,-5259993.942938138,14543670.0,49.687999112897124
79.58,-5259983.74929111,14543590.0,49.68799897048675
79.59,-5259973.4150524,14543510.0,49.68799882344092
79.6,-5259962.941694255,14543430.0,49.687998671796365
79.61,-5259952.330740219,14543350.0,49.687998515558874
79.62,-5259941.583586369,14543260.0,49.68799835471857
79.63,-5259930.701715035,14543170.0,49.68799818928231
79.64,-5259919.6864447035,14543080.0,49.68799801923705
79.65,-5259908.539161358,14542990.0,49.687997844589226
79.66,-5259897.261426345,14542900.0,49.687997665360015
79.67,-5259885.85503137,14542800.0,49.68799748158156
79.68,-5259874.321677898,14542700.0,49.68799729325526
79.69,-5259862.663209077,14542600.0,49.687997100399386
79.7,-5259850.881216806,14542500.0,49.687996903000005
79.71,-5259838.977326098,14542400.0,49.68799670106492
79.72,-5259826.953481707,14542290.0,49.68799649464468
79.73,-5259814.811359661,14542180.0,49.68799628371581
79.74,-5259802.552454516,14542070.0,49.68799606827311
79.75,-5259790.178221039,14541950.0,49.687995848318785
79.76,-5259777.690127493,14541840.0,49.687995623866186
79.77,-5259765.089745173,14541720.0,49.687995394930375
79.78,-5259752.37867749,14541600.0,49.68799516153293
79.79,-5259739.558954039,14541480.0,49.687994923732134
79.8,-5259726.632228108,14541360.0,49.68799468150114
79.81,-5259713.599863091,14541230.0,49.68799443482862
79.82,-5259700.463449321,14541100.0,49.68799418374086
79.83,-5259687.224573013,14540970.0,49.68799392826331
79.84,-5259673.884941463,14540840.0,49.6879936684133
79.85,-5259660.445828814,14540710.0,49.687993404168346
79.86,-5259646.908627587,14540570.0,49.687993135547664
79.87,-5259633.274670477,14540430.0,49.68799286256049
79.88,-5259619.545229782,14540300.0,49.687992585213166
79.89,-5259605.721409401,14540150.0,49.687992303502384
79.9,-5259591.804555242,14540010.0,49.68799201746093
79.91,-5259577.796257077,14539870.0,49.68799172713941
79.92,-5259563.697938547,14539720.0,49.687991432533046
79.93,-5259549.51076622,14539570.0,49.68799113362765
79.94,-5259535.235898142,14539420.0,49.68799083043916
79.95,-5259520.875020855,14539270.0,49.6879905230413
79.96,-5259506.429619392,14539110.0,49.6879902114357
79.97,-5259491.901351594,14538960.0,49.687989895652386
79.98,-5259477.291906137,14538800.0,49.687989575726775
79.99,-5259462.60260875,14538640.0,49.687989251634924
80.0,-5259447.834598291,14538480.0,49.68798892337286
80.01,-5259432.988950523,14538320.0,49.68798859095381
80.02,-5259418.067143088,14538160.0,49.687988254438444
80.03,-5259403.070628907,14537990.0,49.68798791384578
80.04,-5259388.000943318,14537820.0,49.68798756920504
80.05,-5259372.859650939,14537660.0,49.6879872205426
80.06,-5259357.648005591,14537490.0,49.68798686785135
80.07,-5259342.3670909945,14537310.0,49.68798651112864
80.08,-5259327.018177459,14537140.0,49.687986150415405
80.09,-5259311.602973981,14536970.0,49.68798578577872
80.1,-5259296.123004959,14536790.0,49.687985417233286
80.11,-5259280.579733968,14536620.0,49.68798504478921
80.12,-5259264.974402043,14536440.0,49.687984668448216
80.13,-5259249.30831232,14536260.0,49.687984288245225
80.14,-5259233.583439254,14536080.0,49.687983904271874
80.15,-5259217.801610219,14535890.0,49.687983516549295
80.16,-5259201.964146115,14535710.0,49.68798312504738
80.17,-5259186.072430226,14535530.0,49.687982729803586
80.18,-5259170.128087704,14535340.0,49.68798233086476
80.19,-5259154.132951608,14535150.0,49.68798192828915
80.2,-5259138.089118182,14534970.0,49.68798152213553
80.21,-5259121.998537012,14534780.0,49.68798111242845
80.22,-5259105.862812788,14534590.0,49.687980699160164
80.23,-5259089.683309895,14534400.0,49.68798028233714
80.24,-5259073.461615969,14534200.0,49.687979862007445
80.25,-5259057.19968685,14534010.0,49.68797943825251
80.26,-5259040.899437593,14533820.0,49.68797901109731
80.27,-5259024.562276494,14533620.0,49.68797858052919
80.28,-5259008.189620233,14533420.0,49.68797814657186
80.29,-5258991.783037118,14533230.0,49.68797770927835
80.3,-5258975.344427285,14533030.0,49.687977268719315
80.31,-5258958.875774568,14532830.0,49.68797682494118
80.32,-5258942.378950111,14532640.0,49.68797637796879
80.33,-5258925.855836709,14532440.0,49.68797592784631
80.34,-5258909.30845415,14532240.0,49.68797547462758
80.35,-5258892.739049742,14532040.0,49.68797501837451
80.36,-5258876.149634461,14531830.0,49.68797455911107
80.37,-5258859.542177931,14531630.0,49.68797409687374
80.38,-5258842.918607997,14531430.0,49.68797363169699
80.39,-5258826.280828203,14531230.0,49.687973163620484
80.4,-5258809.630968188,14531020.0,49.6879726927148
80.41,-5258792.970955653,14530820.0,49.68797221900103
80.42,-5258776.302836964,14530620.0,49.68797174253613
80.43,-5258759.628939146,14530410.0,49.68797126339649
80.44,-5258742.951316947,14530210.0,49.68797078159991
80.45,-5258726.271661033,14530000.0,49.68797029715418
80.46,-5258709.591957512,14529800.0,49.68796981013104
80.47,-5258692.914078382,14529590.0,49.68796932056936
80.48,-5258676.240067018,14529390.0,49.687968828527445
80.49,-5258659.5723543335,14529180.0,49.68796833410264
80.5,-5258642.913099238,14528980.0,49.68796783731332
80.51,-5258626.264257998,14528770.0,49.68796733819054
80.52,-5258609.628030172,14528570.0,49.68796683680517
80.53,-5258593.006359093,14528360.0,49.68796633318239
80.54,-5258576.401323667,14528160.0,49.68796582738923
80.55,-5258559.815372138,14527950.0,49.68796531951366
80.56,-5258543.250734051,14527750.0,49.687964809589104
80.57,-5258526.709722787,14527540.0,49.68796429767773
80.58,-5258510.194485467,14527340.0,49.687963783819725
80.59,-5258493.706983616,14527140.0,49.687963268041464
80.6,-5258477.2490811255,14526930.0,49.687962750388294
80.61,-5258460.823062678,14526730.0,49.6879622309595
80.62,-5258444.431243078,14526530.0,49.68796170981044
80.63,-5258428.076003213,14526320.0,49.687961187010195
80.64,-5258411.759772572,14526120.0,49.68796066262037
80.65,-5258395.484707222,14525920.0,49.68796013667067
80.66,-5258379.253385869,14525720.0,49.68795960926671
80.67,-5258363.068275942,14525520.0,49.68795908045806
80.68,-5258346.931392397,14525320.0,49.687958550253384
80.69,-5258330.844634231,14525120.0,49.68795801869799
80.7,-5258314.810052071,14524920.0,49.68795748586314
80.71,-5258298.8299746495,14524730.0,49.68795695183782
80.72,-5258282.906724446,14524530.0,49.68795641668348
80.73,-5258267.04243849,14524330.0,49.68795588044019
80.74,-5258251.239550248,14524140.0,49.68795534320288
80.75,-5258235.500756087,14523940.0,49.68795480506502
80.76,-5258219.828318944,14523750.0,49.68795426604487
80.77,-5258204.224279638,14523560.0,49.68795372617629
80.78,-5258188.691099633,14523370.0,49.68795318557397
80.79,-5258173.23121666,14523180.0,49.68795264429725
80.8,-5258157.847008619,14522990.0,49.68795210240711
80.81,-5258142.5410616025,14522800.0,49.68795155998946
80.82,-5258127.315598473,14522620.0,49.687951017078866
80.83,-5258112.172887707,14522430.0,49.68795047374122
80.84,-5258097.115404838,14522250.0,49.68794993006109
80.85,-5258082.1454579905,14522060.0,49.68794938609957
80.86,-5258067.265562489,14521880.0,49.687948841935054
80.87,-5258052.478281259,14521700.0,49.687948297653854
80.88,-5258037.786099778,14521520.0,49.687947753310034
80.89,-5258023.191085158,14521340.0,49.68794720892965
80.9,-5258008.695401998,14521170.0,49.68794666459148
80.91,-5257994.3012951845,14521000.0,49.68794612036827
80.92,-5257980.011018845,14520820.0,49.68794557633448
80.93,-5257965.826836341,14520650.0,49.687945032554055
80.94,-5257951.750554725,14520480.0,49.68794448905053
80.95,-5257937.783968686,14520310.0,49.68794394588433
80.96,-5257923.929093181,14520150.0,49.68794340314235
80.97,-5257910.188236765,14519980.0,49.687942860929624
80.98,-5257896.563806896,14519820.0,49.687942319324016
80.99,-5257883.058024163,14519660.0,49.68794177838247
81.0,-5257869.673189306,14519500.0,49.68794123817845
81.01,-5257856.411665871,14519340.0,49.68794069879585
81.02,-5257843.275952269,14519190.0,49.687940160324
81.03,-5257830.268736484,14519040.0,49.68793962285387
81.04,-5257817.3924319465,14518880.0,49.68793908643632
81.05,-5257804.649300597,14518730.0,49.68793855112987
81.06,-5257792.04145161,14518590.0,49.687938016990266
81.07,-5257779.570875926,14518440.0,49.68793748407476
81.08,-5257767.2397317495,14518300.0,49.68793695247175
81.09,-5257755.050166765,14518160.0,49.68793642225601
81.1,-5257743.004210568,14518020.0,49.68793589348902
81.11,-5257731.1040959675,14517880.0,49.687935366258046
81.12,-5257719.35222474,14517750.0,49.6879348406651
81.13,-5257707.751007758,14517620.0,49.68793431678562
81.14,-5257696.302650118,14517490.0,49.68793379467164
81.15,-5257685.009310593,14517360.0,49.68793327439318
81.16,-5257673.872778896,14517230.0,49.68793275599012
81.17,-5257662.894812911,14517110.0,49.68793223952136
81.18,-5257652.077389083,14516990.0,49.68793172508774
81.19,-5257641.422417635,14516870.0,49.68793121274962
81.2,-5257630.931706189,14516760.0,49.68793070257175
81.21,-5257620.60695891,14516640.0,49.68793019461716
81.22,-5257610.449883089,14516540.0,49.687929688948266
81.23,-5257600.462332391,14516430.0,49.68792918566046
81.24,-5257590.646290083,14516320.0,49.68792868483398
81.25,-5257581.003279143,14516220.0,49.687928186499335
81.26,-5257571.534895732,14516120.0,49.687927690723164
81.27,-5257562.24280977,14516020.0,49.6879271975922
81.28,-5257553.1286759665,14515930.0,49.687926707174164
81.29,-5257544.194348555,14515840.0,49.68792621955529
81.3,-5257535.441811228,14515750.0,49.68792573483409
81.31,-5257526.873070703,14515660.0,49.68792525307779
81.32,-5257518.48976293,14515580.0,49.68792477432987
81.33,-5257510.29381263,14515500.0,49.687924298687314
81.34,-5257502.2873102175,14515430.0,49.687923826245104
81.35,-5257494.472190786,14515350.0,49.687923357061926
81.36,-5257486.850250729,14515280.0,49.687922891201204
81.37,-5257479.422895927,14515210.0,49.687922428689326
81.38,-5257472.191604166,14515150.0,49.68792196960187
81.39,-5257465.157782463,14515080.0,49.687921514003094
81.4,-5257458.322802308,14515030.0,49.68792106195845
81.41,-5257451.688250058,14514970.0,49.68792061355865
81.42,-5257445.255427286,14514920.0,49.68792016884386
81.43,-5257439.025670806,14514870.0,49.68791972788687
81.44,-5257433.000549924,14514820.0,49.687919290780876
81.45,-5257427.181635507,14514780.0,49.687918857597325
81.46,-5257421.570338835,14514740.0,49.68791842838846
81.47,-5257416.167767077,14514700.0,49.68791800318936
81.48,-5257410.975275947,14514670.0,49.68791758209697
81.49,-5257405.994525414,14514640.0,49.687917165209925
81.5,-5257401.227124007,14514620.0,49.687916752596465
81.51,-5257396.674700004,14514590.0,49.687916344331356
81.52,-5257392.338650903,14514570.0,49.68791594045678
81.53,-5257388.22053549,14514560.0,49.687915541064626
81.54,-5257384.32205722,14514540.0,49.687915146238815
81.55,-5257380.644975825,14514540.0,49.687914756064124
81.56,-5257377.190749623,14514530.0,49.68791437057586
81.57,-5257373.960622631,14514530.0,49.68791398981943
81.58,-5257370.956231655,14514530.0,49.687913613908215
81.59,-5257368.179054339,14514540.0,49.687913242900024
81.6,-5257365.6304437015,14514540.0,49.687912876845616
81.61,-5257363.311483886,14514560.0,49.68791251578525
81.62,-5257361.223614737,14514570.0,49.687912159829516
81.63,-5257359.368759979,14514590.0,49.68791180909445
81.64,-5257357.748561107,14514620.0,49.68791146363321
81.65,-5257356.364052811,14514640.0,49.68791112344164
81.66,-5257355.215926737,14514680.0,49.687910788552436
81.67,-5257354.305137569,14514710.0,49.687910459052276
81.68,-5257353.632564958,14514750.0,49.687910135000486
81.69,-5257353.199227822,14514790.0,49.687909816469045
81.7,-5257353.006249674,14514840.0,49.68790950353857
81.71,-5257353.054572974,14514890.0,49.68790919625642
81.72,-5257353.344832382,14514940.0,49.68790889464579
81.73,-5257353.8778178785,14515000.0,49.68790859878428
81.74,-5257354.654082122,14515060.0,49.687908308710796
81.75,-5257355.673849077,14515130.0,49.68790802444229
81.76,-5257356.937494905,14515200.0,49.68790774604608
81.77,-5257358.445137414,14515270.0,49.68790747355421
81.78,-5257360.19720705,14515350.0,49.68790720705108
81.79,-5257362.194342023,14515430.0,49.687906946613964
81.8,-5257364.4367275005,14515520.0,49.687906692249165
81.81,-5257366.924253205,14515610.0,49.687906443978484
81.82,-5257369.656726014,14515700.0,49.68790620183604
81.83,-5257372.63358289,14515800.0,49.6879059658272
81.84,-5257375.85413873,14515900.0,49.68790573597691
81.85,-5257379.317979429,14516000.0,49.68790551235866
81.86,-5257383.025017874,14516110.0,49.687905295048964
81.87,-5257386.975120625,14516220.0,49.68790508408863
81.88,-5257391.167928575,14516340.0,49.68790487949431
81.89,-5257395.602998486,14516460.0,49.68790468130019
81.9,-5257400.279623369,14516580.0,49.68790448951662
81.91,-5257405.196776773,14516710.0,49.687904304139494
81.92,-5257410.353325241,14516840.0,49.6879041251903
81.93,-5257415.748260371,14516980.0,49.68790395271214
81.94,-5257421.380520895,14517110.0,49.68790378672787
81.95,-5257427.2492072685,14517260.0,49.687903627287824
81.96,-5257433.353439837,14517400.0,49.68790347442077
81.97,-5257439.6919293925,14517550.0,49.68790332811085
81.98,-5257446.262991948,14517700.0,49.68790318834171
81.99,-5257453.065082928,14517860.0,49.687903055140524
82.0,-5257460.0966193825,14518020.0,49.687902928526015
82.01,-5257467.356051479,14518180.0,49.68790280852174
82.02,-5257474.841880822,14518350.0,49.68790269514818
82.03,-5257482.552356634,14518520.0,49.68790258839636
82.04,-5257490.485635061,14518690.0,49.68790248826931
82.05,-5257498.63993974,14518870.0,49.68790239478524
82.06,-5257507.013311853,14519050.0,49.68790230793525
82.07,-5257515.603501389,14519230.0,49.68790222769815
82.08,-5257524.408287338,14519420.0,49.68790215407854
82.09,-5257533.425710875,14519610.0,49.68790208710755
82.1,-5257542.653809055,14519800.0,49.68790202679824
82.11,-5257552.090024064,14519990.0,49.687901973081445
82.12,-5257561.731664225,14520190.0,49.687901925942754
82.13,-5257571.576332879,14520390.0,49.68790188540498
82.14,-5257581.62114309,14520600.0,49.68790185141672
82.15,-5257591.863089971,14520800.0,49.68790182394907
82.16,-5257602.299479714,14521010.0,49.68790180302707
82.17,-5257612.928057625,14521220.0,49.68790178868602
82.18,-5257623.746277688,14521440.0,49.68790178089543
82.19,-5257634.751085561,14521660.0,49.68790177958298
82.2,-5257645.93932658,14521880.0,49.68790178471848
82.21,-5257657.3080495745,14522100.0,49.687901796308886
82.22,-5257668.854472911,14522320.0,49.68790181435536
82.23,-5257680.575681661,14522550.0,49.687901838822754
82.24,-5257692.468376064,14522780.0,49.68790186965138
82.25,-5257704.529531197,14523010.0,49.68790190684368
82.26,-5257716.756059182,14523250.0,49.68790195037144
82.27,-5257729.144414981,14523480.0,49.687902000159994
82.28,-5257741.691058527,14523720.0,49.68790205617063
82.29,-5257754.3922759555,14523960.0,49.68790211836142
82.3,-5257767.244733543,14524200.0,49.687902186730966
82.31,-5257780.245284011,14524450.0,49.687902261272114
82.32,-5257793.390359438,14524690.0,49.68790234190619
82.33,-5257806.676290442,14524940.0,49.687902428580095
82.34,-5257820.099072831,14525190.0,49.68790252122042
82.35,-5257833.654454714,14525440.0,49.687902619751576
82.36,-5257847.338239202,14525690.0,49.687902724130204
82.37,-5257861.146571599,14525950.0,49.68790283434906
82.38,-5257875.075906583,14526200.0,49.68790295038885
82.39,-5257889.122240954,14526460.0,49.68790307215723
82.4,-5257903.281378816,14526720.0,49.687903199583324
82.41,-5257917.549180973,14526970.0,49.68790333261482
82.42,-5257931.921368681,14527230.0,49.687903471183056
82.43,-5257946.393504881,14527500.0,49.68790361521124
82.44,-5257960.961351329,14527760.0,49.68790376465967
82.45,-5257975.620780911,14528020.0,49.68790391948076
82.46,-5257990.367474377,14528280.0,49.68790407959298
82.47,-5258005.197062317,14528550.0,49.68790424492848
82.48,-5258020.105321975,14528820.0,49.6879044154351
82.49,-5258035.087927993,14529080.0,49.68790459103904
82.5,-5258050.140416032,14529350.0,49.687904771657536
82.51,-5258065.258181916,14529620.0,49.68790495720244
82.52,-5258080.436516593,14529880.0,49.68790514758953
82.53,-5258095.6706771925,14530150.0,49.68790534273939
82.54,-5258110.955654246,14530420.0,49.68790554254581
82.55,-5258126.286456331,14530690.0,49.68790574692514
82.56,-5258141.658235842,14530960.0,49.68790595581336
82.57,-5258157.066182974,14531230.0,49.68790616913128
82.58,-5258172.505472572,14531500.0,49.68790638679259
82.59,-5258187.971228466,14531760.0,49.68790660871043
82.6,-5258203.458648666,14532030.0,49.68790683480239
82.61,-5258218.96302412,14532300.0,49.68790706499457
82.62,-5258234.4795606565,14532570.0,49.687907299185824
82.63,-5258250.0035397,14532840.0,49.6879075373004
82.64,-5258265.530193796,14533110.0,49.68790777924243
82.65,-5258281.054384156,14533370.0,49.68790802487575
82.66,-5258296.571027699,14533640.0,49.687908274108636
82.67,-5258312.075044045,14533910.0,49.68790852685056
82.68,-5258327.561588572,14534170.0,49.68790878301988
82.69,-5258343.025982924,14534440.0,49.68790904254365
82.7,-5258358.463537519,14534700.0,49.687909305325036
82.71,-5258373.869802369,14534970.0,49.68790957129183
82.72,-5258389.240049951,14535230.0,49.68790984031553
82.73,-5258404.569362739,14535490.0,49.68791011227614
82.74,-5258419.852685649,14535750.0,49.68791038705286
82.75,-5258435.084592407,14536010.0,49.687910664502745
82.76,-5258450.260303476,14536270.0,49.68791094457703
82.77,-5258465.375118475,14536520.0,49.68791122718976
82.78,-5258480.424452841,14536780.0,49.68791151223954
82.79,-5258495.403570378,14537030.0,49.68791179960835
82.8,-5258510.307618082,14537280.0,49.687912089179015
82.81,-5258525.131732852,14537530.0,49.687912380830475
82.82,-5258539.870647724,14537780.0,49.687912674413894
82.83,-5258554.519351377,14538030.0,49.687912969834464
82.84,-5258569.072714408,14538280.0,49.68791326696708
82.85,-5258583.525775094,14538520.0,49.68791356571237
82.86,-5258597.87356191,14538760.0,49.6879138659477
82.87,-5258612.11100414,14539000.0,49.68791416754909
82.88,-5258626.233629627,14539240.0,49.68791447046105
82.89,-5258640.23703258,14539480.0,49.68791477457641
82.9,-5258654.116587791,14539710.0,49.687915079754795
82.91,-5258667.867556511,14539940.0,49.68791538586977
82.92,-5258681.485300599,14540170.0,49.687915692810186
82.93,-5258694.9654088635,14540400.0,49.687916000481195
82.94,-5258708.303484184,14540630.0,49.687916308766354
82.95,-5258721.495036354,14540850.0,49.68791661753944
82.96,-5258734.535839636,14541070.0,49.68791692670643
82.97,-5258747.421451573,14541290.0,49.68791723612522
82.98,-5258760.147318866,14541500.0,49.68791754566508
82.99,-5258772.709224302,14541720.0,49.68791785523753
83.0,-5258785.102591275,14541930.0,49.687918164681676
83.01,-5258797.322785483,14542130.0,49.68791847386405
83.02,-5258809.36554438,14542340.0,49.687918782706255
83.03,-5258821.226854962,14542540.0,49.68791909110591
83.04,-5258832.902705222,14542740.0,49.687919398945574
83.05,-5258844.389048477,14542940.0,49.687919706099834
83.06,-5258855.682125528,14543130.0,49.687920012479495
83.07,-5258866.778037343,14543320.0,49.68792031794711
83.08,-5258877.672851496,14543510.0,49.6879206223789
83.09,-5258888.362978041,14543690.0,49.68792092569182
83.1,-5258898.844903768,14543870.0,49.68792122777036
83.11,-5258909.115192921,14544050.0,49.6879215285125
83.12,-5258919.170398371,14544220.0,49.68792182779158
83.13,-5258929.00720487,14544400.0,49.68792212550679
83.14,-5258938.622233217,14544560.0,49.68792242153609
83.15,-5258948.01207565,14544730.0,49.6879227157533
83.16,-5258957.17349266,14544890.0,49.687923008061674
83.17,-5258966.103396516,14545050.0,49.68792329835817
83.18,-5258974.798780912,14545200.0,49.687923586534914
83.19,-5258983.2566679595,14545350.0,49.68792387248625
83.2,-5258991.474269634,14545500.0,49.687924156108146
83.21,-5258999.448863989,14545640.0,49.687924437303884
83.22,-5259007.177938969,14545780.0,49.68792471598212
83.23,-5259014.658943443,14545920.0,49.687924992022964
83.24,-5259021.888982517,14546050.0,49.68792526528678
83.25,-5259028.865262479,14546180.0,49.68792553565976
83.26,-5259035.585127464,14546300.0,49.687925803047996
83.27,-5259042.045899435,14546430.0,49.68792606734014
83.28,-5259048.24489595,14546540.0,49.68792632841368
83.29,-5259054.179591317,14546660.0,49.687926586178406
83.3,-5259059.847850637,14546770.0,49.68792684056885
83.31,-5259065.247449484,14546870.0,49.687927091466946
83.32,-5259070.376144819,14546970.0,49.687927338757305
83.33,-5259075.23188971,14547070.0,49.68792758236136
83.34,-5259079.812870709,14547170.0,49.687927822195974
83.35,-5259084.117079965,14547260.0,49.68792805813776
83.36,-5259088.142438997,14547340.0,49.687928290075476
83.37,-5259091.886941377,14547420.0,49.687928517903195
83.38,-5259095.348581667,14547500.0,49.687928741527266
83.39,-5259098.525892597,14547570.0,49.68792896089787
83.4,-5259101.41717938,14547640.0,49.68792917588855
83.41,-5259104.020696924,14547710.0,49.68792938639762
83.42,-5259106.335132856,14547770.0,49.68792959237091
83.43,-5259108.359270726,14547830.0,49.68792979372492
83.44,-5259110.0918116635,14547880.0,49.68792999035143
83.45,-5259111.531499001,14547930.0,49.687930182165886
83.46,-5259112.6769574145,14547970.0,49.687930369058826
83.47,-5259113.526656108,14548010.0,49.687930550911666
83.48,-5259114.079355186,14548050.0,49.687930727667954
83.49,-5259114.334304882,14548080.0,49.68793089928559
83.5,-5259114.290927101,14548100.0,49.6879310656959
83.51,-5259113.948601821,14548130.0,49.687931226813355
83.52,-5259113.306935262,14548150.0,49.68793138257544
83.53,-5259112.365510901,14548160.0,49.687931532899874
83.54,-5259111.124121972,14548170.0,49.687931677731136
83.55,-5259109.58261187,14548180.0,49.68793181699044
83.56,-5259107.740337271,14548180.0,49.68793195055176
83.57,-5259105.596916185,14548180.0,49.68793207836221
83.58,-5259103.152391105,14548170.0,49.687932200384985
83.59,-5259100.406892059,14548160.0,49.68793231656356
83.6,-5259097.360869959,14548140.0,49.687932426861565
83.61,-5259094.014866236,14548120.0,49.68793253121978
83.62,-5259090.369316453,14548100.0,49.68793262956398
83.63,-5259086.424782083,14548070.0,49.68793272184359
83.64,-5259082.181790205,14548040.0,49.68793280798768
83.65,-5259077.640636121,14548000.0,49.68793288791212
83.66,-5259072.801721572,14547960.0,49.68793296155757
83.67,-5259067.665573354,14547920.0,49.68793302888374
83.68,-5259062.23277255,14547860.0,49.687933089826096
83.69,-5259056.503972716,14547810.0,49.68793314434219
83.7,-5259050.480097272,14547750.0,49.68793319239995
83.71,-5259044.162395213,14547690.0,49.687933233980935
83.72,-5259037.552031686,14547630.0,49.68793326903157
83.73,-5259030.649639498,14547560.0,49.68793329744034
83.74,-5259023.455941416,14547480.0,49.687933319159136
83.75,-5259015.972395332,14547400.0,49.68793333422414
83.76,-5259008.200752305,14547320.0,49.68793334262067
83.77,-5259000.142664774,14547240.0,49.687933344301825
83.78,-5258991.799739277,14547140.0,49.68793333922355
83.79,-5258983.173285202,14547050.0,49.687933327310105
83.8,-5258974.264688248,14546950.0,49.68793330853373
83.81,-5258965.075751064,14546850.0,49.687933282899685
83.82,-5258955.608177104,14546740.0,49.687933250363436
83.83,-5258945.8635875415,14546630.0,49.68793321088117
83.84,-5258935.843771099,14546520.0,49.687933164440565
83.85,-5258925.550577743,14546400.0,49.68793311101655
83.86,-5258914.985775732,14546280.0,49.68793305057215
83.87,-5258904.151319342,14546150.0,49.68793298309769
83.88,-5258893.049439678,14546020.0,49.687932908599834
83.89,-5258881.682754094,14545890.0,49.687932827098905
83.9,-5258870.053857208,14545760.0,49.68793273858187
83.91,-5258858.165195136,14545620.0,49.68793264301324
83.92,-5258846.019475897,14545470.0,49.68793254040857
83.93,-5258833.619635453,14545320.0,49.68793243078228
83.94,-5258820.968463254,14545170.0,49.68793231410963
83.95,-5258808.068582908,14545020.0,49.68793219037096
83.96,-5258794.9229161665,14544860.0,49.68793205958334
83.97,-5258781.534416472,14544700.0,49.6879319217512
83.98,-5258767.906015237,14544540.0,49.687931776868936
83.99,-5258754.040800482,14544370.0,49.68793162495565
84.0,-5258739.942196882,14544200.0,49.68793146604653
84.01,-5258725.613574257,14544030.0,49.68793130014748
84.02,-5258711.058085708,14543850.0,49.687931127240994
84.03,-5258696.279149092,14543670.0,49.68793094736203
84.04,-5258681.28034142,14543490.0,49.687930760541406
84.05,-5258666.065381959,14543300.0,49.68793056680921
84.06,-5258650.638007737,14543110.0,49.687930366184965
84.07,-5258635.001561572,14542920.0,49.687930158643596
84.08,-5258619.159669082,14542730.0,49.68792994423395
84.09,-5258603.116330192,14542530.0,49.68792972301423
84.1,-5258586.875563736,14542330.0,49.68792949501637
84.11,-5258570.441478924,14542130.0,49.68792926027993
84.12,-5258553.8183473945,14541930.0,49.68792901884924
84.13,-5258537.010156573,14541720.0,49.6879287707262
84.14,-5258520.020983127,14541510.0,49.68792851595846
84.15,-5258502.855244074,14541300.0,49.68792825461279
84.16,-5258485.517090406,14541080.0,49.68792798670116
84.17,-5258468.010673256,14540870.0,49.68792771225912
84.18,-5258450.340537535,14540650.0,49.68792743137449
84.19,-5258432.511606884,14540430.0,49.68792714412962
84.2,-5258414.52829107,14540210.0,49.68792685052621
84.21,-5258396.395108292,14539990.0,49.687926550613675
84.22,-5258378.117061767,14539760.0,49.68792624450323
84.23,-5258359.699052392,14539530.0,49.68792593223964
84.24,-5258341.145752269,14539300.0,49.68792561385184
84.25,-5258322.462086028,14539070.0,49.68792528942233
84.26,-5258303.653107191,14538840.0,49.687924959031704
84.27,-5258284.723658676,14538610.0,49.68792462271807
84.28,-5258265.67876473,14538370.0,49.68792428055813
84.29,-5258246.523614162,14538140.0,49.687923932647266
84.3,-5258227.263185319,14537900.0,49.68792357901907
84.31,-5258207.90260221,14537660.0,49.68792321976907
84.32,-5258188.447206977,14537420.0,49.68792285498814
84.33,-5258168.9021673985,14537180.0,49.68792248473173
84.34,-5258149.272743764,14536940.0,49.687922109090096
84.35,-5258129.564235589,14536700.0,49.68792172813995
84.36,-5258109.781730923,14536460.0,49.68792134194189
84.37,-5258089.930372961,14536210.0,49.687920950577336
84.38,-5258070.015360176,14535970.0,49.68792055413566
84.39,-5258050.042000179,14535730.0,49.68792015271038
84.4,-5258030.015620762,14535480.0,49.68791974638984
84.41,-5258009.941516037,14535240.0,49.687919335256396
84.42,-5257989.824802621,14534990.0,49.687918919379435
84.43,-5257969.670310501,14534740.0,49.68791849881617
84.44,-5257949.482849057,14534500.0,49.687918073645065
84.45,-5257929.26760056,14534250.0,49.687917643995036
84.46,-5257909.029997535,14534010.0,49.687917209987965
84.47,-5257888.775294731,14533760.0,49.68791677170282
84.48,-5257868.508621129,14533520.0,49.68791632921564
84.49,-5257848.234853327,14533270.0,49.687915882595554
84.5,-5257827.958881848,14533020.0,49.68791543194037
84.51,-5257807.685807962,14532780.0,49.68791497736279
84.52,-5257787.420533277,14532530.0,49.68791451894704
84.53,-5257767.168044381,14532290.0,49.68791405678928
84.54,-5257746.933216311,14532050.0,49.687913590987556
84.55,-5257726.720954651,14531800.0,49.68791312164015
84.56,-5257706.536106014,14531560.0,49.68791264883819
84.57,-5257686.382973873,14531320.0,49.68791217262748
84.58,-5257666.266137676,14531080.0,49.68791169313007
84.59,-5257646.190419024,14530840.0,49.687911210476166
84.6,-5257626.160310395,14530600.0,49.687910724733136
84.61,-5257606.180187168,14530360.0,49.687910235986344
84.62,-5257586.254682508,14530120.0,49.68790974437017
84.63,-5257566.388689213,14529880.0,49.68790925001188
84.64,-5257546.586842296,14529650.0,49.687908752996826
84.65,-5257526.853248123,14529410.0,49.68790825337068
84.66,-5257507.191927659,14529180.0,49.68790775122479
84.67,-5257487.607012564,14528940.0,49.68790724667375
84.68,-5257468.1022982765,14528710.0,49.68790673977882
84.69,-5257448.681778329,14528480.0,49.68790623066886
84.7,-5257429.349771116,14528260.0,49.68790571947779
84.71,-5257410.11054629,14528030.0,49.68790520631059
84.72,-5257390.9683958115,14527800.0,49.68790469127875
84.73,-5257371.927347464,14527580.0,49.687904174460016
84.74,-5257352.991252106,14527350.0,49.68790365594119
84.75,-5257334.163817917,14527130.0,49.68790313581005
84.76,-5257315.448573309,14526910.0,49.68790261415519
84.77,-5257296.849277197,14526690.0,49.687902091098444
84.78,-5257278.369616302,14526480.0,49.68790156674617
84.79,-5257260.013258162,14526260.0,49.68790104119266
84.8,-5257241.783564354,14526050.0,49.687900514516805
84.81,-5257223.68362375,14525840.0,49.6878999867857
84.82,-5257205.716733694,14525630.0,49.68789945812879
84.83,-5257187.886526907,14525420.0,49.68789892868003
84.84,-5257170.196526404,14525210.0,49.687898398541606
84.85,-5257152.650323548,14525010.0,49.6878978678236
84.86,-5257135.251202471,14524810.0,49.687897336601075
84.87,-5257118.002298655,14524610.0,49.68789680496066
84.88,-5257100.906884149,14524410.0,49.68789627302817
84.89,-5257083.968082072,14524210.0,49.687895740883384
84.9,-5257067.188775808,14524020.0,49.68789520860909
84.91,-5257050.571965124,14523820.0,49.6878946763207
84.92,-5257034.12031939,14523630.0,49.68789414408252
84.93,-5257017.836532981,14523450.0,49.68789361199683
84.94,-5257001.723468676,14523260.0,49.687893080184274
84.95,-5256985.783997778,14523080.0,49.687892548748145
84.96,-5256970.021125455,14522900.0,49.687892017808366
84.97,-5256954.4377589645,14522720.0,49.68789148746006
84.98,-5256939.036921666,14522540.0,49.68789095781532
84.99,-5256923.821377854,14522370.0,49.687890428955654
85.0,-5256908.793523195,14522200.0,49.68788990094254
85.01,-5256893.955578704,14522020.0,49.68788937385225
85.02,-5256879.309660946,14521860.0,49.6878888477738
85.03,-5256864.85824673,14521690.0,49.687888322839896
85.04,-5256850.603674593,14521530.0,49.68788779913816
85.05,-5256836.5479288,14521370.0,49.687887276725036
85.06,-5256822.693030416,14521210.0,49.6878867557019
85.07,-5256809.041037599,14521060.0,49.68788623616501
85.08,-5256795.593992166,14520910.0,49.687885718207845
85.09,-5256782.35382992,14520760.0,49.68788520191692
85.1,-5256769.322397702,14520610.0,49.68788468737469
85.11,-5256756.50172127,14520470.0,49.68788417469439
85.12,-5256743.893505359,14520320.0,49.6878836639344
85.13,-5256731.499166933,14520180.0,49.687883155153344
85.14,-5256719.320459611,14520050.0,49.68788264847673
85.15,-5256707.358867573,14519910.0,49.68788214396809
85.16,-5256695.615639245,14519780.0,49.68788164168567
85.17,-5256684.091964502,14519650.0,49.687881141711706
85.18,-5256672.788938431,14519530.0,49.68788064411341
85.19,-5256661.707632248,14519400.0,49.687880148980526
85.2,-5256650.849057337,14519280.0,49.687879656380545
85.21,-5256640.213949965,14519160.0,49.68787916636532
85.22,-5256629.803324217,14519050.0,49.68787867904761
85.23,-5256619.618205691,14518940.0,49.68787819450638
85.24,-5256609.659094466,14518830.0,49.687877712763374
85.25,-5256599.926569778,14518720.0,49.687877233904345
85.26,-5256590.42143397,14518620.0,49.68787675802254
85.27,-5256581.144320422,14518520.0,49.687876285183464
85.28,-5256572.095925038,14518420.0,49.6878758154655
85.29,-5256563.276738235,14518320.0,49.68787534891737
85.3,-5256554.687150811,14518230.0,49.68787488560553
85.31,-5256546.32727418,14518140.0,49.68787442556452
85.32,-5256538.1970993895,14518050.0,49.68787396885104
85.33,-5256530.296961814,14517970.0,49.68787351556483
85.34,-5256522.627150077,14517890.0,49.687873065770525
85.35,-5256515.187637177,14517810.0,49.68787261950126
85.36,-5256507.978292946,14517740.0,49.687872176806735
85.37,-5256500.998937043,14517660.0,49.68787173774279
85.38,-5256494.249428215,14517590.0,49.68787130237586
85.39,-5256487.7297363365,14517530.0,49.68787087077391
85.4,-5256481.4395673815,14517460.0,49.68787044297305
85.41,-5256475.3788807085,14517400.0,49.687870019058415
85.42,-5256469.547873281,14517340.0,49.68786959911126
85.43,-5256463.946193805,14517290.0,49.687869183138176
85.44,-5256458.573260773,14517240.0,49.68786877116422
85.45,-5256453.4283144735,14517190.0,49.687868363222535
85.46,-5256448.510917068,14517140.0,49.687867959397394
85.47,-5256443.820507656,14517100.0,49.68786755972628
85.48,-5256439.356222359,14517060.0,49.68786716422515
85.49,-5256435.1176799,14517020.0,49.687866772993715
85.5,-5256431.104197731,14516980.0,49.68786638604868
85.51,-5256427.3149867235,14516950.0,49.68786600342503
85.52,-5256423.7495264765,14516920.0,49.68786562519848
85.53,-5256420.406922985,14516900.0,49.68786525136989
85.54,-5256417.286049043,14516870.0,49.687864881958745
85.55,-5256414.386043901,14516850.0,49.687864517031855
85.56,-5256411.706297628,14516840.0,49.687864156657724
85.57,-5256409.245737018,14516820.0,49.687863800828765
85.58,-5256407.0031264415,14516810.0,49.68786344956148
85.59,-5256404.977442713,14516800.0,49.687863102917895
85.6,-5256403.16764418,14516790.0,49.68786276092797
85.61,-5256401.572706523,14516790.0,49.68786242363229
85.62,-5256400.191443987,14516790.0,49.68786209104145
85.63,-5256399.022579871,14516790.0,49.68786176318467
85.64,-5256398.064978726,14516800.0,49.68786144010007
85.65,-5256397.317271621,14516810.0,49.68786112180068
85.66,-5256396.778140925,14516820.0,49.687860808315975
85.67,-5256396.44610601,14516830.0,49.68786049965018
85.68,-5256396.319629545,14516850.0,49.68786019583012
85.69,-5256396.397367895,14516870.0,49.68785989689487
85.7,-5256396.678244443,14516890.0,49.68785960289995
85.71,-5256397.161129571,14516910.0,49.68785931386955
85.72,-5256397.844410629,14516940.0,49.68785902977447
85.73,-5256398.726328457,14516970.0,49.687858750615675
85.74,-5256399.805209157,14517000.0,49.687858476418754
85.75,-5256401.079608196,14517040.0,49.68785820722948
85.76,-5256402.5481512435,14517080.0,49.68785794307166
85.77,-5256404.208997708,14517120.0,49.687857683916995
85.78,-5256406.060678757,14517160.0,49.687857429813526
85.79,-5256408.102082532,14517210.0,49.68785718082216
85.8,-5256410.331633476,14517260.0,49.6878569369111
85.81,-5256412.7477364205,14517310.0,49.68785669808974
85.82,-5256415.348651245,14517360.0,49.68785646435609
85.83,-5256418.132563511,14517420.0,49.687856235709575
85.84,-5256421.097816798,14517480.0,49.687856012181356
85.85,-5256424.242591835,14517540.0,49.68785579375738
85.86,-5256427.56524556,14517600.0,49.687855580466724
85.87,-5256431.063865052,14517670.0,49.68785537228999
85.88,-5256434.736480402,14517740.0,49.687855169221955
85.89,-5256438.581368826,14517810.0,49.68785497129326
85.9,-5256442.596358483,14517880.0,49.687854778460135
85.91,-5256446.779415939,14517960.0,49.687854590734865
85.92,-5256451.12862955,14518040.0,49.687854408130356
85.93,-5256455.642246408,14518120.0,49.68785423067062
85.94,-5256460.318440987,14518200.0,49.68785405834187
85.95,-5256465.155081941,14518290.0,49.687853891114415
85.96,-5256470.150320724,14518380.0,49.687853729012744
85.97,-5256475.302271697,14518460.0,49.68785357203427
85.98,-5256480.608940365,14518560.0,49.687853420156536
85.99,-5256486.067971991,14518650.0,49.68785327334325
86.0,-5256491.67711444,14518750.0,49.68785313158758
86.01,-5256497.434308699,14518850.0,49.68785299490451
86.02,-5256503.337529438,14518950.0,49.68785286329224
86.03,-5256509.38474962,14519050.0,49.68785273673743
86.04,-5256515.573815307,14519160.0,49.68785261521942
86.05,-5256521.902462709,14519260.0,49.68785249871364
86.06,-5256528.368371193,14519370.0,49.6878523871943
86.07,-5256534.9693957735,14519480.0,49.68785228067515
86.08,-5256541.703604484,14519600.0,49.687852179161084
86.09,-5256548.568546094,14519710.0,49.68785208258063
86.1,-5256555.561478904,14519830.0,49.68785199088163
86.11,-5256562.679816255,14519950.0,49.687851904061716
86.12,-5256569.921217477,14520070.0,49.68785182212404
86.13,-5256577.2836437365,14520190.0,49.68785174507796
86.14,-5256584.764930864,14520320.0,49.68785167290095
86.15,-5256592.362788496,14520440.0,49.68785160555049
86.16,-5256600.075246866,14520570.0,49.6878515430447
86.17,-5256607.900373013,14520700.0,49.68785148537081
86.18,-5256615.835841472,14520830.0,49.687851432464356
86.19,-5256623.879289407,14520960.0,49.68785138429347
86.2,-5256632.028173216,14521100.0,49.68785134081537
86.21,-5256640.280125367,14521230.0,49.68785130202257
86.22,-5256648.633188747,14521370.0,49.68785126793121
86.23,-5256657.084942673,14521510.0,49.68785123846802
86.24,-5256665.632696326,14521650.0,49.68785121357214
86.25,-5256674.273862757,14521790.0,49.687851193224084
86.26,-5256683.006013617,14521940.0,49.68785117740653
86.27,-5256691.826826853,14522080.0,49.687851166102824
86.28,-5256700.733837022,14522230.0,49.68785115926338
86.29,-5256709.724577547,14522380.0,49.68785115685355
86.3,-5256718.796616668,14522520.0,49.6878511588495
86.31,-5256727.947450429,14522680.0,49.68785116520248
86.32,-5256737.174645508,14522830.0,49.687851175885
86.33,-5256746.475947353,14522980.0,49.68785119088538
86.34,-5256755.849460802,14523140.0,49.68785121020951
86.35,-5256765.293097999,14523290.0,49.68785123379873
86.36,-5256774.80446953,14523450.0,49.68785126159372
86.37,-5256784.381258171,14523600.0,49.6878512935632
86.38,-5256794.0212017,14523760.0,49.687851329670714
86.39,-5256803.722254602,14523920.0,49.68785136991039
86.4,-5256813.482231821,14524080.0,49.687851414228206
86.41,-5256823.298861463,14524240.0,49.68785146257625
86.42,-5256833.170142358,14524410.0,49.68785151494613
86.43,-5256843.093934492,14524570.0,49.68785157128843
86.44,-5256853.067796868,14524730.0,49.687851631526605
86.45,-5256863.089110567,14524900.0,49.6878516956008
86.46,-5256873.155274434,14525060.0,49.68785176346651
86.47,-5256883.263830702,14525230.0,49.68785183509352
86.48,-5256893.412591609,14525400.0,49.687851910465064
86.49,-5256903.599337278,14525570.0,49.68785198953844
86.5,-5256913.821708139,14525740.0,49.687852072255765
86.51,-5256924.07750833,14525910.0,49.68785215858508
86.52,-5256934.364474347,14526080.0,49.687852248478286
86.53,-5256944.6802567085,14526250.0,49.68785234187979
86.54,-5256955.022365673,14526420.0,49.68785243872723
86.55,-5256965.3885641685,14526590.0,49.687852538996815
86.56,-5256975.777013168,14526760.0,49.68785264269105
86.57,-5256986.185540825,14526940.0,49.687852749725124
86.58,-5256996.611693637,14527110.0,49.6878528600281
86.59,-5257007.0532893855,14527280.0,49.687852973571566
86.6,-5257017.508311976,14527460.0,49.687853090329966
86.61,-5257027.974608462,14527630.0,49.68785321024014
86.62,-5257038.450031302,14527810.0,49.68785333325617
86.63,-5257048.93286823,14527990.0,49.687853459377074
86.64,-5257059.421129583,14528160.0,49.687853588529116
86.65,-5257069.912850568,14528340.0,49.687853720663604
86.66,-5257080.406145263,14528510.0,49.68785385574419
86.67,-5257090.899064081,14528690.0,49.687853993716516
86.68,-5257101.389468005,14528870.0,49.68785413450769
86.69,-5257111.875259938,14529040.0,49.68785427807683
86.7,-5257122.3546358105,14529220.0,49.6878544244007
86.71,-5257132.825872134,14529400.0,49.68785457344212
86.72,-5257143.287183453,14529580.0,49.6878547251483
86.73,-5257153.736721932,14529760.0,49.687854879461966
86.74,-5257164.172505298,14529930.0,49.687855036317686
86.75,-5257174.5927381525,14530110.0,49.68785519569002
86.76,-5257184.995759815,14530290.0,49.68785535753848
86.77,-5257195.379615723,14530470.0,49.687855521785714
86.78,-5257205.742825107,14530640.0,49.687855688433686
86.79,-5257216.083919275,14530820.0,49.68785585743184
86.8,-5257226.4014059445,14531000.0,49.68785602873758
86.81,-5257236.694163026,14531180.0,49.68785620234202
86.82,-5257246.96065376,14531360.0,49.68785637815712
86.83,-5257257.199138308,14531530.0,49.687856556111164
86.84,-5257267.408442147,14531710.0,49.68785673621758
86.85,-5257277.587835261,14531890.0,49.687856918480314
86.86,-5257287.735889747,14532070.0,49.68785710278681
86.87,-5257297.850868184,14532240.0,49.68785728905312
86.88,-5257307.931562792,14532420.0,49.68785747728389
86.89,-5257317.976834144,14532600.0,49.687857667444355
86.9,-5257327.985683361,14532780.0,49.687857859511396
86.91,-5257337.957378581,14532960.0,49.6878580534657
86.92,-5257347.891098987,14533130.0,49.6878582492592
86.93,-5257357.785719221,14533310.0,49.687858446818986
86.94,-5257367.640057651,14533480.0,49.68785864609535
86.95,-5257377.453019188,14533660.0,49.68785884705147
86.96,-5257387.223757149,14533840.0,49.68785904966776
86.97,-5257396.951263416,14534010.0,49.68785925389416
86.98,-5257406.63443878,14534190.0,49.6878594596669
86.99,-5257416.27212804,14534360.0,49.68785966694178
87.0,-5257425.863370258,14534540.0,49.687859875697285
87.01,-5257435.407221265,14534710.0,49.68786008588587
87.02,-5257444.902556841,14534890.0,49.68786029744988
87.03,-5257454.348339877,14535060.0,49.68786051035435
87.04,-5257463.74353156,14535240.0,49.687860724550795
87.05,-5257473.086876501,14535410.0,49.68786093997839
87.06,-5257482.377366586,14535580.0,49.68786115660965
87.07,-5257491.614278763,14535760.0,49.687861374438505
87.08,-5257500.796371574,14535930.0,49.68786159336725
87.09,-5257509.9220779855,14536100.0,49.68786181330814
87.1,-5257518.990165351,14536270.0,49.68786203425103
87.11,-5257527.999648573,14536440.0,49.68786225617416
87.12,-5257536.949308644,14536610.0,49.68786247901264
87.13,-5257545.837869856,14536780.0,49.68786270270806
87.14,-5257554.663981466,14536950.0,49.687862927206
87.15,-5257563.42630666,14537120.0,49.68786315246
87.16,-5257572.123934522,14537290.0,49.687863378467476
87.17,-5257580.755935805,14537460.0,49.68786360518483
87.18,-5257589.320825616,14537620.0,49.687863832505656
87.19,-5257597.817239429,14537790.0,49.68786406038928
87.2,-5257606.243916172,14537960.0,49.68786428880404
87.21,-5257614.599609553,14538120.0,49.68786451769802
87.22,-5257622.882855429,14538280.0,49.6878647469994
87.23,-5257631.092256588,14538450.0,49.68786497666792
87.24,-5257639.226716094,14538610.0,49.68786520668107
87.25,-5257647.284830909,14538770.0,49.687865436964586
87.26,-5257655.265355026,14538930.0,49.68786566748009
87.27,-5257663.167021689,14539090.0,49.687865898178146
87.28,-5257670.988543252,14539250.0,49.68786612900914
87.29,-5257678.728646851,14539410.0,49.6878663599197
87.3,-5257686.385662708,14539560.0,49.687866590823496
87.31,-5257693.958165617,14539720.0,49.68786682168512
87.32,-5257701.444833686,14539870.0,49.68786705247012
87.33,-5257708.844252221,14540020.0,49.68786728311474
87.34,-5257716.154698159,14540180.0,49.687867513531856
87.35,-5257723.374370414,14540330.0,49.68786774366043
87.36,-5257730.501980205,14540480.0,49.68786797349518
87.37,-5257737.535985228,14540620.0,49.68786820296439
87.38,-5257744.474390705,14540770.0,49.687868431953
87.39,-5257751.315694832,14540920.0,49.687868660463266
87.4,-5257758.058677893,14541060.0,49.68786888847023
87.41,-5257764.701598773,14541200.0,49.68786911586825
87.42,-5257771.242763823,14541340.0,49.68786934259792
87.43,-5257777.680760057,14541480.0,49.687869568638895
87.44,-5257784.014099314,14541620.0,49.68786979392706
87.45,-5257790.240967011,14541760.0,49.68787001837264
87.46,-5257796.359774658,14541890.0,49.68787024193984
87.47,-5257802.369179615,14542020.0,49.68787046459931
87.48,-5257808.2678005835,14542160.0,49.68787068629387
87.49,-5257814.054038278,14542280.0,49.68787090694718
87.5,-5257819.7260558,14542410.0,49.68787112647061
87.51,-5257825.282027482,14542540.0,49.68787134480731
87.52,-5257830.720353894,14542660.0,49.687871561925114
87.53,-5257836.039251856,14542780.0,49.68787177773962
87.54,-5257841.236735118,14542900.0,49.68787199216988
87.55,-5257846.311293207,14543020.0,49.687872205211534
87.56,-5257851.261823646,14543140.0,49.68787241684574
87.57,-5257856.086775746,14543250.0,49.68787262697358
87.58,-5257860.784379829,14543360.0,49.68787283551316
87.59,-5257865.352806674,14543470.0,49.68787304239249
87.6,-5257869.790238714,14543580.0,49.68787324755614
87.61,-5257874.095049231,14543680.0,49.68787345095813
87.62,-5257878.26582183,14543790.0,49.68787365256847
87.63,-5257882.301513291,14543890.0,49.68787385236605
87.64,-5257886.2007582355,14543990.0,49.687874050267986
87.65,-5257889.961956095,14544080.0,49.68787424618384
87.66,-5257893.583484133,14544180.0,49.687874440055296
87.67,-5257897.063625677,14544270.0,49.68787463181306
87.68,-5257900.400963336,14544360.0,49.68787482142325
87.69,-5257903.594435135,14544440.0,49.687875008875935
87.7,-5257906.642639028,14544530.0,49.68787519407234
87.71,-5257909.543919737,14544610.0,49.68787537692657
87.72,-5257912.296724867,14544690.0,49.6878755573945
87.73,-5257914.899731105,14544770.0,49.6878757354345
87.74,-5257917.3517207205,14544840.0,49.68787591100607
87.75,-5257919.651349653,14544910.0,49.687876084035864
87.76,-5257921.796895828,14544980.0,49.687876254426996
87.77,-5257923.786918696,14545050.0,49.687876422143404
87.78,-5257925.620189866,14545110.0,49.687876587154065
87.79,-5257927.295175563,14545170.0,49.687876749365756
87.8,-5257928.810625088,14545230.0,49.6878769087512
87.81,-5257930.165304515,14545280.0,49.68787706525337
87.82,-5257931.357871484,14545340.0,49.68787721880596
87.83,-5257932.387125038,14545380.0,49.687877369363534
87.84,-5257933.251863506,14545430.0,49.687877516869335
87.85,-5257933.951063563,14545480.0,49.68787766129194
87.86,-5257934.483523541,14545520.0,49.68787780254713
87.87,-5257934.848058966,14545550.0,49.6878779405912
87.88,-5257935.043556415,14545590.0,49.68787807536594
87.89,-5257935.068490639,14545620.0,49.68787820677684
87.9,-5257934.921458456,14545650.0,49.68787833477049
87.91,-5257934.601072322,14545680.0,49.68787845929157
87.92,-5257934.105942553,14545700.0,49.68787858028468
87.93,-5257933.43480268,14545720.0,49.68787869769562
87.94,-5257932.586689491,14545740.0,49.68787881151105
87.95,-5257931.560658961,14545750.0,49.68787892167047
87.96,-5257930.35510597,14545760.0,49.68787902804811
87.97,-5257928.968708057,14545770.0,49.687879130616444
87.98,-5257927.400409784,14545770.0,49.687879229342926
87.99,-5257925.649084655,14545770.0,49.68787932416563
88.0,-5257923.713606174,14545770.0,49.687879415029926
88.01,-5257921.592668794,14545770.0,49.68787950185533
88.02,-5257919.28487601,14545760.0,49.68787958457765
88.03,-5257916.789294739,14545750.0,49.687879663184944
88.04,-5257914.105333669,14545740.0,49.68787973766543
88.05,-5257911.232441557,14545720.0,49.68787980797552
88.06,-5257908.16992847,14545700.0,49.68787987404416
88.07,-5257904.917072068,14545670.0,49.68787993582113
88.08,-5257901.473242668,14545650.0,49.68787999326699
88.09,-5257897.8377069915,14545620.0,49.68788004631872
88.1,-5257894.009788458,14545580.0,49.68788009493084
88.11,-5257889.98893924,14545550.0,49.687880139072035
88.12,-5257885.774544291,14545510.0,49.68788017868379
88.13,-5257881.36575963,14545460.0,49.687880213689596
88.14,-5257876.762029752,14545420.0,49.687880244073284
88.15,-5257871.962803421,14545370.0,49.687880269785964
88.16,-5257866.967372507,14545320.0,49.68788029076232
88.17,-5257861.775354172,14545260.0,49.687880306992355
88.18,-5257856.386424834,14545200.0,49.68788031843527
88.19,-5257850.800463841,14545140.0,49.68788032506775
88.2,-5257845.017555041,14545080.0,49.68788032687388
88.21,-5257839.037737654,14545010.0,49.68788032381084
88.22,-5257832.860808889,14544940.0,49.6878803158113
88.23,-5257826.48657264,14544860.0,49.68788030283018
88.24,-5257819.915179681,14544790.0,49.68788028487205
88.25,-5257813.146843887,14544710.0,49.68788026190577
88.26,-5257806.18164569,14544620.0,49.68788023387473
88.27,-5257799.019548855,14544540.0,49.687880200737396
88.28,-5257791.66063225,14544440.0,49.68788016246351
88.29,-5257784.105090707,14544350.0,49.687880119031114
88.3,-5257776.353289586,14544260.0,49.687880070424065
88.31,-5257768.405748152,14544160.0,49.68788001663007
88.32,-5257760.263176521,14544060.0,49.68787995763904
88.33,-5257751.926441273,14543950.0,49.687879893441675
88.34,-5257743.396172657,14543840.0,49.6878798239898
88.35,-5257734.672941666,14543730.0,49.6878797492454
88.36,-5257725.757205747,14543620.0,49.68787966917138
88.37,-5257716.649397338,14543500.0,49.687879583736546
88.38,-5257707.350263786,14543380.0,49.68787949294573
88.39,-5257697.860672806,14543260.0,49.6878793967954
88.4,-5257688.181649144,14543130.0,49.68787929527414
88.41,-5257678.314178747,14543000.0,49.68787918836316
88.42,-5257668.259548551,14542870.0,49.68787907607511
88.43,-5257658.019115979,14542730.0,49.687878958404326
88.44,-5257647.594219833,14542600.0,49.68787883533533
88.45,-5257636.986036772,14542460.0,49.68787870683736
88.46,-5257626.195544077,14542310.0,49.68787857287223
88.47,-5257615.224090926,14542170.0,49.68787843346562
88.48,-5257604.0730968425,14542020.0,49.6878782886144
88.49,-5257592.74383725,14541870.0,49.6878781382972
88.5,-5257581.23771078,14541710.0,49.68787798250916
88.51,-5257569.556204316,14541560.0,49.68787782125967
88.52,-5257557.7010368025,14541400.0,49.68787765456442
88.53,-5257545.673838649,14541240.0,49.68787748240652
88.54,-5257533.476150882,14541070.0,49.687877304780244
88.55,-5257521.109925647,14540910.0,49.68787712172223
88.56,-5257508.577332374,14540740.0,49.68787693326169
88.57,-5257495.880061015,14540560.0,49.68787673934554
88.58,-5257483.019765715,14540390.0,49.6878765399731
88.59,-5257469.99831506,14540220.0,49.68787633517039
88.6,-5257456.817775733,14540040.0,49.68787612495584
88.61,-5257443.480073732,14539860.0,49.68787590933044
88.62,-5257429.98744073,14539670.0,49.687875688327
88.63,-5257416.342362632,14539490.0,49.68787546198871
88.64,-5257402.547097968,14539300.0,49.68787523029942
88.65,-5257388.603443133,14539110.0,49.68787499322639
88.66,-5257374.513158282,14538920.0,49.68787475076329
88.67,-5257360.278253402,14538720.0,49.687874502954664
88.68,-5257345.90109758,14538530.0,49.68787424984684
88.69,-5257331.3842784725,14538330.0,49.687873991484935
88.7,-5257316.730603862,14538130.0,49.68787372791042
88.71,-5257301.942637667,14537920.0,49.68787345912049
88.72,-5257287.022733635,14537720.0,49.687873185116636
88.73,-5257271.973427407,14537520.0,49.687872905933425
88.74,-5257256.797240842,14537310.0,49.68787262159319
88.75,-5257241.496538484,14537100.0,49.68787233210566
88.76,-5257226.0741886515,14536890.0,49.687872037545254
88.77,-5257210.533119632,14536670.0,49.687871737950665
88.78,-5257194.875800707,14536460.0,49.68787143330326
88.79,-5257179.104900815,14536240.0,49.68787112364305
88.8,-5257163.223110923,14536020.0,49.687870809014626
88.81,-5257147.233376798,14535800.0,49.68787048946606
88.82,-5257131.138685992,14535580.0,49.68787016504201
88.83,-5257114.942067972,14535360.0,49.68786983578426
88.84,-5257098.64652265,14535140.0,49.68786950172616
88.85,-5257082.255002047,14534910.0,49.68786916289417
88.86,-5257065.770499254,14534690.0,49.68786881934173
88.87,-5257049.196370872,14534460.0,49.687868471140185
88.88,-5257032.5358920805,14534230.0,49.68786811833277
88.89,-5257015.792184149,14534000.0,49.68786776094033
88.9,-5256998.968248837,14533770.0,49.6878673989983
88.91,-5256982.067450707,14533540.0,49.687867032588755
88.92,-5256965.093358673,14533310.0,49.687866661785165
88.93,-5256948.049353497,14533070.0,49.68786628661802
88.94,-5256930.938984198,14532840.0,49.68786590715472
88.95,-5256913.765736414,14532600.0,49.687865523446234
88.96,-5256896.532977976,14532370.0,49.68786513553313
88.97,-5256879.244190544,14532130.0,49.68786474347658
88.98,-5256861.90298822,14531890.0,49.68786434735329
88.99,-5256844.513207938,14531650.0,49.68786394724532
89.0,-5256827.078552903,14531420.0,49.68786354319945
89.01,-5256809.6026629405,14531180.0,49.68786313526953
89.02,-5256792.0890779765,14530940.0,49.68786272350819
89.03,-5256774.541577243,14530700.0,49.68786230800486
89.04,-5256756.964037749,14530460.0,49.687861888829254
89.05,-5256739.360184156,14530220.0,49.687861466040815
89.06,-5256721.733873861,14529980.0,49.68786103971645
89.07,-5256704.088829253,14529730.0,49.68786060991034
89.08,-5256686.4287438765,14529490.0,49.68786017669042
89.09,-5256668.75740734,14529250.0,49.68785974013152
89.1,-5256651.078580546,14529010.0,49.68785930030986
89.11,-5256633.3961027,14528770.0,49.687858857298764
89.12,-5256615.713712677,14528530.0,49.68785841116524
89.13,-5256598.035030124,14528290.0,49.68785796196724
89.14,-5256580.363787095,14528050.0,49.6878575097904
89.15,-5256562.703936198,14527810.0,49.68785705473482
89.16,-5256545.058989645,14527570.0,49.6878565968336
89.17,-5256527.432355767,14527330.0,49.68785613614353
89.18,-5256509.828018438,14527090.0,49.68785567280418
89.19,-5256492.24996849,14526850.0,49.68785520690284
89.2,-5256474.701934991,14526610.0,49.68785473848771
89.21,-5256457.187651563,14526380.0,49.687854267643225
89.22,-5256439.711106908,14526140.0,49.68785379447817
89.23,-5256422.276295979,14525900.0,49.68785331907738
89.24,-5256404.887022882,14525670.0,49.68785284150565
89.25,-5256387.547024502,14525440.0,49.68785236184337
89.26,-5256370.26009514,14525200.0,49.687851880178805
89.27,-5256353.030391182,14524970.0,49.68785139664079
89.28,-5256335.862272664,14524740.0,49.68785091134374
89.29,-5256318.759839132,14524510.0,49.687850424353734
89.3,-5256301.72690947,14524280.0,49.687849935730014
89.31,-5256284.76727016,14524050.0,49.68784944556073
89.32,-5256267.884800196,14523830.0,49.68784895394921
89.33,-5256251.0836149,14523600.0,49.68784846100929
89.34,-5256234.367924379,14523380.0,49.68784796685542
89.35,-5256217.74214153,14523160.0,49.687847471600925
89.36,-5256201.210292574,14522940.0,49.68784697531189
89.37,-5256184.776210746,14522720.0,49.68784647805754
89.38,-5256168.443695743,14522500.0,49.68784597993445
89.39,-5256152.21676398,14522290.0,49.68784548106232
89.4,-5256136.09965015,14522080.0,49.687844981568084
89.41,-5256120.096540201,14521870.0,49.68784448154708
89.42,-5256104.211588679,14521660.0,49.68784398110081
89.43,-5256088.449258499,14521450.0,49.68784348036942
89.44,-5256072.814144176,14521250.0,49.68784297947691
89.45,-5256057.310507118,14521040.0,49.68784247849718
89.46,-5256041.94259509,14520840.0,49.68784197753418
89.47,-5256026.714713557,14520640.0,49.68784147670766
89.48,-5256011.631028998,14520450.0,49.687840976109285
89.49,-5255996.6956392545,14520260.0,49.68784047584242
89.5,-5255981.912590727,14520060.0,49.68783997601177
89.51,-5255967.285895707,14519880.0,49.687839476721315
89.52,-5255952.81976473,14519690.0,49.68783897810524
89.53,-5255938.518446839,14519510.0,49.68783848027788
89.54,-5255924.385996963,14519330.0,49.68783798333623
89.55,-5255910.426489066,14519150.0,49.68783748739449
89.56,-5255896.644141502,14518980.0,49.68783699257564
89.57,-5255883.04279873,14518810.0,49.68783649896607
89.58,-5255869.626590709,14518640.0,49.68783600669931
89.59,-5255856.399612726,14518470.0,49.68783551589328
89.6,-5255843.365924961,14518310.0,49.68783502666144
89.61,-5255830.529731128,14518150.0,49.68783453913551
89.62,-5255817.89482439,14518000.0,49.68783405338898
89.63,-5255805.464870434,14517840.0,49.68783356951959
89.64,-5255793.243782365,14517700.0,49.68783308767554
89.65,-5255781.235400236,14517550.0,49.68783260796308
89.66,-5255769.443561974,14517410.0,49.687832130496226
89.67,-5255757.871942081,14517270.0,49.687831655381885
89.68,-5255746.523835342,14517140.0,49.68783118268807
89.69,-5255735.402458101,14517000.0,49.687830712519784
89.7,-5255724.5111982245,14516880.0,49.687830245007525
89.71,-5255713.853365706,14516750.0,49.687829780259584
89.72,-5255703.432102422,14516630.0,49.6878293183665
89.73,-5255693.2505060565,14516520.0,49.68782885943721
89.74,-5255683.311719197,14516410.0,49.68782840359197
89.75,-5255673.619054961,14516300.0,49.68782795095692
89.76,-5255664.175192522,14516190.0,49.68782750158238
89.77,-5255654.982565915,14516090.0,49.687827055539984
89.78,-5255646.043935031,14516000.0,49.68782661298066
89.79,-5255637.362047964,14515900.0,49.68782617400508
89.8,-5255628.939551343,14515820.0,49.68782573871374
89.81,-5255620.778935765,14515730.0,49.68782530719854
89.82,-5255612.882552413,14515650.0,49.6878248795486
89.83,-5255605.25289842,14515570.0,49.687824455881405
89.84,-5255597.8923494145,14515500.0,49.68782403629904
89.85,-5255590.802872036,14515430.0,49.68782362085095
89.86,-5255583.986253441,14515370.0,49.68782320962413
89.87,-5255577.444386375,14515310.0,49.68782280272421
89.88,-5255571.179055153,14515260.0,49.68782240024062
89.89,-5255565.1921496745,14515200.0,49.68782200228117
89.9,-5255559.485415603,14515160.0,49.687821608931266
89.91,-5255554.060685995,14515120.0,49.687821220296286
89.92,-5255548.919613432,14515080.0,49.687820836454435
89.93,-5255544.0635432545,14515040.0,49.68782045746786
89.94,-5255539.49372602,14515010.0,49.687820083417854
89.95,-5255535.211513746,14514990.0,49.687819714403275
89.96,-5255531.218020566,14514960.0,49.68781935049426
89.97,-5255527.514085061,14514950.0,49.68781899174422
89.98,-5255524.100089077,14514930.0,49.68781863818692
89.99,-5255520.976276473,14514930.0,49.687818289885485
90.0,-5255518.143199766,14514920.0,49.6878179469556
90.0,-5255518.143199766,14514920.0,49.6878179469556
