t_rosco,torque_offset_nm,gen_tq_meas_nm,f_grid_hz
0.0,0.0,0.0,50.0
0.0,0.0,0.0,50.0
0.0,0.0,0.0,50.0
0.01,-0.0,19786770.0,50.00038926170256
0.02,-0.0,19786770.0,50.000808392159946
0.03,-0.0,19786770.0,50.00133225309409
0.04,-0.0,19786780.0,50.00193631593043
0.05,-0.0,19786780.0,50.00193631593043
0.06,-0.0,19786800.0,50.00331005314389
0.07,-0.0,19786810.0,50.00331005314389
0.08,-0.0,19786830.0,50.00481102911765
0.09,-0.0,19786860.0,50.005582350365216
0.1,-0.0,19786890.0,50.006356352640665
0.11,-0.0,19786930.0,50.00712607061894
0.12,-0.0,19786970.0,50.00788545990348
0.13,-0.0,19787020.0,50.00862926308501
0.14,-0.0,19787080.0,50.009352910658265
0.15,-0.0,19787140.0,50.01005244720464
0.16,-0.0,19787220.0,50.01072447582152
0.17,-0.0,19787300.0,50.01072447582152
0.18,-0.0,19787390.0,50.01197497602977
0.19,-0.0,19787490.0,50.01197497602977
0.2,-0.0,19787600.0,50.01254910355117
0.21,-0.0,19787720.0,50.01308699183029
0.22,-0.0,19787850.0,50.013587537786066
0.23,-0.0,19787990.0,50.01405003024529
0.24,-0.0,19788140.0,50.01447413154351
0.25,-0.0,19788310.0,50.014859859382476
0.26,-0.0,19788480.0,50.01520756856337
0.27,-0.0,19788670.0,50.01551793224426
0.28,-0.0,19788870.0,50.01579192245161
0.29,-0.0,19789090.0,50.016030789788125
0.3,-0.0,19789320.0,50.01623604251327
0.31,-0.0,19789560.0,50.01640942481348
0.32,-0.0,19789810.0,50.01655289417967
0.33,-0.0,19790080.0,50.016668598311206
0.34,-0.0,19790370.0,50.01675885149981
0.35,-0.0,19790670.0,50.01682611026542
0.36,-0.0,19790980.0,50.01687294898648
0.37,-0.0,19791310.0,50.0169020353198
0.38,-0.0,19791660.0,50.01691610549959
0.39,-0.0,19792020.0,50.016917939942765
0.4,-0.0,19792400.0,50.01691033915658
0.41,-0.0,19792790.0,50.01689609993697
0.42,-0.0,19793210.0,50.016877992304146
0.43,-0.0,19793640.0,50.01685873731228
0.44,-0.0,19794080.0,50.016840985508345
0.45,-0.0,19794550.0,50.016827296524745
0.46,-0.0,19795030.0,50.01682011987902
0.47,-0.0,19795530.0,50.016821776952455
0.48,-0.0,19796050.0,50.016834444418144
0.49,-0.0,19796580.0,50.01686013896283
0.5,-0.0,19797140.0,50.016900703689245
0.51,-0.0,19797710.0,50.01695779619627
0.52,-0.0,19798310.0,50.01703287829744
0.53,-0.0,19798920.0,50.01712720756697
0.54,-0.0,19799550.0,50.01724183054047
0.55,-0.0,19800210.0,50.01737757786924
0.56,-0.0,19800880.0,50.01753506140088
0.57,-0.0,19801570.0,50.01771467305131
0.58,-0.0,19802280.0,50.017916585548974
0.59,-0.0,19803010.0,50.018140755025776
0.6,-0.0,19803770.0,50.01838692541426
0.61,-0.0,19804540.0,50.01865463466928
0.62,-0.0,19805330.0,50.01894322256396
0.63,-0.0,19806150.0,50.01925184001613
0.64,-0.0,19806980.0,50.019579460055084
0.65,-0.0,19807840.0,50.01992489011724
0.66,-0.0,19808720.0,50.02028678540685
0.67,-0.0,19809620.0,50.02066366343666
0.68,-0.0,19810540.0,50.02105391946622
0.69,-0.0,19811480.0,50.0214558427056
0.7,-0.0,19812450.0,50.021867633153086
0.71,-0.0,19813430.0,50.022287418749166
0.72,-0.0,19814440.0,50.022713272682196
0.73,-0.0,19815470.0,50.02314323092128
0.74,-0.0,19816520.0,50.023575309507365
0.75,-0.0,19817590.0,50.02400752152059
0.76,-0.0,19818690.0,50.02443789382828
0.77,-0.0,19819800.0,50.0248644829888
0.78,-0.0,19820940.0,50.02528539056888
0.79,-0.0,19822100.0,50.02569877760096
0.8,-0.0,19823290.0,50.02610287814877
0.81,-0.0,19824490.0,50.026496011829245
0.82,-0.0,19825720.0,50.026876595290034
0.83,-0.0,19826970.0,50.02724315259807
0.84,-0.0,19828240.0,50.02759432431721
0.85,-0.0,19829540.0,50.02792887555738
0.86,-0.0,19830850.0,50.028245702643005
0.87,-0.0,19832190.0,50.028543838624316
0.88,-0.0,19833550.0,50.028822457812915
0.89,-0.0,19834940.0,50.0290808789536
0.9,-0.0,19836340.0,50.029318567194835
0.91,-0.0,19837770.0,50.02953513502854
0.92,-0.0,19839220.0,50.02973034222076
0.93,-0.0,19840690.0,50.02990409451883
0.94,-0.0,19842190.0,50.03005644147396
0.95,-0.0,19843710.0,50.03018757333746
0.96,-0.0,19845250.0,50.03029781681379
0.97,-0.0,19846810.0,50.03038763019556
0.98,-0.0,19848390.0,50.03045759768756
0.99,-0.0,19850000.0,50.03050842261902
1.0,-0.0,19851630.0,50.03054092004453
1.01,-0.0,19853280.0,50.030556008788075
1.02,-0.0,19854950.0,50.030554702754294
1.03,-0.0,19856650.0,50.03053810173037
1.04,-0.0,19858360.0,50.03050738148851
1.05,-0.0,19860100.0,50.03046378347936
1.06,-0.0,19861860.0,50.030408604284496
1.07,-0.0,19863640.0,50.03034318467694
1.08,-0.0,19865450.0,50.03026889846483
1.09,-0.0,19867270.0,50.03018714120746
1.1,-0.0,19869120.0,50.030099318822586
1.11,-0.0,19870990.0,50.03000683643457
1.12,-0.0,19872880.0,50.029911087265056
1.13,-0.0,19874790.0,50.02981344174909
1.14,-0.0,19876720.0,50.02971523708416
1.15,-0.0,19878680.0,50.029617767254855
1.16,-0.0,19880650.0,50.02952227366914
1.17,-0.0,19882650.0,50.02942993627584
1.18,-0.0,19884670.0,50.02934186550685
1.19,-0.0,19886700.0,50.029259094990465
1.2,-0.0,19888760.0,50.02918257512956
1.21,-0.0,19890840.0,50.029113167558315
1.22,-0.0,19892940.0,50.029051640471366
1.23,-0.0,19895070.0,50.028998665064385
1.24,-0.0,19897210.0,50.02895481283189
1.25,-0.0,19899370.0,50.02892055376649
1.26,-0.0,19901550.0,50.028896255659795
1.27,-0.0,19903760.0,50.02888218413938
1.28,-0.0,19905980.0,50.028878503702245
1.29,-0.0,19908220.0,50.02888527954249
1.3,-0.0,19910490.0,50.02890248018789
1.31,-0.0,19912770.0,50.028929980818134
1.32,-0.0,19915070.0,50.02896756726884
1.33,-0.0,19917390.0,50.029014940586194
1.34,-0.0,19919740.0,50.02907172205675
1.35,-0.0,19922100.0,50.02913745882673
1.36,-0.0,19924480.0,50.0292116297392
1.37,-0.0,19926880.0,50.029293651588645
1.38,-0.0,19929300.0,50.02938288560881
1.39,-0.0,19931730.0,50.02947864417017
1.4,-0.0,19934190.0,50.02958019759938
1.41,-0.0,19936670.0,50.029686781104296
1.42,-0.0,19939160.0,50.029797601723956
1.43,-0.0,19941670.0,50.02991184521982
1.44,-0.0,19944200.0,50.03002868308432
1.45,-0.0,19946750.0,50.03014727929217
1.46,-0.0,19949320.0,50.03026679705711
1.47,-0.0,19951900.0,50.030386405404755
1.48,-0.0,19954510.0,50.03050528559769
1.49,-0.0,19957130.0,50.03062263731365
1.5,-0.0,19959770.0,50.030737684537684
1.51,-0.0,19962420.0,50.030849681244085
1.52,-0.0,19965090.0,50.03095791685676
1.53,-0.0,19967780.0,50.031061721248435
1.54,-0.0,19970490.0,50.03116046925179
1.55,-0.0,19973210.0,50.03125358500684
1.56,-0.0,19975950.0,50.03134054576318
1.57,-0.0,19978710.0,50.03142088515576
1.58,-0.0,19981480.0,50.03149419614328
1.59,-0.0,19984270.0,50.03156013324727
1.6,-0.0,19987080.0,50.03161841436875
1.61,-0.0,19989900.0,50.03166882208638
1.62,-0.0,19992740.0,50.03171120416865
1.63,-0.0,19995590.0,50.03174547369993
1.64,-0.0,19998460.0,50.03177160868735
1.65,-0.0,20001340.0,50.03178965101789
1.66,-0.0,20004240.0,50.031799704794864
1.67,-0.0,20007150.0,50.03180193417496
1.68,-0.0,20010080.0,50.031796560863114
1.69,-0.0,20013020.0,50.03178386103907
1.7,-0.0,20015980.0,50.031764161879124
1.71,-0.0,20018950.0,50.03173783760991
1.72,-0.0,20021930.0,50.03170530535132
1.73,-0.0,20024930.0,50.03166702064641
1.74,-0.0,20027950.0,50.03162347280116
1.75,-0.0,20030970.0,50.031575180022344
1.76,-0.0,20034010.0,50.03152268440152
1.77,-0.0,20037060.0,50.03146654690609
1.78,-0.0,20040130.0,50.031407342375935
1.79,-0.0,20043210.0,50.031345654541816
1.8,-0.0,20046300.0,50.031282071070706
1.81,-0.0,20049400.0,50.03121717889496
1.82,-0.0,20052520.0,50.03115155960089
1.83,-0.0,20055650.0,50.03108578495629
1.84,-0.0,20058790.0,50.03102041274445
1.85,-0.0,20061940.0,50.030955982766066
1.86,-0.0,20065100.0,50.03089301327706
1.87,-0.0,20068270.0,50.03083199758321
1.88,-0.0,20071460.0,50.030773400884364
1.89,-0.0,20074660.0,50.030717657482384
1.9,-0.0,20077860.0,50.030665168230925
1.91,-0.0,20081080.0,50.03061629844668
1.92,-0.0,20084310.0,50.03057137602405
1.93,-0.0,20087550.0,50.03053068980161
1.94,-0.0,20090790.0,50.03049448832123
1.95,-0.0,20094050.0,50.03046297896603
1.96,-0.0,20097320.0,50.0304363271551
1.97,-0.0,20100600.0,50.03041465606282
1.98,-0.0,20103880.0,50.03039804665952
1.99,-0.0,20107180.0,50.03038653792663
2.0,-0.0,20110480.0,50.03038012743735
2.01,-0.0,20113800.0,50.03037877217076
2.02,-0.0,20117120.0,50.03038238976936
2.03,-0.0,20120450.0,50.03039085997273
2.04,-0.0,20123790.0,50.030404026266126
2.05,-0.0,20127130.0,50.03042169787155
2.06,-0.0,20130480.0,50.0304436519062
2.07,-0.0,20133850.0,50.03049924537658
2.08,-0.0,20137210.0,50.03053209309375
2.09,-0.0,20140590.0,50.030567902500486
2.1,-0.0,20143970.0,50.03060636738231
2.11,-0.0,20147360.0,50.030647159002065
2.12,-0.0,20150760.0,50.03068993165245
2.13,-0.0,20154160.0,50.03073432739733
2.14,-0.0,20157570.0,50.030779980450504
2.15,-0.0,20160980.0,50.03082652123475
2.16,-0.0,20164400.0,50.03087358025231
2.17,-0.0,20167830.0,50.030920791544176
2.18,-0.0,20171260.0,50.03096779596512
2.19,-0.0,20174700.0,50.03101424429286
2.2,-0.0,20178140.0,50.03105980011382
2.21,-0.0,20181590.0,50.031104142520974
2.22,-0.0,20185040.0,50.031146968329175
2.23,-0.0,20188500.0,50.031187994308915
2.24,-0.0,20191960.0,50.031226959019605
2.25,-0.0,20195420.0,50.03126362428014
2.26,-0.0,20198890.0,50.031297776670726
2.27,-0.0,20202360.0,50.031329228508056
2.28,-0.0,20205840.0,50.03135781868148
2.29,-0.0,20209320.0,50.03138341320202
2.3,-0.0,20212800.0,50.031405905467544
2.31,-0.0,20216290.0,50.0314252163613
2.32,-0.0,20219780.0,50.0314412941433
2.33,-0.0,20223270.0,50.03145411411568
2.34,-0.0,20226770.0,50.031463678110285
2.35,-0.0,20230260.0,50.031470013704784
2.36,-0.0,20233770.0,50.03147317346199
2.37,-0.0,20237270.0,50.031473233879865
2.38,-0.0,20240770.0,50.031470294104594
2.39,-0.0,20244280.0,50.03146447473825
2.4,-0.0,20247790.0,50.03145591643988
2.41,-0.0,20251290.0,50.03144477834609
2.42,-0.0,20254810.0,50.031431236568395
2.43,-0.0,20258320.0,50.03141548248483
2.44,-0.0,20261830.0,50.03139772084286
2.45,-0.0,20265340.0,50.031378168035154
2.46,-0.0,20268860.0,50.03135705028755
2.47,-0.0,20272370.0,50.03133460157133
2.48,-0.0,20275890.0,50.03131106168334
2.49,-0.0,20279410.0,50.031286674339036
2.5,-0.0,20282920.0,50.0312616851147
2.51,-0.0,20286440.0,50.0312363394787
2.52,-0.0,20289950.0,50.03121088084017
2.53,-0.0,20293470.0,50.03118554863168
2.54,-0.0,20296990.0,50.03116057644251
2.55,-0.0,20300500.0,50.03113619021945
2.56,-0.0,20304020.0,50.03111260647795
2.57,-0.0,20307530.0,50.03109003071239
2.58,-0.0,20311040.0,50.0310686559018
2.59,-0.0,20314550.0,50.03104866116027
2.6,-0.0,20318060.0,50.03103021051321
2.61,-0.0,20321570.0,50.031013451770875
2.62,-0.0,20325080.0,50.03099851572203
2.63,-0.0,20328590.0,50.03098551539734
2.64,-0.0,20332090.0,50.03097454545471
2.65,-0.0,20335590.0,50.03096568190117
2.66,-0.0,20339090.0,50.030958981819786
2.67,-0.0,20342590.0,50.030954483317416
2.68,-0.0,20346090.0,50.030952205781354
2.69,-0.0,20349580.0,50.0309521502877
2.7,-0.0,20353070.0,50.03095429992068
2.71,-0.0,20356560.0,50.03095862045473
2.72,-0.0,20360050.0,50.030965061187196
2.73,-0.0,20363530.0,50.03097355576433
2.74,-0.0,20367020.0,50.03098402325211
2.75,-0.0,20370490.0,50.03099636913787
2.76,-0.0,20373970.0,50.031010486506574
2.77,-0.0,20377440.0,50.03102625725702
2.78,-0.0,20380910.0,50.03104355330432
2.79,-0.0,20384380.0,50.031062237967696
2.8,-0.0,20387840.0,50.03108216727389
2.81,-0.0,20391300.0,50.03110319128542
2.82,-0.0,20394750.0,50.03112515533608
2.83,-0.0,20398200.0,50.0311479013689
2.84,-0.0,20401650.0,50.0311712692904
2.85,-0.0,20405100.0,50.0311950981563
2.86,-0.0,20408540.0,50.03121922740801
2.87,-0.0,20411970.0,50.03124349806794
2.88,-0.0,20415400.0,50.031267753889885
2.89,-0.0,20418830.0,50.03129184246134
2.9,-0.0,20422260.0,50.031315616253934
2.91,-0.0,20425680.0,50.03133893361886
2.92,-0.0,20429090.0,50.031361659723785
2.93,-0.0,20432500.0,50.03138366735417
2.94,-0.0,20435910.0,50.03140483774674
2.95,-0.0,20439310.0,50.03142506140561
2.96,-0.0,20442710.0,50.03144423868691
2.97,-0.0,20446100.0,50.03146228040515
2.98,-0.0,20449490.0,50.031479108410814
2.99,-0.0,20452870.0,50.03149465599758
3.0,-0.0,20456250.0,50.03150886814799
3.01,-0.0,20459620.0,50.031521701710844
3.02,-0.0,20462990.0,50.03153312563191
3.03,-0.0,20466350.0,50.03154312105408
3.04,-0.0,20469710.0,50.031551681161666
3.05,-0.0,20473060.0,50.031558810951296
3.06,-0.0,20476410.0,50.031564527054826
3.07,-0.0,20479750.0,50.03156885736042
3.08,-0.0,20483090.0,50.03157184055607
3.09,-0.0,20486420.0,50.031573525566465
3.1,-0.0,20489750.0,50.03157397084955
3.11,-0.0,20493070.0,50.03157324377092
3.12,-0.0,20496390.0,50.03157141980861
3.13,-0.0,20499700.0,50.03156858164449
3.14,-0.0,20503000.0,50.03156481836268
3.15,-0.0,20506300.0,50.031560224509754
3.16,-0.0,20509600.0,50.03155489907434
3.17,-0.0,20512880.0,50.03154894453413
3.18,-0.0,20516170.0,50.03154246596928
3.19,-0.0,20519440.0,50.03153557001008
3.2,-0.0,20522720.0,50.03152836391877
3.21,-0.0,20525980.0,50.03152095473561
3.22,-0.0,20529240.0,50.03151344839384
3.23,-0.0,20532500.0,50.03150594879069
3.24,-0.0,20535750.0,50.03149855702301
3.25,-0.0,20538990.0,50.031491370713574
3.26,-0.0,20542230.0,50.031484483256115
3.27,-0.0,20545460.0,50.03147798320434
3.28,-0.0,20548690.0,50.031471953794124
3.29,-0.0,20551910.0,50.03146647235669
3.3,-0.0,20555130.0,50.031461609911865
3.31,-0.0,20558340.0,50.031457430861636
3.32,-0.0,20561540.0,50.031453992606146
3.33,-0.0,20564740.0,50.03145134530348
3.34,-0.0,20567930.0,50.03144953168531
3.35,-0.0,20571120.0,50.03144858700011
3.36,-0.0,20574300.0,50.03144853883954
3.37,-0.0,20577470.0,50.031449407134446
3.38,-0.0,20580640.0,50.03145120423971
3.39,-0.0,20583810.0,50.031453934930056
3.4,-0.0,20586970.0,50.03145759652804
3.41,-0.0,20590120.0,50.03146217914962
3.42,-0.0,20593270.0,50.03146766589738
3.43,-0.0,20596410.0,50.031474032972646
3.44,-0.0,20599540.0,50.031481250084155
3.45,-0.0,20602680.0,50.03148928092437
3.46,-0.0,20605800.0,50.03149808337999
3.47,-0.0,20608920.0,50.031507609983684
3.48,-0.0,20612030.0,50.03151780843987
3.49,-0.0,20615140.0,50.0315286220459
3.5,-0.0,20618250.0,50.031539990300764
3.51,-0.0,20621340.0,50.031551849368974
3.52,-0.0,20624430.0,50.03156413268357
3.53,-0.0,20627520.0,50.031576771677265
3.54,-0.0,20630600.0,50.03158969621796
3.55,-0.0,20633680.0,50.03160283525235
3.56,-0.0,20636750.0,50.03161611755874
3.57,-0.0,20639820.0,50.03162947225821
3.58,-0.0,20642880.0,50.03164282934447
3.59,-0.0,20645930.0,50.03165612027587
3.6,-0.0,20648980.0,50.031669278611226
3.61,-0.0,20652030.0,50.031682240588204
3.62,-0.0,20655060.0,50.03169494544248
3.63,-0.0,20658100.0,50.03170733595792
3.64,-0.0,20661130.0,50.031719358837734
3.65,-0.0,20664150.0,50.03173096507783
3.66,-0.0,20667170.0,50.03174211031383
3.67,-0.0,20670190.0,50.03175275492371
3.68,-0.0,20673200.0,50.03176286431531
3.69,-0.0,20676200.0,50.03177240913168
3.7,-0.0,20679200.0,50.03178136525238
3.71,-0.0,20682200.0,50.03178971384592
3.72,-0.0,20685190.0,50.03179744135681
3.73,-0.0,20688180.0,50.03180453946317
3.74,-0.0,20691160.0,50.03181100504809
3.75,-0.0,20694140.0,50.03181684005193
3.76,-0.0,20697110.0,50.031822051221354
3.77,-0.0,20700080.0,50.03182664999877
3.78,-0.0,20703040.0,50.03183065226923
3.79,-0.0,20706000.0,50.031834078046266
3.8,-0.0,20708960.0,50.03183695120288
3.81,-0.0,20711910.0,50.03183929927102
3.82,-0.0,20714850.0,50.031841153111564
3.83,-0.0,20717800.0,50.03184254660762
3.84,-0.0,20720740.0,50.03184351631709
3.85,-0.0,20723670.0,50.03184410115091
3.86,-0.0,20726600.0,50.0318443420133
3.87,-0.0,20729530.0,50.03184428147029
3.88,-0.0,20732450.0,50.031843963382805
3.89,-0.0,20735370.0,50.0318434325704
3.9,-0.0,20738290.0,50.031842734514484
3.91,-0.0,20741200.0,50.031841914926076
3.92,-0.0,20744110.0,50.03184101940025
3.93,-0.0,20747010.0,50.031840093145554
3.94,-0.0,20749910.0,50.03183918054982
3.95,-0.0,20752810.0,50.03183832487025
3.96,-0.0,20755710.0,50.03183756804391
3.97,-0.0,20758600.0,50.0318369502054
3.98,-0.0,20761490.0,50.03183650941991
3.99,-0.0,20764370.0,50.03183628154313
4.0,-0.0,20767250.0,50.03183629986726
4.01,-0.0,20770130.0,50.03183659482192
4.02,-0.0,20773010.0,50.0318371938535
4.03,-0.0,20775880.0,50.03183812123273
4.04,-0.0,20778750.0,50.031839397911135
4.05,-0.0,20781620.0,50.03184104146631
4.06,-0.0,20784480.0,50.03184306592943
4.07,-0.0,20787340.0,50.03184548174811
4.08,-0.0,20790200.0,50.03184829583856
4.09,-0.0,20793060.0,50.031851511519754
4.1,-0.0,20795910.0,50.03185512858143
4.11,-0.0,20798770.0,50.03185914343867
4.12,-0.0,20801620.0,50.03186354923653
4.13,-0.0,20804460.0,50.03186833598663
4.14,-0.0,20807310.0,50.03187349065996
4.15,-0.0,20810150.0,50.03187899747249
4.16,-0.0,20812990.0,50.0318848380753
4.17,-0.0,20815830.0,50.03189099172415
4.18,-0.0,20818670.0,50.03189743567103
4.19,-0.0,20821500.0,50.03190414531473
4.2,-0.0,20824340.0,50.031911094476264
4.21,-0.0,20827170.0,50.031918255717
4.22,-0.0,20830000.0,50.0319256005219
4.23,-0.0,20832830.0,50.031933099564355
4.24,-0.0,20835650.0,50.03194072296537
4.25,-0.0,20838480.0,50.03194844054521
4.26,-0.0,20841300.0,50.03195622213844
4.27,-0.0,20844120.0,50.031964037803014
4.28,-0.0,20846940.0,50.03197185803874
4.29,-0.0,20849760.0,50.031979653908756
4.3,-0.0,20852580.0,50.03198739726297
4.31,-0.0,20855400.0,50.031995061057714
4.32,-0.0,20858210.0,50.032002619429946
4.33,-0.0,20861030.0,50.03201004778989
4.34,-0.0,20863840.0,50.03201732305307
4.35,-0.0,20866650.0,50.03202442376019
4.36,-0.0,20869470.0,50.032031330202386
4.37,-0.0,20872280.0,50.032038024518265
4.38,-0.0,20875090.0,50.0320444907952
4.39,-0.0,20877900.0,50.03205071521296
4.4,-0.0,20880700.0,50.03205668602273
4.41,-0.0,20883510.0,50.03206239354011
4.42,-0.0,20886320.0,50.03206783034527
4.43,-0.0,20889120.0,50.032072991271384
4.44,-0.0,20891930.0,50.03207787327095
4.45,-0.0,20894730.0,50.032082475499884
4.46,-0.0,20897540.0,50.03208679935464
4.47,-0.0,20900340.0,50.032090848341205
4.48,-0.0,20903140.0,50.03209462802678
4.49,-0.0,20905940.0,50.032098146028446
4.5,-0.0,20908740.0,50.03210141190466
4.51,-0.0,20911540.0,50.03210443696261
4.52,-0.0,20914340.0,50.03210723414827
4.53,-0.0,20917140.0,50.03210981790369
4.54,-0.0,20919940.0,50.03211220402658
4.55,-0.0,20922740.0,50.03211440957327
4.56,-0.0,20925540.0,50.032116452672646
4.57,-0.0,20928330.0,50.03211835226507
4.58,-0.0,20931130.0,50.03212012793444
4.59,-0.0,20933920.0,50.03212179971921
4.6,-0.0,20936720.0,50.03212338800951
4.61,-0.0,20939510.0,50.032124913333675
4.62,-0.0,20942300.0,50.032126396041576
4.63,-0.0,20945100.0,50.03212785622685
4.64,-0.0,20947890.0,50.03212931362667
4.65,-0.0,20950680.0,50.03213078745182
4.66,-0.0,20953470.0,50.03213229616035
4.67,-0.0,20956260.0,50.0321338573413
4.68,-0.0,20959050.0,50.03213548759328
4.69,-0.0,20961840.0,50.03213720243126
4.7,-0.0,20964620.0,50.03213901619041
4.71,-0.0,20967410.0,50.03214094195938
4.72,-0.0,20970190.0,50.0321429915823
4.73,-0.0,20972980.0,50.03214517545156
4.74,-0.0,20975760.0,50.03214750257972
4.75,-0.0,20978540.0,50.032149980621675
4.76,-0.0,20981320.0,50.03215261571876
4.77,-0.0,20984100.0,50.032155412587976
4.78,-0.0,20986880.0,50.03215837452012
4.79,-0.0,20989660.0,50.032161503403984
4.8,-0.0,20992430.0,50.03216479974309
4.81,-0.0,20995210.0,50.032168262625106
4.82,-0.0,20997980.0,50.03217188977784
4.83,-0.0,21000750.0,50.03217567769933
4.84,-0.0,21003520.0,50.03217962169661
4.85,-0.0,21006290.0,50.03218371587741
4.86,-0.0,21009060.0,50.03218795329961
4.87,-0.0,21011820.0,50.032192325956736
4.88,-0.0,21014590.0,50.0321968248821
4.89,-0.0,21017350.0,50.03220144022348
4.9,-0.0,21020110.0,50.03220616135312
4.91,-0.0,21022860.0,50.03221097702063
4.92,-0.0,21025620.0,50.03221587537505
4.93,-0.0,21028370.0,50.03222084400224
4.94,-0.0,21031120.0,50.03222587013022
4.95,-0.0,21033870.0,50.03223094072089
4.96,-0.0,21036620.0,50.03223604259662
4.97,-0.0,21039360.0,50.032241162535975
4.98,-0.0,21042110.0,50.03224628733041
4.99,-0.0,21044840.0,50.03225140390304
5.0,-137.8159999982816,21047580.0,50.03225649943729
5.01,-550.5279999965585,21050180.0,50.0322615566392
5.02,-1237.0319999948304,21052490.0,50.03226654564513
5.03,-2196.2239999930985,21054540.0,50.032271422811704
5.04,-3426.9999999913603,21056300.0,50.03227613418293
5.05,-4928.255999989618,21057790.0,50.032280618102064
5.06,-6698.887999987872,21059010.0,50.03228480743084
5.07,-8737.791999986124,21059960.0,50.0322886313292
5.08,-11043.863999984367,21060630.0,50.03229201651662
5.09,-13615.999999982607,21061030.0,50.03229488848214
5.1,-16453.095999980844,21061160.0,50.03229717261923
5.11,-19554.047999979073,21061030.0,50.0322987949679
5.12,-22917.75199997731,21060620.0,50.03229968286895
5.13,-26543.10399997553,21059950.0,50.032299765654074
5.14,-30428.999999973752,21059020.0,50.03229897515366
5.15,-34574.33599997197,21057820.0,50.03229724613449
5.16,-38978.00799997017,21056350.0,50.03229451665895
5.17,-43638.9119999684,21054630.0,50.032290728388496
5.18,-48555.943999966585,21052640.0,50.032285826820896
5.19,-53727.9999999648,21050390.0,50.03227976148147
5.2,-59153.975999963004,21047880.0,50.03227248605629
5.21,-64832.76799996118,21045120.0,50.03226395841608
5.22,-70763.27199995938,21042090.0,50.0322541407541
5.23,-76944.38399995756,21038810.0,50.032242999648005
5.24,-83374.99999995576,21035270.0,50.03223050587226
5.25,-90054.01599995395,21031480.0,50.03221663443278
5.26,-96980.3279999521,21027440.0,50.032201364444894
5.27,-104152.8319999503,21023140.0,50.0321846789512
5.28,-111570.42399994846,21018590.0,50.03216656483751
5.29,-119231.99999994664,21013790.0,50.0321470126488
5.3,-127136.4559999448,21008740.0,50.032126016375386
5.31,-135282.68799994298,21003440.0,50.03210357322717
5.32,-143669.5919999411,20997900.0,50.03207968338184
5.33,-152296.06399993927,20992100.0,50.03205434965392
5.34,-161160.99999993746,20986060.0,50.03202757730825
5.35,-170263.29599993562,20979780.0,50.03199937375494
5.36,-179601.84799993376,20973250.0,50.03196974819012
5.37,-189175.55199993186,20966480.0,50.031938711301414
5.38,-198983.30399993004,20959470.0,50.03190627504478
5.39,-209023.9999999282,20952210.0,50.03187245231461
5.4,-219296.53599992633,20944720.0,50.03183725657059
5.41,-229799.80799992447,20936990.0,50.031800701610564
5.42,-240532.7119999226,20929020.0,50.03176280125987
5.43,-251494.14399992075,20920810.0,50.031723569008
5.44,-262682.9999999189,20912370.0,50.031683017743944
5.45,-274098.17599991703,20903690.0,50.03164115956415
5.46,-285738.56799991516,20894770.0,50.03159800543614
5.47,-297603.0719999133,20885630.0,50.03155356498448
5.48,-309690.58399991144,20876250.0,50.03150784634018
5.49,-321999.99999990955,20866640.0,50.031460855867714
5.5,-334530.21599990764,20856800.0,50.03141259800354
5.51,-347280.1279999058,20846730.0,50.03136307510773
5.52,-360248.6319999039,20836430.0,50.03131228734626
5.53,-373434.62399990205,20825910.0,50.03126023265998
5.54,-386836.9999999002,20815160.0,50.03120690660096
5.55,-400454.6559998983,20804180.0,50.031152302229046
5.56,-414286.4879998964,20792980.0,50.03109641017347
5.57,-428331.3919998945,20781550.0,50.03103921869815
5.58,-442588.2639998926,20769900.0,50.03098071363487
5.59,-457055.9999998908,20758030.0,50.03092087837565
5.6,-471733.4959998889,20745940.0,50.03085969402733
5.61,-486619.64799988706,20733630.0,50.03079713942533
5.62,-501713.3519998851,20721100.0,50.030733191341014
5.63,-517013.5039998833,20708360.0,50.03066782458547
5.64,-532518.9999998814,20695390.0,50.030601012100426
5.65,-548228.7359998793,20682210.0,50.03053272519018
5.66,-564141.6079998775,20668820.0,50.03046293369271
5.67,-580256.5119998758,20655210.0,50.0303916061558
5.68,-596572.3439998738,20641390.0,50.03031870989021
5.69,-613087.999999872,20627350.0,50.03024421128236
5.7,-629802.3759998699,20613110.0,50.03016807612857
5.71,-646714.3679998681,20598650.0,50.03009026968216
5.72,-663822.8719998663,20583990.0,50.030010756820054
5.73,-681126.7839998645,20569110.0,50.02992950234748
5.74,-698624.9999998625,20554030.0,50.0298464712799
5.75,-716316.4159998605,20538740.0,50.02976162896539
5.76,-734199.9279998587,20523250.0,50.02967494130877
5.77,-752274.4319998568,20507550.0,50.029586374964865
5.78,-770538.8239998551,20491650.0,50.02949589747685
5.79,-788991.9999998531,20475550.0,50.029403477546694
5.8,-807632.8559998509,20459240.0,50.02930908520548
5.81,-826460.2879998493,20442740.0,50.029212691981996
5.82,-845473.1919998474,20426030.0,50.029114271052144
5.83,-864670.4639998456,20409120.0,50.029013797313404
5.84,-884050.9999998438,20392020.0,50.028911247602515
5.85,-903613.6959998416,20374720.0,50.02880660072226
5.86,-923357.4479998399,20357220.0,50.028699837572574
5.87,-943281.151999838,20339530.0,50.02859094129355
5.88,-963383.7039998362,20321650.0,50.02847989733576
5.89,-983663.9999998342,20303570.0,50.0283666934222
5.9,-1004120.9359998323,20285300.0,50.02825131954221
5.91,-1024753.4079998304,20266830.0,50.02813376812119
5.92,-1045560.3119998286,20248180.0,50.02801403400304
5.93,-1066540.543999827,20229340.0,50.02789211428712
5.94,-1087692.999999825,20210310.0,50.02776800840189
5.95,-1109016.575999823,20191090.0,50.02764171803863
5.96,-1130510.1679998212,20171680.0,50.02751324710957
5.97,-1152172.6719998193,20152090.0,50.02738260165178
5.98,-1174002.9839998176,20132320.0,50.027249789686465
5.99,-1195999.9999998156,20112360.0,50.02711482126093
6.0,-1218162.6159998137,20092220.0,50.02697770824053
6.01,-1240489.7279998118,20071890.0,50.026838464056524
6.02,-1262980.23199981,20051390.0,50.02669710374956
6.03,-1285633.0239998084,20030700.0,50.026553643872205
6.04,-1308446.9999998063,20009840.0,50.02640810212198
6.05,-1331421.0559998045,19988790.0,50.026260497303674
6.06,-1354554.0879998028,19967580.0,50.02611084930337
6.07,-1377844.9919998008,19946180.0,50.025959178769874
6.08,-1401292.6639997994,19924610.0,50.025805506912
6.09,-1424895.9999997972,19902860.0,50.02564985550415
6.1,-1448653.8959997953,19880950.0,50.025492246708005
6.11,-1472565.2479997934,19858850.0,50.025332702784
6.12,-1496628.951999792,19836590.0,50.025171246114496
6.13,-1520843.90399979,19814160.0,50.02500789895989
6.14,-1545208.9999997881,19791560.0,50.024842683287616
6.15,-1569723.1359997864,19768790.0,50.02467562078614
6.16,-1594385.2079997845,19745850.0,50.02450673266329
6.17,-1619194.1119997827,19722740.0,50.02433603947297
6.18,-1644148.7439997813,19699470.0,50.02416356110625
6.19,-1669247.999999779,19676040.0,50.023989316685544
6.2,-1694490.775999777,19652440.0,50.023813324493204
6.21,-1719875.9679997754,19628680.0,50.023635601886795
6.22,-1745402.4719997738,19604750.0,50.023456165178295
6.23,-1771069.1839997724,19580670.0,50.02327502973469
6.24,-1796874.9999997702,19556430.0,50.02309220976466
6.25,-1822818.8159997684,19532020.0,50.02290771833226
6.26,-1848899.5279997664,19507460.0,50.02272156739175
6.27,-1875116.0319997652,19482740.0,50.0225337677207
6.28,-1901467.2239997636,19457870.0,50.02234432899001
6.29,-1927951.9999997616,19432840.0,50.02215325977066
6.3,-1954569.2559997593,19407660.0,50.0219605674739
6.31,-1981317.8879997572,19382320.0,50.02176625840341
6.32,-2008196.7919997566,19356830.0,50.02157033786007
6.33,-2035204.8639997547,19331190.0,50.02137281011238
6.34,-2062340.999999753,19305410.0,50.02117367853353
6.35,-2089604.0959997505,19279470.0,50.02097294557134
6.36,-2116993.0479997485,19253380.0,50.02077061284456
6.37,-2144506.7519997484,19227150.0,50.02056668127369
6.38,-2172144.103999746,19200770.0,50.02036115109089
6.39,-2199903.9999997444,19174240.0,50.02015402192709
6.4,-2227785.3359997417,19147570.0,50.019945292908794
6.41,-2255787.00799974,19120760.0,50.01973496281873
6.42,-2283907.9119997397,19093800.0,50.0195230301718
6.43,-2312146.9439997375,19066710.0,50.01930949316271
6.44,-2340502.9999997355,19039470.0,50.019094349865625
6.45,-2368974.975999734,19012090.0,50.01887759838023
6.46,-2397561.7679997315,18984580.0,50.018659236851384
6.47,-2426262.2719997307,18956930.0,50.0184392635602
6.48,-2455075.383999729,18929140.0,50.018217677088906
6.49,-2483999.999999727,18901220.0,50.01799447630905
6.5,-2513035.0159997256,18873160.0,50.017769660485726
6.51,-2542179.327999723,18844970.0,50.017543229406236
6.52,-2571431.831999723,18816650.0,50.017315183306856
6.53,-2600791.423999721,18788190.0,50.01708552303078
6.54,-2630256.9999997187,18759610.0,50.01685425021319
6.55,-2659827.455999717,18730900.0,50.01662136715518
6.56,-2689501.687999715,18702060.0,50.01638687682313
6.57,-2719278.5919997147,18673090.0,50.01615078303354
6.58,-2749157.063999713,18643990.0,50.01591309039082
6.59,-2779135.999999711,18614770.0,50.01567380439387
6.6,-2809214.295999709,18585430.0,50.01543293141702
6.61,-2839390.8479997073,18555960.0,50.01519047858554
6.62,-2869664.551999707,18526370.0,50.01494645393484
6.63,-2900034.303999705,18496660.0,50.01470086637754
6.64,-2930498.999999703,18466830.0,50.014453725620754
6.65,-2961057.535999701,18436880.0,50.014205042149975
6.66,-2991708.8079996994,18406820.0,50.013954827282824
6.67,-3022451.7119996985,18376630.0,50.01370309311499
6.68,-3053285.143999697,18346330.0,50.01344985241683
6.69,-3084207.9999996955,18315920.0,50.01319511866825
6.7,-3115219.175999693,18285390.0,50.01293890600094
6.71,-3146317.5679996917,18254750.0,50.012681229147034
6.72,-3177502.0719996914,18224000.0,50.01242210330808
6.73,-3208771.5839996897,18193140.0,50.012161544193866
6.74,-3240124.999999688,18162160.0,50.01189956793903
6.75,-3271561.215999686,18131080.0,50.01163619105863
6.76,-3303079.127999684,18099890.0,50.01137143043479
6.77,-3334677.6319996836,18068600.0,50.0111053031082
6.78,-3366355.6239996823,18037200.0,50.01083782630749
6.79,-3398111.9999996806,18005690.0,50.010569017442904
6.8,-3429945.655999678,17974090.0,50.01029889396097
6.81,-3461855.4879996767,17942380.0,50.010027473289774
6.82,-3493840.391999677,17910570.0,50.00975477284766
6.83,-3525899.2639996754,17878650.0,50.00948080989653
6.84,-3558030.9999996726,17846640.0,50.00920560150277
6.85,-3590234.4959996715,17814540.0,50.00892916461596
6.86,-3622508.6479996694,17782330.0,50.00865151591608
6.87,-3654852.3519996693,17750030.0,50.00837267163132
6.88,-3687264.503999668,17717640.0,50.00809264773556
6.89,-3719743.9999996666,17685150.0,50.007811459783845
6.9,-3752289.7359996643,17652570.0,50.007529122836935
6.91,-3784900.6079996633,17619900.0,50.00724565155517
6.92,-3817575.5119996625,17587140.0,50.0069610601611
6.93,-3850313.343999661,17554290.0,50.00667536231877
6.94,-3883112.999999659,17521350.0,50.00638857113844
6.95,-3915973.375999658,17488320.0,50.00610069921674
6.96,-3948893.367999656,17455210.0,50.00581175862606
6.97,-3981871.8719996563,17422020.0,50.00552176088932
6.98,-4014907.7839996545,17388740.0,50.0052307169145
6.99,-4047999.999999653,17355370.0,50.00493863707637
7.0,-4081147.415999651,17321930.0,50.004645531214265
7.01,-4114348.92799965,17288410.0,50.00435140871432
7.02,-4147603.43199965,17254800.0,50.00405627842574
7.03,-4180909.823999648,17221120.0,50.00376014870211
7.04,-4214266.999999646,17187370.0,50.00346302747756
7.05,-4247673.855999646,17153530.0,50.00316492229086
7.06,-4281129.287999643,17119630.0,50.002865840292884
7.07,-4314632.191999644,17085650.0,50.00256578828215
7.08,-4348181.463999642,17051590.0,50.00226477272104
7.09,-4381775.9999996405,17017470.0,50.00196279977829
7.1,-4415414.695999638,16983270.0,50.00165987542097
7.11,-4449096.447999638,16949010.0,50.00135600536751
7.12,-4482820.1519996375,16914680.0,50.00105119513138
7.13,-4516584.703999636,16880280.0,50.00074545012734
7.14,-4550388.999999635,16845820.0,50.00043877569108
7.15,-4584231.935999633,16811290.0,50.00013117718053
7.16,-4618112.407999631,16776700.0,49.99982265990718
7.17,-4652029.311999632,16742050.0,49.9995132291889
7.18,-4685981.543999631,16707330.0,49.99920289039839
7.19,-4719967.999999629,16672560.0,49.99889164896711
7.2,-4753987.575999628,16637720.0,49.998579510511654
7.21,-4788039.167999626,16602830.0,49.99826648077017
7.22,-4822121.671999627,16567890.0,49.997952565671596
7.23,-4856233.983999626,16532890.0,49.99763777137568
7.24,-4890374.999999624,16497830.0,49.99732210425415
7.25,-4924543.615999622,16462720.0,49.99700557093963
7.26,-4958738.727999621,16427560.0,49.99668817833362
7.27,-4992959.231999621,16392350.0,49.996369933649724
7.28,-5027204.023999621,16357090.0,49.99605084440927
7.29,-5061471.999999618,16321780.0,49.99573091844513
7.3,-5095762.055999617,16286420.0,49.995410163897745
7.31,-5130073.087999616,16251020.0,49.9950885892177
7.32,-5164403.991999617,16215570.0,49.994766203229865
7.33,-5198753.663999615,16180080.0,49.99444301507487
7.34,-5233120.9999996135,16144550.0,49.99411903420686
7.35,-5267504.895999612,16108970.0,49.99379427041014
7.36,-5301904.247999611,16073350.0,49.993468733782926
7.37,-5336317.951999612,16037700.0,49.993142434749124
7.38,-5370744.903999611,16002000.0,49.99281538399546
7.39,-5405183.999999609,15966270.0,49.9924875924568
7.4,-5439634.135999609,15930510.0,49.992159071363
7.41,-5474094.207999607,15894710.0,49.99182983219851
7.42,-5508563.111999609,15858870.0,49.9914998866726
7.43,-5543039.743999607,15823010.0,49.9911692466833
7.44,-5577522.999999605,15787110.0,49.99083792425512
7.45,-5612011.775999605,15751180.0,49.990505931587215
7.46,-5646504.967999604,15715220.0,49.99017328104204
7.47,-5681001.471999604,15679240.0,49.9898399850703
7.48,-5715500.183999603,15643230.0,49.98950605621462
7.49,-5749999.999999601,15607190.0,49.989171507067724
7.5,-5784499.815999602,15571130.0,49.98883635020614
7.51,-5818998.5279996,15535040.0,49.98850059820123
7.52,-5853495.031999599,15498940.0,49.98816426361902
7.53,-5887988.223999598,15462810.0,49.987827359019256
7.54,-5922476.999999599,15426660.0,49.987489896911555
7.55,-5956960.255999597,15390500.0,49.98715188968965
7.56,-5991436.887999597,15354310.0,49.986813349644464
7.57,-6025905.791999596,15318110.0,49.98647428893227
7.58,-6060365.863999595,15281900.0,49.986134719554485
7.59,-6094815.999999596,15245670.0,49.98579465336855
7.6,-6129255.095999596,15209430.0,49.98545410209803
7.61,-6163682.047999593,15173170.0,49.98511307726513
7.62,-6198095.751999594,15136910.0,49.98477159018361
7.63,-6232495.103999592,15100640.0,49.98442965200985
7.64,-6266878.999999592,15064350.0,49.9840872736829
7.65,-6301246.335999591,15028070.0,49.983744465952896
7.66,-6335596.007999591,14991770.0,49.98340123939349
7.67,-6369926.911999592,14955470.0,49.98305760431656
7.68,-6404237.9439995885,14919170.0,49.98271357081424
7.69,-6438527.99999959,14882860.0,49.98236914878248
7.7,-6472795.97599959,14846560.0,49.98202434795167
7.71,-6507040.767999588,14810250.0,49.981679177866894
7.72,-6541261.271999588,14773940.0,49.981333647853795
7.73,-6575456.383999588,14737640.0,49.98098776709097
7.74,-6609624.999999587,14701340.0,49.980641544562395
7.75,-6643766.015999587,14665040.0,49.98029498906965
7.76,-6677878.327999586,14628750.0,49.97994810930203
7.77,-6711960.831999588,14592470.0,49.979600913829834
7.78,-6746012.423999584,14556200.0,49.97925341106755
7.79,-6780031.999999585,14519930.0,49.97890560932359
7.8,-6814018.455999586,14483670.0,49.97855751683179
7.81,-6847970.687999585,14447430.0,49.978209141754455
7.82,-6881887.591999585,14411200.0,49.977860492145986
7.83,-6915768.063999583,14374980.0,49.977511576010066
7.84,-6949610.999999584,14338780.0,49.977162401365256
7.85,-6983415.295999585,14302590.0,49.97681297620665
7.86,-7017179.847999584,14266420.0,49.976463308511825
7.87,-7050903.551999584,14230270.0,49.97611340624863
7.88,-7084585.303999583,14194130.0,49.9757632774196
7.89,-7118223.999999584,14158020.0,49.97541293013121
7.9,-7151818.535999584,14121930.0,49.97506237250776
7.91,-7185367.807999583,14085870.0,49.974711612712305
7.92,-7218870.711999584,14049830.0,49.97436065901535
7.93,-7252326.143999582,14013810.0,49.97400951979182
7.94,-7285732.999999583,13977820.0,49.97365820351387
7.95,-7319090.175999584,13941860.0,49.97330671875334
7.96,-7352396.567999582,13905920.0,49.97295507421324
7.97,-7385651.071999582,13870020.0,49.972603278684915
7.98,-7418852.583999582,13834150.0,49.97225134112554
7.99,-7451999.999999583,13798310.0,49.971899270633145
8.0,-7485092.215999583,13762500.0,49.97154707641206
8.01,-7518128.127999581,13726730.0,49.97119476787123
8.02,-7551106.631999583,13691000.0,49.97084235452459
8.03,-7584026.623999583,13655300.0,49.970489845998365
8.04,-7616886.999999582,13619640.0,49.97013725208613
8.05,-7649686.655999582,13584020.0,49.96978458273226
8.06,-7682424.487999583,13548440.0,49.96943184797551
8.07,-7715099.391999584,13512900.0,49.96907905802081
8.08,-7747710.263999582,13477410.0,49.9687262232368
8.09,-7780255.999999583,13441960.0,49.96837335403345
8.1,-7812735.495999584,13406550.0,49.96802046093373
8.11,-7845147.647999583,13371190.0,49.967667554619695
8.12,-7877491.351999584,13335880.0,49.967314645865926
8.13,-7909765.503999583,13300620.0,49.966961745525374
8.14,-7941968.999999583,13265400.0,49.96660886450937
8.15,-7974100.735999585,13230240.0,49.96625601384796
8.16,-8006159.607999584,13195130.0,49.96590320464949
8.17,-8038144.511999586,13160070.0,49.96555044805202
8.18,-8070054.343999584,13125070.0,49.96519775523822
8.19,-8101887.999999586,13090130.0,49.964845137454674
8.2,-8133644.375999586,13055240.0,49.96449260594338
8.21,-8165322.367999586,13020410.0,49.96414017197538
8.22,-8196920.871999586,12985640.0,49.963787846886696
8.23,-8228438.783999586,12950920.0,49.96343564194613
8.24,-8259874.999999588,12916280.0,49.96308356842712
8.25,-8291228.415999589,12881690.0,49.96273163761194
8.26,-8322497.927999587,12847170.0,49.96237986077488
8.27,-8353682.431999588,12812710.0,49.962028249154784
8.28,-8384780.823999588,12778320.0,49.961676813981676
8.29,-8415791.999999588,12743990.0,49.96132556640821
8.3,-8446714.85599959,12709740.0,49.960974517550916
8.31,-8477548.28799959,12675550.0,49.96062367852668
8.32,-8508291.19199959,12641440.0,49.96027306036449
8.33,-8538942.463999592,12607400.0,49.959922674030906
8.34,-8569500.999999592,12573430.0,49.959572530452704
8.35,-8599965.695999594,12539540.0,49.959222640459544
8.36,-8630335.447999593,12505720.0,49.95887301482159
8.37,-8660609.151999595,12471980.0,49.95852366429773
8.38,-8690785.703999594,12438310.0,49.95817459954369
8.39,-8720863.999999596,12404730.0,49.9578258311493
8.4,-8750842.935999598,12371220.0,49.957477369657724
8.41,-8780721.407999597,12337800.0,49.95712922555549
8.42,-8810498.311999599,12304460.0,49.95678140929498
8.43,-8840172.543999597,12271210.0,49.95643393124464
8.44,-8869742.9999996,12238040.0,49.95608680165512
8.45,-8899208.5759996,12204950.0,49.95574003077437
8.46,-8928568.167999601,12171950.0,49.95539362885565
8.47,-8957820.671999602,12139050.0,49.95504760611096
8.48,-8986964.983999602,12106230.0,49.954701972701926
8.49,-9015999.999999603,12073500.0,49.95435673874109
8.5,-9044924.615999606,12040860.0,49.9540119143591
8.51,-9073737.727999605,12008320.0,49.95366750965022
8.52,-9102438.231999608,11975870.0,49.95332353467813
8.53,-9131025.023999607,11943520.0,49.95297999953963
8.54,-9159496.999999607,11911260.0,49.952636914314375
8.55,-9187853.05599961,11879110.0,49.95229428906669
8.56,-9216092.08799961,11847050.0,49.951952133877256
8.57,-9244212.991999611,11815090.0,49.95161045887207
8.58,-9272214.663999612,11783230.0,49.95126927417077
8.59,-9300095.999999614,11751480.0,49.9509285898939
8.6,-9327855.895999614,11719830.0,49.95058841626367
8.61,-9355493.247999614,11688280.0,49.950248763542064
8.62,-9383006.951999618,11656840.0,49.94990964203027
8.63,-9410395.903999617,11625510.0,49.94957106205526
8.64,-9437658.999999618,11594280.0,49.94923303393741
8.65,-9464795.13599962,11563170.0,49.948895568099815
8.66,-9491803.20799962,11532170.0,49.948558675041674
8.67,-9518682.111999623,11501270.0,49.948222365295905
8.68,-9545430.743999623,11470500.0,49.9478866494585
8.69,-9572047.999999626,11439830.0,49.94755153817862
8.7,-9598532.775999626,11409280.0,49.947217042187006
8.71,-9624883.967999628,11378850.0,49.94688317227865
8.72,-9651100.471999628,11348530.0,49.94654993930601
8.73,-9677181.18399963,11318340.0,49.9462173542389
8.74,-9703124.999999633,11288260.0,49.9458854280663
8.75,-9728930.815999635,11258310.0,49.94555417180604
8.76,-9754597.527999634,11228470.0,49.94522359659932
8.77,-9780124.031999636,11198760.0,49.94489371361334
8.78,-9805509.223999638,11169180.0,49.944564534116644
8.79,-9830751.999999639,11139720.0,49.94423606944421
8.8,-9855851.255999643,11110390.0,49.943908330960966
8.81,-9880805.88799964,11081190.0,49.94358133011734
8.82,-9905614.791999644,11052110.0,49.943255078360586
8.83,-9930276.863999646,11023170.0,49.942929587210074
8.84,-9954790.999999648,10994360.0,49.942604868264795
8.85,-9979156.095999649,10965680.0,49.94228093315329
8.86,-10003371.04799965,10937130.0,49.94195779355628
8.87,-10027434.751999652,10908720.0,49.9416354612266
8.88,-10051346.103999654,10880460.0,49.94131394807267
8.89,-10075103.999999655,10852310.0,49.94099326567664
8.9,-10098707.335999658,10824320.0,49.94067342587958
8.91,-10122155.007999659,10796460.0,49.9403544405146
8.92,-10145445.911999661,10768740.0,49.940036321140624
8.93,-10168578.943999663,10741160.0,49.93971907968021
8.94,-10191552.999999663,10713730.0,49.93940272822503
8.95,-10214366.975999666,10686450.0,49.939087278955526
8.96,-10237019.76799967,10659300.0,49.938772743712576
8.97,-10259510.271999672,10632310.0,49.93845913431835
8.98,-10281837.383999674,10605460.0,49.938146462836826
8.99,-10303999.999999674,10578760.0,49.937834741098975
9.0,-10325997.015999677,10552220.0,49.93752398104775
9.01,-10347827.327999678,10525820.0,49.93721419462332
9.02,-10369489.83199968,10499570.0,49.936905393686715
9.03,-10390983.423999682,10473490.0,49.93659759031811
9.04,-10412306.999999683,10447550.0,49.9362907966851
9.05,-10433459.455999687,10421770.0,49.935985024542575
9.06,-10454439.687999688,10396150.0,49.93568028568137
9.07,-10475246.591999691,10370680.0,49.93537659216252
9.08,-10495879.063999694,10345370.0,49.93507395577583
9.09,-10516335.999999696,10320230.0,49.93477238842389
9.1,-10536616.295999698,10295250.0,49.93447190201086
9.11,-10556718.8479997,10270430.0,49.934172508362465
9.12,-10576642.551999701,10245770.0,49.933874219493106
9.13,-10596386.303999703,10221280.0,49.933577047518995
9.14,-10615948.999999706,10196950.0,49.933281004188565
9.15,-10635329.53599971,10172800.0,49.932986101251274
9.16,-10654526.807999711,10148810.0,49.9326923507098
9.17,-10673539.711999714,10124990.0,49.93239976438666
9.18,-10692367.143999714,10101340.0,49.93210835421496
9.19,-10711007.999999719,10077870.0,49.93181813206834
9.2,-10729461.175999722,10054560.0,49.93152910976751
9.21,-10747725.567999722,10031440.0,49.93124129937855
9.22,-10765800.071999727,10008480.0,49.93095471271643
9.23,-10783683.583999729,9985709.0,49.93066936168813
9.24,-10801374.999999732,9963114.0,49.930385258495804
9.25,-10818873.215999734,9940696.0,49.93010241519686
9.26,-10836177.127999736,9918455.0,49.929820843662576
9.27,-10853285.63199974,9896391.0,49.929540555545714
9.28,-10870197.62399974,9874515.0,49.92926156265715
9.29,-10886911.999999745,9852825.0,49.92898387714728
9.3,-10903427.655999748,9831322.0,49.928707511326834
9.31,-10919743.487999748,9809996.0,49.92843247722693
9.32,-10935858.391999753,9788868.0,49.92815878702621
9.33,-10951771.263999756,9767917.0,49.92788645287345
9.34,-10967480.999999758,9747163.0,49.92761548685717
9.35,-10982986.49599976,9726597.0,49.92734590128176
9.36,-10998286.647999763,9706218.0,49.92707770821195
9.37,-11013380.351999767,9686036.0,49.92681091978884
9.38,-11028266.50399977,9666052.0,49.92654554850944
9.39,-11042943.999999773,9646256.0,49.92628160674248
9.4,-11057411.735999776,9626667.0,49.92601910705032
9.41,-11071668.607999777,9607266.0,49.92575806200921
9.42,-11085713.511999782,9588062.0,49.92549848383347
9.43,-11099545.343999784,9569066.0,49.92524038508792
9.44,-11113162.999999788,9550258.0,49.9249837781692
9.45,-11126565.375999792,9531668.0,49.92472867570716
9.46,-11139751.367999794,9513266.0,49.92447509033846
9.47,-11152719.871999798,9495082.0,49.92422303473537
9.48,-11165469.7839998,9477096.0,49.923972521790574
9.49,-11177999.999999804,9459318.0,49.92372356419593
9.5,-11190309.415999806,9441748.0,49.923476174748664
9.51,-11202396.92799981,9424386.0,49.923230366254025
9.52,-11214261.431999814,9407232.0,49.92298615145046
9.53,-11225901.823999817,9390297.0,49.92274354335501
9.54,-11237316.999999821,9373570.0,49.92250255508886
9.55,-11248505.855999824,9357051.0,49.92226319941365
9.56,-11259467.287999826,9340751.0,49.922025489143
9.57,-11270200.19199983,9324669.0,49.921789437385435
9.58,-11280703.463999834,9308806.0,49.921555057405996
9.59,-11290975.999999838,9293162.0,49.92132236254949
9.6,-11301016.69599984,9277726.0,49.92109136574271
9.61,-11310824.447999844,9262519.0,49.92086207991854
9.62,-11320398.15199985,9247541.0,49.92063451863833
9.63,-11329736.70399985,9232771.0,49.92040869510014
9.64,-11338838.999999857,9218231.0,49.92018462225384
9.65,-11347703.93599986,9203919.0,49.91996231344118
9.66,-11356330.407999862,9189837.0,49.91974178223575
9.67,-11364717.311999865,9175974.0,49.91952304197529
9.68,-11372863.54399987,9162340.0,49.91930610573844
9.69,-11380767.999999875,9148945.0,49.91909098702779
9.7,-11388429.575999878,9135769.0,49.918877699192414
9.71,-11395847.167999882,9122833.0,49.91866625548989
9.72,-11403019.671999885,9110126.0,49.91845666932585
9.73,-11409945.98399989,9097659.0,49.91824895417902
9.74,-11416624.999999894,9085422.0,49.91804312350582
9.75,-11423055.615999898,9073434.0,49.91783919103276
9.76,-11429236.7279999,9061666.0,49.917637170182445
9.77,-11435167.231999906,9050147.0,49.917437074162535
9.78,-11440846.023999909,9038869.0,49.91723891661171
9.79,-11446271.999999912,9027830.0,49.91704271108021
9.8,-11451444.055999918,9017041.0,49.916848471311106
9.81,-11456361.087999921,9006493.0,49.91665621115365
9.82,-11461021.991999926,8996185.0,49.9164659441212
9.83,-11465425.66399993,8986126.0,49.91627768368733
9.84,-11469570.999999933,8976309.0,49.91609144325845
9.85,-11473456.895999938,8966751.0,49.91590723650377
9.86,-11477082.247999942,8957434.0,49.91572507712215
9.87,-11480445.951999946,8948377.0,49.915544978855806
9.88,-11483546.90399995,8939561.0,49.91536695533764
9.89,-11486383.999999955,8931006.0,49.915191020139645
9.9,-11488956.135999959,8922711.0,49.915017187344105
9.91,-11491262.207999963,8914658.0,49.91484547064912
9.92,-11493301.111999968,8906874.0,49.91467588377368
9.93,-11495071.743999973,8899342.0,49.91450844065318
9.94,-11496572.999999978,8892071.0,49.91434315507382
9.95,-11497803.775999982,8885061.0,49.91418004093246
9.96,-11498762.967999985,8878312.0,49.91401911213388
9.97,-11499449.471999992,8871824.0,49.91386038251178
9.98,-11499862.183999995,8865597.0,49.91370386576806
9.99,-11500000.0,8859642.0,49.91354957583417
10.0,-11500000.0,8853948.0,49.91339752670475
10.01,-11500000.0,8848386.0,49.913247727186636
10.02,-11500000.0,8842814.0,49.91310017238332
10.03,-11500000.0,8837235.0,49.9129548420762
10.04,-11500000.0,8831647.0,49.91281170421228
10.05,-11500000.0,8826051.0,49.91267071760586
10.06,-11500000.0,8820446.0,49.91253183414066
10.07,-11500000.0,8814833.0,49.912395000569916
10.08,-11500000.0,8809212.0,49.9122601600274
10.09,-11500000.0,8803583.0,49.91212725324606
10.1,-11500000.0,8797946.0,49.91199621957895
10.11,-11500000.0,8792301.0,49.91186699786007
10.12,-11500000.0,8786648.0,49.911739527134685
10.13,-11500000.0,8780987.0,49.911613747280455
10.14,-11500000.0,8775319.0,49.911489599573834
10.15,-11500000.0,8769642.0,49.91136702709034
10.16,-11500000.0,8763958.0,49.91124597509417
10.17,-11500000.0,8758266.0,49.91112639138689
10.18,-11500000.0,8752567.0,49.91100822656648
10.19,-11500000.0,8746860.0,49.91089143422912
10.2,-11500000.0,8741146.0,49.91077597113319
10.21,-11500000.0,8735424.0,49.91066179731315
10.22,-11500000.0,8729695.0,49.91054887616154
10.23,-11500000.0,8723959.0,49.910437174503855
10.24,-11500000.0,8718215.0,49.91032666255993
10.25,-11500000.0,8712464.0,49.910217313924306
10.26,-11500000.0,8706706.0,49.910109105545914
10.27,-11500000.0,8700941.0,49.91000201763786
10.28,-11500000.0,8695169.0,49.909896033563314
10.29,-11500000.0,8689390.0,49.90979113969898
10.3,-11500000.0,8683604.0,49.909687325277986
10.31,-11500000.0,8677812.0,49.90958458225143
10.32,-11500000.0,8672012.0,49.90948290504672
10.33,-11500000.0,8666206.0,49.90938229037002
10.34,-11500000.0,8660393.0,49.90928273701761
10.35,-11500000.0,8654574.0,49.909184245642706
10.36,-11500000.0,8648747.0,49.90908681847008
10.37,-11500000.0,8642915.0,49.90899045910038
10.38,-11500000.0,8637076.0,49.90889517228194
10.39,-11500000.0,8631231.0,49.9088009636178
10.4,-11500000.0,8625379.0,49.90870783930961
10.41,-11500000.0,8619521.0,49.90861580591127
10.42,-11500000.0,8613657.0,49.908524870116594
10.43,-11500000.0,8607787.0,49.90843503851124
10.44,-11500000.0,8601911.0,49.908346317334214
10.45,-11500000.0,8596028.0,49.908258712212714
10.46,-11500000.0,8590140.0,49.90817222799615
10.47,-11500000.0,8584246.0,49.90808686858198
10.48,-11500000.0,8578346.0,49.90800263668484
10.49,-11500000.0,8572441.0,49.90791953370291
10.5,-11500000.0,8566529.0,49.9078375595134
10.51,-11500000.0,8560613.0,49.90775671238201
10.52,-11500000.0,8554690.0,49.9076769888249
10.53,-11500000.0,8548762.0,49.90759838347632
10.54,-11500000.0,8542829.0,49.90752088907809
10.55,-11500000.0,8536891.0,49.90744449640362
10.56,-11500000.0,8530947.0,49.90736919416644
10.57,-11500000.0,8524998.0,49.90729496900014
10.58,-11500000.0,8519044.0,49.90722180548687
10.59,-11500000.0,8513084.0,49.90714968612501
10.6,-11500000.0,8507120.0,49.90707859140422
10.61,-11500000.0,8501151.0,49.907008499877726
10.62,-11500000.0,8495177.0,49.90693938818076
10.63,-11500000.0,8489198.0,49.906871231109726
10.64,-11500000.0,8483215.0,49.90680400175428
10.65,-11500000.0,8477227.0,49.90673767159328
10.66,-11500000.0,8471235.0,49.90667221061308
10.67,-11500000.0,8465238.0,49.90660758743054
10.68,-11500000.0,8459236.0,49.90654376939689
10.69,-11500000.0,8453231.0,49.9064807228283
10.7,-11500000.0,8447221.0,49.906418413142525
10.71,-11500000.0,8441207.0,49.906356804981286
10.72,-11500000.0,8435189.0,49.90629586241092
10.73,-11500000.0,8429167.0,49.90623554908284
10.74,-11500000.0,8423141.0,49.90617582839676
10.75,-11500000.0,8417111.0,49.90611666366468
10.76,-11500000.0,8411077.0,49.90605801827404
10.77,-11500000.0,8405040.0,49.9059998558864
10.78,-11500000.0,8398999.0,49.90594214058249
10.79,-11500000.0,8392955.0,49.90588483701173
10.8,-11500000.0,8386908.0,49.905827910548275
10.81,-11500000.0,8380857.0,49.90577132742354
10.82,-11500000.0,8374803.0,49.905715054848386
10.83,-11500000.0,8368746.0,49.90565906111266
10.84,-11500000.0,8362686.0,49.90560331573509
10.85,-11500000.0,8356622.0,49.90554778955276
10.86,-11500000.0,8350556.0,49.90549245480939
10.87,-11500000.0,8344488.0,49.905437285264156
10.88,-11500000.0,8338416.0,49.90538225622858
10.89,-11500000.0,8332342.0,49.90532734461976
10.9,-11500000.0,8326266.0,49.905272529017914
10.91,-11500000.0,8320187.0,49.905217789711095
10.92,-11500000.0,8314106.0,49.905163108704734
10.93,-11500000.0,8308022.0,49.90510846970684
10.94,-11500000.0,8301938.0,49.90505385816299
10.95,-11500000.0,8295850.0,49.9049992612305
10.96,-11500000.0,8289761.0,49.90494466775224
10.97,-11500000.0,8283670.0,49.90489006823327
10.98,-11500000.0,8277578.0,49.904835454792
10.99,-11500000.0,8271484.0,49.904780821119424
11.0,-11500000.0,8265388.0,49.90472616241032
11.01,-11500000.0,8259291.0,49.90467147528882
11.02,-11500000.0,8253193.0,49.90461675774773
11.03,-11500000.0,8247094.0,49.90456200905749
11.04,-11500000.0,8240994.0,49.9045072296948
11.05,-11500000.0,8234892.0,49.90445242125768
11.06,-11500000.0,8228790.0,49.90439758634231
11.07,-11500000.0,8222688.0,49.904342728459554
11.08,-11500000.0,8216584.0,49.90428785192485
11.09,-11500000.0,8210481.0,49.90423296177134
11.1,-11500000.0,8204377.0,49.90417806365349
11.11,-11500000.0,8198273.0,49.90412316373534
11.12,-11500000.0,8192168.0,49.90406826857791
11.13,-11500000.0,8186064.0,49.90401338505308
11.14,-11500000.0,8179960.0,49.90395852025104
11.15,-11500000.0,8173856.0,49.903903681356084
11.16,-11500000.0,8167753.0,49.903848875568855
11.17,-11500000.0,8161650.0,49.90379411002762
11.18,-11500000.0,8155548.0,49.90373939173361
11.19,-11500000.0,8149446.0,49.903684727439305
11.2,-11500000.0,8143346.0,49.90363012359331
11.21,-11500000.0,8137246.0,49.903575586297336
11.22,-11500000.0,8131148.0,49.903521121213394
11.23,-11500000.0,8125050.0,49.903466733501794
11.24,-11500000.0,8118954.0,49.90341242778683
11.25,-11500000.0,8112860.0,49.90335820812421
11.26,-11500000.0,8106767.0,49.90330407797508
11.27,-11500000.0,8100676.0,49.90325004016404
11.28,-11500000.0,8094586.0,49.90319609683135
11.29,-11500000.0,8088500.0,49.90314224945414
11.3,-11500000.0,8082414.0,49.903088498843104
11.31,-11500000.0,8076332.0,49.90303484513085
11.32,-11500000.0,8070252.0,49.902981287784534
11.33,-11500000.0,8064174.0,49.902927825605005
11.34,-11500000.0,8058100.0,49.90287445673427
11.35,-11500000.0,8052028.0,49.90282117868941
11.36,-11500000.0,8045958.0,49.90276798839695
11.37,-11500000.0,8039892.0,49.90271488221243
11.38,-11500000.0,8033830.0,49.90266185596595
11.39,-11500000.0,8027770.0,49.902608904988085
11.4,-11500000.0,8021715.0,49.90255602416473
11.41,-11500000.0,8015663.0,49.902503207986676
11.42,-11500000.0,8009614.0,49.90245045056714
11.43,-11500000.0,8003570.0,49.90239774572416
11.44,-11500000.0,7997530.0,49.9023450870342
11.45,-11500000.0,7991494.0,49.9022924678526
11.46,-11500000.0,7985463.0,49.902239881378854
11.47,-11500000.0,7979436.0,49.90218732071724
11.48,-11500000.0,7973414.0,49.90213477893718
11.49,-11500000.0,7967396.0,49.90208224911008
11.5,-11500000.0,7961384.0,49.90202972437133
11.51,-11500000.0,7955377.0,49.901977197953705
11.52,-11500000.0,7949375.0,49.90192466322965
11.53,-11500000.0,7943378.0,49.901872113784336
11.54,-11500000.0,7937388.0,49.90181954346431
11.55,-11500000.0,7931402.0,49.90176694638156
11.56,-11500000.0,7925424.0,49.9017143169671
11.57,-11500000.0,7919450.0,49.90166165000886
11.58,-11500000.0,7913483.0,49.90160894067475
11.59,-11500000.0,7907522.0,49.90155618456604
11.6,-11500000.0,7901568.0,49.90150337770625
11.61,-11500000.0,7895620.0,49.9014505165751
11.62,-11500000.0,7889680.0,49.9013975981495
11.63,-11500000.0,7883746.0,49.901344619880305
11.64,-11500000.0,7877820.0,49.90129157971416
11.65,-11500000.0,7871900.0,49.901238476103124
11.66,-11500000.0,7865988.0,49.90118530799527
11.67,-11500000.0,7860084.0,49.90113207484006
11.68,-11500000.0,7854187.0,49.90107877659015
11.69,-11500000.0,7848298.0,49.901025413676635
11.7,-11500000.0,7842418.0,49.90097198700779
11.71,-11500000.0,7836545.0,49.90091849795671
11.72,-11500000.0,7830680.0,49.90086494831172
11.73,-11500000.0,7824825.0,49.90081134028808
11.74,-11500000.0,7818978.0,49.90075767650665
11.75,-11500000.0,7813140.0,49.90070395995604
11.76,-11500000.0,7807311.0,49.90065019397148
11.77,-11500000.0,7801491.0,49.900596382192994
11.78,-11500000.0,7795680.0,49.900542528544776
11.79,-11500000.0,7789880.0,49.900488637209484
11.8,-11500000.0,7784088.0,49.90043471258271
11.81,-11500000.0,7778306.0,49.90038075924961
11.82,-11500000.0,7772535.0,49.900326781957425
11.83,-11500000.0,7766774.0,49.90027278556891
11.84,-11500000.0,7761022.0,49.900218775038724
11.85,-11500000.0,7755282.0,49.900164755366994
11.86,-11500000.0,7749552.0,49.90011073157974
11.87,-11500000.0,7743832.0,49.9000567087024
11.88,-11500000.0,7738124.0,49.90000269173866
11.89,-11500000.0,7732426.0,49.899948685623905
11.9,-11500000.0,7726740.0,49.89989469519126
11.91,-11500000.0,7721066.0,49.89984072517291
11.92,-11500000.0,7715404.0,49.89978678018109
11.93,-11500000.0,7709752.0,49.899732864648826
11.94,-11500000.0,7704113.0,49.89967898282568
11.95,-11500000.0,7698486.0,49.89962513878269
11.96,-11500000.0,7692871.0,49.89957133636242
11.97,-11500000.0,7687268.0,49.89951757917647
11.98,-11500000.0,7681678.0,49.89946387060078
11.99,-11500000.0,7676102.0,49.899410213773415
12.0,-11500000.0,7670537.0,49.89935661157153
12.01,-11500000.0,7664986.0,49.89930306661742
12.02,-11500000.0,7659448.0,49.899249581278774
12.03,-11500000.0,7653924.0,49.8991961576562
12.04,-11500000.0,7648412.0,49.89914279759154
12.05,-11500000.0,7642916.0,49.89908950267838
12.06,-11500000.0,7637432.0,49.89903627425145
12.07,-11500000.0,7631962.0,49.898983113385015
12.08,-11500000.0,7626508.0,49.89893002093079
12.09,-11500000.0,7621067.0,49.8988769975312
12.1,-11500000.0,7615640.0,49.8988240435957
12.11,-11500000.0,7610229.0,49.898771159328
12.12,-11500000.0,7604832.0,49.898718344765406
12.13,-11500000.0,7599451.0,49.8986655997777
12.14,-11500000.0,7594084.0,49.89861292407079
12.15,-11500000.0,7588734.0,49.89856031721359
12.16,-11500000.0,7583398.0,49.89850777866131
12.17,-11500000.0,7578078.0,49.898455307779905
12.18,-11500000.0,7572774.0,49.89840290384745
12.19,-11500000.0,7567486.0,49.89835056606323
12.2,-11500000.0,7562214.0,49.89829829357477
12.21,-11500000.0,7556960.0,49.89824608552454
12.22,-11500000.0,7551720.0,49.89819394104635
12.23,-11500000.0,7546498.0,49.898141859253734
12.24,-11500000.0,7541292.0,49.898089839288126
12.25,-11500000.0,7536104.0,49.89803788033936
12.26,-11500000.0,7530932.0,49.89798598164646
12.27,-11500000.0,7525778.0,49.89793414252047
12.28,-11500000.0,7520642.0,49.89788236236266
12.29,-11500000.0,7515523.0,49.89783064066252
12.3,-11500000.0,7510422.0,49.8977789769978
12.31,-11500000.0,7505338.0,49.8977273710757
12.32,-11500000.0,7500273.0,49.897675822722576
12.33,-11500000.0,7495226.0,49.89762433188378
12.34,-11500000.0,7490198.0,49.89757289865685
12.35,-11500000.0,7485188.0,49.89752152328113
12.36,-11500000.0,7480196.0,49.89747020612978
12.37,-11500000.0,7475223.0,49.89741894770333
12.38,-11500000.0,7470270.0,49.897367748663854
12.39,-11500000.0,7465335.0,49.89731660983721
12.4,-11500000.0,7460420.0,49.897265532179404
12.41,-11500000.0,7455524.0,49.89721451680728
12.42,-11500000.0,7450648.0,49.89716356497738
12.43,-11500000.0,7445790.0,49.897112678055315
12.44,-11500000.0,7440954.0,49.897061857564566
12.45,-11500000.0,7436137.0,49.89701110516071
12.46,-11500000.0,7431340.0,49.89696042259682
12.47,-11500000.0,7426563.0,49.89690981172904
12.48,-11500000.0,7421807.0,49.896859274540226
12.49,-11500000.0,7417071.0,49.8968088131126
12.5,-11500000.0,7412356.0,49.89675842959149
12.51,-11500000.0,7407661.0,49.89670812620931
12.52,-11500000.0,7402987.0,49.896657905261726
12.53,-11500000.0,7398334.0,49.89660776909057
12.54,-11500000.0,7393702.0,49.89655772010445
12.55,-11500000.0,7389092.0,49.89650776073252
12.56,-11500000.0,7384502.0,49.896457893411956
12.57,-11500000.0,7379934.0,49.89640812060867
12.58,-11500000.0,7375388.0,49.89635844479499
12.59,-11500000.0,7370862.0,49.89630886843047
12.6,-11500000.0,7366359.0,49.896259393945215
12.61,-11500000.0,7361878.0,49.89621002374525
12.62,-11500000.0,7357418.0,49.89616076019343
12.63,-11500000.0,7352980.0,49.89611160561681
12.64,-11500000.0,7348564.0,49.89606256230583
12.65,-11500000.0,7344171.0,49.896013632478045
12.66,-11500000.0,7339800.0,49.89596481826741
12.67,-11500000.0,7335450.0,49.89591612173525
12.68,-11500000.0,7331124.0,49.895867544876566
12.69,-11500000.0,7326820.0,49.895819089606306
12.7,-11500000.0,7322538.0,49.895770757748615
12.71,-11500000.0,7318280.0,49.895722551048635
12.72,-11500000.0,7314044.0,49.89567447115985
12.73,-11500000.0,7309830.0,49.89562651961827
12.74,-11500000.0,7305640.0,49.89557869786124
12.75,-11500000.0,7301473.0,49.89553100726077
12.76,-11500000.0,7297328.0,49.89548344909
12.77,-11500000.0,7293207.0,49.89543602450361
12.78,-11500000.0,7289109.0,49.89538873457833
12.79,-11500000.0,7285034.0,49.89534158030528
12.8,-11500000.0,7280982.0,49.89529456258882
12.81,-11500000.0,7276954.0,49.89524768224335
12.82,-11500000.0,7272949.0,49.895200939995796
12.83,-11500000.0,7268968.0,49.89515433650532
12.84,-11500000.0,7265010.0,49.895107872361834
12.85,-11500000.0,7261075.0,49.89506154808623
12.86,-11500000.0,7257164.0,49.89501536415234
12.87,-11500000.0,7253277.0,49.89496932096316
12.88,-11500000.0,7249414.0,49.89492341887992
12.89,-11500000.0,7245574.0,49.89487765821662
12.9,-11500000.0,7241758.0,49.894832039228376
12.91,-11500000.0,7237966.0,49.89478656215498
12.92,-11500000.0,7234198.0,49.894741227199304
12.93,-11500000.0,7230454.0,49.89469603455434
12.94,-11500000.0,7226733.0,49.89465098439957
12.95,-11500000.0,7223036.0,49.89460607688691
12.96,-11500000.0,7219364.0,49.89456131216567
12.97,-11500000.0,7215716.0,49.894516690384876
12.98,-11500000.0,7212092.0,49.894472211716135
12.99,-11500000.0,7208491.0,49.89442787633043
13.0,-11500000.0,7204915.0,49.89438368440655
13.01,-11500000.0,7201363.0,49.894339636151344
13.02,-11500000.0,7197835.0,49.894295731781284
13.03,-11500000.0,7194332.0,49.89425197154731
13.04,-11500000.0,7190852.0,49.89420835573261
13.05,-11500000.0,7187397.0,49.89416488465495
13.06,-11500000.0,7183966.0,49.894121558665205
13.07,-11500000.0,7180559.0,49.89407837812988
13.08,-11500000.0,7177176.0,49.89403534345619
13.09,-11500000.0,7173818.0,49.89399245510977
13.1,-11500000.0,7170484.0,49.89394971358968
13.11,-11500000.0,7167174.0,49.893907119410905
13.12,-11500000.0,7163889.0,49.89386467312896
13.13,-11500000.0,7160628.0,49.89382237535692
13.14,-11500000.0,7157391.0,49.8937802267396
13.15,-11500000.0,7154178.0,49.89373822795524
13.16,-11500000.0,7150990.0,49.89369637973275
13.17,-11500000.0,7147826.0,49.893654682826025
13.18,-11500000.0,7144686.0,49.89361313799516
13.19,-11500000.0,7141571.0,49.893571746030055
13.2,-11500000.0,7138480.0,49.89353050776599
13.21,-11500000.0,7135413.0,49.89348942405663
13.22,-11500000.0,7132370.0,49.893448495754136
13.23,-11500000.0,7129352.0,49.89340772373178
13.24,-11500000.0,7126358.0,49.893367108898886
13.25,-11500000.0,7123387.0,49.89332665215282
13.26,-11500000.0,7120441.0,49.89328635438534
13.27,-11500000.0,7117520.0,49.893246216519984
13.28,-11500000.0,7114622.0,49.89320623946303
13.29,-11500000.0,7111748.0,49.893166424109104
13.3,-11500000.0,7108898.0,49.89312677135787
13.31,-11500000.0,7106073.0,49.893087282091365
13.32,-11500000.0,7103272.0,49.89304795717433
13.33,-11500000.0,7100494.0,49.893008797474344
13.34,-11500000.0,7097741.0,49.89296980383447
13.35,-11500000.0,7095012.0,49.892930977057325
13.36,-11500000.0,7092306.0,49.89289231790707
13.37,-11500000.0,7089624.0,49.89285382713463
13.38,-11500000.0,7086966.0,49.89281550547127
13.39,-11500000.0,7084332.0,49.89277735361038
13.4,-11500000.0,7081722.0,49.89273937220818
13.41,-11500000.0,7079135.0,49.89270156188774
13.42,-11500000.0,7076572.0,49.89266392323833
13.43,-11500000.0,7074032.0,49.892626456798496
13.44,-11500000.0,7071517.0,49.89258916308164
13.45,-11500000.0,7069025.0,49.8925520425739
13.46,-11500000.0,7066556.0,49.892515095695636
13.47,-11500000.0,7064111.0,49.89247832283297
13.48,-11500000.0,7061689.0,49.892441724336464
13.49,-11500000.0,7059290.0,49.89240530050748
13.5,-11500000.0,7056916.0,49.892369051623234
13.51,-11500000.0,7054564.0,49.89233297791766
13.52,-11500000.0,7052235.0,49.89229707958927
13.53,-11500000.0,7049929.0,49.892261356783656
13.54,-11500000.0,7047646.0,49.89222580960633
13.55,-11500000.0,7045387.0,49.892190438146095
13.56,-11500000.0,7043150.0,49.892155242458614
13.57,-11500000.0,7040937.0,49.892120222572736
13.58,-11500000.0,7038746.0,49.892085378495814
13.59,-11500000.0,7036578.0,49.89205071017794
13.6,-11500000.0,7034433.0,49.89201621754934
13.61,-11500000.0,7032310.0,49.891981900540664
13.62,-11500000.0,7030210.0,49.891947759027296
13.63,-11500000.0,7028132.0,49.89191379286613
13.64,-11500000.0,7026078.0,49.89188000191923
13.65,-11500000.0,7024044.0,49.891846386017036
13.66,-11500000.0,7022034.0,49.89181294497118
13.67,-11500000.0,7020046.0,49.89177967860151
13.68,-11500000.0,7018080.0,49.891746586718625
13.69,-11500000.0,7016136.0,49.89171366911259
13.7,-11500000.0,7014214.0,49.89168092556315
13.71,-11500000.0,7012314.0,49.89164835584802
13.72,-11500000.0,7010436.0,49.8916159597292
13.73,-11500000.0,7008579.0,49.891583736965075
13.74,-11500000.0,7006744.0,49.89155168733664
13.75,-11500000.0,7004932.0,49.89151981062925
13.76,-11500000.0,7003140.0,49.89148810660008
13.77,-11500000.0,7001370.0,49.891456575014395
13.78,-11500000.0,6999620.0,49.89142521564776
13.79,-11500000.0,6997893.0,49.89139402827492
13.8,-11500000.0,6996187.0,49.891363012696615
13.81,-11500000.0,6994502.0,49.891332168700956
13.82,-11500000.0,6992838.0,49.8913014960782
13.83,-11500000.0,6991194.0,49.89127099462466
13.84,-11500000.0,6989572.0,49.89124066413287
13.85,-11500000.0,6987970.0,49.89121050441908
13.86,-11500000.0,6986389.0,49.89118051530557
13.87,-11500000.0,6984828.0,49.89115069660887
13.88,-11500000.0,6983288.0,49.8911210481489
13.89,-11500000.0,6981769.0,49.89109156975605
13.9,-11500000.0,6980270.0,49.89106226127643
13.91,-11500000.0,6978790.0,49.89103312253512
13.92,-11500000.0,6977332.0,49.89100415335198
13.93,-11500000.0,6975893.0,49.89097535358711
13.94,-11500000.0,6974474.0,49.89094672307752
13.95,-11500000.0,6973074.0,49.890918261654846
13.96,-11500000.0,6971695.0,49.890889969168015
13.97,-11500000.0,6970335.0,49.89086184544859
13.98,-11500000.0,6968994.0,49.89083389032102
13.99,-11500000.0,6967674.0,49.89080610361027
14.0,-11500000.0,6966372.0,49.890778485147536
14.01,-11500000.0,6965090.0,49.89075103475414
14.02,-11500000.0,6963826.0,49.89072375223071
14.03,-11500000.0,6962582.0,49.89069663738753
14.04,-11500000.0,6961356.0,49.890669690025256
14.05,-11500000.0,6960150.0,49.89064290992543
14.06,-11500000.0,6958962.0,49.89061629685774
14.07,-11500000.0,6957792.0,49.89058985056897
14.08,-11500000.0,6956642.0,49.890563570813185
14.09,-11500000.0,6955510.0,49.89053745733239
14.1,-11500000.0,6954396.0,49.89051150984711
14.11,-11500000.0,6953300.0,49.89048572806376
14.12,-11500000.0,6952222.0,49.89046011166378
14.13,-11500000.0,6951162.0,49.89043466031356
14.14,-11500000.0,6950120.0,49.89040937367238
14.15,-11500000.0,6949095.0,49.890384251377945
14.16,-11500000.0,6948088.0,49.89035929305767
14.17,-11500000.0,6947100.0,49.89033449833363
14.18,-11500000.0,6946128.0,49.89030986680978
14.19,-11500000.0,6945174.0,49.890285398060236
14.2,-11500000.0,6944236.0,49.89026109164267
14.21,-11500000.0,6943316.0,49.890236947104896
14.22,-11500000.0,6942414.0,49.89021296397346
14.23,-11500000.0,6941527.0,49.89018914174317
14.24,-11500000.0,6940658.0,49.890165479911694
14.25,-11500000.0,6939805.0,49.89014197796015
14.26,-11500000.0,6938969.0,49.89011863534752
14.27,-11500000.0,6938150.0,49.890095451538095
14.28,-11500000.0,6937346.0,49.8900724259874
14.29,-11500000.0,6936560.0,49.890049558129846
14.3,-11500000.0,6935788.0,49.89002684737091
14.31,-11500000.0,6935034.0,49.890004293100084
14.32,-11500000.0,6934294.0,49.88998189470094
14.33,-11500000.0,6933572.0,49.88995965155906
14.34,-11500000.0,6932864.0,49.88993756304814
14.35,-11500000.0,6932172.0,49.88991562854143
14.36,-11500000.0,6931496.0,49.88989384739675
14.37,-11500000.0,6930835.0,49.88987221895058
14.38,-11500000.0,6930190.0,49.889850742548894
14.39,-11500000.0,6929559.0,49.889829417532226
14.4,-11500000.0,6928944.0,49.88980824322609
14.41,-11500000.0,6928343.0,49.8897872189522
14.42,-11500000.0,6927757.0,49.889766344016984
14.43,-11500000.0,6927186.0,49.889745617725
14.44,-11500000.0,6926630.0,49.889725039406265
14.45,-11500000.0,6926088.0,49.889704608377954
14.46,-11500000.0,6925560.0,49.88968432393893
14.47,-11500000.0,6925048.0,49.88966418540111
14.48,-11500000.0,6924548.0,49.889644192074485
14.49,-11500000.0,6924064.0,49.889624343278086
14.5,-11500000.0,6923593.0,49.88960463832422
14.51,-11500000.0,6923136.0,49.889585076511864
14.52,-11500000.0,6922693.0,49.889565657156986
14.53,-11500000.0,6922264.0,49.88954637957683
14.54,-11500000.0,6921848.0,49.88952724310011
14.55,-11500000.0,6921446.0,49.8895082470507
14.56,-11500000.0,6921056.0,49.88948939074051
14.57,-11500000.0,6920680.0,49.88947067347884
14.58,-11500000.0,6920318.0,49.889452094583255
14.59,-11500000.0,6919968.0,49.88943365338427
14.6,-11500000.0,6919632.0,49.88941534921216
14.61,-11500000.0,6919308.0,49.88939718140523
14.62,-11500000.0,6918998.0,49.889379149316206
14.63,-11500000.0,6918700.0,49.889361252276025
14.64,-11500000.0,6918414.0,49.88934348961051
14.65,-11500000.0,6918141.0,49.889325860666034
14.66,-11500000.0,6917880.0,49.889308364794026
14.67,-11500000.0,6917632.0,49.889291001337035
14.68,-11500000.0,6917396.0,49.88927376964013
14.69,-11500000.0,6917172.0,49.889256669055875
14.7,-11500000.0,6916960.0,49.88923969895184
14.71,-11500000.0,6916760.0,49.88922285869196
14.72,-11500000.0,6916572.0,49.889206147627775
14.73,-11500000.0,6916396.0,49.889189565106264
14.74,-11500000.0,6916232.0,49.889173110479554
14.75,-11500000.0,6916078.0,49.88915678310868
14.76,-11500000.0,6915937.0,49.889140582349604
14.77,-11500000.0,6915806.0,49.88912450754041
14.78,-11500000.0,6915688.0,49.88910855803425
14.79,-11500000.0,6915580.0,49.889092733198545
14.8,-11500000.0,6915484.0,49.88907703238085
14.81,-11500000.0,6915398.0,49.889061454919634
14.82,-11500000.0,6915324.0,49.889046000173
14.83,-11500000.0,6915261.0,49.889030667497956
14.84,-11500000.0,6915208.0,49.889015456219575
14.85,-11500000.0,6915166.0,49.88900036568518
14.86,-11500000.0,6915135.0,49.88898539524108
14.87,-11500000.0,6915114.0,49.888970544223945
14.88,-11500000.0,6915104.0,49.88895581196513
14.89,-11500000.0,6915104.0,49.88894119780166
14.9,-11500000.0,6915114.0,49.888926701056526
14.91,-11500000.0,6915136.0,49.88891232105351
14.92,-11500000.0,6915166.0,49.88889805711737
14.93,-11500000.0,6915207.0,49.888883908564644
14.94,-11500000.0,6915258.0,49.888869874728286
14.95,-11500000.0,6915318.0,49.88885595492091
14.96,-11500000.0,6915389.0,49.88884214844728
14.97,-11500000.0,6915469.0,49.88882845461034
14.98,-11500000.0,6915559.0,49.888814872719585
14.99,-11500000.0,6915658.0,49.88880140209391
15.0,-11500000.0,6915767.0,49.88878804202663
15.01,-11500000.0,6915886.0,49.88877479181994
15.02,-11500000.0,6916013.0,49.888761650785376
15.03,-11500000.0,6916150.0,49.88874861821092
15.04,-11500000.0,6916295.0,49.88873569337272
15.05,-11500000.0,6916450.0,49.88872287556483
15.06,-11500000.0,6916614.0,49.88871016407921
15.07,-11500000.0,6916786.0,49.888697558196135
15.08,-11500000.0,6916968.0,49.8886850572122
15.09,-11500000.0,6917158.0,49.888672660422785
15.1,-11500000.0,6917356.0,49.88866036711047
15.11,-11500000.0,6917563.0,49.888648176554774
15.12,-11500000.0,6917778.0,49.88863608803967
15.13,-11500000.0,6918002.0,49.88862410085953
15.14,-11500000.0,6918234.0,49.88861221430313
15.15,-11500000.0,6918475.0,49.88860042766389
15.16,-11500000.0,6918724.0,49.88858874024387
15.17,-11500000.0,6918980.0,49.88857715134023
15.18,-11500000.0,6919244.0,49.88856566025343
15.19,-11500000.0,6919516.0,49.888554266273
15.2,-11500000.0,6919796.0,49.888542968688945
15.21,-11500000.0,6920084.0,49.888531766817415
15.22,-11500000.0,6920380.0,49.88852065996087
15.23,-11500000.0,6920682.0,49.888509647422
15.24,-11500000.0,6920993.0,49.888498728527644
15.25,-11500000.0,6921310.0,49.88848790259117
15.26,-11500000.0,6921636.0,49.88847716892459
15.27,-11500000.0,6921968.0,49.888466526844
15.28,-11500000.0,6922307.0,49.888455975677545
15.29,-11500000.0,6922654.0,49.88844551476785
15.3,-11500000.0,6923007.0,49.88843514345715
15.31,-11500000.0,6923367.0,49.88842486107373
15.32,-11500000.0,6923734.0,49.88841466696438
15.33,-11500000.0,6924108.0,49.88840456049323
15.34,-11500000.0,6924489.0,49.88839454100736
15.35,-11500000.0,6924876.0,49.88838460786783
15.36,-11500000.0,6925270.0,49.88837476043078
15.37,-11500000.0,6925670.0,49.88836499805886
15.38,-11500000.0,6926078.0,49.88835532014289
15.39,-11500000.0,6926490.0,49.88834572606285
15.4,-11500000.0,6926910.0,49.8883362151985
15.41,-11500000.0,6927336.0,49.88832678693376
15.42,-11500000.0,6927768.0,49.88831744066373
15.43,-11500000.0,6928205.0,49.88830817577586
15.44,-11500000.0,6928649.0,49.88829899166142
15.45,-11500000.0,6929099.0,49.88828988773715
15.46,-11500000.0,6929554.0,49.88828086340627
15.47,-11500000.0,6930016.0,49.88827191806908
15.48,-11500000.0,6930484.0,49.88826305114776
15.49,-11500000.0,6930956.0,49.888254262066525
15.5,-11500000.0,6931436.0,49.88824555025838
15.51,-11500000.0,6931920.0,49.88823691514618
15.52,-11500000.0,6932410.0,49.88822835615381
15.53,-11500000.0,6932905.0,49.88821987272784
15.54,-11500000.0,6933406.0,49.88821146429838
15.55,-11500000.0,6933912.0,49.88820313031008
15.56,-11500000.0,6934424.0,49.88819487022001
15.57,-11500000.0,6934940.0,49.88818668346248
15.58,-11500000.0,6935462.0,49.888178569479265
15.59,-11500000.0,6935989.0,49.88817052772089
15.6,-11500000.0,6936522.0,49.88816255765086
15.61,-11500000.0,6937058.0,49.888154658725156
15.62,-11500000.0,6937601.0,49.888146830401936
15.63,-11500000.0,6938148.0,49.88813907216221
15.64,-11500000.0,6938700.0,49.88813138346987
15.65,-11500000.0,6939258.0,49.888123763781685
15.66,-11500000.0,6939820.0,49.88811621257162
15.67,-11500000.0,6940386.0,49.888108729310574
15.68,-11500000.0,6940958.0,49.88810131347303
15.69,-11500000.0,6941534.0,49.888093964558756
15.7,-11500000.0,6942114.0,49.88808668205009
15.71,-11500000.0,6942700.0,49.8880794654235
15.72,-11500000.0,6943290.0,49.8880723141714
15.73,-11500000.0,6943884.0,49.88806522778365
15.74,-11500000.0,6944484.0,49.88805820575188
15.75,-11500000.0,6945087.0,49.8880512475727
15.76,-11500000.0,6945695.0,49.88804435275017
15.77,-11500000.0,6946308.0,49.88803752079769
15.78,-11500000.0,6946924.0,49.888030751239356
15.79,-11500000.0,6947546.0,49.88802404359054
15.8,-11500000.0,6948171.0,49.88801739736511
15.81,-11500000.0,6948800.0,49.88801081207724
15.82,-11500000.0,6949434.0,49.8880042872465
15.83,-11500000.0,6950073.0,49.88799782241851
15.84,-11500000.0,6950716.0,49.8879914171418
15.85,-11500000.0,6951362.0,49.887985070951764
15.86,-11500000.0,6952012.0,49.88797878337679
15.87,-11500000.0,6952668.0,49.88797255396334
15.88,-11500000.0,6953326.0,49.88796638227307
15.89,-11500000.0,6953990.0,49.88796026786378
15.9,-11500000.0,6954656.0,49.88795421029341
15.91,-11500000.0,6955328.0,49.88794820912275
15.92,-11500000.0,6956003.0,49.887942263938235
15.93,-11500000.0,6956682.0,49.88793637432665
15.94,-11500000.0,6957366.0,49.8879305398815
15.95,-11500000.0,6958052.0,49.8879247602005
15.96,-11500000.0,6958744.0,49.88791903487051
15.97,-11500000.0,6959438.0,49.887913363491165
15.98,-11500000.0,6960138.0,49.88790774567452
15.99,-11500000.0,6960840.0,49.887902181044616
16.0,-11500000.0,6961548.0,49.8878966692373
16.01,-11500000.0,6962258.0,49.887891209879356
16.02,-11500000.0,6962972.0,49.887885802594724
16.03,-11500000.0,6963691.0,49.88788044702589
16.04,-11500000.0,6964414.0,49.88787514283182
16.05,-11500000.0,6965140.0,49.887869889686215
16.06,-11500000.0,6965870.0,49.88786468725588
16.07,-11500000.0,6966604.0,49.88785953520592
16.08,-11500000.0,6967342.0,49.88785443320017
16.09,-11500000.0,6968084.0,49.887849380925445
16.1,-11500000.0,6968829.0,49.8878443780844
16.11,-11500000.0,6969578.0,49.887839424356414
16.12,-11500000.0,6970332.0,49.887834519445306
16.13,-11500000.0,6971088.0,49.88782966307156
16.14,-11500000.0,6971850.0,49.887824854953266
16.15,-11500000.0,6972614.0,49.88782009480622
16.16,-11500000.0,6973382.0,49.887815382347554
16.17,-11500000.0,6974155.0,49.88781071731518
16.18,-11500000.0,6974932.0,49.88780609946431
16.19,-11500000.0,6975712.0,49.88780152854411
16.2,-11500000.0,6976496.0,49.88779700430204
16.21,-11500000.0,6977284.0,49.8877925265037
16.22,-11500000.0,6978075.0,49.88778809490909
16.23,-11500000.0,6978871.0,49.88778370929706
16.24,-11500000.0,6979670.0,49.88777936945792
16.25,-11500000.0,6980474.0,49.88777507517491
16.26,-11500000.0,6981282.0,49.88777082624487
16.27,-11500000.0,6982092.0,49.88776662245523
16.28,-11500000.0,6982908.0,49.887762463608944
16.29,-11500000.0,6983727.0,49.887758349517505
16.3,-11500000.0,6984550.0,49.887754279982744
16.31,-11500000.0,6985377.0,49.88775025481783
16.32,-11500000.0,6986208.0,49.887746273865325
16.33,-11500000.0,6987044.0,49.88774233696834
16.34,-11500000.0,6987882.0,49.887738443953964
16.35,-11500000.0,6988726.0,49.887734594655356
16.36,-11500000.0,6989573.0,49.887730788930796
16.37,-11500000.0,6990424.0,49.8877270266356
16.38,-11500000.0,6991280.0,49.88772330762646
16.39,-11500000.0,6992138.0,49.88771963175724
16.4,-11500000.0,6993002.0,49.887715998903516
16.41,-11500000.0,6993870.0,49.887712408951785
16.42,-11500000.0,6994742.0,49.88770886176157
16.43,-11500000.0,6995618.0,49.88770535721006
16.44,-11500000.0,6996498.0,49.88770189518594
16.45,-11500000.0,6997382.0,49.887698475588216
16.46,-11500000.0,6998270.0,49.887695098321586
16.47,-11500000.0,6999164.0,49.88769176329656
16.48,-11500000.0,7000060.0,49.88768847042577
16.49,-11500000.0,7000962.0,49.88768521962476
16.5,-11500000.0,7001868.0,49.887682010808845
16.51,-11500000.0,7002778.0,49.88767884389442
16.52,-11500000.0,7003692.0,49.88767571881655
16.53,-11500000.0,7004610.0,49.88767263550369
16.54,-11500000.0,7005534.0,49.88766959390068
16.55,-11500000.0,7006462.0,49.88766659396061
16.56,-11500000.0,7007394.0,49.88766363562544
16.57,-11500000.0,7008330.0,49.887660718846256
16.58,-11500000.0,7009271.0,49.88765784358029
16.59,-11500000.0,7010216.0,49.88765500978875
16.6,-11500000.0,7011166.0,49.88765221743489
16.61,-11500000.0,7012121.0,49.8876494664827
16.62,-11500000.0,7013080.0,49.887646756916155
16.63,-11500000.0,7014044.0,49.88764408873181
16.64,-11500000.0,7015013.0,49.887641461916395
16.65,-11500000.0,7015986.0,49.887638876448065
16.66,-11500000.0,7016964.0,49.887636332317555
16.67,-11500000.0,7017946.0,49.887633829522336
16.68,-11500000.0,7018934.0,49.88763136806587
16.69,-11500000.0,7019926.0,49.887628947973624
16.7,-11500000.0,7020924.0,49.887626569266494
16.71,-11500000.0,7021925.0,49.8876242319421
16.72,-11500000.0,7022932.0,49.88762193601967
16.73,-11500000.0,7023944.0,49.88761968152999
16.74,-11500000.0,7024960.0,49.88761746851534
16.75,-11500000.0,7025982.0,49.88761529702182
16.76,-11500000.0,7027008.0,49.88761316708055
16.77,-11500000.0,7028040.0,49.88761107872819
16.78,-11500000.0,7029076.0,49.887609032004285
16.79,-11500000.0,7030118.0,49.88760702696958
16.8,-11500000.0,7031165.0,49.88760506367764
16.81,-11500000.0,7032217.0,49.887603142178754
16.82,-11500000.0,7033274.0,49.88760126253594
16.83,-11500000.0,7034336.0,49.88759942482237
16.84,-11500000.0,7035404.0,49.88759762911582
16.85,-11500000.0,7036477.0,49.887595875497944
16.86,-11500000.0,7037555.0,49.887594164050014
16.87,-11500000.0,7038638.0,49.88759249483298
16.88,-11500000.0,7039727.0,49.88759086793112
16.89,-11500000.0,7040821.0,49.887589283441535
16.9,-11500000.0,7041920.0,49.88758774145298
16.91,-11500000.0,7043025.0,49.88758624204429
16.92,-11500000.0,7044136.0,49.88758478530726
16.93,-11500000.0,7045251.0,49.88758337133824
16.94,-11500000.0,7046372.0,49.88758200023924
16.95,-11500000.0,7047500.0,49.887580672131605
16.96,-11500000.0,7048632.0,49.88757938711113
16.97,-11500000.0,7049770.0,49.88757814527432
16.98,-11500000.0,7050913.0,49.88757694673313
16.99,-11500000.0,7052062.0,49.887575791611525
17.0,-11500000.0,7053217.0,49.88757468001895
17.01,-11500000.0,7054378.0,49.88757361205553
17.02,-11500000.0,7055544.0,49.887572587849334
17.03,-11500000.0,7056716.0,49.887571607528
17.04,-11500000.0,7057894.0,49.88757067121893
17.05,-11500000.0,7059078.0,49.88756977904565
17.06,-11500000.0,7060267.0,49.887568931128776
17.07,-11500000.0,7061462.0,49.88756812758305
17.08,-11500000.0,7062664.0,49.887567368538996
17.09,-11500000.0,7063870.0,49.88756665413386
17.1,-11500000.0,7065084.0,49.88756598449176
17.11,-11500000.0,7066302.0,49.88756535974328
17.12,-11500000.0,7067528.0,49.887564780022245
17.13,-11500000.0,7068758.0,49.8875642454632
17.14,-11500000.0,7069996.0,49.88756375619945
17.15,-11500000.0,7071239.0,49.887563312381914
17.16,-11500000.0,7072488.0,49.88756291415114
17.17,-11500000.0,7073744.0,49.88756256164158
17.18,-11500000.0,7075005.0,49.88756225499784
17.19,-11500000.0,7076272.0,49.887561994352055
17.2,-11500000.0,7077546.0,49.88756177984528
17.21,-11500000.0,7078826.0,49.887561611621926
17.22,-11500000.0,7080113.0,49.88756148982903
17.23,-11500000.0,7081406.0,49.88756141461215
17.24,-11500000.0,7082704.0,49.88756138609548
17.25,-11500000.0,7084010.0,49.887561404425654
17.26,-11500000.0,7085321.0,49.88756146976125
17.27,-11500000.0,7086638.0,49.887561582231605
17.28,-11500000.0,7087963.0,49.88756174198237
17.29,-11500000.0,7089294.0,49.88756194916657
17.3,-11500000.0,7090630.0,49.8875622039248
17.31,-11500000.0,7091974.0,49.88756250638465
17.32,-11500000.0,7093324.0,49.88756285668436
17.33,-11500000.0,7094680.0,49.88756325496527
17.34,-11500000.0,7096042.0,49.887563701353244
17.35,-11500000.0,7097411.0,49.88756419597926
17.36,-11500000.0,7098786.0,49.88756473897711
17.37,-11500000.0,7100168.0,49.887565330481586
17.38,-11500000.0,7101557.0,49.887565970627115
17.39,-11500000.0,7102952.0,49.887566659546884
17.4,-11500000.0,7104354.0,49.88756739737213
17.41,-11500000.0,7105762.0,49.887568184231654
17.42,-11500000.0,7107176.0,49.887569020251526
17.43,-11500000.0,7108596.0,49.88756990553474
17.44,-11500000.0,7110024.0,49.88757084018777
17.45,-11500000.0,7111458.0,49.88757182431564
17.46,-11500000.0,7112898.0,49.887572858025386
17.47,-11500000.0,7114344.0,49.88757394142153
17.48,-11500000.0,7115798.0,49.88757507458983
17.49,-11500000.0,7117258.0,49.88757625764002
17.5,-11500000.0,7118723.0,49.88757749065782
17.51,-11500000.0,7120196.0,49.887578773716015
17.52,-11500000.0,7121674.0,49.887580106912345
17.53,-11500000.0,7123160.0,49.88758149032535
17.54,-11500000.0,7124651.0,49.887582924020926
17.55,-11500000.0,7126148.0,49.887584408053584
17.56,-11500000.0,7127653.0,49.88758594249171
17.57,-11500000.0,7129163.0,49.88758752739097
17.58,-11500000.0,7130680.0,49.8875891627832
17.59,-11500000.0,7132202.0,49.887590848719455
17.6,-11500000.0,7133732.0,49.88759258524622
17.61,-11500000.0,7135266.0,49.88759437238912
17.62,-11500000.0,7136808.0,49.887596210178984
17.63,-11500000.0,7138356.0,49.88759809865007
17.64,-11500000.0,7139909.0,49.88760003782213
17.65,-11500000.0,7141468.0,49.887602027684984
17.66,-11500000.0,7143034.0,49.88760406822884
17.67,-11500000.0,7144605.0,49.887606159462436
17.68,-11500000.0,7146182.0,49.88760830139217
17.69,-11500000.0,7147766.0,49.887610494004406
17.7,-11500000.0,7149354.0,49.887612737273706
17.71,-11500000.0,7150949.0,49.8876150311658
17.72,-11500000.0,7152550.0,49.887617375643565
17.73,-11500000.0,7154156.0,49.88761977066811
17.74,-11500000.0,7155768.0,49.88762221620343
17.75,-11500000.0,7157384.0,49.88762471219622
17.76,-11500000.0,7159008.0,49.88762725858603
17.77,-11500000.0,7160636.0,49.887629855305846
17.78,-11500000.0,7162269.0,49.887632502269916
17.79,-11500000.0,7163908.0,49.88763519939916
17.8,-11500000.0,7165552.0,49.88763794662266
17.81,-11500000.0,7167202.0,49.887640743858654
17.82,-11500000.0,7168856.0,49.88764359100181
17.83,-11500000.0,7170516.0,49.88764648795195
17.84,-11500000.0,7172182.0,49.88764943461428
17.85,-11500000.0,7173852.0,49.88765243088322
17.86,-11500000.0,7175526.0,49.887655476628076
17.87,-11500000.0,7177206.0,49.88765857170405
17.88,-11500000.0,7178890.0,49.88766171597739
17.89,-11500000.0,7180580.0,49.887664909326524
17.9,-11500000.0,7182273.0,49.88766815160268
17.91,-11500000.0,7183972.0,49.88767144264355
17.92,-11500000.0,7185674.0,49.887674782296735
17.93,-11500000.0,7187382.0,49.887674782296735
17.94,-11500000.0,7189094.0,49.88767823941574
17.95,-11500000.0,7190810.0,49.88768186095044
17.96,-11500000.0,7192530.0,49.88768562033683
17.97,-11500000.0,7194254.0,49.8876894966037
17.98,-11500000.0,7195982.0,49.88769347290044
17.99,-11500000.0,7197715.0,49.88769753553785
18.0,-11500000.0,7199452.0,49.887701673267166
18.01,-11500000.0,7201192.0,49.88770587674052
18.02,-11500000.0,7202936.0,49.88771013812514
18.03,-11500000.0,7204684.0,49.887714450827055
18.04,-11500000.0,7206434.0,49.88771880922343
18.05,-11500000.0,7208189.0,49.88772320848269
18.06,-11500000.0,7209948.0,49.88772764448278
18.07,-11500000.0,7211709.0,49.887732113688934
18.08,-11500000.0,7213474.0,49.88773661304502
18.09,-11500000.0,7215242.0,49.88774113994613
18.1,-11500000.0,7217012.0,49.88774569219442
18.11,-11500000.0,7218786.0,49.88775026794718
18.12,-11500000.0,7220563.0,49.887754865673095
18.13,-11500000.0,7222343.0,49.887759484158316
18.14,-11500000.0,7224125.0,49.88776412246318
18.15,-11500000.0,7225910.0,49.88776877989526
18.16,-11500000.0,7227698.0,49.887773456037046
18.17,-11500000.0,7229488.0,49.88777815068762
18.18,-11500000.0,7231280.0,49.88778286381822
18.19,-11500000.0,7233074.0,49.88778759559142
18.2,-11500000.0,7234872.0,49.88779234637101
18.21,-11500000.0,7236670.0,49.88779711668766
18.22,-11500000.0,7238471.0,49.887801907191076
18.23,-11500000.0,7240274.0,49.887806718669594
18.24,-11500000.0,7242078.0,49.88781155203635
18.25,-11500000.0,7243884.0,49.8878164082821
18.26,-11500000.0,7245692.0,49.88782128849201
18.27,-11500000.0,7247502.0,49.88782619381305
18.28,-11500000.0,7249312.0,49.88783112543082
18.29,-11500000.0,7251124.0,49.88783608458317
18.3,-11500000.0,7252938.0,49.887841072548994
18.31,-11500000.0,7254752.0,49.88784609059655
18.32,-11500000.0,7256567.0,49.887851139984065
18.33,-11500000.0,7258383.0,49.887856221950386
18.34,-11500000.0,7260200.0,49.88786133769213
18.35,-11500000.0,7262018.0,49.88786648835832
18.36,-11500000.0,7263836.0,49.887871675047826
18.37,-11500000.0,7265654.0,49.88787689878147
18.38,-11500000.0,7267474.0,49.887882160504525
18.39,-11500000.0,7269294.0,49.88788746107966
18.4,-11500000.0,7271113.0,49.88789280124752
18.41,-11500000.0,7272932.0,49.88789818163168
18.42,-11500000.0,7274752.0,49.887903602761845
18.43,-11500000.0,7276572.0,49.88790906504928
18.44,-11500000.0,7278392.0,49.88791456877306
18.45,-11500000.0,7280210.0,49.887920114084025
18.46,-11500000.0,7282030.0,49.8879257010117
18.47,-11500000.0,7283848.0,49.887931329446275
18.48,-11500000.0,7285666.0,49.887936999150966
18.49,-11500000.0,7287482.0,49.887942709745126
18.5,-11500000.0,7289298.0,49.887948460701246
18.51,-11500000.0,7291114.0,49.887954251395215
18.52,-11500000.0,7292928.0,49.8879600810699
18.53,-11500000.0,7294740.0,49.887965948832466
18.54,-11500000.0,7296552.0,49.88797185366875
18.55,-11500000.0,7298362.0,49.88797779445992
18.56,-11500000.0,7300172.0,49.88798376999385
18.57,-11500000.0,7301979.0,49.88798977895982
18.58,-11500000.0,7303785.0,49.88799581996485
18.59,-11500000.0,7305589.0,49.8880018915288
18.6,-11500000.0,7307392.0,49.88800799210467
18.61,-11500000.0,7309192.0,49.88801412007325
18.62,-11500000.0,7310990.0,49.88802027376678
18.63,-11500000.0,7312786.0,49.88802645148254
18.64,-11500000.0,7314580.0,49.888032651482845
18.65,-11500000.0,7316372.0,49.888038872011954
18.66,-11500000.0,7318161.0,49.88804511131499
18.67,-11500000.0,7319948.0,49.8880513676309
18.68,-11500000.0,7321732.0,49.888057639194415
18.69,-11500000.0,7323512.0,49.88806392425392
18.7,-11500000.0,7325291.0,49.888070221090445
18.71,-11500000.0,7327066.0,49.888076528030204
18.72,-11500000.0,7328839.0,49.88808284343909
18.73,-11500000.0,7330608.0,49.88808916573771
18.74,-11500000.0,7332374.0,49.88809549339373
18.75,-11500000.0,7334138.0,49.88810182493847
18.76,-11500000.0,7335896.0,49.88810815895656
18.77,-11500000.0,7337652.0,49.88811449410371
18.78,-11500000.0,7339405.0,49.88812082913318
18.79,-11500000.0,7341154.0,49.888127162861664
18.8,-11500000.0,7342898.0,49.88813349418286
18.81,-11500000.0,7344639.0,49.888139822053766
18.82,-11500000.0,7346376.0,49.88814614550913
18.83,-11500000.0,7348109.0,49.888152463684854
18.84,-11500000.0,7349838.0,49.88815877580069
18.85,-11500000.0,7351562.0,49.88816508114448
18.86,-11500000.0,7353282.0,49.888171379060815
18.87,-11500000.0,7354998.0,49.88817766897947
18.88,-11500000.0,7356710.0,49.88818395039472
18.89,-11500000.0,7358416.0,49.888190222853744
18.9,-11500000.0,7360118.0,49.88819648598119
18.91,-11500000.0,7361816.0,49.88820273947885
18.92,-11500000.0,7363508.0,49.88820898308437
18.93,-11500000.0,7365195.0,49.8882152165818
18.94,-11500000.0,7366878.0,49.8882214398212
18.95,-11500000.0,7368555.0,49.88822765269816
18.96,-11500000.0,7370227.0,49.88823385513495
18.97,-11500000.0,7371894.0,49.88824004708649
18.98,-11500000.0,7373556.0,49.8882462285401
18.99,-11500000.0,7375212.0,49.88825239949778
19.0,-11500000.0,7376862.0,49.888258559979434
19.01,-11500000.0,7378507.0,49.88826471002417
19.02,-11500000.0,7380146.0,49.888270849690144
19.03,-11500000.0,7381780.0,49.88827697903322
19.04,-11500000.0,7383408.0,49.88828309811135
19.05,-11500000.0,7385030.0,49.88828920698292
19.06,-11500000.0,7386646.0,49.88829530568829
19.07,-11500000.0,7388256.0,49.888301394252714
19.08,-11500000.0,7389860.0,49.88830747266766
19.09,-11500000.0,7391458.0,49.88831354091731
19.1,-11500000.0,7393049.0,49.88831959897294
19.11,-11500000.0,7394634.0,49.88832564675531
19.12,-11500000.0,7396213.0,49.8883316841613
19.13,-11500000.0,7397786.0,49.88833771106224
19.14,-11500000.0,7399352.0,49.888343727286
19.15,-11500000.0,7400911.0,49.88834973262109
19.16,-11500000.0,7402464.0,49.888355726819675
19.17,-11500000.0,7404010.0,49.88836170957996
19.18,-11500000.0,7405550.0,49.88836768055446
19.19,-11500000.0,7407082.0,49.888373639372844
19.2,-11500000.0,7408608.0,49.88837958560191
19.21,-11500000.0,7410127.0,49.88838551875856
19.22,-11500000.0,7411640.0,49.88839143835279
19.23,-11500000.0,7413144.0,49.88839734384538
19.24,-11500000.0,7414642.0,49.88840323463917
19.25,-11500000.0,7416134.0,49.88840911010756
19.26,-11500000.0,7417618.0,49.88841496959869
19.27,-11500000.0,7419094.0,49.88842081241966
19.28,-11500000.0,7420564.0,49.888426637846635
19.29,-11500000.0,7422026.0,49.888432445129624
19.3,-11500000.0,7423480.0,49.88843823350061
19.31,-11500000.0,7424928.0,49.88844400217666
19.32,-11500000.0,7426368.0,49.88844975036678
19.33,-11500000.0,7427801.0,49.88845547725405
19.34,-11500000.0,7429226.0,49.88846118200796
19.35,-11500000.0,7430644.0,49.888466863787066
19.36,-11500000.0,7432054.0,49.888472521749016
19.37,-11500000.0,7433457.0,49.888478155051324
19.38,-11500000.0,7434852.0,49.88848376286001
19.39,-11500000.0,7436240.0,49.888489344349246
19.4,-11500000.0,7437620.0,49.88849489868894
19.41,-11500000.0,7438992.0,49.88850042505002
19.42,-11500000.0,7440356.0,49.88850592261248
19.43,-11500000.0,7441714.0,49.8885113905883
19.44,-11500000.0,7443062.0,49.888516828201354
19.45,-11500000.0,7444404.0,49.88852223469413
19.46,-11500000.0,7445738.0,49.88852760932934
19.47,-11500000.0,7447064.0,49.88853295139512
19.48,-11500000.0,7448382.0,49.88853826020553
19.49,-11500000.0,7449692.0,49.88854353508489
19.5,-11500000.0,7450994.0,49.88854877539372
19.51,-11500000.0,7452288.0,49.8885539805271
19.52,-11500000.0,7453575.0,49.88855914989727
19.53,-11500000.0,7454854.0,49.888564282957994
19.54,-11500000.0,7456125.0,49.888569379201684
19.55,-11500000.0,7457388.0,49.88857443814065
19.56,-11500000.0,7458644.0,49.88857945933054
19.57,-11500000.0,7459891.0,49.888584442366316
19.58,-11500000.0,7461130.0,49.88858938686261
19.59,-11500000.0,7462362.0,49.88859429247623
19.6,-11500000.0,7463586.0,49.88859915888142
19.61,-11500000.0,7464802.0,49.888603985795555
19.62,-11500000.0,7466010.0,49.88860877296958
19.63,-11500000.0,7467211.0,49.88861352017111
19.64,-11500000.0,7468404.0,49.888618227201405
19.65,-11500000.0,7469588.0,49.888622893893654
19.66,-11500000.0,7470766.0,49.88862752010725
19.67,-11500000.0,7471935.0,49.88863210572659
19.68,-11500000.0,7473096.0,49.888636650655734
19.69,-11500000.0,7474250.0,49.888641154817456
19.7,-11500000.0,7475397.0,49.88864561816811
19.71,-11500000.0,7476536.0,49.88865004067061
19.72,-11500000.0,7477666.0,49.888654422294685
19.73,-11500000.0,7478790.0,49.88865876303291
19.74,-11500000.0,7479906.0,49.88866306287448
19.75,-11500000.0,7481014.0,49.88866732182623
19.76,-11500000.0,7482115.0,49.888671539922946
19.77,-11500000.0,7483208.0,49.88867571718074
19.78,-11500000.0,7484294.0,49.888679853620346
19.79,-11500000.0,7485372.0,49.88868394927927
19.8,-11500000.0,7486444.0,49.88868800418659
19.81,-11500000.0,7487508.0,49.88869201838121
19.82,-11500000.0,7488564.0,49.888695991903894
19.83,-11500000.0,7489613.0,49.888699924774926
19.84,-11500000.0,7490655.0,49.88870381701422
19.85,-11500000.0,7491690.0,49.888707668655094
19.86,-11500000.0,7492718.0,49.88871147973673
19.87,-11500000.0,7493738.0,49.88871525027828
19.88,-11500000.0,7494752.0,49.88871898030032
19.89,-11500000.0,7495759.0,49.888722669815934
19.9,-11500000.0,7496759.0,49.888726318831154
19.91,-11500000.0,7497752.0,49.88872992735768
19.92,-11500000.0,7498738.0,49.88873349538856
19.93,-11500000.0,7499718.0,49.88873702291712
19.94,-11500000.0,7500690.0,49.88874050993014
19.95,-11500000.0,7501656.0,49.88874395640602
19.96,-11500000.0,7502616.0,49.888747362329745
19.97,-11500000.0,7503568.0,49.88875072766669
19.98,-11500000.0,7504514.0,49.88875405238384
19.99,-11500000.0,7505454.0,49.888757336441216
20.0,-11500000.0,7506388.0,49.888760579792375
20.01,-11500000.0,7507314.0,49.8887636637232
20.02,-11500000.0,7508235.0,49.888765082051
20.03,-11500000.0,7509150.0,49.88876083435523
20.04,-11500000.0,7510058.0,49.88874459534009
20.05,-11500000.0,7510960.0,49.88870802003733
20.06,-11500000.0,7511856.0,49.888641060373836
20.07,-11500000.0,7512745.0,49.888532288131024
20.08,-11500000.0,7513629.0,49.88836921960976
20.09,-11500000.0,7514507.0,49.88813863786534
20.1,-11500000.0,7515379.0,49.88782690911766
20.11,-11500000.0,7516245.0,49.88742029061282
20.12,-11500000.0,7517106.0,49.886905227588855
20.13,-11500000.0,7517960.0,49.886268637287394
20.14,-11500000.0,7518810.0,49.88549817814686
20.15,-11500000.0,7519653.0,49.88458250252871
20.16,-11500000.0,7520491.0,49.8835114912876
20.17,-11500000.0,7521324.0,49.8822764684779
20.18,-11500000.0,7522152.0,49.88087039443739
20.19,-11500000.0,7522974.0,49.87928803378371
20.2,-11500000.0,7523791.0,49.877526054587264
20.21,-11500000.0,7524603.0,49.87558305557211
20.22,-11500000.0,7525410.0,49.87345954205235
20.23,-11500000.0,7526213.0,49.87115788955083
20.24,-11500000.0,7527011.0,49.8686823079205
20.25,-11500000.0,7527804.0,49.86603880150726
20.26,-11500000.0,7528594.0,49.86323511785831
20.27,-11500000.0,7529378.0,49.860280680885516
20.28,-11500000.0,7530159.0,49.85718650613089
20.29,-11500000.0,7530936.0,49.853965097140794
20.3,-11500000.0,7531708.0,49.85063032287765
20.31,-11500000.0,7532478.0,49.84719727665425
20.32,-11500000.0,7533243.0,49.843682117710884
20.33,-11500000.0,7534006.0,49.84010189690174
20.34,-11500000.0,7534764.0,49.836474368110636
20.35,-11500000.0,7535520.0,49.832817787340396
20.36,-11500000.0,7536274.0,49.8291507014944
20.37,-11500000.0,7537024.0,49.825491728889
20.38,-11500000.0,7537772.0,49.82185933353875
20.39,-11500000.0,7538518.0,49.81827159519411
20.4,-11500000.0,7539262.0,49.8147459769577
20.41,-11500000.0,7540003.0,49.81129909217999
20.42,-11500000.0,7540742.0,49.80794647209243
20.43,-11500000.0,7541481.0,49.80470233535905
20.44,-11500000.0,7542218.0,49.8015793603585
20.45,-11500000.0,7542953.0,49.798588460811345
20.46,-11500000.0,7543687.0,49.7957385649717
20.47,-11500000.0,7544420.0,49.79303638425463
20.48,-11500000.0,7545153.0,49.79048612533258
20.49,-11500000.0,7545885.0,49.788089191493185
20.5,-11500000.0,7546617.0,49.78584392233325
20.51,-11500000.0,7547348.0,49.78374547747356
20.52,-11500000.0,7548080.0,49.78178688833525
20.53,-11500000.0,7548810.0,49.77996031366797
20.54,-11500000.0,7549542.0,49.77825729219101
20.55,-11500000.0,7550274.0,49.77666883127225
20.56,-11500000.0,7551006.0,49.77518545943193
20.57,-11500000.0,7551740.0,49.77379728322507
20.58,-11500000.0,7552474.0,49.77249405502242
20.59,-11500000.0,7553208.0,49.77126524749323
20.6,-11500000.0,7553944.0,49.77010013237325
20.61,-11500000.0,7554681.0,49.76898786168022
20.62,-11500000.0,7555420.0,49.767917550056474
20.63,-11500000.0,7556160.0,49.766878357306005
20.64,-11500000.0,7556900.0,49.76585957032402
20.65,-11500000.0,7557644.0,49.76485068391804
20.66,-11500000.0,7558389.0,49.76384147988217
20.67,-11500000.0,7559136.0,49.76282210379703
20.68,-11500000.0,7559884.0,49.76178313918752
20.69,-11500000.0,7560636.0,49.76071567842026
20.7,-11500000.0,7561390.0,49.75961138974966
20.71,-11500000.0,7562145.0,49.758462580026816
20.72,-11500000.0,7562904.0,49.757262245481805
20.73,-11500000.0,7563664.0,49.75600407632077
20.74,-11500000.0,7564428.0,49.75468244368648
20.75,-11500000.0,7565194.0,49.75329240255077
20.76,-11500000.0,7565964.0,49.75182970910806
20.77,-11500000.0,7566736.0,49.75029084386791
20.78,-11500000.0,7567512.0,49.748673035203936
20.79,-11500000.0,7568292.0,49.746974279780325
20.8,-11500000.0,7569074.0,49.74519335760751
20.81,-11500000.0,7569860.0,49.74332984035982
20.82,-11500000.0,7570650.0,49.74138409218024
20.83,-11500000.0,7571443.0,49.739357262741656
20.84,-11500000.0,7572240.0,49.7372512725766
20.85,-11500000.0,7573042.0,49.7350687910193
20.86,-11500000.0,7573847.0,49.73281320718766
20.87,-11500000.0,7574657.0,49.73048859267685
20.88,-11500000.0,7575472.0,49.728099630719655
20.89,-11500000.0,7576290.0,49.72565152278043
20.9,-11500000.0,7577114.0,49.723149899972555
20.91,-11500000.0,7577942.0,49.72060074743601
20.92,-11500000.0,7578776.0,49.718010338595334
20.93,-11500000.0,7579615.0,49.71538517727566
20.94,-11500000.0,7580459.0,49.71273194609255
20.95,-11500000.0,7581308.0,49.7100574599406
20.96,-11500000.0,7582164.0,49.70736862367446
20.97,-11500000.0,7583025.0,49.70467239316201
20.98,-11500000.0,7583892.0,49.70197573920584
20.99,-11500000.0,7584766.0,49.699285613849426
21.0,-11500000.0,7585646.0,49.69660891869266
21.01,-11500000.0,7586532.0,49.693952475057415
21.02,-11500000.0,7587425.0,49.69132299571923
21.03,-11500000.0,7588324.0,49.68872705806975
21.04,-11500000.0,7589232.0,49.686171078731704
21.05,-11500000.0,7590146.0,49.68366128951012
21.06,-11500000.0,7591068.0,49.681203714639146
21.07,-11500000.0,7591998.0,49.67880414938396
21.08,-11500000.0,7592934.0,49.67646814002802
21.09,-11500000.0,7593880.0,49.674200965326534
21.1,-11500000.0,7594834.0,49.67200761940022
21.11,-11500000.0,7595796.0,49.6698927961518
21.12,-11500000.0,7596766.0,49.667860858946376
21.13,-11500000.0,7597746.0,49.66591578041808
21.14,-11500000.0,7598735.0,49.66406108205393
21.15,-11500000.0,7599733.0,49.66229979833604
21.16,-11500000.0,7600740.0,49.6606344597825
21.17,-11500000.0,7601758.0,49.65906708871783
21.18,-11500000.0,7602784.0,49.65759920380832
21.19,-11500000.0,7603821.0,49.65623183080511
21.2,-11500000.0,7604868.0,49.65496551769524
21.21,-11500000.0,7605926.0,49.65380035302789
21.22,-11500000.0,7606994.0,49.65273598668766
21.23,-11500000.0,7608074.0,49.65177165255021
21.24,-11500000.0,7609164.0,49.65090619243571
21.25,-11500000.0,7610264.0,49.650138081053626
21.26,-11500000.0,7611377.0,49.64946545169388
21.27,-11500000.0,7612501.0,49.64888612076231
21.28,-11500000.0,7613636.0,49.648397587052564
21.29,-11500000.0,7614784.0,49.647997011546344
21.3,-11500000.0,7615944.0,49.64768120252956
21.31,-11500000.0,7617116.0,49.64744661476428
21.32,-11500000.0,7618300.0,49.64728935972049
21.33,-11500000.0,7619496.0,49.64720522466159
21.34,-11500000.0,7620705.0,49.64718969874481
21.35,-11500000.0,7621927.0,49.64723800476933
21.36,-11500000.0,7623162.0,49.6473451353255
21.37,-11500000.0,7624409.0,49.64750589233712
21.38,-11500000.0,7625670.0,49.64771492908756
21.39,-11500000.0,7626944.0,49.64796679387574
21.4,-11500000.0,7628231.0,49.648255974532894
21.41,-11500000.0,7629532.0,49.64857694305897
21.42,-11500000.0,7630846.0,49.648924199816676
21.43,-11500000.0,7632174.0,49.649292316634615
21.44,-11500000.0,7633516.0,49.649675978254855
21.45,-11500000.0,7634871.0,49.65007002172954
21.46,-11500000.0,7636240.0,49.65046947328248
21.47,-11500000.0,7637624.0,49.65086958233172
21.48,-11500000.0,7639021.0,49.65126585234938
21.49,-11500000.0,7640432.0,49.651654068300644
21.5,-11500000.0,7641858.0,49.65203032057353
21.51,-11500000.0,7643298.0,49.652391025219075
21.52,-11500000.0,7644752.0,49.65273294045403
21.53,-11500000.0,7646222.0,49.65305317949676
21.54,-11500000.0,7647704.0,49.65334921966129
21.55,-11500000.0,7649202.0,49.65361890782894
21.56,-11500000.0,7650714.0,49.65386046248522
21.57,-11500000.0,7652241.0,49.65407247234271
21.58,-11500000.0,7653782.0,49.654253891822286
21.59,-11500000.0,7655338.0,49.654404033572305
21.6,-11500000.0,7656910.0,49.6545225582069
21.61,-11500000.0,7658495.0,49.65460946150678
21.62,-11500000.0,7660096.0,49.65466505932532
21.63,-11500000.0,7661710.0,49.65468997043504
21.64,-11500000.0,7663340.0,49.654685097566734
21.65,-11500000.0,7664986.0,49.65465160689906
21.66,-11500000.0,7666645.0,49.65459090618371
21.67,-11500000.0,7668320.0,49.65450462183337
21.68,-11500000.0,7670010.0,49.654394575130986
21.69,-11500000.0,7671714.0,49.65426275780344
21.7,-11500000.0,7673434.0,49.65411130725003
21.71,-11500000.0,7675168.0,49.653942481508714
21.72,-11500000.0,7676918.0,49.653758634238976
21.73,-11500000.0,7678682.0,49.65356218994068
21.74,-11500000.0,7680462.0,49.65335561954782
21.75,-11500000.0,7682258.0,49.65314141654456
21.76,-11500000.0,7684067.0,49.65292207375349
21.77,-11500000.0,7685892.0,49.652700061048584
21.78,-11500000.0,7687732.0,49.652477804071715
21.79,-11500000.0,7689588.0,49.65225766398574
21.8,-11500000.0,7691458.0,49.65204191851617
21.81,-11500000.0,7693344.0,49.65183274434502
21.82,-11500000.0,7695244.0,49.65163220089754
21.83,-11500000.0,7697160.0,49.651442215682685
21.84,-11500000.0,7699091.0,49.65126457118647
21.85,-11500000.0,7701037.0,49.65110089338353
21.86,-11500000.0,7702998.0,49.650952641946965
21.87,-11500000.0,7704974.0,49.65082110218266
21.88,-11500000.0,7706966.0,49.65070737865864
21.89,-11500000.0,7708972.0,49.65061239054192
21.9,-11500000.0,7710994.0,49.65053686867106
21.91,-11500000.0,7713031.0,49.65048135433713
21.92,-11500000.0,7715082.0,49.65044619967181
21.93,-11500000.0,7717150.0,49.65043156966834
21.94,-11500000.0,7719232.0,49.65043744575767
21.95,-11500000.0,7721328.0,49.650463630815544
21.96,-11500000.0,7723440.0,49.65050975557914
21.97,-11500000.0,7725567.0,49.6505752863372
21.98,-11500000.0,7727709.0,49.650659533857365
21.99,-11500000.0,7729866.0,49.65076166338548
22.0,-11500000.0,7732038.0,49.650880705553135
22.01,-11500000.0,7734224.0,49.6510155681782
22.02,-11500000.0,7736426.0,49.651165048799804
22.03,-11500000.0,7738642.0,49.65132784776148
22.04,-11500000.0,7740872.0,49.65150258176042
22.05,-11500000.0,7743118.0,49.651687797768325
22.06,-11500000.0,7745378.0,49.651881987125854
22.07,-11500000.0,7747652.0,49.65208359971376
22.08,-11500000.0,7749942.0,49.652291058049876
22.09,-11500000.0,7752245.0,49.65250277122462
22.1,-11500000.0,7754563.0,49.65271714858913
22.11,-11500000.0,7756896.0,49.65293261302664
22.12,-11500000.0,7759242.0,49.65314761370871
22.13,-11500000.0,7761603.0,49.65336063828823
22.14,-11500000.0,7763978.0,49.65357022441354
22.15,-11500000.0,7766368.0,49.65377497049365
22.16,-11500000.0,7768770.0,49.65397354561992
22.17,-11500000.0,7771188.0,49.65416469861763
22.18,-11500000.0,7773618.0,49.65434726620632
22.19,-11500000.0,7776064.0,49.65452018016779
22.2,-11500000.0,7778522.0,49.654682473493885
22.21,-11500000.0,7780994.0,49.65483328551869
22.22,-11500000.0,7783480.0,49.65497186605764
22.23,-11500000.0,7785979.0,49.65509757846289
22.24,-11500000.0,7788492.0,49.65520990167488
22.25,-11500000.0,7791018.0,49.65530843124754
22.26,-11500000.0,7793557.0,49.655392879342585
22.27,-11500000.0,7796110.0,49.655463073818716
22.28,-11500000.0,7798675.0,49.655518956360595
22.29,-11500000.0,7801254.0,49.65556057972029
22.3,-11500000.0,7803845.0,49.655588104073296
22.31,-11500000.0,7806450.0,49.655601792640496
22.32,-11500000.0,7809066.0,49.65560200658854
22.33,-11500000.0,7811696.0,49.6555891992079
22.34,-11500000.0,7814338.0,49.65556390955499
22.35,-11500000.0,7816993.0,49.655526755517705
22.36,-11500000.0,7819660.0,49.65547842643237
22.37,-11500000.0,7822340.0,49.655419675354814
22.38,-11500000.0,7825031.0,49.65535131098035
22.39,-11500000.0,7827734.0,49.655274189337305
22.4,-11500000.0,7830450.0,49.65518920536551
22.41,-11500000.0,7833178.0,49.655097284367535
22.42,-11500000.0,7835918.0,49.65499937346224
22.43,-11500000.0,7838668.0,49.6548964331216
22.44,-11500000.0,7841431.0,49.654789428825104
22.45,-11500000.0,7844206.0,49.654679322956916
22.46,-11500000.0,7846991.0,49.65456706692179
22.47,-11500000.0,7849788.0,49.65445359359454
22.48,-11500000.0,7852596.0,49.65433981016665
22.49,-11500000.0,7855416.0,49.65422659142501
22.5,-11500000.0,7858246.0,49.65411477348147
22.51,-11500000.0,7861087.0,49.65400514804505
22.52,-11500000.0,7863939.0,49.653898457235144
22.53,-11500000.0,7866802.0,49.653795388938384
22.54,-11500000.0,7869675.0,49.653696572828125
22.55,-11500000.0,7872558.0,49.65360257695331
22.56,-11500000.0,7875453.0,49.65351390498203
22.57,-11500000.0,7878357.0,49.65343099404895
22.58,-11500000.0,7881272.0,49.65335421324495
22.59,-11500000.0,7884196.0,49.653283862764134
22.6,-11500000.0,7887130.0,49.653220173622906
22.61,-11500000.0,7890074.0,49.65316330797618
22.62,-11500000.0,7893028.0,49.653113360031206
22.63,-11500000.0,7895992.0,49.6530703574847
22.64,-11500000.0,7898964.0,49.65303426350498
22.65,-11500000.0,7901946.0,49.65300497919016
22.66,-11500000.0,7904938.0,49.65298234644013
22.67,-11500000.0,7907938.0,49.65296615129965
22.68,-11500000.0,7910947.0,49.65295612762107
22.69,-11500000.0,7913964.0,49.65295196103953
22.7,-11500000.0,7916991.0,49.65295329328916
22.71,-11500000.0,7920026.0,49.65295972672524
22.72,-11500000.0,7923070.0,49.65297082901685
22.73,-11500000.0,7926121.0,49.65298613798291
22.74,-11500000.0,7929180.0,49.653005166529304
22.75,-11500000.0,7932248.0,49.65302740765814
22.76,-11500000.0,7935324.0,49.65305233948327
22.77,-11500000.0,7938406.0,49.65307943019081
22.78,-11500000.0,7941497.0,49.65310814293012
22.79,-11500000.0,7944595.0,49.65313794061239
22.8,-11500000.0,7947700.0,49.65316829053889
22.81,-11500000.0,7950812.0,49.653198668870445
22.82,-11500000.0,7953932.0,49.65322856485829
22.83,-11500000.0,7957058.0,49.65325748484037
22.84,-11500000.0,7960190.0,49.65328495598669
22.85,-11500000.0,7963329.0,49.653310529736004
22.86,-11500000.0,7966474.0,49.65333378492341
22.87,-11500000.0,7969626.0,49.653354330604955
22.88,-11500000.0,7972784.0,49.65337180855668
22.89,-11500000.0,7975946.0,49.65338589534167
22.9,-11500000.0,7979116.0,49.653396304095516
22.91,-11500000.0,7982290.0,49.65340278593837
22.92,-11500000.0,7985470.0,49.65340513099438
22.93,-11500000.0,7988656.0,49.65340316910976
22.94,-11500000.0,7991846.0,49.653396770171945
22.95,-11500000.0,7995042.0,49.653385844085946
22.96,-11500000.0,7998242.0,49.653370340414185
22.97,-11500000.0,8001447.0,49.653350247715295
22.98,-11500000.0,8004656.0,49.65332559256773
22.99,-11500000.0,8007870.0,49.653296438263794
23.0,-11500000.0,8011088.0,49.65326288327604
23.01,-11500000.0,8014310.0,49.65322505944615
23.02,-11500000.0,8017536.0,49.65318312997023
23.03,-11500000.0,8020765.0,49.653137287169066
23.04,-11500000.0,8023998.0,49.65308775004261
23.05,-11500000.0,8027234.0,49.653034761691515
23.06,-11500000.0,8030474.0,49.65297858665124
23.07,-11500000.0,8033716.0,49.65291950807221
23.08,-11500000.0,8036962.0,49.652857824815385
23.09,-11500000.0,8040210.0,49.65279384855612
23.1,-11500000.0,8043462.0,49.652727900820445
23.11,-11500000.0,8046715.0,49.652660310028125
23.12,-11500000.0,8049971.0,49.65259140858295
23.13,-11500000.0,8053228.0,49.65252152997346
23.14,-11500000.0,8056489.0,49.65245100601617
23.15,-11500000.0,8059750.0,49.65238016414041
23.16,-11500000.0,8063014.0,49.65230932478433
23.17,-11500000.0,8066280.0,49.65223879899917
23.18,-11500000.0,8069546.0,49.65216888611956
23.19,-11500000.0,8072814.0,49.65209987163008
23.2,-11500000.0,8076083.0,49.65203202522749
23.21,-11500000.0,8079352.0,49.651965599035556
23.22,-11500000.0,8082624.0,49.65190082608392
23.23,-11500000.0,8085895.0,49.65183791896233
23.24,-11500000.0,8089167.0,49.651777068652855
23.25,-11500000.0,8092440.0,49.651718443619515
23.26,-11500000.0,8095712.0,49.65166218909236
23.27,-11500000.0,8098984.0,49.65160842657081
23.28,-11500000.0,8102258.0,49.65155725357921
23.29,-11500000.0,8105530.0,49.65150874358422
23.3,-11500000.0,8108802.0,49.651462946103756
23.31,-11500000.0,8112074.0,49.65141988707285
23.32,-11500000.0,8115345.0,49.65137956934935
23.33,-11500000.0,8118616.0,49.65134197340399
23.34,-11500000.0,8121885.0,49.65130705819259
23.35,-11500000.0,8125154.0,49.65127476216362
23.36,-11500000.0,8128421.0,49.65124500442567
23.37,-11500000.0,8131687.0,49.65121768601992
23.38,-11500000.0,8134952.0,49.6511926913082
23.39,-11500000.0,8138214.0,49.65116988947737
23.4,-11500000.0,8141476.0,49.6511491361225
23.41,-11500000.0,8144736.0,49.65113027489391
23.42,-11500000.0,8147994.0,49.65111313915366
23.43,-11500000.0,8151249.0,49.65109755369584
23.44,-11500000.0,8154502.0,49.651083336521054
23.45,-11500000.0,8157754.0,49.651070300570616
23.46,-11500000.0,8161002.0,49.65105825545387
23.47,-11500000.0,8164248.0,49.651047009169915
23.48,-11500000.0,8167492.0,49.65103636978807
23.49,-11500000.0,8170732.0,49.65102614705535
23.5,-11500000.0,8173970.0,49.65101615394411
23.51,-11500000.0,8177204.0,49.65100620814452
23.52,-11500000.0,8180436.0,49.650996133469384
23.53,-11500000.0,8183664.0,49.65098576114328
23.54,-11500000.0,8186888.0,49.65097493099335
23.55,-11500000.0,8190109.0,49.65096349255018
23.56,-11500000.0,8193326.0,49.65095130603107
23.57,-11500000.0,8196540.0,49.650938243181706
23.58,-11500000.0,8199750.0,49.65092418801798
23.59,-11500000.0,8202956.0,49.65090903741682
23.6,-11500000.0,8206157.0,49.650892701587274
23.61,-11500000.0,8209354.0,49.650875104449824
23.62,-11500000.0,8212548.0,49.65085618386518
23.63,-11500000.0,8215736.0,49.65083589169878
23.64,-11500000.0,8218921.0,49.650814193812856
23.65,-11500000.0,8222100.0,49.65079106993207
23.66,-11500000.0,8225276.0,49.65076651338203
23.67,-11500000.0,8228446.0,49.65074053073743
23.68,-11500000.0,8231610.0,49.65071314135162
23.69,-11500000.0,8234771.0,49.65068437683156
23.7,-11500000.0,8237926.0,49.6506542803805
23.71,-11500000.0,8241076.0,49.65062290605092
23.72,-11500000.0,8244220.0,49.650590318008234
23.73,-11500000.0,8247360.0,49.65055658966165
23.74,-11500000.0,8250494.0,49.650521802754284
23.75,-11500000.0,8253622.0,49.650486046424206
23.76,-11500000.0,8256744.0,49.650449416217164
23.77,-11500000.0,8259861.0,49.65041201311084
23.78,-11500000.0,8262972.0,49.65037394248091
23.79,-11500000.0,8266078.0,49.65033531308449
23.8,-11500000.0,8269176.0,49.650296236022015
23.81,-11500000.0,8272270.0,49.65025682373662
23.82,-11500000.0,8275357.0,49.650217189024275
23.83,-11500000.0,8278438.0,49.65017744405624
23.84,-11500000.0,8281513.0,49.65013769947175
23.85,-11500000.0,8284581.0,49.65009806344966
23.86,-11500000.0,8287644.0,49.65005864089526
23.87,-11500000.0,8290699.0,49.650019532646176
23.88,-11500000.0,8293748.0,49.64998083470651
23.89,-11500000.0,8296790.0,49.64994263760143
23.9,-11500000.0,8299826.0,49.64990502577416
23.91,-11500000.0,8302856.0,49.64986807705118
23.92,-11500000.0,8305878.0,49.649831862159
23.93,-11500000.0,8308894.0,49.64979644433878
23.94,-11500000.0,8311903.0,49.649761879011926
23.95,-11500000.0,8314905.0,49.64972821354789
23.96,-11500000.0,8317900.0,49.64969548713746
23.97,-11500000.0,8320888.0,49.64966373065753
23.98,-11500000.0,8323870.0,49.64963296663966
23.99,-11500000.0,8326844.0,49.64960320934598
24.0,-11500000.0,8329810.0,49.6495744648905
24.01,-11500000.0,8332770.0,49.64954673140577
24.02,-11500000.0,8335722.0,49.6495199992961
24.03,-11500000.0,8338668.0,49.64949425154411
24.04,-11500000.0,8341606.0,49.64946946407335
24.05,-11500000.0,8344536.0,49.6494456061559
24.06,-11500000.0,8347460.0,49.6494226408667
24.07,-11500000.0,8350376.0,49.6494005255728
24.08,-11500000.0,8353284.0,49.64937921243994
24.09,-11500000.0,8356185.0,49.649358648988176
24.1,-11500000.0,8359078.0,49.64933877866908
24.11,-11500000.0,8361965.0,49.64931954147801
24.12,-11500000.0,8364844.0,49.649300874533104
24.13,-11500000.0,8367714.0,49.649282712669255
24.14,-11500000.0,8370578.0,49.649264989069316
24.15,-11500000.0,8373434.0,49.64924763586798
24.16,-11500000.0,8376282.0,49.64923058474586
24.17,-11500000.0,8379124.0,49.64921376750891
24.18,-11500000.0,8381956.0,49.649197116629935
24.19,-11500000.0,8384782.0,49.64918056581091
24.2,-11500000.0,8387600.0,49.64916405048974
24.21,-11500000.0,8390411.0,49.649147508304495
24.22,-11500000.0,8393214.0,49.64913087956169
24.23,-11500000.0,8396009.0,49.64911410762748
24.24,-11500000.0,8398796.0,49.64909713928641
24.25,-11500000.0,8401576.0,49.64907992511914
24.26,-11500000.0,8404348.0,49.64906241978796
24.27,-11500000.0,8407113.0,49.649044582286514
24.28,-11500000.0,8409870.0,49.64902637613977
24.29,-11500000.0,8412619.0,49.64900776952885
24.3,-11500000.0,8415361.0,49.648988735453194
24.31,-11500000.0,8418095.0,49.64896925179878
24.32,-11500000.0,8420821.0,49.64894930133188
24.33,-11500000.0,8423540.0,49.648928871732764
24.34,-11500000.0,8426252.0,49.64890795557633
24.35,-11500000.0,8428956.0,49.64888655019328
24.36,-11500000.0,8431652.0,49.64886465750746
24.37,-11500000.0,8434341.0,49.64884228391925
24.38,-11500000.0,8437022.0,49.64881944010588
24.39,-11500000.0,8439696.0,49.648796140798396
24.4,-11500000.0,8442362.0,49.64877240452525
24.41,-11500000.0,8445021.0,49.648748253338155
24.42,-11500000.0,8447673.0,49.64872371254851
24.43,-11500000.0,8450317.0,49.64869881036461
24.44,-11500000.0,8452954.0,49.64867357756479
24.45,-11500000.0,8455583.0,49.648648047151994
24.46,-11500000.0,8458205.0,49.64862225400605
24.47,-11500000.0,8460821.0,49.648596234600305
24.48,-11500000.0,8463428.0,49.64857002654746
24.49,-11500000.0,8466029.0,49.64854366825424
24.5,-11500000.0,8468623.0,49.648517198636156
24.51,-11500000.0,8471209.0,49.648490656683215
24.52,-11500000.0,8473789.0,49.648464081168115
24.53,-11500000.0,8476361.0,49.64843751030963
24.54,-11500000.0,8478927.0,49.6484109814647
24.55,-11500000.0,8481486.0,49.64838453086291
24.56,-11500000.0,8484037.0,49.64835819324781
24.57,-11500000.0,8486582.0,49.64833200167095
24.58,-11500000.0,8489121.0,49.64830598732718
24.59,-11500000.0,8491652.0,49.64828017925196
24.6,-11500000.0,8494177.0,49.64825460414508
24.61,-11500000.0,8496696.0,49.648229286282444
24.62,-11500000.0,8499207.0,49.64820424729199
24.63,-11500000.0,8501713.0,49.64817950609521
24.64,-11500000.0,8504212.0,49.648155078849946
24.65,-11500000.0,8506704.0,49.64813097881464
24.66,-11500000.0,8509191.0,49.64810721640197
24.67,-11500000.0,8511671.0,49.648083799158286
24.68,-11500000.0,8514144.0,49.6480607317064
24.69,-11500000.0,8516612.0,49.648038015874924
24.7,-11500000.0,8519074.0,49.64801565078823
24.71,-11500000.0,8521530.0,49.647993632904914
24.72,-11500000.0,8523980.0,49.64797195612127
24.73,-11500000.0,8526424.0,49.647950611893975
24.74,-11500000.0,8528862.0,49.64792958937996
24.75,-11500000.0,8531294.0,49.64790887559163
24.76,-11500000.0,8533721.0,49.647888455603834
24.77,-11500000.0,8536143.0,49.647868312761204
24.78,-11500000.0,8538558.0,49.64784842877802
24.79,-11500000.0,8540969.0,49.6478287839849
24.8,-11500000.0,8543374.0,49.64780935755651
24.81,-11500000.0,8545774.0,49.64779012767651
24.82,-11500000.0,8548169.0,49.64777107178088
24.83,-11500000.0,8550558.0,49.64775216672129
24.84,-11500000.0,8552943.0,49.64773338901582
24.85,-11500000.0,8555323.0,49.64771471507886
24.86,-11500000.0,8557698.0,49.6476961213736
24.87,-11500000.0,8560068.0,49.64767758460332
24.88,-11500000.0,8562433.0,49.64765908189568
24.89,-11500000.0,8564794.0,49.647640591016504
24.9,-11500000.0,8567151.0,49.64762209056253
24.91,-11500000.0,8569503.0,49.64760356006399
24.92,-11500000.0,8571850.0,49.64758498008888
24.93,-11500000.0,8574194.0,49.64756633245337
24.94,-11500000.0,8576533.0,49.64754760031949
24.95,-11500000.0,8578868.0,49.64752876825555
24.96,-11500000.0,8581200.0,49.647509822395484
24.97,-11500000.0,8583527.0,49.647490750453386
24.98,-11500000.0,8585851.0,49.647471541781066
24.99,-11500000.0,8588171.0,49.64745218743608
25.0,-11500000.0,8590487.0,49.6474326801611
25.01,-11500000.0,8592800.0,49.64741301443079
25.02,-11500000.0,8595110.0,49.64739318647287
25.03,-11500000.0,8597416.0,49.64737319419625
25.04,-11500000.0,8599719.0,49.647353037157046
25.05,-11500000.0,8602019.0,49.64733271654402
25.06,-11500000.0,8604316.0,49.64731223510988
25.07,-11500000.0,8606610.0,49.64729159709324
25.08,-11500000.0,8608901.0,49.64727080813175
25.09,-11500000.0,8611190.0,49.64724987520525
25.1,-11500000.0,8613476.0,49.647228806522456
25.11,-11500000.0,8615759.0,49.6472076113716
25.12,-11500000.0,8618040.0,49.64718630004711
25.13,-11500000.0,8620319.0,49.64716488376047
25.14,-11500000.0,8622595.0,49.64714337446839
25.15,-11500000.0,8624870.0,49.64712178478792
25.16,-11500000.0,8627142.0,49.64710012785537
25.17,-11500000.0,8629412.0,49.647078417161836
25.18,-11500000.0,8631681.0,49.64705666650307
25.19,-11500000.0,8633948.0,49.647034889839205
25.2,-11500000.0,8636213.0,49.6470131011288
25.21,-11500000.0,8638476.0,49.64699131421117
25.22,-11500000.0,8640738.0,49.6469695427313
25.23,-11500000.0,8642999.0,49.64694780005942
25.24,-11500000.0,8645258.0,49.6469260991379
25.25,-11500000.0,8647516.0,49.646904452386366
25.26,-11500000.0,8649773.0,49.64688287164638
25.27,-11500000.0,8652029.0,49.64686136809202
25.28,-11500000.0,8654283.0,49.64683995211267
25.29,-11500000.0,8656537.0,49.64681863329265
25.3,-11500000.0,8658790.0,49.64679742038189
25.31,-11500000.0,8661043.0,49.646776321240814
25.32,-11500000.0,8663295.0,49.646755342790435
25.33,-11500000.0,8665546.0,49.64673449094201
25.34,-11500000.0,8667796.0,49.646713770579964
25.35,-11500000.0,8670046.0,49.64669318559132
25.36,-11500000.0,8672296.0,49.64667273889283
25.37,-11500000.0,8674546.0,49.646652432425476
25.38,-11500000.0,8676795.0,49.646632267121994
25.39,-11500000.0,8679044.0,49.64661224293309
25.4,-11500000.0,8681293.0,49.64659235889286
25.41,-11500000.0,8683542.0,49.646572613148805
25.42,-11500000.0,8685791.0,49.64655300300003
25.43,-11500000.0,8688039.0,49.64653352490488
25.44,-11500000.0,8690289.0,49.64651417461916
25.45,-11500000.0,8692538.0,49.64649494723462
25.46,-11500000.0,8694787.0,49.64647583716755
25.47,-11500000.0,8697037.0,49.64645683830666
25.48,-11500000.0,8699287.0,49.646437944071096
25.49,-11500000.0,8701538.0,49.64641914747891
25.5,-11500000.0,8703789.0,49.6464004412119
25.51,-11500000.0,8706041.0,49.64638181768873
25.52,-11500000.0,8708293.0,49.64636326913261
25.53,-11500000.0,8710545.0,49.64634478760797
25.54,-11500000.0,8712799.0,49.646326365174225
25.55,-11500000.0,8715053.0,49.64630799393917
25.56,-11500000.0,8717307.0,49.64628966604979
25.57,-11500000.0,8719563.0,49.646271373841714
25.58,-11500000.0,8721819.0,49.64625310988643
25.59,-11500000.0,8724076.0,49.64623486701161
25.6,-11500000.0,8726334.0,49.64621663839209
25.61,-11500000.0,8728593.0,49.646198417593716
25.62,-11500000.0,8730853.0,49.64618019861364
25.63,-11500000.0,8733113.0,49.64616197587884
25.64,-11500000.0,8735375.0,49.64614374432646
25.65,-11500000.0,8737638.0,49.64612549946089
25.66,-11500000.0,8739902.0,49.646107237332316
25.67,-11500000.0,8742166.0,49.64608895451693
25.68,-11500000.0,8744432.0,49.64607064817798
25.69,-11500000.0,8746699.0,49.64605231610311
25.7,-11500000.0,8748968.0,49.64603395670096
25.71,-11500000.0,8751237.0,49.646015568950446
25.72,-11500000.0,8753507.0,49.64599715236405
25.73,-11500000.0,8755779.0,49.645978707057296
25.74,-11500000.0,8758052.0,49.64596023372138
25.75,-11500000.0,8760326.0,49.645941733561884
25.76,-11500000.0,8762601.0,49.6459232082772
25.77,-11500000.0,8764878.0,49.645904660070514
25.78,-11500000.0,8767155.0,49.64588609157218
25.79,-11500000.0,8769434.0,49.64586750581535
25.8,-11500000.0,8771715.0,49.64584890627108
25.81,-11500000.0,8773996.0,49.64583029672126
25.82,-11500000.0,8776279.0,49.64581168122969
25.83,-11500000.0,8778563.0,49.64579306413556
25.84,-11500000.0,8780849.0,49.645774450009824
25.85,-11500000.0,8783135.0,49.64575584356757
25.86,-11500000.0,8785423.0,49.645737249636035
25.87,-11500000.0,8787712.0,49.64571867314678
25.88,-11500000.0,8790003.0,49.64570011909161
25.89,-11500000.0,8792295.0,49.64568159247413
25.9,-11500000.0,8794587.0,49.645663098194156
25.91,-11500000.0,8796882.0,49.64564464110018
25.92,-11500000.0,8799177.0,49.64562622593769
25.93,-11500000.0,8801474.0,49.64560785728202
25.94,-11500000.0,8803772.0,49.64558953954117
25.95,-11500000.0,8806071.0,49.64557127688688
25.96,-11500000.0,8808371.0,49.645553073231554
25.97,-11500000.0,8810672.0,49.645534932206914
25.98,-11500000.0,8812975.0,49.64551685718276
25.99,-11500000.0,8815279.0,49.6454988512397
26.0,-11500000.0,8817583.0,49.645480917077336
26.01,-11500000.0,8819889.0,49.64546305705465
26.02,-11500000.0,8822196.0,49.64544527321411
26.03,-11500000.0,8824504.0,49.64542756723535
26.04,-11500000.0,8826813.0,49.64540994043523
26.05,-11500000.0,8829123.0,49.64539239377055
26.06,-11500000.0,8831434.0,49.645374927843314
26.07,-11500000.0,8833746.0,49.6453575429085
26.08,-11500000.0,8836058.0,49.64534023884683
26.09,-11500000.0,8838372.0,49.64532301522582
26.1,-11500000.0,8840686.0,49.645305871306775
26.11,-11500000.0,8843002.0,49.64528880606674
26.12,-11500000.0,8845318.0,49.645271818209864
26.13,-11500000.0,8847634.0,49.64525490611842
26.14,-11500000.0,8849952.0,49.645238067964286
26.15,-11500000.0,8852270.0,49.64522130172224
26.16,-11500000.0,8854588.0,49.6452046051226
26.17,-11500000.0,8856907.0,49.645187975726735
26.18,-11500000.0,8859227.0,49.64517141098958
26.19,-11500000.0,8861547.0,49.64515490824265
26.2,-11500000.0,8863868.0,49.64513846472632
26.21,-11500000.0,8866189.0,49.64512207761517
26.22,-11500000.0,8868510.0,49.645105744011325
26.23,-11500000.0,8870832.0,49.64508946101636
26.24,-11500000.0,8873154.0,49.645073225752334
26.25,-11500000.0,8875476.0,49.64505703535094
26.26,-11500000.0,8877798.0,49.645040886983445
26.27,-11500000.0,8880120.0,49.64502477788829
26.28,-11500000.0,8882442.0,49.64500870539595
26.29,-11500000.0,8884765.0,49.64499266698892
26.3,-11500000.0,8887087.0,49.644976660273734
26.31,-11500000.0,8889409.0,49.64496068296934
26.32,-11500000.0,8891731.0,49.644944732965946
26.33,-11500000.0,8894052.0,49.64492880830087
26.34,-11500000.0,8896374.0,49.64491290721788
26.35,-11500000.0,8898695.0,49.64489702816838
26.36,-11500000.0,8901015.0,49.644881169748786
26.37,-11500000.0,8903335.0,49.64486533075741
26.38,-11500000.0,8905655.0,49.64484951023566
26.39,-11500000.0,8907974.0,49.64483370742734
26.4,-11500000.0,8910292.0,49.644817921747766
26.41,-11500000.0,8912609.0,49.6448021527922
26.42,-11500000.0,8914926.0,49.64478640037797
26.43,-11500000.0,8917241.0,49.644770664497386
26.44,-11500000.0,8919556.0,49.64475494532425
26.45,-11500000.0,8921870.0,49.644739243241595
26.46,-11500000.0,8924182.0,49.64472355875733
26.47,-11500000.0,8926494.0,49.644707892546286
26.48,-11500000.0,8928804.0,49.644692245434435
26.49,-11500000.0,8931113.0,49.64467661835689
26.5,-11500000.0,8933421.0,49.6446610123875
26.51,-11500000.0,8935727.0,49.64464542868694
26.52,-11500000.0,8938031.0,49.64462986846102
26.53,-11500000.0,8940334.0,49.644614332996525
26.54,-11500000.0,8942635.0,49.644598823645936
26.55,-11500000.0,8944935.0,49.64458334181781
26.56,-11500000.0,8947233.0,49.644567888960246
26.57,-11500000.0,8949528.0,49.644552466475936
26.58,-11500000.0,8951822.0,49.644537075764525
26.59,-11500000.0,8954114.0,49.64452171824495
26.6,-11500000.0,8956403.0,49.64450639526724
26.61,-11500000.0,8958690.0,49.6444911081154
26.62,-11500000.0,8960975.0,49.64447585803955
26.63,-11500000.0,8963258.0,49.644460646245086
26.64,-11500000.0,8965538.0,49.64444547384525
26.65,-11500000.0,8967815.0,49.64443034182548
26.66,-11500000.0,8970090.0,49.64441525108614
26.67,-11500000.0,8972362.0,49.64440020243547
26.68,-11500000.0,8974632.0,49.64438519658937
26.69,-11500000.0,8976898.0,49.644370234127706
26.7,-11500000.0,8979162.0,49.64435531550592
26.71,-11500000.0,8981422.0,49.644340441053025
26.72,-11500000.0,8983679.0,49.6443256109448
26.73,-11500000.0,8985933.0,49.64431082524921
26.74,-11500000.0,8988184.0,49.644296083928914
26.75,-11500000.0,8990431.0,49.64428138680683
26.76,-11500000.0,8992674.0,49.64426673354308
26.77,-11500000.0,8994915.0,49.64425212372728
26.78,-11500000.0,8997151.0,49.644237556835456
26.79,-11500000.0,8999384.0,49.6442230322118
26.8,-11500000.0,9001612.0,49.64420854907898
26.81,-11500000.0,9003837.0,49.64419410655999
26.82,-11500000.0,9006058.0,49.64417970372283
26.83,-11500000.0,9008275.0,49.64416533955195
26.84,-11500000.0,9010487.0,49.64415101292475
26.85,-11500000.0,9012695.0,49.6441367226353
26.86,-11500000.0,9014899.0,49.644122467446735
26.87,-11500000.0,9017098.0,49.644108246063034
26.88,-11500000.0,9019293.0,49.64409405714883
26.89,-11500000.0,9021483.0,49.644079899341186
26.9,-11500000.0,9023668.0,49.64406577122949
26.91,-11500000.0,9025849.0,49.64405167141288
26.92,-11500000.0,9028024.0,49.64403759847011
26.93,-11500000.0,9030195.0,49.64402355098315
26.94,-11500000.0,9032360.0,49.64400952754592
26.95,-11500000.0,9034520.0,49.643995526746956
26.96,-11500000.0,9036675.0,49.64398154722262
26.97,-11500000.0,9038825.0,49.643967587666154
26.98,-11500000.0,9040969.0,49.64395364679824
26.99,-11500000.0,9043107.0,49.64393972334761
27.0,-11500000.0,9045240.0,49.64392581610801
27.01,-11500000.0,9047367.0,49.6439119239437
27.02,-11500000.0,9049488.0,49.64389804576255
27.03,-11500000.0,9051604.0,49.64388418056655
27.04,-11500000.0,9053713.0,49.64387032741443
27.05,-11500000.0,9055816.0,49.64385648540065
27.06,-11500000.0,9057913.0,49.64384265370437
27.07,-11500000.0,9060004.0,49.64382883159361
27.08,-11500000.0,9062088.0,49.64381501839063
27.09,-11500000.0,9064166.0,49.6438012134841
27.1,-11500000.0,9066238.0,49.643787416369335
27.11,-11500000.0,9068303.0,49.64377362660784
27.12,-11500000.0,9070361.0,49.643759843797184
27.13,-11500000.0,9072413.0,49.643746067617705
27.14,-11500000.0,9074457.0,49.643732297791274
27.15,-11500000.0,9076495.0,49.64371853409342
27.16,-11500000.0,9078526.0,49.643704776387224
27.17,-11500000.0,9080549.0,49.643691024546314
27.18,-11500000.0,9082565.0,49.64367727846696
27.19,-11500000.0,9084575.0,49.64366353814509
27.2,-11500000.0,9086576.0,49.643649803587344
27.21,-11500000.0,9088571.0,49.64363607482522
27.22,-11500000.0,9090558.0,49.64362235194491
27.23,-11500000.0,9092537.0,49.64360863501292
27.24,-11500000.0,9094509.0,49.64359492412156
27.25,-11500000.0,9096472.0,49.6435812193469
27.26,-11500000.0,9098429.0,49.643567520797376
27.27,-11500000.0,9100377.0,49.64355382859959
27.28,-11500000.0,9102317.0,49.64354014282917
27.29,-11500000.0,9104250.0,49.64352646359222
27.3,-11500000.0,9106174.0,49.6435127909776
27.31,-11500000.0,9108090.0,49.64349912502703
27.32,-11500000.0,9109998.0,49.643485465776465
27.33,-11500000.0,9111897.0,49.64347181321702
27.34,-11500000.0,9113788.0,49.64345816730345
27.35,-11500000.0,9115671.0,49.64344452799199
27.36,-11500000.0,9117545.0,49.64343089519843
27.37,-11500000.0,9119411.0,49.64341726880467
27.38,-11500000.0,9121268.0,49.64340364865812
27.39,-11500000.0,9123116.0,49.643390034539756
27.4,-11500000.0,9124956.0,49.64337642621028
27.41,-11500000.0,9126786.0,49.64336282336969
27.42,-11500000.0,9128608.0,49.64334922567118
27.43,-11500000.0,9130421.0,49.64333563275803
27.44,-11500000.0,9132225.0,49.64332204422742
27.45,-11500000.0,9134020.0,49.64330845963638
27.46,-11500000.0,9135805.0,49.64329487847005
27.47,-11500000.0,9137582.0,49.643281300193856
27.48,-11500000.0,9139349.0,49.643267724249995
27.49,-11500000.0,9141107.0,49.643254150029314
27.5,-11500000.0,9142856.0,49.64324057691528
27.51,-11500000.0,9144596.0,49.643227004285094
27.52,-11500000.0,9146326.0,49.64321343147413
27.53,-11500000.0,9148046.0,49.643199857751334
27.54,-11500000.0,9149757.0,49.6431862823719
27.55,-11500000.0,9151458.0,49.643172704579555
27.56,-11500000.0,9153150.0,49.64315912361485
27.57,-11500000.0,9154833.0,49.643145538753316
27.58,-11500000.0,9156505.0,49.64313194922814
27.59,-11500000.0,9158168.0,49.64311835424921
27.6,-11500000.0,9159821.0,49.64310475304452
27.61,-11500000.0,9161464.0,49.64309114482796
27.62,-11500000.0,9163098.0,49.64307752884538
27.63,-11500000.0,9164721.0,49.643063904334504
27.64,-11500000.0,9166335.0,49.64305027053928
27.65,-11500000.0,9167939.0,49.64303662674704
27.66,-11500000.0,9169533.0,49.64302297225265
27.67,-11500000.0,9171117.0,49.643009306364576
27.68,-11500000.0,9172691.0,49.64299562840985
27.69,-11500000.0,9174255.0,49.64298193773807
27.7,-11500000.0,9175809.0,49.64296823372467
27.71,-11500000.0,9177353.0,49.642954515773624
27.72,-11500000.0,9178887.0,49.642940783319226
27.73,-11500000.0,9180411.0,49.64292703582774
27.74,-11500000.0,9181925.0,49.642913272798225
27.75,-11500000.0,9183429.0,49.642899493763274
27.76,-11500000.0,9184923.0,49.642885698289135
27.77,-11500000.0,9186406.0,49.64287188593874
27.78,-11500000.0,9187880.0,49.642858056318886
27.79,-11500000.0,9189343.0,49.642844209071896
27.8,-11500000.0,9190797.0,49.64283034387976
27.81,-11500000.0,9192240.0,49.64281646045573
27.82,-11500000.0,9193673.0,49.64280255851163
27.83,-11500000.0,9195096.0,49.64278863779698
27.84,-11500000.0,9196509.0,49.642774698095515
27.85,-11500000.0,9197912.0,49.6427607392216
27.86,-11500000.0,9199305.0,49.64274676101715
27.87,-11500000.0,9200687.0,49.64273276331164
27.88,-11500000.0,9202060.0,49.642718745966775
27.89,-11500000.0,9203422.0,49.64270470886588
27.9,-11500000.0,9204775.0,49.64269065191632
27.91,-11500000.0,9206117.0,49.642676575039545
27.92,-11500000.0,9207449.0,49.64266247813717
27.93,-11500000.0,9208771.0,49.642648361129126
27.94,-11500000.0,9210084.0,49.642634223986185
27.95,-11500000.0,9211386.0,49.64262006667847
27.96,-11500000.0,9212678.0,49.64260588914281
27.97,-11500000.0,9213960.0,49.642591691322025
27.98,-11500000.0,9215232.0,49.642577473161644
27.99,-11500000.0,9216495.0,49.64256323464385
28.0,-11500000.0,9217747.0,49.6425489757372
28.01,-11500000.0,9218990.0,49.6425346964021
28.02,-11500000.0,9220222.0,49.64252039658359
28.03,-11500000.0,9221445.0,49.642506076216925
28.04,-11500000.0,9222657.0,49.642491735220425
28.05,-11500000.0,9223860.0,49.64247737350122
28.06,-11500000.0,9225053.0,49.642462990985166
28.07,-11500000.0,9226236.0,49.64244858757515
28.08,-11500000.0,9227410.0,49.64243416318904
28.09,-11500000.0,9228573.0,49.642419717713
28.1,-11500000.0,9229727.0,49.64240525101023
28.11,-11500000.0,9230871.0,49.64239076295342
28.12,-11500000.0,9232005.0,49.64237625338524
28.13,-11500000.0,9233129.0,49.64236172212138
28.14,-11500000.0,9234244.0,49.64234716899
28.15,-11500000.0,9235349.0,49.642332593823355
28.16,-11500000.0,9236445.0,49.64231799645671
28.17,-11500000.0,9237530.0,49.64230337668546
28.18,-11500000.0,9238606.0,49.64228873427668
28.19,-11500000.0,9239673.0,49.64227406904098
28.2,-11500000.0,9240730.0,49.642259380784495
28.21,-11500000.0,9241777.0,49.64224466927391
28.22,-11500000.0,9242815.0,49.64222993428001
28.23,-11500000.0,9243843.0,49.642215175572744
28.24,-11500000.0,9244861.0,49.6422003928863
28.25,-11500000.0,9245870.0,49.642185585962714
28.26,-11500000.0,9246870.0,49.642170754583724
28.27,-11500000.0,9247860.0,49.642155898525125
28.28,-11500000.0,9248841.0,49.64214101756056
28.29,-11500000.0,9249812.0,49.642126111459106
28.3,-11500000.0,9250774.0,49.64211117998923
28.31,-11500000.0,9251727.0,49.642096222953285
28.32,-11500000.0,9252670.0,49.64208124014405
28.33,-11500000.0,9253604.0,49.6420662313501
28.34,-11500000.0,9254529.0,49.64205119639144
28.35,-11500000.0,9255444.0,49.64203613507694
28.36,-11500000.0,9256350.0,49.642021047210434
28.37,-11500000.0,9257247.0,49.64200593262677
28.38,-11500000.0,9258135.0,49.641990791186494
28.39,-11500000.0,9259014.0,49.64197562277127
28.4,-11500000.0,9259883.0,49.64196042724374
28.41,-11500000.0,9260743.0,49.641945204455304
28.42,-11500000.0,9261595.0,49.64192995432044
28.43,-11500000.0,9262437.0,49.64191467676479
28.44,-11500000.0,9263270.0,49.64189937169241
28.45,-11500000.0,9264095.0,49.641884039061864
28.46,-11500000.0,9264910.0,49.64186867883579
28.47,-11500000.0,9265717.0,49.64185329098615
28.48,-11500000.0,9266514.0,49.641837875486885
28.49,-11500000.0,9267303.0,49.641822432319515
28.5,-11500000.0,9268083.0,49.64180696150255
28.51,-11500000.0,9268854.0,49.64179146304979
28.52,-11500000.0,9269617.0,49.64177593700758
28.53,-11500000.0,9270371.0,49.641760383444534
28.54,-11500000.0,9271116.0,49.641744802412035
28.55,-11500000.0,9271852.0,49.64172919394689
28.56,-11500000.0,9272580.0,49.64171355810998
28.57,-11500000.0,9273300.0,49.64169789501391
28.58,-11500000.0,9274011.0,49.64168220477363
28.59,-11500000.0,9274714.0,49.64166648750665
28.6,-11500000.0,9275408.0,49.64165074332757
28.61,-11500000.0,9276094.0,49.64163497234922
28.62,-11500000.0,9276771.0,49.64161917467764
28.63,-11500000.0,9277441.0,49.64160335045057
28.64,-11500000.0,9278102.0,49.64158749982215
28.65,-11500000.0,9278755.0,49.64157162292516
28.66,-11500000.0,9279399.0,49.64155571986952
28.67,-11500000.0,9280036.0,49.64153979078329
28.68,-11500000.0,9280665.0,49.64152383583658
28.69,-11500000.0,9281285.0,49.64150785515826
28.7,-11500000.0,9281898.0,49.64149184888039
28.71,-11500000.0,9282503.0,49.641475817164796
28.72,-11500000.0,9283100.0,49.64145976015886
28.73,-11500000.0,9283690.0,49.64144367803113
28.74,-11500000.0,9284271.0,49.64142757092299
28.75,-11500000.0,9284845.0,49.64141143895576
28.76,-11500000.0,9285411.0,49.64139528226176
28.77,-11500000.0,9285970.0,49.641379100980544
28.78,-11500000.0,9286521.0,49.64136289525013
28.79,-11500000.0,9287065.0,49.641346665205674
28.8,-11500000.0,9287602.0,49.64133041100947
28.81,-11500000.0,9288131.0,49.64131413280396
28.82,-11500000.0,9288652.0,49.64129783067743
28.83,-11500000.0,9289167.0,49.641281504744455
28.84,-11500000.0,9289674.0,49.641265155130526
28.85,-11500000.0,9290175.0,49.64124878197086
28.86,-11500000.0,9290668.0,49.641232385398276
28.87,-11500000.0,9291154.0,49.64121596550816
28.88,-11500000.0,9291633.0,49.64119952239597
28.89,-11500000.0,9292106.0,49.6411830561899
28.9,-11500000.0,9292571.0,49.64116656700012
28.91,-11500000.0,9293030.0,49.641150054924125
28.92,-11500000.0,9293482.0,49.64113352007638
28.93,-11500000.0,9293928.0,49.641116962583645
28.94,-11500000.0,9294367.0,49.64110038257546
28.95,-11500000.0,9294800.0,49.64108378018245
28.96,-11500000.0,9295226.0,49.64106715552929
28.97,-11500000.0,9295645.0,49.64105050869822
28.98,-11500000.0,9296059.0,49.641033839807825
28.99,-11500000.0,9296466.0,49.641017148996106
29.0,-11500000.0,9296867.0,49.641000436381624
29.01,-11500000.0,9297262.0,49.640983702097834
29.02,-11500000.0,9297651.0,49.64096694628638
29.03,-11500000.0,9298034.0,49.64095016909181
29.04,-11500000.0,9298411.0,49.64093337065737
29.05,-11500000.0,9298782.0,49.640916551121826
29.06,-11500000.0,9299148.0,49.640899710653585
29.07,-11500000.0,9299508.0,49.640882849438114
29.08,-11500000.0,9299862.0,49.6408659676368
29.09,-11500000.0,9300211.0,49.64084906542517
29.1,-11500000.0,9300554.0,49.64083214298354
29.11,-11500000.0,9300892.0,49.64081520049518
29.12,-11500000.0,9301224.0,49.64079823813928
29.13,-11500000.0,9301551.0,49.640781256091024
29.14,-11500000.0,9301873.0,49.64076425455261
29.15,-11500000.0,9302190.0,49.640747233744
29.16,-11500000.0,9302502.0,49.64073019389516
29.17,-11500000.0,9302809.0,49.640713135240105
29.18,-11500000.0,9303111.0,49.640696058011955
29.19,-11500000.0,9303408.0,49.64067896243915
29.2,-11500000.0,9303700.0,49.640661848742404
29.21,-11500000.0,9303988.0,49.640644717168925
29.22,-11500000.0,9304271.0,49.64062756797994
29.23,-11500000.0,9304550.0,49.64061040144612
29.24,-11500000.0,9304824.0,49.640593217838386
29.25,-11500000.0,9305093.0,49.640576017389506
29.26,-11500000.0,9305359.0,49.64055880037112
29.27,-11500000.0,9305620.0,49.640541567075424
29.28,-11500000.0,9305877.0,49.64052431777512
29.29,-11500000.0,9306129.0,49.640507052719926
29.3,-11500000.0,9306378.0,49.64048977217635
29.31,-11500000.0,9306623.0,49.64047247645057
29.32,-11500000.0,9306864.0,49.64045516584129
29.33,-11500000.0,9307101.0,49.640437840636224
29.34,-11500000.0,9307335.0,49.64042050114628
29.35,-11500000.0,9307564.0,49.640403147655974
29.36,-11500000.0,9307790.0,49.64038578042967
29.37,-11500000.0,9308013.0,49.6403683997786
29.38,-11500000.0,9308232.0,49.64035100600921
29.39,-11500000.0,9308448.0,49.6403335994217
29.4,-11500000.0,9308661.0,49.640316180340015
29.41,-11500000.0,9308870.0,49.64029874906481
29.42,-11500000.0,9309076.0,49.64028130587597
29.43,-11500000.0,9309279.0,49.640263851065555
29.44,-11500000.0,9309479.0,49.640246384930194
29.45,-11500000.0,9309676.0,49.6402289077648
29.46,-11500000.0,9309871.0,49.6402114198944
29.47,-11500000.0,9310062.0,49.640193921622924
29.48,-11500000.0,9310251.0,49.64017641323797
29.49,-11500000.0,9310437.0,49.6401588950401
29.5,-11500000.0,9310621.0,49.64014136733782
29.51,-11500000.0,9310802.0,49.640123830437766
29.52,-11500000.0,9310980.0,49.64010628460609
29.53,-11500000.0,9311156.0,49.64008873010865
29.54,-11500000.0,9311330.0,49.64007116724008
29.55,-11500000.0,9311502.0,49.640053596312775
29.56,-11500000.0,9311671.0,49.64003601761137
29.57,-11500000.0,9311839.0,49.640018431433184
29.58,-11500000.0,9312004.0,49.64000083807507
29.59,-11500000.0,9312168.0,49.63998323783432
29.6,-11500000.0,9312329.0,49.63996563099815
29.61,-11500000.0,9312489.0,49.63994801784674
29.62,-11500000.0,9312647.0,49.63993039868123
29.63,-11500000.0,9312803.0,49.639912773780765
29.64,-11500000.0,9312958.0,49.63989514343928
29.65,-11500000.0,9313111.0,49.63987750795513
29.66,-11500000.0,9313262.0,49.63985986759173
29.67,-11500000.0,9313412.0,49.63984222261742
29.68,-11500000.0,9313561.0,49.63982457333399
29.69,-11500000.0,9313708.0,49.63980692002876
29.7,-11500000.0,9313855.0,49.63978926301284
29.71,-11500000.0,9314000.0,49.63977160260621
29.72,-11500000.0,9314143.0,49.6397539390639
29.73,-11500000.0,9314286.0,49.63973627265897
29.74,-11500000.0,9314428.0,49.63971860370602
29.75,-11500000.0,9314569.0,49.6397009325144
29.76,-11500000.0,9314709.0,49.63968325938529
29.77,-11500000.0,9314848.0,49.63966558460942
29.78,-11500000.0,9314986.0,49.639647908465385
29.79,-11500000.0,9315124.0,49.63963023125518
29.8,-11500000.0,9315261.0,49.639612553292544
29.81,-11500000.0,9315397.0,49.63959487486285
29.82,-11500000.0,9315533.0,49.639577196261946
29.83,-11500000.0,9315668.0,49.63955951778748
29.84,-11500000.0,9315803.0,49.63954183973765
29.85,-11500000.0,9315937.0,49.639524162404655
29.86,-11500000.0,9316071.0,49.63950648607509
29.87,-11500000.0,9316205.0,49.63948881106153
29.88,-11500000.0,9316339.0,49.63947113769344
29.89,-11500000.0,9316472.0,49.63945346627321
29.9,-11500000.0,9316605.0,49.63943579708105
29.91,-11500000.0,9316739.0,49.63941813044685
29.92,-11500000.0,9316872.0,49.63940046669655
29.93,-11500000.0,9317005.0,49.63938280611834
29.94,-11500000.0,9317138.0,49.639365149000916
29.95,-11500000.0,9317271.0,49.63934749563
29.96,-11500000.0,9317405.0,49.6393298463223
29.97,-11500000.0,9317538.0,49.63931220137593
29.98,-11500000.0,9317672.0,49.63929456107653
29.99,-11500000.0,9317806.0,49.63927692572756
30.0,-11500000.0,9317940.0,49.63925929560929
30.01,-11500000.0,9318075.0,49.639241671017096
30.02,-11500000.0,9318210.0,49.639224052252146
30.03,-11500000.0,9318346.0,49.639206439619606
30.04,-11500000.0,9318482.0,49.639188833421734
30.05,-11500000.0,9318619.0,49.63917123395791
30.06,-11500000.0,9318756.0,49.639153641519194
30.07,-11500000.0,9318894.0,49.63913605638969
30.08,-11500000.0,9319032.0,49.63911847884202
30.09,-11500000.0,9319171.0,49.63910090913956
30.1,-11500000.0,9319311.0,49.63908334756922
30.11,-11500000.0,9319451.0,49.63906579439681
30.12,-11500000.0,9319593.0,49.63904824990805
30.13,-11500000.0,9319735.0,49.63903071439573
30.14,-11500000.0,9319878.0,49.63901318812422
30.15,-11500000.0,9320021.0,49.63899567132985
30.16,-11500000.0,9320166.0,49.63897816426361
30.17,-11500000.0,9320311.0,49.638960667179894
30.18,-11500000.0,9320458.0,49.6389431803388
30.19,-11500000.0,9320605.0,49.638925703996605
30.2,-11500000.0,9320754.0,49.638908238409755
30.21,-11500000.0,9320903.0,49.63889078382657
30.22,-11500000.0,9321054.0,49.638873340492246
30.23,-11500000.0,9321205.0,49.638855908641446
30.24,-11500000.0,9321358.0,49.638838488503886
30.25,-11500000.0,9321511.0,49.638821080297504
30.26,-11500000.0,9321666.0,49.638803684234475
30.27,-11500000.0,9321822.0,49.63878630055143
30.28,-11500000.0,9321979.0,49.638768929468306
30.29,-11500000.0,9322138.0,49.63875157122658
30.3,-11500000.0,9322297.0,49.63873422604309
30.31,-11500000.0,9322458.0,49.638716894119014
30.32,-11500000.0,9322620.0,49.63869957567239
30.33,-11500000.0,9322784.0,49.63868227093556
30.34,-11500000.0,9322948.0,49.63866498011085
30.35,-11500000.0,9323114.0,49.63864770338079
30.36,-11500000.0,9323281.0,49.63863044094176
30.37,-11500000.0,9323450.0,49.63861319300237
30.38,-11500000.0,9323620.0,49.6385959597765
30.39,-11500000.0,9323791.0,49.63857874144672
30.4,-11500000.0,9323963.0,49.63856153816943
30.41,-11500000.0,9324137.0,49.63854435011589
30.42,-11500000.0,9324312.0,49.63852717746503
30.43,-11500000.0,9324489.0,49.63851002040342
30.44,-11500000.0,9324667.0,49.638492879119575
30.45,-11500000.0,9324847.0,49.638475753805146
30.46,-11500000.0,9325027.0,49.638458644613486
30.47,-11500000.0,9325210.0,49.63844155170909
30.48,-11500000.0,9325394.0,49.63842447529232
30.49,-11500000.0,9325579.0,49.63840741552315
30.5,-11500000.0,9325765.0,49.63839037252848
30.51,-11500000.0,9325954.0,49.638373346481686
30.52,-11500000.0,9326143.0,49.638356337549645
30.53,-11500000.0,9326334.0,49.63833934586482
30.54,-11500000.0,9326527.0,49.63832237159942
30.55,-11500000.0,9326721.0,49.6383054149195
30.56,-11500000.0,9326916.0,49.63828847595139
30.57,-11500000.0,9327113.0,49.63827155482608
30.58,-11500000.0,9327311.0,49.63825465167472
30.59,-11500000.0,9327511.0,49.6382377666308
30.6,-11500000.0,9327713.0,49.63822089986281
30.61,-11500000.0,9327915.0,49.63820405149274
30.62,-11500000.0,9328120.0,49.63818722164766
30.63,-11500000.0,9328326.0,49.63817041048626
30.64,-11500000.0,9328533.0,49.6381536181239
30.65,-11500000.0,9328742.0,49.63813684467791
30.66,-11500000.0,9328952.0,49.63812009026403
30.67,-11500000.0,9329163.0,49.63810335496252
30.68,-11500000.0,9329376.0,49.63808663886219
30.69,-11500000.0,9329591.0,49.63806994209237
30.7,-11500000.0,9329807.0,49.63805326477754
30.71,-11500000.0,9330024.0,49.638036607004224
30.72,-11500000.0,9330243.0,49.6380199688657
30.73,-11500000.0,9330463.0,49.63800335045792
30.74,-11500000.0,9330684.0,49.63798675184527
30.75,-11500000.0,9330907.0,49.63797017310419
30.76,-11500000.0,9331130.0,49.637953614281614
30.77,-11500000.0,9331356.0,49.63793707544406
30.78,-11500000.0,9331582.0,49.637920556665634
30.79,-11500000.0,9331810.0,49.63790405799893
30.8,-11500000.0,9332039.0,49.63788757951132
30.81,-11500000.0,9332269.0,49.63787112124883
30.82,-11500000.0,9332500.0,49.63785468324166
30.83,-11500000.0,9332732.0,49.63783826550868
30.84,-11500000.0,9332965.0,49.637821868061124
30.85,-11500000.0,9333199.0,49.63780549090577
30.86,-11500000.0,9333434.0,49.63778913404732
30.87,-11500000.0,9333670.0,49.63777279749059
30.88,-11500000.0,9333907.0,49.63775648124234
30.89,-11500000.0,9334145.0,49.63774018531264
30.9,-11500000.0,9334383.0,49.6377239096795
30.91,-11500000.0,9334623.0,49.63770765433736
30.92,-11500000.0,9334862.0,49.63769141925353
30.93,-11500000.0,9335103.0,49.63767520438482
30.94,-11500000.0,9335344.0,49.6376590097106
30.95,-11500000.0,9335585.0,49.63764283516304
30.96,-11500000.0,9335827.0,49.6376266806765
30.97,-11500000.0,9336069.0,49.63761054618743
30.98,-11500000.0,9336312.0,49.63759443163983
30.99,-11500000.0,9336555.0,49.63757833698406
31.0,-11500000.0,9336797.0,49.63756226210824
31.01,-11500000.0,9337040.0,49.637546206894456
31.02,-11500000.0,9337283.0,49.63753017125491
31.03,-11500000.0,9337526.0,49.63751415509552
31.04,-11500000.0,9337769.0,49.63749815832114
31.05,-11500000.0,9338012.0,49.6374821808397
31.06,-11500000.0,9338254.0,49.63746622252895
31.07,-11500000.0,9338496.0,49.63745028324988
31.08,-11500000.0,9338737.0,49.63743436285195
31.09,-11500000.0,9338978.0,49.63741846118281
31.1,-11500000.0,9339219.0,49.63740257812731
31.11,-11500000.0,9339458.0,49.637386713530866
31.12,-11500000.0,9339697.0,49.637370867218245
31.13,-11500000.0,9339935.0,49.637355039033814
31.14,-11500000.0,9340172.0,49.6373392288087
31.15,-11500000.0,9340409.0,49.63732343640522
31.16,-11500000.0,9340643.0,49.637307661639255
31.17,-11500000.0,9340877.0,49.637291904303716
31.18,-11500000.0,9341110.0,49.63727616424358
31.19,-11500000.0,9341341.0,49.63726044127983
31.2,-11500000.0,9341570.0,49.637244735185945
31.21,-11500000.0,9341798.0,49.637229045740185
31.22,-11500000.0,9342024.0,49.637213372727466
31.23,-11500000.0,9342249.0,49.63719771594652
31.24,-11500000.0,9342471.0,49.63718207517307
31.25,-11500000.0,9342692.0,49.63716645017616
31.26,-11500000.0,9342911.0,49.637150840756284
31.27,-11500000.0,9343127.0,49.63713524667418
31.28,-11500000.0,9343341.0,49.637119667667776
31.29,-11500000.0,9343553.0,49.637104103496846
31.3,-11500000.0,9343762.0,49.6370885539079
31.31,-11500000.0,9343969.0,49.63707301864563
31.32,-11500000.0,9344173.0,49.63705749745663
31.33,-11500000.0,9344375.0,49.637041990097785
31.34,-11500000.0,9344573.0,49.63702649630061
31.35,-11500000.0,9344769.0,49.6370110157883
31.36,-11500000.0,9344962.0,49.63699554831463
31.37,-11500000.0,9345151.0,49.63698009359296
31.38,-11500000.0,9345337.0,49.63696465131372
31.39,-11500000.0,9345520.0,49.636949221189234
31.4,-11500000.0,9345699.0,49.636933802918634
31.41,-11500000.0,9345875.0,49.63691839619959
31.42,-11500000.0,9346047.0,49.636903000731905
31.43,-11500000.0,9346216.0,49.63688761622603
31.44,-11500000.0,9346380.0,49.6368722423674
31.45,-11500000.0,9346541.0,49.63685687883335
31.46,-11500000.0,9346697.0,49.63684152529545
31.47,-11500000.0,9346850.0,49.636826181432475
31.48,-11500000.0,9346998.0,49.63681084692931
31.49,-11500000.0,9347141.0,49.636795521414136
31.5,-11500000.0,9347281.0,49.636780204549815
31.51,-11500000.0,9347415.0,49.63676489599055
31.52,-11500000.0,9347545.0,49.63674959536157
31.53,-11500000.0,9347670.0,49.63673430230252
31.54,-11500000.0,9347791.0,49.63671901647343
31.55,-11500000.0,9347906.0,49.63670373751696
31.56,-11500000.0,9348016.0,49.636688465037224
31.57,-11500000.0,9348121.0,49.63667319864785
31.58,-11500000.0,9348221.0,49.636657937976345
31.59,-11500000.0,9348315.0,49.63664268263056
31.6,-11500000.0,9348404.0,49.63662743221186
31.61,-11500000.0,9348487.0,49.63661218631985
31.62,-11500000.0,9348565.0,49.63659694456175
31.63,-11500000.0,9348637.0,49.636581706554026
31.64,-11500000.0,9348702.0,49.63656647185612
31.65,-11500000.0,9348762.0,49.63655124002804
31.66,-11500000.0,9348816.0,49.63653601066762
31.67,-11500000.0,9348864.0,49.636520783374785
31.68,-11500000.0,9348905.0,49.636505557720476
31.69,-11500000.0,9348940.0,49.6364903332616
31.7,-11500000.0,9348969.0,49.636475109584
31.71,-11500000.0,9348991.0,49.63645988626574
31.72,-11500000.0,9349007.0,49.63644466288749
31.73,-11500000.0,9349015.0,49.6364294389985
31.74,-11500000.0,9349017.0,49.6364142141348
31.75,-11500000.0,9349012.0,49.636398987859124
31.76,-11500000.0,9349000.0,49.63638375972748
31.77,-11500000.0,9348981.0,49.63636852929639
31.78,-11500000.0,9348955.0,49.636353296128654
31.79,-11500000.0,9348921.0,49.6363380597613
31.8,-11500000.0,9348880.0,49.63632281971964
31.81,-11500000.0,9348832.0,49.63630757555951
31.82,-11500000.0,9348776.0,49.636292326830095
31.83,-11500000.0,9348712.0,49.636277073047104
31.84,-11500000.0,9348641.0,49.63626181374244
31.85,-11500000.0,9348562.0,49.636246548463696
31.86,-11500000.0,9348476.0,49.63623127677937
31.87,-11500000.0,9348381.0,49.63621599824049
31.88,-11500000.0,9348278.0,49.63620071235882
31.89,-11500000.0,9348167.0,49.63618541865455
31.9,-11500000.0,9348049.0,49.63617011669682
31.91,-11500000.0,9347921.0,49.636154806022745
31.92,-11500000.0,9347786.0,49.636139486157795
31.93,-11500000.0,9347642.0,49.63612415665188
31.94,-11500000.0,9347490.0,49.63610881704852
31.95,-11500000.0,9347329.0,49.63609346688843
31.96,-11500000.0,9347160.0,49.6360781057181
31.97,-11500000.0,9346982.0,49.63606273309085
31.98,-11500000.0,9346795.0,49.6360473485364
31.99,-11500000.0,9346600.0,49.63603195160757
32.0,-11500000.0,9346396.0,49.63601654187734
32.01,-11500000.0,9346183.0,49.63600111890547
32.02,-11500000.0,9345960.0,49.63598568220919
32.03,-11500000.0,9345729.0,49.635970231316385
32.04,-11500000.0,9345489.0,49.63595476579904
32.05,-11500000.0,9345240.0,49.635939285234606
32.06,-11500000.0,9344981.0,49.63592378917234
32.07,-11500000.0,9344713.0,49.635908277146434
32.08,-11500000.0,9344436.0,49.63589274871731
32.09,-11500000.0,9344150.0,49.63587720347043
32.1,-11500000.0,9343854.0,49.63586164097821
32.11,-11500000.0,9343549.0,49.635846060809584
32.12,-11500000.0,9343234.0,49.63583046253181
32.13,-11500000.0,9342910.0,49.63581484571746
32.14,-11500000.0,9342576.0,49.63579920994427
32.15,-11500000.0,9342233.0,49.63578355480049
32.16,-11500000.0,9341880.0,49.635767879883396
32.17,-11500000.0,9341517.0,49.635752184766915
32.18,-11500000.0,9341144.0,49.63573646900993
32.19,-11500000.0,9340762.0,49.63572073219958
32.2,-11500000.0,9340370.0,49.635704973945735
32.21,-11500000.0,9339968.0,49.63568919384546
32.22,-11500000.0,9339556.0,49.63567339148859
32.23,-11500000.0,9339134.0,49.63565756646236
32.24,-11500000.0,9338703.0,49.635641718391454
32.25,-11500000.0,9338261.0,49.63562584689342
32.26,-11500000.0,9337810.0,49.635609951588336
32.27,-11500000.0,9337348.0,49.63559403209523
32.28,-11500000.0,9336877.0,49.63557808804034
32.29,-11500000.0,9336395.0,49.63556211905239
32.3,-11500000.0,9335903.0,49.63554612473319
32.31,-11500000.0,9335401.0,49.6355301046996
32.32,-11500000.0,9334890.0,49.63551405861909
32.33,-11500000.0,9334368.0,49.635497986161624
32.34,-11500000.0,9333835.0,49.6354818869331
32.35,-11500000.0,9333293.0,49.63546576056411
32.36,-11500000.0,9332741.0,49.63544960673777
32.37,-11500000.0,9332178.0,49.63543342510965
32.38,-11500000.0,9331606.0,49.63541721535462
32.39,-11500000.0,9331023.0,49.63540097715851
32.4,-11500000.0,9330430.0,49.63538471018612
32.41,-11500000.0,9329826.0,49.635368414084155
32.42,-11500000.0,9329213.0,49.63535208852582
32.43,-11500000.0,9328590.0,49.635335733237554
32.44,-11500000.0,9327956.0,49.63531934791812
32.45,-11500000.0,9327312.0,49.635302932248074
32.46,-11500000.0,9326658.0,49.63528648592837
32.47,-11500000.0,9325994.0,49.63527000867684
32.48,-11500000.0,9325320.0,49.63525350022528
32.49,-11500000.0,9324636.0,49.63523696031697
32.5,-11500000.0,9323941.0,49.63522038866785
32.51,-11500000.0,9323237.0,49.63520378501207
32.52,-11500000.0,9322522.0,49.635187149092886
32.53,-11500000.0,9321797.0,49.63517048062977
32.54,-11500000.0,9321063.0,49.63515377939401
32.55,-11500000.0,9320318.0,49.635137045158245
32.56,-11500000.0,9319564.0,49.63512027770153
32.57,-11500000.0,9318799.0,49.63510347680189
32.58,-11500000.0,9318024.0,49.635086642205096
32.59,-11500000.0,9317240.0,49.63506977370164
32.6,-11500000.0,9316446.0,49.635052871113906
32.61,-11500000.0,9315642.0,49.63503593425476
32.62,-11500000.0,9314828.0,49.63501896292853
32.63,-11500000.0,9314004.0,49.6350019569319
32.64,-11500000.0,9313171.0,49.63498491609125
32.65,-11500000.0,9312328.0,49.634967840252465
32.66,-11500000.0,9311475.0,49.63495072924153
32.67,-11500000.0,9310613.0,49.63493358290412
32.68,-11500000.0,9309741.0,49.634916401097115
32.69,-11500000.0,9308859.0,49.63489918365076
32.7,-11500000.0,9307968.0,49.63488193040936
32.71,-11500000.0,9307068.0,49.63486464126059
32.72,-11500000.0,9306158.0,49.63484731608771
32.73,-11500000.0,9305239.0,49.634829954771206
32.74,-11500000.0,9304311.0,49.634812557221174
32.75,-11500000.0,9303374.0,49.634795123368875
32.76,-11500000.0,9302427.0,49.63477765312299
32.77,-11500000.0,9301471.0,49.63476014637469
32.78,-11500000.0,9300506.0,49.63474260303284
32.79,-11500000.0,9299533.0,49.6347250230544
32.8,-11500000.0,9298550.0,49.63470740639184
32.81,-11500000.0,9297558.0,49.63468975296005
32.82,-11500000.0,9296558.0,49.63467206271195
32.83,-11500000.0,9295549.0,49.63465433562466
32.84,-11500000.0,9294532.0,49.63463657169393
32.85,-11500000.0,9293505.0,49.63461877088726
32.86,-11500000.0,9292471.0,49.63460093318869
32.87,-11500000.0,9291427.0,49.63458305858356
32.88,-11500000.0,9290376.0,49.63456514706296
32.89,-11500000.0,9289316.0,49.634547198647226
32.9,-11500000.0,9288248.0,49.63452921334488
32.91,-11500000.0,9287172.0,49.63451119118503
32.92,-11500000.0,9286088.0,49.63449313220914
32.93,-11500000.0,9284996.0,49.63447503646423
32.94,-11500000.0,9283895.0,49.634456903960775
32.95,-11500000.0,9282788.0,49.634438734752564
32.96,-11500000.0,9281672.0,49.634420528914816
32.97,-11500000.0,9280549.0,49.63440228650692
32.98,-11500000.0,9279418.0,49.634384007602314
32.99,-11500000.0,9278280.0,49.6343656922837
33.0,-11500000.0,9277134.0,49.63434734063366
33.01,-11500000.0,9275981.0,49.63432895273267
33.02,-11500000.0,9274821.0,49.634310528688744
33.03,-11500000.0,9273654.0,49.63429206862659
33.04,-11500000.0,9272480.0,49.63427357267904
33.05,-11500000.0,9271299.0,49.634255040980065
33.06,-11500000.0,9270111.0,49.634236473659236
33.07,-11500000.0,9268917.0,49.634217870874096
33.08,-11500000.0,9267716.0,49.634199232795986
33.09,-11500000.0,9266508.0,49.63418055956747
33.1,-11500000.0,9265294.0,49.634161851339584
33.11,-11500000.0,9264074.0,49.6341431082984
33.12,-11500000.0,9262847.0,49.63412433061499
33.13,-11500000.0,9261615.0,49.63410551848232
33.14,-11500000.0,9260376.0,49.63408667209899
33.15,-11500000.0,9259132.0,49.634067791667555
33.16,-11500000.0,9257881.0,49.634048877381964
33.17,-11500000.0,9256626.0,49.6340299294656
33.18,-11500000.0,9255364.0,49.6340109481503
33.19,-11500000.0,9254097.0,49.63399193363989
33.2,-11500000.0,9252825.0,49.6339728861776
33.21,-11500000.0,9251548.0,49.63395380603133
33.22,-11500000.0,9250266.0,49.633934693481685
33.23,-11500000.0,9248979.0,49.63391554881251
33.24,-11500000.0,9247687.0,49.63389637230323
33.25,-11500000.0,9246390.0,49.633877164222795
33.26,-11500000.0,9245088.0,49.63385792482509
33.27,-11500000.0,9243783.0,49.63383865441874
33.28,-11500000.0,9242472.0,49.63381935330602
33.29,-11500000.0,9241158.0,49.63380002178543
33.3,-11500000.0,9239840.0,49.63378066021032
33.31,-11500000.0,9238517.0,49.633761268899065
33.32,-11500000.0,9237191.0,49.63374184817461
33.33,-11500000.0,9235861.0,49.63372239838718
33.34,-11500000.0,9234527.0,49.63370291986695
33.35,-11500000.0,9233190.0,49.63368341295744
33.36,-11500000.0,9231850.0,49.633663878039144
33.37,-11500000.0,9230507.0,49.63364431551383
33.38,-11500000.0,9229160.0,49.63362472575516
33.39,-11500000.0,9227811.0,49.63360510914635
33.4,-11500000.0,9226458.0,49.63358546606454
33.41,-11500000.0,9225103.0,49.63356579687977
33.42,-11500000.0,9223746.0,49.6335461020166
33.43,-11500000.0,9222386.0,49.63352638189763
33.44,-11500000.0,9221024.0,49.633506636938534
33.45,-11500000.0,9219659.0,49.63348686753841
33.46,-11500000.0,9218293.0,49.63346707411498
33.47,-11500000.0,9216925.0,49.633447257123834
33.48,-11500000.0,9215555.0,49.63342741700801
33.49,-11500000.0,9214183.0,49.63340755419247
33.5,-11500000.0,9212810.0,49.633387669116665
33.51,-11500000.0,9211435.0,49.633367762220516
33.52,-11500000.0,9210059.0,49.63334783393914
33.53,-11500000.0,9208682.0,49.63332788472987
33.54,-11500000.0,9207304.0,49.63330791505955
33.55,-11500000.0,9205926.0,49.63328792543136
33.56,-11500000.0,9204546.0,49.6332679163293
33.57,-11500000.0,9203166.0,49.63324788821977
33.58,-11500000.0,9201785.0,49.63322784157862
33.59,-11500000.0,9200403.0,49.633207776847264
33.6,-11500000.0,9199022.0,49.633187694506084
33.61,-11500000.0,9197640.0,49.63316759505291
33.62,-11500000.0,9196258.0,49.633147478960225
33.63,-11500000.0,9194876.0,49.63312734670713
33.64,-11500000.0,9193494.0,49.63310719877032
33.65,-11500000.0,9192113.0,49.63308703565423
33.66,-11500000.0,9190731.0,49.633066857837946
33.67,-11500000.0,9189351.0,49.6330466658159
33.68,-11500000.0,9187970.0,49.63302646007891
33.69,-11500000.0,9186591.0,49.63300624111637
33.7,-11500000.0,9185212.0,49.632986009437936
33.71,-11500000.0,9183834.0,49.632965765531026
33.72,-11500000.0,9182457.0,49.632945509892764
33.73,-11500000.0,9181081.0,49.632925243021184
33.74,-11500000.0,9179706.0,49.63290496540841
33.75,-11500000.0,9178332.0,49.6328846775353
33.76,-11500000.0,9176959.0,49.632864379867534
33.77,-11500000.0,9175588.0,49.63284407288949
33.78,-11500000.0,9174219.0,49.63282375712835
33.79,-11500000.0,9172851.0,49.63280343310189
33.8,-11500000.0,9171484.0,49.63278310128011
33.81,-11500000.0,9170120.0,49.63276276216341
33.82,-11500000.0,9168757.0,49.63274241626475
33.83,-11500000.0,9167396.0,49.63272206406991
33.84,-11500000.0,9166037.0,49.63270170607171
33.85,-11500000.0,9164680.0,49.63268134276307
33.86,-11500000.0,9163325.0,49.63266097463154
33.87,-11500000.0,9161972.0,49.63264060215518
33.88,-11500000.0,9160621.0,49.63262022579929
33.89,-11500000.0,9159273.0,49.63259984605122
33.9,-11500000.0,9157927.0,49.632579463407886
33.91,-11500000.0,9156584.0,49.63255907837155
33.92,-11500000.0,9155243.0,49.63253869144104
33.93,-11500000.0,9153905.0,49.632518303110444
33.94,-11500000.0,9152569.0,49.632497913862565
33.95,-11500000.0,9151236.0,49.63247752416958
33.96,-11500000.0,9149906.0,49.63245713452494
33.97,-11500000.0,9148579.0,49.632436745434546
33.98,-11500000.0,9147254.0,49.63241635737247
33.99,-11500000.0,9145933.0,49.63239597082333
34.0,-11500000.0,9144614.0,49.63237558627007
34.01,-11500000.0,9143299.0,49.632355204195875
34.02,-11500000.0,9141986.0,49.632334825074246
34.03,-11500000.0,9140677.0,49.63231444937268
34.04,-11500000.0,9139371.0,49.6322940775814
34.05,-11500000.0,9138068.0,49.63227371017036
34.06,-11500000.0,9136768.0,49.63225334758961
34.07,-11500000.0,9135472.0,49.63223299030688
34.08,-11500000.0,9134179.0,49.63221263879725
34.09,-11500000.0,9132889.0,49.63219229350376
34.1,-11500000.0,9131603.0,49.63217195487763
34.11,-11500000.0,9130320.0,49.63215162337018
34.12,-11500000.0,9129041.0,49.63213129943229
34.13,-11500000.0,9127766.0,49.63211098354524
34.14,-11500000.0,9126494.0,49.63209067617379
34.15,-11500000.0,9125225.0,49.63207037773206
34.16,-11500000.0,9123961.0,49.63205008866508
34.17,-11500000.0,9122700.0,49.6320298094335
34.18,-11500000.0,9121442.0,49.63200954043863
34.19,-11500000.0,9120189.0,49.63198928210603
34.2,-11500000.0,9118939.0,49.63196903487177
34.21,-11500000.0,9117693.0,49.631948799145874
34.22,-11500000.0,9116451.0,49.631928575349086
34.23,-11500000.0,9115212.0,49.631908363870764
34.24,-11500000.0,9113978.0,49.631888165112734
34.25,-11500000.0,9112747.0,49.63186797947827
34.26,-11500000.0,9111520.0,49.63184780733793
34.27,-11500000.0,9110298.0,49.63182764910515
34.28,-11500000.0,9109079.0,49.631807505184916
34.29,-11500000.0,9107864.0,49.63178737594154
34.3,-11500000.0,9106653.0,49.631767261739206
34.31,-11500000.0,9105446.0,49.63174716293988
34.32,-11500000.0,9104243.0,49.63172707990156
34.33,-11500000.0,9103044.0,49.63170701297718
34.34,-11500000.0,9101849.0,49.63168696251354
34.35,-11500000.0,9100658.0,49.631666928850784
34.36,-11500000.0,9099471.0,49.631646912321926
34.37,-11500000.0,9098288.0,49.63162691325261
34.38,-11500000.0,9097109.0,49.63160693196104
34.39,-11500000.0,9095934.0,49.6315869687579
34.4,-11500000.0,9094763.0,49.631567023946594
34.41,-11500000.0,9093596.0,49.631547097823244
34.42,-11500000.0,9092433.0,49.63152719067703
34.43,-11500000.0,9091274.0,49.631507302790425
34.44,-11500000.0,9090119.0,49.63148743443946
34.45,-11500000.0,9088968.0,49.63146758589408
34.46,-11500000.0,9087822.0,49.63144775745562
34.47,-11500000.0,9086679.0,49.631427949409144
34.48,-11500000.0,9085540.0,49.631408161994564
34.49,-11500000.0,9084405.0,49.63138839544966
34.5,-11500000.0,9083274.0,49.631368650010046
34.51,-11500000.0,9082147.0,49.631348925909116
34.52,-11500000.0,9081024.0,49.63132922337802
34.53,-11500000.0,9079905.0,49.6313095426458
34.54,-11500000.0,9078789.0,49.6312898839024
34.55,-11500000.0,9077678.0,49.63127024734674
34.56,-11500000.0,9076570.0,49.63125063317918
34.57,-11500000.0,9075467.0,49.631231041606924
34.58,-11500000.0,9074367.0,49.63121147283694
34.59,-11500000.0,9073271.0,49.63119192704469
34.6,-11500000.0,9072179.0,49.63117240441521
34.61,-11500000.0,9071090.0,49.63115290510448
34.62,-11500000.0,9070005.0,49.63113342924871
34.63,-11500000.0,9068924.0,49.63111397700361
34.64,-11500000.0,9067847.0,49.6310945485409
34.65,-11500000.0,9066773.0,49.63107514400836
34.66,-11500000.0,9065703.0,49.63105576353846
34.67,-11500000.0,9064637.0,49.631036407286736
34.68,-11500000.0,9063574.0,49.63101707539066
34.69,-11500000.0,9062514.0,49.630997767939974
34.7,-11500000.0,9061458.0,49.63097848502514
34.71,-11500000.0,9060406.0,49.630959226772724
34.72,-11500000.0,9059357.0,49.63093999330187
34.73,-11500000.0,9058311.0,49.6309207846926
34.74,-11500000.0,9057269.0,49.630901601032626
34.75,-11500000.0,9056230.0,49.63088244241432
34.76,-11500000.0,9055195.0,49.63086330893801
34.77,-11500000.0,9054162.0,49.63084420067173
34.78,-11500000.0,9053133.0,49.63082511766523
34.79,-11500000.0,9052107.0,49.63080605998705
34.8,-11500000.0,9051084.0,49.63078702768796
34.81,-11500000.0,9050065.0,49.63076802084364
34.82,-11500000.0,9049048.0,49.630749039511066
34.83,-11500000.0,9048034.0,49.63073008370282
34.84,-11500000.0,9047023.0,49.63071115343269
34.85,-11500000.0,9046015.0,49.630692248717665
34.86,-11500000.0,9045010.0,49.6306733695793
34.87,-11500000.0,9044008.0,49.630654516044906
34.88,-11500000.0,9043009.0,49.63063568814848
34.89,-11500000.0,9042012.0,49.630616885894106
34.9,-11500000.0,9041018.0,49.63059810926747
34.91,-11500000.0,9040026.0,49.63057935823915
34.92,-11500000.0,9039037.0,49.63056063277331
34.93,-11500000.0,9038051.0,49.63054193286591
34.94,-11500000.0,9037067.0,49.63052325850323
34.95,-11500000.0,9036086.0,49.630504609669366
34.96,-11500000.0,9035106.0,49.63048598630892
34.97,-11500000.0,9034129.0,49.630467388344
34.98,-11500000.0,9033155.0,49.63044881575039
34.99,-11500000.0,9032182.0,49.63043026847466
35.0,-11500000.0,9031212.0,49.63041174644872
35.01,-11500000.0,9030243.0,49.6303932495901
35.02,-11500000.0,9029277.0,49.63037477781372
35.03,-11500000.0,9028313.0,49.63035633106701
35.04,-11500000.0,9027350.0,49.63033790925439
35.05,-11500000.0,9026389.0,49.63031951225227
35.06,-11500000.0,9025431.0,49.63030113998982
35.07,-11500000.0,9024473.0,49.630282792363786
35.08,-11500000.0,9023518.0,49.63026446925695
35.09,-11500000.0,9022564.0,49.63024617057313
35.1,-11500000.0,9021611.0,49.630227896167305
35.11,-11500000.0,9020660.0,49.63020964589654
35.12,-11500000.0,9019711.0,49.63019141965758
35.13,-11500000.0,9018762.0,49.630173217307345
35.14,-11500000.0,9017815.0,49.63015503868059
35.15,-11500000.0,9016869.0,49.63013688362981
35.16,-11500000.0,9015925.0,49.63011875202803
35.17,-11500000.0,9014981.0,49.630100643728
35.18,-11500000.0,9014038.0,49.630082558538504
35.19,-11500000.0,9013096.0,49.63006449627197
35.2,-11500000.0,9012156.0,49.63004645678487
35.21,-11500000.0,9011215.0,49.63002843989489
35.22,-11500000.0,9010276.0,49.63001044540154
35.23,-11500000.0,9009337.0,49.6299924731226
35.24,-11500000.0,9008399.0,49.62997452286287
35.25,-11500000.0,9007462.0,49.62995659445522
35.26,-11500000.0,9006525.0,49.62993868772141
35.27,-11500000.0,9005588.0,49.62992080244388
35.28,-11500000.0,9004652.0,49.62990293841544
35.29,-11500000.0,9003715.0,49.62988509540115
35.3,-11500000.0,9002779.0,49.62986727315407
35.31,-11500000.0,9001844.0,49.629849471491
35.32,-11500000.0,9000908.0,49.62983169020851
35.33,-11500000.0,8999972.0,49.629813929059814
35.34,-11500000.0,8999036.0,49.62979618780242
35.35,-11500000.0,8998100.0,49.62977846620172
35.36,-11500000.0,8997164.0,49.62976076403361
35.37,-11500000.0,8996227.0,49.629743081049156
35.38,-11500000.0,8995290.0,49.62972541698702
35.39,-11500000.0,8994353.0,49.6297077716149
35.4,-11500000.0,8993415.0,49.62969014469041
35.41,-11500000.0,8992476.0,49.62967253593305
35.42,-11500000.0,8991537.0,49.62965494507392
35.43,-11500000.0,8990597.0,49.62963737185495
35.44,-11500000.0,8989657.0,49.629619816033745
35.45,-11500000.0,8988715.0,49.629602277344425
35.46,-11500000.0,8987773.0,49.62958475551261
35.47,-11500000.0,8986830.0,49.629567250293135
35.48,-11500000.0,8985885.0,49.62954976139641
35.49,-11500000.0,8984940.0,49.629532288542265
35.5,-11500000.0,8983993.0,49.629514831456625
35.51,-11500000.0,8983045.0,49.62949738984296
35.52,-11500000.0,8982096.0,49.62947996342576
35.53,-11500000.0,8981145.0,49.62946255191309
35.54,-11500000.0,8980193.0,49.62944515500719
35.55,-11500000.0,8979239.0,49.62942777240721
35.56,-11500000.0,8978284.0,49.62941040381696
35.57,-11500000.0,8977327.0,49.62939304894542
35.58,-11500000.0,8976369.0,49.62937570751277
35.59,-11500000.0,8975408.0,49.62935837921192
35.6,-11500000.0,8974446.0,49.62934106372431
35.61,-11500000.0,8973482.0,49.62932376075814
35.62,-11500000.0,8972516.0,49.629306470012594
35.63,-11500000.0,8971548.0,49.629289191183766
35.64,-11500000.0,8970578.0,49.62927192396956
35.65,-11500000.0,8969606.0,49.62925466807337
35.66,-11500000.0,8968631.0,49.629237423169684
35.67,-11500000.0,8967655.0,49.62922018895454
35.68,-11500000.0,8966676.0,49.629202965139356
35.69,-11500000.0,8965694.0,49.6291857513826
35.7,-11500000.0,8964710.0,49.62916854734246
35.71,-11500000.0,8963724.0,49.62915135271553
35.72,-11500000.0,8962735.0,49.629134167195375
35.73,-11500000.0,8961744.0,49.629116990479865
35.74,-11500000.0,8960749.0,49.62909982223388
35.75,-11500000.0,8959753.0,49.629082662143276
35.76,-11500000.0,8958753.0,49.62906550990576
35.77,-11500000.0,8957751.0,49.6290483652033
35.78,-11500000.0,8956745.0,49.62903122770349
35.79,-11500000.0,8955737.0,49.62901409707203
35.8,-11500000.0,8954726.0,49.62899697300855
35.81,-11500000.0,8953711.0,49.62897985517112
35.82,-11500000.0,8952694.0,49.628962743228946
35.83,-11500000.0,8951674.0,49.62894563689522
35.84,-11500000.0,8950650.0,49.62892853584937
35.85,-11500000.0,8949623.0,49.62891143975045
35.86,-11500000.0,8948593.0,49.62889434827939
35.87,-11500000.0,8947560.0,49.62887726113785
35.88,-11500000.0,8946523.0,49.628860178009624
35.89,-11500000.0,8945483.0,49.628843098570506
35.9,-11500000.0,8944440.0,49.62882602252769
35.91,-11500000.0,8943393.0,49.6288089495788
35.92,-11500000.0,8942343.0,49.62879187941975
35.93,-11500000.0,8941289.0,49.628774811745195
35.94,-11500000.0,8940231.0,49.628757746217126
35.95,-11500000.0,8939170.0,49.62874068251211
35.96,-11500000.0,8938105.0,49.6287236203183
35.97,-11500000.0,8937037.0,49.628706559338625
35.98,-11500000.0,8935965.0,49.62868949928737
35.99,-11500000.0,8934890.0,49.628672439893286
36.0,-11500000.0,8933810.0,49.62865538085847
36.01,-11500000.0,8932727.0,49.62863832187223
36.02,-11500000.0,8931640.0,49.628621262647826
36.03,-11500000.0,8930549.0,49.62860420288526
36.04,-11500000.0,8929455.0,49.628587142313584
36.05,-11500000.0,8928356.0,49.62857008064665
36.06,-11500000.0,8927254.0,49.628553017594044
36.07,-11500000.0,8926148.0,49.62853595289564
36.08,-11500000.0,8925038.0,49.62851888628252
36.09,-11500000.0,8923924.0,49.62850181748054
36.1,-11500000.0,8922806.0,49.62848474621319
36.11,-11500000.0,8921685.0,49.62846767224117
36.12,-11500000.0,8920559.0,49.62845059531575
36.13,-11500000.0,8919429.0,49.62843351515045
36.14,-11500000.0,8918296.0,49.62841643150252
36.15,-11500000.0,8917158.0,49.62839934412478
36.16,-11500000.0,8916017.0,49.628382252773555
36.17,-11500000.0,8914871.0,49.62836515720337
36.18,-11500000.0,8913722.0,49.62834805717429
36.19,-11500000.0,8912568.0,49.628330952446085
36.2,-11500000.0,8911410.0,49.62831384274774
36.21,-11500000.0,8910249.0,49.628296727857055
36.22,-11500000.0,8909083.0,49.62827960755122
36.23,-11500000.0,8907914.0,49.628262481613454
36.24,-11500000.0,8906740.0,49.62824534982697
36.25,-11500000.0,8905562.0,49.62822821194407
36.26,-11500000.0,8904380.0,49.62821106772834
36.27,-11500000.0,8903195.0,49.6281939169906
36.28,-11500000.0,8902005.0,49.62817675953951
36.29,-11500000.0,8900811.0,49.62815959515095
36.3,-11500000.0,8899613.0,49.6281424236103
36.31,-11500000.0,8898410.0,49.62812524467396
36.32,-11500000.0,8897204.0,49.62810805811665
36.33,-11500000.0,8895994.0,49.62809086376035
36.34,-11500000.0,8894779.0,49.628073661392975
36.35,-11500000.0,8893561.0,49.62805645081664
36.36,-11500000.0,8892338.0,49.62803923183984
36.37,-11500000.0,8891111.0,49.62802200424517
36.38,-11500000.0,8889880.0,49.62800476783026
36.39,-11500000.0,8888645.0,49.62798752240565
36.4,-11500000.0,8887406.0,49.62797026779279
36.41,-11500000.0,8886163.0,49.627953003822675
36.42,-11500000.0,8884915.0,49.62793573029701
36.43,-11500000.0,8883663.0,49.62791844699822
36.44,-11500000.0,8882408.0,49.62790115376663
36.45,-11500000.0,8881147.0,49.62788385041129
36.46,-11500000.0,8879883.0,49.62786653672609
36.47,-11500000.0,8878615.0,49.62784921256035
36.48,-11500000.0,8877342.0,49.62783187773589
36.49,-11500000.0,8876065.0,49.62781453205663
36.5,-11500000.0,8874784.0,49.62779717534801
36.51,-11500000.0,8873499.0,49.627779807453464
36.52,-11500000.0,8872209.0,49.627762428194124
36.53,-11500000.0,8870916.0,49.62774503741485
36.54,-11500000.0,8869618.0,49.62772763497446
36.55,-11500000.0,8868315.0,49.627710220674416
36.56,-11500000.0,8867009.0,49.62769279434702
36.57,-11500000.0,8865698.0,49.62767535584436
36.58,-11500000.0,8864383.0,49.62765790500329
36.59,-11500000.0,8863064.0,49.62764044168432
36.6,-11500000.0,8861740.0,49.627622965730104
36.61,-11500000.0,8860412.0,49.627605476973066
36.62,-11500000.0,8859080.0,49.62758797527331
36.63,-11500000.0,8857744.0,49.627570460513795
36.64,-11500000.0,8856403.0,49.627552932558864
36.65,-11500000.0,8855058.0,49.62753539126192
36.66,-11500000.0,8853709.0,49.627517836503344
36.67,-11500000.0,8852355.0,49.62750026814818
36.68,-11500000.0,8850997.0,49.627482686053106
36.69,-11500000.0,8849635.0,49.627465090103755
36.7,-11500000.0,8848269.0,49.62744748020948
36.71,-11500000.0,8846898.0,49.627429856261365
36.72,-11500000.0,8845523.0,49.62741221813962
36.73,-11500000.0,8844144.0,49.627394565751196
36.74,-11500000.0,8842760.0,49.62737689898725
36.75,-11500000.0,8841372.0,49.62735921772983
36.76,-11500000.0,8839980.0,49.62734152188912
36.77,-11500000.0,8838584.0,49.62732381139795
36.78,-11500000.0,8837183.0,49.62730608616971
36.79,-11500000.0,8835778.0,49.62728834610564
36.8,-11500000.0,8834369.0,49.62727059113231
36.81,-11500000.0,8832956.0,49.62725282119663
36.82,-11500000.0,8831538.0,49.62723503622388
36.83,-11500000.0,8830117.0,49.62721723616279
36.84,-11500000.0,8828691.0,49.627199420974776
36.85,-11500000.0,8827260.0,49.62718159056156
36.86,-11500000.0,8825826.0,49.62716374485293
36.87,-11500000.0,8824388.0,49.62714588383246
36.88,-11500000.0,8822945.0,49.62712800745353
36.89,-11500000.0,8821498.0,49.62711011564796
36.9,-11500000.0,8820047.0,49.62709220836496
36.91,-11500000.0,8818592.0,49.627074285566955
36.92,-11500000.0,8817133.0,49.62705634722626
36.93,-11500000.0,8815670.0,49.627038393322245
36.94,-11500000.0,8814203.0,49.627020423839
36.95,-11500000.0,8812732.0,49.6270024387635
36.96,-11500000.0,8811257.0,49.62698443808394
36.97,-11500000.0,8809778.0,49.626966421788495
36.98,-11500000.0,8808294.0,49.62694838982661
36.99,-11500000.0,8806807.0,49.626930342156626
37.0,-11500000.0,8805316.0,49.62691227877483
37.01,-11500000.0,8803822.0,49.62689419970909
37.02,-11500000.0,8802323.0,49.626876104970194
37.03,-11500000.0,8800820.0,49.62685799452202
37.04,-11500000.0,8799314.0,49.62683986836251
37.05,-11500000.0,8797804.0,49.62682172651227
37.06,-11500000.0,8796290.0,49.62680356897329
37.07,-11500000.0,8794772.0,49.626785395731346
37.08,-11500000.0,8793251.0,49.62676720679533
37.09,-11500000.0,8791726.0,49.62674900218798
37.1,-11500000.0,8790198.0,49.62673078194387
37.11,-11500000.0,8788665.0,49.626712546064496
37.12,-11500000.0,8787130.0,49.62669429456681
37.13,-11500000.0,8785590.0,49.626676027469315
37.14,-11500000.0,8784048.0,49.62665774479855
37.15,-11500000.0,8782502.0,49.62663944661422
37.16,-11500000.0,8780952.0,49.62662113293043
37.17,-11500000.0,8779399.0,49.62660280376084
37.18,-11500000.0,8777843.0,49.626584459151346
37.19,-11500000.0,8776283.0,49.62656609913349
37.2,-11500000.0,8774720.0,49.62654772372797
37.21,-11500000.0,8773154.0,49.62652933297949
37.22,-11500000.0,8771585.0,49.62651092694938
37.23,-11500000.0,8770013.0,49.626492505709614
37.24,-11500000.0,8768437.0,49.626474069300244
37.25,-11500000.0,8766859.0,49.62645561777421
37.26,-11500000.0,8765278.0,49.62643715122409
37.27,-11500000.0,8763693.0,49.62641866969847
37.28,-11500000.0,8762106.0,49.626400173249166
37.29,-11500000.0,8760516.0,49.6263816619599
37.3,-11500000.0,8758923.0,49.62636313590196
37.31,-11500000.0,8757327.0,49.62634459513404
37.32,-11500000.0,8755729.0,49.62632603973988
37.33,-11500000.0,8754128.0,49.626307469817256
37.34,-11500000.0,8752524.0,49.62628888543722
37.35,-11500000.0,8750918.0,49.62627028668457
37.36,-11500000.0,8749310.0,49.62625167368685
37.37,-11500000.0,8747699.0,49.626233046564536
37.38,-11500000.0,8746085.0,49.6262144053943
37.39,-11500000.0,8744470.0,49.626195750290805
37.4,-11500000.0,8742852.0,49.62617708138965
37.41,-11500000.0,8741232.0,49.62615839880776
37.42,-11500000.0,8739609.0,49.62613970264098
37.43,-11500000.0,8737985.0,49.626120993005905
37.44,-11500000.0,8736359.0,49.6261022700643
37.45,-11500000.0,8734730.0,49.62608353393724
37.46,-11500000.0,8733100.0,49.626064784750874
37.47,-11500000.0,8731468.0,49.626046022663836
37.48,-11500000.0,8729834.0,49.62602724782194
37.49,-11500000.0,8728198.0,49.62600846035712
37.5,-11500000.0,8726561.0,49.625989660424594
37.51,-11500000.0,8724922.0,49.6259708481913
37.52,-11500000.0,8723282.0,49.62595202383257
37.53,-11500000.0,8721640.0,49.62593318752348
37.54,-11500000.0,8719997.0,49.625914339437934
37.55,-11500000.0,8718352.0,49.625895479741985
37.56,-11500000.0,8716706.0,49.625876608594524
37.57,-11500000.0,8715059.0,49.62585772617974
37.58,-11500000.0,8713411.0,49.625838832697816
37.59,-11500000.0,8711762.0,49.62581992835729
37.6,-11500000.0,8710112.0,49.62580101336913
37.61,-11500000.0,8708460.0,49.62578208790408
37.62,-11500000.0,8706808.0,49.625763152137665
37.63,-11500000.0,8705156.0,49.62574420631502
37.64,-11500000.0,8703502.0,49.625725250656075
37.65,-11500000.0,8701848.0,49.62570628536222
37.66,-11500000.0,8700193.0,49.62568731064781
37.67,-11500000.0,8698538.0,49.625668326736
37.68,-11500000.0,8696882.0,49.625649333849495
37.69,-11500000.0,8695226.0,49.62563033220904
37.7,-11500000.0,8693570.0,49.62561132206429
37.71,-11500000.0,8691913.0,49.62559230364519
37.72,-11500000.0,8690256.0,49.62557327716443
37.73,-11500000.0,8688600.0,49.62555424288937
37.74,-11500000.0,8686943.0,49.6255352010851
37.75,-11500000.0,8685286.0,49.62551615197797
37.76,-11500000.0,8683629.0,49.62549709579405
37.77,-11500000.0,8681973.0,49.62547803279257
37.78,-11500000.0,8680317.0,49.62545896325123
37.79,-11500000.0,8678661.0,49.62543988742256
37.8,-11500000.0,8677006.0,49.625420805572176
37.81,-11500000.0,8675351.0,49.62540171796846
37.82,-11500000.0,8673697.0,49.625382624880004
37.83,-11500000.0,8672044.0,49.625363526605724
37.84,-11500000.0,8670391.0,49.62534442342568
37.85,-11500000.0,8668739.0,49.625325315602964
37.86,-11500000.0,8667088.0,49.62530620341745
37.87,-11500000.0,8665438.0,49.6252870871575
37.88,-11500000.0,8663789.0,49.62526796711316
37.89,-11500000.0,8662141.0,49.62524884357096
37.9,-11500000.0,8660494.0,49.62522971680968
37.91,-11500000.0,8658848.0,49.62521058709718
37.92,-11500000.0,8657204.0,49.6251914547258
37.93,-11500000.0,8655561.0,49.625172319999514
37.94,-11500000.0,8653920.0,49.62515318322943
37.95,-11500000.0,8652280.0,49.625134044724426
37.96,-11500000.0,8650642.0,49.62511490478956
37.97,-11500000.0,8649006.0,49.625095763757066
37.98,-11500000.0,8647371.0,49.625076621937644
37.99,-11500000.0,8645739.0,49.62505747966092
38.0,-11500000.0,8644108.0,49.62503833726064
38.01,-11500000.0,8642479.0,49.62501919503667
38.02,-11500000.0,8640853.0,49.625000053330226
38.03,-11500000.0,8639228.0,49.624980912469304
38.04,-11500000.0,8637606.0,49.62496177277231
38.05,-11500000.0,8635986.0,49.624942634577266
38.06,-11500000.0,8634368.0,49.624923498197695
38.07,-11500000.0,8632753.0,49.62490436396082
38.08,-11500000.0,8631141.0,49.62488523223485
38.09,-11500000.0,8629531.0,49.624866103377414
38.1,-11500000.0,8627923.0,49.62484697769749
38.11,-11500000.0,8626319.0,49.62482785553686
38.12,-11500000.0,8624717.0,49.624808737252565
38.13,-11500000.0,8623118.0,49.62478962317652
38.14,-11500000.0,8621523.0,49.62477051368893
38.15,-11500000.0,8619930.0,49.62475140916231
38.16,-11500000.0,8618340.0,49.62473230992574
38.17,-11500000.0,8616754.0,49.62471321634234
38.18,-11500000.0,8615170.0,49.624694128756246
38.19,-11500000.0,8613591.0,49.62467504753557
38.2,-11500000.0,8612014.0,49.62465597305366
38.21,-11500000.0,8610441.0,49.624636905653816
38.22,-11500000.0,8608872.0,49.624617845720856
38.23,-11500000.0,8607306.0,49.624598793629495
38.24,-11500000.0,8605744.0,49.62457974974443
38.25,-11500000.0,8604185.0,49.62456071441456
38.26,-11500000.0,8602631.0,49.62454168801258
38.27,-11500000.0,8601080.0,49.62452267091921
38.28,-11500000.0,8599533.0,49.62450366348456
38.29,-11500000.0,8597991.0,49.6244846661028
38.3,-11500000.0,8596452.0,49.62446567915724
38.31,-11500000.0,8594918.0,49.624446703023445
38.32,-11500000.0,8593388.0,49.6244277380984
38.33,-11500000.0,8591862.0,49.62440878475595
38.34,-11500000.0,8590340.0,49.624389843347004
38.35,-11500000.0,8588823.0,49.62437091423774
38.36,-11500000.0,8587310.0,49.62435199779894
38.37,-11500000.0,8585802.0,49.62433309440334
38.38,-11500000.0,8584299.0,49.624314204455686
38.39,-11500000.0,8582800.0,49.624295328343315
38.4,-11500000.0,8581306.0,49.624276466438
38.41,-11500000.0,8579817.0,49.62425761912982
38.42,-11500000.0,8578333.0,49.62423878681886
38.43,-11500000.0,8576853.0,49.62421996987032
38.44,-11500000.0,8575379.0,49.624201168658374
38.45,-11500000.0,8573910.0,49.62418238359214
38.46,-11500000.0,8572445.0,49.62416361503048
38.47,-11500000.0,8570986.0,49.62414486332918
38.48,-11500000.0,8569532.0,49.6241261288695
38.49,-11500000.0,8568084.0,49.62410741205148
38.5,-11500000.0,8566641.0,49.62408871328252
38.51,-11500000.0,8565203.0,49.6240700329361
38.52,-11500000.0,8563770.0,49.62405137135465
38.53,-11500000.0,8562344.0,49.6240327289281
38.54,-11500000.0,8560922.0,49.62401410603568
38.55,-11500000.0,8559507.0,49.623995503052654
38.56,-11500000.0,8558097.0,49.62397692037627
38.57,-11500000.0,8556693.0,49.6239583583845
38.58,-11500000.0,8555294.0,49.62393981743303
38.59,-11500000.0,8553902.0,49.62392129789689
38.6,-11500000.0,8552515.0,49.62390280015641
38.61,-11500000.0,8551134.0,49.623884324559754
38.62,-11500000.0,8549760.0,49.62386587149902
38.63,-11500000.0,8548391.0,49.62384744135582
38.64,-11500000.0,8547029.0,49.62382903450528
38.65,-11500000.0,8545672.0,49.62381065130754
38.66,-11500000.0,8544322.0,49.62379229211277
38.67,-11500000.0,8542979.0,49.623773957329966
38.68,-11500000.0,8541641.0,49.623755647334164
38.69,-11500000.0,8540310.0,49.623737362475474
38.7,-11500000.0,8538985.0,49.62371910311276
38.71,-11500000.0,8537667.0,49.62370086961108
38.72,-11500000.0,8536356.0,49.62368266237166
38.73,-11500000.0,8535051.0,49.62366448178227
38.74,-11500000.0,8533752.0,49.62364632818086
38.75,-11500000.0,8532460.0,49.62362820190048
38.76,-11500000.0,8531175.0,49.62361010330209
38.77,-11500000.0,8529897.0,49.62359203276496
38.78,-11500000.0,8528625.0,49.62357399064104
38.79,-11500000.0,8527361.0,49.62355597729802
38.8,-11500000.0,8526103.0,49.62353799310665
38.81,-11500000.0,8524852.0,49.62352003840419
38.82,-11500000.0,8523608.0,49.62350211353317
38.83,-11500000.0,8522371.0,49.62348421883702
38.84,-11500000.0,8521142.0,49.62346635469473
38.85,-11500000.0,8519919.0,49.62344852146876
38.86,-11500000.0,8518703.0,49.62343071947287
38.87,-11500000.0,8517495.0,49.62341294905264
38.88,-11500000.0,8516293.0,49.6233952105347
38.89,-11500000.0,8515099.0,49.62337750423355
38.9,-11500000.0,8513912.0,49.62335983048355
38.91,-11500000.0,8512733.0,49.62334218963493
38.92,-11500000.0,8511560.0,49.623324582006454
38.93,-11500000.0,8510395.0,49.62330700789514
38.94,-11500000.0,8509238.0,49.623289467649066
38.95,-11500000.0,8508087.0,49.62327196157766
38.96,-11500000.0,8506944.0,49.62325448996326
38.97,-11500000.0,8505809.0,49.62323705313534
38.98,-11500000.0,8504680.0,49.62321965138201
38.99,-11500000.0,8503560.0,49.62320228500074
39.0,-11500000.0,8502446.0,49.623184954285776
39.01,-11500000.0,8501340.0,49.62316765949764
39.02,-11500000.0,8500241.0,49.623150400901054
39.03,-11500000.0,8499150.0,49.62313317876558
39.04,-11500000.0,8498066.0,49.62311599336039
39.05,-11500000.0,8496990.0,49.62309884495609
39.06,-11500000.0,8495921.0,49.62308173382027
39.07,-11500000.0,8494859.0,49.62306466018192
39.08,-11500000.0,8493805.0,49.623047624276964
39.09,-11500000.0,8492758.0,49.62303062634344
39.1,-11500000.0,8491718.0,49.6230136665851
39.11,-11500000.0,8490686.0,49.62299674521664
39.12,-11500000.0,8489661.0,49.62297986245839
39.13,-11500000.0,8488643.0,49.62296301849968
39.14,-11500000.0,8487633.0,49.62294621354374
39.15,-11500000.0,8486630.0,49.622929447802214
39.16,-11500000.0,8485634.0,49.6229127214583
39.17,-11500000.0,8484646.0,49.62289603471152
39.18,-11500000.0,8483664.0,49.62287938773376
39.19,-11500000.0,8482690.0,49.622862780681714
39.2,-11500000.0,8481722.0,49.62284621369527
39.21,-11500000.0,8480762.0,49.62282968690806
39.22,-11500000.0,8479809.0,49.62281320048273
39.23,-11500000.0,8478863.0,49.62279675457064
39.24,-11500000.0,8477924.0,49.62278034931584
39.25,-11500000.0,8476992.0,49.622763984858096
39.26,-11500000.0,8476066.0,49.622747661297375
39.27,-11500000.0,8475148.0,49.6227313787453
39.28,-11500000.0,8474236.0,49.62271513731907
39.29,-11500000.0,8473331.0,49.6226989371099
39.3,-11500000.0,8472432.0,49.62268277818795
39.31,-11500000.0,8471541.0,49.62266666065043
39.32,-11500000.0,8470655.0,49.62265058457435
39.33,-11500000.0,8469777.0,49.62263455003218
39.34,-11500000.0,8468905.0,49.62261855712502
39.35,-11500000.0,8468039.0,49.62260260590867
39.36,-11500000.0,8467179.0,49.622586696405975
39.37,-11500000.0,8466326.0,49.622570828655356
39.38,-11500000.0,8465479.0,49.62255500270779
39.39,-11500000.0,8464638.0,49.622539218592074
39.4,-11500000.0,8463804.0,49.622523476361046
39.41,-11500000.0,8462975.0,49.62250777604867
39.42,-11500000.0,8462152.0,49.62249211764497
39.43,-11500000.0,8461336.0,49.6224765011825
39.44,-11500000.0,8460525.0,49.622460926689946
39.45,-11500000.0,8459720.0,49.62244539416386
39.46,-11500000.0,8458920.0,49.62242990357633
39.47,-11500000.0,8458126.0,49.62241445488695
39.48,-11500000.0,8457338.0,49.6223990480848
39.49,-11500000.0,8456556.0,49.622383683186264
39.5,-11500000.0,8455778.0,49.62236836015638
39.51,-11500000.0,8455006.0,49.6223530789295
39.52,-11500000.0,8454239.0,49.6223378394524
39.53,-11500000.0,8453478.0,49.62232264168887
39.54,-11500000.0,8452721.0,49.62230748557903
39.55,-11500000.0,8451970.0,49.622292371054336
39.56,-11500000.0,8451224.0,49.62227729807616
39.57,-11500000.0,8450482.0,49.62226226656005
39.58,-11500000.0,8449745.0,49.62224727639254
39.59,-11500000.0,8449013.0,49.62223232747726
39.6,-11500000.0,8448286.0,49.62221741973588
39.61,-11500000.0,8447563.0,49.62220255307032
39.62,-11500000.0,8446844.0,49.62218772733608
39.63,-11500000.0,8446130.0,49.62217294239488
39.64,-11500000.0,8445421.0,49.622158198153656
39.65,-11500000.0,8444715.0,49.6221434944829
39.66,-11500000.0,8444014.0,49.62212883123477
39.67,-11500000.0,8443316.0,49.62211420824587
39.68,-11500000.0,8442623.0,49.622099625351304
39.69,-11500000.0,8441933.0,49.622085082384
39.7,-11500000.0,8441247.0,49.62207057914763
39.71,-11500000.0,8440565.0,49.62205611546317
39.72,-11500000.0,8439887.0,49.62204169117031
39.73,-11500000.0,8439212.0,49.62202730609008
39.74,-11500000.0,8438540.0,49.622012959998294
39.75,-11500000.0,8437872.0,49.62199865267854
39.76,-11500000.0,8437207.0,49.621984383922936
39.77,-11500000.0,8436545.0,49.6219701535
39.78,-11500000.0,8435886.0,49.62195596116488
39.79,-11500000.0,8435230.0,49.62194180666745
39.8,-11500000.0,8434577.0,49.62192768975887
39.81,-11500000.0,8433927.0,49.62191361019658
39.82,-11500000.0,8433280.0,49.62189956774839
39.83,-11500000.0,8432635.0,49.62188556215715
39.84,-11500000.0,8431992.0,49.62187159311597
39.85,-11500000.0,8431352.0,49.62185766032267
39.86,-11500000.0,8430715.0,49.621843763519834
39.87,-11500000.0,8430079.0,49.62182990241422
39.88,-11500000.0,8429446.0,49.621816076695616
39.89,-11500000.0,8428815.0,49.621802286078506
39.9,-11500000.0,8428186.0,49.621788530267146
39.91,-11500000.0,8427558.0,49.621774808924826
39.92,-11500000.0,8426933.0,49.62176112172958
39.93,-11500000.0,8426309.0,49.62174746837093
39.94,-11500000.0,8425686.0,49.6217338484824
39.95,-11500000.0,8425066.0,49.62172026173573
39.96,-11500000.0,8424446.0,49.62170670779453
39.97,-11500000.0,8423828.0,49.62169318629222
39.98,-11500000.0,8423211.0,49.621679696876626
39.99,-11500000.0,8422596.0,49.62166623921595
40.0,-11500000.0,8421981.0,49.62165281295881
40.01,-11500000.0,8421367.0,49.62163941771169
40.02,-11500000.0,8420754.0,49.62162605308931
40.03,-11500000.0,8420142.0,49.62161271871875
40.04,-11500000.0,8419531.0,49.621599414242986
40.05,-11500000.0,8418920.0,49.621586139284815
40.06,-11500000.0,8418310.0,49.621572893459934
40.07,-11500000.0,8417700.0,49.6215596763814
40.08,-11500000.0,8417091.0,49.62154648766897
40.09,-11500000.0,8416482.0,49.621533326950676
40.1,-11500000.0,8415873.0,49.621520193831245
40.11,-11500000.0,8415264.0,49.621507087902906
40.12,-11500000.0,8414655.0,49.62149400875382
40.13,-11500000.0,8414046.0,49.6214809559748
40.14,-11500000.0,8413436.0,49.62146792912621
40.15,-11500000.0,8412827.0,49.62145492779155
40.16,-11500000.0,8412217.0,49.621441951572606
40.17,-11500000.0,8411607.0,49.62142900005869
40.18,-11500000.0,8410996.0,49.621416072832034
40.19,-11500000.0,8410385.0,49.62140316947789
40.2,-11500000.0,8409773.0,49.62139028958659
40.21,-11500000.0,8409160.0,49.62137743272266
40.22,-11500000.0,8408547.0,49.62136459847424
40.23,-11500000.0,8407932.0,49.621351786412355
40.24,-11500000.0,8407317.0,49.62133899610591
40.25,-11500000.0,8406701.0,49.621326227160154
40.26,-11500000.0,8406083.0,49.6213134791405
40.27,-11500000.0,8405464.0,49.62130075158925
40.28,-11500000.0,8404844.0,49.62128804407138
40.29,-11500000.0,8404223.0,49.621275356175204
40.3,-11500000.0,8403600.0,49.621262687474285
40.31,-11500000.0,8402975.0,49.62125003750019
40.32,-11500000.0,8402350.0,49.621237405833504
40.33,-11500000.0,8401722.0,49.62122479205445
40.34,-11500000.0,8401093.0,49.62121219571834
40.35,-11500000.0,8400462.0,49.62119961639845
40.36,-11500000.0,8399829.0,49.62118705365175
40.37,-11500000.0,8399194.0,49.62117450702737
40.38,-11500000.0,8398557.0,49.62116197607323
40.39,-11500000.0,8397918.0,49.62114946034127
40.4,-11500000.0,8397277.0,49.62113695939158
40.41,-11500000.0,8396634.0,49.621124472795344
40.42,-11500000.0,8395989.0,49.62111200013741
40.43,-11500000.0,8395341.0,49.62109954097942
40.44,-11500000.0,8394691.0,49.621087094872316
40.45,-11500000.0,8394039.0,49.62107466139871
40.46,-11500000.0,8393384.0,49.62106224013228
40.47,-11500000.0,8392727.0,49.621049830647024
40.48,-11500000.0,8392067.0,49.621037432518484
40.49,-11500000.0,8391404.0,49.62102504529236
40.5,-11500000.0,8390739.0,49.62101266853353
40.51,-11500000.0,8390071.0,49.62100030182332
40.52,-11500000.0,8389400.0,49.62098794472476
40.53,-11500000.0,8388726.0,49.62097559679048
40.54,-11500000.0,8388050.0,49.62096325758829
40.55,-11500000.0,8387370.0,49.62095092670062
40.56,-11500000.0,8386688.0,49.62093860370759
40.57,-11500000.0,8386002.0,49.62092628819134
40.58,-11500000.0,8385314.0,49.62091397973949
40.59,-11500000.0,8384622.0,49.62090167792842
40.6,-11500000.0,8383926.0,49.620889382330965
40.61,-11500000.0,8383228.0,49.620877092538485
40.62,-11500000.0,8382527.0,49.6208648081415
40.63,-11500000.0,8381822.0,49.620852528734716
40.64,-11500000.0,8381114.0,49.620840253918175
40.65,-11500000.0,8380404.0,49.62082798330097
40.66,-11500000.0,8379689.0,49.62081571650108
40.67,-11500000.0,8378970.0,49.620803453109694
40.68,-11500000.0,8378249.0,49.620791192720745
40.69,-11500000.0,8377524.0,49.6207789349498
40.7,-11500000.0,8376796.0,49.620766679433956
40.71,-11500000.0,8376064.0,49.62075442580947
40.72,-11500000.0,8375328.0,49.62074217367907
40.73,-11500000.0,8374589.0,49.62072992266038
40.74,-11500000.0,8373846.0,49.62071767240174
40.75,-11500000.0,8373100.0,49.62070542254136
40.76,-11500000.0,8372350.0,49.62069317271335
40.77,-11500000.0,8371596.0,49.62068092256878
40.78,-11500000.0,8370839.0,49.62066867175511
40.79,-11500000.0,8370078.0,49.62065641992077
40.8,-11500000.0,8369313.0,49.620644166715586
40.81,-11500000.0,8368545.0,49.62063191181326
40.82,-11500000.0,8367772.0,49.62061965488617
40.83,-11500000.0,8366996.0,49.62060739559258
40.84,-11500000.0,8366217.0,49.62059513361699
40.85,-11500000.0,8365434.0,49.620582868647055
40.86,-11500000.0,8364646.0,49.62057060037597
40.87,-11500000.0,8363856.0,49.620558328501204
40.88,-11500000.0,8363061.0,49.62054605272651
40.89,-11500000.0,8362262.0,49.620533772760375
40.9,-11500000.0,8361460.0,49.620521488298394
40.91,-11500000.0,8360654.0,49.6205091990464
40.92,-11500000.0,8359844.0,49.62049690473719
40.93,-11500000.0,8359031.0,49.62048460510638
40.94,-11500000.0,8358214.0,49.62047229989411
40.95,-11500000.0,8357393.0,49.62045998884328
40.96,-11500000.0,8356568.0,49.62044767168171
40.97,-11500000.0,8355740.0,49.62043534814526
40.98,-11500000.0,8354908.0,49.62042301799433
40.99,-11500000.0,8354072.0,49.62041068100916
41.0,-11500000.0,8353232.0,49.62039833696642
41.01,-11500000.0,8352389.0,49.62038598562237
41.02,-11500000.0,8351542.0,49.62037362675563
41.03,-11500000.0,8350692.0,49.620361260159655
41.04,-11500000.0,8349838.0,49.620348885623045
41.05,-11500000.0,8348980.0,49.620336502948135
41.06,-11500000.0,8348120.0,49.6203241119477
41.07,-11500000.0,8347255.0,49.6203117124423
41.08,-11500000.0,8346386.0,49.62029930423873
41.09,-11500000.0,8345515.0,49.62028688715304
41.1,-11500000.0,8344640.0,49.620274461024216
41.11,-11500000.0,8343762.0,49.62026202569061
41.12,-11500000.0,8342880.0,49.62024958098913
41.13,-11500000.0,8341994.0,49.62023712677373
41.14,-11500000.0,8341106.0,49.62022466290916
41.15,-11500000.0,8340214.0,49.620212189268855
41.16,-11500000.0,8339320.0,49.62019970573019
41.17,-11500000.0,8338422.0,49.620187212173576
41.18,-11500000.0,8337520.0,49.62017470847875
41.19,-11500000.0,8336616.0,49.62016219452467
41.2,-11500000.0,8335708.0,49.62014967022502
41.21,-11500000.0,8334798.0,49.620137135498226
41.22,-11500000.0,8333884.0,49.62012459024802
41.23,-11500000.0,8332968.0,49.62011203440145
41.24,-11500000.0,8332050.0,49.62009946790037
41.25,-11500000.0,8331128.0,49.620086890678024
41.26,-11500000.0,8330203.0,49.62007430267778
41.27,-11500000.0,8329276.0,49.620061703846915
41.28,-11500000.0,8328346.0,49.620049094134714
41.29,-11500000.0,8327414.0,49.620036473526355
41.3,-11500000.0,8326478.0,49.620023842011726
41.31,-11500000.0,8325541.0,49.620011199565056
41.32,-11500000.0,8324602.0,49.619998546182146
41.33,-11500000.0,8323660.0,49.61998588187127
41.34,-11500000.0,8322715.0,49.61997320662937
41.35,-11500000.0,8321768.0,49.619960520460324
41.36,-11500000.0,8320820.0,49.61994782338789
41.37,-11500000.0,8319870.0,49.619935115447916
41.38,-11500000.0,8318918.0,49.61992239670133
41.39,-11500000.0,8317963.0,49.619909667204226
41.4,-11500000.0,8317007.0,49.61989692700774
41.41,-11500000.0,8316049.0,49.61988417617147
41.42,-11500000.0,8315090.0,49.61987141477841
41.43,-11500000.0,8314129.0,49.619858642922715
41.44,-11500000.0,8313166.0,49.619845860686674
41.45,-11500000.0,8312202.0,49.6198330681566
41.46,-11500000.0,8311238.0,49.61982026543682
41.47,-11500000.0,8310271.0,49.61980745263985
41.48,-11500000.0,8309304.0,49.61979462988149
41.49,-11500000.0,8308335.0,49.61978179729321
41.5,-11500000.0,8307366.0,49.61976895501412
41.51,-11500000.0,8306395.0,49.61975610318438
41.52,-11500000.0,8305424.0,49.61974324195945
41.53,-11500000.0,8304452.0,49.61973037150034
41.54,-11500000.0,8303480.0,49.61971749196895
41.55,-11500000.0,8302506.0,49.6197046035406
41.56,-11500000.0,8301533.0,49.6196917063961
41.57,-11500000.0,8300559.0,49.61967880071541
41.58,-11500000.0,8299584.0,49.61966588667277
41.59,-11500000.0,8298610.0,49.61965296445196
41.6,-11500000.0,8297636.0,49.61964003425711
41.61,-11500000.0,8296661.0,49.61962709630317
41.62,-11500000.0,8295686.0,49.61961415080835
41.63,-11500000.0,8294712.0,49.61960119798823
41.64,-11500000.0,8293738.0,49.619588238050994
41.65,-11500000.0,8292764.0,49.619575271213265
41.66,-11500000.0,8291790.0,49.61956229771094
41.67,-11500000.0,8290817.0,49.619549317789996
41.68,-11500000.0,8289844.0,49.61953633169908
41.69,-11500000.0,8288872.0,49.61952333968375
41.7,-11500000.0,8287901.0,49.61951034198189
41.71,-11500000.0,8286930.0,49.61949733883967
41.72,-11500000.0,8285961.0,49.61948433052246
41.73,-11500000.0,8284992.0,49.61947131728646
41.74,-11500000.0,8284024.0,49.619458299396285
41.75,-11500000.0,8283058.0,49.61944527711525
41.76,-11500000.0,8282092.0,49.61943225070361
41.77,-11500000.0,8281128.0,49.61941922045002
41.78,-11500000.0,8280165.0,49.6194061866412
41.79,-11500000.0,8279204.0,49.619393149558924
41.8,-11500000.0,8278244.0,49.619380109494
41.81,-11500000.0,8277284.0,49.61936706672028
41.82,-11500000.0,8276328.0,49.6193540215142
41.83,-11500000.0,8275372.0,49.61934097418539
41.84,-11500000.0,8274419.0,49.61932792504562
41.85,-11500000.0,8273467.0,49.619314874385694
41.86,-11500000.0,8272517.0,49.61930182249467
41.87,-11500000.0,8271569.0,49.61928876967358
41.88,-11500000.0,8270624.0,49.619275716247785
41.89,-11500000.0,8269680.0,49.61926266253652
41.9,-11500000.0,8268738.0,49.61924960885259
41.91,-11500000.0,8267798.0,49.619236555515826
41.92,-11500000.0,8266862.0,49.619223502848605
41.93,-11500000.0,8265926.0,49.61921045116956
41.94,-11500000.0,8264994.0,49.61919740079164
41.95,-11500000.0,8264064.0,49.61918435205629
41.96,-11500000.0,8263137.0,49.619171305302366
41.97,-11500000.0,8262212.0,49.61915826086542
41.98,-11500000.0,8261290.0,49.6191452190713
41.99,-11500000.0,8260371.0,49.61913218025636
42.0,-11500000.0,8259454.0,49.61911914477617
42.01,-11500000.0,8258541.0,49.61910611298093
42.02,-11500000.0,8257630.0,49.61909308523028
42.03,-11500000.0,8256722.0,49.619080061868054
42.04,-11500000.0,8255818.0,49.61906704324224
42.05,-11500000.0,8254916.0,49.61905402971662
42.06,-11500000.0,8254018.0,49.61904102164553
42.07,-11500000.0,8253123.0,49.619028019391216
42.08,-11500000.0,8252232.0,49.61901502333605
42.09,-11500000.0,8251343.0,49.61900203385486
42.1,-11500000.0,8250458.0,49.61898905131401
42.11,-11500000.0,8249576.0,49.618976076087
42.12,-11500000.0,8248698.0,49.618963108529655
42.13,-11500000.0,8247824.0,49.618950149000845
42.14,-11500000.0,8246953.0,49.618937197893636
42.15,-11500000.0,8246086.0,49.618924255604746
42.16,-11500000.0,8245222.0,49.61891132251189
42.17,-11500000.0,8244363.0,49.618898398992975
42.18,-11500000.0,8243507.0,49.61888548542078
42.19,-11500000.0,8242655.0,49.618872582161586
42.2,-11500000.0,8241808.0,49.61885968960987
42.21,-11500000.0,8240964.0,49.61884680815755
42.22,-11500000.0,8240124.0,49.61883393817416
42.23,-11500000.0,8239288.0,49.61882108004486
42.24,-11500000.0,8238456.0,49.61880823416181
42.25,-11500000.0,8237629.0,49.618795400900794
42.26,-11500000.0,8236806.0,49.61878258064017
42.27,-11500000.0,8235988.0,49.61876977377438
42.28,-11500000.0,8235173.0,49.61875698068726
42.29,-11500000.0,8234363.0,49.61874420175178
42.3,-11500000.0,8233558.0,49.61873143734651
42.31,-11500000.0,8232756.0,49.618718687850546
42.32,-11500000.0,8231960.0,49.61870595363967
42.33,-11500000.0,8231168.0,49.61869323508315
42.34,-11500000.0,8230381.0,49.61868053256085
42.35,-11500000.0,8229598.0,49.61866784643635
42.36,-11500000.0,8228820.0,49.618655177079
42.37,-11500000.0,8228048.0,49.61864252487397
42.38,-11500000.0,8227279.0,49.61862989017949
42.39,-11500000.0,8226516.0,49.61861727334819
42.4,-11500000.0,8225757.0,49.61860467474265
42.41,-11500000.0,8225004.0,49.61859209472979
42.42,-11500000.0,8224254.0,49.61857953365704
42.43,-11500000.0,8223511.0,49.61856699187382
42.44,-11500000.0,8222772.0,49.618554469744105
42.45,-11500000.0,8222038.0,49.618541967602646
42.46,-11500000.0,8221310.0,49.6185294857981
42.47,-11500000.0,8220587.0,49.61851702468226
42.48,-11500000.0,8219869.0,49.61850458459119
42.49,-11500000.0,8219156.0,49.61849216586175
42.5,-11500000.0,8218448.0,49.618479768829715
42.51,-11500000.0,8217746.0,49.61846739382539
42.52,-11500000.0,8217049.0,49.61845504117319
42.53,-11500000.0,8216358.0,49.61844271120776
42.54,-11500000.0,8215671.0,49.618430404249466
42.55,-11500000.0,8214990.0,49.618418120605924
42.56,-11500000.0,8214314.0,49.61840586058978
42.57,-11500000.0,8213644.0,49.618393624514944
42.58,-11500000.0,8212980.0,49.61838141271295
42.59,-11500000.0,8212322.0,49.61836922550557
42.6,-11500000.0,8211668.0,49.61835706318774
42.61,-11500000.0,8211020.0,49.61834492604852
42.62,-11500000.0,8210378.0,49.61833281438934
42.63,-11500000.0,8209742.0,49.61832072851745
42.64,-11500000.0,8209110.0,49.61830866872428
42.65,-11500000.0,8208486.0,49.61829663530581
42.66,-11500000.0,8207866.0,49.61828462855779
42.67,-11500000.0,8207252.0,49.618272648755585
42.68,-11500000.0,8206644.0,49.61826069617571
42.69,-11500000.0,8206042.0,49.61824877111133
42.7,-11500000.0,8205446.0,49.61823687384728
42.71,-11500000.0,8204855.0,49.61822500466113
42.72,-11500000.0,8204270.0,49.61821316382118
42.73,-11500000.0,8203691.0,49.61820135158799
42.74,-11500000.0,8203118.0,49.618189568232054
42.75,-11500000.0,8202551.0,49.61817781402977
42.76,-11500000.0,8201990.0,49.61816608924095
42.77,-11500000.0,8201434.0,49.618154394112025
42.78,-11500000.0,8200884.0,49.618142728894995
42.79,-11500000.0,8200341.0,49.61813109384474
42.8,-11500000.0,8199804.0,49.61811948921665
42.81,-11500000.0,8199272.0,49.61810791526496
42.82,-11500000.0,8198746.0,49.618096372241325
42.83,-11500000.0,8198226.0,49.61808486037449
42.84,-11500000.0,8197713.0,49.6180733798945
42.85,-11500000.0,8197206.0,49.61806193104755
42.86,-11500000.0,8196704.0,49.61805051405384
42.87,-11500000.0,8196208.0,49.61803912913262
42.88,-11500000.0,8195718.0,49.61802777651761
42.89,-11500000.0,8195235.0,49.61801645643477
42.9,-11500000.0,8194757.0,49.61800516908333
42.91,-11500000.0,8194286.0,49.61799391466123
42.92,-11500000.0,8193820.0,49.61798269338083
42.93,-11500000.0,8193361.0,49.6179715054664
42.94,-11500000.0,8192908.0,49.617960351129646
42.95,-11500000.0,8192460.0,49.617949230554856
42.96,-11500000.0,8192018.0,49.61793814392179
42.97,-11500000.0,8191584.0,49.617927091425365
42.98,-11500000.0,8191154.0,49.617916073250704
42.99,-11500000.0,8190731.0,49.61790508957758
43.0,-11500000.0,8190314.0,49.61789414059714
43.01,-11500000.0,8189902.0,49.617883226471626
43.02,-11500000.0,8189498.0,49.61787234736077
43.03,-11500000.0,8189098.0,49.617861503438334
43.04,-11500000.0,8188706.0,49.61785069487073
43.05,-11500000.0,8188318.0,49.61783992181816
43.06,-11500000.0,8187937.0,49.61781849735547
43.07,-11500000.0,8187562.0,49.61780787086577
43.08,-11500000.0,8187193.0,49.617797299237395
43.09,-11500000.0,8186830.0,49.61778677783586
43.1,-11500000.0,8186472.0,49.61777630289372
43.11,-11500000.0,8186122.0,49.61776587136234
43.12,-11500000.0,8185776.0,49.61775548076258
43.13,-11500000.0,8185437.0,49.61774512907137
43.14,-11500000.0,8185104.0,49.61773481462746
43.15,-11500000.0,8184776.0,49.617724536045614
43.16,-11500000.0,8184454.0,49.61771429216622
43.17,-11500000.0,8184138.0,49.61770408202024
43.18,-11500000.0,8183828.0,49.617693904819596
43.19,-11500000.0,8183524.0,49.61768375993248
43.2,-11500000.0,8183226.0,49.61767364684499
43.21,-11500000.0,8182933.0,49.61766356515195
43.22,-11500000.0,8182646.0,49.61765351454674
43.23,-11500000.0,8182365.0,49.61764349481601
43.24,-11500000.0,8182090.0,49.61763350583224
43.25,-11500000.0,8181820.0,49.61762354755013
43.26,-11500000.0,8181556.0,49.61761362000037
43.27,-11500000.0,8181298.0,49.617603723267294
43.28,-11500000.0,8181045.0,49.61759385750814
43.29,-11500000.0,8180798.0,49.61758402294635
43.3,-11500000.0,8180556.0,49.61757421982962
43.31,-11500000.0,8180320.0,49.61756444845406
43.32,-11500000.0,8180090.0,49.617554709197606
43.33,-11500000.0,8179865.0,49.61754500247042
43.34,-11500000.0,8179645.0,49.61753532867759
43.35,-11500000.0,8179431.0,49.61752568826377
43.36,-11500000.0,8179222.0,49.617516081724844
43.37,-11500000.0,8179019.0,49.61750650956232
43.38,-11500000.0,8178821.0,49.61749697228503
43.39,-11500000.0,8178628.0,49.61748747042599
43.4,-11500000.0,8178441.0,49.61747800451731
43.41,-11500000.0,8178259.0,49.617468575090285
43.42,-11500000.0,8178082.0,49.61745918267164
43.43,-11500000.0,8177910.0,49.61744982778246
43.44,-11500000.0,8177744.0,49.61744051093373
43.45,-11500000.0,8177582.0,49.6174312326054
43.46,-11500000.0,8177426.0,49.61742199324712
43.47,-11500000.0,8177275.0,49.617412793297824
43.48,-11500000.0,8177128.0,49.61740363316016
43.49,-11500000.0,8176987.0,49.61739451318424
43.5,-11500000.0,8176851.0,49.61738543370853
43.51,-11500000.0,8176720.0,49.61737639503351
43.52,-11500000.0,8176592.0,49.617367397385635
43.53,-11500000.0,8176471.0,49.617358440963855
43.54,-11500000.0,8176354.0,49.617349525934465
43.55,-11500000.0,8176242.0,49.61734065239441
43.56,-11500000.0,8176134.0,49.617331820397794
43.57,-11500000.0,8176031.0,49.6173230299564
43.58,-11500000.0,8175933.0,49.61731428104356
43.59,-11500000.0,8175839.0,49.61730557357522
43.6,-11500000.0,8175750.0,49.617296907419565
43.61,-11500000.0,8175666.0,49.61728828241886
43.62,-11500000.0,8175585.0,49.6172796983535
43.63,-11500000.0,8175510.0,49.61727115497273
43.64,-11500000.0,8175438.0,49.61726265199586
43.65,-11500000.0,8175371.0,49.61725418910051
43.66,-11500000.0,8175308.0,49.617245765929155
43.67,-11500000.0,8175250.0,49.61723738209814
43.68,-11500000.0,8175195.0,49.61722903720268
43.69,-11500000.0,8175145.0,49.61722073082456
43.7,-11500000.0,8175098.0,49.61721246251657
43.71,-11500000.0,8175056.0,49.617204231814924
43.72,-11500000.0,8175018.0,49.617196038263245
43.73,-11500000.0,8174984.0,49.61718788139779
43.74,-11500000.0,8174954.0,49.61717976075426
43.75,-11500000.0,8174928.0,49.61717167587377
43.76,-11500000.0,8174906.0,49.6171636262886
43.77,-11500000.0,8174888.0,49.61715561153238
43.78,-11500000.0,8174872.0,49.61714763114563
43.79,-11500000.0,8174862.0,49.61713968468342
43.8,-11500000.0,8174854.0,49.617131771718775
43.81,-11500000.0,8174850.0,49.617123891829046
43.82,-11500000.0,8174850.0,49.617116044622804
43.83,-11500000.0,8174854.0,49.61710822974026
43.84,-11500000.0,8174860.0,49.61710044681767
43.85,-11500000.0,8174870.0,49.61709269549822
43.86,-11500000.0,8174884.0,49.61708497547664
43.87,-11500000.0,8174900.0,49.61707728645651
43.88,-11500000.0,8174921.0,49.61706962816133
43.89,-11500000.0,8174944.0,49.61706200035359
43.9,-11500000.0,8174971.0,49.61705440279881
43.91,-11500000.0,8175001.0,49.617046835292285
43.92,-11500000.0,8175034.0,49.617039297659055
43.93,-11500000.0,8175070.0,49.6170317897566
43.94,-11500000.0,8175110.0,49.61702431145415
43.95,-11500000.0,8175152.0,49.617016862620545
43.96,-11500000.0,8175197.0,49.617009443168186
43.97,-11500000.0,8175245.0,49.61700205302913
43.98,-11500000.0,8175296.0,49.61699469214012
43.99,-11500000.0,8175350.0,49.61698736046489
44.0,-11500000.0,8175406.0,49.616980057973905
44.01,-11500000.0,8175466.0,49.61697278464892
44.02,-11500000.0,8175528.0,49.61696554048321
44.03,-11500000.0,8175592.0,49.616958325464765
44.04,-11500000.0,8175660.0,49.61695113960018
44.05,-11500000.0,8175730.0,49.61694398291201
44.06,-11500000.0,8175803.0,49.616936855439306
44.07,-11500000.0,8175878.0,49.616929757215054
44.08,-11500000.0,8175956.0,49.61692268825248
44.09,-11500000.0,8176036.0,49.616915648568465
44.1,-11500000.0,8176118.0,49.61690863818367
44.11,-11500000.0,8176203.0,49.6169016571223
44.12,-11500000.0,8176290.0,49.61689470539218
44.13,-11500000.0,8176380.0,49.616887782989664
44.14,-11500000.0,8176471.0,49.61688088990043
44.15,-11500000.0,8176565.0,49.61687402610281
44.16,-11500000.0,8176661.0,49.616867191567465
44.17,-11500000.0,8176759.0,49.616860386240305
44.18,-11500000.0,8176859.0,49.616853610047144
44.19,-11500000.0,8176961.0,49.61684686289724
44.2,-11500000.0,8177066.0,49.616840144705634
44.21,-11500000.0,8177172.0,49.61683345537038
44.22,-11500000.0,8177280.0,49.61682679475908
44.23,-11500000.0,8177389.0,49.616820162713246
44.24,-11500000.0,8177500.0,49.616813559055224
44.25,-11500000.0,8177614.0,49.61680698361005
44.26,-11500000.0,8177729.0,49.616800436185514
44.27,-11500000.0,8177846.0,49.61679391655813
44.28,-11500000.0,8177964.0,49.61678742448022
44.29,-11500000.0,8178084.0,49.616780959705345
44.3,-11500000.0,8178204.0,49.61677452196812
44.31,-11500000.0,8178327.0,49.616768110973084
44.32,-11500000.0,8178451.0,49.616761726420606
44.33,-11500000.0,8178576.0,49.61675536800975
44.34,-11500000.0,8178703.0,49.61674903542123
44.35,-11500000.0,8178830.0,49.616742728305795
44.36,-11500000.0,8178960.0,49.616736446312814
44.37,-11500000.0,8179090.0,49.61673018909225
44.38,-11500000.0,8179220.0,49.61672395627989
44.39,-11500000.0,8179352.0,49.616717747504055
44.4,-11500000.0,8179485.0,49.61671156237161
44.41,-11500000.0,8179619.0,49.61670540049783
44.42,-11500000.0,8179754.0,49.616699261506064
44.43,-11500000.0,8179888.0,49.616693144994905
44.44,-11500000.0,8180024.0,49.61668705056789
44.45,-11500000.0,8180160.0,49.61668097781682
44.46,-11500000.0,8180298.0,49.61667492633271
44.47,-11500000.0,8180435.0,49.616668895728246
44.48,-11500000.0,8180573.0,49.6166628856211
44.49,-11500000.0,8180711.0,49.616656895619506
44.5,-11500000.0,8180850.0,49.616650925331875
44.51,-11500000.0,8180988.0,49.616644974371724
44.52,-11500000.0,8181126.0,49.61663904234515
44.53,-11500000.0,8181266.0,49.616633128878505
44.54,-11500000.0,8181404.0,49.61662723359985
44.55,-11500000.0,8181542.0,49.616621356128974
44.56,-11500000.0,8181682.0,49.61661549612323
44.57,-11500000.0,8181820.0,49.616609653236225
44.58,-11500000.0,8181958.0,49.616603827110175
44.59,-11500000.0,8182096.0,49.616598017421175
44.6,-11500000.0,8182233.0,49.61659222385924
44.61,-11500000.0,8182370.0,49.61658644609462
44.62,-11500000.0,8182506.0,49.61658068380939
44.63,-11500000.0,8182642.0,49.6165749367179
44.64,-11500000.0,8182777.0,49.61656920452892
44.65,-11500000.0,8182911.0,49.616563486935036
44.66,-11500000.0,8183045.0,49.6165577836609
44.67,-11500000.0,8183178.0,49.61655209444008
44.68,-11500000.0,8183309.0,49.616546418984434
44.69,-11500000.0,8183440.0,49.616540757031665
44.7,-11500000.0,8183570.0,49.616535108324314
44.71,-11500000.0,8183698.0,49.616529472597634
44.72,-11500000.0,8183826.0,49.616523849604
44.73,-11500000.0,8183952.0,49.61651823909482
44.74,-11500000.0,8184076.0,49.61651264082695
44.75,-11500000.0,8184200.0,49.616507054564494
44.76,-11500000.0,8184322.0,49.61650148006376
44.77,-11500000.0,8184442.0,49.61649591707909
44.78,-11500000.0,8184562.0,49.61649036536733
44.79,-11500000.0,8184678.0,49.61648482467187
44.8,-11500000.0,8184794.0,49.61647929473073
44.81,-11500000.0,8184908.0,49.61647377529948
44.82,-11500000.0,8185020.0,49.61646826613163
44.83,-11500000.0,8185130.0,49.616462766964595
44.84,-11500000.0,8185238.0,49.61645727754584
44.85,-11500000.0,8185345.0,49.61645179763254
44.86,-11500000.0,8185449.0,49.61644632695531
44.87,-11500000.0,8185551.0,49.616440865228356
44.88,-11500000.0,8185651.0,49.61643541217397
44.89,-11500000.0,8185749.0,49.616429967523885
44.9,-11500000.0,8185844.0,49.616424531000696
44.91,-11500000.0,8185938.0,49.616419102304725
44.92,-11500000.0,8186028.0,49.61641368114097
44.93,-11500000.0,8186116.0,49.61640826720009
44.94,-11500000.0,8186202.0,49.61640286016723
44.95,-11500000.0,8186286.0,49.61639745974245
44.96,-11500000.0,8186367.0,49.61639206562246
44.97,-11500000.0,8186445.0,49.61638667748457
44.98,-11500000.0,8186520.0,49.616381294995065
44.99,-11500000.0,8186594.0,49.616375917832286
45.0,-11500000.0,8186664.0,49.61637054566756
45.01,-11500000.0,8186730.0,49.61636517815145
45.02,-11500000.0,8186795.0,49.616359814940544
45.03,-11500000.0,8186856.0,49.61635445567818
45.04,-11500000.0,8186914.0,49.61634910000319
45.05,-11500000.0,8186970.0,49.61634374757042
45.06,-11500000.0,8187022.0,49.61633839803239
45.07,-11500000.0,8187072.0,49.6163330510428
45.08,-11500000.0,8187118.0,49.616327706240014
45.09,-11500000.0,8187161.0,49.61632236325482
45.1,-11500000.0,8187201.0,49.61631702173324
45.11,-11500000.0,8187238.0,49.616311681317185
45.12,-11500000.0,8187271.0,49.61630634164999
45.13,-11500000.0,8187301.0,49.616301002377824
45.14,-11500000.0,8187328.0,49.616295663154006
45.15,-11500000.0,8187351.0,49.61629032361967
45.16,-11500000.0,8187371.0,49.616284983412754
45.17,-11500000.0,8187388.0,49.61627964218834
45.18,-11500000.0,8187400.0,49.61627429960052
45.19,-11500000.0,8187410.0,49.616268955305785
45.2,-11500000.0,8187416.0,49.61626360898523
45.21,-11500000.0,8187419.0,49.61625826032156
45.22,-11500000.0,8187418.0,49.616252908965954
45.23,-11500000.0,8187413.0,49.61624755458674
45.24,-11500000.0,8187405.0,49.61624219688533
45.25,-11500000.0,8187393.0,49.61623683555481
45.26,-11500000.0,8187378.0,49.616231470286095
45.27,-11500000.0,8187358.0,49.61622610076961
45.28,-11500000.0,8187335.0,49.61622072669979
45.29,-11500000.0,8187308.0,49.61621534779479
45.3,-11500000.0,8187278.0,49.61620996377473
45.31,-11500000.0,8187244.0,49.61620457436511
45.32,-11500000.0,8187206.0,49.616199179296586
45.33,-11500000.0,8187164.0,49.61619377828819
45.34,-11500000.0,8187118.0,49.61618837107146
45.35,-11500000.0,8187070.0,49.6161829574078
45.36,-11500000.0,8187016.0,49.6161775370647
45.37,-11500000.0,8186960.0,49.61617210979824
45.38,-11500000.0,8186899.0,49.61616667537653
45.39,-11500000.0,8186834.0,49.616161233557975
45.4,-11500000.0,8186766.0,49.61615578411706
45.41,-11500000.0,8186694.0,49.61615032683795
45.42,-11500000.0,8186618.0,49.616144861498725
45.43,-11500000.0,8186538.0,49.61613938789009
45.44,-11500000.0,8186454.0,49.61613390581531
45.45,-11500000.0,8186366.0,49.61612841508681
45.46,-11500000.0,8186275.0,49.616122915507034
45.47,-11500000.0,8186180.0,49.61611740687109
45.48,-11500000.0,8186080.0,49.61611188898832
45.49,-11500000.0,8185978.0,49.616106361697604
45.5,-11500000.0,8185871.0,49.61610082482254
45.51,-11500000.0,8185760.0,49.61609527817767
45.52,-11500000.0,8185646.0,49.61608972158698
45.53,-11500000.0,8185528.0,49.616084154883325
45.54,-11500000.0,8185406.0,49.61607857790494
45.55,-11500000.0,8185280.0,49.616072990495546
45.56,-11500000.0,8185151.0,49.616067392501314
45.57,-11500000.0,8185018.0,49.61606178377135
45.58,-11500000.0,8184881.0,49.6160561641551
45.59,-11500000.0,8184740.0,49.61605053350306
45.6,-11500000.0,8184596.0,49.61604489168393
45.61,-11500000.0,8184448.0,49.61603923856045
45.62,-11500000.0,8184297.0,49.61603357399127
45.63,-11500000.0,8184142.0,49.616027897829504
45.64,-11500000.0,8183983.0,49.616022209943836
45.65,-11500000.0,8183820.0,49.61601651021125
45.66,-11500000.0,8183654.0,49.61601079849784
45.67,-11500000.0,8183485.0,49.6160050746778
45.68,-11500000.0,8183312.0,49.615999338630665
45.69,-11500000.0,8183136.0,49.615993590258405
45.7,-11500000.0,8182956.0,49.61598782945841
45.71,-11500000.0,8182772.0,49.61598205610672
45.72,-11500000.0,8182586.0,49.61597627009846
45.73,-11500000.0,8182396.0,49.61597047134115
45.74,-11500000.0,8182202.0,49.615964659732605
45.75,-11500000.0,8182006.0,49.61595883518093
45.76,-11500000.0,8181806.0,49.6159529975995
45.77,-11500000.0,8181603.0,49.61594714690565
45.78,-11500000.0,8181397.0,49.61594128303625
45.79,-11500000.0,8181188.0,49.61593540592252
45.8,-11500000.0,8180975.0,49.61592951549098
45.81,-11500000.0,8180760.0,49.615923611680614
45.82,-11500000.0,8180541.0,49.615917694438586
45.83,-11500000.0,8180320.0,49.61591176371667
45.84,-11500000.0,8180095.0,49.615905819468374
45.85,-11500000.0,8179868.0,49.61589986164673
45.86,-11500000.0,8179638.0,49.61589389022181
45.87,-11500000.0,8179404.0,49.615887905173764
45.88,-11500000.0,8179169.0,49.61588190648996
45.89,-11500000.0,8178930.0,49.61587589415993
45.9,-11500000.0,8178690.0,49.61586986817411
45.91,-11500000.0,8178446.0,49.61586382853941
45.92,-11500000.0,8178200.0,49.61585777525397
45.93,-11500000.0,8177951.0,49.61585170832764
45.94,-11500000.0,8177700.0,49.61584562777406
45.95,-11500000.0,8177446.0,49.615839533610426
45.96,-11500000.0,8177190.0,49.615833425890145
45.97,-11500000.0,8176932.0,49.61582730465362
45.98,-11500000.0,8176672.0,49.61582116993131
45.99,-11500000.0,8176409.0,49.61581502177893
46.0,-11500000.0,8176144.0,49.61580886026942
46.01,-11500000.0,8175878.0,49.61580268548636
46.02,-11500000.0,8175609.0,49.61579649749919
46.03,-11500000.0,8175338.0,49.61579029638412
46.04,-11500000.0,8175066.0,49.615784082235976
46.05,-11500000.0,8174792.0,49.61577785514322
46.06,-11500000.0,8174516.0,49.61577161520537
46.07,-11500000.0,8174238.0,49.61576536252584
46.08,-11500000.0,8173958.0,49.615759097209235
46.09,-11500000.0,8173677.0,49.61575281937548
46.1,-11500000.0,8173394.0,49.61574652915311
46.11,-11500000.0,8173111.0,49.61574022669306
46.12,-11500000.0,8172826.0,49.615733912139355
46.13,-11500000.0,8172539.0,49.61572758562949
46.14,-11500000.0,8172251.0,49.6157212473085
46.15,-11500000.0,8171962.0,49.61571489732483
46.16,-11500000.0,8171672.0,49.615708535843616
46.17,-11500000.0,8171381.0,49.615702163039025
46.18,-11500000.0,8171089.0,49.615695779088064
46.19,-11500000.0,8170796.0,49.61568938416582
46.2,-11500000.0,8170502.0,49.61568297846087
46.21,-11500000.0,8170208.0,49.61567656216662
46.22,-11500000.0,8169913.0,49.61567013547733
46.23,-11500000.0,8169618.0,49.61566369860137
46.24,-11500000.0,8169321.0,49.61565725173423
46.25,-11500000.0,8169024.0,49.6156507950776
46.26,-11500000.0,8168728.0,49.615644328849925
46.27,-11500000.0,8168430.0,49.61563785326028
46.28,-11500000.0,8168132.0,49.61563136852503
46.29,-11500000.0,8167835.0,49.615624874879536
46.3,-11500000.0,8167538.0,49.615618372569394
46.31,-11500000.0,8167240.0,49.615611861823844
46.32,-11500000.0,8166942.0,49.615605342875284
46.33,-11500000.0,8166644.0,49.61559881597026
46.34,-11500000.0,8166348.0,49.61559228136295
46.35,-11500000.0,8166050.0,49.61558573930709
46.36,-11500000.0,8165754.0,49.61557919005256
46.37,-11500000.0,8165458.0,49.61557263385901
46.38,-11500000.0,8165162.0,49.615566070988834
46.39,-11500000.0,8164868.0,49.61555950172087
46.4,-11500000.0,8164574.0,49.61555292634024
46.41,-11500000.0,8164280.0,49.61554634511388
46.42,-11500000.0,8163988.0,49.615539758327934
46.43,-11500000.0,8163697.0,49.61553316627562
46.44,-11500000.0,8163406.0,49.6155265692339
46.45,-11500000.0,8163118.0,49.61551996749898
46.46,-11500000.0,8162830.0,49.61551336137554
46.47,-11500000.0,8162543.0,49.61550675117098
46.48,-11500000.0,8162258.0,49.61550013718796
46.49,-11500000.0,8161974.0,49.615493519721475
46.5,-11500000.0,8161692.0,49.615486899092545
46.51,-11500000.0,8161411.0,49.61548027563575
46.52,-11500000.0,8161132.0,49.615473649672936
46.53,-11500000.0,8160855.0,49.61546702152974
46.54,-11500000.0,8160580.0,49.61546039154731
46.55,-11500000.0,8160307.0,49.61545376007342
46.56,-11500000.0,8160036.0,49.61544712745546
46.57,-11500000.0,8159767.0,49.61544049403489
46.58,-11500000.0,8159500.0,49.61543386016226
46.59,-11500000.0,8159236.0,49.61542722618821
46.6,-11500000.0,8158974.0,49.61542059245924
46.61,-11500000.0,8158715.0,49.61541395935038
46.62,-11500000.0,8158458.0,49.61540732723242
46.63,-11500000.0,8158204.0,49.615400696470026
46.64,-11500000.0,8157953.0,49.615394067453146
46.65,-11500000.0,8157704.0,49.615387440566394
46.66,-11500000.0,8157459.0,49.61538081618579
46.67,-11500000.0,8157216.0,49.6153741946927
46.68,-11500000.0,8156978.0,49.615367576486285
46.69,-11500000.0,8156742.0,49.615360961972385
46.7,-11500000.0,8156508.0,49.615354351538166
46.71,-11500000.0,8156280.0,49.615347745589006
46.72,-11500000.0,8156054.0,49.615341144535805
46.73,-11500000.0,8155832.0,49.61533454879083
46.74,-11500000.0,8155612.0,49.61532795875843
46.75,-11500000.0,8155398.0,49.61532137485327
46.76,-11500000.0,8155187.0,49.61531479750719
46.77,-11500000.0,8154980.0,49.61530822712372
46.78,-11500000.0,8154776.0,49.615301664117034
46.79,-11500000.0,8154578.0,49.61529510892044
46.8,-11500000.0,8154382.0,49.61528856195848
46.81,-11500000.0,8154192.0,49.615282023642976
46.82,-11500000.0,8154006.0,49.61527549440891
46.83,-11500000.0,8153823.0,49.615268974681435
46.84,-11500000.0,8153646.0,49.615262464876736
46.85,-11500000.0,8153472.0,49.61525596543281
46.86,-11500000.0,8153304.0,49.61524947678145
46.87,-11500000.0,8153140.0,49.61524299934395
46.88,-11500000.0,8152981.0,49.61523653354753
46.89,-11500000.0,8152826.0,49.61523007981722
46.9,-11500000.0,8152677.0,49.615223638572694
46.91,-11500000.0,8152532.0,49.61521721022268
46.92,-11500000.0,8152392.0,49.61521079518341
46.93,-11500000.0,8152258.0,49.615204393888426
46.94,-11500000.0,8152128.0,49.6151980067623
46.95,-11500000.0,8152004.0,49.615191634217496
46.96,-11500000.0,8151884.0,49.615185276652475
46.97,-11500000.0,8151770.0,49.6151789344695
46.98,-11500000.0,8151662.0,49.61517260808756
46.99,-11500000.0,8151558.0,49.61516629791494
47.0,-11500000.0,8151460.0,49.61516000434882
47.01,-11500000.0,8151368.0,49.61515372779148
47.02,-11500000.0,8151281.0,49.61514746864519
47.03,-11500000.0,8151200.0,49.61514122730846
47.04,-11500000.0,8151124.0,49.615135004172984
47.05,-11500000.0,8151053.0,49.61512879962143
47.06,-11500000.0,8150988.0,49.61512261402598
47.07,-11500000.0,8150929.0,49.61511644776655
47.08,-11500000.0,8150876.0,49.61511030122459
47.09,-11500000.0,8150828.0,49.615104174781
47.1,-11500000.0,8150786.0,49.61509806881181
47.11,-11500000.0,8150750.0,49.61509198366829
47.12,-11500000.0,8150719.0,49.615085919699006
47.13,-11500000.0,8150694.0,49.61507987726575
47.14,-11500000.0,8150676.0,49.615073856738434
47.15,-11500000.0,8150663.0,49.61506785847137
47.16,-11500000.0,8150656.0,49.61506188280589
47.17,-11500000.0,8150654.0,49.61505593006941
47.18,-11500000.0,8150660.0,49.61505000059751
47.19,-11500000.0,8150670.0,49.61504409472738
47.2,-11500000.0,8150686.0,49.6150382127793
47.21,-11500000.0,8150710.0,49.61503235509597
47.22,-11500000.0,8150738.0,49.6150265220154
47.23,-11500000.0,8150772.0,49.61502071385384
47.24,-11500000.0,8150812.0,49.61501493090763
47.25,-11500000.0,8150859.0,49.61500917347718
47.26,-11500000.0,8150912.0,49.61500344188167
47.27,-11500000.0,8150970.0,49.61499773643605
47.28,-11500000.0,8151034.0,49.61499205745094
47.29,-11500000.0,8151104.0,49.614986405213244
47.3,-11500000.0,8151181.0,49.61498078001134
47.31,-11500000.0,8151263.0,49.61497518213122
47.32,-11500000.0,8151352.0,49.61496961185941
47.33,-11500000.0,8151446.0,49.61496406947941
47.34,-11500000.0,8151546.0,49.61495855525536
47.35,-11500000.0,8151652.0,49.61495306947329
47.36,-11500000.0,8151764.0,49.614947612415264
47.37,-11500000.0,8151882.0,49.61494218432399
47.38,-11500000.0,8152006.0,49.614936785449956
47.39,-11500000.0,8152135.0,49.6149314160468
47.4,-11500000.0,8152270.0,49.614926076354294
47.41,-11500000.0,8152412.0,49.614920766619235
47.42,-11500000.0,8152560.0,49.61491548709418
47.43,-11500000.0,8152712.0,49.614910238016876
47.44,-11500000.0,8152872.0,49.61490501961511
47.45,-11500000.0,8153036.0,49.61489983210767
47.46,-11500000.0,8153206.0,49.61489467570811
47.47,-11500000.0,8153382.0,49.61488955062482
47.48,-11500000.0,8153564.0,49.61488445706422
47.49,-11500000.0,8153752.0,49.614879395210714
47.5,-11500000.0,8153945.0,49.614874365254444
47.51,-11500000.0,8154144.0,49.61486936738643
47.52,-11500000.0,8154348.0,49.61486440178411
47.53,-11500000.0,8154558.0,49.61485946861202
47.54,-11500000.0,8154773.0,49.61485456802846
47.55,-11500000.0,8154994.0,49.61484970020434
47.56,-11500000.0,8155220.0,49.614844865284034
47.57,-11500000.0,8155452.0,49.61484006341306
47.58,-11500000.0,8155689.0,49.61483529473608
47.59,-11500000.0,8155932.0,49.614830559381765
47.6,-11500000.0,8156179.0,49.61482585746598
47.61,-11500000.0,8156432.0,49.61482118909743
47.62,-11500000.0,8156690.0,49.61481655437912
47.63,-11500000.0,8156954.0,49.61481195341262
47.64,-11500000.0,8157222.0,49.61480738629848
47.65,-11500000.0,8157496.0,49.61480285312008
47.66,-11500000.0,8157774.0,49.614798353949
47.67,-11500000.0,8158057.0,49.61479388882987
47.68,-11500000.0,8158346.0,49.61478945780903
47.69,-11500000.0,8158639.0,49.61478506095266
47.7,-11500000.0,8158937.0,49.61478069830726
47.71,-11500000.0,8159240.0,49.614776369907375
47.72,-11500000.0,8159548.0,49.61477207577878
47.73,-11500000.0,8159860.0,49.61476781594415
47.74,-11500000.0,8160177.0,49.614763590424644
47.75,-11500000.0,8160498.0,49.614759399224596
47.76,-11500000.0,8160824.0,49.61475524233761
47.77,-11500000.0,8161155.0,49.61475111975143
47.78,-11500000.0,8161490.0,49.61474703143242
47.79,-11500000.0,8161829.0,49.61474297735382
47.8,-11500000.0,8162172.0,49.61473895749421
47.81,-11500000.0,8162520.0,49.61473497180332
47.82,-11500000.0,8162872.0,49.61473102023053
47.83,-11500000.0,8163228.0,49.61472710272663
47.84,-11500000.0,8163588.0,49.61472321922864
47.85,-11500000.0,8163952.0,49.61471936966591
47.86,-11500000.0,8164320.0,49.61471555396514
47.87,-11500000.0,8164692.0,49.614711772034724
47.88,-11500000.0,8165067.0,49.61470802377367
47.89,-11500000.0,8165446.0,49.614704309095046
47.9,-11500000.0,8165830.0,49.61470062790714
47.91,-11500000.0,8166216.0,49.61469698010011
47.92,-11500000.0,8166606.0,49.614693365553464
47.93,-11500000.0,8167000.0,49.614689784142094
47.94,-11500000.0,8167396.0,49.61468623574109
47.95,-11500000.0,8167796.0,49.61468272021014
47.96,-11500000.0,8168200.0,49.61467923740226
47.97,-11500000.0,8168606.0,49.61467578716762
47.98,-11500000.0,8169016.0,49.61467236935986
47.99,-11500000.0,8169429.0,49.614668983818355
48.0,-11500000.0,8169845.0,49.61466563037846
48.01,-11500000.0,8170264.0,49.61466230887352
48.02,-11500000.0,8170685.0,49.61465901912306
48.03,-11500000.0,8171110.0,49.61465576095799
48.04,-11500000.0,8171536.0,49.614652534203
48.05,-11500000.0,8171966.0,49.61464933866424
48.06,-11500000.0,8172398.0,49.61464617413764
48.07,-11500000.0,8172832.0,49.61464304041544
48.08,-11500000.0,8173270.0,49.61463993729157
48.09,-11500000.0,8173708.0,49.61463686454634
48.1,-11500000.0,8174150.0,49.614633821955316
48.11,-11500000.0,8174594.0,49.61463080929347
48.12,-11500000.0,8175040.0,49.61462782634141
48.13,-11500000.0,8175487.0,49.61462487286787
48.14,-11500000.0,8175936.0,49.614621948620396
48.15,-11500000.0,8176388.0,49.6146190533525
48.16,-11500000.0,8176842.0,49.61461618682717
48.17,-11500000.0,8177296.0,49.61461334880018
48.18,-11500000.0,8177753.0,49.61461053900835
48.19,-11500000.0,8178211.0,49.61460775717833
48.2,-11500000.0,8178671.0,49.614605003053065
48.21,-11500000.0,8179132.0,49.614602276372295
48.22,-11500000.0,8179594.0,49.61459957684207
48.23,-11500000.0,8180058.0,49.61459690416624
48.24,-11500000.0,8180522.0,49.61459425806986
48.25,-11500000.0,8180988.0,49.61459163828017
48.26,-11500000.0,8181455.0,49.614589044493606
48.27,-11500000.0,8181923.0,49.61458647640818
48.28,-11500000.0,8182392.0,49.6145839337251
48.29,-11500000.0,8182860.0,49.61458141611732
48.3,-11500000.0,8183330.0,49.61457892325981
48.31,-11500000.0,8183802.0,49.61457645485238
48.32,-11500000.0,8184272.0,49.61457401058043
48.33,-11500000.0,8184744.0,49.61457159010659
48.34,-11500000.0,8185216.0,49.61456919309855
48.35,-11500000.0,8185688.0,49.614566819233104
48.36,-11500000.0,8186161.0,49.61456446817992
48.37,-11500000.0,8186634.0,49.61456213959011
48.38,-11500000.0,8187106.0,49.61455983312476
48.39,-11500000.0,8187579.0,49.61455754843695
48.4,-11500000.0,8188052.0,49.61455528518167
48.41,-11500000.0,8188524.0,49.614553043017466
48.42,-11500000.0,8188996.0,49.61455082157492
48.43,-11500000.0,8189468.0,49.61454862048718
48.44,-11500000.0,8189940.0,49.614546439393074
48.45,-11500000.0,8190411.0,49.61454427792323
48.46,-11500000.0,8190882.0,49.614542135706905
48.47,-11500000.0,8191352.0,49.614540012377496
48.48,-11500000.0,8191820.0,49.61453790755736
48.49,-11500000.0,8192289.0,49.614535820866855
48.5,-11500000.0,8192756.0,49.61453375192838
48.51,-11500000.0,8193223.0,49.61453170035331
48.52,-11500000.0,8193688.0,49.61452966574939
48.53,-11500000.0,8194153.0,49.61452764772678
48.54,-11500000.0,8194616.0,49.61452564590273
48.55,-11500000.0,8195078.0,49.614523659885805
48.56,-11500000.0,8195540.0,49.61452168928434
48.57,-11500000.0,8195999.0,49.61451973371015
48.58,-11500000.0,8196457.0,49.614517792764985
48.59,-11500000.0,8196914.0,49.61451586606717
48.6,-11500000.0,8197369.0,49.61451395323225
48.61,-11500000.0,8197822.0,49.61451205384276
48.62,-11500000.0,8198274.0,49.61451016749906
48.63,-11500000.0,8198724.0,49.61450829379834
48.64,-11500000.0,8199172.0,49.61450643232527
48.65,-11500000.0,8199618.0,49.614504582695595
48.66,-11500000.0,8200062.0,49.614502744515676
48.67,-11500000.0,8200504.0,49.614500917372865
48.68,-11500000.0,8200944.0,49.61449910086231
48.69,-11500000.0,8201382.0,49.6144972945903
48.7,-11500000.0,8201818.0,49.61449549815722
48.71,-11500000.0,8202250.0,49.61449371114569
48.72,-11500000.0,8202682.0,49.614491933148436
48.73,-11500000.0,8203110.0,49.614490163769496
48.74,-11500000.0,8203536.0,49.61448840260852
48.75,-11500000.0,8203960.0,49.61448664926632
48.76,-11500000.0,8204380.0,49.614484903349094
48.77,-11500000.0,8204798.0,49.61448316445245
48.78,-11500000.0,8205214.0,49.61448143216962
48.79,-11500000.0,8205626.0,49.61447970609487
48.8,-11500000.0,8206036.0,49.61447798582927
48.81,-11500000.0,8206444.0,49.61447627098207
48.82,-11500000.0,8206848.0,49.61447456115535
48.83,-11500000.0,8207248.0,49.61447285594975
48.84,-11500000.0,8207646.0,49.61447115496904
48.85,-11500000.0,8208042.0,49.614469457823525
48.86,-11500000.0,8208433.0,49.61446776411348
48.87,-11500000.0,8208822.0,49.61446607345614
48.88,-11500000.0,8209207.0,49.6144643854638
48.89,-11500000.0,8209589.0,49.61446269973378
48.9,-11500000.0,8209968.0,49.614461015891386
48.91,-11500000.0,8210344.0,49.61445933356848
48.92,-11500000.0,8210715.0,49.61445765236838
48.93,-11500000.0,8211084.0,49.61445597189659
48.94,-11500000.0,8211448.0,49.614454291780454
48.95,-11500000.0,8211810.0,49.61445261165026
48.96,-11500000.0,8212168.0,49.61445093114209
48.97,-11500000.0,8212522.0,49.61444924988061
48.98,-11500000.0,8212872.0,49.6144475674863
48.99,-11500000.0,8213220.0,49.61444588359768
49.0,-11500000.0,8213562.0,49.61444419785126
49.01,-11500000.0,8213902.0,49.61444250988671
49.02,-11500000.0,8214238.0,49.614440819347664
49.03,-11500000.0,8214569.0,49.61443912586602
49.04,-11500000.0,8214897.0,49.61443742908686
49.05,-11500000.0,8215221.0,49.61443572866697
49.06,-11500000.0,8215541.0,49.61443402425728
49.07,-11500000.0,8215857.0,49.61443231550674
49.08,-11500000.0,8216169.0,49.61443060206551
49.09,-11500000.0,8216478.0,49.61442888360656
49.1,-11500000.0,8216782.0,49.614427159802545
49.11,-11500000.0,8217082.0,49.61442543031176
49.12,-11500000.0,8217378.0,49.61442369480138
49.13,-11500000.0,8217670.0,49.61442195294794
49.14,-11500000.0,8217958.0,49.61442020443749
49.15,-11500000.0,8218242.0,49.61441844896566
49.16,-11500000.0,8218521.0,49.614416686218156
49.17,-11500000.0,8218797.0,49.61441491589563
49.18,-11500000.0,8219068.0,49.61441313770934
49.19,-11500000.0,8219336.0,49.61441135136417
49.2,-11500000.0,8219599.0,49.61440955656003
49.21,-11500000.0,8219858.0,49.61440775299593
49.22,-11500000.0,8220113.0,49.61440594038965
49.23,-11500000.0,8220364.0,49.61440411847506
49.24,-11500000.0,8220610.0,49.61440228698054
49.25,-11500000.0,8220853.0,49.61440044563272
49.26,-11500000.0,8221092.0,49.61439859417581
49.27,-11500000.0,8221326.0,49.614396732349455
49.28,-11500000.0,8221556.0,49.61439485991136
49.29,-11500000.0,8221782.0,49.614392976631265
49.3,-11500000.0,8222004.0,49.61439108225314
49.31,-11500000.0,8222222.0,49.614389176539966
49.32,-11500000.0,8222435.0,49.61438725926724
49.33,-11500000.0,8222644.0,49.61438533020426
49.34,-11500000.0,8222850.0,49.61438338913359
49.35,-11500000.0,8223052.0,49.6143814358485
49.36,-11500000.0,8223249.0,49.614379470150666
49.37,-11500000.0,8223442.0,49.61437749184846
49.38,-11500000.0,8223632.0,49.61437550073598
49.39,-11500000.0,8223817.0,49.61437349661675
49.4,-11500000.0,8223998.0,49.614371479318045
49.41,-11500000.0,8224176.0,49.61436944866766
49.42,-11500000.0,8224350.0,49.61436740449334
49.43,-11500000.0,8224519.0,49.61436534662237
49.44,-11500000.0,8224684.0,49.614363274881235
49.45,-11500000.0,8224846.0,49.614361189095284
49.46,-11500000.0,8225004.0,49.61435908910795
49.47,-11500000.0,8225158.0,49.614356974774815
49.48,-11500000.0,8225308.0,49.61435484596192
49.49,-11500000.0,8225454.0,49.61435270252198
49.5,-11500000.0,8225598.0,49.61435054431881
49.51,-11500000.0,8225736.0,49.61434837121988
49.52,-11500000.0,8225872.0,49.61434618309927
49.53,-11500000.0,8226003.0,49.614343979850375
49.54,-11500000.0,8226130.0,49.61434176134525
49.55,-11500000.0,8226254.0,49.61433952745765
49.56,-11500000.0,8226375.0,49.61433727807979
49.57,-11500000.0,8226492.0,49.61433501309829
49.58,-11500000.0,8226605.0,49.614332732415406
49.59,-11500000.0,8226714.0,49.61433043594182
49.6,-11500000.0,8226820.0,49.61432812357757
49.61,-11500000.0,8226923.0,49.61432579523135
49.62,-11500000.0,8227022.0,49.61432345081777
49.63,-11500000.0,8227117.0,49.61432109023584
49.64,-11500000.0,8227209.0,49.61431871339236
49.65,-11500000.0,8227298.0,49.61431632021579
49.66,-11500000.0,8227382.0,49.614313910633065
49.67,-11500000.0,8227464.0,49.614311484568866
49.68,-11500000.0,8227542.0,49.61430904196473
49.69,-11500000.0,8227617.0,49.61430658275374
49.7,-11500000.0,8227688.0,49.614304106864346
49.71,-11500000.0,8227757.0,49.61430161425646
49.72,-11500000.0,8227822.0,49.61429910487513
49.73,-11500000.0,8227883.0,49.61429657865576
49.74,-11500000.0,8227942.0,49.614294035561215
49.75,-11500000.0,8227996.0,49.61429147555578
49.76,-11500000.0,8228048.0,49.61428889858619
49.77,-11500000.0,8228097.0,49.6142863046232
49.78,-11500000.0,8228142.0,49.614283693633475
49.79,-11500000.0,8228184.0,49.614281065584024
49.8,-11500000.0,8228224.0,49.614278420456316
49.81,-11500000.0,8228260.0,49.61427575822593
49.82,-11500000.0,8228292.0,49.61427307888101
49.83,-11500000.0,8228322.0,49.61427038239925
49.84,-11500000.0,8228349.0,49.61426766877028
49.85,-11500000.0,8228372.0,49.61426493798935
49.86,-11500000.0,8228394.0,49.61426219005822
49.87,-11500000.0,8228412.0,49.61425942499938
49.88,-11500000.0,8228426.0,49.6142566428134
49.89,-11500000.0,8228438.0,49.61425384350353
49.9,-11500000.0,8228447.0,49.614251027090624
49.91,-11500000.0,8228453.0,49.61424819359061
49.92,-11500000.0,8228456.0,49.61424534303395
49.93,-11500000.0,8228457.0,49.61424247545997
49.94,-11500000.0,8228454.0,49.61423959089606
49.95,-11500000.0,8228450.0,49.614236689378444
49.96,-11500000.0,8228442.0,49.614233770967125
49.97,-11500000.0,8228432.0,49.61423083572023
49.98,-11500000.0,8228418.0,49.61422788367519
49.99,-11500000.0,8228402.0,49.614224914890656
50.0,-11500000.0,8228384.0,49.61422192943773
50.01,-11500000.0,8228363.0,49.61421892737955
50.02,-11500000.0,8228339.0,49.61421590877
50.03,-11500000.0,8228313.0,49.61421287367514
50.04,-11500000.0,8228284.0,49.614209822185586
50.05,-11500000.0,8228254.0,49.614206754391816
50.06,-11500000.0,8228220.0,49.614203670382516
50.07,-11500000.0,8228184.0,49.61420057024323
50.08,-11500000.0,8228146.0,49.61419745405527
50.09,-11500000.0,8228105.0,49.614194321914354
50.1,-11500000.0,8228062.0,49.61419117392416
50.11,-11500000.0,8228017.0,49.61418801019427
50.12,-11500000.0,8227970.0,49.61418483083546
50.13,-11500000.0,8227920.0,49.61418163595888
50.14,-11500000.0,8227868.0,49.61417842567245
50.15,-11500000.0,8227814.0,49.6141752000809
50.16,-11500000.0,8227758.0,49.614171959302276
50.17,-11500000.0,8227700.0,49.61416870346299
50.18,-11500000.0,8227640.0,49.614165432693675
50.19,-11500000.0,8227578.0,49.61416214712609
50.2,-11500000.0,8227514.0,49.614158846890426
50.21,-11500000.0,8227448.0,49.614155532113294
50.22,-11500000.0,8227380.0,49.614152202916046
50.23,-11500000.0,8227310.0,49.61414885943287
50.24,-11500000.0,8227239.0,49.61414550180414
50.25,-11500000.0,8227166.0,49.61414213017405
50.26,-11500000.0,8227091.0,49.61413874468569
50.27,-11500000.0,8227014.0,49.61413534548017
50.28,-11500000.0,8226936.0,49.614131932712255
50.29,-11500000.0,8226856.0,49.61412850652546
50.3,-11500000.0,8226775.0,49.61412506705315
50.31,-11500000.0,8226692.0,49.61412161443587
50.32,-11500000.0,8226608.0,49.614118148836575
50.33,-11500000.0,8226522.0,49.6141146704122
50.34,-11500000.0,8226435.0,49.614111179315024
50.35,-11500000.0,8226346.0,49.614107675707174
50.36,-11500000.0,8226256.0,49.61410415973788
50.37,-11500000.0,8226166.0,49.61410063156255
50.38,-11500000.0,8226073.0,49.61409709133729
50.39,-11500000.0,8225980.0,49.614093539217194
50.4,-11500000.0,8225885.0,49.61408997537163
50.41,-11500000.0,8225789.0,49.614086399958815
50.42,-11500000.0,8225692.0,49.61408281314618
50.43,-11500000.0,8225594.0,49.61407921510237
50.44,-11500000.0,8225496.0,49.61407560599708
50.45,-11500000.0,8225396.0,49.61407198599478
50.46,-11500000.0,8225296.0,49.61406835525581
50.47,-11500000.0,8225194.0,49.614064713970194
50.48,-11500000.0,8225092.0,49.614061062328844
50.49,-11500000.0,8224990.0,49.61405740050234
50.5,-11500000.0,8224886.0,49.61405372866163
50.51,-11500000.0,8224782.0,49.61405004699281
50.52,-11500000.0,8224677.0,49.61404635567146
50.53,-11500000.0,8224572.0,49.61404265488274
50.54,-11500000.0,8224466.0,49.61403894481331
50.55,-11500000.0,8224360.0,49.61403522565089
50.56,-11500000.0,8224254.0,49.614031497597324
50.57,-11500000.0,8224146.0,49.614027760844635
50.58,-11500000.0,8224039.0,49.61402401557383
50.59,-11500000.0,8223932.0,49.61402026197368
50.6,-11500000.0,8223824.0,49.61401650025377
50.61,-11500000.0,8223716.0,49.61401273061765
50.62,-11500000.0,8223608.0,49.61400895326231
50.63,-11500000.0,8223500.0,49.61400516839431
50.64,-11500000.0,8223392.0,49.61400137622459
50.65,-11500000.0,8223284.0,49.613997576964344
50.66,-11500000.0,8223176.0,49.61399377082163
50.67,-11500000.0,8223068.0,49.613989957998925
50.68,-11500000.0,8222960.0,49.613986138710345
50.69,-11500000.0,8222853.0,49.613982313174574
50.7,-11500000.0,8222746.0,49.61397848161205
50.71,-11500000.0,8222639.0,49.6139746442398
50.72,-11500000.0,8222533.0,49.61397080128974
50.73,-11500000.0,8222427.0,49.61396695299921
50.74,-11500000.0,8222322.0,49.61396309959002
50.75,-11500000.0,8222216.0,49.61395924128629
50.76,-11500000.0,8222112.0,49.613955378310564
50.77,-11500000.0,8222008.0,49.61395151088092
50.78,-11500000.0,8221905.0,49.613947639227895
50.79,-11500000.0,8221802.0,49.613943763587095
50.8,-11500000.0,8221701.0,49.613939884196164
50.81,-11500000.0,8221600.0,49.6139360012895
50.82,-11500000.0,8221500.0,49.613932115116405
50.83,-11500000.0,8221401.0,49.61392822591215
50.84,-11500000.0,8221303.0,49.613924333901984
50.85,-11500000.0,8221206.0,49.61392043933424
50.86,-11500000.0,8221110.0,49.613916542454156
50.87,-11500000.0,8221015.0,49.61391264350109
50.88,-11500000.0,8220922.0,49.61390874272571
50.89,-11500000.0,8220829.0,49.613904840382766
50.9,-11500000.0,8220738.0,49.61390093670874
50.91,-11500000.0,8220648.0,49.613897031941775
50.92,-11500000.0,8220559.0,49.61389312633585
50.93,-11500000.0,8220472.0,49.61388922013462
50.94,-11500000.0,8220386.0,49.61388531359102
50.95,-11500000.0,8220302.0,49.61388140695896
50.96,-11500000.0,8220218.0,49.61387750047327
50.97,-11500000.0,8220138.0,49.61387359438764
50.98,-11500000.0,8220058.0,49.61386968894643
50.99,-11500000.0,8219980.0,49.61386578438627
51.0,-11500000.0,8219904.0,49.61386188097012
51.01,-11500000.0,8219829.0,49.61385797895911
51.02,-11500000.0,8219756.0,49.613854078591515
51.03,-11500000.0,8219685.0,49.61385018010374
51.04,-11500000.0,8219616.0,49.6138462837454
51.05,-11500000.0,8219549.0,49.613842389773346
51.06,-11500000.0,8219484.0,49.61383849844686
51.07,-11500000.0,8219421.0,49.61383461002386
51.08,-11500000.0,8219360.0,49.61383072473856
51.09,-11500000.0,8219301.0,49.61382684284363
51.1,-11500000.0,8219244.0,49.613822964598725
51.11,-11500000.0,8219190.0,49.613819090250935
51.12,-11500000.0,8219137.0,49.61381522005065
51.13,-11500000.0,8219086.0,49.61381135423002
51.14,-11500000.0,8219039.0,49.61380749304246
51.15,-11500000.0,8218994.0,49.613803636752316
51.16,-11500000.0,8218950.0,49.61379978559357
51.17,-11500000.0,8218910.0,49.613795939812164
51.18,-11500000.0,8218871.0,49.613792099657516
51.19,-11500000.0,8218836.0,49.613788265381906
51.2,-11500000.0,8218802.0,49.61378443723397
51.21,-11500000.0,8218772.0,49.61378061545949
51.22,-11500000.0,8218744.0,49.61377680031566
51.23,-11500000.0,8218718.0,49.61377299204788
51.24,-11500000.0,8218695.0,49.613769190889414
51.25,-11500000.0,8218675.0,49.613765397080655
51.26,-11500000.0,8218658.0,49.613761610882804
51.27,-11500000.0,8218644.0,49.613757832551336
51.28,-11500000.0,8218632.0,49.61375406231652
51.29,-11500000.0,8218623.0,49.61375030042486
51.3,-11500000.0,8218617.0,49.613746547130134
51.31,-11500000.0,8218614.0,49.613742802672704
51.32,-11500000.0,8218614.0,49.613739067297715
51.33,-11500000.0,8218617.0,49.61373534125143
51.34,-11500000.0,8218623.0,49.61373162477847
51.35,-11500000.0,8218632.0,49.61372791811959
51.36,-11500000.0,8218644.0,49.61372422150998
51.37,-11500000.0,8218659.0,49.613720535177976
51.38,-11500000.0,8218678.0,49.61371685936348
51.39,-11500000.0,8218699.0,49.613713194311615
51.4,-11500000.0,8218724.0,49.613709540251314
51.41,-11500000.0,8218752.0,49.613705897415706
51.42,-11500000.0,8218782.0,49.61370226603742
51.43,-11500000.0,8218817.0,49.613698646347935
51.44,-11500000.0,8218855.0,49.613695038593335
51.45,-11500000.0,8218896.0,49.613691443009635
51.46,-11500000.0,8218940.0,49.61368785982401
51.47,-11500000.0,8218988.0,49.61368428925304
51.48,-11500000.0,8219040.0,49.61368073152363
51.49,-11500000.0,8219094.0,49.61367718686579
51.5,-11500000.0,8219152.0,49.61367365549347
51.51,-11500000.0,8219214.0,49.61367013764307
51.52,-11500000.0,8219279.0,49.61366663354582
51.53,-11500000.0,8219348.0,49.613663143410385
51.54,-11500000.0,8219420.0,49.61365966746292
51.55,-11500000.0,8219496.0,49.61365620592053
51.56,-11500000.0,8219575.0,49.61365275899423
51.57,-11500000.0,8219658.0,49.613649326904806
51.58,-11500000.0,8219744.0,49.613645909860914
51.59,-11500000.0,8219834.0,49.61364250805978
51.6,-11500000.0,8219928.0,49.613639121707344
51.61,-11500000.0,8220026.0,49.6136357510131
51.62,-11500000.0,8220128.0,49.61363239618913
51.63,-11500000.0,8220232.0,49.61362905744636
51.64,-11500000.0,8220341.0,49.613625734975074
51.65,-11500000.0,8220454.0,49.613622428967105
51.66,-11500000.0,8220570.0,49.61361913963177
51.67,-11500000.0,8220690.0,49.61361586717127
51.68,-11500000.0,8220814.0,49.613612611781896
51.69,-11500000.0,8220942.0,49.6136093736523
51.7,-11500000.0,8221073.0,49.613606152965076
51.71,-11500000.0,8221208.0,49.6136029499144
51.72,-11500000.0,8221348.0,49.613599764682775
51.73,-11500000.0,8221490.0,49.613596597443475
51.74,-11500000.0,8221638.0,49.61359344837904
51.75,-11500000.0,8221788.0,49.613590317677954
51.76,-11500000.0,8221943.0,49.613587205512516
51.77,-11500000.0,8222102.0,49.613584112042474
51.78,-11500000.0,8222264.0,49.61358103745368
51.79,-11500000.0,8222431.0,49.613577981930405
51.8,-11500000.0,8222602.0,49.61357494563793
51.81,-11500000.0,8222776.0,49.61357192872378
51.82,-11500000.0,8222954.0,49.61356893134124
51.83,-11500000.0,8223136.0,49.613565953663475
51.84,-11500000.0,8223323.0,49.61356299586022
51.85,-11500000.0,8223514.0,49.61356005809736
51.86,-11500000.0,8223708.0,49.61355714053645
51.87,-11500000.0,8223906.0,49.613554243334654
51.88,-11500000.0,8224109.0,49.61355136664448
51.89,-11500000.0,8224316.0,49.613548510613725
51.9,-11500000.0,8224526.0,49.613545675385474
51.91,-11500000.0,8224740.0,49.61354286109807
51.92,-11500000.0,8224960.0,49.61354006790458
51.93,-11500000.0,8225182.0,49.61353729594782
51.94,-11500000.0,8225409.0,49.613534545364516
51.95,-11500000.0,8225640.0,49.61353181630205
51.96,-11500000.0,8225875.0,49.613529108897495
51.97,-11500000.0,8226114.0,49.61352642327886
51.98,-11500000.0,8226358.0,49.61352375958555
51.99,-11500000.0,8226604.0,49.613521117944295
52.0,-11500000.0,8226856.0,49.61351849847407
52.01,-11500000.0,8227112.0,49.613515901303415
52.02,-11500000.0,8227371.0,49.61351332654987
52.03,-11500000.0,8227635.0,49.61351077434106
52.04,-11500000.0,8227903.0,49.613508244810426
52.05,-11500000.0,8228174.0,49.613505738058194
52.06,-11500000.0,8228450.0,49.61350325417873
52.07,-11500000.0,8228731.0,49.6135007932973
52.08,-11500000.0,8229015.0,49.613498355524385
52.09,-11500000.0,8229304.0,49.613495940961485
52.1,-11500000.0,8229596.0,49.613493549699754
52.11,-11500000.0,8229892.0,49.613491181825104
52.12,-11500000.0,8230192.0,49.61348883743573
52.13,-11500000.0,8230496.0,49.61348651660225
52.14,-11500000.0,8230805.0,49.61348421939458
52.15,-11500000.0,8231118.0,49.61348194589875
52.16,-11500000.0,8231434.0,49.61347969619603
52.17,-11500000.0,8231754.0,49.613477470344804
52.18,-11500000.0,8232078.0,49.61347526840687
52.19,-11500000.0,8232406.0,49.61347309044439
52.2,-11500000.0,8232738.0,49.61347093650409
52.21,-11500000.0,8233074.0,49.613468806619956
52.22,-11500000.0,8233414.0,49.61346670083774
52.23,-11500000.0,8233757.0,49.61346461919122
52.24,-11500000.0,8234104.0,49.61346256171034
52.25,-11500000.0,8234455.0,49.613460528418884
52.26,-11500000.0,8234810.0,49.613458519322215
52.27,-11500000.0,8235168.0,49.61345653444852
52.28,-11500000.0,8235530.0,49.613454573806884
52.29,-11500000.0,8235895.0,49.61345263739598
52.3,-11500000.0,8236264.0,49.613450725224496
52.31,-11500000.0,8236636.0,49.61344883727374
52.32,-11500000.0,8237012.0,49.61344697352638
52.33,-11500000.0,8237391.0,49.61344513396535
52.34,-11500000.0,8237774.0,49.6134433185598
52.35,-11500000.0,8238159.0,49.61344152726888
52.36,-11500000.0,8238548.0,49.61343976004797
52.37,-11500000.0,8238940.0,49.61343801685068
52.38,-11500000.0,8239335.0,49.61343629761417
52.39,-11500000.0,8239734.0,49.613434602284926
52.4,-11500000.0,8240134.0,49.61343293079897
52.41,-11500000.0,8240539.0,49.61343128309025
52.42,-11500000.0,8240946.0,49.61342965909126
52.43,-11500000.0,8241356.0,49.61342805872033
52.44,-11500000.0,8241769.0,49.61342648190599
52.45,-11500000.0,8242184.0,49.61342492854952
52.46,-11500000.0,8242602.0,49.613423398556805
52.47,-11500000.0,8243023.0,49.6134218918366
52.48,-11500000.0,8243446.0,49.613420408269526
52.49,-11500000.0,8243872.0,49.61341894775514
52.5,-11500000.0,8244300.0,49.613417510191155
52.51,-11500000.0,8244730.0,49.613416095442055
52.52,-11500000.0,8245162.0,49.61341470336967
52.53,-11500000.0,8245598.0,49.613413333855966
52.54,-11500000.0,8246034.0,49.613411986783674
52.55,-11500000.0,8246473.0,49.613410662003254
52.56,-11500000.0,8246914.0,49.613409359364866
52.57,-11500000.0,8247357.0,49.61340807873945
52.58,-11500000.0,8247802.0,49.61340681998159
52.59,-11500000.0,8248248.0,49.61340558291957
52.6,-11500000.0,8248696.0,49.61340436738495
52.61,-11500000.0,8249146.0,49.61340317323456
52.62,-11500000.0,8249596.0,49.61340200031103
52.63,-11500000.0,8250049.0,49.61340084843407
52.64,-11500000.0,8250503.0,49.61339971742794
52.65,-11500000.0,8250958.0,49.613398607106
52.66,-11500000.0,8251414.0,49.61339751727928
52.67,-11500000.0,8251872.0,49.61339644776044
52.68,-11500000.0,8252330.0,49.61339539835039
52.69,-11500000.0,8252790.0,49.61339436886503
52.7,-11500000.0,8253251.0,49.613393359116216
52.71,-11500000.0,8253712.0,49.613392368881584
52.72,-11500000.0,8254174.0,49.61339139793623
52.73,-11500000.0,8254637.0,49.613390446076146
52.74,-11500000.0,8255100.0,49.613389513080044
52.75,-11500000.0,8255564.0,49.613388598721016
52.76,-11500000.0,8256028.0,49.61338770278904
52.77,-11500000.0,8256493.0,49.61338682505521
52.78,-11500000.0,8256958.0,49.61338596526279
52.79,-11500000.0,8257422.0,49.61338512315754
52.8,-11500000.0,8257888.0,49.61338429849086
52.81,-11500000.0,8258353.0,49.61338349102516
52.82,-11500000.0,8258818.0,49.613382700515736
52.83,-11500000.0,8259282.0,49.61338192668148
52.84,-11500000.0,8259748.0,49.61338116925641
52.85,-11500000.0,8260212.0,49.613380427969325
52.86,-11500000.0,8260676.0,49.613379702535106
52.87,-11500000.0,8261139.0,49.61337899267913
52.88,-11500000.0,8261602.0,49.61337829812238
52.89,-11500000.0,8262064.0,49.61337761856803
52.9,-11500000.0,8262526.0,49.61337695371185
52.91,-11500000.0,8262986.0,49.61337630326684
52.92,-11500000.0,8263446.0,49.61337566692599
52.93,-11500000.0,8263905.0,49.613375044374585
52.94,-11500000.0,8264363.0,49.6133744353134
52.95,-11500000.0,8264820.0,49.61337383942334
52.96,-11500000.0,8265275.0,49.613373256376164
52.97,-11500000.0,8265729.0,49.61337268584022
52.98,-11500000.0,8266182.0,49.6133721274684
52.99,-11500000.0,8266633.0,49.61337158092602
53.0,-11500000.0,8267083.0,49.61337104589188
53.01,-11500000.0,8267531.0,49.61337052202335
53.02,-11500000.0,8267978.0,49.61337000896742
53.03,-11500000.0,8268422.0,49.61336950636666
53.04,-11500000.0,8268865.0,49.6133690138668
53.05,-11500000.0,8269306.0,49.61336853110049
53.06,-11500000.0,8269744.0,49.613368057698196
53.07,-11500000.0,8270182.0,49.613367593310215
53.08,-11500000.0,8270616.0,49.61336713757051
53.09,-11500000.0,8271048.0,49.61336669010671
53.1,-11500000.0,8271478.0,49.61336625054514
53.11,-11500000.0,8271906.0,49.61336581849847
53.12,-11500000.0,8272332.0,49.61336539359307
53.13,-11500000.0,8272754.0,49.613364975450494
53.14,-11500000.0,8273174.0,49.61336456367729
53.15,-11500000.0,8273592.0,49.6133641578911
53.16,-11500000.0,8274006.0,49.61336375770418
53.17,-11500000.0,8274418.0,49.61336336273112
53.18,-11500000.0,8274827.0,49.613362972591965
53.19,-11500000.0,8275233.0,49.61336258689817
53.2,-11500000.0,8275636.0,49.61336220525949
53.21,-11500000.0,8276036.0,49.61336182726998
53.22,-11500000.0,8276432.0,49.61336145253718
53.23,-11500000.0,8276826.0,49.61336108068124
53.24,-11500000.0,8277216.0,49.61336071130146
53.25,-11500000.0,8277602.0,49.61336034398555
53.26,-11500000.0,8277986.0,49.6133599783363
53.27,-11500000.0,8278366.0,49.61335961397179
53.28,-11500000.0,8278742.0,49.61335925048973
53.29,-11500000.0,8279114.0,49.61335888747788
53.3,-11500000.0,8279484.0,49.61335852453882
53.31,-11500000.0,8279849.0,49.61335816129148
53.32,-11500000.0,8280210.0,49.6133577973529
53.33,-11500000.0,8280568.0,49.613357432325245
53.34,-11500000.0,8280922.0,49.61335706580342
53.35,-11500000.0,8281271.0,49.6133566973811
53.36,-11500000.0,8281617.0,49.61335632667476
53.37,-11500000.0,8281958.0,49.613355953302424
53.38,-11500000.0,8282296.0,49.61335557685184
53.39,-11500000.0,8282629.0,49.61335519692977
53.4,-11500000.0,8282958.0,49.61335481315933
53.41,-11500000.0,8283282.0,49.61335442514485
53.42,-11500000.0,8283603.0,49.61335403249926
53.43,-11500000.0,8283919.0,49.613353634844806
53.44,-11500000.0,8284230.0,49.61335323179718
53.45,-11500000.0,8284538.0,49.61335282297071
53.46,-11500000.0,8284840.0,49.61335240796321
53.47,-11500000.0,8285138.0,49.613351986384096
53.48,-11500000.0,8285431.0,49.61335155787206
53.49,-11500000.0,8285720.0,49.61335112205539
53.5,-11500000.0,8286004.0,49.61335067855907
53.51,-11500000.0,8286282.0,49.61335022700753
53.52,-11500000.0,8286556.0,49.61334976701032
53.53,-11500000.0,8286826.0,49.61334929818814
53.54,-11500000.0,8287091.0,49.613348820191604
53.55,-11500000.0,8287350.0,49.61334833265958
53.56,-11500000.0,8287606.0,49.61334783522763
53.57,-11500000.0,8287856.0,49.6133473275482
53.58,-11500000.0,8288100.0,49.613346809252974
53.59,-11500000.0,8288340.0,49.613346279980874
53.6,-11500000.0,8288574.0,49.61334573937666
53.61,-11500000.0,8288804.0,49.6133451870954
53.62,-11500000.0,8289029.0,49.613344622800085
53.63,-11500000.0,8289248.0,49.61334404612695
53.64,-11500000.0,8289462.0,49.61334345673233
53.65,-11500000.0,8289672.0,49.61334285428818
53.66,-11500000.0,8289875.0,49.6133422384454
53.67,-11500000.0,8290074.0,49.61334160886013
53.68,-11500000.0,8290267.0,49.61334096521287
53.69,-11500000.0,8290455.0,49.61334030718625
53.7,-11500000.0,8290638.0,49.61333963444895
53.71,-11500000.0,8290815.0,49.61333894668004
53.72,-11500000.0,8290987.0,49.613338243567476
53.73,-11500000.0,8291154.0,49.61333752480962
53.74,-11500000.0,8291315.0,49.6133367900942
53.75,-11500000.0,8291471.0,49.61333603910529
53.76,-11500000.0,8291622.0,49.61333527156162
53.77,-11500000.0,8291767.0,49.613334487172274
53.78,-11500000.0,8291906.0,49.613333685623964
53.79,-11500000.0,8292041.0,49.613332866624454
53.8,-11500000.0,8292170.0,49.61333202989825
53.81,-11500000.0,8292294.0,49.61333117516663
53.82,-11500000.0,8292412.0,49.61333030214954
53.83,-11500000.0,8292524.0,49.61332941058653
53.84,-11500000.0,8292632.0,49.613328500212944
53.85,-11500000.0,8292734.0,49.61332757076487
53.86,-11500000.0,8292830.0,49.613326621996286
53.87,-11500000.0,8292921.0,49.61332565365846
53.88,-11500000.0,8293006.0,49.613324665501274
53.89,-11500000.0,8293086.0,49.61332365727431
53.9,-11500000.0,8293162.0,49.61332262874696
53.91,-11500000.0,8293231.0,49.61332157970336
53.92,-11500000.0,8293295.0,49.61332050992194
53.93,-11500000.0,8293354.0,49.613319419176975
53.94,-11500000.0,8293406.0,49.613318307239744
53.95,-11500000.0,8293454.0,49.613317173898984
53.96,-11500000.0,8293497.0,49.61331601895583
53.97,-11500000.0,8293534.0,49.61331484222276
53.98,-11500000.0,8293566.0,49.6133136435197
53.99,-11500000.0,8293593.0,49.61331242265446
54.0,-11500000.0,8293614.0,49.613311179444366
54.01,-11500000.0,8293631.0,49.61330991373197
54.02,-11500000.0,8293642.0,49.61330862535983
54.03,-11500000.0,8293648.0,49.61330731415234
54.04,-11500000.0,8293648.0,49.61330597993813
54.05,-11500000.0,8293644.0,49.61330462258599
54.06,-11500000.0,8293634.0,49.61330324195539
54.07,-11500000.0,8293620.0,49.61330183790205
54.08,-11500000.0,8293600.0,49.613300410312064
54.09,-11500000.0,8293575.0,49.61329895905724
54.1,-11500000.0,8293546.0,49.61329748401785
54.11,-11500000.0,8293511.0,49.61329598509601
54.12,-11500000.0,8293472.0,49.613294462191995
54.13,-11500000.0,8293427.0,49.61329291520313
54.14,-11500000.0,8293378.0,49.613291344023054
54.15,-11500000.0,8293324.0,49.613289748560305
54.16,-11500000.0,8293265.0,49.61328812875152
54.17,-11500000.0,8293202.0,49.61328648453436
54.18,-11500000.0,8293134.0,49.61328481584698
54.19,-11500000.0,8293060.0,49.61328312262449
54.2,-11500000.0,8292984.0,49.61328140481843
54.21,-11500000.0,8292902.0,49.61327966238836
54.22,-11500000.0,8292815.0,49.61327789528156
54.23,-11500000.0,8292724.0,49.613276103470675
54.24,-11500000.0,8292630.0,49.61327428694442
54.25,-11500000.0,8292530.0,49.61327244568402
54.26,-11500000.0,8292426.0,49.61327057966219
54.27,-11500000.0,8292318.0,49.61326868888094
54.28,-11500000.0,8292206.0,49.613266773340634
54.29,-11500000.0,8292090.0,49.61326483304175
54.3,-11500000.0,8291970.0,49.61326286799709
54.31,-11500000.0,8291846.0,49.613260878229134
54.32,-11500000.0,8291718.0,49.613258863781255
54.33,-11500000.0,8291586.0,49.613256824692385
54.34,-11500000.0,8291450.0,49.61325476099462
54.35,-11500000.0,8291310.0,49.6132526727307
54.36,-11500000.0,8291166.0,49.61325055994696
54.37,-11500000.0,8291020.0,49.61324842270994
54.38,-11500000.0,8290870.0,49.61324626109555
54.39,-11500000.0,8290716.0,49.613244075167124
54.4,-11500000.0,8290558.0,49.61324186501142
54.41,-11500000.0,8290398.0,49.61323963072845
54.42,-11500000.0,8290234.0,49.61323737240692
54.43,-11500000.0,8290067.0,49.61323509014187
54.44,-11500000.0,8289897.0,49.613232784047206
54.45,-11500000.0,8289724.0,49.61323045424753
54.46,-11500000.0,8289548.0,49.61322810087169
54.47,-11500000.0,8289369.0,49.61322572404735
54.48,-11500000.0,8289188.0,49.613223323916294
54.49,-11500000.0,8289003.0,49.6132209006254
54.5,-11500000.0,8288816.0,49.613218454322386
54.51,-11500000.0,8288626.0,49.61321598516892
54.52,-11500000.0,8288434.0,49.61321349333284
54.53,-11500000.0,8288240.0,49.61321097898202
54.54,-11500000.0,8288044.0,49.61320844229874
54.55,-11500000.0,8287844.0,49.613205883470194
54.56,-11500000.0,8287644.0,49.61320330268385
54.57,-11500000.0,8287440.0,49.613200700140055
54.58,-11500000.0,8287236.0,49.61319807604415
54.59,-11500000.0,8287029.0,49.613195430619385
54.6,-11500000.0,8286820.0,49.61319276409631
54.61,-11500000.0,8286610.0,49.61319007670718
54.62,-11500000.0,8286398.0,49.613187368678574
54.63,-11500000.0,8286186.0,49.61318464024783
54.64,-11500000.0,8285971.0,49.61318189167158
54.65,-11500000.0,8285755.0,49.61317912319813
54.66,-11500000.0,8285538.0,49.61317633508276
54.67,-11500000.0,8285320.0,49.6131735275984
54.68,-11500000.0,8285101.0,49.61317070102604
54.69,-11500000.0,8284881.0,49.61316785564719
54.7,-11500000.0,8284660.0,49.613164991757074
54.71,-11500000.0,8284439.0,49.61316210965438
54.72,-11500000.0,8284216.0,49.61315920961671
54.73,-11500000.0,8283994.0,49.613156291937706
54.74,-11500000.0,8283771.0,49.61315335693419
54.75,-11500000.0,8283548.0,49.61315040491744
54.76,-11500000.0,8283324.0,49.613147436207626
54.77,-11500000.0,8283100.0,49.61314445112449
54.78,-11500000.0,8282876.0,49.61314144998299
54.79,-11500000.0,8282652.0,49.613138433106144
54.8,-11500000.0,8282428.0,49.61313540081756
54.81,-11500000.0,8282204.0,49.61313235345471
54.82,-11500000.0,8281981.0,49.613129291358646
54.83,-11500000.0,8281758.0,49.613126214868956
54.84,-11500000.0,8281536.0,49.613123124335935
54.85,-11500000.0,8281314.0,49.61312002011273
54.86,-11500000.0,8281092.0,49.61311690254885
54.87,-11500000.0,8280871.0,49.61311377198529
54.88,-11500000.0,8280651.0,49.61311062876999
54.89,-11500000.0,8280432.0,49.613107473268784
54.9,-11500000.0,8280214.0,49.61310430583665
54.91,-11500000.0,8279996.0,49.61310112681597
54.92,-11500000.0,8279780.0,49.613097936571094
54.93,-11500000.0,8279565.0,49.6130947354768
54.94,-11500000.0,8279351.0,49.61309152389295
54.95,-11500000.0,8279138.0,49.61308830218172
54.96,-11500000.0,8278928.0,49.61308507071979
54.97,-11500000.0,8278718.0,49.61308182987082
54.98,-11500000.0,8278509.0,49.61307857998475
54.99,-11500000.0,8278302.0,49.613075321432795
55.0,-11500000.0,8278098.0,49.613072054596884
55.01,-11500000.0,8277894.0,49.61306877984451
55.02,-11500000.0,8277692.0,49.61306549754646
55.03,-11500000.0,8277492.0,49.613062208069906
55.04,-11500000.0,8277295.0,49.61305891179556
55.05,-11500000.0,8277099.0,49.613055609107214
55.06,-11500000.0,8276905.0,49.61305230037031
55.07,-11500000.0,8276714.0,49.61304898596864
55.08,-11500000.0,8276524.0,49.613045666275305
55.09,-11500000.0,8276336.0,49.61304234165384
55.1,-11500000.0,8276151.0,49.61303901249167
55.11,-11500000.0,8275968.0,49.61303567917184
55.12,-11500000.0,8275788.0,49.613032342071186
55.13,-11500000.0,8275610.0,49.61302900157567
55.14,-11500000.0,8275434.0,49.61302565805514
55.15,-11500000.0,8275260.0,49.61302231188377
55.16,-11500000.0,8275090.0,49.61301896345176
55.17,-11500000.0,8274922.0,49.613015613140405
55.18,-11500000.0,8274756.0,49.61301226132028
55.19,-11500000.0,8274594.0,49.61300890836922
55.2,-11500000.0,8274434.0,49.6130055546852
55.21,-11500000.0,8274278.0,49.613002200659125
55.22,-11500000.0,8274124.0,49.61299884667427
55.23,-11500000.0,8273972.0,49.61299549310298
55.24,-11500000.0,8273824.0,49.61299214032644
55.25,-11500000.0,8273679.0,49.612988788745824
55.26,-11500000.0,8273536.0,49.61298543873762
55.27,-11500000.0,8273398.0,49.612982090676205
55.28,-11500000.0,8273262.0,49.612978744947554
55.29,-11500000.0,8273128.0,49.612975401925745
55.3,-11500000.0,8272999.0,49.61297206199158
55.31,-11500000.0,8272872.0,49.61296872552664
55.32,-11500000.0,8272750.0,49.612965392911406
55.33,-11500000.0,8272630.0,49.61296206454031
55.34,-11500000.0,8272514.0,49.61295874079634
55.35,-11500000.0,8272400.0,49.61295542203247
55.36,-11500000.0,8272290.0,49.61295210861382
55.37,-11500000.0,8272184.0,49.612948800928564
55.38,-11500000.0,8272082.0,49.61294549934291
55.39,-11500000.0,8271982.0,49.61294220422367
55.4,-11500000.0,8271887.0,49.61293891595152
55.41,-11500000.0,8271794.0,49.61293563487816
55.42,-11500000.0,8271706.0,49.61293236135039
55.43,-11500000.0,8271622.0,49.61292909574416
55.44,-11500000.0,8271540.0,49.61292583841705
55.45,-11500000.0,8271462.0,49.612922589712284
55.46,-11500000.0,8271389.0,49.61291934999495
55.47,-11500000.0,8271318.0,49.612916119605984
55.48,-11500000.0,8271252.0,49.612912898887046
55.49,-11500000.0,8271190.0,49.61290968817338
55.5,-11500000.0,8271131.0,49.612906487797154
55.51,-11500000.0,8271076.0,49.61290329810062
55.52,-11500000.0,8271025.0,49.612900119415144
55.53,-11500000.0,8270978.0,49.612896952059685
55.54,-11500000.0,8270934.0,49.6128937963426
55.55,-11500000.0,8270894.0,49.61289065257948
55.56,-11500000.0,8270858.0,49.612887521070306
55.57,-11500000.0,8270827.0,49.61288440212128
55.58,-11500000.0,8270799.0,49.6128812960386
55.59,-11500000.0,8270775.0,49.612878203110014
55.6,-11500000.0,8270755.0,49.61287512362466
55.61,-11500000.0,8270739.0,49.612872057870895
55.62,-11500000.0,8270727.0,49.61286900613461
55.63,-11500000.0,8270719.0,49.61286596869797
55.64,-11500000.0,8270715.0,49.612862945838465
55.65,-11500000.0,8270715.0,49.61285993782819
55.66,-11500000.0,8270719.0,49.61285694493337
55.67,-11500000.0,8270726.0,49.612853967394706
55.68,-11500000.0,8270738.0,49.61285100545217
55.69,-11500000.0,8270754.0,49.61284805936018
55.7,-11500000.0,8270774.0,49.61284512936544
55.71,-11500000.0,8270798.0,49.612842215707204
55.72,-11500000.0,8270826.0,49.61283931861761
55.73,-11500000.0,8270858.0,49.61283643832215
55.74,-11500000.0,8270894.0,49.612833575039915
55.75,-11500000.0,8270934.0,49.61283072898408
55.76,-11500000.0,8270979.0,49.612827900381575
55.77,-11500000.0,8271027.0,49.61282508944848
55.78,-11500000.0,8271079.0,49.61282229637508
55.79,-11500000.0,8271136.0,49.612819521367854
55.8,-11500000.0,8271196.0,49.61281676462463
55.81,-11500000.0,8271260.0,49.612814026319406
55.82,-11500000.0,8271328.0,49.61281130664412
55.83,-11500000.0,8271400.0,49.612808605783655
55.84,-11500000.0,8271476.0,49.61280592390049
55.85,-11500000.0,8271556.0,49.612803261157076
55.86,-11500000.0,8271640.0,49.61280061771562
55.87,-11500000.0,8271728.0,49.612797993738056
55.88,-11500000.0,8271820.0,49.61279538938595
55.89,-11500000.0,8271916.0,49.6127928048205
55.9,-11500000.0,8272016.0,49.612790240202635
55.91,-11500000.0,8272120.0,49.612787695673674
55.92,-11500000.0,8272227.0,49.61278517136107
55.93,-11500000.0,8272338.0,49.61278266739942
55.94,-11500000.0,8272454.0,49.612780183929225
55.95,-11500000.0,8272573.0,49.6127777210765
55.96,-11500000.0,8272696.0,49.61277527895762
55.97,-11500000.0,8272822.0,49.61277285768031
55.98,-11500000.0,8272953.0,49.61277045734738
55.99,-11500000.0,8273088.0,49.61276807807613
56.0,-11500000.0,8273226.0,49.6127657199766
56.01,-11500000.0,8273368.0,49.61276338315495
56.02,-11500000.0,8273513.0,49.61276106771349
56.03,-11500000.0,8273662.0,49.612758773734306
56.04,-11500000.0,8273814.0,49.61275650128415
56.05,-11500000.0,8273971.0,49.612754250438016
56.06,-11500000.0,8274131.0,49.612752021276776
56.07,-11500000.0,8274295.0,49.61274981388831
56.08,-11500000.0,8274462.0,49.61274762834602
56.09,-11500000.0,8274632.0,49.61274546469648
56.1,-11500000.0,8274807.0,49.61274332300331
56.11,-11500000.0,8274984.0,49.61274120332397
56.12,-11500000.0,8275166.0,49.61273910569566
56.13,-11500000.0,8275350.0,49.61273703015874
56.14,-11500000.0,8275538.0,49.612734976757295
56.15,-11500000.0,8275729.0,49.612732945520264
56.16,-11500000.0,8275924.0,49.61273093646746
56.17,-11500000.0,8276122.0,49.61272894963071
56.18,-11500000.0,8276322.0,49.612726985033476
56.19,-11500000.0,8276527.0,49.61272504269546
56.2,-11500000.0,8276734.0,49.61272312261409
56.21,-11500000.0,8276945.0,49.6127212247931
56.22,-11500000.0,8277158.0,49.61271934923839
56.23,-11500000.0,8277376.0,49.612717495944324
56.24,-11500000.0,8277595.0,49.61271566489488
56.25,-11500000.0,8277818.0,49.61271385607053
56.26,-11500000.0,8278044.0,49.612712069467214
56.27,-11500000.0,8278272.0,49.612710305057675
56.28,-11500000.0,8278504.0,49.612708562819016
56.29,-11500000.0,8278738.0,49.61270684271138
56.3,-11500000.0,8278976.0,49.612705144688015
56.31,-11500000.0,8279216.0,49.612703468713605
56.32,-11500000.0,8279459.0,49.612701814747616
56.33,-11500000.0,8279704.0,49.61270018274597
56.34,-11500000.0,8279952.0,49.612698572646
56.35,-11500000.0,8280203.0,49.612696984372676
56.36,-11500000.0,8280456.0,49.612695417862774
56.37,-11500000.0,8280712.0,49.61269387304397
56.38,-11500000.0,8280970.0,49.61269234984208
56.39,-11500000.0,8281231.0,49.6126908481808
56.4,-11500000.0,8281494.0,49.612689367968265
56.41,-11500000.0,8281760.0,49.61268790912074
56.42,-11500000.0,8282027.0,49.61268647154406
56.43,-11500000.0,8282297.0,49.612685055139885
56.44,-11500000.0,8282569.0,49.61268365980779
56.45,-11500000.0,8282844.0,49.61268228544982
56.46,-11500000.0,8283120.0,49.61268093195182
56.47,-11500000.0,8283398.0,49.61267959919259
56.48,-11500000.0,8283678.0,49.61267828706457
56.49,-11500000.0,8283961.0,49.61267699545589
56.5,-11500000.0,8284245.0,49.61267572423482
56.51,-11500000.0,8284531.0,49.61267447325822
56.52,-11500000.0,8284819.0,49.612673242394855
56.53,-11500000.0,8285109.0,49.61267203152593
56.54,-11500000.0,8285400.0,49.61267084050661
56.55,-11500000.0,8285694.0,49.61266966919685
56.56,-11500000.0,8285988.0,49.61266851745895
56.57,-11500000.0,8286284.0,49.61266738512594
56.58,-11500000.0,8286582.0,49.61266627204798
56.59,-11500000.0,8286881.0,49.61266517807116
56.6,-11500000.0,8287182.0,49.61266410304434
56.61,-11500000.0,8287484.0,49.61266304681878
56.62,-11500000.0,8287787.0,49.61266200921502
56.63,-11500000.0,8288092.0,49.61266099005181
56.64,-11500000.0,8288398.0,49.612659989167746
56.65,-11500000.0,8288704.0,49.61265900640087
56.66,-11500000.0,8289012.0,49.61265804157405
56.67,-11500000.0,8289322.0,49.61265709450151
56.68,-11500000.0,8289632.0,49.61265616499374
56.69,-11500000.0,8289942.0,49.61265525286178
56.7,-11500000.0,8290254.0,49.612654357920256
56.71,-11500000.0,8290568.0,49.61265347998995
56.72,-11500000.0,8290881.0,49.612652618880446
56.73,-11500000.0,8291196.0,49.61265177439715
56.74,-11500000.0,8291510.0,49.61265094634408
56.75,-11500000.0,8291826.0,49.6126501345096
56.76,-11500000.0,8292142.0,49.612649338692385
56.77,-11500000.0,8292460.0,49.612648558701146
56.78,-11500000.0,8292776.0,49.612647794318626
56.79,-11500000.0,8293094.0,49.61264704533125
56.8,-11500000.0,8293412.0,49.612646311528714
56.81,-11500000.0,8293731.0,49.612645592690356
56.82,-11500000.0,8294050.0,49.612644888608536
56.83,-11500000.0,8294369.0,49.61264419906993
56.84,-11500000.0,8294688.0,49.61264352384214
56.85,-11500000.0,8295008.0,49.612642862700525
56.86,-11500000.0,8295327.0,49.612642215428394
56.87,-11500000.0,8295646.0,49.61264158180089
56.88,-11500000.0,8295966.0,49.612640961589946
56.89,-11500000.0,8296286.0,49.61264035456835
56.9,-11500000.0,8296605.0,49.61263976051288
56.91,-11500000.0,8296924.0,49.612639179187354
56.92,-11500000.0,8297243.0,49.61263861035021
56.93,-11500000.0,8297562.0,49.61263805375743
56.94,-11500000.0,8297880.0,49.612637509167875
56.95,-11500000.0,8298198.0,49.61263697634449
56.96,-11500000.0,8298516.0,49.61263645505814
56.97,-11500000.0,8298833.0,49.61263594506828
56.98,-11500000.0,8299150.0,49.61263544613162
56.99,-11500000.0,8299466.0,49.61263495800281
57.0,-11500000.0,8299782.0,49.61263448044108
57.01,-11500000.0,8300097.0,49.61263401320946
57.02,-11500000.0,8300412.0,49.61263355606064
57.03,-11500000.0,8300725.0,49.61263310874085
57.04,-11500000.0,8301038.0,49.61263267099575
57.05,-11500000.0,8301350.0,49.61263224259145
57.06,-11500000.0,8301662.0,49.61263182329394
57.07,-11500000.0,8301972.0,49.61263141285412
57.08,-11500000.0,8302282.0,49.61263101101391
57.09,-11500000.0,8302591.0,49.61263061753045
57.1,-11500000.0,8302898.0,49.61263023215498
57.11,-11500000.0,8303205.0,49.61262985462058
57.12,-11500000.0,8303511.0,49.612629484685996
57.13,-11500000.0,8303816.0,49.61262912211225
57.14,-11500000.0,8304119.0,49.61262876664852
57.15,-11500000.0,8304422.0,49.61262841805505
57.16,-11500000.0,8304722.0,49.6126280760843
57.17,-11500000.0,8305022.0,49.61262774048651
57.18,-11500000.0,8305322.0,49.61262741103067
57.19,-11500000.0,8305619.0,49.61262708748374
57.2,-11500000.0,8305915.0,49.61262676959558
57.21,-11500000.0,8306210.0,49.612626457124286
57.22,-11500000.0,8306504.0,49.61262614983541
57.23,-11500000.0,8306796.0,49.61262584748486
57.24,-11500000.0,8307086.0,49.61262554982314
57.25,-11500000.0,8307376.0,49.612625256618145
57.26,-11500000.0,8307664.0,49.61262496765217
57.27,-11500000.0,8307950.0,49.61262468268385
57.28,-11500000.0,8308234.0,49.61262440147594
57.29,-11500000.0,8308518.0,49.61262412381303
57.3,-11500000.0,8308800.0,49.612623849461656
57.31,-11500000.0,8309080.0,49.61262357817771
57.32,-11500000.0,8309358.0,49.61262330974772
57.33,-11500000.0,8309635.0,49.612623043944375
57.34,-11500000.0,8309910.0,49.612622780535645
57.35,-11500000.0,8310184.0,49.6126225193027
57.36,-11500000.0,8310456.0,49.612622260022576
57.37,-11500000.0,8310726.0,49.6126220024695
57.38,-11500000.0,8310994.0,49.612621746418824
57.39,-11500000.0,8311261.0,49.612621491647225
57.4,-11500000.0,8311526.0,49.61262123793578
57.41,-11500000.0,8311789.0,49.61262098506942
57.42,-11500000.0,8312050.0,49.612620732839474
57.43,-11500000.0,8312310.0,49.61262048102335
57.44,-11500000.0,8312567.0,49.61262022939233
57.45,-11500000.0,8312822.0,49.61261997773116
57.46,-11500000.0,8313076.0,49.61261972581931
57.47,-11500000.0,8313328.0,49.61261947343406
57.48,-11500000.0,8313578.0,49.61261922037218
57.49,-11500000.0,8313825.0,49.61261896642703
57.5,-11500000.0,8314070.0,49.61261871137477
57.51,-11500000.0,8314314.0,49.612618454978644
57.52,-11500000.0,8314555.0,49.61261819701454
57.53,-11500000.0,8314794.0,49.61261793726754
57.54,-11500000.0,8315031.0,49.61261767551574
57.55,-11500000.0,8315266.0,49.6126174115517
57.56,-11500000.0,8315498.0,49.612617145162176
57.57,-11500000.0,8315728.0,49.61261687611376
57.58,-11500000.0,8315956.0,49.61261660417866
57.59,-11500000.0,8316182.0,49.61261632915367
57.6,-11500000.0,8316406.0,49.61261605081872
57.61,-11500000.0,8316626.0,49.612615768945645
57.62,-11500000.0,8316845.0,49.61261548331862
57.63,-11500000.0,8317061.0,49.612615193716195
57.64,-11500000.0,8317274.0,49.6126148999149
57.65,-11500000.0,8317486.0,49.61261460169218
57.66,-11500000.0,8317694.0,49.61261429882868
57.67,-11500000.0,8317900.0,49.61261399109088
57.68,-11500000.0,8318103.0,49.61261367825743
57.69,-11500000.0,8318304.0,49.612613360116306
57.7,-11500000.0,8318502.0,49.61261303644907
57.71,-11500000.0,8318696.0,49.61261270703339
57.72,-11500000.0,8318889.0,49.61261237164809
57.73,-11500000.0,8319079.0,49.61261203009332
57.74,-11500000.0,8319266.0,49.61261168215028
57.75,-11500000.0,8319450.0,49.61261132759076
57.76,-11500000.0,8319630.0,49.61261096619834
57.77,-11500000.0,8319809.0,49.61261059777007
57.78,-11500000.0,8319984.0,49.6126102220957
57.79,-11500000.0,8320156.0,49.61260983896475
57.8,-11500000.0,8320326.0,49.61260944816648
57.81,-11500000.0,8320492.0,49.61260904949557
57.82,-11500000.0,8320655.0,49.61260864275076
57.83,-11500000.0,8320815.0,49.612608227720386
57.84,-11500000.0,8320972.0,49.6126078042051
57.85,-11500000.0,8321126.0,49.61260737199863
57.86,-11500000.0,8321276.0,49.61260693089346
57.87,-11500000.0,8321424.0,49.61260648070155
57.88,-11500000.0,8321568.0,49.61260602123355
57.89,-11500000.0,8321708.0,49.6126055523031
57.9,-11500000.0,8321846.0,49.61260507372718
57.91,-11500000.0,8321980.0,49.61260458531014
57.92,-11500000.0,8322110.0,49.61260408684876
57.93,-11500000.0,8322238.0,49.61260357815575
57.94,-11500000.0,8322362.0,49.61260305905726
57.95,-11500000.0,8322482.0,49.61260252937459
57.96,-11500000.0,8322600.0,49.61260198894672
57.97,-11500000.0,8322714.0,49.612601437608014
57.98,-11500000.0,8322824.0,49.61260087517492
57.99,-11500000.0,8322930.0,49.61260030146978
58.0,-11500000.0,8323033.0,49.61259971632164
58.01,-11500000.0,8323132.0,49.6125991195669
58.02,-11500000.0,8323228.0,49.612598511049704
58.03,-11500000.0,8323320.0,49.612597890602785
58.04,-11500000.0,8323409.0,49.612597258053285
58.05,-11500000.0,8323494.0,49.61259661324346
58.06,-11500000.0,8323576.0,49.61259595602929
58.07,-11500000.0,8323653.0,49.61259528625984
58.08,-11500000.0,8323726.0,49.61259460376248
58.09,-11500000.0,8323797.0,49.61259390838762
58.1,-11500000.0,8323863.0,49.612593199983124
58.11,-11500000.0,8323926.0,49.612592478400636
58.12,-11500000.0,8323984.0,49.61259174349178
58.13,-11500000.0,8324040.0,49.612590995113855
58.14,-11500000.0,8324091.0,49.61259023312544
58.15,-11500000.0,8324138.0,49.612589457372444
58.16,-11500000.0,8324182.0,49.612588667708295
58.17,-11500000.0,8324222.0,49.612587863994925
58.18,-11500000.0,8324258.0,49.612587046100586
58.19,-11500000.0,8324290.0,49.61258621388157
58.2,-11500000.0,8324318.0,49.61258536720494
58.21,-11500000.0,8324342.0,49.61258450592648
58.22,-11500000.0,8324363.0,49.61258362989669
58.23,-11500000.0,8324380.0,49.612582738998526
58.24,-11500000.0,8324392.0,49.61258183310255
58.25,-11500000.0,8324402.0,49.612580912073184
58.26,-11500000.0,8324406.0,49.6125799757869
58.27,-11500000.0,8324408.0,49.61257902411245
58.28,-11500000.0,8324404.0,49.61257805691303
58.29,-11500000.0,8324398.0,49.6125770740672
58.3,-11500000.0,8324387.0,49.61257607544533
58.31,-11500000.0,8324372.0,49.61257506091469
58.32,-11500000.0,8324354.0,49.61257403037602
58.33,-11500000.0,8324332.0,49.612572983718195
58.34,-11500000.0,8324306.0,49.612571920804506
58.35,-11500000.0,8324276.0,49.61257084151542
58.36,-11500000.0,8324242.0,49.61256974574369
58.37,-11500000.0,8324204.0,49.612568633393316
58.38,-11500000.0,8324162.0,49.61256750435642
58.39,-11500000.0,8324116.0,49.612566358518684
58.4,-11500000.0,8324067.0,49.61256519577697
58.41,-11500000.0,8324014.0,49.61256401601922
58.42,-11500000.0,8323956.0,49.61256281914546
58.43,-11500000.0,8323896.0,49.612561605063675
58.44,-11500000.0,8323831.0,49.6125603736894
58.45,-11500000.0,8323762.0,49.612559124942315
58.46,-11500000.0,8323690.0,49.61255785872726
58.47,-11500000.0,8323614.0,49.61255657495631
58.48,-11500000.0,8323534.0,49.61255527354537
58.49,-11500000.0,8323450.0,49.6125539544145
58.5,-11500000.0,8323364.0,49.61255261750435
58.51,-11500000.0,8323272.0,49.61255126275191
58.52,-11500000.0,8323178.0,49.612549890072785
58.53,-11500000.0,8323080.0,49.61254849940374
58.54,-11500000.0,8322978.0,49.61254709069454
58.55,-11500000.0,8322872.0,49.61254566386889
58.56,-11500000.0,8322762.0,49.61254421886758
58.57,-11500000.0,8322650.0,49.61254275566057
58.58,-11500000.0,8322534.0,49.61254127420262
58.59,-11500000.0,8322414.0,49.612539774437
58.6,-11500000.0,8322290.0,49.61253825633398
58.61,-11500000.0,8322164.0,49.61253671986333
58.62,-11500000.0,8322034.0,49.61253516499607
58.63,-11500000.0,8321900.0,49.61253359170015
58.64,-11500000.0,8321762.0,49.612531999942696
58.65,-11500000.0,8321622.0,49.61253038970522
58.66,-11500000.0,8321478.0,49.61252876098079
58.67,-11500000.0,8321332.0,49.612527113768486
58.68,-11500000.0,8321181.0,49.61252544805287
58.69,-11500000.0,8321028.0,49.61252376382468
58.7,-11500000.0,8320871.0,49.612522061095824
58.71,-11500000.0,8320711.0,49.61252033987389
58.72,-11500000.0,8320548.0,49.61251860016274
58.73,-11500000.0,8320382.0,49.612516841979314
58.74,-11500000.0,8320213.0,49.61251506534906
58.75,-11500000.0,8320041.0,49.61251327030208
58.76,-11500000.0,8319866.0,49.61251145687022
58.77,-11500000.0,8319688.0,49.61250962508453
58.78,-11500000.0,8319507.0,49.612507774973324
58.79,-11500000.0,8319323.0,49.612505906560656
58.8,-11500000.0,8319136.0,49.61250401988434
58.81,-11500000.0,8318947.0,49.61250211498932
58.82,-11500000.0,8318755.0,49.6125001919253
58.83,-11500000.0,8318560.0,49.612498250742
58.84,-11500000.0,8318363.0,49.61249629150738
58.85,-11500000.0,8318162.0,49.61249431427904
58.86,-11500000.0,8317960.0,49.61249231910845
58.87,-11500000.0,8317755.0,49.61249030607367
58.88,-11500000.0,8317548.0,49.6124882752535
58.89,-11500000.0,8317338.0,49.612486226724464
58.9,-11500000.0,8317125.0,49.612484160558665
58.91,-11500000.0,8316910.0,49.612482076841204
58.92,-11500000.0,8316694.0,49.61247997566318
58.93,-11500000.0,8316474.0,49.61247785711909
58.94,-11500000.0,8316253.0,49.61247572130166
58.95,-11500000.0,8316030.0,49.61247356830082
58.96,-11500000.0,8315804.0,49.612471398219135
58.97,-11500000.0,8315576.0,49.61246921116616
58.98,-11500000.0,8315347.0,49.61246700725394
58.99,-11500000.0,8315116.0,49.61246478659335
59.0,-11500000.0,8314882.0,49.61246254929125
59.01,-11500000.0,8314647.0,49.6124602954675
59.02,-11500000.0,8314410.0,49.612458025247655
59.03,-11500000.0,8314172.0,49.61245573875994
59.04,-11500000.0,8313932.0,49.612453436149345
59.05,-11500000.0,8313690.0,49.61245111755137
59.06,-11500000.0,8313446.0,49.61244878309228
59.07,-11500000.0,8313201.0,49.61244643290545
59.08,-11500000.0,8312955.0,49.61244406714601
59.09,-11500000.0,8312707.0,49.61244168596199
59.1,-11500000.0,8312458.0,49.61243928949536
59.11,-11500000.0,8312208.0,49.61243687791551
59.12,-11500000.0,8311956.0,49.61243445139077
59.13,-11500000.0,8311704.0,49.61243201008641
59.14,-11500000.0,8311450.0,49.61242955416035
59.15,-11500000.0,8311196.0,49.61242708378195
59.16,-11500000.0,8310940.0,49.61242459914237
59.17,-11500000.0,8310684.0,49.612422100428525
59.18,-11500000.0,8310426.0,49.61241958782019
59.19,-11500000.0,8310168.0,49.61241706148786
59.2,-11500000.0,8309908.0,49.61241452161039
59.21,-11500000.0,8309649.0,49.612411968387406
59.22,-11500000.0,8309389.0,49.61240940203115
59.23,-11500000.0,8309128.0,49.612406822740674
59.24,-11500000.0,8308867.0,49.61240423072155
59.25,-11500000.0,8308605.0,49.61240162617769
59.26,-11500000.0,8308343.0,49.61239900931084
59.27,-11500000.0,8308081.0,49.61239638035283
59.28,-11500000.0,8307818.0,49.61239373953592
59.29,-11500000.0,8307556.0,49.612391087070904
59.3,-11500000.0,8307292.0,49.6123884231669
59.31,-11500000.0,8307030.0,49.61238574806494
59.32,-11500000.0,8306767.0,49.612383062006415
59.33,-11500000.0,8306504.0,49.61238036521258
59.34,-11500000.0,8306242.0,49.61237765792176
59.35,-11500000.0,8305979.0,49.61237494038027
59.36,-11500000.0,8305717.0,49.612372212838075
59.37,-11500000.0,8305456.0,49.61236947556162
59.38,-11500000.0,8305194.0,49.61236672880685
59.39,-11500000.0,8304933.0,49.6123639728186
59.4,-11500000.0,8304672.0,49.61236120784664
59.41,-11500000.0,8304413.0,49.61235843415976
59.42,-11500000.0,8304154.0,49.61235565203602
59.43,-11500000.0,8303896.0,49.61235286173864
59.44,-11500000.0,8303638.0,49.61235006353415
59.45,-11500000.0,8303381.0,49.61234725768592
59.46,-11500000.0,8303125.0,49.61234444445213
59.47,-11500000.0,8302870.0,49.612341624119736
59.48,-11500000.0,8302616.0,49.61233879697333
59.49,-11500000.0,8302364.0,49.61233596329425
59.5,-11500000.0,8302112.0,49.61233312337324
59.51,-11500000.0,8301862.0,49.61233027750562
59.52,-11500000.0,8301614.0,49.61232742598452
59.53,-11500000.0,8301366.0,49.6123245690983
59.54,-11500000.0,8301120.0,49.612321707125886
59.55,-11500000.0,8300875.0,49.612318840355094
59.56,-11500000.0,8300632.0,49.61231596909291
59.57,-11500000.0,8300390.0,49.6123130936391
59.58,-11500000.0,8300151.0,49.61231021430268
59.59,-11500000.0,8299913.0,49.61230733139399
59.6,-11500000.0,8299677.0,49.61230444522151
59.61,-11500000.0,8299442.0,49.61230155608627
59.62,-11500000.0,8299210.0,49.61229866429978
59.63,-11500000.0,8298980.0,49.612295770174484
59.64,-11500000.0,8298752.0,49.61229287402207
59.65,-11500000.0,8298526.0,49.61228997616541
59.66,-11500000.0,8298302.0,49.61228707691402
59.67,-11500000.0,8298080.0,49.61228417658168
59.68,-11500000.0,8297861.0,49.61228127547959
59.69,-11500000.0,8297644.0,49.61227837393335
59.7,-11500000.0,8297430.0,49.61227547227246
59.71,-11500000.0,8297218.0,49.612272570808635
59.72,-11500000.0,8297009.0,49.61226966987232
59.73,-11500000.0,8296802.0,49.61226676980279
59.74,-11500000.0,8296598.0,49.6122638709239
59.75,-11500000.0,8296398.0,49.612260973562236
59.76,-11500000.0,8296200.0,49.612258078059924
59.77,-11500000.0,8296004.0,49.612255184747525
59.78,-11500000.0,8295812.0,49.61225229396275
59.79,-11500000.0,8295622.0,49.61224940604161
59.8,-11500000.0,8295436.0,49.612246521317175
59.81,-11500000.0,8295254.0,49.61224364013207
59.82,-11500000.0,8295074.0,49.61224076283351
59.83,-11500000.0,8294898.0,49.61223788976627
59.84,-11500000.0,8294724.0,49.6122350212702
59.85,-11500000.0,8294554.0,49.61223215767525
59.86,-11500000.0,8294388.0,49.612229299319985
59.87,-11500000.0,8294226.0,49.612226446561635
59.88,-11500000.0,8294067.0,49.61222359974986
59.89,-11500000.0,8293912.0,49.612220759223796
59.9,-11500000.0,8293760.0,49.61221792532917
59.91,-11500000.0,8293612.0,49.612215098430326
59.92,-11500000.0,8293468.0,49.61221227888252
59.93,-11500000.0,8293328.0,49.61220946703084
59.94,-11500000.0,8293192.0,49.61220666322578
59.95,-11500000.0,8293060.0,49.61220386781779
59.96,-11500000.0,8292932.0,49.61220108115294
59.97,-11500000.0,8292809.0,49.6121983035889
59.98,-11500000.0,8292690.0,49.612195535486684
59.99,-11500000.0,8292574.0,49.61219277718792
60.0,-11500000.0,8292463.0,49.61219002903403
60.01,-11500000.0,8292356.0,49.61218729136079
60.02,-11500000.0,8292254.0,49.61218456451631
60.03,-11500000.0,8292156.0,49.61218184885155
60.04,-11500000.0,8292062.0,49.61217914469944
60.05,-11500000.0,8291974.0,49.61217645241197
60.06,-11500000.0,8291890.0,49.61217377233172
60.07,-11500000.0,8291810.0,49.612171104793035
60.08,-11500000.0,8291735.0,49.61216845013655
60.09,-11500000.0,8291664.0,49.612165808686626
60.1,-11500000.0,8291599.0,49.612163180770594
60.11,-11500000.0,8291538.0,49.612160566713534
60.12,-11500000.0,8291482.0,49.61215796683691
60.13,-11500000.0,8291430.0,49.61215538145489
60.14,-11500000.0,8291384.0,49.61215281087435
60.15,-11500000.0,8291342.0,49.61215025541145
60.16,-11500000.0,8291306.0,49.612147715386925
60.17,-11500000.0,8291274.0,49.61214519110314
60.18,-11500000.0,8291248.0,49.612142682866214
60.19,-11500000.0,8291226.0,49.612140190979794
60.2,-11500000.0,8291208.0,49.61213771572701
60.21,-11500000.0,8291196.0,49.6121352573904
60.22,-11500000.0,8291190.0,49.61213281625012
60.23,-11500000.0,8291188.0,49.6121303926018
60.24,-11500000.0,8291191.0,49.61212798673069
60.25,-11500000.0,8291199.0,49.61212559889574
60.26,-11500000.0,8291212.0,49.61212322935137
60.27,-11500000.0,8291230.0,49.61212087834725
60.28,-11500000.0,8291254.0,49.6121185461473
60.29,-11500000.0,8291282.0,49.61211623300477
60.3,-11500000.0,8291315.0,49.612113939166406
60.31,-11500000.0,8291353.0,49.612111664869914
60.32,-11500000.0,8291396.0,49.61210941034819
60.33,-11500000.0,8291444.0,49.61210717582666
60.34,-11500000.0,8291498.0,49.61210496152748
60.35,-11500000.0,8291556.0,49.6121027676668
60.36,-11500000.0,8291620.0,49.612100594458894
60.37,-11500000.0,8291688.0,49.61209844211342
60.38,-11500000.0,8291760.0,49.61209631082014
60.39,-11500000.0,8291838.0,49.61209420077106
60.4,-11500000.0,8291922.0,49.61209211216037
60.41,-11500000.0,8292010.0,49.61209004518432
60.42,-11500000.0,8292102.0,49.61208800004134
60.43,-11500000.0,8292200.0,49.61208597691268
60.44,-11500000.0,8292302.0,49.61208397596826
60.45,-11500000.0,8292410.0,49.61208199736842
60.46,-11500000.0,8292522.0,49.61208004126833
60.47,-11500000.0,8292638.0,49.61207810781872
60.48,-11500000.0,8292760.0,49.61207619716944
60.49,-11500000.0,8292886.0,49.61207430948869
60.5,-11500000.0,8293016.0,49.61207244492176
60.51,-11500000.0,8293152.0,49.61207060360011
60.52,-11500000.0,8293292.0,49.612068785662174
60.53,-11500000.0,8293436.0,49.61206699123561
60.54,-11500000.0,8293586.0,49.612065220441096
60.55,-11500000.0,8293739.0,49.61206347339564
60.56,-11500000.0,8293897.0,49.612061750215
60.57,-11500000.0,8294059.0,49.61206005099657
60.58,-11500000.0,8294226.0,49.61205837584592
60.59,-11500000.0,8294397.0,49.61205672487414
60.6,-11500000.0,8294572.0,49.61205509816292
60.61,-11500000.0,8294752.0,49.61205349579229
60.62,-11500000.0,8294935.0,49.61205191784151
60.63,-11500000.0,8295123.0,49.61205036439323
60.64,-11500000.0,8295314.0,49.61204883551393
60.65,-11500000.0,8295510.0,49.6120473312629
60.66,-11500000.0,8295710.0,49.61204585169299
60.67,-11500000.0,8295914.0,49.61204439685752
60.68,-11500000.0,8296122.0,49.61204296680972
60.69,-11500000.0,8296333.0,49.61204156158887
60.7,-11500000.0,8296548.0,49.612040181224366
60.71,-11500000.0,8296767.0,49.61203882574197
60.72,-11500000.0,8296990.0,49.612037495165765
60.73,-11500000.0,8297216.0,49.6120361895035
60.74,-11500000.0,8297446.0,49.612034908772074
60.75,-11500000.0,8297678.0,49.61203365297771
60.76,-11500000.0,8297915.0,49.61203242210468
60.77,-11500000.0,8298155.0,49.61203121614079
60.78,-11500000.0,8298398.0,49.6120300350796
60.79,-11500000.0,8298644.0,49.61202887888365
60.8,-11500000.0,8298894.0,49.61202774751637
60.81,-11500000.0,8299147.0,49.61202664094066
60.82,-11500000.0,8299403.0,49.61202555910736
60.83,-11500000.0,8299662.0,49.61202450195804
60.84,-11500000.0,8299924.0,49.612023469433325
60.85,-11500000.0,8300188.0,49.61202246147348
60.86,-11500000.0,8300455.0,49.612021477986204
60.87,-11500000.0,8300725.0,49.612020518876356
60.88,-11500000.0,8300998.0,49.612019584048674
60.89,-11500000.0,8301273.0,49.61201867341299
60.9,-11500000.0,8301550.0,49.612017786865906
60.91,-11500000.0,8301831.0,49.61201692430024
60.92,-11500000.0,8302114.0,49.61201608560664
60.93,-11500000.0,8302398.0,49.61201527064211
60.94,-11500000.0,8302685.0,49.61201447926033
60.95,-11500000.0,8302974.0,49.6120137113342
60.96,-11500000.0,8303266.0,49.6120129667171
60.97,-11500000.0,8303559.0,49.612012245253986
60.98,-11500000.0,8303854.0,49.6120115467842
60.99,-11500000.0,8304151.0,49.61201087113052
61.0,-11500000.0,8304450.0,49.61201021812463
61.01,-11500000.0,8304750.0,49.61200958759021
61.02,-11500000.0,8305052.0,49.61200897933103
61.03,-11500000.0,8305356.0,49.61200839315879
61.04,-11500000.0,8305662.0,49.61200782887506
61.05,-11500000.0,8305968.0,49.612007286280814
61.06,-11500000.0,8306276.0,49.61200676517804
61.07,-11500000.0,8306586.0,49.6120062653383
61.08,-11500000.0,8306896.0,49.61200578653304
61.09,-11500000.0,8307208.0,49.61200532853688
61.1,-11500000.0,8307520.0,49.61200489111363
61.11,-11500000.0,8307834.0,49.6120044740234
61.12,-11500000.0,8308148.0,49.61200407702803
61.13,-11500000.0,8308464.0,49.61200369989552
61.14,-11500000.0,8308779.0,49.612003342364815
61.15,-11500000.0,8309096.0,49.612003004178995
61.16,-11500000.0,8309413.0,49.61200268508489
61.17,-11500000.0,8309730.0,49.6120023848029
61.18,-11500000.0,8310048.0,49.61200210305536
61.19,-11500000.0,8310367.0,49.6120018395711
61.2,-11500000.0,8310686.0,49.61200159406969
61.21,-11500000.0,8311004.0,49.612001366269816
61.22,-11500000.0,8311324.0,49.612001155892976
61.23,-11500000.0,8311642.0,49.61200096264997
61.24,-11500000.0,8311962.0,49.612000786248146
61.25,-11500000.0,8312280.0,49.61200062639709
61.26,-11500000.0,8312599.0,49.612000482793825
61.27,-11500000.0,8312918.0,49.612000355132
61.28,-11500000.0,8313236.0,49.61200024310599
61.29,-11500000.0,8313553.0,49.612000146398074
61.3,-11500000.0,8313870.0,49.612000064685915
61.31,-11500000.0,8314186.0,49.6119999976486
61.32,-11500000.0,8314502.0,49.61199994497141
61.33,-11500000.0,8314818.0,49.61199990633012
61.34,-11500000.0,8315132.0,49.61199988138025
61.35,-11500000.0,8315445.0,49.6119998697857
61.36,-11500000.0,8315758.0,49.61199987122051
61.37,-11500000.0,8316069.0,49.611999885353974
61.38,-11500000.0,8316380.0,49.61199991185652
61.39,-11500000.0,8316688.0,49.61199995038516
61.4,-11500000.0,8316996.0,49.61200000059273
61.41,-11500000.0,8317303.0,49.61200006213229
61.42,-11500000.0,8317608.0,49.612000134644234
61.43,-11500000.0,8317912.0,49.61200021778324
61.44,-11500000.0,8318214.0,49.61200031119936
61.45,-11500000.0,8318514.0,49.61200041452762
61.46,-11500000.0,8318814.0,49.61200052741382
61.47,-11500000.0,8319111.0,49.6120006495172
61.48,-11500000.0,8319406.0,49.6120007804738
61.49,-11500000.0,8319700.0,49.612000919909065
61.5,-11500000.0,8319991.0,49.61200106746132
61.51,-11500000.0,8320280.0,49.612001222766
61.52,-11500000.0,8320568.0,49.612001385441765
61.53,-11500000.0,8320853.0,49.612001555119555
61.54,-11500000.0,8321136.0,49.61200173144177
61.55,-11500000.0,8321416.0,49.61200191402893
61.56,-11500000.0,8321694.0,49.6120021024889
61.57,-11500000.0,8321970.0,49.612002296443606
61.58,-11500000.0,8322244.0,49.6120024955293
61.59,-11500000.0,8322514.0,49.61200269936096
61.6,-11500000.0,8322783.0,49.6120029075621
61.61,-11500000.0,8323048.0,49.61200311976467
61.62,-11500000.0,8323311.0,49.61200333557604
61.63,-11500000.0,8323571.0,49.61200355460806
61.64,-11500000.0,8323828.0,49.612003776479135
61.65,-11500000.0,8324082.0,49.612004000799544
61.66,-11500000.0,8324334.0,49.61200422719688
61.67,-11500000.0,8324582.0,49.61200445529594
61.68,-11500000.0,8324826.0,49.612004684707365
61.69,-11500000.0,8325068.0,49.612004915052744
61.7,-11500000.0,8325307.0,49.61200514594731
61.71,-11500000.0,8325542.0,49.61200537698775
61.72,-11500000.0,8325774.0,49.61200560777969
61.73,-11500000.0,8326003.0,49.61200583795797
61.74,-11500000.0,8326228.0,49.61200606714591
61.75,-11500000.0,8326450.0,49.61200629496488
61.76,-11500000.0,8326668.0,49.61200652103565
61.77,-11500000.0,8326882.0,49.61200674496639
61.78,-11500000.0,8327094.0,49.61200696637707
61.79,-11500000.0,8327301.0,49.612007184900975
61.8,-11500000.0,8327504.0,49.612007400166505
61.81,-11500000.0,8327704.0,49.61200761178415
61.82,-11500000.0,8327900.0,49.61200781937343
61.83,-11500000.0,8328092.0,49.612008022563344
61.84,-11500000.0,8328280.0,49.61200822099551
61.85,-11500000.0,8328464.0,49.612008414304405
61.86,-11500000.0,8328645.0,49.612008602125314
61.87,-11500000.0,8328821.0,49.61200878409475
61.88,-11500000.0,8328993.0,49.61200895983739
61.89,-11500000.0,8329161.0,49.61200912898975
61.9,-11500000.0,8329325.0,49.61200929120117
61.91,-11500000.0,8329484.0,49.61200944611507
61.92,-11500000.0,8329640.0,49.612009593374864
61.93,-11500000.0,8329792.0,49.61200973264497
61.94,-11500000.0,8329938.0,49.612009863590124
61.95,-11500000.0,8330081.0,49.612009985860475
61.96,-11500000.0,8330220.0,49.61201009911686
61.97,-11500000.0,8330353.0,49.61201020301068
61.98,-11500000.0,8330482.0,49.61201029719176
61.99,-11500000.0,8330608.0,49.61201038134696
62.0,-11500000.0,8330728.0,49.612010455156515
62.01,-11500000.0,8330844.0,49.6120105182816
62.02,-11500000.0,8330956.0,49.61201057038865
62.03,-11500000.0,8331064.0,49.61201061117009
62.04,-11500000.0,8331166.0,49.61201064032046
62.05,-11500000.0,8331264.0,49.61201065752183
62.06,-11500000.0,8331358.0,49.612010662466446
62.07,-11500000.0,8331446.0,49.61201065485682
62.08,-11500000.0,8331530.0,49.61201063438626
62.09,-11500000.0,8331610.0,49.612010600763625
62.1,-11500000.0,8331686.0,49.61201055370893
62.11,-11500000.0,8331756.0,49.612010492917236
62.12,-11500000.0,8331822.0,49.612010418104255
62.13,-11500000.0,8331882.0,49.612010329000746
62.14,-11500000.0,8331938.0,49.6120102253153
62.15,-11500000.0,8331990.0,49.612010106779145
62.16,-11500000.0,8332037.0,49.61200997312062
62.17,-11500000.0,8332080.0,49.61200982407153
62.18,-11500000.0,8332117.0,49.612009659382664
62.19,-11500000.0,8332150.0,49.61200947880458
62.2,-11500000.0,8332178.0,49.612009282087264
62.21,-11500000.0,8332202.0,49.61200906898273
62.22,-11500000.0,8332220.0,49.61200883924415
62.23,-11500000.0,8332234.0,49.612008592627895
62.24,-11500000.0,8332244.0,49.61200832891149
62.25,-11500000.0,8332248.0,49.612008047870596
62.26,-11500000.0,8332248.0,49.6120077492814
62.27,-11500000.0,8332244.0,49.61200743293874
62.28,-11500000.0,8332234.0,49.61200709863341
62.29,-11500000.0,8332220.0,49.612006746154655
62.3,-11500000.0,8332202.0,49.612006375308596
62.31,-11500000.0,8332178.0,49.61200598589553
62.32,-11500000.0,8332150.0,49.612005577712615
62.33,-11500000.0,8332118.0,49.6120051505724
62.34,-11500000.0,8332080.0,49.61200470429943
62.35,-11500000.0,8332039.0,49.612004238727536
62.36,-11500000.0,8331993.0,49.61200375369742
62.37,-11500000.0,8331942.0,49.61200324905484
62.38,-11500000.0,8331888.0,49.61200272464887
62.39,-11500000.0,8331828.0,49.612002180330634
62.4,-11500000.0,8331764.0,49.61200161595214
62.41,-11500000.0,8331696.0,49.612001031365246
62.42,-11500000.0,8331623.0,49.61200042644018
62.43,-11500000.0,8331546.0,49.61199980105916
62.44,-11500000.0,8331464.0,49.6119991550949
62.45,-11500000.0,8331379.0,49.6119984884307
62.46,-11500000.0,8331290.0,49.61199780097477
62.47,-11500000.0,8331196.0,49.611997092634205
62.48,-11500000.0,8331098.0,49.61199636331517
62.49,-11500000.0,8330996.0,49.61199561293922
62.5,-11500000.0,8330890.0,49.61199484143835
62.51,-11500000.0,8330779.0,49.61199404873165
62.52,-11500000.0,8330665.0,49.611993234746784
62.53,-11500000.0,8330547.0,49.61199239943263
62.54,-11500000.0,8330425.0,49.611991542734785
62.55,-11500000.0,8330300.0,49.6119906646134
62.56,-11500000.0,8330170.0,49.61198976503618
62.57,-11500000.0,8330037.0,49.61198884397592
62.58,-11500000.0,8329900.0,49.61198790140545
62.59,-11500000.0,8329760.0,49.61198693729641
62.6,-11500000.0,8329616.0,49.611985951634885
62.61,-11500000.0,8329468.0,49.61198494441555
62.62,-11500000.0,8329317.0,49.61198391563713
62.63,-11500000.0,8329163.0,49.611982865317934
62.64,-11500000.0,8329006.0,49.61198179348731
62.65,-11500000.0,8328844.0,49.6119807001625
62.66,-11500000.0,8328680.0,49.61197958536738
62.67,-11500000.0,8328513.0,49.61197844912656
62.68,-11500000.0,8328342.0,49.6119772914636
62.69,-11500000.0,8328170.0,49.61197611243527
62.7,-11500000.0,8327993.0,49.6119749121006
62.71,-11500000.0,8327814.0,49.61197369050064
62.72,-11500000.0,8327632.0,49.61197244769631
62.73,-11500000.0,8327446.0,49.61197118375933
62.74,-11500000.0,8327258.0,49.61196989874894
62.75,-11500000.0,8327068.0,49.61196859273045
62.76,-11500000.0,8326875.0,49.61196726578859
62.77,-11500000.0,8326680.0,49.61196591802001
62.78,-11500000.0,8326481.0,49.61196454950817
62.79,-11500000.0,8326280.0,49.61196316034346
62.8,-11500000.0,8326077.0,49.6119617506155
62.81,-11500000.0,8325872.0,49.611960320412976
62.82,-11500000.0,8325664.0,49.61195886985621
62.83,-11500000.0,8325454.0,49.61195739904851
62.84,-11500000.0,8325242.0,49.61195590809868
62.85,-11500000.0,8325027.0,49.61195439713144
62.86,-11500000.0,8324810.0,49.61195286626449
62.87,-11500000.0,8324592.0,49.61195131560511
62.88,-11500000.0,8324371.0,49.61194974527008
62.89,-11500000.0,8324148.0,49.611948155396725
62.9,-11500000.0,8323924.0,49.61194654611763
62.91,-11500000.0,8323698.0,49.611944917558425
62.92,-11500000.0,8323470.0,49.611943269855395
62.93,-11500000.0,8323240.0,49.611941603148715
62.94,-11500000.0,8323008.0,49.61193991757995
62.95,-11500000.0,8322775.0,49.61193821330661
62.96,-11500000.0,8322540.0,49.61193649047637
62.97,-11500000.0,8322304.0,49.611934749227615
62.98,-11500000.0,8322066.0,49.61193298972558
62.99,-11500000.0,8321826.0,49.611931212133044
63.0,-11500000.0,8321586.0,49.61192941661074
63.01,-11500000.0,8321344.0,49.611927603331324
63.02,-11500000.0,8321100.0,49.611925772456075
63.03,-11500000.0,8320856.0,49.611923924153785
63.04,-11500000.0,8320610.0,49.611922058594935
63.05,-11500000.0,8320363.0,49.61192017594996
63.06,-11500000.0,8320115.0,49.611918276404445
63.07,-11500000.0,8319866.0,49.611916360133755
63.08,-11500000.0,8319616.0,49.61191442732329
63.09,-11500000.0,8319364.0,49.61191247818002
63.1,-11500000.0,8319112.0,49.6119105129073
63.11,-11500000.0,8318860.0,49.61190853170286
63.12,-11500000.0,8318606.0,49.6119065347573
63.13,-11500000.0,8318351.0,49.611904522272134
63.14,-11500000.0,8318096.0,49.611902494453425
63.15,-11500000.0,8317840.0,49.61190045150958
63.16,-11500000.0,8317582.0,49.611898393646634
63.17,-11500000.0,8317325.0,49.611896321067576
63.18,-11500000.0,8317068.0,49.61189423400743
63.19,-11500000.0,8316809.0,49.61189213270304
63.2,-11500000.0,8316550.0,49.6118900173734
63.21,-11500000.0,8316290.0,49.611887888238535
63.22,-11500000.0,8316031.0,49.61188574553593
63.23,-11500000.0,8315771.0,49.61188358951251
63.24,-11500000.0,8315510.0,49.61188142040203
63.25,-11500000.0,8315250.0,49.61187923844427
63.26,-11500000.0,8314989.0,49.61187704387947
63.27,-11500000.0,8314728.0,49.61187483694688
63.28,-11500000.0,8314467.0,49.61187261789998
63.29,-11500000.0,8314206.0,49.61187038698116
63.3,-11500000.0,8313944.0,49.61186814444204
63.31,-11500000.0,8313683.0,49.611865890535555
63.32,-11500000.0,8313422.0,49.61186362551574
63.33,-11500000.0,8313161.0,49.6118613496508
63.34,-11500000.0,8312900.0,49.61185906319936
63.35,-11500000.0,8312640.0,49.61185676642861
63.36,-11500000.0,8312378.0,49.611854459588756
63.37,-11500000.0,8312118.0,49.611852142935774
63.38,-11500000.0,8311858.0,49.61184981674205
63.39,-11500000.0,8311599.0,49.611847481273465
63.4,-11500000.0,8311340.0,49.61184513678617
63.41,-11500000.0,8311081.0,49.61184278354626
63.42,-11500000.0,8310822.0,49.611840421821725
63.43,-11500000.0,8310565.0,49.61183805188174
63.44,-11500000.0,8310308.0,49.611835673990406
63.45,-11500000.0,8310051.0,49.61183328840758
63.46,-11500000.0,8309795.0,49.61183089540299
63.47,-11500000.0,8309540.0,49.61182849525251
63.48,-11500000.0,8309286.0,49.611826088232206
63.49,-11500000.0,8309032.0,49.61182367459717
63.5,-11500000.0,8308778.0,49.611821254602155
63.51,-11500000.0,8308526.0,49.61181882851643
63.52,-11500000.0,8308275.0,49.611816396598186
63.53,-11500000.0,8308024.0,49.611813959095294
63.54,-11500000.0,8307776.0,49.6118115162815
63.55,-11500000.0,8307527.0,49.611809068426986
63.56,-11500000.0,8307280.0,49.61180661577978
63.57,-11500000.0,8307033.0,49.611804158584974
63.58,-11500000.0,8306788.0,49.611801697101775
63.59,-11500000.0,8306544.0,49.611799231595995
63.6,-11500000.0,8306301.0,49.6117967623177
63.61,-11500000.0,8306060.0,49.61179428952087
63.62,-11500000.0,8305820.0,49.61179181347731
63.63,-11500000.0,8305580.0,49.611789334431364
63.64,-11500000.0,8305342.0,49.61178685262483
63.65,-11500000.0,8305106.0,49.6117843683096
63.66,-11500000.0,8304872.0,49.61178188174553
63.67,-11500000.0,8304638.0,49.61177939319285
63.68,-11500000.0,8304406.0,49.61177690289283
63.69,-11500000.0,8304176.0,49.61177441108669
63.7,-11500000.0,8303946.0,49.61177191801285
63.71,-11500000.0,8303720.0,49.61176942392411
63.72,-11500000.0,8303494.0,49.61176692906095
63.73,-11500000.0,8303270.0,49.61176443365446
63.74,-11500000.0,8303048.0,49.61176193796117
63.75,-11500000.0,8302827.0,49.61175944223577
63.76,-11500000.0,8302608.0,49.61175694671089
63.77,-11500000.0,8302391.0,49.61175445161838
63.78,-11500000.0,8302176.0,49.61175195718552
63.79,-11500000.0,8301962.0,49.611749463654185
63.8,-11500000.0,8301751.0,49.61174697127234
63.81,-11500000.0,8301542.0,49.61174448027373
63.82,-11500000.0,8301334.0,49.61174199089623
63.83,-11500000.0,8301128.0,49.61173950337848
63.84,-11500000.0,8300925.0,49.61173701795728
63.85,-11500000.0,8300724.0,49.61173453486545
63.86,-11500000.0,8300524.0,49.61173205433027
63.87,-11500000.0,8300327.0,49.611729576591614
63.88,-11500000.0,8300132.0,49.61172710187604
63.89,-11500000.0,8299938.0,49.61172463040025
63.9,-11500000.0,8299748.0,49.611722162406494
63.91,-11500000.0,8299560.0,49.61171969813557
63.92,-11500000.0,8299373.0,49.61171723780687
63.93,-11500000.0,8299189.0,49.61171478163997
63.94,-11500000.0,8299008.0,49.61171232987015
63.95,-11500000.0,8298828.0,49.611709882723574
63.96,-11500000.0,8298651.0,49.61170744041839
63.97,-11500000.0,8298476.0,49.61170500318209
63.98,-11500000.0,8298304.0,49.61170257124732
63.99,-11500000.0,8298134.0,49.61170014482929
64.0,-11500000.0,8297968.0,49.61169772414808
64.01,-11500000.0,8297802.0,49.61169530942253
64.02,-11500000.0,8297640.0,49.611692900871375
64.03,-11500000.0,8297480.0,49.61169049870821
64.04,-11500000.0,8297324.0,49.61168810314345
64.05,-11500000.0,8297169.0,49.61168571439939
64.06,-11500000.0,8297017.0,49.61168333268778
64.07,-11500000.0,8296868.0,49.61168095821007
64.08,-11500000.0,8296721.0,49.6116785911769
64.09,-11500000.0,8296577.0,49.61167623180282
64.1,-11500000.0,8296436.0,49.611673880285664
64.11,-11500000.0,8296297.0,49.6116715368275
64.12,-11500000.0,8296161.0,49.61166920163041
64.13,-11500000.0,8296028.0,49.61166687489613
64.14,-11500000.0,8295898.0,49.6116645568229
64.15,-11500000.0,8295770.0,49.611662247605736
64.16,-11500000.0,8295645.0,49.61165994743407
64.17,-11500000.0,8295523.0,49.6116576564926
64.18,-11500000.0,8295404.0,49.61165537497847
64.19,-11500000.0,8295288.0,49.611653103077735
64.2,-11500000.0,8295174.0,49.6116508409675
64.21,-11500000.0,8295064.0,49.611648588834115
64.22,-11500000.0,8294956.0,49.611646346869634
64.23,-11500000.0,8294851.0,49.611644115249845
64.24,-11500000.0,8294749.0,49.611641894137534
64.25,-11500000.0,8294650.0,49.61163968370185
64.26,-11500000.0,8294554.0,49.61163748411552
64.27,-11500000.0,8294461.0,49.611635295552716
64.28,-11500000.0,8294371.0,49.61163311818753
64.29,-11500000.0,8294284.0,49.61163095219251
64.3,-11500000.0,8294200.0,49.61162879771852
64.31,-11500000.0,8294118.0,49.61162665491881
64.32,-11500000.0,8294040.0,49.61162452396388
64.33,-11500000.0,8293966.0,49.61162240501879
64.34,-11500000.0,8293893.0,49.61162029822381
64.35,-11500000.0,8293824.0,49.61161820371944
64.36,-11500000.0,8293758.0,49.61161612166182
64.37,-11500000.0,8293695.0,49.61161405220057
64.38,-11500000.0,8293635.0,49.61161199547926
64.39,-11500000.0,8293578.0,49.61160995163569
64.4,-11500000.0,8293524.0,49.61160792080242
64.41,-11500000.0,8293474.0,49.61160590312627
64.42,-11500000.0,8293426.0,49.61160389874386
64.43,-11500000.0,8293381.0,49.61160190778587
64.44,-11500000.0,8293339.0,49.61159993037468
64.45,-11500000.0,8293300.0,49.61159796662849
64.46,-11500000.0,8293265.0,49.61159601667792
64.47,-11500000.0,8293232.0,49.61159408064512
64.48,-11500000.0,8293203.0,49.61159215864489
64.49,-11500000.0,8293176.0,49.61159025078577
64.5,-11500000.0,8293154.0,49.611588357190364
64.51,-11500000.0,8293133.0,49.61158647797104
64.52,-11500000.0,8293116.0,49.61158461323474
64.53,-11500000.0,8293102.0,49.6115827631001
64.54,-11500000.0,8293091.0,49.611580927676805
64.55,-11500000.0,8293083.0,49.61157910706718
64.56,-11500000.0,8293078.0,49.61157730136744
64.57,-11500000.0,8293076.0,49.61157551066881
64.58,-11500000.0,8293078.0,49.61157373507775
64.59,-11500000.0,8293082.0,49.611571974691685
64.6,-11500000.0,8293089.0,49.611570229603764
64.61,-11500000.0,8293099.0,49.61156849990061
64.62,-11500000.0,8293112.0,49.61156678566659
64.63,-11500000.0,8293128.0,49.611565086981315
64.64,-11500000.0,8293148.0,49.6115634039236
64.65,-11500000.0,8293170.0,49.61156173658794
64.66,-11500000.0,8293196.0,49.61156008504416
64.67,-11500000.0,8293224.0,49.611558449363336
64.68,-11500000.0,8293255.0,49.611556829614784
64.69,-11500000.0,8293290.0,49.61155522586956
64.7,-11500000.0,8293326.0,49.6115536381972
64.71,-11500000.0,8293367.0,49.611552066669304
64.72,-11500000.0,8293410.0,49.61155051135623
64.73,-11500000.0,8293456.0,49.61154897231131
64.74,-11500000.0,8293505.0,49.6115474495925
64.75,-11500000.0,8293557.0,49.61154594326177
64.76,-11500000.0,8293612.0,49.611544453384575
64.77,-11500000.0,8293670.0,49.61154298001012
64.78,-11500000.0,8293730.0,49.61154152317662
64.79,-11500000.0,8293794.0,49.611540082931924
64.8,-11500000.0,8293860.0,49.61153865931264
64.81,-11500000.0,8293928.0,49.61153725234848
64.82,-11500000.0,8294000.0,49.611535862082064
64.83,-11500000.0,8294076.0,49.61153448856681
64.84,-11500000.0,8294153.0,49.61153313184571
64.85,-11500000.0,8294233.0,49.61153179193621
64.86,-11500000.0,8294316.0,49.61153046885553
64.87,-11500000.0,8294402.0,49.61152916263927
64.88,-11500000.0,8294490.0,49.61152787331878
64.89,-11500000.0,8294582.0,49.611526600904824
64.9,-11500000.0,8294676.0,49.611525345411884
64.91,-11500000.0,8294772.0,49.611524106856656
64.92,-11500000.0,8294872.0,49.61152288525976
64.93,-11500000.0,8294974.0,49.611521680644024
64.94,-11500000.0,8295078.0,49.61152049301698
64.95,-11500000.0,8295185.0,49.611519322374726
64.96,-11500000.0,8295294.0,49.611518168705125
64.97,-11500000.0,8295407.0,49.611517032009836
64.98,-11500000.0,8295522.0,49.61151591230061
64.99,-11500000.0,8295640.0,49.61151480958024
65.0,-11500000.0,8295760.0,49.61151372384507
65.01,-11500000.0,8295882.0,49.61151265508727
65.02,-11500000.0,8296007.0,49.61151160329653
65.03,-11500000.0,8296134.0,49.611510568461526
65.04,-11500000.0,8296264.0,49.61150955057094
65.05,-11500000.0,8296397.0,49.611508549614356
65.06,-11500000.0,8296532.0,49.61150756558293
65.07,-11500000.0,8296669.0,49.61150659845058
65.08,-11500000.0,8296809.0,49.61150564819935
65.09,-11500000.0,8296951.0,49.611504714815624
65.1,-11500000.0,8297096.0,49.611503798273695
65.11,-11500000.0,8297242.0,49.61150289853777
65.12,-11500000.0,8297392.0,49.61150201558577
65.13,-11500000.0,8297543.0,49.61150114940443
65.14,-11500000.0,8297696.0,49.611500299952574
65.15,-11500000.0,8297853.0,49.61149946720652
65.16,-11500000.0,8298011.0,49.61149865113506
65.17,-11500000.0,8298172.0,49.61149785170626
65.18,-11500000.0,8298335.0,49.61149706890347
65.19,-11500000.0,8298500.0,49.61149630268722
65.2,-11500000.0,8298668.0,49.61149555302012
65.21,-11500000.0,8298837.0,49.61149481986599
65.22,-11500000.0,8299008.0,49.61149410317255
65.23,-11500000.0,8299182.0,49.61149340289512
65.24,-11500000.0,8299358.0,49.61149271899452
65.25,-11500000.0,8299536.0,49.611492051418985
65.26,-11500000.0,8299717.0,49.6114914001271
65.27,-11500000.0,8299900.0,49.61149076508512
65.28,-11500000.0,8300084.0,49.61149014624852
65.29,-11500000.0,8300270.0,49.61148954356516
65.3,-11500000.0,8300459.0,49.61148895697805
65.31,-11500000.0,8300650.0,49.61148838642746
65.32,-11500000.0,8300842.0,49.6114878318527
65.33,-11500000.0,8301036.0,49.61148729319349
65.34,-11500000.0,8301233.0,49.61148677039117
65.35,-11500000.0,8301431.0,49.61148626337028
65.36,-11500000.0,8301632.0,49.61148577206427
65.37,-11500000.0,8301834.0,49.61148529641211
65.38,-11500000.0,8302037.0,49.61148483632288
65.39,-11500000.0,8302243.0,49.611484391722236
65.4,-11500000.0,8302450.0,49.611483962528325
65.41,-11500000.0,8302660.0,49.6114835486594
65.42,-11500000.0,8302870.0,49.611483150031184
65.43,-11500000.0,8303082.0,49.611482766544235
65.44,-11500000.0,8303296.0,49.611482398105444
65.45,-11500000.0,8303512.0,49.611482044630165
65.46,-11500000.0,8303730.0,49.61148170602161
65.47,-11500000.0,8303948.0,49.61148138215912
65.48,-11500000.0,8304168.0,49.61148107294254
65.49,-11500000.0,8304390.0,49.61148077826946
65.5,-11500000.0,8304613.0,49.61148049802156
65.51,-11500000.0,8304837.0,49.61148023206893
65.52,-11500000.0,8305062.0,49.61147998027653
65.53,-11500000.0,8305290.0,49.61147974252577
65.54,-11500000.0,8305518.0,49.611479518694416
65.55,-11500000.0,8305746.0,49.611479308642195
65.56,-11500000.0,8305977.0,49.61147911223678
65.57,-11500000.0,8306208.0,49.611478929334204
65.58,-11500000.0,8306440.0,49.61147875976806
65.59,-11500000.0,8306674.0,49.611478603394474
65.6,-11500000.0,8306908.0,49.611478460069804
65.61,-11500000.0,8307142.0,49.61147832963743
65.62,-11500000.0,8307378.0,49.611478211932344
65.63,-11500000.0,8307614.0,49.61147810676852
65.64,-11500000.0,8307851.0,49.6114780139663
65.65,-11500000.0,8308089.0,49.611477933372456
65.66,-11500000.0,8308327.0,49.61147786481971
65.67,-11500000.0,8308566.0,49.61147780811699
65.68,-11500000.0,8308804.0,49.61147776307602
65.69,-11500000.0,8309044.0,49.61147772951475
65.7,-11500000.0,8309284.0,49.61147770725995
65.71,-11500000.0,8309524.0,49.61147769612994
65.72,-11500000.0,8309764.0,49.61147769592257
65.73,-11500000.0,8310004.0,49.61147770642356
65.74,-11500000.0,8310244.0,49.61147772743267
65.75,-11500000.0,8310485.0,49.61147775876349
65.76,-11500000.0,8310725.0,49.611477800207496
65.77,-11500000.0,8310966.0,49.611477851563784
65.78,-11500000.0,8311205.0,49.611477912619456
65.79,-11500000.0,8311445.0,49.61147798316096
65.8,-11500000.0,8311684.0,49.61147806299342
65.81,-11500000.0,8311924.0,49.61147815190538
65.82,-11500000.0,8312162.0,49.61147824967668
65.83,-11500000.0,8312400.0,49.6114783560846
65.84,-11500000.0,8312638.0,49.61147847090895
65.85,-11500000.0,8312874.0,49.61147859391664
65.86,-11500000.0,8313110.0,49.611478724889594
65.87,-11500000.0,8313346.0,49.611478863623134
65.88,-11500000.0,8313580.0,49.61147900989184
65.89,-11500000.0,8313814.0,49.611479163458235
65.9,-11500000.0,8314046.0,49.611479324079845
65.91,-11500000.0,8314278.0,49.611479491534055
65.92,-11500000.0,8314509.0,49.611479665597486
65.93,-11500000.0,8314738.0,49.611479846034165
65.94,-11500000.0,8314966.0,49.611480032601065
65.95,-11500000.0,8315194.0,49.61148022505542
65.96,-11500000.0,8315419.0,49.61148042315761
65.97,-11500000.0,8315644.0,49.611480626676276
65.98,-11500000.0,8315866.0,49.61148083537002
65.99,-11500000.0,8316088.0,49.61148104899674
66.0,-11500000.0,8316307.0,49.611481267315085
66.01,-11500000.0,8316525.0,49.61148149007204
66.02,-11500000.0,8316741.0,49.61148171700822
66.03,-11500000.0,8316956.0,49.611481947864846
66.04,-11500000.0,8317168.0,49.61148218238629
66.05,-11500000.0,8317379.0,49.61148242032509
66.06,-11500000.0,8317588.0,49.611482661423445
66.07,-11500000.0,8317794.0,49.6114829054224
66.08,-11500000.0,8317999.0,49.61148315206318
66.09,-11500000.0,8318202.0,49.61148340107483
66.1,-11500000.0,8318402.0,49.61148365219857
66.11,-11500000.0,8318600.0,49.6114839051699
66.12,-11500000.0,8318796.0,49.61148415970587
66.13,-11500000.0,8318989.0,49.611484415532246
66.14,-11500000.0,8319180.0,49.61148467236482
66.15,-11500000.0,8319368.0,49.61148492991832
66.16,-11500000.0,8319554.0,49.61148518792691
66.17,-11500000.0,8319737.0,49.61148544610675
66.18,-11500000.0,8319918.0,49.61148570416503
66.19,-11500000.0,8320096.0,49.61148596182345
66.2,-11500000.0,8320270.0,49.61148621879972
66.21,-11500000.0,8320443.0,49.61148647481345
66.22,-11500000.0,8320612.0,49.61148672956865
66.23,-11500000.0,8320778.0,49.611486982763665
66.24,-11500000.0,8320942.0,49.61148723411242
66.25,-11500000.0,8321102.0,49.61148748332681
66.26,-11500000.0,8321260.0,49.611487730101466
66.27,-11500000.0,8321414.0,49.611487974141696
66.28,-11500000.0,8321564.0,49.611488215142494
66.29,-11500000.0,8321712.0,49.61148845279876
66.3,-11500000.0,8321857.0,49.61148868682352
66.31,-11500000.0,8321998.0,49.61148891691206
66.32,-11500000.0,8322136.0,49.61148914276819
66.33,-11500000.0,8322270.0,49.61148936408524
66.34,-11500000.0,8322401.0,49.61148958055438
66.35,-11500000.0,8322528.0,49.61148979188498
66.36,-11500000.0,8322652.0,49.61148999776683
66.37,-11500000.0,8322772.0,49.61149019789833
66.38,-11500000.0,8322889.0,49.61149039198501
66.39,-11500000.0,8323002.0,49.61149057972483
66.4,-11500000.0,8323111.0,49.611490760811456
66.41,-11500000.0,8323216.0,49.61149093493983
66.42,-11500000.0,8323318.0,49.611491101826836
66.43,-11500000.0,8323416.0,49.61149126117106
66.44,-11500000.0,8323510.0,49.61149141266263
66.45,-11500000.0,8323600.0,49.61149155602363
66.46,-11500000.0,8323686.0,49.61149169096566
66.47,-11500000.0,8323768.0,49.61149181717854
66.48,-11500000.0,8323847.0,49.61149193437484
66.49,-11500000.0,8323921.0,49.61149204226712
66.5,-11500000.0,8323992.0,49.61149214057363
66.51,-11500000.0,8324058.0,49.61149222901669
66.52,-11500000.0,8324120.0,49.61149230730813
66.53,-11500000.0,8324178.0,49.611492375171764
66.54,-11500000.0,8324231.0,49.61149243232414
66.55,-11500000.0,8324280.0,49.61149247847991
66.56,-11500000.0,8324326.0,49.61149251337242
66.57,-11500000.0,8324367.0,49.61149253673281
66.58,-11500000.0,8324404.0,49.61149254829411
66.59,-11500000.0,8324436.0,49.61149254779149
66.6,-11500000.0,8324464.0,49.61149253494612
66.61,-11500000.0,8324488.0,49.61149250948948
66.62,-11500000.0,8324508.0,49.611492471161746
66.63,-11500000.0,8324524.0,49.611492419713315
66.64,-11500000.0,8324534.0,49.61149235490307
66.65,-11500000.0,8324541.0,49.61149227648036
66.66,-11500000.0,8324543.0,49.61149218418881
66.67,-11500000.0,8324541.0,49.61149207778841
66.68,-11500000.0,8324534.0,49.611491957052216
66.69,-11500000.0,8324524.0,49.61149182174719
66.7,-11500000.0,8324508.0,49.61149167163681
66.71,-11500000.0,8324488.0,49.611491506483254
66.72,-11500000.0,8324464.0,49.61149132604884
66.73,-11500000.0,8324434.0,49.61149113009743
66.74,-11500000.0,8324402.0,49.61149091841441
66.75,-11500000.0,8324364.0,49.611490690782624
66.76,-11500000.0,8324322.0,49.61149044698668
66.77,-11500000.0,8324275.0,49.61149018682993
66.78,-11500000.0,8324224.0,49.6114899101135
66.79,-11500000.0,8324168.0,49.611489616618165
66.8,-11500000.0,8324108.0,49.61148930613019
66.81,-11500000.0,8324044.0,49.61148897845721
66.82,-11500000.0,8323975.0,49.611488633425864
66.83,-11500000.0,8323902.0,49.61148827085731
66.84,-11500000.0,8323824.0,49.61148789055246
66.85,-11500000.0,8323742.0,49.611487492333715
66.86,-11500000.0,8323654.0,49.61148707601998
66.87,-11500000.0,8323564.0,49.611486641430616
66.88,-11500000.0,8323468.0,49.61148618840176
66.89,-11500000.0,8323368.0,49.611485716765166
66.9,-11500000.0,8323264.0,49.61148522636832
66.91,-11500000.0,8323155.0,49.61148471705039
66.92,-11500000.0,8323042.0,49.611484188646656
66.93,-11500000.0,8322924.0,49.6114836410057
66.94,-11500000.0,8322803.0,49.61148307398776
66.95,-11500000.0,8322677.0,49.611482487460535
66.96,-11500000.0,8322546.0,49.61148188127933
66.97,-11500000.0,8322412.0,49.61148125530858
66.98,-11500000.0,8322274.0,49.61148060943725
66.99,-11500000.0,8322130.0,49.611479943553796
67.0,-11500000.0,8321983.0,49.611479257527655
67.01,-11500000.0,8321832.0,49.61147855123199
67.02,-11500000.0,8321676.0,49.61147782455999
67.03,-11500000.0,8321516.0,49.61147707741982
67.04,-11500000.0,8321352.0,49.611476309711264
67.05,-11500000.0,8321184.0,49.61147552132796
67.06,-11500000.0,8321012.0,49.61147471217557
67.07,-11500000.0,8320837.0,49.61147388218746
67.08,-11500000.0,8320657.0,49.61147303129692
67.09,-11500000.0,8320473.0,49.61147215941944
67.1,-11500000.0,8320285.0,49.61147126647315
67.11,-11500000.0,8320094.0,49.61147035239612
67.12,-11500000.0,8319898.0,49.61146941713942
67.13,-11500000.0,8319698.0,49.611468460644915
67.14,-11500000.0,8319496.0,49.61146748286501
67.15,-11500000.0,8319288.0,49.61146648375727
67.16,-11500000.0,8319078.0,49.61146546328317
67.17,-11500000.0,8318864.0,49.61146442140401
67.18,-11500000.0,8318646.0,49.611463358080634
67.19,-11500000.0,8318424.0,49.61146227328954
67.2,-11500000.0,8318199.0,49.611461167017616
67.21,-11500000.0,8317971.0,49.611460039277226
67.22,-11500000.0,8317739.0,49.61145889007788
67.23,-11500000.0,8317504.0,49.61145771940814
67.24,-11500000.0,8317265.0,49.61145652727506
67.25,-11500000.0,8317023.0,49.61145531369639
67.26,-11500000.0,8316778.0,49.61145407867818
67.27,-11500000.0,8316529.0,49.611452822234064
67.28,-11500000.0,8316278.0,49.61145154439902
67.29,-11500000.0,8316023.0,49.61145024522223
67.3,-11500000.0,8315765.0,49.61144892474211
67.31,-11500000.0,8315504.0,49.61144758300648
67.32,-11500000.0,8315240.0,49.61144622006489
67.33,-11500000.0,8314974.0,49.61144483596835
67.34,-11500000.0,8314704.0,49.61144343078243
67.35,-11500000.0,8314432.0,49.61144200458267
67.36,-11500000.0,8314158.0,49.61144055744789
67.37,-11500000.0,8313880.0,49.61143908945785
67.38,-11500000.0,8313600.0,49.6114376007076
67.39,-11500000.0,8313317.0,49.61143609128174
67.4,-11500000.0,8313032.0,49.61143456127403
67.41,-11500000.0,8312744.0,49.61143301079849
67.42,-11500000.0,8312454.0,49.6114314399638
67.43,-11500000.0,8312162.0,49.6114298488709
67.44,-11500000.0,8311868.0,49.6114282376497
67.45,-11500000.0,8311571.0,49.611426606427074
67.46,-11500000.0,8311272.0,49.61142495532823
67.47,-11500000.0,8310972.0,49.61142328448818
67.48,-11500000.0,8310669.0,49.611421594048835
67.49,-11500000.0,8310364.0,49.61141988415072
67.5,-11500000.0,8310058.0,49.611418154932366
67.51,-11500000.0,8309750.0,49.61141640656235
67.52,-11500000.0,8309440.0,49.611414639209734
67.53,-11500000.0,8309128.0,49.61141285304117
67.54,-11500000.0,8308814.0,49.611411048215835
67.55,-11500000.0,8308500.0,49.61140922490358
67.56,-11500000.0,8308184.0,49.61140738329482
67.57,-11500000.0,8307866.0,49.61140552357408
67.58,-11500000.0,8307548.0,49.611403645936115
67.59,-11500000.0,8307228.0,49.61140175059714
67.6,-11500000.0,8306908.0,49.61139983776641
67.61,-11500000.0,8306586.0,49.61139790764461
67.62,-11500000.0,8306262.0,49.61139596043886
67.63,-11500000.0,8305938.0,49.61139399635676
67.64,-11500000.0,8305614.0,49.61139201562096
67.65,-11500000.0,8305288.0,49.61139001845977
67.66,-11500000.0,8304962.0,49.61138800510262
67.67,-11500000.0,8304636.0,49.6113859757928
67.68,-11500000.0,8304309.0,49.61138393077971
67.69,-11500000.0,8303982.0,49.61138187031246
67.7,-11500000.0,8303654.0,49.61137979463503
67.71,-11500000.0,8303326.0,49.61137770400162
67.72,-11500000.0,8302998.0,49.61137559868724
67.73,-11500000.0,8302669.0,49.61137347895889
67.74,-11500000.0,8302341.0,49.611371345092806
67.75,-11500000.0,8302013.0,49.61136919738357
67.76,-11500000.0,8301685.0,49.611367036117095
67.77,-11500000.0,8301357.0,49.61136486156704
67.78,-11500000.0,8301030.0,49.61136267403067
67.79,-11500000.0,8300703.0,49.611360473815544
67.8,-11500000.0,8300376.0,49.61135826121538
67.81,-11500000.0,8300051.0,49.611356036544635
67.82,-11500000.0,8299726.0,49.61135380012705
67.83,-11500000.0,8299402.0,49.611351552270186
67.84,-11500000.0,8299078.0,49.611349293282494
67.85,-11500000.0,8298756.0,49.611347023504685
67.86,-11500000.0,8298434.0,49.611344743276355
67.87,-11500000.0,8298114.0,49.61134245293336
67.88,-11500000.0,8297796.0,49.611340152819196
67.89,-11500000.0,8297478.0,49.61133784327898
67.9,-11500000.0,8297162.0,49.6113355246519
67.91,-11500000.0,8296847.0,49.611333197287415
67.92,-11500000.0,8296534.0,49.61133086155366
67.93,-11500000.0,8296222.0,49.61132851780976
67.94,-11500000.0,8295912.0,49.61132616640197
67.95,-11500000.0,8295605.0,49.61132380769913
67.96,-11500000.0,8295299.0,49.61132144207927
67.97,-11500000.0,8294995.0,49.61131906990553
67.98,-11500000.0,8294693.0,49.61131669154123
67.99,-11500000.0,8294394.0,49.611314307363656
68.0,-11500000.0,8294096.0,49.611311917753895
68.01,-11500000.0,8293801.0,49.61130952309187
68.02,-11500000.0,8293508.0,49.61130712374949
68.03,-11500000.0,8293218.0,49.61130472010765
68.04,-11500000.0,8292930.0,49.611302312565186
68.05,-11500000.0,8292646.0,49.61129990151184
68.06,-11500000.0,8292363.0,49.611297487324634
68.07,-11500000.0,8292084.0,49.61129507038465
68.08,-11500000.0,8291806.0,49.61129265106947
68.09,-11500000.0,8291532.0,49.61129022975027
68.1,-11500000.0,8291262.0,49.611287806825246
68.11,-11500000.0,8290994.0,49.61128538268814
68.12,-11500000.0,8290729.0,49.61128295770776
68.13,-11500000.0,8290468.0,49.6112805322656
68.14,-11500000.0,8290209.0,49.61127810674695
68.15,-11500000.0,8289954.0,49.611275681536895
68.16,-11500000.0,8289702.0,49.61127325703364
68.17,-11500000.0,8289454.0,49.61127083362173
68.18,-11500000.0,8289209.0,49.61126841167204
68.19,-11500000.0,8288968.0,49.61126599155819
68.2,-11500000.0,8288730.0,49.61126357365175
68.21,-11500000.0,8288496.0,49.61126115833794
68.22,-11500000.0,8288264.0,49.61125874598788
68.23,-11500000.0,8288038.0,49.611256336960565
68.24,-11500000.0,8287814.0,49.611253931637364
68.25,-11500000.0,8287595.0,49.61125153039422
68.26,-11500000.0,8287379.0,49.611249133581325
68.27,-11500000.0,8287168.0,49.611246741563704
68.28,-11500000.0,8286960.0,49.61124435471177
68.29,-11500000.0,8286756.0,49.61124197338053
68.3,-11500000.0,8286556.0,49.611239597927444
68.31,-11500000.0,8286359.0,49.61123722868954
68.32,-11500000.0,8286168.0,49.611234866024965
68.33,-11500000.0,8285980.0,49.6112325103012
68.34,-11500000.0,8285796.0,49.61123016185608
68.35,-11500000.0,8285616.0,49.6112278210385
68.36,-11500000.0,8285440.0,49.61122548820205
68.37,-11500000.0,8285269.0,49.61122316368374
68.38,-11500000.0,8285102.0,49.61122084782429
68.39,-11500000.0,8284939.0,49.611218540963705
68.4,-11500000.0,8284780.0,49.611216243440595
68.41,-11500000.0,8284626.0,49.61121395558885
68.42,-11500000.0,8284476.0,49.61121167773807
68.43,-11500000.0,8284330.0,49.61120941021102
68.44,-11500000.0,8284189.0,49.61120715334394
68.45,-11500000.0,8284052.0,49.611204907478985
68.46,-11500000.0,8283919.0,49.61120267292536
68.47,-11500000.0,8283791.0,49.61120045000321
68.48,-11500000.0,8283667.0,49.61119823903688
68.49,-11500000.0,8283548.0,49.61119604033593
68.5,-11500000.0,8283432.0,49.61119385421468
68.51,-11500000.0,8283322.0,49.61119168098975
68.52,-11500000.0,8283216.0,49.61118952097811
68.53,-11500000.0,8283114.0,49.61118737447635
68.54,-11500000.0,8283017.0,49.611185241784476
68.55,-11500000.0,8282924.0,49.611183123220364
68.56,-11500000.0,8282836.0,49.61118101907754
68.57,-11500000.0,8282752.0,49.61117892963066
68.58,-11500000.0,8282673.0,49.61117685517565
68.59,-11500000.0,8282598.0,49.61117479600337
68.6,-11500000.0,8282528.0,49.61117275238329
68.61,-11500000.0,8282462.0,49.61117072460433
68.62,-11500000.0,8282400.0,49.6111687129489
68.63,-11500000.0,8282344.0,49.61116671767717
68.64,-11500000.0,8282291.0,49.61116473904868
68.65,-11500000.0,8282243.0,49.61116277732189
68.66,-11500000.0,8282200.0,49.611160832753654
68.67,-11500000.0,8282160.0,49.61115890559893
68.68,-11500000.0,8282126.0,49.61115699611058
68.69,-11500000.0,8282096.0,49.611155104539236
68.7,-11500000.0,8282070.0,49.61115323111382
68.71,-11500000.0,8282049.0,49.611151376066616
68.72,-11500000.0,8282032.0,49.61114953962911
68.73,-11500000.0,8282020.0,49.6111477220155
68.74,-11500000.0,8282011.0,49.61114592342462
68.75,-11500000.0,8282008.0,49.611144144063715
68.76,-11500000.0,8282008.0,49.61114238414372
68.77,-11500000.0,8282012.0,49.611140643842575
68.78,-11500000.0,8282022.0,49.611138923350865
68.79,-11500000.0,8282036.0,49.611137222866276
68.8,-11500000.0,8282053.0,49.611135542556454
68.81,-11500000.0,8282075.0,49.61113388258481
68.82,-11500000.0,8282101.0,49.61113224311019
68.83,-11500000.0,8282132.0,49.611130624289764
68.84,-11500000.0,8282166.0,49.61112902627813
68.85,-11500000.0,8282205.0,49.61112744922988
68.86,-11500000.0,8282248.0,49.611125893279144
68.87,-11500000.0,8282294.0,49.61112435854749
68.88,-11500000.0,8282346.0,49.61112284516357
68.89,-11500000.0,8282401.0,49.61112135326389
68.9,-11500000.0,8282460.0,49.61111988297097
68.91,-11500000.0,8282523.0,49.61111843438062
68.92,-11500000.0,8282590.0,49.61111700758652
68.93,-11500000.0,8282661.0,49.611115602681465
68.94,-11500000.0,8282736.0,49.611114219758775
68.95,-11500000.0,8282814.0,49.61111285889384
68.96,-11500000.0,8282897.0,49.61111152015057
68.97,-11500000.0,8282984.0,49.611110203603
68.98,-11500000.0,8283074.0,49.611108909315114
68.99,-11500000.0,8283168.0,49.61110763734583
69.0,-11500000.0,8283265.0,49.61110638775004
69.01,-11500000.0,8283366.0,49.61110516056312
69.02,-11500000.0,8283471.0,49.611103955825946
69.03,-11500000.0,8283580.0,49.61110277358406
69.04,-11500000.0,8283692.0,49.6111016138704
69.05,-11500000.0,8283806.0,49.61110047669043
69.06,-11500000.0,8283926.0,49.611099362050645
69.07,-11500000.0,8284048.0,49.61109826997672
69.08,-11500000.0,8284174.0,49.611097200474276
69.09,-11500000.0,8284302.0,49.61109615353653
69.1,-11500000.0,8284435.0,49.61109512916689
69.11,-11500000.0,8284570.0,49.611094127359664
69.12,-11500000.0,8284709.0,49.61109314808627
69.13,-11500000.0,8284851.0,49.611092191321674
69.14,-11500000.0,8284996.0,49.61109125704456
69.15,-11500000.0,8285144.0,49.61109034522106
69.16,-11500000.0,8285295.0,49.61108945580974
69.17,-11500000.0,8285449.0,49.61108858876575
69.18,-11500000.0,8285606.0,49.61108774404404
69.19,-11500000.0,8285766.0,49.61108692160197
69.2,-11500000.0,8285928.0,49.611086121382016
69.21,-11500000.0,8286094.0,49.61108534331903
69.22,-11500000.0,8286262.0,49.611084587362406
69.23,-11500000.0,8286433.0,49.611083853436945
69.24,-11500000.0,8286606.0,49.61108314145387
69.25,-11500000.0,8286783.0,49.61108245135211
69.26,-11500000.0,8286962.0,49.61108178305665
69.27,-11500000.0,8287142.0,49.6110811364679
69.28,-11500000.0,8287326.0,49.611080511487536
69.29,-11500000.0,8287512.0,49.6110799080213
69.3,-11500000.0,8287700.0,49.611079325961796
69.31,-11500000.0,8287890.0,49.611078765195586
69.32,-11500000.0,8288083.0,49.61107822560621
69.33,-11500000.0,8288278.0,49.611077707079296
69.34,-11500000.0,8288475.0,49.6110772095038
69.35,-11500000.0,8288674.0,49.61107673275644
69.36,-11500000.0,8288875.0,49.611076276707536
69.37,-11500000.0,8289078.0,49.61107584122542
69.38,-11500000.0,8289282.0,49.611075426160824
69.39,-11500000.0,8289489.0,49.61107503135531
69.4,-11500000.0,8289698.0,49.611074656664414
69.41,-11500000.0,8289908.0,49.611074301938686
69.42,-11500000.0,8290120.0,49.61107396702953
69.43,-11500000.0,8290333.0,49.61107365179088
69.44,-11500000.0,8290548.0,49.61107335604476
69.45,-11500000.0,8290764.0,49.611073079612275
69.46,-11500000.0,8290982.0,49.611072822333654
69.47,-11500000.0,8291201.0,49.61107258403049
69.48,-11500000.0,8291422.0,49.61107236451459
69.49,-11500000.0,8291643.0,49.611072163592056
69.5,-11500000.0,8291866.0,49.611071981069585
69.51,-11500000.0,8292090.0,49.6110718167564
69.52,-11500000.0,8292316.0,49.61107167046881
69.53,-11500000.0,8292542.0,49.611071542011366
69.54,-11500000.0,8292768.0,49.61107143116663
69.55,-11500000.0,8292996.0,49.61107133772125
69.56,-11500000.0,8293226.0,49.61107126146887
69.57,-11500000.0,8293455.0,49.61107120219298
69.58,-11500000.0,8293686.0,49.61107115967421
69.59,-11500000.0,8293916.0,49.611071133693166
69.6,-11500000.0,8294148.0,49.61107112401632
69.61,-11500000.0,8294380.0,49.61107113040281
69.62,-11500000.0,8294612.0,49.61107115260978
69.63,-11500000.0,8294846.0,49.611071190396714
69.64,-11500000.0,8295079.0,49.61107124352876
69.65,-11500000.0,8295313.0,49.61107131177937
69.66,-11500000.0,8295547.0,49.61107139491306
69.67,-11500000.0,8295781.0,49.61107149267316
69.68,-11500000.0,8296015.0,49.61107160479029
69.69,-11500000.0,8296250.0,49.61107173100828
69.7,-11500000.0,8296484.0,49.61107187108389
69.71,-11500000.0,8296718.0,49.611072024750825
69.72,-11500000.0,8296952.0,49.61107219174924
69.73,-11500000.0,8297186.0,49.611072371825365
69.74,-11500000.0,8297420.0,49.61107256471783
69.75,-11500000.0,8297654.0,49.6110727701616
69.76,-11500000.0,8297887.0,49.611072987874834
69.77,-11500000.0,8298120.0,49.61107321758579
69.78,-11500000.0,8298352.0,49.61107345901374
69.79,-11500000.0,8298584.0,49.61107371187784
69.8,-11500000.0,8298815.0,49.611073975898215
69.81,-11500000.0,8299046.0,49.61107425080244
69.82,-11500000.0,8299276.0,49.61107453632513
69.83,-11500000.0,8299505.0,49.61107483217447
69.84,-11500000.0,8299734.0,49.61107513806102
69.85,-11500000.0,8299961.0,49.61107545369969
69.86,-11500000.0,8300188.0,49.611075778814154
69.87,-11500000.0,8300414.0,49.61107611311809
69.88,-11500000.0,8300638.0,49.6110764563239
69.89,-11500000.0,8300862.0,49.61107680814393
69.9,-11500000.0,8301084.0,49.61107716827791
69.91,-11500000.0,8301306.0,49.6110775364372
69.92,-11500000.0,8301526.0,49.611077912346154
69.93,-11500000.0,8301746.0,49.61107829572366
69.94,-11500000.0,8301963.0,49.61107868627009
69.95,-11500000.0,8302180.0,49.61107908369424
69.96,-11500000.0,8302394.0,49.61107948771366
69.97,-11500000.0,8302608.0,49.61107989803858
69.98,-11500000.0,8302820.0,49.61108031435772
69.99,-11500000.0,8303030.0,49.611080736367185
70.0,-11500000.0,8303239.0,49.611081163788874
70.01,-11500000.0,8303446.0,49.61108159633145
70.02,-11500000.0,8303652.0,49.611082033697954
70.03,-11500000.0,8303856.0,49.61108247560828
70.04,-11500000.0,8304057.0,49.61108292176043
70.05,-11500000.0,8304258.0,49.611083371860744
70.06,-11500000.0,8304456.0,49.61108382562116
70.07,-11500000.0,8304652.0,49.61108428274639
70.08,-11500000.0,8304846.0,49.61108474295508
70.09,-11500000.0,8305038.0,49.61108520594302
70.1,-11500000.0,8305229.0,49.6110856714119
70.11,-11500000.0,8305418.0,49.61108613908773
70.12,-11500000.0,8305604.0,49.61108660868156
70.13,-11500000.0,8305788.0,49.61108707989724
70.14,-11500000.0,8305970.0,49.611087552453746
70.15,-11500000.0,8306149.0,49.61108802606582
70.16,-11500000.0,8306326.0,49.611088500449085
70.17,-11500000.0,8306502.0,49.6110889753214
70.18,-11500000.0,8306674.0,49.611089450387325
70.19,-11500000.0,8306844.0,49.611089925363125
70.2,-11500000.0,8307012.0,49.61109039997556
70.21,-11500000.0,8307178.0,49.61109087394455
70.22,-11500000.0,8307341.0,49.611091346987195
70.23,-11500000.0,8307502.0,49.61109181882104
70.24,-11500000.0,8307660.0,49.61109228916653
70.25,-11500000.0,8307815.0,49.61109275774888
70.26,-11500000.0,8307968.0,49.61109322429964
70.27,-11500000.0,8308118.0,49.61109368855761
70.28,-11500000.0,8308266.0,49.611094150250324
70.29,-11500000.0,8308411.0,49.611094609100235
70.3,-11500000.0,8308554.0,49.61109506484578
70.31,-11500000.0,8308694.0,49.61109551724029
70.32,-11500000.0,8308830.0,49.611095966031485
70.33,-11500000.0,8308965.0,49.611096410966134
70.34,-11500000.0,8309096.0,49.61109685179071
70.35,-11500000.0,8309226.0,49.611097288254776
70.36,-11500000.0,8309352.0,49.61109772011071
70.37,-11500000.0,8309474.0,49.611098147097024
70.38,-11500000.0,8309595.0,49.611098568962284
70.39,-11500000.0,8309713.0,49.61109898548255
70.4,-11500000.0,8309828.0,49.611099396437695
70.41,-11500000.0,8309940.0,49.611099801594165
70.42,-11500000.0,8310049.0,49.61110020070913
70.43,-11500000.0,8310156.0,49.61110059355315
70.44,-11500000.0,8310259.0,49.6111009799071
70.45,-11500000.0,8310360.0,49.61110135956266
70.46,-11500000.0,8310458.0,49.61110173231957
70.47,-11500000.0,8310553.0,49.61110209796698
70.48,-11500000.0,8310645.0,49.61110245628667
70.49,-11500000.0,8310734.0,49.61110280707469
70.5,-11500000.0,8310821.0,49.61110315013775
70.51,-11500000.0,8310904.0,49.61110348527386
70.52,-11500000.0,8310986.0,49.61110381229399
70.53,-11500000.0,8311064.0,49.611104131018585
70.54,-11500000.0,8311139.0,49.61110444127741
70.55,-11500000.0,8311211.0,49.61110474288726
70.56,-11500000.0,8311280.0,49.61110503565798
70.57,-11500000.0,8311348.0,49.611105319429996
70.58,-11500000.0,8311411.0,49.611105594029624
70.59,-11500000.0,8311472.0,49.61110585929446
70.6,-11500000.0,8311530.0,49.6111061150668
70.61,-11500000.0,8311586.0,49.61110636117792
70.62,-11500000.0,8311638.0,49.61110659746698
70.63,-11500000.0,8311688.0,49.611106823780965
70.64,-11500000.0,8311736.0,49.61110703997166
70.65,-11500000.0,8311780.0,49.61110724589625
70.66,-11500000.0,8311822.0,49.61110744141465
70.67,-11500000.0,8311860.0,49.611107626390535
70.68,-11500000.0,8311896.0,49.61110780068901
70.69,-11500000.0,8311930.0,49.61110796417783
70.7,-11500000.0,8311960.0,49.6111081167254
70.71,-11500000.0,8311988.0,49.611108258202
70.72,-11500000.0,8312014.0,49.61110838847808
70.73,-11500000.0,8312036.0,49.61110850742559
70.74,-11500000.0,8312056.0,49.61110861491627
70.75,-11500000.0,8312072.0,49.61110871082321
70.76,-11500000.0,8312086.0,49.61110879501916
70.77,-11500000.0,8312098.0,49.61110886737814
70.78,-11500000.0,8312107.0,49.61110892779312
70.79,-11500000.0,8312113.0,49.61110897615278
70.8,-11500000.0,8312116.0,49.61110901234396
70.81,-11500000.0,8312117.0,49.6111090362507
70.82,-11500000.0,8312116.0,49.611109047775734
70.83,-11500000.0,8312110.0,49.61110904681444
70.84,-11500000.0,8312104.0,49.61110903326097
70.85,-11500000.0,8312093.0,49.61110900700424
70.86,-11500000.0,8312080.0,49.61110896793372
70.87,-11500000.0,8312065.0,49.6111089159545
70.88,-11500000.0,8312047.0,49.611108850967895
70.89,-11500000.0,8312026.0,49.61110877289026
70.9,-11500000.0,8312003.0,49.61110868163089
70.91,-11500000.0,8311977.0,49.611108577095145
70.92,-11500000.0,8311948.0,49.611108459184265
70.93,-11500000.0,8311916.0,49.61110832779798
70.94,-11500000.0,8311882.0,49.611108182853215
70.95,-11500000.0,8311846.0,49.61110802428082
70.96,-11500000.0,8311806.0,49.61110785200367
70.97,-11500000.0,8311764.0,49.61110766594019
70.98,-11500000.0,8311720.0,49.61110746600424
70.99,-11500000.0,8311672.0,49.61110725210807
71.0,-11500000.0,8311622.0,49.611107024181024
71.01,-11500000.0,8311570.0,49.611106782166296
71.02,-11500000.0,8311514.0,49.61110652599927
71.03,-11500000.0,8311456.0,49.61110625561091
71.04,-11500000.0,8311396.0,49.611105970947065
71.05,-11500000.0,8311332.0,49.6111056719657
71.06,-11500000.0,8311266.0,49.611105358615426
71.07,-11500000.0,8311198.0,49.61110503083927
71.08,-11500000.0,8311127.0,49.6111046885941
71.09,-11500000.0,8311053.0,49.611104331828734
71.1,-11500000.0,8310976.0,49.61110396048748
71.11,-11500000.0,8310898.0,49.61110357452927
71.12,-11500000.0,8310816.0,49.611103173924874
71.13,-11500000.0,8310732.0,49.61110275865465
71.14,-11500000.0,8310645.0,49.61110232868738
71.15,-11500000.0,8310556.0,49.611101883984276
71.16,-11500000.0,8310464.0,49.611101424538
71.17,-11500000.0,8310369.0,49.61110095032596
71.18,-11500000.0,8310272.0,49.61110046131804
71.19,-11500000.0,8310172.0,49.61109995751236
71.2,-11500000.0,8310070.0,49.61109943891157
71.21,-11500000.0,8309966.0,49.611098905502324
71.22,-11500000.0,8309858.0,49.61109835727936
71.23,-11500000.0,8309748.0,49.61109779424063
71.24,-11500000.0,8309636.0,49.61109721638943
71.25,-11500000.0,8309522.0,49.61109662372997
71.26,-11500000.0,8309404.0,49.61109601626982
71.27,-11500000.0,8309284.0,49.6110953940158
71.28,-11500000.0,8309162.0,49.61109475697675
71.29,-11500000.0,8309038.0,49.61109410517891
71.3,-11500000.0,8308910.0,49.61109343862455
71.31,-11500000.0,8308781.0,49.611092757317266
71.32,-11500000.0,8308650.0,49.61109206129677
71.33,-11500000.0,8308515.0,49.61109135059198
71.34,-11500000.0,8308378.0,49.61109062522539
71.35,-11500000.0,8308240.0,49.61108988523001
71.36,-11500000.0,8308098.0,49.611089130628486
71.37,-11500000.0,8307954.0,49.61108836143441
71.38,-11500000.0,8307808.0,49.61108757767273
71.39,-11500000.0,8307660.0,49.61108677937487
71.4,-11500000.0,8307509.0,49.61108596657803
71.41,-11500000.0,8307356.0,49.61108513932133
71.42,-11500000.0,8307201.0,49.61108429764579
71.43,-11500000.0,8307044.0,49.61108344159136
71.44,-11500000.0,8306884.0,49.61108257119744
71.45,-11500000.0,8306722.0,49.61108168650035
71.46,-11500000.0,8306558.0,49.611080787534235
71.47,-11500000.0,8306392.0,49.61107987434816
71.48,-11500000.0,8306224.0,49.61107894698233
71.49,-11500000.0,8306054.0,49.61107800548943
71.5,-11500000.0,8305881.0,49.61107704992763
71.51,-11500000.0,8305706.0,49.611076080341675
71.52,-11500000.0,8305530.0,49.611075096782024
71.53,-11500000.0,8305351.0,49.61107409928292
71.54,-11500000.0,8305170.0,49.61107308788519
71.55,-11500000.0,8304988.0,49.61107206264971
71.56,-11500000.0,8304804.0,49.611071023633876
71.57,-11500000.0,8304617.0,49.61106997089064
71.58,-11500000.0,8304428.0,49.611068904467906
71.59,-11500000.0,8304238.0,49.611067824427316
71.6,-11500000.0,8304046.0,49.611066730838274
71.61,-11500000.0,8303852.0,49.611065623756744
71.62,-11500000.0,8303657.0,49.611064503245714
71.63,-11500000.0,8303460.0,49.61106336937056
71.64,-11500000.0,8303260.0,49.61106222217903
71.65,-11500000.0,8303060.0,49.611061061741815
71.66,-11500000.0,8302857.0,49.61105988814313
71.67,-11500000.0,8302652.0,49.61105870144029
71.68,-11500000.0,8302447.0,49.61105750170623
71.69,-11500000.0,8302240.0,49.61105628902147
71.7,-11500000.0,8302030.0,49.611055063454366
71.71,-11500000.0,8301820.0,49.61105382507959
71.72,-11500000.0,8301608.0,49.61105257397502
71.73,-11500000.0,8301394.0,49.611051310219175
71.74,-11500000.0,8301180.0,49.61105003390846
71.75,-11500000.0,8300964.0,49.611048745130695
71.76,-11500000.0,8300746.0,49.61104744396781
71.77,-11500000.0,8300527.0,49.61104613051155
71.78,-11500000.0,8300307.0,49.611044804860825
71.79,-11500000.0,8300086.0,49.61104346711672
71.8,-11500000.0,8299862.0,49.61104211736204
71.81,-11500000.0,8299639.0,49.611040755701765
71.82,-11500000.0,8299414.0,49.61103938225329
71.83,-11500000.0,8299188.0,49.61103799710595
71.84,-11500000.0,8298960.0,49.61103660036336
71.85,-11500000.0,8298732.0,49.61103519213531
71.86,-11500000.0,8298503.0,49.611033772537176
71.87,-11500000.0,8298272.0,49.61103234168351
71.88,-11500000.0,8298042.0,49.61103089968889
71.89,-11500000.0,8297810.0,49.61102944668187
71.9,-11500000.0,8297576.0,49.611027982781955
71.91,-11500000.0,8297343.0,49.61102650811831
71.92,-11500000.0,8297108.0,49.61102502282386
71.93,-11500000.0,8296874.0,49.61102352703354
71.94,-11500000.0,8296638.0,49.61102202087982
71.95,-11500000.0,8296401.0,49.61102050449226
71.96,-11500000.0,8296164.0,49.61101897799406
71.97,-11500000.0,8295926.0,49.61101744152175
71.98,-11500000.0,8295688.0,49.611015895216894
71.99,-11500000.0,8295449.0,49.61101433922535
72.0,-11500000.0,8295210.0,49.61101277369071
72.01,-11500000.0,8294970.0,49.61101119875523
72.02,-11500000.0,8294730.0,49.61100961457365
72.03,-11500000.0,8294490.0,49.611008021290196
72.04,-11500000.0,8294249.0,49.61100641905723
72.05,-11500000.0,8294008.0,49.611004808029506
72.06,-11500000.0,8293767.0,49.61100318836233
72.07,-11500000.0,8293526.0,49.61100156020718
72.08,-11500000.0,8293284.0,49.61099992373052
72.09,-11500000.0,8293043.0,49.610998279104976
72.1,-11500000.0,8292802.0,49.610996626488664
72.11,-11500000.0,8292560.0,49.61099496604332
72.12,-11500000.0,8292318.0,49.61099329793071
72.13,-11500000.0,8292077.0,49.61099162230973
72.14,-11500000.0,8291836.0,49.61098993935352
72.15,-11500000.0,8291595.0,49.61098993935352
72.16,-11500000.0,8291354.0,49.61098652693365
72.17,-11500000.0,8291114.0,49.61098652693365
72.18,-11500000.0,8290873.0,49.61098480131531
72.19,-11500000.0,8290634.0,49.61098305607327
72.2,-11500000.0,8290394.0,49.610981294382206
72.21,-11500000.0,8290154.0,49.61097951885244
72.22,-11500000.0,8289916.0,49.61097773166733
72.23,-11500000.0,8289678.0,49.61097593468049
72.24,-11500000.0,8289440.0,49.61097412946135
72.25,-11500000.0,8289204.0,49.610972317349464
72.26,-11500000.0,8288968.0,49.61097049951579
72.27,-11500000.0,8288732.0,49.61096867696973
72.28,-11500000.0,8288497.0,49.61096685060663
72.29,-11500000.0,8288263.0,49.610965021236915
72.3,-11500000.0,8288030.0,49.61096318955769
72.31,-11500000.0,8287797.0,49.61096135618491
72.32,-11500000.0,8287566.0,49.61095952167713
72.33,-11500000.0,8287335.0,49.61095768653619
72.34,-11500000.0,8287106.0,49.61095585120775
72.35,-11500000.0,8286877.0,49.61095401608187
72.36,-11500000.0,8286650.0,49.61095218151304
72.37,-11500000.0,8286424.0,49.610950347796056
72.38,-11500000.0,8286198.0,49.61094851517123
72.39,-11500000.0,8285974.0,49.61094668384231
72.4,-11500000.0,8285752.0,49.6109448539569
72.41,-11500000.0,8285530.0,49.61094302564813
72.42,-11500000.0,8285310.0,49.610941199006994
72.43,-11500000.0,8285092.0,49.610939374087785
72.44,-11500000.0,8284874.0,49.61093755092361
72.45,-11500000.0,8284658.0,49.61093572952711
72.46,-11500000.0,8284444.0,49.6109339098859
72.47,-11500000.0,8284231.0,49.61093209194611
72.48,-11500000.0,8284020.0,49.61093027565371
72.49,-11500000.0,8283810.0,49.610928460949104
72.5,-11500000.0,8283602.0,49.61092664774721
72.51,-11500000.0,8283396.0,49.61092483594012
72.52,-11500000.0,8283192.0,49.61092302541938
72.53,-11500000.0,8282989.0,49.610921216092805
72.54,-11500000.0,8282788.0,49.610919407861
72.55,-11500000.0,8282589.0,49.610917600620255
72.56,-11500000.0,8282392.0,49.61091579428186
72.57,-11500000.0,8282196.0,49.610913988750646
72.58,-11500000.0,8282004.0,49.61091218394874
72.59,-11500000.0,8281812.0,49.61091037981093
72.6,-11500000.0,8281623.0,49.61090857628736
72.61,-11500000.0,8281436.0,49.61090677335937
72.62,-11500000.0,8281251.0,49.610904971017945
72.63,-11500000.0,8281068.0,49.610903169284214
72.64,-11500000.0,8280888.0,49.610901368204836
72.65,-11500000.0,8280710.0,49.61089956785137
72.66,-11500000.0,8280534.0,49.61089776831695
72.67,-11500000.0,8280360.0,49.61089596969705
72.68,-11500000.0,8280189.0,49.61089417213096
72.69,-11500000.0,8280020.0,49.61089237579269
72.7,-11500000.0,8279854.0,49.61089058088927
72.71,-11500000.0,8279690.0,49.610888787653366
72.72,-11500000.0,8279528.0,49.610886996323565
72.73,-11500000.0,8279370.0,49.610885207162795
72.74,-11500000.0,8279214.0,49.61088342047405
72.75,-11500000.0,8279060.0,49.61088163657215
72.76,-11500000.0,8278908.0,49.61087985578469
72.77,-11500000.0,8278760.0,49.610878078485186
72.78,-11500000.0,8278615.0,49.61087630506377
72.79,-11500000.0,8278472.0,49.61087453590472
72.8,-11500000.0,8278332.0,49.610872771405795
72.81,-11500000.0,8278194.0,49.610871011972144
72.82,-11500000.0,8278060.0,49.61086925803337
72.83,-11500000.0,8277929.0,49.61086751003268
72.84,-11500000.0,8277800.0,49.61086576840459
72.85,-11500000.0,8277675.0,49.6108640335909
72.86,-11500000.0,8277552.0,49.61086230601614
72.87,-11500000.0,8277432.0,49.61086058610774
72.88,-11500000.0,8277316.0,49.610858874307446
72.89,-11500000.0,8277202.0,49.61085717104562
72.9,-11500000.0,8277092.0,49.61085547675791
72.91,-11500000.0,8276986.0,49.61085379187743
72.92,-11500000.0,8276882.0,49.610852116811785
72.93,-11500000.0,8276780.0,49.61085045194302
72.94,-11500000.0,8276683.0,49.61084879764658
72.95,-11500000.0,8276589.0,49.61084715430489
72.96,-11500000.0,8276498.0,49.61084552228074
72.97,-11500000.0,8276410.0,49.610843901916894
72.98,-11500000.0,8276326.0,49.61084229353301
72.99,-11500000.0,8276245.0,49.6108406974262
73.0,-11500000.0,8276168.0,49.61083911390723
73.01,-11500000.0,8276094.0,49.61083754327111
73.02,-11500000.0,8276024.0,49.61083598577834
73.03,-11500000.0,8275956.0,49.610834441674484
73.04,-11500000.0,8275893.0,49.61083291118802
73.05,-11500000.0,8275834.0,49.61083139454801
73.06,-11500000.0,8275778.0,49.610829891977524
73.07,-11500000.0,8275724.0,49.610828403652626
73.08,-11500000.0,8275676.0,49.610826929747816
73.09,-11500000.0,8275630.0,49.61082547042748
73.1,-11500000.0,8275590.0,49.610824025848245
73.11,-11500000.0,8275552.0,49.61082259615209
73.12,-11500000.0,8275518.0,49.61082118147015
73.13,-11500000.0,8275488.0,49.61081978191695
73.14,-11500000.0,8275462.0,49.61081839759521
73.15,-11500000.0,8275439.0,49.610817028610235
73.16,-11500000.0,8275420.0,49.610815675050326
73.17,-11500000.0,8275406.0,49.61081433700577
73.18,-11500000.0,8275396.0,49.61081301456636
73.19,-11500000.0,8275389.0,49.61081170781952
73.2,-11500000.0,8275386.0,49.61081041682987
73.21,-11500000.0,8275388.0,49.61080914166352
73.22,-11500000.0,8275392.0,49.610807882383796
73.23,-11500000.0,8275402.0,49.610806639054026
73.24,-11500000.0,8275416.0,49.61080541175335
73.25,-11500000.0,8275433.0,49.61080420055519
73.26,-11500000.0,8275454.0,49.610803005528275
73.27,-11500000.0,8275480.0,49.610801826757
73.28,-11500000.0,8275510.0,49.61080066431764
73.29,-11500000.0,8275544.0,49.61079951828332
73.3,-11500000.0,8275582.0,49.61079838874169
73.31,-11500000.0,8275624.0,49.61079727579406
73.32,-11500000.0,8275670.0,49.61079617953242
73.33,-11500000.0,8275721.0,49.61079510004528
73.34,-11500000.0,8275776.0,49.61079403745507
73.35,-11500000.0,8275834.0,49.610792991873446
73.36,-11500000.0,8275898.0,49.610791963407394
73.37,-11500000.0,8275964.0,49.610790952177894
73.38,-11500000.0,8276036.0,49.610789958319494
73.39,-11500000.0,8276112.0,49.61078898197717
73.4,-11500000.0,8276191.0,49.61078802328731
73.41,-11500000.0,8276274.0,49.61078708238063
73.42,-11500000.0,8276362.0,49.61078615938456
73.43,-11500000.0,8276454.0,49.61078525444446
73.44,-11500000.0,8276550.0,49.61078436771951
73.45,-11500000.0,8276650.0,49.61078349936297
73.46,-11500000.0,8276754.0,49.61078264952442
73.47,-11500000.0,8276862.0,49.61078181835155
73.48,-11500000.0,8276974.0,49.61078100599166
73.49,-11500000.0,8277090.0,49.6107802125927
73.5,-11500000.0,8277210.0,49.610779438304164
73.51,-11500000.0,8277334.0,49.610778683277665
73.52,-11500000.0,8277462.0,49.61077794766745
73.53,-11500000.0,8277594.0,49.610777231630685
73.54,-11500000.0,8277730.0,49.61077653530839
73.55,-11500000.0,8277869.0,49.61077585883107
73.56,-11500000.0,8278012.0,49.61077520232048
73.57,-11500000.0,8278159.0,49.61077456589385
73.58,-11500000.0,8278310.0,49.610773949664235
73.59,-11500000.0,8278464.0,49.61077335374396
73.6,-11500000.0,8278622.0,49.61077277824411
73.61,-11500000.0,8278784.0,49.61077222325795
73.62,-11500000.0,8278948.0,49.610771688865675
73.63,-11500000.0,8279117.0,49.61077117513823
73.64,-11500000.0,8279290.0,49.61077068215983
73.65,-11500000.0,8279465.0,49.610770210005406
73.66,-11500000.0,8279644.0,49.61076975872742
73.67,-11500000.0,8279826.0,49.61076932836032
73.68,-11500000.0,8280012.0,49.61076891892734
73.69,-11500000.0,8280200.0,49.610768530462174
73.7,-11500000.0,8280392.0,49.61076816298906
73.71,-11500000.0,8280588.0,49.61076781650852
73.72,-11500000.0,8280786.0,49.61076749100416
73.73,-11500000.0,8280987.0,49.61076718646745
73.74,-11500000.0,8281191.0,49.610766902877415
73.75,-11500000.0,8281398.0,49.61076664018895
73.76,-11500000.0,8281608.0,49.61076639835811
73.77,-11500000.0,8281821.0,49.61076617734427
73.78,-11500000.0,8282036.0,49.61076597709274
73.79,-11500000.0,8282255.0,49.61076579754176
73.8,-11500000.0,8282476.0,49.610765638606026
73.81,-11500000.0,8282699.0,49.61076550018761
73.82,-11500000.0,8282925.0,49.61076538219821
73.83,-11500000.0,8283154.0,49.610765284542474
73.84,-11500000.0,8283384.0,49.61076520712294
73.85,-11500000.0,8283618.0,49.610765149843786
73.86,-11500000.0,8283853.0,49.61076511257548
73.87,-11500000.0,8284091.0,49.6107650951879
73.88,-11500000.0,8284331.0,49.61076509756919
73.89,-11500000.0,8284572.0,49.61076511957083
73.9,-11500000.0,8284816.0,49.61076516104017
73.91,-11500000.0,8285062.0,49.61076522184191
73.92,-11500000.0,8285310.0,49.61076530184076
73.93,-11500000.0,8285560.0,49.610765400886365
73.94,-11500000.0,8285811.0,49.61076551880293
73.95,-11500000.0,8286064.0,49.61076565543771
73.96,-11500000.0,8286319.0,49.61076581063841
73.97,-11500000.0,8286575.0,49.610765984223356
73.98,-11500000.0,8286833.0,49.61076617602942
73.99,-11500000.0,8287092.0,49.610766385892035
74.0,-11500000.0,8287352.0,49.61076661363369
74.01,-11500000.0,8287614.0,49.61076685906993
74.02,-11500000.0,8287877.0,49.610767122017016
74.03,-11500000.0,8288141.0,49.610767402295096
74.04,-11500000.0,8288406.0,49.61076769971441
74.05,-11500000.0,8288672.0,49.610768014082
74.06,-11500000.0,8288939.0,49.61076834520741
74.07,-11500000.0,8289207.0,49.61076869290687
74.08,-11500000.0,8289476.0,49.61076905698738
74.09,-11500000.0,8289745.0,49.610769437254895
74.1,-11500000.0,8290014.0,49.610769833498566
74.11,-11500000.0,8290285.0,49.61077024550205
74.12,-11500000.0,8290556.0,49.61077067306584
74.13,-11500000.0,8290828.0,49.61077111599072
74.14,-11500000.0,8291099.0,49.61077157406296
74.15,-11500000.0,8291371.0,49.610772047063605
74.16,-11500000.0,8291644.0,49.61077253479204
74.17,-11500000.0,8291916.0,49.61077303702815
74.18,-11500000.0,8292188.0,49.61077355354388
74.19,-11500000.0,8292460.0,49.61077408410654
74.2,-11500000.0,8292732.0,49.61077462848734
74.21,-11500000.0,8293004.0,49.61077518646205
74.22,-11500000.0,8293276.0,49.61077575779812
74.23,-11500000.0,8293548.0,49.610776342239994
74.24,-11500000.0,8293819.0,49.610776939540635
74.25,-11500000.0,8294090.0,49.61077754945977
74.26,-11500000.0,8294360.0,49.61077817173247
74.27,-11500000.0,8294629.0,49.61077880609659
74.28,-11500000.0,8294898.0,49.61077945229648
74.29,-11500000.0,8295166.0,49.61078011006656
74.3,-11500000.0,8295433.0,49.610780779119835
74.31,-11500000.0,8295700.0,49.61078145917604
74.32,-11500000.0,8295965.0,49.61078214996303
74.33,-11500000.0,8296230.0,49.610782851201506
74.34,-11500000.0,8296492.0,49.61078356259137
74.35,-11500000.0,8296754.0,49.61078428382187
74.36,-11500000.0,8297016.0,49.610785014596075
74.37,-11500000.0,8297275.0,49.61078575461293
74.38,-11500000.0,8297534.0,49.610786503573834
74.39,-11500000.0,8297790.0,49.61078726116559
74.4,-11500000.0,8298046.0,49.610788027070704
74.41,-11500000.0,8298299.0,49.61078880096963
74.42,-11500000.0,8298551.0,49.61078958252919
74.43,-11500000.0,8298802.0,49.610790371427605
74.44,-11500000.0,8299050.0,49.610791167337055
74.45,-11500000.0,8299297.0,49.61079196993076
74.46,-11500000.0,8299542.0,49.61079277886624
74.47,-11500000.0,8299784.0,49.61079359379591
74.48,-11500000.0,8300026.0,49.61079441438886
74.49,-11500000.0,8300264.0,49.610795240294536
74.5,-11500000.0,8300500.0,49.61079607115261
74.51,-11500000.0,8300735.0,49.61079690661731
74.52,-11500000.0,8300967.0,49.61079774633937
74.53,-11500000.0,8301197.0,49.61079858997254
74.54,-11500000.0,8301424.0,49.610799437175736
74.55,-11500000.0,8301649.0,49.610800287579096
74.56,-11500000.0,8301872.0,49.610801140815134
74.57,-11500000.0,8302092.0,49.61080199653899
74.58,-11500000.0,8302308.0,49.610802854390776
74.59,-11500000.0,8302523.0,49.61080371400448
74.6,-11500000.0,8302735.0,49.61080457503136
74.61,-11500000.0,8302944.0,49.61080543712125
74.62,-11500000.0,8303150.0,49.610806299909186
74.63,-11500000.0,8303353.0,49.610807163022756
74.64,-11500000.0,8303554.0,49.610808026107215
74.65,-11500000.0,8303750.0,49.610808888805195
74.66,-11500000.0,8303944.0,49.610809750745034
74.67,-11500000.0,8304136.0,49.61081061156573
74.68,-11500000.0,8304324.0,49.61081147091892
74.69,-11500000.0,8304508.0,49.61081232845084
74.7,-11500000.0,8304690.0,49.61081318380901
74.71,-11500000.0,8304868.0,49.610814036644406
74.72,-11500000.0,8305042.0,49.61081488661613
74.73,-11500000.0,8305214.0,49.61081573337279
74.74,-11500000.0,8305382.0,49.61081657656137
74.75,-11500000.0,8305546.0,49.61081741584783
74.76,-11500000.0,8305706.0,49.61081825087958
74.77,-11500000.0,8305864.0,49.61081908131386
74.78,-11500000.0,8306018.0,49.61081990681626
74.79,-11500000.0,8306168.0,49.610820727046175
74.8,-11500000.0,8306314.0,49.61082154167932
74.81,-11500000.0,8306456.0,49.610822350388354
74.82,-11500000.0,8306595.0,49.61082315282897
74.83,-11500000.0,8306730.0,49.61082394866608
74.84,-11500000.0,8306861.0,49.610824737573544
74.85,-11500000.0,8306988.0,49.610825519237004
74.86,-11500000.0,8307112.0,49.61082629333353
74.87,-11500000.0,8307231.0,49.61082705953936
74.88,-11500000.0,8307346.0,49.61082781753004
74.89,-11500000.0,8307458.0,49.610828566986385
74.9,-11500000.0,8307565.0,49.61082930761261
74.91,-11500000.0,8307668.0,49.61083003909682
74.92,-11500000.0,8307767.0,49.61083076111852
74.93,-11500000.0,8307862.0,49.61083147337087
74.94,-11500000.0,8307953.0,49.61083217556041
74.95,-11500000.0,8308040.0,49.61083286738725
74.96,-11500000.0,8308122.0,49.61083354855031
74.97,-11500000.0,8308200.0,49.61083421874836
74.98,-11500000.0,8308274.0,49.61083487768387
74.99,-11500000.0,8308344.0,49.610835525062846
75.0,-11500000.0,8308409.0,49.61083616059778
75.01,-11500000.0,8308470.0,49.610836784006786
75.02,-11500000.0,8308526.0,49.61083739499659
75.03,-11500000.0,8308579.0,49.61083799328611
75.04,-11500000.0,8308627.0,49.61083857860435
75.05,-11500000.0,8308670.0,49.61083915067214
75.06,-11500000.0,8308710.0,49.610839709224884
75.07,-11500000.0,8308744.0,49.61084025399033
75.08,-11500000.0,8308775.0,49.61084078469475
75.09,-11500000.0,8308801.0,49.610841301081045
75.1,-11500000.0,8308822.0,49.610841802889
75.11,-11500000.0,8308840.0,49.61084228985716
75.12,-11500000.0,8308852.0,49.61084276174378
75.13,-11500000.0,8308860.0,49.61084321830314
75.14,-11500000.0,8308864.0,49.610843659290396
75.15,-11500000.0,8308864.0,49.61084408445958
75.16,-11500000.0,8308858.0,49.6108444935678
75.17,-11500000.0,8308849.0,49.610844886391995
75.18,-11500000.0,8308835.0,49.61084526270773
75.19,-11500000.0,8308816.0,49.61084562229029
75.2,-11500000.0,8308794.0,49.61084596491549
75.21,-11500000.0,8308766.0,49.610846290360215
75.22,-11500000.0,8308734.0,49.610846598402894
75.23,-11500000.0,8308698.0,49.610846888843035
75.24,-11500000.0,8308658.0,49.610847161495776
75.25,-11500000.0,8308612.0,49.61084741615181
75.26,-11500000.0,8308562.0,49.61084765260363
75.27,-11500000.0,8308509.0,49.610847870681106
75.28,-11500000.0,8308450.0,49.61084807020527
75.29,-11500000.0,8308388.0,49.610848250993115
75.3,-11500000.0,8308321.0,49.610848412874866
75.31,-11500000.0,8308250.0,49.610848555673364
75.32,-11500000.0,8308174.0,49.61084867922485
75.33,-11500000.0,8308094.0,49.61084878337455
75.34,-11500000.0,8308010.0,49.61084886797596
75.35,-11500000.0,8307922.0,49.610848932887315
75.36,-11500000.0,8307829.0,49.610848977971614
75.37,-11500000.0,8307732.0,49.61084900309368
75.38,-11500000.0,8307631.0,49.610849008120645
75.39,-11500000.0,8307526.0,49.6108489929194
75.4,-11500000.0,8307416.0,49.610848957376746
75.41,-11500000.0,8307303.0,49.61084890139147
75.42,-11500000.0,8307186.0,49.61084882485448
75.43,-11500000.0,8307064.0,49.6108487276673
75.44,-11500000.0,8306938.0,49.610848609738824
75.45,-11500000.0,8306808.0,49.61084847096329
75.46,-11500000.0,8306675.0,49.61084831124295
75.47,-11500000.0,8306538.0,49.61084813052082
75.48,-11500000.0,8306396.0,49.61084792873212
75.49,-11500000.0,8306252.0,49.61084770580713
75.5,-11500000.0,8306102.0,49.61084746168719
75.51,-11500000.0,8305950.0,49.61084719632206
75.52,-11500000.0,8305794.0,49.61084690966497
75.53,-11500000.0,8305634.0,49.61084660167152
75.54,-11500000.0,8305470.0,49.61084627231504
75.55,-11500000.0,8305302.0,49.610845921561555
75.56,-11500000.0,8305132.0,49.610845549389964
75.57,-11500000.0,8304958.0,49.61084515578415
75.58,-11500000.0,8304780.0,49.61084474073267
75.59,-11500000.0,8304599.0,49.61084430424163
75.6,-11500000.0,8304414.0,49.61084384631078
75.61,-11500000.0,8304226.0,49.61084336693216
75.62,-11500000.0,8304036.0,49.61084286612786
75.63,-11500000.0,8303842.0,49.61084234393793
75.64,-11500000.0,8303644.0,49.61084180037808
75.65,-11500000.0,8303444.0,49.610841235480436
75.66,-11500000.0,8303241.0,49.61084064928422
75.67,-11500000.0,8303035.0,49.61084004183409
75.68,-11500000.0,8302826.0,49.61083941319216
75.69,-11500000.0,8302614.0,49.610838763413206
75.7,-11500000.0,8302400.0,49.61083809256215
75.71,-11500000.0,8302182.0,49.61083740072624
75.72,-11500000.0,8301962.0,49.61083668798757
75.73,-11500000.0,8301740.0,49.61083595442182
75.74,-11500000.0,8301516.0,49.61083520013313
75.75,-11500000.0,8301288.0,49.6108344252235
75.76,-11500000.0,8301058.0,49.61083362979221
75.77,-11500000.0,8300826.0,49.61083281394878
75.78,-11500000.0,8300592.0,49.61083197780834
75.79,-11500000.0,8300356.0,49.61083112150408
75.8,-11500000.0,8300118.0,49.61083024517924
75.81,-11500000.0,8299878.0,49.61082934898066
75.82,-11500000.0,8299636.0,49.61082843305359
75.83,-11500000.0,8299392.0,49.61082749753766
75.84,-11500000.0,8299147.0,49.6108265425829
75.85,-11500000.0,8298900.0,49.61082556834162
75.86,-11500000.0,8298651.0,49.61082457498428
75.87,-11500000.0,8298400.0,49.61082356268804
75.88,-11500000.0,8298148.0,49.6108225316144
75.89,-11500000.0,8297896.0,49.61082148194501
75.9,-11500000.0,8297641.0,49.610820413871366
75.91,-11500000.0,8297386.0,49.61081932758947
75.92,-11500000.0,8297129.0,49.61081822331203
75.93,-11500000.0,8296871.0,49.610817101240855
75.94,-11500000.0,8296612.0,49.610815961565855
75.95,-11500000.0,8296352.0,49.61081480450006
75.96,-11500000.0,8296092.0,49.610813630268616
75.97,-11500000.0,8295830.0,49.61081243908363
75.98,-11500000.0,8295568.0,49.610811231161485
75.99,-11500000.0,8295306.0,49.61081000673519
76.0,-11500000.0,8295042.0,49.61080876602688
76.01,-11500000.0,8294779.0,49.610807509266195
76.02,-11500000.0,8294515.0,49.610806236700554
76.03,-11500000.0,8294250.0,49.61080494856891
76.04,-11500000.0,8293986.0,49.61080364511826
76.05,-11500000.0,8293721.0,49.61080232659589
76.06,-11500000.0,8293456.0,49.610800993246336
76.07,-11500000.0,8293191.0,49.6107996453253
76.08,-11500000.0,8292926.0,49.6107982830736
76.09,-11500000.0,8292660.0,49.610796906736695
76.1,-11500000.0,8292396.0,49.610795516575834
76.11,-11500000.0,8292131.0,49.610794112861946
76.12,-11500000.0,8291866.0,49.6107926958484
76.13,-11500000.0,8291602.0,49.610791265792955
76.14,-11500000.0,8291338.0,49.610789822967476
76.15,-11500000.0,8291074.0,49.61078836763461
76.16,-11500000.0,8290812.0,49.61078690006353
76.17,-11500000.0,8290549.0,49.610785420524536
76.18,-11500000.0,8290287.0,49.61078392928497
76.19,-11500000.0,8290026.0,49.610782426625306
76.2,-11500000.0,8289766.0,49.610780912831046
76.21,-11500000.0,8289506.0,49.610779388170066
76.22,-11500000.0,8289246.0,49.61077785291195
76.23,-11500000.0,8288988.0,49.6107763073419
76.24,-11500000.0,8288731.0,49.61077475173453
76.25,-11500000.0,8288475.0,49.6107731863734
76.26,-11500000.0,8288220.0,49.61077161154272
76.27,-11500000.0,8287966.0,49.610770027526705
76.28,-11500000.0,8287712.0,49.610768434622614
76.29,-11500000.0,8287460.0,49.610766833116784
76.3,-11500000.0,8287210.0,49.610765223302984
76.31,-11500000.0,8286960.0,49.6107636054761
76.32,-11500000.0,8286712.0,49.610761979910876
76.33,-11500000.0,8286466.0,49.61076034690169
76.34,-11500000.0,8286220.0,49.610758706752435
76.35,-11500000.0,8285976.0,49.610757059754995
76.36,-11500000.0,8285734.0,49.6107554062066
76.37,-11500000.0,8285492.0,49.61075374640568
76.38,-11500000.0,8285253.0,49.610752080648716
76.39,-11500000.0,8285016.0,49.610750409246954
76.4,-11500000.0,8284779.0,49.61074873249964
76.41,-11500000.0,8284545.0,49.61074705071586
76.42,-11500000.0,8284312.0,49.61074536420519
76.43,-11500000.0,8284081.0,49.61074367325978
76.44,-11500000.0,8283852.0,49.610741978190994
76.45,-11500000.0,8283624.0,49.6107402793032
76.46,-11500000.0,8283400.0,49.61073857691325
76.47,-11500000.0,8283176.0,49.610736871342084
76.48,-11500000.0,8282954.0,49.61073516289467
76.49,-11500000.0,8282735.0,49.61073345187842
76.5,-11500000.0,8282518.0,49.61073173859997
76.51,-11500000.0,8282302.0,49.61073002336265
76.52,-11500000.0,8282088.0,49.61072830646444
76.53,-11500000.0,8281878.0,49.61072658821581
76.54,-11500000.0,8281668.0,49.610724868932934
76.55,-11500000.0,8281462.0,49.61072314893518
76.56,-11500000.0,8281258.0,49.61072142854029
76.57,-11500000.0,8281055.0,49.61071970804411
76.58,-11500000.0,8280855.0,49.61071798774194
76.59,-11500000.0,8280658.0,49.6107162679439
76.6,-11500000.0,8280462.0,49.61071454894989
76.61,-11500000.0,8280270.0,49.61071283106992
76.62,-11500000.0,8280079.0,49.61071111461642
76.63,-11500000.0,8279891.0,49.61070939988468
76.64,-11500000.0,8279705.0,49.61070768715249
76.65,-11500000.0,8279522.0,49.610705976702135
76.66,-11500000.0,8279342.0,49.610704268833466
76.67,-11500000.0,8279164.0,49.61070256383982
76.68,-11500000.0,8278988.0,49.61070086202626
76.69,-11500000.0,8278816.0,49.61069916368384
76.7,-11500000.0,8278646.0,49.61069746909296
76.71,-11500000.0,8278478.0,49.61069577853973
76.72,-11500000.0,8278313.0,49.61069409229451
76.73,-11500000.0,8278151.0,49.61069241063228
76.74,-11500000.0,8277992.0,49.61069073382796
76.75,-11500000.0,8277834.0,49.610689062136274
76.76,-11500000.0,8277680.0,49.610687395813166
76.77,-11500000.0,8277530.0,49.61068573513132
76.78,-11500000.0,8277381.0,49.61068408035517
76.79,-11500000.0,8277236.0,49.6106824317419
76.8,-11500000.0,8277092.0,49.610680789539465
76.81,-11500000.0,8276952.0,49.610679153988045
76.82,-11500000.0,8276816.0,49.61067752533757
76.83,-11500000.0,8276682.0,49.61067590384379
76.84,-11500000.0,8276550.0,49.6106742897457
76.85,-11500000.0,8276422.0,49.61067268328808
76.86,-11500000.0,8276296.0,49.6106710847154
76.87,-11500000.0,8276174.0,49.610669494234415
76.88,-11500000.0,8276054.0,49.610667912059114
76.89,-11500000.0,8275938.0,49.61066633842401
76.9,-11500000.0,8275824.0,49.61066477356032
76.91,-11500000.0,8275713.0,49.61066321767563
76.92,-11500000.0,8275606.0,49.610661670978274
76.93,-11500000.0,8275501.0,49.61066013369197
76.94,-11500000.0,8275399.0,49.61065860601413
76.95,-11500000.0,8275300.0,49.61065708814062
76.96,-11500000.0,8275205.0,49.610655580281424
76.97,-11500000.0,8275112.0,49.61065408263837
76.98,-11500000.0,8275023.0,49.610652595405654
76.99,-11500000.0,8274936.0,49.61065111877024
77.0,-11500000.0,8274853.0,49.61064965291232
77.01,-11500000.0,8274773.0,49.61064819802499
77.02,-11500000.0,8274696.0,49.61064675428969
77.03,-11500000.0,8274622.0,49.610645321880675
77.04,-11500000.0,8274550.0,49.610643900981906
77.05,-11500000.0,8274482.0,49.610642491766264
77.06,-11500000.0,8274418.0,49.610641094397
77.07,-11500000.0,8274356.0,49.610639709029044
77.08,-11500000.0,8274297.0,49.61063833582932
77.09,-11500000.0,8274242.0,49.610636974972024
77.1,-11500000.0,8274189.0,49.61063562661856
77.11,-11500000.0,8274140.0,49.61063429091943
77.12,-11500000.0,8274093.0,49.61063296801601
77.13,-11500000.0,8274050.0,49.61063165806129
77.14,-11500000.0,8274010.0,49.610630361196
77.15,-11500000.0,8273972.0,49.6106290775538
77.16,-11500000.0,8273938.0,49.610627807278625
77.17,-11500000.0,8273908.0,49.61062655052358
77.18,-11500000.0,8273880.0,49.61062530742779
77.19,-11500000.0,8273856.0,49.61062407812184
77.2,-11500000.0,8273834.0,49.6106228627263
77.21,-11500000.0,8273815.0,49.610621661356575
77.22,-11500000.0,8273800.0,49.610620474140134
77.23,-11500000.0,8273787.0,49.61061930119596
77.24,-11500000.0,8273778.0,49.610618142636056
77.25,-11500000.0,8273772.0,49.610616998586174
77.26,-11500000.0,8273768.0,49.61061586916195
77.27,-11500000.0,8273768.0,49.61061475445448
77.28,-11500000.0,8273770.0,49.61061365457277
77.29,-11500000.0,8273776.0,49.61061256961907
77.3,-11500000.0,8273784.0,49.61061149967404
77.31,-11500000.0,8273796.0,49.610610444838485
77.32,-11500000.0,8273811.0,49.610609405208486
77.33,-11500000.0,8273828.0,49.61060838086009
77.34,-11500000.0,8273849.0,49.61060737187159
77.35,-11500000.0,8273872.0,49.610606378323276
77.36,-11500000.0,8273899.0,49.610605400297324
77.37,-11500000.0,8273928.0,49.61060443787762
77.38,-11500000.0,8273960.0,49.6106034911303
77.39,-11500000.0,8273996.0,49.61060256010934
77.4,-11500000.0,8274034.0,49.61060164487746
77.41,-11500000.0,8274074.0,49.61060074550464
77.42,-11500000.0,8274118.0,49.61059986204775
77.43,-11500000.0,8274164.0,49.61059899455519
77.44,-11500000.0,8274214.0,49.61059814306779
77.45,-11500000.0,8274266.0,49.610597307622456
77.46,-11500000.0,8274320.0,49.61059648827153
77.47,-11500000.0,8274378.0,49.61059568506083
77.48,-11500000.0,8274438.0,49.61059489801375
77.49,-11500000.0,8274501.0,49.6105941271561
77.5,-11500000.0,8274566.0,49.610593372515
77.51,-11500000.0,8274634.0,49.61059263410141
77.52,-11500000.0,8274706.0,49.61059191193395
77.53,-11500000.0,8274779.0,49.6105912060366
77.54,-11500000.0,8274855.0,49.61059051642073
77.55,-11500000.0,8274934.0,49.610589843107924
77.56,-11500000.0,8275015.0,49.61058918610812
77.57,-11500000.0,8275099.0,49.61058854542594
77.58,-11500000.0,8275185.0,49.61058792106003
77.59,-11500000.0,8275274.0,49.61058731298897
77.6,-11500000.0,8275365.0,49.610586721214
77.61,-11500000.0,8275458.0,49.610586145734636
77.62,-11500000.0,8275554.0,49.610585586533844
77.63,-11500000.0,8275652.0,49.61058504358129
77.64,-11500000.0,8275754.0,49.61058451685831
77.65,-11500000.0,8275856.0,49.61058400635396
77.66,-11500000.0,8275962.0,49.61058351202898
77.67,-11500000.0,8276069.0,49.6105830338425
77.68,-11500000.0,8276179.0,49.610582571771836
77.69,-11500000.0,8276291.0,49.61058212579078
77.7,-11500000.0,8276405.0,49.61058169585397
77.71,-11500000.0,8276522.0,49.6105812819218
77.72,-11500000.0,8276640.0,49.6105808839594
77.73,-11500000.0,8276760.0,49.610580501919245
77.74,-11500000.0,8276883.0,49.61058013574557
77.75,-11500000.0,8277008.0,49.61057978539705
77.76,-11500000.0,8277134.0,49.61057945082466
77.77,-11500000.0,8277263.0,49.61057913195853
77.78,-11500000.0,8277394.0,49.610578828751336
77.79,-11500000.0,8277526.0,49.610578541154396
77.8,-11500000.0,8277660.0,49.610578269084
77.81,-11500000.0,8277797.0,49.61057801246923
77.82,-11500000.0,8277935.0,49.61057777124817
77.83,-11500000.0,8278075.0,49.61057754535141
77.84,-11500000.0,8278216.0,49.61057733470396
77.85,-11500000.0,8278360.0,49.61057713922971
77.86,-11500000.0,8278505.0,49.61057695885208
77.87,-11500000.0,8278652.0,49.610576793497366
77.88,-11500000.0,8278800.0,49.61057664307532
77.89,-11500000.0,8278950.0,49.61057650748735
77.9,-11500000.0,8279102.0,49.610576386666075
77.91,-11500000.0,8279255.0,49.6105762805319
77.92,-11500000.0,8279410.0,49.61057618898111
77.93,-11500000.0,8279566.0,49.61057611191071
77.94,-11500000.0,8279723.0,49.610576049220406
77.95,-11500000.0,8279882.0,49.610576000814
77.96,-11500000.0,8280042.0,49.61057596660056
77.97,-11500000.0,8280204.0,49.61057594649522
77.98,-11500000.0,8280368.0,49.61057594040055
77.99,-11500000.0,8280532.0,49.6105759481933
78.0,-11500000.0,8280697.0,49.61057596975127
78.01,-11500000.0,8280864.0,49.61057600497307
78.02,-11500000.0,8281032.0,49.61057605375658
78.03,-11500000.0,8281201.0,49.610576115983015
78.04,-11500000.0,8281371.0,49.61057619152272
78.05,-11500000.0,8281542.0,49.610576280258755
78.06,-11500000.0,8281715.0,49.61057638208499
78.07,-11500000.0,8281888.0,49.610576496887866
78.08,-11500000.0,8282062.0,49.61057662453074
78.09,-11500000.0,8282238.0,49.61057676488157
78.1,-11500000.0,8282414.0,49.61057691783057
78.11,-11500000.0,8282592.0,49.61057708325026
78.12,-11500000.0,8282770.0,49.61057726100277
78.13,-11500000.0,8282948.0,49.610577450961856
78.14,-11500000.0,8283128.0,49.610577652993314
78.15,-11500000.0,8283308.0,49.61057786696009
78.16,-11500000.0,8283490.0,49.61057809274278
78.17,-11500000.0,8283672.0,49.61057833019924
78.18,-11500000.0,8283854.0,49.61057857919371
78.19,-11500000.0,8284038.0,49.610578839592975
78.2,-11500000.0,8284222.0,49.610579111252974
78.21,-11500000.0,8284406.0,49.61057939403941
78.22,-11500000.0,8284591.0,49.610579687809846
78.23,-11500000.0,8284776.0,49.6105799924173
78.24,-11500000.0,8284962.0,49.610580307713235
78.25,-11500000.0,8285149.0,49.610580633549844
78.26,-11500000.0,8285336.0,49.61058096978181
78.27,-11500000.0,8285524.0,49.61058131626772
78.28,-11500000.0,8285712.0,49.610581672871106
78.29,-11500000.0,8285900.0,49.610582039441915
78.3,-11500000.0,8286088.0,49.61058241582265
78.31,-11500000.0,8286277.0,49.61058280186971
78.32,-11500000.0,8286466.0,49.610583197452264
78.33,-11500000.0,8286656.0,49.61058360243193
78.34,-11500000.0,8286846.0,49.61058401664816
78.35,-11500000.0,8287036.0,49.61058443994402
78.36,-11500000.0,8287226.0,49.61058487218502
78.37,-11500000.0,8287416.0,49.61058531323669
78.38,-11500000.0,8287607.0,49.61058576294824
78.39,-11500000.0,8287798.0,49.61058622117693
78.4,-11500000.0,8287989.0,49.61058668778641
78.41,-11500000.0,8288180.0,49.61058716262904
78.42,-11500000.0,8288372.0,49.610587645569055
78.43,-11500000.0,8288562.0,49.61058813646071
78.44,-11500000.0,8288754.0,49.61058863515474
78.45,-11500000.0,8288946.0,49.61058914151692
78.46,-11500000.0,8289137.0,49.61058965540836
78.47,-11500000.0,8289328.0,49.61059017668794
78.48,-11500000.0,8289520.0,49.610590705213966
78.49,-11500000.0,8289712.0,49.61059124084571
78.5,-11500000.0,8289902.0,49.610591783425235
78.51,-11500000.0,8290094.0,49.610592332803144
78.52,-11500000.0,8290286.0,49.61059288885459
78.53,-11500000.0,8290476.0,49.6105934514382
78.54,-11500000.0,8290668.0,49.610594020402296
78.55,-11500000.0,8290858.0,49.610594595606386
78.56,-11500000.0,8291050.0,49.61059517692015
78.57,-11500000.0,8291240.0,49.61059576420324
78.58,-11500000.0,8291430.0,49.610596357310335
78.59,-11500000.0,8291621.0,49.6105969561114
78.6,-11500000.0,8291810.0,49.61059756045126
78.61,-11500000.0,8292000.0,49.61059817017859
78.62,-11500000.0,8292190.0,49.61059878516159
78.63,-11500000.0,8292379.0,49.61059940524969
78.64,-11500000.0,8292568.0,49.61060003029829
78.65,-11500000.0,8292756.0,49.61060066016769
78.66,-11500000.0,8292944.0,49.61060129470578
78.67,-11500000.0,8293132.0,49.61060193375232
78.68,-11500000.0,8293319.0,49.6106025771424
78.69,-11500000.0,8293506.0,49.61060322472864
78.7,-11500000.0,8293692.0,49.61060387635849
78.71,-11500000.0,8293878.0,49.61060453186074
78.72,-11500000.0,8294063.0,49.610605191088645
78.73,-11500000.0,8294248.0,49.6106058538959
78.74,-11500000.0,8294431.0,49.61060652010283
78.75,-11500000.0,8294614.0,49.61060718954416
78.76,-11500000.0,8294797.0,49.61060786206521
78.77,-11500000.0,8294979.0,49.61060853750552
78.78,-11500000.0,8295160.0,49.61060921570067
78.79,-11500000.0,8295340.0,49.61060989646761
78.8,-11500000.0,8295520.0,49.61061057963033
78.81,-11500000.0,8295698.0,49.61061126501931
78.82,-11500000.0,8295876.0,49.6106119524548
78.83,-11500000.0,8296052.0,49.610612641770786
78.84,-11500000.0,8296228.0,49.61061333279392
78.85,-11500000.0,8296403.0,49.610614025350536
78.86,-11500000.0,8296576.0,49.61061471926642
78.87,-11500000.0,8296749.0,49.61061541435331
78.88,-11500000.0,8296920.0,49.61061611043248
78.89,-11500000.0,8297090.0,49.61061680731618
78.9,-11500000.0,8297260.0,49.610617504813895
78.91,-11500000.0,8297427.0,49.610618202734514
78.92,-11500000.0,8297594.0,49.610618900890735
78.93,-11500000.0,8297758.0,49.610619599099884
78.94,-11500000.0,8297922.0,49.61062029718741
78.95,-11500000.0,8298085.0,49.61062099498664
78.96,-11500000.0,8298246.0,49.61062169230296
78.97,-11500000.0,8298405.0,49.61062238894356
78.98,-11500000.0,8298562.0,49.610623084717254
78.99,-11500000.0,8298719.0,49.61062377944022
79.0,-11500000.0,8298874.0,49.610624472934646
79.01,-11500000.0,8299026.0,49.61062516501414
79.02,-11500000.0,8299178.0,49.610625855487186
79.03,-11500000.0,8299327.0,49.61062654416288
79.04,-11500000.0,8299475.0,49.61062723087177
79.05,-11500000.0,8299621.0,49.61062791544506
79.06,-11500000.0,8299765.0,49.6106285976997
79.07,-11500000.0,8299907.0,49.61062927744443
79.08,-11500000.0,8300047.0,49.61062995448456
79.09,-11500000.0,8300186.0,49.61063062864523
79.1,-11500000.0,8300322.0,49.61063129974937
79.11,-11500000.0,8300456.0,49.61063196760487
79.12,-11500000.0,8300588.0,49.61063263202848
79.13,-11500000.0,8300718.0,49.61063329284709
79.14,-11500000.0,8300845.0,49.61063394987904
79.15,-11500000.0,8300970.0,49.610634602940394
79.16,-11500000.0,8301094.0,49.610635251866064
79.17,-11500000.0,8301215.0,49.6106358964894
79.18,-11500000.0,8301334.0,49.61063653662731
79.19,-11500000.0,8301450.0,49.61063717210584
79.2,-11500000.0,8301564.0,49.610637802740136
79.21,-11500000.0,8301675.0,49.61063842834244
79.22,-11500000.0,8301784.0,49.610639048741675
79.23,-11500000.0,8301890.0,49.61063966376471
79.24,-11500000.0,8301994.0,49.610640273239305
79.25,-11500000.0,8302096.0,49.610640876996364
79.26,-11500000.0,8302195.0,49.610641474871734
79.27,-11500000.0,8302291.0,49.610642066688165
79.28,-11500000.0,8302384.0,49.61064265226191
79.29,-11500000.0,8302476.0,49.6106432314243
79.3,-11500000.0,8302564.0,49.61064380400151
79.31,-11500000.0,8302649.0,49.610644369819376
79.32,-11500000.0,8302732.0,49.6106449287041
79.33,-11500000.0,8302811.0,49.610645480466545
79.34,-11500000.0,8302888.0,49.610646024926915
79.35,-11500000.0,8302962.0,49.61064656191345
79.36,-11500000.0,8303033.0,49.61064709124492
79.37,-11500000.0,8303101.0,49.61064761273465
79.38,-11500000.0,8303166.0,49.61064812621297
79.39,-11500000.0,8303228.0,49.610648631504795
79.4,-11500000.0,8303288.0,49.61064912843561
79.41,-11500000.0,8303344.0,49.61064961683018
79.42,-11500000.0,8303398.0,49.61065009651754
79.43,-11500000.0,8303448.0,49.61065056732886
79.44,-11500000.0,8303494.0,49.61065102908233
79.45,-11500000.0,8303538.0,49.610651481586146
79.46,-11500000.0,8303579.0,49.610651924663095
79.47,-11500000.0,8303616.0,49.610652358146254
79.48,-11500000.0,8303651.0,49.61065278186196
79.49,-11500000.0,8303682.0,49.61065319563123
79.5,-11500000.0,8303710.0,49.61065359927396
79.51,-11500000.0,8303734.0,49.61065399260915
79.52,-11500000.0,8303756.0,49.610654375458054
79.53,-11500000.0,8303774.0,49.61065474764368
79.54,-11500000.0,8303789.0,49.610655108993285
79.55,-11500000.0,8303800.0,49.61065545933738
79.56,-11500000.0,8303809.0,49.61065579851179
79.57,-11500000.0,8303814.0,49.61065612635633
79.58,-11500000.0,8303816.0,49.61065644269731
79.59,-11500000.0,8303814.0,49.61065674737089
79.6,-11500000.0,8303808.0,49.61065704020146
79.61,-11500000.0,8303800.0,49.61065732100816
79.62,-11500000.0,8303788.0,49.610657589642905
79.63,-11500000.0,8303773.0,49.61065784594581
79.64,-11500000.0,8303754.0,49.610658089751716
79.65,-11500000.0,8303732.0,49.61065832090858
79.66,-11500000.0,8303707.0,49.61065853925783
79.67,-11500000.0,8303678.0,49.610658744655986
79.68,-11500000.0,8303646.0,49.61065893695147
79.69,-11500000.0,8303610.0,49.61065911599009
79.7,-11500000.0,8303572.0,49.61065928163271
79.71,-11500000.0,8303529.0,49.610659433734924
79.72,-11500000.0,8303483.0,49.61065957214888
79.73,-11500000.0,8303434.0,49.61065969672453
79.74,-11500000.0,8303381.0,49.610659807330116
79.75,-11500000.0,8303324.0,49.61065990382797
79.76,-11500000.0,8303265.0,49.61065998607924
79.77,-11500000.0,8303202.0,49.61066005396084
79.78,-11500000.0,8303136.0,49.610660107364076
79.79,-11500000.0,8303066.0,49.61066014617091
79.8,-11500000.0,8302993.0,49.610660170259166
79.81,-11500000.0,8302916.0,49.61066017951987
79.82,-11500000.0,8302836.0,49.610660173836806
79.83,-11500000.0,8302753.0,49.61066015308807
79.84,-11500000.0,8302666.0,49.61066011716665
79.85,-11500000.0,8302576.0,49.610660065975715
79.86,-11500000.0,8302483.0,49.610659999408625
79.87,-11500000.0,8302386.0,49.61065991737001
79.88,-11500000.0,8302286.0,49.61065981977177
79.89,-11500000.0,8302184.0,49.610659706532736
79.9,-11500000.0,8302077.0,49.610659577575284
79.91,-11500000.0,8301967.0,49.61065943280632
79.92,-11500000.0,8301854.0,49.6106592721394
79.93,-11500000.0,8301738.0,49.61065909551077
79.94,-11500000.0,8301618.0,49.610658902854496
79.95,-11500000.0,8301496.0,49.61065869408458
79.96,-11500000.0,8301370.0,49.61065846913698
79.97,-11500000.0,8301241.0,49.61065822796144
79.98,-11500000.0,8301109.0,49.61065797050125
79.99,-11500000.0,8300974.0,49.610657696692286
80.0,-11500000.0,8300835.0,49.61065740646507
80.01,-11500000.0,8300694.0,49.61065709978226
80.02,-11500000.0,8300550.0,49.6106567766099
80.03,-11500000.0,8300402.0,49.61065643689928
80.04,-11500000.0,8300252.0,49.61065608060669
80.05,-11500000.0,8300098.0,49.61065570769115
80.06,-11500000.0,8299942.0,49.61065531813198
80.07,-11500000.0,8299782.0,49.61065491190242
80.08,-11500000.0,8299620.0,49.61065448897241
80.09,-11500000.0,8299456.0,49.610654049324246
80.1,-11500000.0,8299288.0,49.61065359295001
80.11,-11500000.0,8299117.0,49.610653119827184
80.12,-11500000.0,8298944.0,49.61065262994239
80.13,-11500000.0,8298768.0,49.61065212330284
80.14,-11500000.0,8298589.0,49.610651599894524
80.15,-11500000.0,8298408.0,49.610651059704374
80.16,-11500000.0,8298224.0,49.61065050273622
80.17,-11500000.0,8298037.0,49.61064992900543
80.18,-11500000.0,8297848.0,49.61064933853466
80.19,-11500000.0,8297656.0,49.61064873133104
80.2,-11500000.0,8297462.0,49.6106481074083
80.21,-11500000.0,8297266.0,49.610647466799854
80.22,-11500000.0,8297066.0,49.61064680953479
80.23,-11500000.0,8296865.0,49.61064613563666
80.24,-11500000.0,8296662.0,49.61064544514186
80.25,-11500000.0,8296456.0,49.610644738093455
80.26,-11500000.0,8296247.0,49.610644014519565
80.27,-11500000.0,8296036.0,49.61064327445378
80.28,-11500000.0,8295824.0,49.6106425179496
80.29,-11500000.0,8295610.0,49.610641745073984
80.3,-11500000.0,8295392.0,49.610640955882815
80.31,-11500000.0,8295174.0,49.61064015042225
80.32,-11500000.0,8294953.0,49.61063932876561
80.33,-11500000.0,8294730.0,49.61063849098445
80.34,-11500000.0,8294506.0,49.61063763714934
80.35,-11500000.0,8294279.0,49.61063676734386
80.36,-11500000.0,8294050.0,49.6106358816415
80.37,-11500000.0,8293820.0,49.61063498012442
80.38,-11500000.0,8293588.0,49.61063406287764
80.39,-11500000.0,8293355.0,49.610633129987114
80.4,-11500000.0,8293120.0,49.610632181554735
80.41,-11500000.0,8292884.0,49.61063121769217
80.42,-11500000.0,8292646.0,49.610630238515995
80.43,-11500000.0,8292406.0,49.61062924414359
80.44,-11500000.0,8292165.0,49.61062823469012
80.45,-11500000.0,8291922.0,49.61062721026594
80.46,-11500000.0,8291679.0,49.610626170994045
80.47,-11500000.0,8291434.0,49.61062511700279
80.48,-11500000.0,8291188.0,49.61062404840385
80.49,-11500000.0,8290940.0,49.61062296533134
80.5,-11500000.0,8290692.0,49.61062186793085
80.51,-11500000.0,8290442.0,49.61062075633757
80.52,-11500000.0,8290192.0,49.610619630712286
80.53,-11500000.0,8289941.0,49.610618491211845
80.54,-11500000.0,8289689.0,49.61061733798962
80.55,-11500000.0,8289436.0,49.610616171209145
80.56,-11500000.0,8289182.0,49.61061499102072
80.57,-11500000.0,8288928.0,49.610613797580136
80.58,-11500000.0,8288672.0,49.61061259106196
80.59,-11500000.0,8288417.0,49.61061137165201
80.6,-11500000.0,8288160.0,49.61061013952209
80.61,-11500000.0,8287904.0,49.61060889485013
80.62,-11500000.0,8287647.0,49.61060763783173
80.63,-11500000.0,8287390.0,49.61060636865486
80.64,-11500000.0,8287132.0,49.61060508749786
80.65,-11500000.0,8286874.0,49.61060379454708
80.66,-11500000.0,8286616.0,49.61060249000946
80.67,-11500000.0,8286357.0,49.610601174085055
80.68,-11500000.0,8286099.0,49.6105998469855
80.69,-11500000.0,8285840.0,49.61059850892485
80.7,-11500000.0,8285582.0,49.61059716011807
80.71,-11500000.0,8285324.0,49.6105958007934
80.72,-11500000.0,8285066.0,49.61059443116773
80.73,-11500000.0,8284808.0,49.61059305144509
80.74,-11500000.0,8284552.0,49.61059166185408
80.75,-11500000.0,8284294.0,49.61059026263578
80.76,-11500000.0,8284038.0,49.610588854020754
80.77,-11500000.0,8283782.0,49.610587436244906
80.78,-11500000.0,8283526.0,49.61058600954436
80.79,-11500000.0,8283272.0,49.610584574151304
80.8,-11500000.0,8283018.0,49.61058313031005
80.81,-11500000.0,8282764.0,49.61058167826888
80.82,-11500000.0,8282512.0,49.610580218276475
80.83,-11500000.0,8282260.0,49.610578750576174
80.84,-11500000.0,8282009.0,49.610577275423715
80.85,-11500000.0,8281759.0,49.61057579307745
80.86,-11500000.0,8281510.0,49.61057430379651
80.87,-11500000.0,8281263.0,49.610572807852726
80.88,-11500000.0,8281017.0,49.610571305525106
80.89,-11500000.0,8280772.0,49.61056979709243
80.9,-11500000.0,8280528.0,49.61056828281108
80.91,-11500000.0,8280286.0,49.6105667629541
80.92,-11500000.0,8280045.0,49.610565237800394
80.93,-11500000.0,8279806.0,49.610563707632025
80.94,-11500000.0,8279568.0,49.61056217274547
80.95,-11500000.0,8279332.0,49.610560633426246
80.96,-11500000.0,8279098.0,49.610559089966024
80.97,-11500000.0,8278866.0,49.61055754265533
80.98,-11500000.0,8278636.0,49.610555991780835
80.99,-11500000.0,8278407.0,49.610554437639394
81.0,-11500000.0,8278180.0,49.610552880531436
81.01,-11500000.0,8277956.0,49.610551320774924
81.02,-11500000.0,8277734.0,49.61054975867615
81.03,-11500000.0,8277514.0,49.610548194530544
81.04,-11500000.0,8277296.0,49.610546628656024
81.05,-11500000.0,8277082.0,49.61054506138362
81.06,-11500000.0,8276868.0,49.6105434930306
81.07,-11500000.0,8276658.0,49.6105419239001
81.08,-11500000.0,8276450.0,49.6105403543167
81.09,-11500000.0,8276246.0,49.61053878461562
81.1,-11500000.0,8276043.0,49.610537215117986
81.11,-11500000.0,8275844.0,49.61053564614829
81.12,-11500000.0,8275646.0,49.610534078027584
81.13,-11500000.0,8275453.0,49.61053251109029
81.14,-11500000.0,8275262.0,49.61053094567382
81.15,-11500000.0,8275074.0,49.610529382116155
81.16,-11500000.0,8274890.0,49.61052782074807
81.17,-11500000.0,8274708.0,49.610526261893085
81.18,-11500000.0,8274530.0,49.61052470590012
81.19,-11500000.0,8274354.0,49.61052315309495
81.2,-11500000.0,8274183.0,49.61052160380292
81.21,-11500000.0,8274015.0,49.61052005837881
81.22,-11500000.0,8273850.0,49.610518517159115
81.23,-11500000.0,8273688.0,49.610516980462926
81.24,-11500000.0,8273531.0,49.61051544862867
81.25,-11500000.0,8273377.0,49.61051392200433
81.26,-11500000.0,8273226.0,49.61051240092343
81.27,-11500000.0,8273080.0,49.610510885704
81.28,-11500000.0,8272936.0,49.61050937666725
81.29,-11500000.0,8272798.0,49.61050787415098
81.3,-11500000.0,8272662.0,49.61050637848292
81.31,-11500000.0,8272531.0,49.61050488999989
81.32,-11500000.0,8272404.0,49.61050340903934
81.33,-11500000.0,8272280.0,49.610501935919174
81.34,-11500000.0,8272160.0,49.61050047095628
81.35,-11500000.0,8272045.0,49.61049901446346
81.36,-11500000.0,8271934.0,49.61049756674706
81.37,-11500000.0,8271826.0,49.610496128105225
81.38,-11500000.0,8271723.0,49.610494698846054
81.39,-11500000.0,8271624.0,49.610493279281066
81.4,-11500000.0,8271530.0,49.61049186972314
81.41,-11500000.0,8271439.0,49.61049047048203
81.42,-11500000.0,8271352.0,49.6104890818445
81.43,-11500000.0,8271270.0,49.61048770409604
81.44,-11500000.0,8271193.0,49.61048633753671
81.45,-11500000.0,8271120.0,49.61048498245656
81.46,-11500000.0,8271050.0,49.61048363913689
81.47,-11500000.0,8270986.0,49.6104823078487
81.48,-11500000.0,8270925.0,49.610480988854476
81.49,-11500000.0,8270869.0,49.610479682426195
81.5,-11500000.0,8270818.0,49.61047838884158
81.51,-11500000.0,8270770.0,49.61047710836209
81.52,-11500000.0,8270728.0,49.61047584125565
81.53,-11500000.0,8270689.0,49.61047458779111
81.54,-11500000.0,8270655.0,49.61047334822028
81.55,-11500000.0,8270625.0,49.61047212277907
81.56,-11500000.0,8270600.0,49.6104709117107
81.57,-11500000.0,8270579.0,49.610469715260336
81.58,-11500000.0,8270562.0,49.610468533657674
81.59,-11500000.0,8270550.0,49.610467367137275
81.6,-11500000.0,8270543.0,49.61046621593706
81.61,-11500000.0,8270540.0,49.610465080297125
81.62,-11500000.0,8270541.0,49.610463960439525
81.63,-11500000.0,8270546.0,49.61046285657324
81.64,-11500000.0,8270556.0,49.610461768914654
81.65,-11500000.0,8270571.0,49.61046069768598
81.66,-11500000.0,8270590.0,49.610459643094565
81.67,-11500000.0,8270612.0,49.61045860533761
81.68,-11500000.0,8270640.0,49.61045758462234
81.69,-11500000.0,8270672.0,49.61045658114471
81.7,-11500000.0,8270708.0,49.61045559509362
81.71,-11500000.0,8270748.0,49.610454626670624
81.72,-11500000.0,8270792.0,49.6104536760683
81.73,-11500000.0,8270841.0,49.61045274345477
81.74,-11500000.0,8270894.0,49.610451829018096
81.75,-11500000.0,8270952.0,49.61045093294041
81.76,-11500000.0,8271013.0,49.61045005538492
81.77,-11500000.0,8271078.0,49.61044919651701
81.78,-11500000.0,8271148.0,49.61044835648669
81.79,-11500000.0,8271222.0,49.610447535452174
81.8,-11500000.0,8271300.0,49.61044673357748
81.81,-11500000.0,8271382.0,49.61044595101439
81.82,-11500000.0,8271468.0,49.61044518790583
81.83,-11500000.0,8271558.0,49.61044444438892
81.84,-11500000.0,8271652.0,49.61044372059724
81.85,-11500000.0,8271750.0,49.61044301666278
81.86,-11500000.0,8271852.0,49.61044233269809
81.87,-11500000.0,8271958.0,49.610441668822496
81.88,-11500000.0,8272067.0,49.610441025159
81.89,-11500000.0,8272180.0,49.61044040181844
81.9,-11500000.0,8272298.0,49.610439798901915
81.91,-11500000.0,8272418.0,49.61043921650574
81.92,-11500000.0,8272543.0,49.610438654722486
81.93,-11500000.0,8272671.0,49.61043811362539
81.94,-11500000.0,8272803.0,49.610437593293476
81.95,-11500000.0,8272938.0,49.61043709381038
81.96,-11500000.0,8273078.0,49.61043661524728
81.97,-11500000.0,8273220.0,49.61043615764778
81.98,-11500000.0,8273366.0,49.610435721056454
81.99,-11500000.0,8273515.0,49.61043530553687
82.0,-11500000.0,8273668.0,49.61043491113231
82.01,-11500000.0,8273824.0,49.61043453787338
82.02,-11500000.0,8273982.0,49.61043418578123
82.03,-11500000.0,8274145.0,49.610433854873136
82.04,-11500000.0,8274310.0,49.61043354516395
82.05,-11500000.0,8274480.0,49.61043325667032
82.06,-11500000.0,8274652.0,49.61043298941095
82.07,-11500000.0,8274826.0,49.61043274337123
82.08,-11500000.0,8275004.0,49.6104325185333
82.09,-11500000.0,8275185.0,49.610432314895675
82.1,-11500000.0,8275368.0,49.61043213243486
82.11,-11500000.0,8275555.0,49.610431971114
82.12,-11500000.0,8275744.0,49.610431830886704
82.13,-11500000.0,8275936.0,49.61043171170321
82.14,-11500000.0,8276131.0,49.61043161353162
82.15,-11500000.0,8276328.0,49.61043153631813
82.16,-11500000.0,8276528.0,49.61043147999726
82.17,-11500000.0,8276730.0,49.6104314444942
82.18,-11500000.0,8276935.0,49.610431429732635
82.19,-11500000.0,8277142.0,49.610431435635064
82.2,-11500000.0,8277352.0,49.610431462109574
82.21,-11500000.0,8277564.0,49.61043150907384
82.22,-11500000.0,8277778.0,49.610431576436824
82.23,-11500000.0,8277994.0,49.6104316640858
82.24,-11500000.0,8278212.0,49.61043177191348
82.25,-11500000.0,8278432.0,49.61043189981871
82.26,-11500000.0,8278654.0,49.610432047671104
82.27,-11500000.0,8278879.0,49.6104322153415
82.28,-11500000.0,8279105.0,49.61043240270203
82.29,-11500000.0,8279333.0,49.61043260961303
82.3,-11500000.0,8279563.0,49.610432835946774
82.31,-11500000.0,8279794.0,49.61043308154983
82.32,-11500000.0,8280027.0,49.610433346254915
82.33,-11500000.0,8280262.0,49.61043362992327
82.34,-11500000.0,8280498.0,49.61043393240365
82.35,-11500000.0,8280736.0,49.61043425352204
82.36,-11500000.0,8280974.0,49.610434593108096
82.37,-11500000.0,8281215.0,49.61043495099819
82.38,-11500000.0,8281456.0,49.6104353270183
82.39,-11500000.0,8281700.0,49.61043572099149
82.4,-11500000.0,8281944.0,49.61043613274077
82.41,-11500000.0,8282188.0,49.61043656207516
82.42,-11500000.0,8282434.0,49.61043700879628
82.43,-11500000.0,8282682.0,49.610437472704
82.44,-11500000.0,8282930.0,49.61043795360058
82.45,-11500000.0,8283178.0,49.61043845127476
82.46,-11500000.0,8283428.0,49.61043896551009
82.47,-11500000.0,8283678.0,49.61043949610773
82.48,-11500000.0,8283928.0,49.61044004284809
82.49,-11500000.0,8284180.0,49.610440605502085
82.5,-11500000.0,8284432.0,49.61044118385349
82.51,-11500000.0,8284684.0,49.61044177768243
82.52,-11500000.0,8284938.0,49.6104423867701
82.53,-11500000.0,8285190.0,49.610443010883145
82.54,-11500000.0,8285444.0,49.61044364978216
82.55,-11500000.0,8285698.0,49.61044430322566
82.56,-11500000.0,8285952.0,49.610444970975905
82.57,-11500000.0,8286205.0,49.61044565278141
82.58,-11500000.0,8286459.0,49.6104463483868
82.59,-11500000.0,8286713.0,49.610447057554126
82.6,-11500000.0,8286966.0,49.610447780025964
82.61,-11500000.0,8287220.0,49.610448515554374
82.62,-11500000.0,8287474.0,49.61044926388065
82.63,-11500000.0,8287726.0,49.6104500247267
82.64,-11500000.0,8287980.0,49.610450797838936
82.65,-11500000.0,8288232.0,49.61045158294846
82.66,-11500000.0,8288484.0,49.61045237978131
82.67,-11500000.0,8288734.0,49.610453188060546
82.68,-11500000.0,8288986.0,49.61045400751396
82.69,-11500000.0,8289236.0,49.610454837874066
82.7,-11500000.0,8289485.0,49.61045567886475
82.71,-11500000.0,8289734.0,49.61045653020555
82.72,-11500000.0,8289981.0,49.610457391598736
82.73,-11500000.0,8290228.0,49.610458262756275
82.74,-11500000.0,8290474.0,49.61045914338108
82.75,-11500000.0,8290718.0,49.610460033175805
82.76,-11500000.0,8290962.0,49.610460931844024
82.77,-11500000.0,8291205.0,49.610461839096935
82.78,-11500000.0,8291446.0,49.61046275465278
82.79,-11500000.0,8291686.0,49.6104636782035
82.8,-11500000.0,8291926.0,49.61046460944362
82.81,-11500000.0,8292163.0,49.61046554807218
82.82,-11500000.0,8292399.0,49.61046649377787
82.83,-11500000.0,8292634.0,49.61046744624521
82.84,-11500000.0,8292867.0,49.61046840517868
82.85,-11500000.0,8293098.0,49.61046937028159
82.86,-11500000.0,8293328.0,49.610470341224506
82.87,-11500000.0,8293556.0,49.610471317694675
82.88,-11500000.0,8293783.0,49.61047229939351
82.89,-11500000.0,8294008.0,49.61047328600176
82.9,-11500000.0,8294230.0,49.61047427720698
82.91,-11500000.0,8294452.0,49.61047527270447
82.92,-11500000.0,8294670.0,49.61047627218154
82.93,-11500000.0,8294888.0,49.610477275322985
82.94,-11500000.0,8295102.0,49.61047828179606
82.95,-11500000.0,8295315.0,49.61047929127873
82.96,-11500000.0,8295526.0,49.610480303458296
82.97,-11500000.0,8295734.0,49.61048131801672
82.98,-11500000.0,8295940.0,49.61048233465323
82.99,-11500000.0,8296144.0,49.61048335304568
83.0,-11500000.0,8296346.0,49.610484372880855
83.01,-11500000.0,8296545.0,49.6104853938518
83.02,-11500000.0,8296742.0,49.61048641562579
83.03,-11500000.0,8296936.0,49.61048743789046
83.04,-11500000.0,8297128.0,49.61048846035158
83.05,-11500000.0,8297317.0,49.61048948269534
83.06,-11500000.0,8297504.0,49.61049050459744
83.07,-11500000.0,8297688.0,49.6104915257464
83.08,-11500000.0,8297869.0,49.61049254584426
83.09,-11500000.0,8298048.0,49.610493564587664
83.1,-11500000.0,8298223.0,49.610494581654265
83.11,-11500000.0,8298396.0,49.61049559672929
83.12,-11500000.0,8298566.0,49.6104966095056
83.13,-11500000.0,8298734.0,49.61049761968681
83.14,-11500000.0,8298898.0,49.61049862698633
83.15,-11500000.0,8299060.0,49.61049963111055
83.16,-11500000.0,8299218.0,49.610500631763
83.17,-11500000.0,8299373.0,49.610501628628725
83.18,-11500000.0,8299526.0,49.6105026214016
83.19,-11500000.0,8299675.0,49.610503609801924
83.2,-11500000.0,8299821.0,49.61050459353622
83.21,-11500000.0,8299964.0,49.61050557232363
83.22,-11500000.0,8300104.0,49.61050654589283
83.23,-11500000.0,8300241.0,49.6105075139469
83.24,-11500000.0,8300374.0,49.610508476190475
83.25,-11500000.0,8300505.0,49.61050943234982
83.26,-11500000.0,8300632.0,49.610510382151354
83.27,-11500000.0,8300756.0,49.610511325325376
83.28,-11500000.0,8300876.0,49.61051226160599
83.29,-11500000.0,8300994.0,49.61051319071467
83.3,-11500000.0,8301107.0,49.61051411236512
83.31,-11500000.0,8301218.0,49.610515026286365
83.32,-11500000.0,8301324.0,49.610515932220196
83.33,-11500000.0,8301428.0,49.61051682992193
83.34,-11500000.0,8301528.0,49.61051771913857
83.35,-11500000.0,8301626.0,49.61051859961534
83.36,-11500000.0,8301718.0,49.6105194710949
83.37,-11500000.0,8301808.0,49.610520333322576
83.38,-11500000.0,8301895.0,49.61052118606391
83.39,-11500000.0,8301978.0,49.610522029084024
83.4,-11500000.0,8302057.0,49.610522862129955
83.41,-11500000.0,8302133.0,49.61052368495666
83.42,-11500000.0,8302206.0,49.61052449734318
83.43,-11500000.0,8302274.0,49.61052529907104
83.44,-11500000.0,8302340.0,49.61052608990552
83.45,-11500000.0,8302402.0,49.610526869621054
83.46,-11500000.0,8302460.0,49.610527637997514
83.47,-11500000.0,8302514.0,49.61052839482299
83.48,-11500000.0,8302566.0,49.61052913989006
83.49,-11500000.0,8302614.0,49.61052987299867
83.5,-11500000.0,8302658.0,49.610530593952326
83.51,-11500000.0,8302698.0,49.6105313025417
83.52,-11500000.0,8302735.0,49.61053199856585
83.53,-11500000.0,8302768.0,49.61053268183097
83.54,-11500000.0,8302798.0,49.61053335214954
83.55,-11500000.0,8302825.0,49.61053400933931
83.56,-11500000.0,8302848.0,49.61053465324184
83.57,-11500000.0,8302868.0,49.61053528369688
83.58,-11500000.0,8302884.0,49.61053590052643
83.59,-11500000.0,8302896.0,49.610536503556425
83.6,-11500000.0,8302906.0,49.61053709263529
83.61,-11500000.0,8302912.0,49.610537667608305
83.62,-11500000.0,8302914.0,49.61053822832099
83.63,-11500000.0,8302913.0,49.61053877463517
83.64,-11500000.0,8302908.0,49.610539306407354
83.65,-11500000.0,8302901.0,49.610539823508695
83.66,-11500000.0,8302890.0,49.61054032581991
83.67,-11500000.0,8302876.0,49.61054081321073
83.68,-11500000.0,8302858.0,49.61054128556085
83.69,-11500000.0,8302838.0,49.610541742774856
83.7,-11500000.0,8302814.0,49.61054218475676
83.71,-11500000.0,8302786.0,49.610542611391224
83.72,-11500000.0,8302756.0,49.6105430225852
83.73,-11500000.0,8302722.0,49.61054341825918
83.74,-11500000.0,8302686.0,49.61054379832676
83.75,-11500000.0,8302646.0,49.61054416271254
83.76,-11500000.0,8302604.0,49.61054451132913
83.77,-11500000.0,8302558.0,49.61054484409909
83.78,-11500000.0,8302510.0,49.610545160967746
83.79,-11500000.0,8302458.0,49.610545461878964
83.8,-11500000.0,8302404.0,49.61054574679314
83.81,-11500000.0,8302346.0,49.610546015661136
83.82,-11500000.0,8302286.0,49.610546268427605
83.83,-11500000.0,8302224.0,49.61054650506615
83.84,-11500000.0,8302158.0,49.61054672555212
83.85,-11500000.0,8302090.0,49.61054692984258
83.86,-11500000.0,8302019.0,49.6105471178975
83.87,-11500000.0,8301946.0,49.61054728969527
83.88,-11500000.0,8301870.0,49.61054744522687
83.89,-11500000.0,8301791.0,49.61054758449127
83.9,-11500000.0,8301710.0,49.6105477074724
83.91,-11500000.0,8301626.0,49.61054781416115
83.92,-11500000.0,8301540.0,49.6105479045683
83.93,-11500000.0,8301452.0,49.61054797870045
83.94,-11500000.0,8301360.0,49.610548036558974
83.95,-11500000.0,8301267.0,49.61054807813902
83.96,-11500000.0,8301172.0,49.610548103448274
83.97,-11500000.0,8301074.0,49.61054811250085
83.98,-11500000.0,8300974.0,49.61054810531557
83.99,-11500000.0,8300872.0,49.610548081930716
84.0,-11500000.0,8300767.0,49.610548042378625
84.01,-11500000.0,8300660.0,49.61054798666716
84.02,-11500000.0,8300552.0,49.61054791482153
84.03,-11500000.0,8300440.0,49.61054782687599
84.04,-11500000.0,8300328.0,49.61054772287287
84.05,-11500000.0,8300213.0,49.61054760285607
84.06,-11500000.0,8300096.0,49.610547466852545
84.07,-11500000.0,8299978.0,49.610547314911116
84.08,-11500000.0,8299856.0,49.61054714707539
84.09,-11500000.0,8299734.0,49.61054696338602
84.1,-11500000.0,8299610.0,49.61054676389596
84.11,-11500000.0,8299483.0,49.61054654864831
84.12,-11500000.0,8299355.0,49.61054631769611
84.13,-11500000.0,8299225.0,49.6105460710971
84.14,-11500000.0,8299094.0,49.610545808912576
84.15,-11500000.0,8298960.0,49.61054553120359
84.16,-11500000.0,8298825.0,49.610545238030916
84.17,-11500000.0,8298688.0,49.61054492945205
84.18,-11500000.0,8298550.0,49.61054460552201
84.19,-11500000.0,8298410.0,49.61054426631022
84.2,-11500000.0,8298268.0,49.61054391189608
84.21,-11500000.0,8298125.0,49.610543542365434
84.22,-11500000.0,8297980.0,49.610543157807676
84.23,-11500000.0,8297834.0,49.61054275829428
84.24,-11500000.0,8297686.0,49.61054234390201
84.25,-11500000.0,8297538.0,49.61054191472685
84.26,-11500000.0,8297387.0,49.61054147086074
84.27,-11500000.0,8297235.0,49.61054101239098
84.28,-11500000.0,8297082.0,49.61054053939999
84.29,-11500000.0,8296927.0,49.610540051984245
84.3,-11500000.0,8296771.0,49.6105395502486
84.31,-11500000.0,8296614.0,49.61053903430463
84.32,-11500000.0,8296456.0,49.610538504266295
84.33,-11500000.0,8296296.0,49.61053796024954
84.34,-11500000.0,8296135.0,49.61053740236894
84.35,-11500000.0,8295973.0,49.61053683073817
84.36,-11500000.0,8295810.0,49.61053624546717
84.37,-11500000.0,8295646.0,49.61053564668246
84.38,-11500000.0,8295480.0,49.61053503451917
84.39,-11500000.0,8295314.0,49.61053440910135
84.4,-11500000.0,8295146.0,49.610533770560636
84.41,-11500000.0,8294977.0,49.61053311901386
84.42,-11500000.0,8294808.0,49.610532454585375
84.43,-11500000.0,8294637.0,49.610531777420476
84.44,-11500000.0,8294466.0,49.61053108766148
84.45,-11500000.0,8294294.0,49.61053038546598
84.46,-11500000.0,8294120.0,49.61052967098115
84.47,-11500000.0,8293946.0,49.61052894434721
84.48,-11500000.0,8293771.0,49.61052820571348
84.49,-11500000.0,8293596.0,49.61052745523631
84.5,-11500000.0,8293419.0,49.61052669307423
84.51,-11500000.0,8293242.0,49.610525919367866
84.52,-11500000.0,8293064.0,49.61052513426116
84.53,-11500000.0,8292885.0,49.610524337916814
84.54,-11500000.0,8292706.0,49.610523530491044
84.55,-11500000.0,8292526.0,49.610522712134525
84.56,-11500000.0,8292345.0,49.610521883009476
84.57,-11500000.0,8292164.0,49.61052104328533
84.58,-11500000.0,8291982.0,49.61052019313509
84.59,-11500000.0,8291800.0,49.610519332732586
84.6,-11500000.0,8291618.0,49.61051846223088
84.61,-11500000.0,8291434.0,49.61051758178536
84.62,-11500000.0,8291251.0,49.61051669156763
84.63,-11500000.0,8291067.0,49.61051579174223
84.64,-11500000.0,8290882.0,49.61051488246579
84.65,-11500000.0,8290698.0,49.61051396390618
84.66,-11500000.0,8290513.0,49.610513036236306
84.67,-11500000.0,8290328.0,49.61051209961319
84.68,-11500000.0,8290142.0,49.610511154198385
84.69,-11500000.0,8289956.0,49.61051020015344
84.7,-11500000.0,8289770.0,49.61050923763926
84.71,-11500000.0,8289584.0,49.61050826683188
84.72,-11500000.0,8289398.0,49.61050728789774
84.73,-11500000.0,8289211.0,49.61050630099494
84.74,-11500000.0,8289024.0,49.61050530629066
84.75,-11500000.0,8288838.0,49.61050430393777
84.76,-11500000.0,8288651.0,49.61050329409643
84.77,-11500000.0,8288464.0,49.61050227692743
84.78,-11500000.0,8288278.0,49.61050125259281
84.79,-11500000.0,8288091.0,49.61050022126983
84.8,-11500000.0,8287904.0,49.610499183108224
84.81,-11500000.0,8287718.0,49.61049813825474
84.82,-11500000.0,8287532.0,49.610497086887264
84.83,-11500000.0,8287345.0,49.61049602916748
84.84,-11500000.0,8287159.0,49.610494965244946
84.85,-11500000.0,8286974.0,49.61049389529328
84.86,-11500000.0,8286788.0,49.61049281948358
84.87,-11500000.0,8286602.0,49.61049173796484
84.88,-11500000.0,8286418.0,49.610490650885865
84.89,-11500000.0,8286233.0,49.61048955841106
84.9,-11500000.0,8286049.0,49.610488460715075
84.91,-11500000.0,8285865.0,49.610487357959094
84.92,-11500000.0,8285682.0,49.61048625029304
84.93,-11500000.0,8285498.0,49.61048513787373
84.94,-11500000.0,8285316.0,49.61048402086134
84.95,-11500000.0,8285134.0,49.610482899416716
84.96,-11500000.0,8284952.0,49.61048177369909
84.97,-11500000.0,8284772.0,49.61048064386438
84.98,-11500000.0,8284592.0,49.610479510083195
84.99,-11500000.0,8284412.0,49.61047837251483
85.0,-11500000.0,8284232.0,49.610477231310604
85.01,-11500000.0,8284054.0,49.61047608664921
85.02,-11500000.0,8283877.0,49.61047493870955
85.03,-11500000.0,8283700.0,49.61047378765067
85.04,-11500000.0,8283524.0,49.61047263363326
85.05,-11500000.0,8283348.0,49.610471476815775
85.06,-11500000.0,8283174.0,49.61047031735438
85.07,-11500000.0,8283000.0,49.61046915541929
85.08,-11500000.0,8282828.0,49.61046799118975
85.09,-11500000.0,8282656.0,49.61046682483066
85.1,-11500000.0,8282485.0,49.61046565649501
85.11,-11500000.0,8282315.0,49.61046448634227
85.12,-11500000.0,8282146.0,49.61046331453501
85.13,-11500000.0,8281978.0,49.610462141255574
85.14,-11500000.0,8281812.0,49.61046096667901
85.15,-11500000.0,8281646.0,49.6104597909561
85.16,-11500000.0,8281481.0,49.61045861425368
85.17,-11500000.0,8281318.0,49.61045743674781
85.18,-11500000.0,8281155.0,49.610456258601864
85.19,-11500000.0,8280994.0,49.61045507998653
85.2,-11500000.0,8280834.0,49.61045390107475
85.21,-11500000.0,8280676.0,49.61045272204063
85.22,-11500000.0,8280518.0,49.6104515430557
85.23,-11500000.0,8280362.0,49.61045036426954
85.24,-11500000.0,8280207.0,49.61044918585107
85.25,-11500000.0,8280054.0,49.61044800797959
85.26,-11500000.0,8279901.0,49.61044683080479
85.27,-11500000.0,8279750.0,49.610445654489645
85.28,-11500000.0,8279601.0,49.61044447920278
85.29,-11500000.0,8279454.0,49.610443305118224
85.3,-11500000.0,8279307.0,49.610442132409254
85.31,-11500000.0,8279162.0,49.61044096123017
85.32,-11500000.0,8279018.0,49.610439791736226
85.33,-11500000.0,8278877.0,49.61043862410086
85.34,-11500000.0,8278736.0,49.61043745848912
85.35,-11500000.0,8278598.0,49.61043629506034
85.36,-11500000.0,8278461.0,49.610435133983884
85.37,-11500000.0,8278326.0,49.610433975417266
85.38,-11500000.0,8278192.0,49.61043281950663
85.39,-11500000.0,8278060.0,49.610431666406825
85.4,-11500000.0,8277930.0,49.61043051629551
85.41,-11500000.0,8277800.0,49.61042936932781
85.42,-11500000.0,8277674.0,49.61042822564215
85.43,-11500000.0,8277548.0,49.610427085397795
85.44,-11500000.0,8277426.0,49.61042594876867
85.45,-11500000.0,8277304.0,49.61042481591915
85.46,-11500000.0,8277184.0,49.61042368698631
85.47,-11500000.0,8277066.0,49.61042256212272
85.48,-11500000.0,8276950.0,49.6104214414886
85.49,-11500000.0,8276836.0,49.61042032523206
85.5,-11500000.0,8276724.0,49.610419213507875
85.51,-11500000.0,8276614.0,49.61041810645507
85.52,-11500000.0,8276506.0,49.610417004219485
85.53,-11500000.0,8276400.0,49.610415906947836
85.54,-11500000.0,8276296.0,49.610414814788925
85.55,-11500000.0,8276193.0,49.6104137278887
85.56,-11500000.0,8276093.0,49.61041264639225
85.57,-11500000.0,8275995.0,49.61041157045894
85.58,-11500000.0,8275898.0,49.61041050022068
85.59,-11500000.0,8275804.0,49.610409435807036
85.6,-11500000.0,8275712.0,49.610408377360784
85.61,-11500000.0,8275623.0,49.61040732503532
85.62,-11500000.0,8275535.0,49.61040627897005
85.63,-11500000.0,8275450.0,49.61040523929503
85.64,-11500000.0,8275366.0,49.610404206167246
85.65,-11500000.0,8275285.0,49.61040317972504
85.66,-11500000.0,8275206.0,49.61040216009357
85.67,-11500000.0,8275129.0,49.61040114740277
85.68,-11500000.0,8275054.0,49.61040014178664
85.69,-11500000.0,8274982.0,49.61039914337971
85.7,-11500000.0,8274912.0,49.61039815231713
85.71,-11500000.0,8274844.0,49.610397168751284
85.72,-11500000.0,8274778.0,49.610396192808146
85.73,-11500000.0,8274716.0,49.61039522461398
85.74,-11500000.0,8274654.0,49.61039426430906
85.75,-11500000.0,8274596.0,49.61039331200787
85.76,-11500000.0,8274540.0,49.610392367842095
85.77,-11500000.0,8274486.0,49.61039143195292
85.78,-11500000.0,8274434.0,49.61039050445218
85.79,-11500000.0,8274384.0,49.61038958546618
85.8,-11500000.0,8274338.0,49.6103886751286
85.81,-11500000.0,8274293.0,49.610387773561484
85.82,-11500000.0,8274250.0,49.610386880875204
85.83,-11500000.0,8274211.0,49.61038599719074
85.84,-11500000.0,8274174.0,49.6103851226335
85.85,-11500000.0,8274138.0,49.61038425731507
85.86,-11500000.0,8274106.0,49.61038340137233
85.87,-11500000.0,8274076.0,49.610382554921024
85.88,-11500000.0,8274048.0,49.610381718063636
85.89,-11500000.0,8274024.0,49.61038089092565
85.9,-11500000.0,8274001.0,49.610380073631994
85.91,-11500000.0,8273980.0,49.610379266286785
85.92,-11500000.0,8273963.0,49.61037846899782
85.93,-11500000.0,8273948.0,49.610377681871974
85.94,-11500000.0,8273935.0,49.610376905017645
85.95,-11500000.0,8273925.0,49.610376138560035
85.96,-11500000.0,8273917.0,49.61037538259955
85.97,-11500000.0,8273912.0,49.6103746372371
85.98,-11500000.0,8273909.0,49.610373902570366
85.99,-11500000.0,8273909.0,49.610373178696754
86.0,-11500000.0,8273912.0,49.610372465729185
86.01,-11500000.0,8273916.0,49.61037176377421
86.02,-11500000.0,8273924.0,49.61037107293271
86.03,-11500000.0,8273934.0,49.6103703933003
86.04,-11500000.0,8273946.0,49.61036972496793
86.05,-11500000.0,8273962.0,49.61036906802217
86.06,-11500000.0,8273980.0,49.610368422564946
86.07,-11500000.0,8274000.0,49.61036778868881
86.08,-11500000.0,8274022.0,49.61036716648133
86.09,-11500000.0,8274048.0,49.61036655602253
86.1,-11500000.0,8274076.0,49.610365957388936
86.11,-11500000.0,8274106.0,49.61036537067021
86.12,-11500000.0,8274140.0,49.61036479596736
86.13,-11500000.0,8274175.0,49.610364233368855
86.14,-11500000.0,8274214.0,49.610363682955665
86.15,-11500000.0,8274254.0,49.610363144818756
86.16,-11500000.0,8274298.0,49.61036261903855
86.17,-11500000.0,8274344.0,49.61036210568661
86.18,-11500000.0,8274392.0,49.61036160482713
86.19,-11500000.0,8274444.0,49.61036111653734
86.2,-11500000.0,8274498.0,49.610360640902854
86.21,-11500000.0,8274554.0,49.61036017799753
86.22,-11500000.0,8274614.0,49.610359727885466
86.23,-11500000.0,8274676.0,49.610359290641995
86.24,-11500000.0,8274740.0,49.61035886633003
86.25,-11500000.0,8274806.0,49.61035845500526
86.26,-11500000.0,8274876.0,49.610358056753
86.27,-11500000.0,8274948.0,49.61035767164286
86.28,-11500000.0,8275024.0,49.61035729973443
86.29,-11500000.0,8275102.0,49.6103569411148
86.3,-11500000.0,8275182.0,49.610356595853574
86.31,-11500000.0,8275264.0,49.61035626400896
86.32,-11500000.0,8275350.0,49.6103559456462
86.33,-11500000.0,8275438.0,49.610355640817744
86.34,-11500000.0,8275529.0,49.61035534958494
86.35,-11500000.0,8275622.0,49.610355072014215
86.36,-11500000.0,8275719.0,49.61035480817704
86.37,-11500000.0,8275818.0,49.61035455814689
86.38,-11500000.0,8275920.0,49.610354321980445
86.39,-11500000.0,8276024.0,49.61035409972073
86.4,-11500000.0,8276130.0,49.610353891418974
86.41,-11500000.0,8276240.0,49.61035369715039
86.42,-11500000.0,8276352.0,49.610353516970044
86.43,-11500000.0,8276468.0,49.61035335091962
86.44,-11500000.0,8276586.0,49.61035319906568
86.45,-11500000.0,8276706.0,49.610353061455456
86.46,-11500000.0,8276828.0,49.610352938123604
86.47,-11500000.0,8276954.0,49.610352829130356
86.48,-11500000.0,8277082.0,49.610352734517356
86.49,-11500000.0,8277214.0,49.61035265431432
86.5,-11500000.0,8277348.0,49.61035258857721
86.51,-11500000.0,8277484.0,49.61035253734412
86.52,-11500000.0,8277622.0,49.610352500641845
86.53,-11500000.0,8277764.0,49.61035247850489
86.54,-11500000.0,8277908.0,49.61035247097542
86.55,-11500000.0,8278055.0,49.61035247808107
86.56,-11500000.0,8278204.0,49.610352499841206
86.57,-11500000.0,8278356.0,49.61035253628542
86.58,-11500000.0,8278510.0,49.61035258741472
86.59,-11500000.0,8278668.0,49.610352653228766
86.6,-11500000.0,8278827.0,49.610352733743404
86.61,-11500000.0,8278989.0,49.61035282897003
86.62,-11500000.0,8279154.0,49.61035293891726
86.63,-11500000.0,8279320.0,49.610353063592385
86.64,-11500000.0,8279490.0,49.610353203002546
86.65,-11500000.0,8279662.0,49.610353357136475
86.66,-11500000.0,8279836.0,49.61035352597092
86.67,-11500000.0,8280012.0,49.61035370949233
86.68,-11500000.0,8280191.0,49.61035390769615
86.69,-11500000.0,8280372.0,49.61035412056696
86.7,-11500000.0,8280555.0,49.6103543480643
86.71,-11500000.0,8280740.0,49.61035459014891
86.72,-11500000.0,8280928.0,49.610354846782776
86.73,-11500000.0,8281118.0,49.61035511793217
86.74,-11500000.0,8281310.0,49.610355403547786
86.75,-11500000.0,8281504.0,49.61035570357295
86.76,-11500000.0,8281700.0,49.61035601796374
86.77,-11500000.0,8281898.0,49.61035634667051
86.78,-11500000.0,8282097.0,49.61035668962212
86.79,-11500000.0,8282299.0,49.6103570467536
86.8,-11500000.0,8282502.0,49.61035741800439
86.81,-11500000.0,8282708.0,49.61035780328432
86.82,-11500000.0,8282914.0,49.61035820250176
86.83,-11500000.0,8283124.0,49.61035861558471
86.84,-11500000.0,8283334.0,49.61035904246017
86.85,-11500000.0,8283546.0,49.61035948303926
86.86,-11500000.0,8283760.0,49.6103599372236
86.87,-11500000.0,8283975.0,49.61036040492973
86.88,-11500000.0,8284192.0,49.61036088606827
86.89,-11500000.0,8284410.0,49.610361380531934
86.9,-11500000.0,8284629.0,49.610361888220424
86.91,-11500000.0,8284850.0,49.61036240902299
86.92,-11500000.0,8285072.0,49.61036294282543
86.93,-11500000.0,8285294.0,49.61036348951288
86.94,-11500000.0,8285519.0,49.61036404897482
86.95,-11500000.0,8285744.0,49.61036462108701
86.96,-11500000.0,8285970.0,49.610365205720754
86.97,-11500000.0,8286198.0,49.610365802763994
86.98,-11500000.0,8286426.0,49.610366412084225
86.99,-11500000.0,8286656.0,49.6103670335572
87.0,-11500000.0,8286885.0,49.61036766704676
87.01,-11500000.0,8287116.0,49.61036831241541
87.02,-11500000.0,8287347.0,49.61036896952404
87.03,-11500000.0,8287579.0,49.61036963822112
87.04,-11500000.0,8287812.0,49.61037031836563
87.05,-11500000.0,8288045.0,49.61037100983007
87.06,-11500000.0,8288278.0,49.61037171248063
87.07,-11500000.0,8288512.0,49.61037242614659
87.08,-11500000.0,8288746.0,49.61037315067065
87.09,-11500000.0,8288981.0,49.61037388590705
87.1,-11500000.0,8289216.0,49.61037463168736
87.11,-11500000.0,8289450.0,49.610375387848386
87.12,-11500000.0,8289686.0,49.61037615423354
87.13,-11500000.0,8289920.0,49.61037693067743
87.14,-11500000.0,8290156.0,49.61037771701154
87.15,-11500000.0,8290390.0,49.610378513068746
87.16,-11500000.0,8290625.0,49.610379318667576
87.17,-11500000.0,8290860.0,49.61038013362051
87.18,-11500000.0,8291094.0,49.610380957737746
87.19,-11500000.0,8291328.0,49.610381790832996
87.2,-11500000.0,8291561.0,49.61038263272517
87.21,-11500000.0,8291794.0,49.61038348322322
87.22,-11500000.0,8292026.0,49.61038434213201
87.23,-11500000.0,8292258.0,49.61038520925708
87.24,-11500000.0,8292490.0,49.610386084408326
87.25,-11500000.0,8292720.0,49.61038696738342
87.26,-11500000.0,8292950.0,49.61038785795642
87.27,-11500000.0,8293179.0,49.61038875590592
87.28,-11500000.0,8293407.0,49.61038966101653
87.29,-11500000.0,8293634.0,49.61039057308278
87.3,-11500000.0,8293860.0,49.6103914918902
87.31,-11500000.0,8294086.0,49.610392417204324
87.32,-11500000.0,8294310.0,49.61039334879673
87.33,-11500000.0,8294532.0,49.61039428642821
87.34,-11500000.0,8294754.0,49.610395229856316
87.35,-11500000.0,8294974.0,49.61039617883843
87.36,-11500000.0,8295192.0,49.610397133137035
87.37,-11500000.0,8295410.0,49.61039809252092
87.38,-11500000.0,8295626.0,49.61039905673042
87.39,-11500000.0,8295840.0,49.61040002550797
87.4,-11500000.0,8296053.0,49.6104009986178
87.41,-11500000.0,8296264.0,49.61040197580793
87.42,-11500000.0,8296474.0,49.61040295681867
87.43,-11500000.0,8296681.0,49.610403941386515
87.44,-11500000.0,8296886.0,49.61040492923085
87.45,-11500000.0,8297090.0,49.61040592008064
87.46,-11500000.0,8297292.0,49.61040691367465
87.47,-11500000.0,8297492.0,49.61040790974523
87.48,-11500000.0,8297690.0,49.61040890802334
87.49,-11500000.0,8297886.0,49.610409908223126
87.5,-11500000.0,8298080.0,49.610410910069966
87.51,-11500000.0,8298272.0,49.61041191329888
87.52,-11500000.0,8298460.0,49.61041291762036
87.53,-11500000.0,8298648.0,49.610413922748506
87.54,-11500000.0,8298832.0,49.61041492840243
87.55,-11500000.0,8299014.0,49.61041593429104
87.56,-11500000.0,8299194.0,49.61041694011875
87.57,-11500000.0,8299371.0,49.61041794560942
87.58,-11500000.0,8299546.0,49.61041895048495
87.59,-11500000.0,8299718.0,49.61041995445292
87.6,-11500000.0,8299887.0,49.61042095723086
87.61,-11500000.0,8300054.0,49.61042195852839
87.62,-11500000.0,8300218.0,49.610422958053846
87.63,-11500000.0,8300378.0,49.61042395551651
87.64,-11500000.0,8300537.0,49.61042495063129
87.65,-11500000.0,8300692.0,49.610425943119495
87.66,-11500000.0,8300845.0,49.61042693269286
87.67,-11500000.0,8300994.0,49.61042791905889
87.68,-11500000.0,8301141.0,49.610428901925026
87.69,-11500000.0,8301284.0,49.61042988100194
87.7,-11500000.0,8301425.0,49.610430856006005
87.71,-11500000.0,8301562.0,49.6104318266613
87.72,-11500000.0,8301696.0,49.61043279268163
87.73,-11500000.0,8301828.0,49.61043375377731
87.74,-11500000.0,8301955.0,49.61043470965734
87.75,-11500000.0,8302080.0,49.61043566003432
87.76,-11500000.0,8302201.0,49.61043660464432
87.77,-11500000.0,8302319.0,49.610437543225544
87.78,-11500000.0,8302433.0,49.61043847548338
87.79,-11500000.0,8302544.0,49.610439401140184
87.8,-11500000.0,8302652.0,49.61044031993011
87.81,-11500000.0,8302756.0,49.61044123156502
87.82,-11500000.0,8302857.0,49.61044213577892
87.83,-11500000.0,8302954.0,49.61044303230509
87.84,-11500000.0,8303048.0,49.61044392086242
87.85,-11500000.0,8303138.0,49.61044480119793
87.86,-11500000.0,8303224.0,49.61044567304319
87.87,-11500000.0,8303307.0,49.61044653612431
87.88,-11500000.0,8303386.0,49.61044739018028
87.89,-11500000.0,8303462.0,49.610448234946155
87.9,-11500000.0,8303534.0,49.610449070173885
87.91,-11500000.0,8303602.0,49.610449895611524
87.92,-11500000.0,8303666.0,49.610450711007545
87.93,-11500000.0,8303726.0,49.61045151611125
87.94,-11500000.0,8303784.0,49.61045231067594
87.95,-11500000.0,8303836.0,49.61045309445854
87.96,-11500000.0,8303886.0,49.61045386720273
87.97,-11500000.0,8303931.0,49.61045462866283
87.98,-11500000.0,8303972.0,49.61045537860183
87.99,-11500000.0,8304010.0,49.610456116773285
88.0,-11500000.0,8304044.0,49.61045684292498
88.01,-11500000.0,8304074.0,49.61045755682101
88.02,-11500000.0,8304100.0,49.610458258238374
88.03,-11500000.0,8304122.0,49.61045894694781
88.04,-11500000.0,8304140.0,49.610459622716455
88.05,-11500000.0,8304154.0,49.610460285329225
88.06,-11500000.0,8304164.0,49.61046093456557
88.07,-11500000.0,8304170.0,49.61046157020467
88.08,-11500000.0,8304173.0,49.610462192043094
88.09,-11500000.0,8304172.0,49.610462799874206
88.1,-11500000.0,8304166.0,49.61046339348997
88.11,-11500000.0,8304156.0,49.61046397268205
88.12,-11500000.0,8304143.0,49.610464537242855
88.13,-11500000.0,8304126.0,49.610465086966265
88.14,-11500000.0,8304104.0,49.61046562164809
88.15,-11500000.0,8304078.0,49.61046614108647
88.16,-11500000.0,8304050.0,49.61046664510144
88.17,-11500000.0,8304016.0,49.61046713351011
88.18,-11500000.0,8303979.0,49.610467606130754
88.19,-11500000.0,8303938.0,49.610468062780136
88.2,-11500000.0,8303892.0,49.610468503277275
88.21,-11500000.0,8303844.0,49.61046892745972
88.22,-11500000.0,8303790.0,49.6104693351622
88.23,-11500000.0,8303734.0,49.610469726217346
88.24,-11500000.0,8303672.0,49.61047010045652
88.25,-11500000.0,8303608.0,49.61047045772944
88.26,-11500000.0,8303540.0,49.61047079789904
88.27,-11500000.0,8303467.0,49.61047112082076
88.28,-11500000.0,8303390.0,49.61047142634401
88.29,-11500000.0,8303310.0,49.61047171431348
88.3,-11500000.0,8303226.0,49.610471984589275
88.31,-11500000.0,8303138.0,49.61047223706133
88.32,-11500000.0,8303046.0,49.61047247160422
88.33,-11500000.0,8302951.0,49.610472688082865
88.34,-11500000.0,8302852.0,49.6104728863899
88.35,-11500000.0,8302749.0,49.61047306642005
88.36,-11500000.0,8302642.0,49.61047322807053
88.37,-11500000.0,8302532.0,49.61047337123842
88.38,-11500000.0,8302418.0,49.61047349582143
88.39,-11500000.0,8302300.0,49.61047360173489
88.4,-11500000.0,8302179.0,49.61047368888784
88.41,-11500000.0,8302054.0,49.61047375720423
88.42,-11500000.0,8301926.0,49.61047380661579
88.43,-11500000.0,8301794.0,49.61047383704298
88.44,-11500000.0,8301658.0,49.610473848413946
88.45,-11500000.0,8301520.0,49.61047384066186
88.46,-11500000.0,8301378.0,49.61047381374187
88.47,-11500000.0,8301232.0,49.61047376760425
88.48,-11500000.0,8301082.0,49.610473702196956
88.49,-11500000.0,8300930.0,49.61047361748096
88.5,-11500000.0,8300774.0,49.610473513427515
88.51,-11500000.0,8300616.0,49.61047339001273
88.52,-11500000.0,8300453.0,49.610473247197
88.53,-11500000.0,8300288.0,49.61047308494599
88.54,-11500000.0,8300119.0,49.61047290324549
88.55,-11500000.0,8299948.0,49.6104727020954
88.56,-11500000.0,8299773.0,49.61047248150469
88.57,-11500000.0,8299595.0,49.61047224146805
88.58,-11500000.0,8299414.0,49.61047198198767
88.59,-11500000.0,8299230.0,49.61047170306654
88.6,-11500000.0,8299044.0,49.610471404709024
88.61,-11500000.0,8298855.0,49.61047108695405
88.62,-11500000.0,8298662.0,49.61047074982683
88.63,-11500000.0,8298468.0,49.6104703933422
88.64,-11500000.0,8298270.0,49.61047001754007
88.65,-11500000.0,8298070.0,49.61046962247763
88.66,-11500000.0,8297867.0,49.61046920820374
88.67,-11500000.0,8297662.0,49.610468774759376
88.68,-11500000.0,8297454.0,49.610468322194464
88.69,-11500000.0,8297243.0,49.61046785056324
88.7,-11500000.0,8297030.0,49.610467359939776
88.71,-11500000.0,8296816.0,49.61046685040942
88.72,-11500000.0,8296598.0,49.61046632204546
88.73,-11500000.0,8296378.0,49.610465774927896
88.74,-11500000.0,8296156.0,49.6104652091374
88.75,-11500000.0,8295932.0,49.610464624753554
88.76,-11500000.0,8295706.0,49.61046402186963
88.77,-11500000.0,8295478.0,49.610463400586504
88.78,-11500000.0,8295249.0,49.610462761026916
88.79,-11500000.0,8295017.0,49.61046210330663
88.8,-11500000.0,8294784.0,49.61046142753523
88.81,-11500000.0,8294548.0,49.610460733849585
88.82,-11500000.0,8294312.0,49.61046002238517
88.83,-11500000.0,8294072.0,49.61045929325471
88.84,-11500000.0,8293832.0,49.61045854658793
88.85,-11500000.0,8293591.0,49.61045778254062
88.86,-11500000.0,8293348.0,49.6104570012674
88.87,-11500000.0,8293104.0,49.61045620291794
88.88,-11500000.0,8292858.0,49.61045538765335
88.89,-11500000.0,8292612.0,49.61045455565752
88.9,-11500000.0,8292364.0,49.61045370710887
88.91,-11500000.0,8292114.0,49.61045284217862
88.92,-11500000.0,8291864.0,49.61045196104598
88.93,-11500000.0,8291614.0,49.61045106389211
88.94,-11500000.0,8291362.0,49.610450150914694
88.95,-11500000.0,8291110.0,49.61044922231852
88.96,-11500000.0,8290856.0,49.61044827831089
88.97,-11500000.0,8290602.0,49.610447319095
88.98,-11500000.0,8290348.0,49.61044634488699
88.99,-11500000.0,8290094.0,49.61044535590556
89.0,-11500000.0,8289838.0,49.61044435236969
89.01,-11500000.0,8289583.0,49.6104433345101
89.02,-11500000.0,8289328.0,49.610442302563484
89.03,-11500000.0,8289072.0,49.610441256784185
89.04,-11500000.0,8288816.0,49.61044019743541
89.05,-11500000.0,8288560.0,49.61043912476303
89.06,-11500000.0,8288305.0,49.61043803901502
89.07,-11500000.0,8288050.0,49.61043694045231
89.08,-11500000.0,8287794.0,49.61043582934254
89.09,-11500000.0,8287540.0,49.61043470595205
89.1,-11500000.0,8287285.0,49.6104335705425
89.11,-11500000.0,8287032.0,49.61043242340393
89.12,-11500000.0,8286778.0,49.61043126482285
89.13,-11500000.0,8286526.0,49.610430095080815
89.14,-11500000.0,8286274.0,49.61042891446662
89.15,-11500000.0,8286022.0,49.61042772327118
89.16,-11500000.0,8285772.0,49.61042652178054
89.17,-11500000.0,8285523.0,49.610425310292634
89.18,-11500000.0,8285274.0,49.61042408910677
89.19,-11500000.0,8285028.0,49.61042285852131
89.2,-11500000.0,8284782.0,49.610421618845194
89.21,-11500000.0,8284536.0,49.610420370372935
89.22,-11500000.0,8284293.0,49.61041911340214
89.23,-11500000.0,8284051.0,49.610417848245824
89.24,-11500000.0,8283810.0,49.61041657522443
89.25,-11500000.0,8283572.0,49.61041529465939
89.26,-11500000.0,8283334.0,49.61041400684886
89.27,-11500000.0,8283098.0,49.6104127121081
89.28,-11500000.0,8282864.0,49.61041141075689
89.29,-11500000.0,8282631.0,49.610410103099134
89.3,-11500000.0,8282400.0,49.61040878945745
89.31,-11500000.0,8282172.0,49.610407470145525
89.32,-11500000.0,8281944.0,49.61040614546707
89.33,-11500000.0,8281720.0,49.610404815750975
89.34,-11500000.0,8281497.0,49.61040348132092
89.35,-11500000.0,8281276.0,49.61040214247601
89.36,-11500000.0,8281058.0,49.61040079952907
89.37,-11500000.0,8280841.0,49.610399452798426
89.38,-11500000.0,8280627.0,49.6103981026044
89.39,-11500000.0,8280415.0,49.61039674926355
89.4,-11500000.0,8280206.0,49.61039539308722
89.41,-11500000.0,8279998.0,49.61039403439689
89.42,-11500000.0,8279794.0,49.61039267349924
89.43,-11500000.0,8279592.0,49.61039131070654
89.44,-11500000.0,8279392.0,49.61038994634855
89.45,-11500000.0,8279194.0,49.61038858072834
89.46,-11500000.0,8279000.0,49.61038721414546
89.47,-11500000.0,8278808.0,49.61038584691009
89.48,-11500000.0,8278619.0,49.61038447933923
89.49,-11500000.0,8278432.0,49.610383111750814
89.5,-11500000.0,8278248.0,49.61038174444277
89.51,-11500000.0,8278068.0,49.61038037771374
89.52,-11500000.0,8277890.0,49.61037901187823
89.53,-11500000.0,8277714.0,49.610377647241236
89.54,-11500000.0,8277542.0,49.610376284099125
89.55,-11500000.0,8277372.0,49.610374922756925
89.56,-11500000.0,8277206.0,49.61037356352404
89.57,-11500000.0,8277042.0,49.61037220671097
89.58,-11500000.0,8276882.0,49.610370852626744
89.59,-11500000.0,8276724.0,49.610369501576926
89.6,-11500000.0,8276570.0,49.61036815386217
89.61,-11500000.0,8276418.0,49.6103668097771
89.62,-11500000.0,8276270.0,49.610365469609526
89.63,-11500000.0,8276124.0,49.61036413365926
89.64,-11500000.0,8275982.0,49.61036280223213
89.65,-11500000.0,8275844.0,49.61036147561891
89.66,-11500000.0,8275708.0,49.61036015411584
89.67,-11500000.0,8275576.0,49.61035883802031
89.68,-11500000.0,8275446.0,49.61035752761081
89.69,-11500000.0,8275320.0,49.61035622316865
89.7,-11500000.0,8275198.0,49.610354924993494
89.71,-11500000.0,8275078.0,49.6103536333785
89.72,-11500000.0,8274962.0,49.610352348611464
89.73,-11500000.0,8274849.0,49.610351070972854
89.74,-11500000.0,8274740.0,49.61034980073725
89.75,-11500000.0,8274634.0,49.61034853819098
89.76,-11500000.0,8274530.0,49.610347283608824
89.77,-11500000.0,8274432.0,49.61034603727567
89.78,-11500000.0,8274336.0,49.610344799480046
89.79,-11500000.0,8274242.0,49.610343570476104
89.8,-11500000.0,8274154.0,49.61034235052818
89.81,-11500000.0,8274068.0,49.610341139904364
89.82,-11500000.0,8273985.0,49.61033993885806
89.83,-11500000.0,8273906.0,49.6103387476476
89.84,-11500000.0,8273830.0,49.610337566534
89.85,-11500000.0,8273758.0,49.61033639577911
89.86,-11500000.0,8273690.0,49.61033523562489
89.87,-11500000.0,8273624.0,49.610334086317216
89.88,-11500000.0,8273562.0,49.610332948101075
89.89,-11500000.0,8273504.0,49.6103318212032
89.9,-11500000.0,8273449.0,49.61033070585278
89.91,-11500000.0,8273398.0,49.610329602280004
89.92,-11500000.0,8273350.0,49.61032851071486
89.93,-11500000.0,8273304.0,49.610327431366954
89.94,-11500000.0,8273264.0,49.61032636444968
89.95,-11500000.0,8273226.0,49.610325310175774
89.96,-11500000.0,8273191.0,49.61032426874023
89.97,-11500000.0,8273160.0,49.61032324034123
89.98,-11500000.0,8273132.0,49.610322225178834
89.99,-11500000.0,8273108.0,49.61032122345393
90.0,-11500000.0,8273088.0,49.6103202353481
90.0,-11500000.0,8273088.0,49.6103202353481
