t_rosco,torque_offset_nm,gen_tq_meas_nm,f_grid_hz
0.0,0.0,0.0,50.0
0.0,0.0,0.0,50.0
0.0,0.0,0.0,50.0
0.01,-0.0,19786770.0,50.00038926170256
0.02,-0.0,19786770.0,50.000808392159946
0.03,-0.0,19786770.0,50.00133225309409
0.04,-0.0,19786780.0,50.00193631593043
0.05,-0.0,19786780.0,50.00193631593043
0.06,-0.0,19786800.0,50.00331005314389
0.07,-0.0,19786810.0,50.00331005314389
0.08,-0.0,19786830.0,50.00481102911765
0.09,-0.0,19786860.0,50.005582350365216
0.1,-0.0,19786890.0,50.006356352640665
0.11,-0.0,19786930.0,50.00712607061894
0.12,-0.0,19786970.0,50.00788545990348
0.13,-0.0,19787020.0,50.00862926308501
0.14,-0.0,19787080.0,50.009352910658265
0.15,-0.0,19787140.0,50.01005244720464
0.16,-0.0,19787220.0,50.01072447582152
0.17,-0.0,19787300.0,50.01072447582152
0.18,-0.0,19787390.0,50.01197497602977
0.19,-0.0,19787490.0,50.01197497602977
0.2,-0.0,19787600.0,50.01254910355117
0.21,-0.0,19787720.0,50.01308699183029
0.22,-0.0,19787850.0,50.013587537786066
0.23,-0.0,19787990.0,50.01405003024529
0.24,-0.0,19788140.0,50.01447413154351
0.25,-0.0,19788310.0,50.014859859382476
0.26,-0.0,19788480.0,50.01520756856337
0.27,-0.0,19788670.0,50.01551793224426
0.28,-0.0,19788870.0,50.01579192245161
0.29,-0.0,19789090.0,50.016030789788125
0.3,-0.0,19789320.0,50.01623604251327
0.31,-0.0,19789560.0,50.01640942481348
0.32,-0.0,19789810.0,50.01655289417967
0.33,-0.0,19790080.0,50.016668598311206
0.34,-0.0,19790370.0,50.01675885149981
0.35,-0.0,19790670.0,50.01682611026542
0.36,-0.0,19790980.0,50.01687294898648
0.37,-0.0,19791310.0,50.0169020353198
0.38,-0.0,19791660.0,50.01691610549959
0.39,-0.0,19792020.0,50.016917939942765
0.4,-0.0,19792400.0,50.01691033915658
0.41,-0.0,19792790.0,50.01689609993697
0.42,-0.0,19793210.0,50.016877992304146
0.43,-0.0,19793640.0,50.01685873731228
0.44,-0.0,19794080.0,50.016840985508345
0.45,-0.0,19794550.0,50.016827296524745
0.46,-0.0,19795030.0,50.01682011987902
0.47,-0.0,19795530.0,50.016821776952455
0.48,-0.0,19796050.0,50.016834444418144
0.49,-0.0,19796580.0,50.01686013896283
0.5,-0.0,19797140.0,50.016900703689245
0.51,-0.0,19797710.0,50.01695779619627
0.52,-0.0,19798310.0,50.01703287829744
0.53,-0.0,19798920.0,50.01712720756697
0.54,-0.0,19799550.0,50.01724183054047
0.55,-0.0,19800210.0,50.01737757786924
0.56,-0.0,19800880.0,50.01753506140088
0.57,-0.0,19801570.0,50.01771467305131
0.58,-0.0,19802280.0,50.017916585548974
0.59,-0.0,19803010.0,50.018140755025776
0.6,-0.0,19803770.0,50.01838692541426
0.61,-0.0,19804540.0,50.01865463466928
0.62,-0.0,19805330.0,50.01894322256396
0.63,-0.0,19806150.0,50.01925184001613
0.64,-0.0,19806980.0,50.019579460055084
0.65,-0.0,19807840.0,50.01992489011724
0.66,-0.0,19808720.0,50.02028678540685
0.67,-0.0,19809620.0,50.02066366343666
0.68,-0.0,19810540.0,50.02105391946622
0.69,-0.0,19811480.0,50.0214558427056
0.7,-0.0,19812450.0,50.021867633153086
0.71,-0.0,19813430.0,50.022287418749166
0.72,-0.0,19814440.0,50.022713272682196
0.73,-0.0,19815470.0,50.02314323092128
0.74,-0.0,19816520.0,50.023575309507365
0.75,-0.0,19817590.0,50.02400752152059
0.76,-0.0,19818690.0,50.02443789382828
0.77,-0.0,19819800.0,50.0248644829888
0.78,-0.0,19820940.0,50.02528539056888
0.79,-0.0,19822100.0,50.02569877760096
0.8,-0.0,19823290.0,50.02610287814877
0.81,-0.0,19824490.0,50.026496011829245
0.82,-0.0,19825720.0,50.026876595290034
0.83,-0.0,19826970.0,50.02724315259807
0.84,-0.0,19828240.0,50.02759432431721
0.85,-0.0,19829540.0,50.02792887555738
0.86,-0.0,19830850.0,50.028245702643005
0.87,-0.0,19832190.0,50.028543838624316
0.88,-0.0,19833550.0,50.028822457812915
0.89,-0.0,19834940.0,50.0290808789536
0.9,-0.0,19836340.0,50.029318567194835
0.91,-0.0,19837770.0,50.02953513502854
0.92,-0.0,19839220.0,50.02973034222076
0.93,-0.0,19840690.0,50.02990409451883
0.94,-0.0,19842190.0,50.03005644147396
0.95,-0.0,19843710.0,50.03018757333746
0.96,-0.0,19845250.0,50.03029781681379
0.97,-0.0,19846810.0,50.03038763019556
0.98,-0.0,19848390.0,50.03045759768756
0.99,-0.0,19850000.0,50.03050842261902
1.0,-0.0,19851630.0,50.03054092004453
1.01,-0.0,19853280.0,50.030556008788075
1.02,-0.0,19854950.0,50.030554702754294
1.03,-0.0,19856650.0,50.03053810173037
1.04,-0.0,19858360.0,50.03050738148851
1.05,-0.0,19860100.0,50.03046378347936
1.06,-0.0,19861860.0,50.030408604284496
1.07,-0.0,19863640.0,50.03034318467694
1.08,-0.0,19865450.0,50.03026889846483
1.09,-0.0,19867270.0,50.03018714120746
1.1,-0.0,19869120.0,50.030099318822586
1.11,-0.0,19870990.0,50.03000683643457
1.12,-0.0,19872880.0,50.029911087265056
1.13,-0.0,19874790.0,50.02981344174909
1.14,-0.0,19876720.0,50.02971523708416
1.15,-0.0,19878680.0,50.029617767254855
1.16,-0.0,19880650.0,50.02952227366914
1.17,-0.0,19882650.0,50.02942993627584
1.18,-0.0,19884670.0,50.02934186550685
1.19,-0.0,19886700.0,50.029259094990465
1.2,-0.0,19888760.0,50.02918257512956
1.21,-0.0,19890840.0,50.029113167558315
1.22,-0.0,19892940.0,50.029051640471366
1.23,-0.0,19895070.0,50.028998665064385
1.24,-0.0,19897210.0,50.02895481283189
1.25,-0.0,19899370.0,50.02892055376649
1.26,-0.0,19901550.0,50.028896255659795
1.27,-0.0,19903760.0,50.02888218413938
1.28,-0.0,19905980.0,50.028878503702245
1.29,-0.0,19908220.0,50.02888527954249
1.3,-0.0,19910490.0,50.02890248018789
1.31,-0.0,19912770.0,50.028929980818134
1.32,-0.0,19915070.0,50.02896756726884
1.33,-0.0,19917390.0,50.029014940586194
1.34,-0.0,19919740.0,50.02907172205675
1.35,-0.0,19922100.0,50.02913745882673
1.36,-0.0,19924480.0,50.0292116297392
1.37,-0.0,19926880.0,50.029293651588645
1.38,-0.0,19929300.0,50.02938288560881
1.39,-0.0,19931730.0,50.02947864417017
1.4,-0.0,19934190.0,50.02958019759938
1.41,-0.0,19936670.0,50.029686781104296
1.42,-0.0,19939160.0,50.029797601723956
1.43,-0.0,19941670.0,50.02991184521982
1.44,-0.0,19944200.0,50.03002868308432
1.45,-0.0,19946750.0,50.03014727929217
1.46,-0.0,19949320.0,50.03026679705711
1.47,-0.0,19951900.0,50.030386405404755
1.48,-0.0,19954510.0,50.03050528559769
1.49,-0.0,19957130.0,50.03062263731365
1.5,-0.0,19959770.0,50.030737684537684
1.51,-0.0,19962420.0,50.030849681244085
1.52,-0.0,19965090.0,50.03095791685676
1.53,-0.0,19967780.0,50.031061721248435
1.54,-0.0,19970490.0,50.03116046925179
1.55,-0.0,19973210.0,50.03125358500684
1.56,-0.0,19975950.0,50.03134054576318
1.57,-0.0,19978710.0,50.03142088515576
1.58,-0.0,19981480.0,50.03149419614328
1.59,-0.0,19984270.0,50.03156013324727
1.6,-0.0,19987080.0,50.03161841436875
1.61,-0.0,19989900.0,50.03166882208638
1.62,-0.0,19992740.0,50.03171120416865
1.63,-0.0,19995590.0,50.03174547369993
1.64,-0.0,19998460.0,50.03177160868735
1.65,-0.0,20001340.0,50.03178965101789
1.66,-0.0,20004240.0,50.031799704794864
1.67,-0.0,20007150.0,50.03180193417496
1.68,-0.0,20010080.0,50.031796560863114
1.69,-0.0,20013020.0,50.03178386103907
1.7,-0.0,20015980.0,50.031764161879124
1.71,-0.0,20018950.0,50.03173783760991
1.72,-0.0,20021930.0,50.03170530535132
1.73,-0.0,20024930.0,50.03166702064641
1.74,-0.0,20027950.0,50.03162347280116
1.75,-0.0,20030970.0,50.031575180022344
1.76,-0.0,20034010.0,50.03152268440152
1.77,-0.0,20037060.0,50.03146654690609
1.78,-0.0,20040130.0,50.031407342375935
1.79,-0.0,20043210.0,50.031345654541816
1.8,-0.0,20046300.0,50.031282071070706
1.81,-0.0,20049400.0,50.03121717889496
1.82,-0.0,20052520.0,50.03115155960089
1.83,-0.0,20055650.0,50.03108578495629
1.84,-0.0,20058790.0,50.03102041274445
1.85,-0.0,20061940.0,50.030955982766066
1.86,-0.0,20065100.0,50.03089301327706
1.87,-0.0,20068270.0,50.03083199758321
1.88,-0.0,20071460.0,50.030773400884364
1.89,-0.0,20074660.0,50.030717657482384
1.9,-0.0,20077860.0,50.030665168230925
1.91,-0.0,20081080.0,50.03061629844668
1.92,-0.0,20084310.0,50.03057137602405
1.93,-0.0,20087550.0,50.03053068980161
1.94,-0.0,20090790.0,50.03049448832123
1.95,-0.0,20094050.0,50.03046297896603
1.96,-0.0,20097320.0,50.0304363271551
1.97,-0.0,20100600.0,50.03041465606282
1.98,-0.0,20103880.0,50.03039804665952
1.99,-0.0,20107180.0,50.03038653792663
2.0,-0.0,20110480.0,50.03038012743735
2.01,-0.0,20113800.0,50.03037877217076
2.02,-0.0,20117120.0,50.03038238976936
2.03,-0.0,20120450.0,50.03039085997273
2.04,-0.0,20123790.0,50.030404026266126
2.05,-0.0,20127130.0,50.03042169787155
2.06,-0.0,20130480.0,50.0304436519062
2.07,-0.0,20133850.0,50.03049924537658
2.08,-0.0,20137210.0,50.03053209309375
2.09,-0.0,20140590.0,50.030567902500486
2.1,-0.0,20143970.0,50.03060636738231
2.11,-0.0,20147360.0,50.030647159002065
2.12,-0.0,20150760.0,50.03068993165245
2.13,-0.0,20154160.0,50.03073432739733
2.14,-0.0,20157570.0,50.030779980450504
2.15,-0.0,20160980.0,50.03082652123475
2.16,-0.0,20164400.0,50.03087358025231
2.17,-0.0,20167830.0,50.030920791544176
2.18,-0.0,20171260.0,50.03096779596512
2.19,-0.0,20174700.0,50.03101424429286
2.2,-0.0,20178140.0,50.03105980011382
2.21,-0.0,20181590.0,50.031104142520974
2.22,-0.0,20185040.0,50.031146968329175
2.23,-0.0,20188500.0,50.031187994308915
2.24,-0.0,20191960.0,50.031226959019605
2.25,-0.0,20195420.0,50.03126362428014
2.26,-0.0,20198890.0,50.031297776670726
2.27,-0.0,20202360.0,50.031329228508056
2.28,-0.0,20205840.0,50.03135781868148
2.29,-0.0,20209320.0,50.03138341320202
2.3,-0.0,20212800.0,50.031405905467544
2.31,-0.0,20216290.0,50.0314252163613
2.32,-0.0,20219780.0,50.0314412941433
2.33,-0.0,20223270.0,50.03145411411568
2.34,-0.0,20226770.0,50.031463678110285
2.35,-0.0,20230260.0,50.031470013704784
2.36,-0.0,20233770.0,50.03147317346199
2.37,-0.0,20237270.0,50.031473233879865
2.38,-0.0,20240770.0,50.031470294104594
2.39,-0.0,20244280.0,50.03146447473825
2.4,-0.0,20247790.0,50.03145591643988
2.41,-0.0,20251290.0,50.03144477834609
2.42,-0.0,20254810.0,50.031431236568395
2.43,-0.0,20258320.0,50.03141548248483
2.44,-0.0,20261830.0,50.03139772084286
2.45,-0.0,20265340.0,50.031378168035154
2.46,-0.0,20268860.0,50.03135705028755
2.47,-0.0,20272370.0,50.03133460157133
2.48,-0.0,20275890.0,50.03131106168334
2.49,-0.0,20279410.0,50.031286674339036
2.5,-0.0,20282920.0,50.0312616851147
2.51,-0.0,20286440.0,50.0312363394787
2.52,-0.0,20289950.0,50.03121088084017
2.53,-0.0,20293470.0,50.03118554863168
2.54,-0.0,20296990.0,50.03116057644251
2.55,-0.0,20300500.0,50.03113619021945
2.56,-0.0,20304020.0,50.03111260647795
2.57,-0.0,20307530.0,50.03109003071239
2.58,-0.0,20311040.0,50.0310686559018
2.59,-0.0,20314550.0,50.03104866116027
2.6,-0.0,20318060.0,50.03103021051321
2.61,-0.0,20321570.0,50.031013451770875
2.62,-0.0,20325080.0,50.03099851572203
2.63,-0.0,20328590.0,50.03098551539734
2.64,-0.0,20332090.0,50.03097454545471
2.65,-0.0,20335590.0,50.03096568190117
2.66,-0.0,20339090.0,50.030958981819786
2.67,-0.0,20342590.0,50.030954483317416
2.68,-0.0,20346090.0,50.030952205781354
2.69,-0.0,20349580.0,50.0309521502877
2.7,-0.0,20353070.0,50.03095429992068
2.71,-0.0,20356560.0,50.03095862045473
2.72,-0.0,20360050.0,50.030965061187196
2.73,-0.0,20363530.0,50.03097355576433
2.74,-0.0,20367020.0,50.03098402325211
2.75,-0.0,20370490.0,50.03099636913787
2.76,-0.0,20373970.0,50.031010486506574
2.77,-0.0,20377440.0,50.03102625725702
2.78,-0.0,20380910.0,50.03104355330432
2.79,-0.0,20384380.0,50.031062237967696
2.8,-0.0,20387840.0,50.03108216727389
2.81,-0.0,20391300.0,50.03110319128542
2.82,-0.0,20394750.0,50.03112515533608
2.83,-0.0,20398200.0,50.0311479013689
2.84,-0.0,20401650.0,50.0311712692904
2.85,-0.0,20405100.0,50.0311950981563
2.86,-0.0,20408540.0,50.03121922740801
2.87,-0.0,20411970.0,50.03124349806794
2.88,-0.0,20415400.0,50.031267753889885
2.89,-0.0,20418830.0,50.03129184246134
2.9,-0.0,20422260.0,50.031315616253934
2.91,-0.0,20425680.0,50.03133893361886
2.92,-0.0,20429090.0,50.031361659723785
2.93,-0.0,20432500.0,50.03138366735417
2.94,-0.0,20435910.0,50.03140483774674
2.95,-0.0,20439310.0,50.03142506140561
2.96,-0.0,20442710.0,50.03144423868691
2.97,-0.0,20446100.0,50.03146228040515
2.98,-0.0,20449490.0,50.031479108410814
2.99,-0.0,20452870.0,50.03149465599758
3.0,-0.0,20456250.0,50.03150886814799
3.01,-0.0,20459620.0,50.031521701710844
3.02,-0.0,20462990.0,50.03153312563191
3.03,-0.0,20466350.0,50.03154312105408
3.04,-0.0,20469710.0,50.031551681161666
3.05,-0.0,20473060.0,50.031558810951296
3.06,-0.0,20476410.0,50.031564527054826
3.07,-0.0,20479750.0,50.03156885736042
3.08,-0.0,20483090.0,50.03157184055607
3.09,-0.0,20486420.0,50.031573525566465
3.1,-0.0,20489750.0,50.03157397084955
3.11,-0.0,20493070.0,50.03157324377092
3.12,-0.0,20496390.0,50.03157141980861
3.13,-0.0,20499700.0,50.03156858164449
3.14,-0.0,20503000.0,50.03156481836268
3.15,-0.0,20506300.0,50.031560224509754
3.16,-0.0,20509600.0,50.03155489907434
3.17,-0.0,20512880.0,50.03154894453413
3.18,-0.0,20516170.0,50.03154246596928
3.19,-0.0,20519440.0,50.03153557001008
3.2,-0.0,20522720.0,50.03152836391877
3.21,-0.0,20525980.0,50.03152095473561
3.22,-0.0,20529240.0,50.03151344839384
3.23,-0.0,20532500.0,50.03150594879069
3.24,-0.0,20535750.0,50.03149855702301
3.25,-0.0,20538990.0,50.031491370713574
3.26,-0.0,20542230.0,50.031484483256115
3.27,-0.0,20545460.0,50.03147798320434
3.28,-0.0,20548690.0,50.031471953794124
3.29,-0.0,20551910.0,50.03146647235669
3.3,-0.0,20555130.0,50.031461609911865
3.31,-0.0,20558340.0,50.031457430861636
3.32,-0.0,20561540.0,50.031453992606146
3.33,-0.0,20564740.0,50.03145134530348
3.34,-0.0,20567930.0,50.03144953168531
3.35,-0.0,20571120.0,50.03144858700011
3.36,-0.0,20574300.0,50.03144853883954
3.37,-0.0,20577470.0,50.031449407134446
3.38,-0.0,20580640.0,50.03145120423971
3.39,-0.0,20583810.0,50.031453934930056
3.4,-0.0,20586970.0,50.03145759652804
3.41,-0.0,20590120.0,50.03146217914962
3.42,-0.0,20593270.0,50.03146766589738
3.43,-0.0,20596410.0,50.031474032972646
3.44,-0.0,20599540.0,50.031481250084155
3.45,-0.0,20602680.0,50.03148928092437
3.46,-0.0,20605800.0,50.03149808337999
3.47,-0.0,20608920.0,50.031507609983684
3.48,-0.0,20612030.0,50.03151780843987
3.49,-0.0,20615140.0,50.0315286220459
3.5,-0.0,20618250.0,50.031539990300764
3.51,-0.0,20621340.0,50.031551849368974
3.52,-0.0,20624430.0,50.03156413268357
3.53,-0.0,20627520.0,50.031576771677265
3.54,-0.0,20630600.0,50.03158969621796
3.55,-0.0,20633680.0,50.03160283525235
3.56,-0.0,20636750.0,50.03161611755874
3.57,-0.0,20639820.0,50.03162947225821
3.58,-0.0,20642880.0,50.03164282934447
3.59,-0.0,20645930.0,50.03165612027587
3.6,-0.0,20648980.0,50.031669278611226
3.61,-0.0,20652030.0,50.031682240588204
3.62,-0.0,20655060.0,50.03169494544248
3.63,-0.0,20658100.0,50.03170733595792
3.64,-0.0,20661130.0,50.031719358837734
3.65,-0.0,20664150.0,50.03173096507783
3.66,-0.0,20667170.0,50.03174211031383
3.67,-0.0,20670190.0,50.03175275492371
3.68,-0.0,20673200.0,50.03176286431531
3.69,-0.0,20676200.0,50.03177240913168
3.7,-0.0,20679200.0,50.03178136525238
3.71,-0.0,20682200.0,50.03178971384592
3.72,-0.0,20685190.0,50.03179744135681
3.73,-0.0,20688180.0,50.03180453946317
3.74,-0.0,20691160.0,50.03181100504809
3.75,-0.0,20694140.0,50.03181684005193
3.76,-0.0,20697110.0,50.031822051221354
3.77,-0.0,20700080.0,50.03182664999877
3.78,-0.0,20703040.0,50.03183065226923
3.79,-0.0,20706000.0,50.031834078046266
3.8,-0.0,20708960.0,50.03183695120288
3.81,-0.0,20711910.0,50.03183929927102
3.82,-0.0,20714850.0,50.031841153111564
3.83,-0.0,20717800.0,50.03184254660762
3.84,-0.0,20720740.0,50.03184351631709
3.85,-0.0,20723670.0,50.03184410115091
3.86,-0.0,20726600.0,50.0318443420133
3.87,-0.0,20729530.0,50.03184428147029
3.88,-0.0,20732450.0,50.031843963382805
3.89,-0.0,20735370.0,50.0318434325704
3.9,-0.0,20738290.0,50.031842734514484
3.91,-0.0,20741200.0,50.031841914926076
3.92,-0.0,20744110.0,50.03184101940025
3.93,-0.0,20747010.0,50.031840093145554
3.94,-0.0,20749910.0,50.03183918054982
3.95,-0.0,20752810.0,50.03183832487025
3.96,-0.0,20755710.0,50.03183756804391
3.97,-0.0,20758600.0,50.0318369502054
3.98,-0.0,20761490.0,50.03183650941991
3.99,-0.0,20764370.0,50.03183628154313
4.0,-0.0,20767250.0,50.03183629986726
4.01,-0.0,20770130.0,50.03183659482192
4.02,-0.0,20773010.0,50.0318371938535
4.03,-0.0,20775880.0,50.03183812123273
4.04,-0.0,20778750.0,50.031839397911135
4.05,-0.0,20781620.0,50.03184104146631
4.06,-0.0,20784480.0,50.03184306592943
4.07,-0.0,20787340.0,50.03184548174811
4.08,-0.0,20790200.0,50.03184829583856
4.09,-0.0,20793060.0,50.031851511519754
4.1,-0.0,20795910.0,50.03185512858143
4.11,-0.0,20798770.0,50.03185914343867
4.12,-0.0,20801620.0,50.03186354923653
4.13,-0.0,20804460.0,50.03186833598663
4.14,-0.0,20807310.0,50.03187349065996
4.15,-0.0,20810150.0,50.03187899747249
4.16,-0.0,20812990.0,50.0318848380753
4.17,-0.0,20815830.0,50.03189099172415
4.18,-0.0,20818670.0,50.03189743567103
4.19,-0.0,20821500.0,50.03190414531473
4.2,-0.0,20824340.0,50.031911094476264
4.21,-0.0,20827170.0,50.031918255717
4.22,-0.0,20830000.0,50.0319256005219
4.23,-0.0,20832830.0,50.031933099564355
4.24,-0.0,20835650.0,50.03194072296537
4.25,-0.0,20838480.0,50.03194844054521
4.26,-0.0,20841300.0,50.03195622213844
4.27,-0.0,20844120.0,50.031964037803014
4.28,-0.0,20846940.0,50.03197185803874
4.29,-0.0,20849760.0,50.031979653908756
4.3,-0.0,20852580.0,50.03198739726297
4.31,-0.0,20855400.0,50.031995061057714
4.32,-0.0,20858210.0,50.032002619429946
4.33,-0.0,20861030.0,50.03201004778989
4.34,-0.0,20863840.0,50.03201732305307
4.35,-0.0,20866650.0,50.03202442376019
4.36,-0.0,20869470.0,50.032031330202386
4.37,-0.0,20872280.0,50.032038024518265
4.38,-0.0,20875090.0,50.0320444907952
4.39,-0.0,20877900.0,50.03205071521296
4.4,-0.0,20880700.0,50.03205668602273
4.41,-0.0,20883510.0,50.03206239354011
4.42,-0.0,20886320.0,50.03206783034527
4.43,-0.0,20889120.0,50.032072991271384
4.44,-0.0,20891930.0,50.03207787327095
4.45,-0.0,20894730.0,50.032082475499884
4.46,-0.0,20897540.0,50.03208679935464
4.47,-0.0,20900340.0,50.032090848341205
4.48,-0.0,20903140.0,50.03209462802678
4.49,-0.0,20905940.0,50.032098146028446
4.5,-0.0,20908740.0,50.03210141190466
4.51,-0.0,20911540.0,50.03210443696261
4.52,-0.0,20914340.0,50.03210723414827
4.53,-0.0,20917140.0,50.03210981790369
4.54,-0.0,20919940.0,50.03211220402658
4.55,-0.0,20922740.0,50.03211440957327
4.56,-0.0,20925540.0,50.032116452672646
4.57,-0.0,20928330.0,50.03211835226507
4.58,-0.0,20931130.0,50.03212012793444
4.59,-0.0,20933920.0,50.03212179971921
4.6,-0.0,20936720.0,50.03212338800951
4.61,-0.0,20939510.0,50.032124913333675
4.62,-0.0,20942300.0,50.032126396041576
4.63,-0.0,20945100.0,50.03212785622685
4.64,-0.0,20947890.0,50.03212931362667
4.65,-0.0,20950680.0,50.03213078745182
4.66,-0.0,20953470.0,50.03213229616035
4.67,-0.0,20956260.0,50.0321338573413
4.68,-0.0,20959050.0,50.03213548759328
4.69,-0.0,20961840.0,50.03213720243126
4.7,-0.0,20964620.0,50.03213901619041
4.71,-0.0,20967410.0,50.03214094195938
4.72,-0.0,20970190.0,50.0321429915823
4.73,-0.0,20972980.0,50.03214517545156
4.74,-0.0,20975760.0,50.03214750257972
4.75,-0.0,20978540.0,50.032149980621675
4.76,-0.0,20981320.0,50.03215261571876
4.77,-0.0,20984100.0,50.032155412587976
4.78,-0.0,20986880.0,50.03215837452012
4.79,-0.0,20989660.0,50.032161503403984
4.8,-0.0,20992430.0,50.03216479974309
4.81,-0.0,20995210.0,50.032168262625106
4.82,-0.0,20997980.0,50.03217188977784
4.83,-0.0,21000750.0,50.03217567769933
4.84,-0.0,21003520.0,50.03217962169661
4.85,-0.0,21006290.0,50.03218371587741
4.86,-0.0,21009060.0,50.03218795329961
4.87,-0.0,21011820.0,50.032192325956736
4.88,-0.0,21014590.0,50.0321968248821
4.89,-0.0,21017350.0,50.03220144022348
4.9,-0.0,21020110.0,50.03220616135312
4.91,-0.0,21022860.0,50.03221097702063
4.92,-0.0,21025620.0,50.03221587537505
4.93,-0.0,21028370.0,50.03222084400224
4.94,-0.0,21031120.0,50.03222587013022
4.95,-0.0,21033870.0,50.03223094072089
4.96,-0.0,21036620.0,50.03223604259662
4.97,-0.0,21039360.0,50.032241162535975
4.98,-0.0,21042110.0,50.03224628733041
4.99,-0.0,21044840.0,50.03225140390304
5.0,-145.91106446535247,21047580.0,50.03225649943729
5.01,-582.9002062098577,21050170.0,50.032261556354264
5.02,-1309.8465448332458,21052460.0,50.032266543745976
5.03,-2325.6209411007094,21054460.0,50.03227141608584
5.04,-3629.082817198836,21056170.0,50.03227611681801
5.05,-5219.0759303895,21057590.0,50.03228058121275
5.06,-7094.423250631238,21058720.0,50.03228473875445
5.07,-9253.92118232087,21059560.0,50.03228851486363
5.08,-11696.333410017247,21060110.0,50.032291832333854
5.09,-14420.384665396334,21060380.0,50.032294612659456
5.1,-17424.7546926,21060360.0,50.032296777145014
5.11,-20708.07263461024,21060060.0,50.03229824769747
5.12,-24268.9120455246,21059470.0,50.032298947594136
5.13,-28105.78672112561,21058600.0,50.03229880225653
5.14,-32217.1474244046,21057460.0,50.03229773969136
5.15,-36601.379605645794,21056030.0,50.03229569095849
5.16,-41256.80220271816,21054330.0,50.03229259068359
5.17,-46181.667502186065,21052350.0,50.03228837733854
5.18,-51374.162044976925,21050100.0,50.032282993477075
5.19,-56832.40856745768,21047570.0,50.03227638598262
5.2,-62554.46892611227,21044780.0,50.03226850625187
5.21,-68538.34789124153,21041720.0,50.03225931024949
5.22,-74781.99776559202,21038390.0,50.0322487586052
5.23,-81283.32376576998,21034790.0,50.03223681671373
5.24,-88040.19001967339,21030940.0,50.032223454708756
5.25,-95050.42600410392,21026820.0,50.03220864732736
5.26,-102311.83336577991,21022440.0,50.03219237383264
5.27,-109822.19299464593,21017810.0,50.032174617882454
5.28,-117579.2723042968,21012920.0,50.032155367451224
5.29,-125580.83250787586,21007780.0,50.03213461461053
5.3,-133824.63572413026,21002390.0,50.03211235524721
5.31,-142308.45194310098,20996750.0,50.032088588893544
5.32,-151030.0656615443,20990870.0,50.032063318454576
5.33,-159987.28208569533,20984740.0,50.03203654991961
5.34,-169177.93281671355,20978370.0,50.03200829205914
5.35,-178599.8809218643,20971760.0,50.031978556109856
5.36,-188251.02533451252,20964910.0,50.03194735545006
5.37,-198129.3046180066,20957830.0,50.031914705338664
5.38,-208232.6997887451,20950510.0,50.03188062248442
5.39,-218559.23619515027,20942960.0,50.03184512465695
5.4,-229106.9848193568,20935190.0,50.03180823050175
5.41,-239874.06250478278,20927180.0,50.03176995910989
5.42,-250858.63103345587,20918940.0,50.031730329567715
5.43,-262058.8956952206,20910480.0,50.03168936081357
5.44,-273473.1027832296,20901800.0,50.031647071237295
5.45,-285099.53616631456,20892900.0,50.03160347835197
5.46,-296936.5132716743,20883770.0,50.03155859859645
5.47,-308982.3799916856,20874430.0,50.03151244694667
5.48,-321235.5050330131,20864870.0,50.03146503672009
5.49,-333694.2739256176,20855090.0,50.031416379449354
5.5,-346357.08212170564,20845100.0,50.03136648455381
5.51,-359222.3276134885,20834900.0,50.03131535915435
5.52,-372288.4033619676,20824490.0,50.031263007968555
5.53,-385553.68962655606,20813870.0,50.03120943323878
5.54,-399016.54603003565,20803030.0,50.031154634594145
5.55,-412675.3035514864,20792000.0,50.03109860897451
5.56,-426528.2567791516,20780750.0,50.03104135063657
5.57,-440573.6565356104,20769310.0,50.03098285119319
5.58,-454809.7026460693,20757660.0,50.030923099585536
5.59,-469234.53733098897,20745810.0,50.0308620821859
5.6,-483846.2392142824,20733760.0,50.030799782884884
5.61,-498642.81777616346,20721520.0,50.03073618315702
5.62,-513622.20865035045,20709080.0,50.03067126220605
5.63,-528782.2695180541,20696440.0,50.03060499706773
5.64,-544120.7773444153,20683620.0,50.030537362874625
5.65,-559635.4265197084,20670600.0,50.030468333034584
5.66,-575323.8279994209,20657400.0,50.03039787943771
5.67,-591183.5093988214,20644020.0,50.03032597265783
5.68,-607211.9164793846,20630450.0,50.030252582249325
5.69,-623406.4154811963,20616700.0,50.0301776769407
5.7,-639764.2964255497,20602780.0,50.03010122486881
5.71,-656282.7776362317,20588680.0,50.03002319385812
5.72,-672959.0107171463,20574410.0,50.029943551569986
5.73,-689790.0872120674,20559960.0,50.02986226587668
5.74,-706773.0466931002,20545360.0,50.029779305185826
5.75,-723904.8851440897,20530580.0,50.02969463861267
5.76,-741182.5637958207,20515650.0,50.02960823616025
5.77,-758603.0183507114,20500560.0,50.02952006890209
5.78,-776163.169549748,20485310.0,50.02943010930411
5.79,-793859.9346596661,20469910.0,50.0293383314951
5.8,-811690.2387517752,20454360.0,50.02924471138108
5.81,-829651.0258543547,20438660.0,50.029149226764005
5.82,-847739.2709734193,20422820.0,50.029051857599505
5.83,-865951.9920944365,20406840.0,50.028952586131034
5.84,-884286.2616466414,20390720.0,50.02885139696082
5.85,-902739.2184826329,20374460.0,50.02874827724418
5.86,-921308.0789251166,20358080.0,50.02864321670516
5.87,-939990.147058516,20341560.0,50.02853620766645
5.88,-958782.8254257635,20324910.0,50.028427245198216
5.89,-977683.6238322644,20308140.0,50.028316327014686
5.9,-996690.1681165629,20291250.0,50.02820345354755
5.91,-1015800.2081853796,20274240.0,50.02808862795271
5.92,-1035011.6243525406,20257100.0,50.027971855991424
5.93,-1054322.433226552,20239860.0,50.02785314603771
5.94,-1073730.7924296258,20222490.0,50.02773250899454
5.95,-1093235.003393809,20205020.0,50.02760995813092
5.96,-1112833.512633262,20187430.0,50.02748550893234
5.97,-1132524.9122677075,20169730.0,50.0273591790154
5.98,-1152307.94035537,20151930.0,50.027230988096406
5.99,-1172181.4785538656,20134010.0,50.027100957711056
6.0,-1192144.5479062058,20115990.0,50.02696911098909
6.01,-1212196.3042672726,20097870.0,50.02683547255422
6.02,-1232336.0318611492,20079640.0,50.026700068279204
6.03,-1252563.1360297997,20061300.0,50.026562925128395
6.04,-1272877.1360854933,20042860.0,50.02642407106015
6.05,-1293277.6554036492,20024320.0,50.0262835347012
6.06,-1313764.4099311398,20005670.0,50.026141345080276
6.07,-1334337.1976717303,19986920.0,50.02599753157685
6.08,-1354995.8870956837,19968070.0,50.025852123705064
6.09,-1375740.404132156,19949110.0,50.02570515085918
6.1,-1396570.7198289686,19930050.0,50.025556642221446
6.11,-1417486.8366882477,19910880.0,50.025406626514894
6.12,-1438488.7753170982,19891610.0,50.02525513187959
6.13,-1459576.5621020882,19872240.0,50.02510218579719
6.14,-1480750.215999797,19852770.0,50.02494781489292
6.15,-1502009.7358689988,19833190.0,50.024792044830505
6.16,-1523355.0873641935,19813500.0,50.02463490014668
6.17,-1544786.1919467435,19793710.0,50.024476404260874
6.18,-1566302.9162134035,19773820.0,50.024316579382585
6.19,-1587905.061192029,19753820.0,50.02415544639279
6.2,-1609592.3525719661,19733720.0,50.02399302480009
6.21,-1631364.4332414095,19713510.0,50.02382933279118
6.22,-1653220.856258278,19693200.0,50.023664387180844
6.23,-1675161.0778588366,19672780.0,50.02349820333686
6.24,-1697184.4536710111,19652260.0,50.02333079532026
6.25,-1719290.236505719,19631640.0,50.023162175931844
6.26,-1741477.5731173316,19610920.0,50.02299235662655
6.27,-1763745.5020166389,19590090.0,50.02282134753898
6.28,-1786092.9543603247,19569170.0,50.02264915764496
6.29,-1808518.7560555749,19548140.0,50.02247579483129
6.3,-1831021.6309194812,19527020.0,50.022301265975244
6.31,-1853600.2048354347,19505800.0,50.02212557701796
6.32,-1876253.0107575199,19484480.0,50.02194873304819
6.33,-1898978.494453773,19463060.0,50.021770738380425
6.34,-1921775.0223158163,19441560.0,50.02159159671358
6.35,-1944640.8903023384,19419960.0,50.021411311260586
6.36,-1967574.3315658367,19398270.0,50.021229884742915
6.37,-1990573.527124532,19376490.0,50.021047319619626
6.38,-2013636.615581327,19354630.0,50.02086361812225
6.39,-2036761.70292584,19332680.0,50.020678782337534
6.4,-2059946.8743820556,19310640.0,50.02049281439709
6.41,-2083190.2067148895,19288530.0,50.02030571659204
6.42,-2106489.7788963728,19266330.0,50.02011749139549
6.43,-2129843.6821894073,19244060.0,50.0199281415176
6.44,-2153250.033451537,19221710.0,50.01973767015318
6.45,-2176706.9862113455,19199290.0,50.01954608097415
6.46,-2200212.740235632,19176790.0,50.019353378157724
6.47,-2223765.551297835,19154220.0,50.019159566467806
6.48,-2247363.739364731,19131590.0,50.018964651269336
6.49,-2271005.698552295,19108880.0,50.018768638680086
6.5,-2294689.906285178,19086110.0,50.0185715356145
6.51,-2318414.9286762075,19063280.0,50.01837334969442
6.52,-2342179.424958327,19040380.0,50.018174089252355
6.53,-2365982.153874171,19017420.0,50.01797376346686
6.54,-2389821.9777895533,18994390.0,50.01777238231635
6.55,-2413697.862134265,18971310.0,50.017569956420715
6.56,-2437608.8781635524,18948170.0,50.01736649718907
6.57,-2461554.2036145986,18924970.0,50.01716201676426
6.58,-2485533.120946766,18901710.0,50.01695652793733
6.59,-2509545.0149180023,18878400.0,50.01675004411611
6.6,-2533589.36818945,18855030.0,50.01654257924121
6.61,-2557665.7586724283,18831610.0,50.01633414783805
6.62,-2581773.8525714134,18808120.0,50.01612476483436
6.63,-2605913.396898794,18784590.0,50.01591444550032
6.64,-2630084.2144099083,18761000.0,50.01570320550315
6.65,-2654286.1948873354,18737350.0,50.01549106073996
6.66,-2678519.284353147,18713650.0,50.01527802720482
6.67,-2702783.4783722246,18689900.0,50.01506412107892
6.68,-2727078.8137451527,18666090.0,50.01484935863304
6.69,-2751405.3563319165,18642220.0,50.01463375602946
6.7,-2775763.191813179,18618300.0,50.0144173293563
6.71,-2800152.4183549476,18594330.0,50.01420009463611
6.72,-2824573.1366551453,18570300.0,50.013982067689525
6.73,-2849025.4390069228,18546210.0,50.013763264028945
6.74,-2873509.399477716,18522070.0,50.01354369883195
6.75,-2898025.0671172254,18497870.0,50.01332338698348
6.76,-2922572.4570507137,18473620.0,50.01310234295382
6.77,-2947151.5430955286,18449310.0,50.012880580790785
6.78,-2971762.2527803797,18424950.0,50.012658114151186
6.79,-2996404.460537795,18400530.0,50.01243495620069
6.8,-3021077.9839166133,18376050.0,50.01221111966782
6.81,-3045782.5775263035,18351520.0,50.0119866167349
6.82,-3070517.92845945,18326930.0,50.01176145904373
6.83,-3095283.656359221,18302290.0,50.01153565781172
6.84,-3120079.3104935335,18277600.0,50.0113092237235
6.85,-3144904.367453915,18252850.0,50.011082166925824
6.86,-3169758.2335050073,18228050.0,50.01085449715168
6.87,-3194640.2454377906,18203190.0,50.010626223676255
6.88,-3219549.671019599,18178280.0,50.010397355299986
6.89,-3244485.70885679,18153320.0,50.01016790032463
6.9,-3269447.493182903,18128310.0,50.00993786669275
6.91,-3294434.1006701672,18103250.0,50.00970726207093
6.92,-3319444.5526360963,18078140.0,50.0094760937351
6.93,-3344477.8186844713,18052980.0,50.009244368621694
6.94,-3369532.8234552112,18027780.0,50.00901209343473
6.95,-3394608.4530505496,18002530.0,50.00877927466282
6.96,-3419703.5612704507,17977230.0,50.008545918605165
6.97,-3444816.9753677696,17951900.0,50.00831203138976
6.98,-3469947.5020301035,17926520.0,50.008077619000055
6.99,-3495093.932641511,17901090.0,50.00784268729369
7.0,-3520255.0488756583,17875630.0,50.00760724202903
7.01,-3545429.6301339185,17850130.0,50.007371288954126
7.02,-3570616.4599627247,17824590.0,50.00713483380953
7.03,-3595814.3341264506,17799020.0,50.0068978824126
7.04,-3621022.0666368236,17773410.0,50.00666044064238
7.05,-3646238.492338124,17747770.0,50.00642251438219
7.06,-3671462.472242928,17722100.0,50.00618410960599
7.07,-3696692.897367415,17696390.0,50.00594523237674
7.08,-3721928.6921981145,17670660.0,50.00570588885472
7.09,-3747168.8199121314,17644890.0,50.00546608536971
7.1,-3772412.2859869287,17619100.0,50.005225828407305
7.11,-3797658.1379176113,17593280.0,50.00498512453668
7.12,-3822905.4682838353,17567440.0,50.00474398049636
7.13,-3848153.416006372,17541570.0,50.00450240317598
7.14,-3873401.167584113,17515670.0,50.00426039962315
7.15,-3898647.954244708,17489760.0,50.00401797695723
7.16,-3923893.0505772578,17463820.0,50.0037751424003
7.17,-3949135.772731043,17437860.0,50.003531903265454
7.18,-3974375.4775561355,17411880.0,50.00328826698088
7.19,-3999611.5639823526,17385880.0,50.003044241143435
7.2,-4024843.464933676,17359850.0,50.00279983330406
7.21,-4050070.645412899,17333820.0,50.00255505108375
7.22,-4075292.6002171915,17307760.0,50.0023099021623
7.23,-4100508.849923558,17281680.0,50.00206439423217
7.24,-4125718.937799402,17255590.0,50.001818535004986
7.25,-4150922.425206268,17229480.0,50.00157233216479
7.26,-4176118.8883758164,17203360.0,50.001325793387785
7.27,-4201307.913718345,17177220.0,50.001078926292266
7.28,-4226489.095258699,17151070.0,50.000831738469586
7.29,-4251662.030077363,17124900.0,50.00058423742952
7.3,-4276826.313227792,17098710.0,50.0003364305711
7.31,-4301981.538417113,17072520.0,50.0000883252864
7.32,-4327127.292383704,17046300.0,49.9998399288282
7.33,-4352263.153325582,17020080.0,49.999591248369654
7.34,-4377388.6932502445,16993850.0,49.999342291085384
7.35,-4402503.471100211,16967600.0,49.999093063959165
7.36,-4427607.030286262,16941340.0,49.99884357384765
7.37,-4452698.901248228,16915070.0,49.99859382757852
7.38,-4477778.597922499,16888790.0,49.99834383182795
7.39,-4502845.617624782,16862510.0,49.998093593174914
7.4,-4527899.441899742,16836210.0,49.997843118122134
7.41,-4552939.539222891,16809900.0,49.99759241313286
7.42,-4577965.360739888,16783590.0,49.997341484498065
7.43,-4602976.342503614,16757270.0,49.99709033844533
7.44,-4627971.908545023,16730940.0,49.9968389811712
7.45,-4652951.467108017,16704610.0,49.99658741870623
7.46,-4677914.415036166,16678270.0,49.99633565706373
7.47,-4702860.138243228,16651920.0,49.996083702181
7.48,-4727788.010971964,16625580.0,49.995831559889005
7.49,-4752697.398458471,16599230.0,49.99557923598195
7.5,-4777587.66232297,16572870.0,49.995326736274684
7.51,-4802458.159546986,16546520.0,49.995074066503385
7.52,-4827308.242838201,16520160.0,49.9948212323379
7.53,-4852137.263320437,16493800.0,49.99456823943855
7.54,-4876944.572479575,16467450.0,49.994315093447
7.55,-4901729.523063197,16441090.0,49.99406179997004
7.56,-4926491.469331189,16414740.0,49.99380836457831
7.57,-4951229.772540397,16388390.0,49.99355479290175
7.58,-4975943.799813283,16362040.0,49.99330109052716
7.59,-5000632.923834158,16335700.0,49.993047263008215
7.6,-5025296.525171192,16309360.0,49.992793315920366
7.61,-5049933.992020326,16283020.0,49.992539254814545
7.62,-5074544.723034643,16256690.0,49.992285085281566
7.63,-5099128.128395155,16230370.0,49.99203081292796
7.64,-5123683.6302269725,16204060.0,49.99177644336801
7.65,-5148210.6599285,16177750.0,49.9915219821725
7.66,-5172708.6583785275,16151450.0,49.99126743491357
7.67,-5197177.078762789,16125160.0,49.99101280721406
7.68,-5221615.388031561,16098880.0,49.99075810473198
7.69,-5246023.064568961,16072620.0,49.99050333310311
7.7,-5270399.594744201,16046360.0,49.990248497910436
7.71,-5294744.473656661,16020110.0,49.989993604752584
7.72,-5319057.204961047,15993880.0,49.98973865922889
7.73,-5343337.300126878,15967660.0,49.98948366693119
7.74,-5367584.277307262,15941450.0,49.98922863343414
7.75,-5391797.660033369,15915250.0,49.988973564290674
7.76,-5415976.9757295465,15889070.0,49.98871846502513
7.77,-5440121.756405406,15862910.0,49.98846334116641
7.78,-5464231.538133031,15836760.0,49.988208198231185
7.79,-5488305.858624243,15810630.0,49.9879530416858
7.8,-5512344.256855153,15784510.0,49.98769787698094
7.81,-5536346.272544097,15758410.0,49.98744270954262
7.82,-5560311.445511987,15732330.0,49.987187544768915
7.83,-5584239.314647126,15706270.0,49.986932388024066
7.84,-5608129.414876588,15680220.0,49.98667724460205
7.85,-5631981.277574553,15654200.0,49.98642211976957
7.86,-5655794.432275854,15628190.0,49.986167018792564
7.87,-5679568.407679847,15602210.0,49.985911946928155
7.88,-5703302.729775452,15576250.0,49.98565690938029
7.89,-5726996.918605715,15550300.0,49.98540191127256
7.9,-5750650.490571709,15524380.0,49.98514695772708
7.91,-5774262.961810757,15498490.0,49.98489205388641
7.92,-5797833.847747487,15472610.0,49.984637204866985
7.93,-5821362.660836238,15446760.0,49.98438241572373
7.94,-5844848.911306323,15420940.0,49.98412769149388
7.95,-5868292.109456723,15395130.0,49.98387303722399
7.96,-5891691.767257318,15369360.0,49.9836184579623
7.97,-5915047.396522061,15343610.0,49.983363958714534
7.98,-5938358.510373673,15317890.0,49.98310954448765
7.99,-5961624.621170823,15292190.0,49.98285522023897
8.0,-5984845.239747445,15266520.0,49.98260099089317
8.01,-6008019.883572873,15240880.0,49.98234686147352
8.02,-6031148.074186108,15215270.0,49.98209283696478
8.03,-6054229.333725898,15189690.0,49.98183892229277
8.04,-6077263.186795135,15164140.0,49.981585122394584
8.05,-6100249.161582802,15138620.0,49.981331442211584
8.06,-6123186.787438444,15113130.0,49.981077886645444
8.07,-6146075.593982862,15087670.0,49.98082446056689
8.08,-6168915.114417445,15062250.0,49.98057116888312
8.09,-6191704.887499683,15036860.0,49.98031801652227
8.1,-6214444.455893767,15011500.0,49.980065008389765
8.11,-6237133.365056326,14986170.0,49.97981214937034
8.12,-6259771.162090178,14960880.0,49.97955944432617
8.13,-6282357.394879777,14935620.0,49.97930689809904
8.14,-6304891.614115615,14910400.0,49.97905451554432
8.15,-6327373.373595304,14885220.0,49.97880230152173
8.16,-6349802.230809514,14860070.0,49.97855026089209
8.17,-6372177.744156831,14834960.0,49.97829839847591
8.18,-6394499.4715234395,14809890.0,49.978046719064096
8.19,-6416766.974045282,14784860.0,49.97779522748728
8.2,-6438979.812875918,14759860.0,49.977543928530196
8.21,-6461137.548014127,14734900.0,49.97729282694788
8.22,-6483239.739295717,14709980.0,49.97704192749639
8.23,-6505285.949899676,14685110.0,49.976791234970364
8.24,-6527275.747938962,14660270.0,49.976540754183
8.25,-6549208.699749974,14635480.0,49.976290489860816
8.26,-6571084.371259223,14610720.0,49.97604044673424
8.27,-6592902.333360092,14586010.0,49.97579062959658
8.28,-6614662.159820866,14561340.0,49.97554104321747
8.29,-6636363.423595887,14536720.0,49.97529169231552
8.3,-6658005.696937842,14512140.0,49.975042581601556
8.31,-6679588.551472141,14487600.0,49.97479371577601
8.32,-6701111.558147913,14463110.0,49.97454509953062
8.33,-6722574.287188971,14438660.0,49.97429673754626
8.34,-6743976.313522691,14414260.0,49.974048634566294
8.35,-6765317.213645956,14389910.0,49.97380079530005
8.36,-6786596.562414773,14365600.0,49.9735532244083
8.37,-6807813.932504694,14341340.0,49.9733059265362
8.38,-6828968.895023027,14317130.0,49.97305890632306
8.39,-6850061.021822606,14292960.0,49.97281216842907
8.4,-6871089.887220156,14268850.0,49.97256571753384
8.41,-6892055.066186464,14244780.0,49.972319558289755
8.42,-6912956.130573391,14220770.0,49.972073695299734
8.43,-6933792.652395697,14196800.0,49.97182813319369
8.44,-6954564.202750109,14172890.0,49.97158287658373
8.45,-6975270.354547085,14149030.0,49.9713379301083
8.46,-6995910.683402032,14125220.0,49.971093298417046
8.47,-7016484.760333906,14101460.0,49.970848986069086
8.48,-7036992.156103142,14077750.0,49.97060499766264
8.49,-7057432.445960277,14054100.0,49.970361337849425
8.5,-7077805.20436906,14030500.0,49.97011801122373
8.51,-7098110.005009017,14006960.0,49.96987502237349
8.52,-7118346.420508279,13983470.0,49.96963237587681
8.53,-7138514.0254744645,13960030.0,49.969390076345384
8.54,-7158612.395006649,13936650.0,49.96914812837305
8.55,-7178641.10467766,13913330.0,49.96890653655245
8.56,-7198599.73243413,13890070.0,49.96866530549984
8.57,-7218487.854947678,13866860.0,49.96842443978724
8.58,-7238305.050689696,13843710.0,49.96818394402333
8.59,-7258050.901826053,13820620.0,49.96794382284053
8.6,-7277724.989586216,13797590.0,49.96770408082392
8.61,-7297326.894497336,13774610.0,49.96746472256044
8.62,-7316856.199506448,13751700.0,49.96722575266997
8.63,-7336312.488595937,13728850.0,49.966987175764324
8.64,-7355695.349392391,13706060.0,49.966748996487695
8.65,-7375004.367759779,13683320.0,49.96651121943321
8.66,-7394239.126235858,13660660.0,49.96627384916765
8.67,-7413399.207721956,13638050.0,49.966036890298064
8.68,-7432484.195414658,13615500.0,49.96580034743274
8.69,-7451493.672499051,13593020.0,49.965564225180465
8.7,-7470427.216556528,13570600.0,49.9653285280817
8.71,-7489284.405217793,13548250.0,49.965093260738364
8.72,-7508064.819247018,13525960.0,49.96485842778577
8.73,-7526768.035853393,13503740.0,49.96462403379431
8.74,-7545393.630772037,13481580.0,49.96439008335303
8.75,-7563941.176769306,13459490.0,49.96415658102939
8.76,-7582410.24584333,13437460.0,49.9639235314173
8.77,-7600800.413646815,13415510.0,49.96369093916051
8.78,-7619111.255924326,13393620.0,49.96345880887678
8.79,-7637342.344007067,13371790.0,49.96322714513209
8.8,-7655493.248187939,13350040.0,49.96299595252839
8.81,-7673563.53959144,13328350.0,49.96276523568917
8.82,-7691552.785646691,13306730.0,49.96253499919369
8.83,-7709460.5537477685,13285190.0,49.96230524766012
8.84,-7727286.41335113,13263710.0,49.96207598573393
8.85,-7745029.937515508,13242310.0,49.961847218089616
8.86,-7762690.697031622,13220970.0,49.96161894934968
8.87,-7780268.258177338,13199710.0,49.96139118411124
8.88,-7797762.189998888,13178520.0,49.96116392705046
8.89,-7815172.065524644,13157410.0,49.9609371828726
8.9,-7832497.456542155,13136360.0,49.96071095623798
8.91,-7849737.933754631,13115390.0,49.96048525181611
8.92,-7866893.066387303,13094500.0,49.96026007427752
8.93,-7883962.419721662,13073680.0,49.96003542826863
8.94,-7900945.559509272,13052930.0,49.9598113184869
8.95,-7917842.048105771,13032260.0,49.95958774959783
8.96,-7934651.446782714,13011670.0,49.95936472628983
8.97,-7951373.318585127,12991150.0,49.959142253295695
8.98,-7968007.225119694,12970710.0,49.95892033532175
8.99,-7984552.723904989,12950350.0,49.95869897705513
9.0,-8001009.37074696,12930060.0,49.95847818320882
9.01,-8017376.723997728,12909860.0,49.95825795854948
9.02,-8033654.337368839,12889730.0,49.95803830778176
9.03,-8049841.762985205,12869680.0,49.957819235646355
9.04,-8065938.552370263,12849720.0,49.95760074689928
9.05,-8081944.251448486,12829830.0,49.95738284625489
9.06,-8097858.40707905,12810020.0,49.95716553849827
9.07,-8113680.567664289,12790300.0,49.95694882843453
9.08,-8129410.277264647,12770660.0,49.95673272082039
9.09,-8145047.078800551,12751100.0,49.95651722045267
9.1,-8160590.515525204,12731620.0,49.95630233215363
9.11,-8176040.125874255,12712230.0,49.95608806070481
9.12,-8191395.450507442,12692920.0,49.9558744109663
9.13,-8206656.032149334,12673690.0,49.95566138781733
9.14,-8221821.409902875,12654550.0,49.95544899609462
9.15,-8236891.121969762,12635500.0,49.955237240672695
9.16,-8251864.704025717,12616530.0,49.9550261264201
9.17,-8266741.688314393,12597650.0,49.95481565820904
9.18,-8281521.606332534,12578850.0,49.95460584094837
9.19,-8296203.987145154,12560150.0,49.954396679543734
9.2,-8310788.35987881,12541530.0,49.954188178939084
9.21,-8325274.254542424,12523000.0,49.95398034410559
9.22,-8339661.1994433375,12504550.0,49.95377318000705
9.23,-8353948.7193714995,12486200.0,49.95356669160267
9.24,-8368136.334670911,12467940.0,49.95336088385231
9.25,-8382223.56373122,12449770.0,49.95315576175345
9.26,-8396209.921107085,12431680.0,49.95295133029718
9.27,-8410094.916636659,12413690.0,49.952747594477344
9.28,-8423878.057889642,12395800.0,49.952544559323734
9.29,-8437558.851889556,12377990.0,49.95234222989804
9.3,-8451136.805559045,12360280.0,49.95214061128756
9.31,-8464611.422652261,12342660.0,49.9519397085673
9.32,-8477982.20520337,12325140.0,49.95173952684338
9.33,-8491248.65390594,12307710.0,49.95154007124317
9.34,-8504410.264909187,12290370.0,49.951341346881684
9.35,-8517466.531476475,12273130.0,49.951143358901426
9.36,-8530416.94408178,12255990.0,49.95094611246664
9.37,-8543260.990998195,12238940.0,49.950749612762394
9.38,-8555998.15785413,12221990.0,49.95055386499032
9.39,-8568627.927567402,12205140.0,49.95035887436877
9.4,-8581149.783182278,12188390.0,49.950164646165604
9.41,-8593563.205687784,12171740.0,49.949971185650895
9.42,-8605867.67252668,12155180.0,49.94977849810334
9.43,-8618062.65641887,12138730.0,49.94958658880495
9.44,-8630147.627862677,12122380.0,49.949395463083285
9.45,-8642122.055896338,12106120.0,49.949205126294025
9.46,-8653985.408424525,12089970.0,49.94901558382443
9.47,-8665737.155254902,12073920.0,49.948826841115334
9.48,-8677376.758602517,12057980.0,49.948638903545714
9.49,-8688903.674914617,12042140.0,49.94845177652588
9.5,-8700317.357877593,12026400.0,49.94826546551533
9.51,-8711617.260563128,12010760.0,49.94807997602065
9.52,-8722802.83548097,11995230.0,49.947895313576815
9.53,-8733873.527343443,11979810.0,49.94771148367679
9.54,-8744828.77528815,11964490.0,49.94752849185265
9.55,-8755668.017126994,11949280.0,49.947346343697824
9.56,-8766390.687437719,11934180.0,49.94716504481841
9.57,-8776996.216029217,11919180.0,49.94698460083196
9.58,-8787484.030138854,11904300.0,49.946805017399335
9.59,-8797853.554185208,11889520.0,49.946626300212706
9.6,-8808104.206269743,11874850.0,49.9464484549531
9.61,-8818235.402104884,11860300.0,49.94627148736703
9.62,-8828246.556167148,11845850.0,49.946095403242104
9.63,-8838137.074885383,11831520.0,49.945920208332176
9.64,-8847906.358992124,11817300.0,49.94574590843545
9.65,-8857553.81106555,11803190.0,49.94557250945078
9.66,-8867078.831363264,11789190.0,49.94540001727848
9.67,-8876480.81148418,11775310.0,49.9452284377905
9.68,-8885759.140553074,11761540.0,49.94505777693961
9.69,-8894913.206822539,11747890.0,49.944888040733545
9.7,-8903942.394769186,11734360.0,49.944719235188835
9.71,-8912846.085613629,11720940.0,49.94455136636125
9.72,-8921623.652587458,11707640.0,49.94438444029582
9.73,-8930274.461314756,11694450.0,49.94421846306793
9.74,-8938797.875740016,11681390.0,49.94405344083794
9.75,-8947193.25633603,11668440.0,49.94388937979345
9.76,-8955459.962207016,11655620.0,49.94372628617788
9.77,-8963597.346458824,11642920.0,49.94356416623225
9.78,-8971604.756530246,11630330.0,49.94340302623683
9.79,-8979481.535999857,11617870.0,49.943242872522426
9.8,-8987227.020726703,11605540.0,49.94308371142624
9.81,-8994840.542917283,11593320.0,49.94292554935389
9.82,-9002321.427431565,11581230.0,49.942768392720374
9.83,-9009668.996705014,11569270.0,49.942612248021405
9.84,-9016882.570407163,11557430.0,49.94245712179751
9.85,-9023961.45759135,11545710.0,49.94230302055698
9.86,-9030904.961205494,11534130.0,49.94214995088244
9.87,-9037712.378640093,11522670.0,49.941997919402596
9.88,-9044383.004382357,11511340.0,49.94184693281753
9.89,-9050916.129491758,11500140.0,49.94169699786749
9.9,-9057311.036174696,11489070.0,49.94154812128904
9.91,-9063566.999681972,11478130.0,49.941400309877544
9.92,-9069683.28799103,11467320.0,49.94125357046485
9.93,-9075659.163137387,11456640.0,49.94110790994236
9.94,-9081493.88027014,11446100.0,49.94096333523481
9.95,-9087186.685050106,11435690.0,49.94081985329036
9.96,-9092736.817761842,11425410.0,49.94067747113576
9.97,-9098143.513390664,11415270.0,49.94053619584875
9.98,-9103405.99947477,11405270.0,49.94039603453986
9.99,-9108523.5006735,11395400.0,49.94025699440837
10.0,-9113604.747062625,11385670.0,49.94011908270812
10.01,-9118758.889772695,11375970.0,49.93998230268065
10.02,-9123984.594367502,11366190.0,49.93984664681037
10.03,-9129278.24800852,11356330.0,49.93971209560677
10.04,-9134633.580014143,11346400.0,49.93957862057634
10.05,-9140041.631947812,11336400.0,49.939446186606816
10.06,-9145490.979467101,11326330.0,49.93931475411087
10.07,-9150968.132081578,11316220.0,49.93918428097142
10.08,-9156458.031766934,11306080.0,49.93905472412555
10.09,-9161944.622414555,11295910.0,49.93892604113211
10.1,-9167411.444416646,11285740.0,49.93879819149765
10.11,-9172842.217177564,11275580.0,49.9386711377541
10.12,-9178221.38723614,11265460.0,49.93854484635817
10.13,-9183534.617690787,11255370.0,49.93841928834162
10.14,-9188769.208919102,11245350.0,49.938294439795314
10.15,-9193914.441641828,11235390.0,49.938170282173374
10.16,-9198961.829598095,11225520.0,49.938046802344246
10.17,-9203905.28114857,11215740.0,49.93792399247685
10.18,-9208741.172598058,11206060.0,49.937801849783504
10.19,-9213468.332047716,11196480.0,49.937680376077736
10.2,-9218087.9458052,11187000.0,49.937559577256685
10.21,-9222603.397645121,11177620.0,49.937439462713684
10.22,-9227020.043602243,11168330.0,49.93732004462622
10.23,-9231344.933819719,11159140.0,49.937201337183204
10.24,-9235586.500753846,11150030.0,49.93708335587211
10.25,-9239754.22921024,11141000.0,49.93696611680636
10.26,-9243858.31215708,11132040.0,49.936849636018785
10.27,-9247909.304818824,11123130.0,49.93673392880614
10.28,-9251917.785197241,11114270.0,49.936619009109876
10.29,-9255894.038646411,11105450.0,49.93650488904751
10.3,-9259847.775567558,11096650.0,49.936391578548154
10.31,-9263787.88549946,11087860.0,49.93627908505409
10.32,-9267722.234820105,11079090.0,49.93616741333925
10.33,-9271657.506802237,11070310.0,49.93605656539295
10.34,-9275599.083958702,11061520.0,49.93594654035592
10.35,-9279550.98321241,11052720.0,49.93583733465295
10.36,-9283515.841287974,11043910.0,49.93572894219041
10.37,-9287494.932158388,11035070.0,49.935621354483075
10.38,-9291488.229790367,11026210.0,49.93551456097946
10.39,-9295494.508950023,11017340.0,49.935408549416884
10.4,-9299511.46473136,11008440.0,49.935303306077344
10.41,-9303535.86293456,10999520.0,49.93519881621752
10.42,-9307563.70290687,10990590.0,49.93509506439665
10.43,-9311590.391223699,10981650.0,49.9349920348346
10.44,-9315610.927489568,10972700.0,49.9348897118253
10.45,-9319620.07487804,10963760.0,49.934788079928936
10.46,-9323612.525514798,10954820.0,49.93468712424557
10.47,-9327583.059835186,10945880.0,49.934586830695
10.48,-9331526.69055452,10936970.0,49.93448718620878
10.49,-9335438.781353313,10928070.0,49.934388178805285
10.5,-9339315.146880759,10919200.0,49.93428979769776
10.51,-9343152.133858223,10910360.0,49.93419203336435
10.52,-9346946.670014301,10901550.0,49.934094877465924
10.53,-9350696.293421587,10892770.0,49.93399832281742
10.54,-9354399.164921215,10884040.0,49.93390236335831
10.55,-9358054.053335462,10875340.0,49.933806993979104
10.56,-9361660.303657895,10866690.0,49.933712210392834
10.57,-9365217.796954464,10858080.0,49.93361800905636
10.58,-9368726.887879642,10849510.0,49.93352438692437
10.59,-9372188.330522345,10840980.0,49.933431341264104
10.6,-9375603.20742612,10832490.0,49.933338869571294
10.61,-9378972.850907769,10824050.0,49.93324696939203
10.62,-9382298.757510409,10815640.0,49.933155638114016
10.63,-9385582.509478848,10807270.0,49.933064872877544
10.64,-9388825.699685195,10798940.0,49.93297467046074
10.65,-9392029.86514253,10790640.0,49.93288502720142
10.66,-9395196.431179967,10782370.0,49.93279593896452
10.67,-9398326.66368481,10774130.0,49.93270740108879
10.68,-9401421.62162523,10765930.0,49.932619408270654
10.69,-9404482.129400475,10757750.0,49.93253195463892
10.7,-9407508.765307354,10749600.0,49.93244503383055
10.71,-9410501.849124625,10741480.0,49.932358638926395
10.72,-9413461.44152099,10733390.0,49.93227276251384
10.73,-9416387.36318019,10725320.0,49.93218739685085
10.74,-9419279.218192356,10717280.0,49.932102533918155
10.75,-9422136.416878358,10709270.0,49.93201816544378
10.76,-9424958.210069504,10701290.0,49.93193428303137
10.77,-9427743.723986806,10693340.0,49.93185087822901
10.78,-9430491.996404909,10685420.0,49.93176794259289
10.79,-9433202.018491542,10677530.0,49.93168546781473
10.8,-9435872.778974283,10669670.0,49.93160344582282
10.81,-9438503.299983906,10661850.0,49.93152186879423
10.82,-9441092.670707647,10654060.0,49.93144072921044
10.83,-9443640.077194216,10646300.0,49.93136001989763
10.84,-9446144.828984514,10638590.0,49.93127973406867
10.85,-9448606.381363261,10630910.0,49.93119986535179
10.86,-9451024.350998055,10623270.0,49.931120407785045
10.87,-9453398.525405062,10615660.0,49.9310413558107
10.88,-9455728.861382155,10608100.0,49.930962704200965
10.89,-9458015.487369025,10600570.0,49.93088444811855
10.9,-9460258.706951875,10593080.0,49.93080658315029
10.91,-9462458.984881222,10585630.0,49.93072910516008
10.92,-9464616.934136458,10578220.0,49.930652010292356
10.93,-9466733.302900182,10570840.0,49.93057529496107
10.94,-9468808.952495422,10563500.0,49.9304989557426
10.95,-9470844.836691653,10556200.0,49.930422989364935
10.96,-9472841.983693812,10548930.0,49.93034739269627
10.97,-9474801.476547228,10541700.0,49.930272162701996
10.98,-9476724.437596219,10534500.0,49.9301972964495
10.99,-9478612.004298769,10527330.0,49.930122790995476
11.0,-9480465.31039431,10520190.0,49.93004864338849
11.01,-9482285.476541039,10513080.0,49.92997485072539
11.02,-9484073.593977697,10506000.0,49.92990141005811
11.03,-9485830.708657589,10498950.0,49.929828318359824
11.04,-9487557.817139205,10491920.0,49.92975557260831
11.05,-9489255.862808863,10484920.0,49.929683169767905
11.06,-9490925.733005967,10477950.0,49.929611106789665
11.07,-9492568.256369438,10471000.0,49.92953938059717
11.08,-9494184.205534497,10464070.0,49.92946798812709
11.09,-9495774.300976267,10457170.0,49.92939692634244
11.1,-9497339.210133547,10450290.0,49.92932619218413
11.11,-9498879.55017779,10443430.0,49.92925578259784
11.12,-9500395.888851829,10436580.0,49.92918569451959
11.13,-9501888.76018423,10429770.0,49.92911592501477
11.14,-9503358.671296455,10422970.0,49.92904647121907
11.15,-9504806.106035987,10416190.0,49.928977330319725
11.16,-9506231.535343021,10409430.0,49.928908499625166
11.17,-9507635.417328758,10402690.0,49.92883997648292
11.18,-9509018.205787856,10395960.0,49.928771758362856
11.19,-9510380.354743192,10389260.0,49.92870384283308
11.2,-9511722.317873321,10382570.0,49.92863622751921
11.21,-9513044.554548815,10375900.0,49.928568910170725
11.22,-9514347.525056409,10369250.0,49.92850188856176
11.23,-9515631.69481496,10362610.0,49.92843516057517
11.24,-9516897.541622102,10356000.0,49.92836872424021
11.25,-9518145.547532912,10349390.0,49.928302577594835
11.26,-9519376.195846904,10342800.0,49.9282367187219
11.27,-9520589.978401903,10336230.0,49.92817114584374
11.28,-9521787.38915258,10329670.0,49.92810585720297
11.29,-9522968.915396534,10323130.0,49.9280408510241
11.3,-9524135.036842482,10316600.0,49.92797612557425
11.31,-9525286.2190916,10310090.0,49.927911679104376
11.32,-9526422.915707473,10303580.0,49.927847509915814
11.33,-9527545.56191444,10297100.0,49.927783616284785
11.34,-9528654.570046842,10290620.0,49.92771999646137
11.35,-9529750.331084516,10284160.0,49.92765664871777
11.36,-9530833.213627903,10277700.0,49.92759357132517
11.37,-9531903.564352365,10271260.0,49.92753076256127
11.38,-9532961.698206397,10264840.0,49.92746822060696
11.39,-9534007.894512018,10258420.0,49.92740594358242
11.4,-9535042.403484017,10252010.0,49.927343929635
11.41,-9536065.450999092,10245620.0,49.927282176936416
11.42,-9537077.234886272,10239240.0,49.92722068360273
11.43,-9538077.920809302,10232870.0,49.927159447676296
11.44,-9539067.643780544,10226500.0,49.92709846717586
11.45,-9540046.51070456,10220160.0,49.92703774009923
11.46,-9541014.602073476,10213820.0,49.92697726442432
11.47,-9541971.974407561,10207490.0,49.92691703810894
11.48,-9542918.661847256,10201170.0,49.92685705908966
11.49,-9543854.681282444,10194870.0,49.92679732531841
11.5,-9544780.031853082,10188570.0,49.92673783470985
11.51,-9545694.698722618,10182290.0,49.926678585187524
11.52,-9546598.658627449,10176020.0,49.92661957470087
11.53,-9547491.875410903,10169760.0,49.92656080114122
11.54,-9548374.305005684,10163510.0,49.926502262422346
11.55,-9549245.904645791,10157280.0,49.92644395653517
11.56,-9550106.626487395,10151050.0,49.926385881405736
11.57,-9550956.417311274,10144840.0,49.926328034949016
11.58,-9551795.228196984,10138650.0,49.92627041516194
11.59,-9552623.011684392,10132460.0,49.92621302002142
11.6,-9553439.719270006,10126290.0,49.92615584748219
11.61,-9554245.302601108,10120130.0,49.92609889550636
11.62,-9555039.720428417,10113990.0,49.92604216212781
11.63,-9555822.937541127,10107850.0,49.92598564538011
11.64,-9556594.922958443,10101740.0,49.92592934329686
11.65,-9557355.654840838,10095630.0,49.92587325396741
11.66,-9558105.114301374,10089540.0,49.92581737544053
11.67,-9558843.288148258,10083470.0,49.925761705803694
11.68,-9559570.172375022,10077410.0,49.925706243191684
11.69,-9560285.765231034,10071360.0,49.92565098569599
11.7,-9560990.062269146,10065330.0,49.925595931364846
11.71,-9561683.063347962,10059320.0,49.925541078318595
11.72,-9562364.775149707,10053320.0,49.92548642471315
11.73,-9563035.204130802,10047330.0,49.925431968656845
11.74,-9563694.362960367,10041360.0,49.92537770832469
11.75,-9564342.268142032,10035410.0,49.92532364188943
11.76,-9564978.935065445,10029470.0,49.92526976748689
11.77,-9565604.380795425,10023540.0,49.92521608328735
11.78,-9566218.629090533,10017640.0,49.92516258751995
11.79,-9566821.70426497,10011750.0,49.92510927837323
11.8,-9567413.62754251,10005870.0,49.92505615401054
11.81,-9567994.425368274,10000010.0,49.9250032126767
11.82,-9568564.133410366,9994172.0,49.92495045267637
11.83,-9569122.794360045,9988347.0,49.92489787231977
11.84,-9569670.452250212,9982538.0,49.924845469885184
11.85,-9570207.156390259,9976747.0,49.9247932437028
11.86,-9570732.962632395,9970972.0,49.924741192135805
11.87,-9571247.930139255,9965214.0,49.92468931354253
11.88,-9571752.126976142,9959474.0,49.924637606353016
11.89,-9572245.632412054,9953751.0,49.9245860690516
11.9,-9572728.53392674,9948045.0,49.924534700132675
11.91,-9573200.92928193,9942357.0,49.92448349814082
11.92,-9573662.926774139,9936686.0,49.92443246166002
11.93,-9574114.64480423,9931033.0,49.92438158931293
11.94,-9574556.211502815,9925397.0,49.9243308797536
11.95,-9574987.767602826,9919780.0,49.924280331707976
11.96,-9575409.463392721,9914179.0,49.92422994391737
11.97,-9575821.457542524,9908597.0,49.92417971515174
11.98,-9576223.918206286,9903032.0,49.924129644237134
11.99,-9576617.017061086,9897484.0,49.92407972997903
12.0,-9577000.928801673,9891954.0,49.92402997121223
12.01,-9577375.83439489,9886442.0,49.923980366835906
12.02,-9577741.9193275,9880947.0,49.92393091576698
12.03,-9578099.37213448,9875470.0,49.92388161694685
12.04,-9578448.391471501,9870012.0,49.92383246941674
12.05,-9578789.181238042,9864570.0,49.92378347222106
12.06,-9579121.941357378,9859145.0,49.92373462434732
12.07,-9579446.869303828,9853738.0,49.92368592482032
12.08,-9579764.161348911,9848348.0,49.92363737269754
12.09,-9580074.017628638,9842977.0,49.92358896711172
12.1,-9580376.640499188,9837622.0,49.92354070721551
12.11,-9580672.2271329,9832284.0,49.92349259211801
12.12,-9580960.972809086,9826964.0,49.92344462097681
12.13,-9581243.072560502,9821661.0,49.923396792990985
12.14,-9581518.723222833,9816376.0,49.923349107403446
12.15,-9581788.12030362,9811107.0,49.923301563456356
12.16,-9582051.456951823,9805856.0,49.923254160406536
12.17,-9582308.927027801,9800622.0,49.923206897561414
12.18,-9582560.723679101,9795405.0,49.923159774239856
12.19,-9582807.034265604,9790204.0,49.92311278973809
12.2,-9583048.046441227,9785022.0,49.9230659434234
12.21,-9583283.950717676,9779856.0,49.92301923471406
12.22,-9583514.93499969,9774707.0,49.9229726630072
12.23,-9583741.185488967,9769575.0,49.92292622772525
12.24,-9583962.886735626,9764460.0,49.92287992831586
12.25,-9584180.22237361,9759362.0,49.92283376425147
12.26,-9584393.378992153,9754282.0,49.92278773506758
12.27,-9584602.544090409,9749218.0,49.9227418403101
12.28,-9584807.897758557,9744170.0,49.922696079466164
12.29,-9585009.615165424,9739140.0,49.92265045205884
12.3,-9585207.867969606,9734126.0,49.92260495763445
12.31,-9585402.821289299,9729129.0,49.92255959572792
12.32,-9585594.640067192,9724150.0,49.922514365941915
12.33,-9585783.483883226,9719186.0,49.92246926785118
12.34,-9585969.50893459,9714241.0,49.92242430106008
12.35,-9586152.867798254,9709311.0,49.92237946518207
12.36,-9586333.706457643,9704399.0,49.92233475981336
12.37,-9586512.165082943,9699503.0,49.92229018456509
12.38,-9586688.379440254,9694625.0,49.92224573906675
12.39,-9586862.480423769,9689763.0,49.92220142295421
12.4,-9587034.59489748,9684919.0,49.922157235874515
12.41,-9587204.840555549,9680090.0,49.92211317743587
12.42,-9587373.324416937,9675279.0,49.922069247225835
12.43,-9587540.152599493,9670486.0,49.92202544492095
12.44,-9587705.427866602,9665709.0,49.92198177018619
12.45,-9587869.248649318,9660950.0,49.92193822268294
12.46,-9588031.70726832,9656207.0,49.92189480206021
12.47,-9588192.885815026,9651481.0,49.92185150792291
12.48,-9588352.864730261,9646774.0,49.92180833995309
12.49,-9588511.7230845,9642083.0,49.92176529784276
12.5,-9588669.53167864,9637409.0,49.921722381221144
12.51,-9588826.355758121,9632753.0,49.921679589740314
12.52,-9588982.264572158,9628116.0,49.92163692314116
12.53,-9589137.327622203,9623495.0,49.92159438114713
12.54,-9589291.609020526,9618892.0,49.92155196343598
12.55,-9589445.167305335,9614306.0,49.921509669677775
12.56,-9589598.058617603,9609739.0,49.92146749957483
12.57,-9589750.34210831,9605190.0,49.92142545288166
12.58,-9589902.074076029,9600658.0,49.92138352931328
12.59,-9590053.304939168,9596144.0,49.92134172855296
12.6,-9590204.084235629,9591649.0,49.92130005032907
12.61,-9590354.458739733,9587171.0,49.92125849435654
12.62,-9590504.471486205,9582712.0,49.92121706034197
12.63,-9590654.160107953,9578270.0,49.92117574797283
12.64,-9590803.556252403,9573847.0,49.92113455692383
12.65,-9590952.687845737,9569442.0,49.92109348688651
12.66,-9591101.580792917,9565056.0,49.921052537563995
12.67,-9591250.258915458,9560688.0,49.92101170865968
12.68,-9591398.747821039,9556340.0,49.92097099991525
12.69,-9591547.072115468,9552009.0,49.92093041105057
12.7,-9591695.254089322,9547698.0,49.920889941774945
12.71,-9591843.31935355,9543406.0,49.92084959185272
12.72,-9591991.292060776,9539132.0,49.920809361011194
12.73,-9592139.191881238,9534877.0,49.92076924894842
12.74,-9592287.035643999,9530641.0,49.92072925537153
12.75,-9592434.837842569,9526424.0,49.920689379990655
12.76,-9592582.610856872,9522226.0,49.92064962251457
12.77,-9592730.364605948,9518047.0,49.920609982647456
12.78,-9592878.114006786,9513889.0,49.92057046016564
12.79,-9593025.878587801,9509749.0,49.92053105485117
12.8,-9593173.674123328,9505628.0,49.92049176641963
12.81,-9593321.515644327,9501527.0,49.92045259460771
12.82,-9593469.421995245,9497446.0,49.92041353920125
12.83,-9593617.418464726,9493385.0,49.9203746000215
12.84,-9593765.529621342,9489342.0,49.92033577683557
12.85,-9593913.775151685,9485319.0,49.92029706937372
12.86,-9594062.175204605,9481316.0,49.920258477407074
12.87,-9594210.75232975,9477333.0,49.92022000073616
12.88,-9594359.52920395,9473369.0,49.92018163914278
12.89,-9594508.526864808,9469425.0,49.920143392396376
12.9,-9594657.767099839,9465501.0,49.92010526029097
12.91,-9594807.277861798,9461598.0,49.92006724267783
12.92,-9594957.091517322,9457714.0,49.920029339408025
12.93,-9595107.236138966,9453849.0,49.91999155025964
12.94,-9595257.738115571,9450005.0,49.91995387503273
12.95,-9595408.62328759,9446180.0,49.91991631353622
12.96,-9595559.917800294,9442376.0,49.91987886559276
12.97,-9595711.647990378,9438591.0,49.919841531028226
12.98,-9595863.837309018,9434826.0,49.91980430963885
12.99,-9596016.511557162,9431082.0,49.919767201273864
13.0,-9596169.697979426,9427357.0,49.91973020578068
13.01,-9596323.425267536,9423653.0,49.91969332301346
13.02,-9596477.726754893,9419969.0,49.91965655286493
13.03,-9596632.630341526,9416303.0,49.91961989514339
13.04,-9596788.157910446,9412658.0,49.91958334964037
13.05,-9596944.335626824,9409034.0,49.91954691624378
13.06,-9597101.19645586,9405430.0,49.919510594878
13.07,-9597258.773683216,9401845.0,49.9194743854219
13.08,-9597417.09749644,9398280.0,49.91943828772496
13.09,-9597576.200732553,9394736.0,49.91940230169151
13.1,-9597736.118029667,9391211.0,49.91936642722703
13.11,-9597896.881899225,9387706.0,49.9193306642078
13.12,-9598058.524544023,9384221.0,49.919295012525865
13.13,-9598221.074836966,9380755.0,49.91925947204814
13.14,-9598384.565207789,9377311.0,49.919224042707675
13.15,-9598549.031024896,9373885.0,49.91918872444041
13.16,-9598714.507069353,9370480.0,49.91915351716214
13.17,-9598881.02918577,9367094.0,49.91911842080447
13.18,-9599048.631606389,9363728.0,49.919083435281415
13.19,-9599217.34557917,9360381.0,49.9190485604924
13.2,-9599387.206825236,9357056.0,49.91901379641157
13.21,-9599558.251161903,9353748.0,49.91897914298295
13.22,-9599730.510057833,9350461.0,49.91894460010892
13.23,-9599904.014610922,9347193.0,49.91891016772741
13.24,-9600078.794749374,9343945.0,49.91887584577421
13.25,-9600254.879342537,9340716.0,49.91884163418294
13.26,-9600432.296084102,9337507.0,49.91880753289229
13.27,-9600611.076047806,9334318.0,49.91877354188415
13.28,-9600791.248054115,9331147.0,49.91873966109735
13.29,-9600972.83661292,9327996.0,49.91870589044806
13.3,-9601155.864362959,9324864.0,49.91867222987063
13.31,-9601340.354118485,9321752.0,49.918638679320374
13.32,-9601526.330294171,9318659.0,49.918605238768485
13.33,-9601713.816059679,9315585.0,49.9185719081656
13.34,-9601902.828150706,9312529.0,49.91853868741008
13.35,-9602093.378619337,9309493.0,49.918505576406666
13.36,-9602285.483598018,9306477.0,49.91847257514074
13.37,-9602479.161144197,9303479.0,49.91843968358364
13.38,-9602674.426230289,9300500.0,49.918406901666756
13.39,-9602871.292274466,9297540.0,49.91837422933019
13.4,-9603069.772162423,9294599.0,49.918341666523936
13.41,-9603269.875567628,9291676.0,49.91830921316892
13.42,-9603471.61139361,9288773.0,49.918276869210445
13.43,-9603674.98982344,9285888.0,49.91824463460845
13.44,-9603880.019758513,9283022.0,49.918212509304766
13.45,-9604086.71166456,9280175.0,49.91818049326655
13.46,-9604295.075296044,9277346.0,49.918148586443714
13.47,-9604505.118953535,9274536.0,49.918116788779415
13.48,-9604716.849366007,9271744.0,49.91808510021091
13.49,-9604930.26786886,9268970.0,49.918053520637535
13.5,-9605145.376829762,9266216.0,49.91802205001219
13.51,-9605362.179423274,9263479.0,49.91799068828463
13.52,-9605580.676099742,9260761.0,49.91795943537644
13.53,-9605800.86298287,9258060.0,49.91792829118296
13.54,-9606022.735449012,9255379.0,49.9178972556296
13.55,-9606246.289948866,9252715.0,49.91786632865679
13.56,-9606471.52258553,9250070.0,49.91783551019087
13.57,-9606698.427347107,9247442.0,49.9178048001429
13.58,-9606926.996728271,9244833.0,49.91777419842259
13.59,-9607157.221498648,9242241.0,49.917743704934274
13.6,-9607389.091838252,9239668.0,49.917713319588636
13.61,-9607622.59745004,9237112.0,49.91768304229699
13.62,-9607857.725165382,9234574.0,49.91765287294175
13.63,-9608094.461102406,9232054.0,49.91762281142244
13.64,-9608332.792829737,9229552.0,49.917592857655066
13.65,-9608572.706691882,9227067.0,49.917563011531485
13.66,-9608814.186951458,9224600.0,49.91753327293199
13.67,-9609057.219773058,9222151.0,49.91750364176735
13.68,-9609301.791119628,9219719.0,49.91747411793515
13.69,-9609547.883275919,9217304.0,49.917444701289725
13.7,-9609795.476207035,9214907.0,49.91741539169532
13.71,-9610044.553308308,9212528.0,49.91738618906338
13.72,-9610295.09679812,9210165.0,49.91735709326509
13.73,-9610547.086062491,9207820.0,49.91732810415135
13.74,-9610800.504486373,9205493.0,49.91729922163343
13.75,-9611055.331884665,9203181.0,49.91727044555241
13.76,-9611311.549565125,9200889.0,49.91724177578986
13.77,-9611569.137482911,9198611.0,49.91721321220351
13.78,-9611828.07195791,9196352.0,49.91718475461828
13.79,-9612088.334327577,9194110.0,49.91715640293914
13.8,-9612349.909363981,9191885.0,49.91712815706361
13.81,-9612612.776848631,9189675.0,49.91710001680711
13.82,-9612876.911161205,9187483.0,49.917071981972896
13.83,-9613142.289415117,9185308.0,49.91704405242754
13.84,-9613408.892490236,9183150.0,49.91701622805404
13.85,-9613676.69814714,9181007.0,49.91698850867196
13.86,-9613945.67839812,9178881.0,49.9169608940634
13.87,-9614215.805590415,9176772.0,49.91693338405842
13.88,-9614487.056681123,9174680.0,49.91690597852821
13.89,-9614759.412508046,9172604.0,49.91687867734021
13.9,-9615032.853183659,9170544.0,49.91685148032683
13.91,-9615307.356668774,9168500.0,49.9168243872979
13.92,-9615582.901730528,9166473.0,49.91679739809033
13.93,-9615859.466576861,9164461.0,49.916770512522554
13.94,-9616137.028627288,9162466.0,49.916743730410765
13.95,-9616415.56462504,9160486.0,49.91671705156671
13.96,-9616695.04784319,9158522.0,49.91669047577061
13.97,-9616975.450811448,9156574.0,49.91666400281966
13.98,-9617256.75163984,9154643.0,49.91663763256911
13.99,-9617538.929473933,9152726.0,49.916611364840016
14.0,-9617821.95948282,9150825.0,49.91658519940296
14.01,-9618105.818091972,9148940.0,49.91655913606749
14.02,-9618390.482131725,9147070.0,49.91653317463797
14.03,-9618675.933682194,9145217.0,49.91650731496376
14.04,-9618962.15433094,9143377.0,49.91648155684642
14.05,-9619249.123633234,9141554.0,49.91645590007054
14.06,-9619536.825717399,9139746.0,49.916430344478265
14.07,-9619825.242002174,9137952.0,49.916404889848195
14.08,-9620114.351987831,9136174.0,49.91637953595917
14.09,-9620404.137582393,9134411.0,49.9163542826281
14.1,-9620694.57877683,9132662.0,49.916329129630114
14.11,-9620985.651759863,9130928.0,49.916304076717225
14.12,-9621277.336487645,9129210.0,49.91627912370575
14.13,-9621569.617149187,9127506.0,49.91625427042335
14.14,-9621862.475737624,9125816.0,49.9162295166391
14.15,-9622155.896489711,9124142.0,49.91620486216293
14.16,-9622449.860762795,9122480.0,49.91618030675401
14.17,-9622744.345717048,9120834.0,49.91615585015295
14.18,-9623039.335360285,9119203.0,49.91613149219745
14.19,-9623334.81543646,9117585.0,49.91610723268908
14.2,-9623630.763913494,9115980.0,49.91608307133436
14.21,-9623927.157859182,9114391.0,49.91605900789299
14.22,-9624223.977712996,9112815.0,49.91603504216019
14.23,-9624521.2029637,9111253.0,49.9160111738954
14.24,-9624818.814027602,9109705.0,49.91598740287285
14.25,-9625116.794188468,9108171.0,49.915963728884165
14.26,-9625415.12686948,9106650.0,49.91594015169998
14.27,-9625713.7950638,9105143.0,49.915916671084375
14.28,-9626012.781504525,9103649.0,49.91589328679847
14.29,-9626312.069347957,9102169.0,49.91586999861068
14.3,-9626611.643143486,9100702.0,49.91584680629708
14.31,-9626911.486158827,9099248.0,49.915823709609086
14.32,-9627211.58368205,9097808.0,49.91580070832507
14.33,-9627511.916530346,9096379.0,49.91577780216577
14.34,-9627812.463945214,9094965.0,49.91575499086473
14.35,-9628113.211794524,9093564.0,49.91573227423672
14.36,-9628414.1472895,9092175.0,49.91570965205174
14.37,-9628715.255796943,9090799.0,49.91568712405484
14.38,-9629016.52003688,9089435.0,49.9156646899738
14.39,-9629317.92019,9088084.0,49.91564234953246
14.4,-9629619.4386212,9086746.0,49.91562010249396
14.41,-9629921.059087334,9085420.0,49.9155979486173
14.42,-9630222.763264637,9084106.0,49.91557588762761
14.43,-9630524.533307973,9082805.0,49.91555391926998
14.44,-9630826.349629667,9081515.0,49.91553204326662
14.45,-9631128.19511218,9080239.0,49.91551025937559
14.46,-9631430.056766927,9078974.0,49.915488567377245
14.47,-9631731.920558987,9077721.0,49.915466967005514
14.48,-9632033.768213343,9076479.0,49.91544545796049
14.49,-9632335.580566516,9075250.0,49.9154240399657
14.5,-9632637.339786865,9074032.0,49.91540271276099
14.51,-9632939.027440496,9072826.0,49.91538147607158
14.52,-9633240.628193898,9071632.0,49.915360329653666
14.53,-9633542.12395225,9070448.0,49.91533927321232
14.54,-9633843.496245984,9069277.0,49.915318306466446
14.55,-9634144.734663803,9068118.0,49.91529742922043
14.56,-9634445.826900385,9066968.0,49.915276641192605
14.57,-9634746.754135871,9065830.0,49.91525594205147
14.58,-9635047.5003083,9064704.0,49.91523533154197
14.59,-9635348.049784167,9063588.0,49.915214809392616
14.6,-9635648.387815448,9062484.0,49.91519437533195
14.61,-9635948.503790043,9061391.0,49.91517402912665
14.62,-9636248.382637344,9060307.0,49.91515377046064
14.63,-9636548.008350242,9059236.0,49.91513359904708
14.64,-9636847.369909357,9058175.0,49.91511351465206
14.65,-9637146.453944406,9057124.0,49.91509351697767
14.66,-9637445.248603396,9056085.0,49.915073605762196
14.67,-9637743.7421888,9055055.0,49.91505378072888
14.68,-9638041.91535098,9054035.0,49.9150340415247
14.69,-9638339.749218058,9053027.0,49.91501438785974
14.7,-9638637.226081042,9052028.0,49.91499481944982
14.71,-9638934.331277309,9051041.0,49.914975336031084
14.72,-9639231.053597197,9050063.0,49.91495593734917
14.73,-9639527.37896727,9049095.0,49.91493662309207
14.74,-9639823.29471713,9048138.0,49.914917392984876
14.75,-9640118.788443256,9047190.0,49.91489824674172
14.76,-9640413.844134709,9046252.0,49.914879184039975
14.77,-9640708.444671528,9045324.0,49.914860204569635
14.78,-9641002.577178678,9044407.0,49.914841308075296
14.79,-9641296.228876766,9043498.0,49.91482249426373
14.8,-9641589.385543706,9042600.0,49.914803762828086
14.81,-9641882.038349448,9041712.0,49.914785113524864
14.82,-9642174.17629038,9040832.0,49.914766546046316
14.83,-9642465.787038727,9039963.0,49.9147480600872
14.84,-9642756.860643342,9039103.0,49.91472965537744
14.85,-9643047.385147778,9038252.0,49.91471133160496
14.86,-9643337.35211292,9037412.0,49.914693088510084
14.87,-9643626.755600048,9036580.0,49.914674925829765
14.88,-9643915.584939944,9035757.0,49.914656843232855
14.89,-9644203.828596087,9034944.0,49.914638840416565
14.9,-9644491.476498954,9034140.0,49.91462091710008
14.91,-9644778.522386102,9033346.0,49.91460307302727
14.92,-9645064.96090544,9032560.0,49.914585307920866
14.93,-9645350.786819702,9031784.0,49.91456762149865
14.94,-9645635.994265912,9031016.0,49.9145500134709
14.95,-9645920.57743766,9030258.0,49.91453248355332
14.96,-9646204.53075619,9029508.0,49.91451503146217
14.97,-9646487.84573677,9028767.0,49.91449765688499
14.98,-9646770.513602773,9028035.0,49.91448035952769
14.99,-9647052.523062538,9027311.0,49.91446313907378
15.0,-9647333.864064163,9026597.0,49.91444599523755
15.01,-9647614.529565172,9025891.0,49.91442892775346
15.02,-9647894.50949959,9025193.0,49.9144119363023
15.03,-9648173.791910121,9024504.0,49.914395020567774
15.04,-9648452.367445312,9023824.0,49.91437818027638
15.05,-9648730.232842209,9023153.0,49.91436141519161
15.06,-9649007.384616166,9022489.0,49.9143447250289
15.07,-9649283.816495935,9021834.0,49.914328109478014
15.08,-9649559.52192406,9021187.0,49.91431156824561
15.09,-9649834.491890714,9020548.0,49.91429510101879
15.1,-9650108.718745625,9019918.0,49.91427870751375
15.11,-9650382.193694126,9019295.0,49.914262387429254
15.12,-9650654.90742114,9018681.0,49.91424614046197
15.13,-9650926.853281103,9018075.0,49.91422996634398
15.14,-9651198.026563829,9017477.0,49.914213864802015
15.15,-9651468.41988351,9016886.0,49.91419783552239
15.16,-9651738.025565434,9016304.0,49.91418187820825
15.17,-9652006.836443061,9015729.0,49.91416599257228
15.18,-9652274.847853815,9015163.0,49.914150178345906
15.19,-9652542.054112215,9014603.0,49.91413443523124
15.2,-9652808.447937472,9014052.0,49.91411876292297
15.21,-9653074.027743652,9013509.0,49.91410316118348
15.22,-9653338.793949839,9012973.0,49.91408762975435
15.23,-9653602.744084336,9012444.0,49.91407216832837
15.24,-9653865.873575225,9011923.0,49.914056776605015
15.25,-9654128.17705578,9011409.0,49.91404145428883
15.26,-9654389.649388203,9010903.0,49.91402620109603
15.27,-9654650.28674694,9010404.0,49.914011016751985
15.28,-9654910.087647662,9009913.0,49.9139959009968
15.29,-9655169.04964795,9009428.0,49.913980853541744
15.3,-9655427.168205163,9008951.0,49.913965874087154
15.31,-9655684.44020428,9008481.0,49.91395096236166
15.32,-9655940.86242285,9008018.0,49.91393611808289
15.33,-9656196.430846872,9007562.0,49.91392134096385
15.34,-9656451.141295658,9007113.0,49.91390663071781
15.35,-9656704.989307426,9006671.0,49.91389198706201
15.36,-9656957.9712783,9006236.0,49.91387740972057
15.37,-9657210.085034303,9005808.0,49.91386289842672
15.38,-9657461.326472769,9005386.0,49.91384845288401
15.39,-9657711.69240676,9004972.0,49.913834072820976
15.4,-9657961.18210599,9004564.0,49.91381975798156
15.41,-9658209.794738552,9004163.0,49.91380550809234
15.42,-9658457.528173951,9003768.0,49.91379132286633
15.43,-9658704.378694918,9003380.0,49.913777202013364
15.44,-9658950.349256314,9003000.0,49.91376314532127
15.45,-9659195.445911676,9002625.0,49.913749152557024
15.46,-9659439.672692198,9002257.0,49.91373522344577
15.47,-9659683.028410425,9001894.0,49.91372135767615
15.48,-9659925.510009313,9001539.0,49.91370755495958
15.49,-9660167.117686255,9001190.0,49.91369381505748
15.5,-9660407.851311075,9000847.0,49.913680137699814
15.51,-9660647.712077772,9000511.0,49.91366652263589
15.52,-9660886.69971549,9000180.0,49.91365296958898
15.53,-9661124.811800985,8999856.0,49.91363947827272
15.54,-9661362.050876446,8999539.0,49.91362604846971
15.55,-9661598.420985708,8999227.0,49.91361267993791
15.56,-9661833.926538263,8998922.0,49.91359937242684
15.57,-9662068.570657508,8998622.0,49.913586125674776
15.58,-9662302.355747355,8998329.0,49.91357293942163
15.59,-9662535.287194429,8998042.0,49.91355981344415
15.6,-9662767.37206479,8997761.0,49.91354674751372
15.61,-9662998.618367251,8997486.0,49.913533741400144
15.62,-9663229.02702069,8997215.0,49.91352079479387
15.63,-9663458.595882244,8996952.0,49.91350790741485
15.64,-9663687.325552188,8996694.0,49.913495079033815
15.65,-9663915.220121535,8996443.0,49.913482309433924
15.66,-9664142.282564908,8996196.0,49.91346959836286
15.67,-9664368.513654947,8995956.0,49.91345694555446
15.68,-9664593.914236205,8995721.0,49.91344435076348
15.69,-9664818.4839716,8995492.0,49.91343181373009
15.7,-9665042.228120709,8995270.0,49.91341933426278
15.71,-9665265.153393758,8995052.0,49.913406912140324
15.72,-9665487.262541544,8994840.0,49.913394547091784
15.73,-9665708.558562413,8994634.0,49.913382238883095
15.74,-9665929.04396202,8994433.0,49.91336998727034
15.75,-9666148.720296176,8994238.0,49.91335779200774
15.76,-9666367.591929456,8994049.0,49.913345652886775
15.77,-9666585.664788498,8993865.0,49.91333356968919
15.78,-9666802.941123163,8993686.0,49.91332154215454
15.79,-9667019.425708728,8993514.0,49.91330957007229
15.8,-9667235.128074564,8993347.0,49.91329765326472
15.81,-9667450.05698834,8993185.0,49.913285791507874
15.82,-9667664.22085294,8993029.0,49.913273984584094
15.83,-9667877.628218317,8992878.0,49.91326223227831
15.84,-9668090.28379282,8992732.0,49.913250534342296
15.85,-9668302.195214776,8992593.0,49.91323889058443
15.86,-9668513.371920055,8992458.0,49.91322730081033
15.87,-9668723.82138541,8992329.0,49.91321576479567
15.88,-9668933.550833086,8992205.0,49.91320428232733
15.89,-9669142.564152876,8992086.0,49.91319285316531
15.9,-9669350.864800006,8991973.0,49.913181477090575
15.91,-9669558.457161654,8991865.0,49.91317015389772
15.92,-9669765.35157394,8991764.0,49.913158883437184
15.93,-9669971.562969064,8991667.0,49.9131476655559
15.94,-9670177.098007938,8991574.0,49.91313649998916
15.95,-9670381.960871961,8991488.0,49.91312538650823
15.96,-9670586.158841357,8991407.0,49.91311432494213
15.97,-9670789.699225621,8991331.0,49.913103315092116
15.98,-9670992.590959115,8991261.0,49.91309235677948
15.99,-9671194.841299891,8991195.0,49.9130814497977
16.0,-9671396.458959633,8991136.0,49.91307059396739
16.01,-9671597.4584951,8991082.0,49.913059789160094
16.02,-9671797.851717757,8991032.0,49.91304903517365
16.03,-9671997.64671814,8990988.0,49.91303833179383
16.04,-9672196.850876661,8990949.0,49.91302767883049
16.05,-9672395.47325515,8990916.0,49.91301707611636
16.06,-9672593.525683723,8990888.0,49.913006523498645
16.07,-9672791.014960567,8990864.0,49.91299602075928
16.08,-9672987.947911011,8990847.0,49.91298556771483
16.09,-9673184.336345274,8990835.0,49.91297516423804
16.1,-9673380.192967854,8990828.0,49.912964810172234
16.11,-9673575.533146232,8990827.0,49.91295450537878
16.12,-9673770.37064348,8990830.0,49.91294424968908
16.13,-9673964.716588402,8990839.0,49.91293404291909
16.14,-9674158.581691287,8990853.0,49.91292388490589
16.15,-9674351.97430528,8990872.0,49.912913775466286
16.16,-9674544.907258663,8990898.0,49.91290371448251
16.17,-9674737.396897184,8990928.0,49.91289370183949
16.18,-9674929.459559634,8990964.0,49.91288373739522
16.19,-9675121.112489462,8991005.0,49.91287382101983
16.2,-9675312.366599753,8991050.0,49.91286395251562
16.21,-9675503.230959164,8991102.0,49.91285413171702
16.22,-9675693.718086889,8991159.0,49.91284435851226
16.23,-9675883.836325128,8991220.0,49.91283463271742
16.24,-9676073.592905778,8991288.0,49.91282495417741
16.25,-9676262.999589184,8991361.0,49.91281532278849
16.26,-9676452.068002518,8991439.0,49.91280573841308
16.27,-9676640.811007032,8991523.0,49.91279620092788
16.28,-9676829.242644046,8991612.0,49.912786710216636
16.29,-9677017.379106542,8991707.0,49.91277726617198
16.3,-9677205.23777568,8991807.0,49.91276786868943
16.31,-9677392.833690517,8991912.0,49.912758517629726
16.32,-9677580.180852728,8992023.0,49.91274921286675
16.33,-9677767.293078672,8992139.0,49.91273995428033
16.34,-9677954.184283761,8992261.0,49.912730741758246
16.35,-9678140.868881498,8992388.0,49.912721575190275
16.36,-9678327.361613652,8992521.0,49.912712454470984
16.37,-9678513.677323036,8992659.0,49.91270337949445
16.38,-9678699.827135615,8992802.0,49.91269435011725
16.39,-9678885.82392173,8992952.0,49.91268536624715
16.4,-9679071.685035678,8993107.0,49.912676427823456
16.41,-9679257.426229341,8993267.0,49.91266753473595
16.42,-9679443.06592197,8993434.0,49.912658686916416
16.43,-9679628.622642394,8993605.0,49.912649884280476
16.44,-9679814.106709257,8993781.0,49.91264112666103
16.45,-9679999.530980678,8993965.0,49.912632413984134
16.46,-9680184.912171183,8994153.0,49.91262374619544
16.47,-9680370.264535822,8994347.0,49.912615123189326
16.48,-9680555.60368195,8994547.0,49.91260654489316
16.49,-9680740.944293074,8994752.0,49.91259801121858
16.5,-9680926.299442615,8994963.0,49.91258952206811
16.51,-9681111.687428039,8995181.0,49.91258107741336
16.52,-9681297.123406934,8995402.0,49.91257267715368
16.53,-9681482.619559983,8995631.0,49.91256432118713
16.54,-9681668.191579813,8995865.0,49.91255600947196
16.55,-9681853.855431467,8996105.0,49.912547741942404
16.56,-9682039.628720626,8996351.0,49.91253951855006
16.57,-9682225.52733546,8996602.0,49.91253133921861
16.58,-9682411.563732626,8996859.0,49.91252320385298
16.59,-9682597.749663938,8997122.0,49.912515112379246
16.6,-9682784.09754215,8997391.0,49.9125070647389
16.61,-9682970.62540027,8997667.0,49.912499060924745
16.62,-9683157.350808028,8997947.0,49.91249110088389
16.63,-9683344.288420226,8998234.0,49.91248318453833
16.64,-9683531.454927087,8998527.0,49.91247531185915
16.65,-9683718.86894526,8998826.0,49.912467482817505
16.66,-9683906.54566586,8999130.0,49.912459697343316
16.67,-9684094.494965289,8999440.0,49.912451955337275
16.68,-9684282.73130736,8999758.0,49.9124442567937
16.69,-9684471.267258298,9000079.0,49.912436601649574
16.7,-9684660.114735616,9000409.0,49.91242898985567
16.71,-9684849.288026623,9000743.0,49.912421421390306
16.72,-9685038.798722541,9001084.0,49.912413896189875
16.73,-9685228.659757666,9001431.0,49.912406414226815
16.74,-9685418.884101959,9001784.0,49.91239897546376
16.75,-9685609.48356436,9002143.0,49.91239157985452
16.76,-9685800.47220892,9002509.0,49.91238422738542
16.77,-9685991.863625059,9002880.0,49.91237691802265
16.78,-9686183.669957511,9003258.0,49.91236965172318
16.79,-9686375.900534995,9003641.0,49.91236242842825
16.8,-9686568.565624138,9004032.0,49.91235524811358
16.81,-9686761.67779942,9004428.0,49.912348110769216
16.82,-9686955.248985594,9004831.0,49.91234101636597
16.83,-9687149.296553439,9005241.0,49.912333964931975
16.84,-9687343.83803361,9005656.0,49.91232695645769
16.85,-9687538.888438592,9006078.0,49.91231999091076
16.86,-9687734.462250812,9006506.0,49.91231306827282
16.87,-9687930.574503934,9006941.0,49.91230618853878
16.88,-9688127.237194048,9007381.0,49.91229935166845
16.89,-9688324.461266499,9007829.0,49.91229255764122
16.9,-9688522.261513934,9008283.0,49.91228580647948
16.91,-9688720.6511722,9008743.0,49.91227909816445
16.92,-9688919.638782162,9009209.0,49.912272432644464
16.93,-9689119.230571304,9009682.0,49.9122658098816
16.94,-9689319.439451605,9010163.0,49.91225922992422
16.95,-9689520.281503074,9010649.0,49.912252692801815
16.96,-9689721.770681908,9011142.0,49.912246198499254
16.97,-9689923.914769119,9011640.0,49.91223974695822
16.98,-9690126.717919393,9012146.0,49.91223333813362
16.99,-9690330.189142836,9012659.0,49.91222697205879
17.0,-9690534.339581754,9013178.0,49.91222064874972
17.01,-9690739.1805784,9013704.0,49.912214368211814
17.02,-9690944.72259267,9014236.0,49.91220813043741
17.03,-9691150.97406013,9014775.0,49.912201935411424
17.04,-9691357.945147935,9015321.0,49.91219578314838
17.05,-9691565.64496681,9015873.0,49.91218967364434
17.06,-9691774.080884509,9016432.0,49.91218360688377
17.07,-9691983.261199746,9016998.0,49.912177582877725
17.08,-9692193.196911015,9017571.0,49.9121716016566
17.09,-9692403.8984181,9018150.0,49.91216566322454
17.1,-9692615.369537046,9018735.0,49.91215976752778
17.11,-9692827.616601342,9019329.0,49.91215391458759
17.12,-9693040.648183266,9019928.0,49.91214810443069
17.13,-9693254.468432095,9020534.0,49.912142337021415
17.14,-9693469.084300213,9021148.0,49.91213661238841
17.15,-9693684.505322104,9021768.0,49.91213093056488
17.16,-9693900.735927721,9022394.0,49.91212529151361
17.17,-9694117.778962785,9023028.0,49.91211969522259
17.18,-9694335.641212413,9023669.0,49.91211414173111
17.19,-9694554.33255613,9024317.0,49.912108631080564
17.2,-9694773.865405701,9024972.0,49.91210316331324
17.21,-9694994.249924585,9025633.0,49.91209773843078
17.22,-9695215.495446896,9026302.0,49.91209235644652
17.23,-9695437.61486316,9026978.0,49.91208701741454
17.24,-9695660.614770625,9027659.0,49.91208172130239
17.25,-9695884.499047574,9028349.0,49.91207646809789
17.26,-9696109.276995437,9029046.0,49.912071257869066
17.27,-9696334.957311828,9029749.0,49.912066090631754
17.28,-9696561.54415697,9030459.0,49.91206096636442
17.29,-9696789.038623968,9031176.0,49.91205588505236
17.3,-9697017.444087755,9031901.0,49.91205084672539
17.31,-9697246.76849021,9032633.0,49.912045851443345
17.32,-9697477.017969143,9033371.0,49.9120408992117
17.33,-9697708.193149688,9034116.0,49.91203598999704
17.34,-9697940.29500003,9034869.0,49.91203112381172
17.35,-9698173.327795507,9035629.0,49.912026300699196
17.36,-9698407.297132354,9036396.0,49.912021520689635
17.37,-9698642.208278393,9037170.0,49.91201678380249
17.38,-9698878.065545337,9037951.0,49.912012090048286
17.39,-9699114.871716524,9038739.0,49.91200743943
17.4,-9699352.627302269,9039534.0,49.91200283194428
17.41,-9699591.330990052,9040336.0,49.911998267582405
17.42,-9699830.983287064,9041146.0,49.911993746371344
17.43,-9700071.584587228,9041962.0,49.91198926832136
17.44,-9700313.13049811,9042785.0,49.91198483339692
17.45,-9700555.621117622,9043617.0,49.91198044164371
17.46,-9700799.057683107,9044454.0,49.91197609308228
17.47,-9701043.441605413,9045300.0,49.9119717877285
17.48,-9701288.77674876,9046152.0,49.91196752562008
17.49,-9701535.063624311,9047011.0,49.911963306742216
17.5,-9701782.299780695,9047877.0,49.9119591310763
17.51,-9702030.48389957,9048751.0,49.91195499864096
17.52,-9702279.6184198,9049632.0,49.911950909480254
17.53,-9702529.698947536,9050518.0,49.911946863541395
17.54,-9702780.717031436,9051413.0,49.911942860785125
17.55,-9703032.668814393,9052315.0,49.9119389012486
17.56,-9703285.548776627,9053223.0,49.91193498491555
17.57,-9703539.35041539,9054139.0,49.911931111773235
17.58,-9703794.074334502,9055063.0,49.9119272818853
17.59,-9704049.720512081,9055992.0,49.911923495254804
17.6,-9704306.281175781,9056928.0,49.91191975180996
17.61,-9704563.74784968,9057872.0,49.91191605153523
17.62,-9704822.11192243,9058822.0,49.911912394415694
17.63,-9705081.36555873,9059780.0,49.91190878044566
17.64,-9705341.50580429,9060745.0,49.91190520966063
17.65,-9705602.525309393,9061715.0,49.91190168201264
17.66,-9705864.411577158,9062693.0,49.91189819743831
17.67,-9706127.154415842,9063678.0,49.911894755933034
17.68,-9706390.746343577,9064670.0,49.911891357502775
17.69,-9706655.175073085,9065667.0,49.9118880020832
17.7,-9706920.428514484,9066673.0,49.911884689645284
17.71,-9707186.49585857,9067684.0,49.91188142017432
17.72,-9707453.362679336,9068702.0,49.91187819360316
17.73,-9707721.01485702,9069727.0,49.91187500989929
17.74,-9707989.437895127,9070758.0,49.91187186901884
17.75,-9708258.616691642,9071796.0,49.911868770915305
17.76,-9708528.535594586,9072840.0,49.911865715538816
17.77,-9708799.175152568,9073890.0,49.91186270280293
17.78,-9709070.518316826,9074948.0,49.911859732675815
17.79,-9709342.550105423,9076011.0,49.911856805122966
17.8,-9709615.250485318,9077080.0,49.9118539200414
17.81,-9709888.602166874,9078157.0,49.91185107739488
17.82,-9710162.591123695,9079239.0,49.91184827715392
17.83,-9710437.199819583,9080327.0,49.9118455192282
17.84,-9710712.411473798,9081422.0,49.91184280356003
17.85,-9710988.212627375,9082523.0,49.9118401301162
17.86,-9711264.590929095,9083630.0,49.91183749884919
17.87,-9711541.530636456,9084742.0,49.911834909663575
17.88,-9711819.010042949,9085860.0,49.91183236243394
17.89,-9712097.008985357,9086985.0,49.91182985709142
17.9,-9712375.513007691,9088116.0,49.91182739361058
17.91,-9712654.50431483,9089251.0,49.911824971886524
17.92,-9712933.961650325,9090393.0,49.911822591804196
17.93,-9712933.961650325,9091541.0,49.911822591804196
17.94,-9713219.60465696,9092974.0,49.911820310710084
17.95,-9713519.77980186,9094127.0,49.91181816747614
17.96,-9713838.643843448,9095271.0,49.911816139254455
17.97,-9714177.361196708,9096403.0,49.911814206917256
17.98,-9714534.962112484,9097521.0,49.91181235380384
17.99,-9714908.978663547,9098625.0,49.911810565037825
18.0,-9715295.943057302,9099719.0,49.91180882729501
18.01,-9715691.78058056,9100804.0,49.911807128676884
18.02,-9716092.132868344,9101887.0,49.91180545876022
18.03,-9716492.623743366,9102970.0,49.91180380866443
18.04,-9716889.069133518,9104058.0,49.9118021710504
18.05,-9717277.652409794,9105156.0,49.911800540233905
18.06,-9717655.055426579,9106266.0,49.9117989121556
18.07,-9718018.555125186,9107393.0,49.91179728436844
18.08,-9718366.085841926,9108538.0,49.9117956559738
18.09,-9718696.269229045,9109704.0,49.91179402750124
18.1,-9719008.422591688,9110893.0,49.911792400840845
18.11,-9719302.531397406,9112103.0,49.91179077898519
18.12,-9719579.196126293,9113335.0,49.91178916579485
18.13,-9719839.578528509,9114591.0,49.911787565955
18.14,-9720085.323468143,9115866.0,49.911785984686965
18.15,-9720318.46689214,9117161.0,49.91178442750031
18.16,-9720541.339577781,9118472.0,49.91178290000859
18.17,-9720756.462431783,9119797.0,49.911781407675676
18.18,-9720966.448421765,9121134.0,49.911779955683606
18.19,-9721173.908307979,9122480.0,49.911778548783204
18.2,-9721381.357393086,9123831.0,49.9117771910964
18.21,-9721591.138907203,9125187.0,49.91177588608283
18.22,-9721805.361220904,9126544.0,49.911774636496254
18.23,-9722025.841570117,9127900.0,49.91177344428428
18.24,-9722254.059956528,9129252.0,49.91177231054363
18.25,-9722491.132195987,9130600.0,49.91177123557044
18.26,-9722737.799598578,9131942.0,49.911770218930464
18.27,-9722994.432472747,9133278.0,49.9117692595242
18.28,-9723261.045322519,9134607.0,49.9117683556742
18.29,-9723537.317384599,9135928.0,49.91176750516102
18.3,-9723822.623647267,9137242.0,49.9117667053362
18.31,-9724116.075750206,9138549.0,49.91176595324744
18.32,-9724416.576151868,9139852.0,49.91176524582428
18.33,-9724722.865196414,9141148.0,49.91176457989585
18.34,-9725033.57183237,9142442.0,49.911763952311546
18.35,-9725347.270556258,9143733.0,49.91176336008886
18.36,-9725662.532686329,9145024.0,49.911762800473426
18.37,-9725977.97024244,9146314.0,49.91176227097377
18.38,-9726292.278738612,9147607.0,49.91176176944506
18.39,-9726604.27495336,9148902.0,49.91176129413673
18.4,-9726912.922256844,9150201.0,49.91176084366858
18.41,-9727217.350757742,9151504.0,49.911760417041364
18.42,-9727516.872142788,9152813.0,49.91176001365144
18.43,-9727810.989537546,9154128.0,49.911759633293656
18.44,-9728099.400096484,9155450.0,49.911759276129345
18.45,-9728381.991443856,9156779.0,49.91175894265576
18.46,-9728658.822319517,9158113.0,49.911758633564034
18.47,-9728930.106936334,9159455.0,49.911758349753946
18.48,-9729196.199582418,9160803.0,49.91175809232403
18.49,-9729457.565564502,9162156.0,49.91175786242023
18.5,-9729714.752932724,9163514.0,49.91175766119262
18.51,-9729968.36880705,9164877.0,49.911757489795846
18.52,-9730219.059861101,9166245.0,49.911757349387265
18.53,-9730467.480448028,9167614.0,49.91175724096451
18.54,-9730714.267712926,9168987.0,49.911757165372904
18.55,-9730960.02011923,9170360.0,49.91175712328456
18.56,-9731205.274041144,9171734.0,49.911757115127514
18.57,-9731450.494487405,9173109.0,49.91175714117206
18.58,-9731696.067739734,9174484.0,49.911757201521745
18.59,-9731942.284228921,9175856.0,49.91175729599095
18.6,-9732189.333506597,9177228.0,49.91175742417845
18.61,-9732437.309177527,9178598.0,49.911757585542645
18.62,-9732686.213331988,9179967.0,49.911757779400126
18.63,-9732935.960761836,9181333.0,49.91175800491501
18.64,-9733186.383301642,9182697.0,49.91175826110335
18.65,-9733437.245521316,9184060.0,49.91175854694662
18.66,-9733688.255272683,9185420.0,49.911758861361434
18.67,-9733939.075516474,9186779.0,49.9117592032285
18.68,-9734189.342789477,9188137.0,49.91175957148142
18.69,-9734438.678195914,9189493.0,49.91175996506413
18.7,-9734686.697286692,9190848.0,49.91176038294272
18.71,-9734933.026231771,9192203.0,49.91176082418745
18.72,-9735177.320654258,9193559.0,49.91176128803661
18.73,-9735419.269638129,9194913.0,49.91176177378687
18.74,-9735658.598891007,9196268.0,49.91176228080309
18.75,-9735895.079727128,9197623.0,49.91176280858309
18.76,-9736128.529980533,9198978.0,49.91176335670256
18.77,-9736358.81731363,9200334.0,49.91176392484806
18.78,-9736585.863616455,9201691.0,49.91176451283826
18.79,-9736809.641666554,9203048.0,49.91176512056364
18.8,-9737030.167449292,9204405.0,49.91176574794303
18.81,-9737247.497929303,9205763.0,49.911766394964914
18.82,-9737461.727334505,9207121.0,49.91176706167523
18.83,-9737672.975737525,9208478.0,49.911767748094995
18.84,-9737881.384902578,9209836.0,49.9117684542755
18.85,-9738087.114577722,9211193.0,49.91176918028945
18.86,-9738290.33108467,9212549.0,49.91176992615895
18.87,-9738491.204940742,9213905.0,49.91177069191152
18.88,-9738689.900041008,9215258.0,49.91177147750015
18.89,-9738886.56492187,9216610.0,49.91177228279596
18.9,-9739081.335627958,9217961.0,49.91177310768343
18.91,-9739274.333799498,9219310.0,49.911773952022166
18.92,-9739465.659455335,9220656.0,49.911774815581566
18.93,-9739655.383985963,9221999.0,49.91177569803052
18.94,-9739843.556064982,9223341.0,49.911776599045105
18.95,-9740030.198115846,9224678.0,49.91177751822583
18.96,-9740215.311830638,9226015.0,49.91177845517556
18.97,-9740398.881195432,9227347.0,49.911779409487174
18.98,-9740580.866348637,9228676.0,49.91178038065186
18.99,-9740761.213038182,9230003.0,49.911781368201474
19.0,-9740939.855606085,9231326.0,49.91178237166304
19.01,-9741116.717359204,9232646.0,49.91178339053518
19.02,-9741291.715841753,9233963.0,49.91178442433833
19.03,-9741464.767494192,9235277.0,49.91178547261742
19.04,-9741635.791411994,9236588.0,49.91178653494398
19.05,-9741804.70844098,9237895.0,49.91178761087785
19.06,-9741971.446025928,9239200.0,49.91178870002062
19.07,-9742135.944666842,9240502.0,49.911789802045405
19.08,-9742298.150543801,9241799.0,49.91179091657199
19.09,-9742458.019976338,9243095.0,49.911792043272115
19.1,-9742615.521101583,9244386.0,49.91179318184908
19.11,-9742770.628034461,9245674.0,49.911794331971535
19.12,-9742923.325099695,9246959.0,49.911795493359044
19.13,-9743073.613125771,9248242.0,49.911796665815224
19.14,-9743221.500596432,9249519.0,49.91179784909086
19.15,-9743366.999851672,9250794.0,49.91179904291537
19.16,-9743510.13507524,9252066.0,49.911800247110406
19.17,-9743650.93571373,9253333.0,49.91180146145759
19.18,-9743789.43278546,9254597.0,49.91180268571927
19.19,-9743925.660365788,9255857.0,49.9118039196791
19.2,-9744059.648870204,9257112.0,49.9118051630655
19.21,-9744191.425956728,9258364.0,49.91180641561145
19.22,-9744321.020450797,9259612.0,49.911807677089676
19.23,-9744448.457732147,9260855.0,49.911808947231876
19.24,-9744573.757788485,9262094.0,49.911810225745825
19.25,-9744696.934005162,9263328.0,49.911811512321094
19.26,-9744817.993718384,9264558.0,49.91181280664081
19.27,-9744936.938940838,9265783.0,49.91181410838358
19.28,-9745053.767772956,9267004.0,49.9118154172322
19.29,-9745168.47547585,9268220.0,49.911816732873014
19.3,-9745281.056173751,9269432.0,49.911818055002854
19.31,-9745391.503819944,9270639.0,49.91181938332674
19.32,-9745499.805813948,9271840.0,49.91182071748414
19.33,-9745605.943896946,9273037.0,49.91182205711073
19.34,-9745709.902913488,9274230.0,49.91182340191454
19.35,-9745811.668084001,9275417.0,49.91182475158329
19.36,-9745911.220503926,9276599.0,49.91182610576001
19.37,-9746008.546878014,9277778.0,49.91182746417112
19.38,-9746103.635944307,9278950.0,49.9118288265235
19.39,-9746196.470843185,9280117.0,49.911830192446835
19.4,-9746287.039531806,9281281.0,49.911831561664606
19.41,-9746375.33274469,9282438.0,49.911832933888135
19.42,-9746461.340125674,9283591.0,49.91183430879651
19.43,-9746545.055296933,9284739.0,49.91183568611405
19.44,-9746626.470740208,9285881.0,49.911837065526164
19.45,-9746705.579845466,9287019.0,49.911838446733285
19.46,-9746782.377312057,9288151.0,49.91183982944183
19.47,-9746856.860006772,9289279.0,49.91184121337181
19.48,-9746929.023322167,9290400.0,49.91184259820866
19.49,-9746998.863737216,9291518.0,49.91184398366343
19.5,-9747066.379503848,9292629.0,49.91184536945411
19.51,-9747131.56825794,9293736.0,49.91184675528092
19.52,-9747194.428898295,9294837.0,49.91184814086089
19.53,-9747254.963413296,9295934.0,49.91184952593326
19.54,-9747313.177344464,9297025.0,49.911850910248994
19.55,-9747369.076889014,9298111.0,49.91185229353772
19.56,-9747422.666508013,9299191.0,49.91185367551087
19.57,-9747473.948523093,9300266.0,49.911855055871115
19.58,-9747522.92658715,9301336.0,49.911856434352096
19.59,-9747569.607682122,9302401.0,49.911857810712895
19.6,-9747613.999448901,9303460.0,49.9118591846944
19.61,-9747656.113095159,9304515.0,49.91186055606805
19.62,-9747695.96414498,9305564.0,49.91186192462286
19.63,-9747733.56549727,9306607.0,49.91186329009065
19.64,-9747768.927362101,9307645.0,49.91186465219956
19.65,-9747802.061185893,9308678.0,49.911866010711485
19.66,-9747832.981705869,9309706.0,49.911867365414885
19.67,-9747861.704165868,9310728.0,49.91186871607978
19.68,-9747888.238960853,9311744.0,49.911870062426374
19.69,-9747912.596696379,9312756.0,49.91187140421573
19.7,-9747934.790297505,9313762.0,49.91187274123313
19.71,-9747954.832849016,9314763.0,49.911874073250424
19.72,-9747972.739989107,9315759.0,49.91187540006502
19.73,-9747988.52723731,9316749.0,49.911876721454355
19.74,-9748002.208398473,9317734.0,49.91187803718403
19.75,-9748013.798464626,9318714.0,49.91187934704607
19.76,-9748023.311053457,9319688.0,49.9118806508133
19.77,-9748030.761538982,9320658.0,49.91188194828664
19.78,-9748036.163579684,9321621.0,49.91188323924179
19.79,-9748039.532761166,9322581.0,49.9118845234853
19.8,-9748040.88244093,9323533.0,49.9118858007933
19.81,-9748040.223856634,9324482.0,49.91188707093657
19.82,-9748037.575694267,9325426.0,49.91188833378196
19.83,-9748032.954818,9326363.0,49.91188958911961
19.84,-9748026.378772834,9327297.0,49.911890836766695
19.85,-9748017.870402008,9328225.0,49.911892076585914
19.86,-9748007.448685398,9329147.0,49.91189330836719
19.87,-9747995.135681944,9330066.0,49.91189453196249
19.88,-9747980.955226524,9330978.0,49.911895747220676
19.89,-9747964.929458076,9331886.0,49.91189695396267
19.9,-9747947.083374072,9332789.0,49.91189815205529
19.91,-9747927.44386869,9333687.0,49.91189934136395
19.92,-9747906.042415705,9334581.0,49.911900521791566
19.93,-9747882.908640347,9335468.0,49.91190169318618
19.94,-9747858.070656378,9336352.0,49.91190285540264
19.95,-9747831.561843382,9337231.0,49.91190400836384
19.96,-9747803.413394619,9338104.0,49.91190515193249
19.97,-9747773.657844417,9338974.0,49.91190628600577
19.98,-9747742.325424239,9339837.0,49.91190741045523
19.99,-9747709.447931726,9340698.0,49.91190852518475
20.0,-9747675.061925575,9341553.0,49.911909630142425
20.01,-9747627.32030251,9342403.0,49.91191060634354
20.02,-9747406.346632287,9343261.0,49.911909946401586
20.03,-9746488.367274053,9344285.0,49.911903654748805
20.04,-9743838.781362597,9346001.0,49.911885442897145
20.05,-9737837.709365293,9349442.0,49.91184708672378
20.06,-9726267.773909798,9356229.0,49.91177882393002
20.07,-9706354.450265825,9368579.0,49.911669783575704
20.08,-9674849.5293735,9389268.0,49.91150843582001
20.09,-9628148.350418787,9421541.0,49.911283048413594
20.1,-9562431.67920516,9469006.0,49.91098213660426
20.11,-9473823.40695084,9535480.0,49.91059489329368
20.12,-9358555.700431596,9624842.0,49.91011158742266
20.13,-9213133.83416577,9740856.0,49.909523919932184
20.14,-9034493.693600945,9887020.0,49.908825328580434
20.15,-8820145.802234493,10066400.0,49.908011234671775
20.16,-8568300.656278733,10281480.0,49.9070792265155
20.17,-8277971.183642619,10534050.0,49.90602917678068
20.18,-7949049.197323112,10825100.0,49.90486329276347
20.19,-7582353.767050867,11154740.0,49.90358610044384
20.2,-7179650.481455067,11522150.0,49.90220436510055
20.21,-6743641.577673407,11925560.0,49.90072695289848
20.22,-6277926.855451647,12362270.0,49.89916462931442
20.23,-5786935.111081829,12828690.0,49.897529788926064
20.24,-5275828.0131543875,13320380.0,49.89583613437226
20.25,-4750381.667165726,13832180.0,49.894098338507135
20.26,-4216852.241749588,14358320.0,49.89233170932462
20.27,-3681831.8234282043,14892540.0,49.8905518670529
20.28,-3152099.6366279116,15428240.0,49.88877443486629
20.29,-2634473.091953745,15958660.0,49.88701474668872
20.3,-2135662.464444548,16476970.0,49.885287574830684
20.31,-1662130.0826426893,16976460.0,49.88360685665929
20.32,-1219954.663939084,17450680.0,49.881985420257685
20.33,-814704.1889147274,17893530.0,49.880434738653214
20.34,-451321.4808570668,18299470.0,49.87896472850319
20.35,-134025.52337834984,18663530.0,49.877583592159525
20.36,133769.43295126408,18981510.0,49.876297701528486
20.37,349515.78680372797,19250000.0,49.875111521549506
20.38,511575.06034691446,19466430.0,49.87402757081928
20.39,619241.1509269979,19629190.0,49.87304641582299
20.4,672746.9016995803,19737550.0,49.87216667740579
20.41,673256.6805688702,19791760.0,49.87138504467676
20.42,622845.7898638565,19792980.0,49.870696311089944
20.43,524467.0074504577,19743290.0,49.87009343776674
20.44,381905.27626352385,19645630.0,49.86956763780512
20.45,199722.03859936446,19503800.0,49.86910847604696
20.46,-16808.910917902365,19322360.0,49.868703978633214
20.47,-261771.86213848926,19106570.0,49.868340746250496
20.48,-528683.5283232126,18862370.0,49.868004065242616
20.49,-810568.677441204,18596230.0,49.867678009849364
20.5,-1100034.3627085006,18315120.0,49.86734552938692
20.51,-1389351.2024833513,18026450.0,49.86698862606793
20.52,-1670653.3540397212,17737930.0,49.86658967439212
20.53,-1936247.8383408813,17457440.0,49.8661329190563
20.54,-2178901.7571217297,17192680.0,49.86560492306633
20.55,-2392090.938291873,16950860.0,49.86499483919669
20.56,-2570206.8276877813,16738530.0,49.86429459858849
20.57,-2708719.0350618353,16561280.0,49.86349901066439
20.58,-2804291.8963725185,16423660.0,49.86260577315315
20.59,-2854854.4692545356,16328980.0,49.86161539379352
20.6,-2859624.5700889677,16279340.0,49.86053102883525
20.61,-2819088.1171530196,16275500.0,49.85935824065859
20.62,-2734931.802215415,16316980.0,49.85810463936265
20.63,-2609933.4043359356,16402100.0,49.85677946158324
20.64,-2447819.984291142,16528080.0,49.85539314977594
20.65,-2253103.9124738863,16691190.0,49.853956946701466
20.66,-2030905.1119107986,16886930.0,49.85248250758676
20.67,-1786766.9141964428,17110160.0,49.8509815360295
20.68,-1526472.140437764,17355350.0,49.849465450530936
20.69,-1255865.2935918095,17616710.0,49.847945088298054
20.7,-980685.9565675799,17888410.0,49.84643045147739
20.71,-706417.7187773827,18164700.0,49.84493050012367
20.72,-438156.10467571765,18440090.0,49.84345299436273
20.73,-180498.10014786944,18709500.0,49.84200438652388
20.74,62545.01553851366,18968330.0,49.84058976240577
20.75,287610.68764602765,19212560.0,49.83921282943293
20.76,492025.102845069,19438840.0,49.837875936411095
20.77,673824.2676530834,19644480.0,49.83658009612362
20.78,831757.2146370392,19827540.0,49.83532503450763
20.79,965270.023191765,19986750.0,49.83410929015315
20.8,1074470.654168466,20121560.0,49.832930356007424
20.81,1160076.0353190862,20232080.0,49.831784851211594
20.82,1223343.796151355,20319030.0,49.8306687125365
20.83,1265991.6448005047,20383670.0,49.82957739629006
20.84,1290107.6708119307,20427710.0,49.8285060829871
20.85,1298055.0373496693,20453240.0,49.82744987717102
20.86,1292374.5064881202,20462630.0,49.82640399601005
20.87,1275688.034631312,20458420.0,49.82536394175213
20.88,1250606.4572977256,20443230.0,49.824325653307774
20.89,1219643.9682895578,20419680.0,49.82328563327769
20.9,1185141.6823793612,20390260.0,49.82224104809714
20.91,1149202.1465839772,20357340.0,49.82118979962807
20.92,1113636.2091889502,20323010.0,49.82013056756773
20.93,1079923.1651238222,20289080.0,49.81906282310419
20.94,1049184.6507663932,20257030.0,49.81798681478063
20.95,1022172.2725598086,20227980.0,49.816903528802634
20.96,999268.5328061134,20202690.0,49.815814626391145
20.97,980500.2190608075,20181540.0,49.81472236146999
20.98,965563.0337187517,20164560.0,49.813629482839694
20.99,953856.004239588,20151430.0,49.81253912442237
21.0,944523.9395002816,20141570.0,49.81145468821213
21.01,936506.056440223,20134120.0,49.81037972402581
21.02,928588.7932362203,20128010.0,49.809317810316635
21.03,919460.802651396,20122030.0,49.8082724399533
21.04,907768.1745210402,20114880.0,49.8072469143361
21.05,892168.0507880077,20105190.0,49.806244248799025
21.06,871378.9444129383,20091630.0,49.80526709183499
21.07,844226.268790571,20072920.0,49.80431766014929
21.08,809681.8760136869,20047880.0,49.80339769031908
21.09,766896.6549971234,20015470.0,49.802508407778966
21.1,715225.5117333028,19974870.0,49.80165051322974
21.11,654244.3666364849,19925410.0,49.80082418569736
21.12,583759.0745496117,19866670.0,49.800029101235936
21.13,503806.4473014381,19798470.0,49.799264465713875
21.14,414647.8180289222,19720840.0,49.798529059655564
21.15,316755.78171722125,19634030.0,49.79782129315103
21.16,210794.93084764946,19538530.0,49.79713926848453
21.17,97597.54332389962,19435000.0,49.79648084809857
21.18,-21864.7153261099,19324260.0,49.79584372543608
21.19,-146511.94725713693,19207300.0,49.79522549626109
21.2,-275188.89432410616,19085190.0,49.79462372829133
21.21,-406698.4003025545,18959090.0,49.79403602710921
21.22,-539834.3876652792,18830190.0,49.793460096563855
21.23,-673413.3309305767,18699700.0,49.79289379192825
21.24,-806303.3602081854,18568810.0,49.79233516500061
21.25,-937450.2431248156,18438650.0,49.79178250021005
21.26,-1065899.5941963298,18310260.0,49.79123434077167
21.27,-1190814.859243488,18184620.0,49.79068950506398
21.28,-1311490.777028216,18062540.0,49.790147093312726
21.29,-1427362.160496599,17944740.0,49.78960648482752
21.3,-1538008.0261636171,17831780.0,49.78906732674685
21.31,-1643151.224104858,17724090.0,49.788529515045354
21.32,-1742653.8495899849,17621940.0,49.78799316886062
21.33,-1836508.8385891365,17525470.0,49.78745859943946
21.34,-1924828.244267854,17434680.0,49.786926275043584
21.35,-2007828.7995833308,17349470.0,49.78639678352628
21.36,-2085815.3837935533,17269620.0,49.78587079366615
21.37,-2159163.0191433877,17194810.0,49.78534901637824
21.38,-2228298.085629103,17124690.0,49.784832167559465
21.39,-2293679.4092187816,17058810.0,49.78432093359407
21.4,-2355779.810908716,16996730.0,49.78381594019266
21.41,-2415068.6596448207,16937960.0,49.78331772541974
21.42,-2471995.9498970862,16882050.0,49.78282671793424
21.43,-2526978.2968950784,16828530.0,49.782343220452994
21.44,-2580387.1621844806,16777000.0,49.7818673986764
21.45,-2632539.5334078986,16727080.0,49.78139927572264
21.46,-2683691.17790409,16678450.0,49.780938731783536
21.47,-2734032.5375758708,16630870.0,49.78048550904513
21.48,-2783687.1990549434,16584120.0,49.780039220994354
21.49,-2832712.804115326,16538110.0,49.77959936558979
21.5,-2881104.2112538703,16492760.0,49.779165341776356
21.51,-2928798.652082539,16448080.0,49.77873646852283
21.52,-2975682.5645494126,16404130.0,49.77831200549701
21.53,-3021599.780780834,16361030.0,49.77789117483696
21.54,-3066360.705892657,16318940.0,49.7774731831251
21.55,-3109752.106449561,16278040.0,49.77705724271053
21.56,-3151547.1600299403,16238540.0,49.77664259201069
21.57,-3191515.4210398076,16200670.0,49.77622851410872
21.58,-3229432.3712471747,16164670.0,49.77581435305083
21.59,-3265088.2708919765,16130760.0,49.77539952758702
21.6,-3298296.069456631,16099140.0,49.77498354208014
21.61,-3328898.177268199,16070000.0,49.77456599441306
21.62,-3356771.9473358793,16043510.0,49.77414658080791
21.63,-3381833.758628504,16019780.0,49.773725097502094
21.64,-3404041.6632503923,15998890.0,49.77330143961453
21.65,-3423396.6042237743,15980900.0,49.77287559737389
21.66,-3439942.2377368603,15965790.0,49.77244764983683
21.67,-3453763.4524480994,15953520.0,49.77201775658046
21.68,-3464983.7086511427,15944020.0,49.77158614771247
21.69,-3473761.3427007194,15937140.0,49.77115311254024
21.7,-3480285.033870491,15932740.0,49.77071898759653
21.71,-3484768.607264146,15930630.0,49.77028414410233
21.72,-3487445.375103917,15930600.0,49.76984897543401
21.73,-3488562.230398528,15932400.0,49.769413885085555
21.74,-3488373.670260427,15935800.0,49.76897927517874
21.75,-3487135.9392365483,15940530.0,49.76854553600246
21.76,-3485101.4670800096,15946340.0,49.76811303686253
21.77,-3482513.75827281,15952980.0,49.76768211843848
21.78,-3479602.838402294,15960210.0,49.76725308653814
21.79,-3476581.3646908514,15967790.0,49.766826207546025
21.8,-3473641.484650392,15975510.0,49.76640170563443
21.81,-3470952.468172248,15983180.0,49.76597976142602
21.82,-3468659.1444050563,15990640.0,49.765560512307054
21.83,-3466881.1256680125,15997720.0,49.7651440540662
21.84,-3465712.790283165,16004320.0,49.76473044380691
21.85,-3465223.9692952097,16010340.0,49.764319703908974
21.86,-3465461.2603647755,16015710.0,49.76391182677338
21.87,-3466449.895059665,16020390.0,49.76350678030958
21.88,-3468196.048654075,16024340.0,49.76310451369861
21.89,-3470689.492719907,16027560.0,49.76270496336702
21.9,-3473906.4848443987,16030060.0,49.76230805893433
21.91,-3477812.783160251,16031870.0,49.761913728896765
21.92,-3482366.6799882343,16033020.0,49.761521905864036
21.93,-3487521.9677180243,16033550.0,49.761132531340564
21.94,-3493230.7533124583,16033500.0,49.760745559886495
21.95,-3499446.026044278,16032930.0,49.7603609623347
21.96,-3506123.92164468,16031880.0,49.75997872824789
21.97,-3513225.63849667,16030390.0,49.75959886754945
21.98,-3520718.9612835385,16028500.0,49.75922141122589
21.99,-3528579.38546012,16026250.0,49.758846411308724
22.0,-3536790.8284922843,16023660.0,49.75847394002481
22.01,-3545345.921185709,16020740.0,49.75810408809431
22.02,-3554245.920848608,16017510.0,49.75773696260132
22.03,-3563500.277882402,16013950.0,49.75737268437588
22.04,-3573125.8760783803,16010070.0,49.7570113848084
22.05,-3583146.0022821333,16005840.0,49.75665320243183
22.06,-3593589.104761473,16001240.0,49.75629827942436
22.07,-3604487.3988514394,15996240.0,49.75594675808988
22.08,-3615875.3702774546,15990810.0,49.7555987773639
22.09,-3627788.2262284337,15984910.0,49.755254469430476
22.1,-3640260.3619286804,15978510.0,49.754913956709714
22.11,-3653323.8978049043,15971580.0,49.75457734925987
22.12,-3667007.3155848035,15964080.0,49.75424474242234
22.13,-3681334.2447560043,15955980.0,49.75391621503995
22.14,-3696322.432877379,15947260.0,49.75359182816604
22.15,-3711982.91741832,15937900.0,49.75327162422185
22.16,-3728319.4255632902,15927890.0,49.75295562674611
22.17,-3745328.0062022726,15917220.0,49.75264384057708
22.18,-3762996.8848312646,15905910.0,49.752336252405904
22.19,-3781306.5499558374,15893950.0,49.75203283185179
22.2,-3800230.0515739378,15881380.0,49.75173353284271
22.21,-3819733.492834089,15868210.0,49.75143829529264
22.22,-3839776.695631751,15854480.0,49.75114704704702
22.23,-3860313.990655106,15840240.0,49.750859705775994
22.24,-3881295.1281404095,15825520.0,49.7505761811924
22.25,-3902666.266779786,15810370.0,49.750296377200954
22.26,-3924371.0014796625,15794860.0,49.75002019394124
22.27,-3946351.4131927746,15779020.0,49.74974752986416
22.28,-3968549.0907250885,15762940.0,49.749478283483285
22.29,-3990906.1085992125,15746650.0,49.74921235502581
22.3,-4013365.932878432,15730220.0,49.74894964783559
22.31,-4035874.2314585624,15713710.0,49.74869006948659
22.32,-4058379.5806627674,15697170.0,49.74843353272537
22.33,-4080834.0461642453,15680640.0,49.748179956050016
22.34,-4103193.6290862765,15664190.0,49.74792926400669
22.35,-4125418.5760850618,15647840.0,49.74768138724787
22.36,-4147473.56025362,15631650.0,49.74743626240608
22.37,-4169327.7338903844,15615650.0,49.74719383173101
22.38,-4190954.6580545753,15599860.0,49.74695404251277
22.39,-4212332.121137641,15584310.0,49.74671684636034
22.4,-4233441.873014686,15569030.0,49.74648219848892
22.41,-4254269.274908477,15554030.0,49.7462500568027
22.42,-4274802.88601317,15539330.0,49.74602038096801
22.43,-4295034.012251765,15524940.0,49.74579313155284
22.44,-4314956.234912017,15510860.0,49.74556826921802
22.45,-4334564.938602479,15497110.0,49.74534575399922
22.46,-4353856.843145812,15483680.0,49.74512554457536
22.47,-4372829.561133631,15470590.0,49.74490759770865
22.48,-4391481.198989295,15457820.0,49.74469186786396
22.49,-4409810.008089304,15445390.0,49.744478306933374
22.5,-4427814.088634938,15433300.0,49.744266864055184
22.51,-4445491.158146923,15421540.0,49.74405748562097
22.52,-4462838.388051266,15410120.0,49.74385011543138
22.53,-4479852.31297235,15399050.0,49.74364469501319
22.54,-4496528.794851249,15388320.0,49.743441163905395
22.55,-4512863.045901514,15377940.0,49.743239460093655
22.56,-4528849.718128455,15367910.0,49.74303952064466
22.57,-4544483.030800091,15358230.0,49.74284128221075
22.58,-4559756.939781843,15348930.0,49.74264468166249
22.59,-4574665.3375554485,15339990.0,49.74244965671937
22.6,-4589202.265648227,15331430.0,49.74225614648683
22.61,-4603362.1399582485,15323240.0,49.742064092048146
22.62,-4617139.9803444855,15315450.0,49.74187343702279
22.63,-4630531.625571954,15308040.0,49.74168412797611
22.64,-4643533.93095259,15301030.0,49.74149611479105
22.65,-4656144.951828552,15294420.0,49.74130935106331
22.66,-4668364.088984516,15288210.0,49.74112379424936
22.67,-4680192.2030160595,15282400.0,49.74093940581639
22.68,-4691631.694669589,15276980.0,49.74075615132116
22.69,-4702686.540298009,15271960.0,49.74057400030445
22.7,-4713362.295711281,15267340.0,49.740392926245654
22.71,-4723666.073357635,15263100.0,49.74021290648241
22.72,-4733606.479605242,15259240.0,49.74003392195166
22.73,-4743193.515273187,15255740.0,49.73985595686847
22.74,-4752438.453623905,15252610.0,49.73967899845428
22.75,-4761353.705790916,15249820.0,49.73950303670339
22.76,-4769952.660618676,15247370.0,49.73932806398289
22.77,-4778249.518511519,15245240.0,49.7391540747458
22.78,-4786259.122696962,15243420.0,49.73898106525542
22.79,-4793996.788410808,15241890.0,49.73880903327972
22.8,-4801478.133362065,15240640.0,49.738637977801794
22.81,-4808718.915294502,15239640.0,49.738467898767944
22.82,-4815734.880823508,15238890.0,49.73829879687318
22.83,-4822541.630478163,15238370.0,49.738130673397464
22.84,-4829154.50221231,15238060.0,49.73796353009261
22.85,-4835588.470240314,15237940.0,49.73779736905081
22.86,-4841858.06476407,15238010.0,49.73763219265453
22.87,-4847977.304039148,15238250.0,49.73746800347879
22.88,-4853959.641717607,15238640.0,49.73730480423196
22.89,-4859817.935717413,15239160.0,49.73714259779018
22.9,-4865564.430295588,15239810.0,49.73698138719126
22.91,-4871210.753979534,15240580.0,49.736821175675736
22.92,-4876767.924107548,15241440.0,49.73666196667413
22.93,-4882246.362040965,15242400.0,49.73650376384344
22.94,-4887655.913318999,15243430.0,49.73634657107818
22.95,-4893005.86917837,15244540.0,49.73619039248912
22.96,-4898304.998045846,15245700.0,49.73603523248254
22.97,-4903561.575175403,15246910.0,49.73588109574047
22.98,-4908783.410254229,15248170.0,49.735727987201486
22.99,-4913977.879924557,15249460.0,49.73557591210849
23.0,-4919151.946542126,15250770.0,49.73542487588559
23.01,-4924312.176756312,15252100.0,49.73527488412364
23.02,-4929464.764869075,15253450.0,49.735125942618744
23.03,-4934615.545142556,15254800.0,49.73497805726012
23.04,-4939770.003797866,15256150.0,49.73483123401249
23.05,-4944933.29110313,15257500.0,49.73468547889562
23.06,-4950110.226256757,15258830.0,49.73454079789636
23.07,-4955305.3021711,15260150.0,49.73439719693954
23.08,-4960522.687534876,15261440.0,49.73425468182427
23.09,-4965766.220278027,15262710.0,49.734113258108955
23.1,-4971039.413274239,15263950.0,49.73397293117387
23.11,-4976345.459205046,15265160.0,49.73383370618837
23.12,-4981687.2230152795,15266320.0,49.73369558795547
23.13,-4987067.239024577,15267450.0,49.733558580903114
23.14,-4992487.711851787,15268540.0,49.73342268907768
23.15,-4997950.514494524,15269580.0,49.73328791607274
23.16,-5003457.188970363,15270570.0,49.73315426501709
23.17,-5009008.95060879,15271510.0,49.733021738565334
23.18,-5014606.683637185,15272400.0,49.73289033878638
23.19,-5020250.941715559,15273240.0,49.73276006716054
23.2,-5025941.951608941,15274030.0,49.73263092457113
23.21,-5031679.612938955,15274760.0,49.73250291123878
23.22,-5037463.49742398,15275440.0,49.73237602667111
23.23,-5043292.8527922435,15276070.0,49.73225026967251
23.24,-5049166.603344566,15276650.0,49.732125638277545
23.25,-5055083.3512043655,15277170.0,49.73200212972242
23.26,-5061041.386291525,15277640.0,49.731879740496304
23.27,-5067038.689029008,15278060.0,49.731758466253524
23.28,-5073072.931690463,15278440.0,49.73163830176629
23.29,-5079141.492004993,15278770.0,49.731519241015484
23.3,-5085241.47221135,15279060.0,49.731401277242945
23.31,-5091369.706821323,15279310.0,49.73128440283821
23.32,-5097522.773367412,15279520.0,49.73116860936118
23.33,-5103697.019248836,15279690.0,49.7310538876906
23.34,-5109888.589614792,15279840.0,49.730940228067624
23.35,-5116093.448252421,15279960.0,49.73082762005953
23.36,-5122307.40553729,15280060.0,49.730716052650145
23.37,-5128526.1515833335,15280140.0,49.73060551434251
23.38,-5134745.283435893,15280200.0,49.730495993143755
23.39,-5140960.337689891,15280250.0,49.730387476674814
23.4,-5147166.829743198,15280300.0,49.73027995229516
23.41,-5153360.28505625,15280340.0,49.73017340710565
23.42,-5159536.272940056,15280380.0,49.73006782803978
23.43,-5165690.43985849,15280440.0,49.72996320193803
23.44,-5171818.5355191305,15280500.0,49.72985951555178
23.45,-5177916.440054368,15280580.0,49.729756755629325
23.46,-5183980.192124357,15280670.0,49.72965490899085
23.47,-5190006.008313422,15280790.0,49.72955396252577
23.48,-5195990.297331097,15280930.0,49.72945390320301
23.49,-5201929.674475368,15281110.0,49.72935471812227
23.5,-5207820.963365976,15281310.0,49.729256394450836
23.51,-5213661.199732171,15281550.0,49.72915891946565
23.52,-5219447.633783941,15281830.0,49.72906228057929
23.53,-5225177.722957224,15282160.0,49.72896646527154
23.54,-5230849.122075308,15282520.0,49.72887146107507
23.55,-5236459.673085471,15282930.0,49.72877725557575
23.56,-5242007.391862494,15283390.0,49.728683836382075
23.57,-5247490.458112273,15283890.0,49.72859119115417
23.58,-5252907.200804278,15284450.0,49.728499307554145
23.59,-5258256.07598755,15285060.0,49.72840817315954
23.6,-5263535.65235745,15285730.0,49.72831777551103
23.61,-5268744.600090757,15286440.0,49.72822810212679
23.62,-5273881.6836411925,15287220.0,49.728139140531944
23.63,-5278945.754516328,15288050.0,49.72805087825745
23.64,-5283935.747284045,15288950.0,49.72796330286187
23.65,-5288850.67739203,15289900.0,49.727876401959904
23.66,-5293689.643825057,15290910.0,49.727790163268274
23.67,-5298451.834560676,15291980.0,49.72770457465365
23.68,-5303136.528561859,15293120.0,49.72761962411951
23.69,-5307743.104327393,15294310.0,49.72753529988728
23.7,-5312271.053021852,15295570.0,49.727451590470686
23.71,-5316719.984229569,15296900.0,49.72736848464444
23.72,-5321089.639586266,15298280.0,49.727285971548504
23.73,-5325379.902910814,15299730.0,49.72720404069733
23.74,-5329590.810133512,15301240.0,49.72712268201689
23.75,-5333722.561356695,15302820.0,49.72704188590348
23.76,-5337775.5241687065,15304460.0,49.72696164318275
23.77,-5341750.235141574,15306160.0,49.72688194511612
23.78,-5345647.407656797,15307930.0,49.72680278348902
23.79,-5349467.931429698,15309760.0,49.72672415056508
23.8,-5353212.861375223,15311640.0,49.72664603899754
23.81,-5356883.409977992,15313590.0,49.72656844186143
23.82,-5360480.942206658,15315590.0,49.72649135268357
23.83,-5364006.961182974,15317650.0,49.72641476535343
23.84,-5367463.08919836,15319760.0,49.72633867406559
23.85,-5370851.05688822,15321930.0,49.72626307337368
23.86,-5374172.683032917,15324150.0,49.726187958088616
23.87,-5377429.850831609,15326420.0,49.72611332320731
23.88,-5380624.496425289,15328730.0,49.726039163996205
23.89,-5383758.594427566,15331090.0,49.72596547594364
23.9,-5386834.133161688,15333500.0,49.725892254624334
23.91,-5389853.097927544,15335940.0,49.72581949573869
23.92,-5392817.461179122,15338430.0,49.72574719513618
23.93,-5395729.173304361,15340950.0,49.725675348807144
23.94,-5398590.151672564,15343500.0,49.72560395283516
23.95,-5401402.269027826,15346090.0,49.725533003369996
23.96,-5404167.353478797,15348710.0,49.725462496709476
23.97,-5406887.188317779,15351360.0,49.725392429291105
23.98,-5409563.508534529,15354040.0,49.72532279765535
23.99,-5412198.002792263,15356740.0,49.725253598487335
24.0,-5414792.319056015,15359470.0,49.72518482864618
24.01,-5417348.071489026,15362220.0,49.72511648518944
24.02,-5419866.844232397,15364990.0,49.725048565350185
24.03,-5422350.193484854,15367780.0,49.72498106652181
24.04,-5424799.650670629,15370590.0,49.724913986272576
24.05,-5427216.7264132425,15373410.0,49.724847322355146
24.06,-5429602.914063487,15376240.0,49.72478107270524
24.07,-5431959.695344836,15379090.0,49.724715235473404
24.08,-5434288.5394027345,15381950.0,49.724649808963385
24.09,-5436590.897520721,15384820.0,49.72458479158745
24.1,-5438868.204832692,15387700.0,49.72452018192151
24.11,-5441121.874346525,15390590.0,49.72445597863265
24.12,-5443353.29083896,15393480.0,49.7243921804562
24.13,-5445563.805932099,15396370.0,49.72432878619713
24.14,-5447754.727630243,15399270.0,49.724265794655295
24.15,-5449927.309090045,15402170.0,49.72420320459565
24.16,-5452082.745226961,15405070.0,49.72414101478775
24.17,-5454222.164583798,15407960.0,49.72407922395377
24.18,-5456346.624313568,15410860.0,49.724017830766805
24.19,-5458457.1011043005,15413750.0,49.723956833795555
24.2,-5460554.485728749,15416640.0,49.72389623150731
24.21,-5462639.580943175,15419520.0,49.72383602228491
24.22,-5464713.092828104,15422400.0,49.723776204341306
24.23,-5466775.635613627,15425270.0,49.72371677582629
24.24,-5468827.736403366,15428130.0,49.72365773482554
24.25,-5470869.834098291,15430980.0,49.723599079298715
24.26,-5472902.284130921,15433830.0,49.72354080712943
24.27,-5474925.3674858045,15436670.0,49.72348291616221
24.28,-5476939.297235669,15439500.0,49.723425404192525
24.29,-5478944.22047849,15442320.0,49.723368268922904
24.3,-5480940.224097872,15445120.0,49.72331150799897
24.31,-5482927.345780859,15447930.0,49.72325511906542
24.32,-5484905.583866912,15450720.0,49.72319909977338
24.33,-5486874.898673924,15453500.0,49.72314344770949
24.34,-5488835.223173415,15456270.0,49.723088160488366
24.35,-5490786.473350673,15459040.0,49.72303323576707
24.36,-5492728.551752625,15461790.0,49.722978671199684
24.37,-5494661.345517091,15464540.0,49.72292446438244
24.38,-5496584.731748317,15467280.0,49.72287061293029
24.39,-5498498.578974011,15470000.0,49.722817114436374
24.4,-5500402.74313547,15472730.0,49.72276396642855
24.41,-5502297.069323293,15475440.0,49.72271116641439
24.42,-5504181.391295065,15478140.0,49.722658711857534
24.43,-5506055.530991903,15480840.0,49.72260660018052
24.44,-5507919.292013398,15483530.0,49.722554828700346
24.45,-5509772.4601425715,15486210.0,49.72250339468191
24.46,-5511614.8001111895,15488890.0,49.72245229529997
24.47,-5513446.044037252,15491550.0,49.7224015275472
24.48,-5515265.896587507,15494220.0,49.72235108837443
24.49,-5517074.035081334,15496870.0,49.722300974644014
24.5,-5518870.104523342,15499520.0,49.72225118308115
24.51,-5520653.723394003,15502170.0,49.72220171036209
24.52,-5522424.485124032,15504810.0,49.72215255308526
24.53,-5524181.9616240775,15507440.0,49.72210370778684
24.54,-5525925.703404237,15510070.0,49.72205517091662
24.55,-5527655.246532259,15512700.0,49.722006938899774
24.56,-5529370.122116584,15515330.0,49.72195900817672
24.57,-5531069.857322289,15517950.0,49.72191137513957
24.58,-5532753.978612001,15520570.0,49.72186403615429
24.59,-5534422.019724738,15523190.0,49.721816987614076
24.6,-5536073.532124995,15525810.0,49.72177022598309
24.61,-5537708.089209453,15528430.0,49.721723747760024
24.62,-5539325.291435809,15531050.0,49.72167754949283
24.63,-5540924.7733447915,15533670.0,49.721631627819036
24.64,-5542506.205755735,15536300.0,49.72158597943127
24.65,-5544069.297853447,15538920.0,49.721540601087014
24.66,-5545613.795291052,15541540.0,49.721495489577336
24.67,-5547139.479997446,15544170.0,49.72145064174464
24.68,-5548646.173574104,15546800.0,49.7214060545241
24.69,-5550133.733064092,15549440.0,49.72136172487357
24.7,-5551602.048305857,15552070.0,49.72131764979362
24.71,-5553051.040989775,15554710.0,49.72127382633527
24.72,-5554480.660976824,15557360.0,49.72123025157871
24.73,-5555890.881069277,15560000.0,49.721186922611544
24.74,-5557281.691312287,15562660.0,49.721143836518536
24.75,-5558653.097213126,15565310.0,49.721100990405255
24.76,-5560005.116018376,15567970.0,49.72105838138498
24.77,-5561337.773665545,15570630.0,49.72101600657044
24.78,-5562651.097396129,15573300.0,49.720973863033194
24.79,-5563945.118892521,15575970.0,49.72093194788586
24.8,-5565219.874345503,15578640.0,49.72089025826544
24.81,-5566475.398424445,15581320.0,49.72084879126807
24.82,-5567711.731453073,15584010.0,49.72080754406977
24.83,-5568928.919992828,15586700.0,49.72076651387696
24.84,-5570127.01138717,15589390.0,49.720725697868474
24.85,-5571306.062367681,15592090.0,49.72068509332195
24.86,-5572466.144547405,15594790.0,49.720644697604286
24.87,-5573607.34200685,15597500.0,49.72060450810567
24.88,-5574729.754515457,15600210.0,49.720564522292044
24.89,-5575833.500533062,15602920.0,49.720524737709
24.9,-5576918.716172796,15605640.0,49.72048515195574
24.91,-5577985.563449912,15608360.0,49.72044576277073
24.92,-5579034.234960997,15611090.0,49.72040656802152
24.93,-5580064.950596718,15613830.0,49.720367565636074
24.94,-5581077.959317891,15616560.0,49.72032875365102
24.95,-5582073.53671889,15619310.0,49.72029013017411
24.96,-5583051.98019141,15622050.0,49.72025169336264
24.97,-5584013.613535599,15624800.0,49.7202134415052
24.98,-5584958.781895035,15627550.0,49.72017537294079
24.99,-5585887.845710142,15630310.0,49.72013748604176
25.0,-5586801.18063989,15633070.0,49.7200997792573
25.01,-5587699.173551209,15635830.0,49.72006225108324
25.02,-5588582.217073672,15638590.0,49.72002490003478
25.03,-5589450.703228771,15641360.0,49.719987724627416
25.04,-5590305.0164164305,15644130.0,49.719950723358764
25.05,-5591145.534077093,15646900.0,49.71991389476913
25.06,-5591972.624221306,15649670.0,49.71987723740856
25.07,-5592786.642155395,15652440.0,49.71984074982551
25.08,-5593587.933182525,15655210.0,49.71980443061598
25.09,-5594376.828871211,15657980.0,49.719768278363354
25.1,-5595153.646505784,15660760.0,49.71973229166348
25.11,-5595918.6871679295,15663530.0,49.71969646910358
25.12,-5596672.236890745,15666310.0,49.71966080929066
25.13,-5597414.57271655,15669080.0,49.71962531089892
25.14,-5598145.957714697,15671850.0,49.7195899725723
25.15,-5598866.640602855,15674620.0,49.71955479295875
25.16,-5599576.864827033,15677400.0,49.719519770797824
25.17,-5600276.868147763,15680170.0,49.71948490485131
25.18,-5600966.885416473,15682940.0,49.71945019392588
25.19,-5601647.150731982,15685700.0,49.719415636878765
25.2,-5602317.90114101,15688470.0,49.71938123263297
25.21,-5602979.375618123,15691240.0,49.719346980140415
25.22,-5603631.816322536,15694000.0,49.719312878402185
25.23,-5604275.4692882,15696760.0,49.71927892646551
25.24,-5604910.586312274,15699530.0,49.71924512343712
25.25,-5605537.421719606,15702280.0,49.719211468438694
25.26,-5606156.232139329,15705040.0,49.719177960626226
25.27,-5606767.274742299,15707800.0,49.719144599180346
25.28,-5607370.800516366,15710550.0,49.71911138324832
25.29,-5607967.053451391,15713300.0,49.719078311987175
25.3,-5608556.273426319,15716040.0,49.71904538460494
25.31,-5609138.694316714,15718790.0,49.71901260031117
25.32,-5609714.536171127,15721530.0,49.71897995825544
25.33,-5610284.003693367,15724270.0,49.71894745757435
25.34,-5610847.285917786,15727000.0,49.718915097394635
25.35,-5611404.555997823,15729740.0,49.7188828768353
25.36,-5611955.968087856,15732460.0,49.718850794973065
25.37,-5612501.6595740225,15735190.0,49.71881885088964
25.38,-5613041.74903681,15737910.0,49.71878704362865
25.39,-5613576.336089196,15740630.0,49.71875537221214
25.4,-5614105.505146498,15743340.0,49.71872383567225
25.41,-5614629.321455723,15746060.0,49.718692432983495
25.42,-5615147.836745663,15748760.0,49.71866116314707
25.43,-5615661.092782729,15751470.0,49.718630025180104
25.44,-5616169.120946763,15754170.0,49.71859901808304
25.45,-5616671.946079761,15756870.0,49.7185681408769
25.46,-5617169.585158577,15759560.0,49.718537392563896
25.47,-5617662.047502973,15762260.0,49.718506772135015
25.48,-5618149.342107427,15764950.0,49.71847627864132
25.49,-5618631.485219209,15767640.0,49.718445911213905
25.5,-5619108.497336055,15770320.0,49.718415668974295
25.51,-5619580.398315788,15773000.0,49.718385551004964
25.52,-5620047.210166757,15775680.0,49.718355556423866
25.53,-5620508.958534583,15778360.0,49.71832568437105
25.54,-5620965.669405803,15781030.0,49.718295933966935
25.55,-5621417.370077194,15783700.0,49.718266304347615
25.56,-5621864.092178992,15786370.0,49.718236794688664
25.57,-5622305.872654163,15789040.0,49.71820740419049
25.58,-5622742.749839329,15791700.0,49.71817813203025
25.59,-5623174.756344707,15794360.0,49.71814897732662
25.6,-5623601.921717788,15797020.0,49.71811993921597
25.61,-5624024.27585452,15799680.0,49.718091016870765
25.62,-5624441.843643221,15802330.0,49.71806220941545
25.63,-5624854.641361718,15804990.0,49.71803351593188
25.64,-5625262.677054489,15807640.0,49.71800493549395
25.65,-5625665.950682882,15810290.0,49.71797646716257
25.66,-5626064.457751862,15812930.0,49.71794811001804
25.67,-5626458.186791419,15815580.0,49.71791986311187
25.68,-5626847.119111157,15818220.0,49.717891725474026
25.69,-5627231.2270726655,15820860.0,49.71786369610819
25.7,-5627610.474922003,15823500.0,49.717835774000186
25.71,-5627984.825094908,15826140.0,49.7178079581856
25.72,-5628354.235875983,15828780.0,49.717780247666624
25.73,-5628718.663895832,15831420.0,49.71775264146027
25.74,-5629078.0650958335,15834050.0,49.71772513858696
25.75,-5629432.396436138,15836680.0,49.71769773807927
25.76,-5629781.6232495075,15839310.0,49.7176704390434
25.77,-5630125.716868954,15841940.0,49.71764324057663
25.78,-5630464.65338912,15844570.0,49.71761614177393
25.79,-5630798.415672708,15847200.0,49.717589141763064
25.8,-5631126.998667049,15849830.0,49.71756223973516
25.81,-5631450.407553707,15852450.0,49.7175354348944
25.82,-5631768.657602954,15855080.0,49.71750872646248
25.83,-5632081.768614206,15857700.0,49.71748211363491
25.84,-5632389.766180786,15860330.0,49.71745559563192
25.85,-5632692.68443944,15862950.0,49.7174291717184
25.86,-5632990.560905689,15865570.0,49.71740284113256
25.87,-5633283.439901056,15868190.0,49.71737660316066
25.88,-5633571.374108306,15870810.0,49.7173504571245
25.89,-5633854.414163558,15873430.0,49.717324402270826
25.9,-5634132.606998157,15876040.0,49.71729843782946
25.91,-5634405.996968729,15878660.0,49.71727256304539
25.92,-5634674.627787865,15881280.0,49.71724677718283
25.93,-5634938.5394449085,15883890.0,49.71722107948222
25.94,-5635197.767854384,15886500.0,49.7171954691766
25.95,-5635452.347010931,15889110.0,49.71716994552358
25.96,-5635702.308642271,15891720.0,49.71714450777458
25.97,-5635947.681576402,15894320.0,49.71711915517806
25.98,-5636188.48899876,15896930.0,49.717093886953265
25.99,-5636424.750831258,15899530.0,49.71706870233824
26.0,-5636656.482698162,15902140.0,49.71704360055476
26.01,-5636883.69973318,15904740.0,49.717018580860675
26.02,-5637106.4191993745,15907330.0,49.71699364254204
26.03,-5637324.660266335,15909930.0,49.71696878488884
26.04,-5637538.443444871,15912520.0,49.71694400719765
26.05,-5637747.795889799,15915120.0,49.71691930882063
26.06,-5637952.750048616,15917710.0,49.71689468911928
26.07,-5638153.341395029,15920300.0,49.71687014744767
26.08,-5638349.613849816,15922880.0,49.716845683225976
26.09,-5638541.6166103855,15925470.0,49.71682129586746
26.1,-5638729.40268195,15928050.0,49.716796984791785
26.11,-5638913.035838843,15930630.0,49.71677274950046
26.12,-5639092.583470788,15933210.0,49.71674858945852
26.13,-5639268.110493962,15935780.0,49.716724504086265
26.14,-5639439.689544733,15938360.0,49.716700492909844
26.15,-5639607.396439576,15940920.0,49.71667655543705
26.16,-5639771.308814804,15943490.0,49.716652691179654
26.17,-5639931.508125048,15946050.0,49.71662889968354
26.18,-5640088.067628258,15948610.0,49.71660518039525
26.19,-5640241.057151459,15951170.0,49.71658153279901
26.2,-5640390.548552264,15953720.0,49.71655795643973
26.21,-5640536.606491767,15956270.0,49.71653445078387
26.22,-5640679.287618271,15958810.0,49.716511015281576
26.23,-5640818.647157149,15961360.0,49.71648764944276
26.24,-5640954.736798394,15963890.0,49.71646435276133
26.25,-5641087.601382227,15966430.0,49.71644112469675
26.26,-5641217.2808761075,15968960.0,49.71641796472243
26.27,-5641343.812983566,15971480.0,49.71639487233151
26.28,-5641467.228066519,15974000.0,49.716371846970844
26.29,-5641587.551861962,15976520.0,49.7163488881014
26.3,-5641704.807122751,15979020.0,49.71632599519643
26.31,-5641819.016573181,15981530.0,49.71630316775716
26.32,-5641930.205074148,15984030.0,49.71628040530831
26.33,-5642038.394955451,15986530.0,49.7162577073409
26.34,-5642143.611821781,15989020.0,49.7162350733972
26.35,-5642245.880685665,15991510.0,49.71621250299628
26.36,-5642345.225680829,15993990.0,49.71618999565712
26.37,-5642441.673763842,15996460.0,49.71616755093511
26.38,-5642535.254208071,15998930.0,49.71614516839376
26.39,-5642626.002541222,16001400.0,49.716122847644414
26.4,-5642713.956058828,16003860.0,49.71610058827378
26.41,-5642799.152631682,16006310.0,49.716078389863014
26.42,-5642881.629510271,16008750.0,49.716056251990985
26.43,-5642961.424177714,16011200.0,49.716034174247916
26.44,-5643038.578111089,16013630.0,49.71601215626958
26.45,-5643113.129553939,16016060.0,49.715990197631385
26.46,-5643185.113393912,16018480.0,49.71596829790866
26.47,-5643254.564744183,16020890.0,49.71594645670993
26.48,-5643321.51506872,16023300.0,49.71592467361122
26.49,-5643385.994053432,16025700.0,49.71590294820443
26.5,-5643448.031083096,16028100.0,49.71588128009735
26.51,-5643507.6501116725,16030490.0,49.715859668848786
26.52,-5643564.867084165,16032870.0,49.71583811398827
26.53,-5643619.696811697,16035240.0,49.71581661509658
26.54,-5643672.150233214,16037600.0,49.71579517172828
26.55,-5643722.234291715,16039960.0,49.7157737834327
26.56,-5643769.952152098,16042310.0,49.71575244975377
26.57,-5643815.301482078,16044660.0,49.71573117021182
26.58,-5643858.277287676,16046990.0,49.71570994434582
26.59,-5643898.871735587,16049320.0,49.71568877168483
26.6,-5643937.074317022,16051640.0,49.71566765175805
26.61,-5643972.873493622,16053950.0,49.71564658410278
26.62,-5644006.258404459,16056250.0,49.715625568270845
26.63,-5644037.220577302,16058550.0,49.715604603833455
26.64,-5644065.752282016,16060830.0,49.71558369034983
26.65,-5644091.8429993,16063110.0,49.7155628273452
26.66,-5644115.484998307,16065380.0,49.71554201439622
26.67,-5644136.677275609,16067640.0,49.71552125112195
26.68,-5644155.421298051,16069890.0,49.71550053711711
26.69,-5644171.722832395,16072140.0,49.71547987199948
26.7,-5644185.586029492,16074370.0,49.71545925533841
26.71,-5644197.0113116875,16076600.0,49.715438686680244
26.72,-5644206.004595103,16078810.0,49.71541816565656
26.73,-5644212.575992609,16081020.0,49.71539769190178
26.74,-5644216.736917938,16083220.0,49.71537726502866
26.75,-5644218.497980345,16085400.0,49.715356884635895
26.76,-5644217.872116681,16087580.0,49.715336550354664
26.77,-5644214.869468383,16089750.0,49.715316261771235
26.78,-5644209.492245662,16091910.0,49.71529601841832
26.79,-5644201.7461617105,16094060.0,49.715275819924415
26.8,-5644191.632805301,16096200.0,49.71525566585561
26.81,-5644179.147863864,16098330.0,49.715235555748926
26.82,-5644164.2895995565,16100450.0,49.71521548921602
26.83,-5644147.0548096765,16102560.0,49.71519546583369
26.84,-5644127.437113409,16104660.0,49.71517548516055
26.85,-5644105.426886878,16106750.0,49.715155546744796
26.86,-5644081.0116539495,16108820.0,49.71513565013615
26.87,-5644054.17761773,16110890.0,49.71511579488988
26.88,-5644024.911309882,16112950.0,49.715095980575605
26.89,-5643993.197653967,16114990.0,49.7150762067437
26.9,-5643959.023722513,16117030.0,49.71505647297761
26.91,-5643922.380793893,16119050.0,49.71503677888577
26.92,-5643883.260202895,16121070.0,49.71501712404197
26.93,-5643836.210197261,16121520.0,49.71499745356465
26.94,-5643766.335656405,16121560.0,49.71497766052152
26.95,-5643652.6330177765,16121630.0,49.71495764984138
26.96,-5643471.9385367455,16121750.0,49.71493735068833
26.97,-5643201.758002872,16121930.0,49.71491671327136
26.98,-5642822.249996695,16122200.0,49.71489570637357
26.99,-5642317.5565887755,16122580.0,49.714874315292626
27.0,-5641676.621621312,16123080.0,49.71485253997098
27.01,-5640893.604071633,16123720.0,49.7148303932387
27.02,-5639967.968681643,16124510.0,49.714807899071864
27.03,-5638904.311171128,16125430.0,49.714785090759634
27.04,-5637711.972078674,16126500.0,49.71476200904396
27.05,-5636404.483722797,16127690.0,49.71473870019925
27.06,-5634998.898535284,16129000.0,49.71471521419628
27.07,-5633515.031639971,16130400.0,49.714691602852966
27.08,-5631974.655362737,16131880.0,49.71466791809594
27.09,-5630400.679293045,16133420.0,49.71464421036247
27.1,-5628816.342535258,16135000.0,49.71462052713756
27.11,-5627244.4491854105,16136580.0,49.714596911730574
27.12,-5625706.660594828,16138160.0,49.71457340218763
27.13,-5624222.863258238,16139690.0,49.71455003042842
27.14,-5622810.640442252,16141180.0,49.714526821739646
27.15,-5621484.849412439,16142590.0,49.71450379445174
27.16,-5620257.308514566,16143920.0,49.71448095982132
27.17,-5619136.600996882,16145140.0,49.714458322176654
27.18,-5618127.984982208,16146260.0,49.71443587918422
27.19,-5617233.417605802,16147270.0,49.7144136223963
27.2,-5616451.682093071,16148170.0,49.71439153794392
27.21,-5615778.596436172,16148950.0,49.71436960723087
27.22,-5615207.303587197,16149620.0,49.71434780783574
27.23,-5614728.631744838,16150190.0,49.71432611450287
27.24,-5614331.493850357,16150670.0,49.71430450000887
27.25,-5614003.324279906,16151070.0,49.71428293614489
27.26,-5613730.532536578,16151400.0,49.71426139462869
27.27,-5613498.952612274,16151670.0,49.71423984788498
27.28,-5613294.290285153,16151900.0,49.714218269905984
27.29,-5613102.546633229,16152110.0,49.71419663693064
27.3,-5612910.396218467,16152300.0,49.71417492791959
27.31,-5612705.529000378,16152490.0,49.71415312506494
27.32,-5612476.935827402,16152690.0,49.7141312140674
27.33,-5612215.137192293,16152920.0,49.714109184321714
27.34,-5611912.356134041,16153180.0,49.714087029024725
27.35,-5611562.624375324,16153490.0,49.71406474507185
27.36,-5611161.82528903,16153840.0,49.71404233286948
27.37,-5610707.684704835,16154240.0,49.714019796119395
27.38,-5610199.708513731,16154690.0,49.7139971414949
27.39,-5609639.069160407,16155200.0,49.713974378210025
27.4,-5609028.453433182,16155760.0,49.71395151759222
27.41,-5608371.874476005,16156370.0,49.71392857259132
27.42,-5607674.453632796,16157030.0,49.71390555723687
27.43,-5606942.189715595,16157730.0,49.71388248619464
27.44,-5606181.718629812,16158460.0,49.713859374284844
27.45,-5605400.066411164,16159220.0,49.71383623599112
27.46,-5604604.415034486,16160000.0,49.713813085118964
27.47,-5603801.880343979,16160800.0,49.71378993443981
27.48,-5602999.301224798,16161600.0,49.7137667953316
27.49,-5602203.057141082,16162400.0,49.713743677589136
27.5,-5601418.91331466,16163200.0,49.71372058925765
27.51,-5600651.892531771,16163980.0,49.713697536504334
27.52,-5599906.182079025,16164750.0,49.71367452361152
27.53,-5599185.073731519,16165490.0,49.71365155300641
27.54,-5598490.932089362,16166220.0,49.71362862531991
27.55,-5597825.193727005,16166910.0,49.71360573950865
27.56,-5597188.397631329,16167580.0,49.71358289305808
27.57,-5596580.239826323,16168210.0,49.71356008218424
27.58,-5595999.647913573,16168820.0,49.71353730203833
27.59,-5595444.872728564,16169400.0,49.71351454694709
27.6,-5594913.599035579,16169960.0,49.71349181071647
27.61,-5594403.065164614,16170490.0,49.71346908687775
27.62,-5593910.1867681695,16171000.0,49.71344636893414
27.63,-5593431.682257063,16171490.0,49.713423650593256
27.64,-5592964.190573014,16171970.0,49.71340092593156
27.65,-5592504.38931312,16172440.0,49.71337818963582
27.66,-5592049.10346179,16172900.0,49.71335543716099
27.67,-5591595.396443097,16173350.0,49.71333266479978
27.68,-5591140.65205361,16173800.0,49.71330986981017
27.69,-5590682.638476607,16174260.0,49.71328705044665
27.7,-5590219.557694639,16174720.0,49.71326420599562
27.71,-5589750.081346353,16175180.0,49.713241336795356
27.72,-5589273.3691184735,16175650.0,49.71321844418946
27.73,-5588789.069116274,16176130.0,49.71319553045018
27.74,-5588297.300110526,16176610.0,49.71317259865046
27.75,-5587798.624619438,16177100.0,49.71314965259383
27.76,-5587294.008927842,16177600.0,49.71312669668125
27.77,-5586784.776564542,16178110.0,49.713103735808986
27.78,-5586272.554253043,16178620.0,49.713080775238225
27.79,-5585759.2085505985,16179130.0,49.71305782042732
27.8,-5585246.785860506,16179640.0,49.71303487695688
27.81,-5584737.445455061,16180150.0,49.7130119503594
27.82,-5584233.395521607,16180660.0,49.712989046021484
27.83,-5583736.83280945,16181170.0,49.71296616908943
27.84,-5583249.88087233,16181660.0,49.71294332433004
27.85,-5582774.540864762,16182150.0,49.712920516114714
27.86,-5582312.648199633,16182620.0,49.71289774836405
27.87,-5581865.836449651,16183090.0,49.71287502450517
27.88,-5581435.510277515,16183530.0,49.71285234746342
27.89,-5581022.8223458305,16183960.0,49.712829719620274
27.9,-5580628.6619668985,16184380.0,49.71280714284724
27.91,-5580253.650621046,16184770.0,49.7127846185246
27.92,-5579898.144075741,16185150.0,49.71276214756019
27.93,-5579562.2445411375,16185500.0,49.71273973046711
27.94,-5579245.816105754,16185840.0,49.71271736738936
27.95,-5578948.502206743,16186150.0,49.71269505812443
27.96,-5578669.750154404,16186450.0,49.71267280220862
27.97,-5578408.84329832,16186730.0,49.71265059901663
27.98,-5578164.93270505,16186990.0,49.712628447805955
27.99,-5577937.067263264,16187240.0,49.712606347755646
28.0,-5577724.225859242,16187460.0,49.712584298030144
28.01,-5577525.348094638,16187680.0,49.71256229783111
28.02,-5577339.363428678,16187880.0,49.712540346439546
28.03,-5577165.21828479,16188060.0,49.71251844325054
28.04,-5577001.899235909,16188240.0,49.7124965878022
28.05,-5576848.454138996,16188400.0,49.712474779799734
28.06,-5576704.013151043,16188550.0,49.712453019170795
28.07,-5576567.801420225,16188700.0,49.712431306037345
28.08,-5576439.147306303,16188830.0,49.712409640703
28.09,-5576317.491931603,16188960.0,49.71238802370511
28.1,-5576202.393797415,16189080.0,49.712366455789244
28.11,-5576093.524920338,16189200.0,49.71234493785684
28.12,-5575990.662969274,16189310.0,49.71232347092413
28.13,-5575893.687029178,16189410.0,49.71230205615915
28.14,-5575802.572042903,16189510.0,49.712280694869584
28.15,-5575717.3760013925,16189600.0,49.71225938843071
28.16,-5575638.229551713,16189680.0,49.71223813829436
28.17,-5575565.32073488,16189760.0,49.71221694592177
28.18,-5575498.876721922,16189840.0,49.71219581273751
28.19,-5575439.148752224,16189900.0,49.7121747401179
28.2,-5575386.39862966,16189960.0,49.71215372938563
28.21,-5575340.88700845,16190010.0,49.71213278179799
28.22,-5575302.856919932,16190060.0,49.71211189847137
28.23,-5575272.5210193135,16190100.0,49.712091080389904
28.24,-5575250.052846711,16190130.0,49.712070328405154
28.25,-5575235.579947104,16190150.0,49.71204964323986
28.26,-5575229.175491755,16190160.0,49.7120290254492
28.27,-5575230.85335515,16190170.0,49.71200847543262
28.28,-5575240.5647755815,16190170.0,49.711987993431464
28.29,-5575258.193868079,16190160.0,49.71196757950293
28.3,-5575283.562358178,16190140.0,49.711947233596376
28.31,-5575316.429883057,16190120.0,49.711926955508645
28.32,-5575356.498795655,16190080.0,49.71190674492827
28.33,-5575403.421773442,16190040.0,49.71188660145715
28.34,-5575456.803690995,16190000.0,49.71186652457325
28.35,-5575516.207657469,16189940.0,49.71184651366436
28.36,-5575581.166711002,16189880.0,49.71182656809435
28.37,-5575651.19474472,16189820.0,49.71180668721688
28.38,-5575725.794155031,16189750.0,49.711786870361585
28.39,-5575804.463850997,16189670.0,49.71176711685479
28.4,-5575886.711386713,16189600.0,49.711747426075846
28.41,-5575972.05948238,16189510.0,49.711727797427855
28.42,-5576060.05364431,16189430.0,49.711708230362945
28.43,-5576150.27185531,16189340.0,49.71168872442473
28.44,-5576242.329901189,16189250.0,49.71166927922475
28.45,-5576335.885798582,16189160.0,49.711649894454496
28.46,-5576430.641156347,16189060.0,49.7116305698639
28.47,-5576526.343109944,16188970.0,49.71161130528029
28.48,-5576622.79070524,16188870.0,49.711592100655935
28.49,-5576719.831952314,16188780.0,49.71157295600098
28.5,-5576817.360130772,16188680.0,49.71155387137405
28.51,-5576915.31606903,16188580.0,49.71153484693363
28.52,-5577013.68233705,16188480.0,49.7115158828787
28.53,-5577112.474859941,16188390.0,49.711496979404615
28.54,-5577211.741633587,16188290.0,49.71147813676993
28.55,-5577311.556251171,16188190.0,49.71145935523793
28.56,-5577412.008735049,16188090.0,49.711440635044156
28.57,-5577513.2046654755,16187990.0,49.711421976461146
28.58,-5577615.259463296,16187890.0,49.71140337974969
28.59,-5577718.290321879,16187780.0,49.71138484512283
28.6,-5577822.409942395,16187680.0,49.71136637274952
28.61,-5577927.721849075,16187580.0,49.71134796275738
28.62,-5578034.313926249,16187470.0,49.711329615200135
28.63,-5578142.25775186,16187370.0,49.711311330104785
28.64,-5578251.608043384,16187260.0,49.71129310746585
28.65,-5578362.39594803,16187150.0,49.71127494718248
28.66,-5578474.632573712,16187040.0,49.71125684914404
28.67,-5578588.307913146,16186920.0,49.71123881318755
28.68,-5578703.391588926,16186810.0,49.711220839114
28.69,-5578819.837361631,16186700.0,49.71120292672019
28.7,-5578937.579842284,16186580.0,49.71118507573366
28.71,-5579056.537237189,16186460.0,49.71116728586175
28.72,-5579176.617632806,16186340.0,49.71114955682809
28.73,-5579297.723244958,16186220.0,49.711131888370005
28.74,-5579419.754222779,16186100.0,49.71111428023684
28.75,-5579542.611436461,16185980.0,49.711096732189226
28.76,-5579666.198360195,16185860.0,49.71107924399884
28.77,-5579790.426492901,16185730.0,49.71106181548344
28.78,-5579915.218342075,16185610.0,49.71104444649671
28.79,-5580040.505628256,16185480.0,49.711027136890806
28.8,-5580166.228567657,16185360.0,49.71100988651901
28.81,-5580292.341763277,16185230.0,49.710992695307574
28.82,-5580418.817489311,16185110.0,49.71097556323629
28.83,-5580545.639752012,16184980.0,49.71095849026397
28.84,-5580672.804319101,16184850.0,49.710941476368795
28.85,-5580800.320857656,16184730.0,49.71092452157686
28.86,-5580928.213652606,16184600.0,49.710907625951926
28.87,-5581056.517768098,16184470.0,49.71089078955181
28.88,-5581185.272577863,16184340.0,49.710874012396566
28.89,-5581314.524055152,16184220.0,49.71085729454525
28.9,-5581444.321996651,16184080.0,49.71084063604551
28.91,-5581574.718094196,16183960.0,49.71082403694262
28.92,-5581705.763830734,16183820.0,49.710807497269556
28.93,-5581837.506034582,16183690.0,49.710791017021016
28.94,-5581969.986924485,16183560.0,49.71077459618897
28.95,-5582103.244667672,16183430.0,49.71075823476399
28.96,-5582237.312685656,16183300.0,49.71074193273075
28.97,-5582372.216906854,16183160.0,49.71072569003517
28.98,-5582507.97346826,16183030.0,49.71070950659091
28.99,-5582644.5877790935,16182890.0,49.710693382284674
29.0,-5582782.054835853,16182760.0,49.710677316980366
29.01,-5582920.36244449,16182620.0,49.71066131055771
29.02,-5583059.494222731,16182480.0,49.71064536290465
29.03,-5583199.427538225,16182340.0,49.71062947388191
29.04,-5583340.133094161,16182200.0,49.71061364332738
29.05,-5583481.574399903,16182060.0,49.710597871059456
29.06,-5583623.708266109,16181920.0,49.710582156879546
29.07,-5583766.488663251,16181780.0,49.71056650060886
29.08,-5583909.872185408,16181630.0,49.710550902114335
29.09,-5584053.81452399,16181490.0,49.71053536122624
29.1,-5584198.268699189,16181350.0,49.71051987774889
29.11,-5584343.189897359,16181200.0,49.710504451527484
29.12,-5584488.535248758,16181060.0,49.71048908240102
29.13,-5584634.259615731,16180910.0,49.710473770167404
29.14,-5584780.319975201,16180770.0,49.71045851465843
29.15,-5584926.677190756,16180620.0,49.71044331572247
29.16,-5585073.2901530955,16180470.0,49.710428173151996
29.17,-5585220.118510639,16180330.0,49.7104130867608
29.18,-5585367.123811372,16180180.0,49.71039805636914
29.19,-5585514.266715526,16180030.0,49.71038308176804
29.2,-5585661.50767742,16179890.0,49.71036816275307
29.21,-5585808.804323838,16179740.0,49.71035329908359
29.22,-5585956.112586919,16179590.0,49.710338490523995
29.23,-5586103.390746151,16179440.0,49.710323736867714
29.24,-5586250.597838889,16179300.0,49.710309037894795
29.25,-5586397.689274596,16179150.0,49.71029439333597
29.26,-5586544.617395893,16179000.0,49.71027980291752
29.27,-5586691.335175223,16178860.0,49.710265266388674
29.28,-5586837.798097227,16178710.0,49.71025078351662
29.29,-5586983.961885855,16178560.0,49.710236354042145
29.3,-5587129.78085264,16178420.0,49.710221977688526
29.31,-5587275.2101728525,16178270.0,49.71020765419249
29.32,-5587420.207312551,16178120.0,49.71019338330214
29.33,-5587564.732547425,16177980.0,49.7101791647697
29.34,-5587708.745436932,16177840.0,49.710164998316365
29.35,-5587852.206532309,16177690.0,49.71015088367213
29.36,-5587995.081254282,16177550.0,49.710136820604035
29.37,-5588137.338309839,16177400.0,49.71012280887118
29.38,-5588278.94884583,16177260.0,49.71010884822684
29.39,-5588419.885258522,16177120.0,49.710094938414464
29.4,-5588560.120456056,16176980.0,49.710081079170024
29.41,-5588699.630367235,16176840.0,49.71006727025326
29.42,-5588838.391612787,16176700.0,49.71005351140453
29.43,-5588976.383672662,16176560.0,49.71003980238395
29.44,-5589113.588950274,16176420.0,49.71002614295849
29.45,-5589249.986283523,16176290.0,49.71001253283281
29.46,-5589385.553500353,16176150.0,49.70999897172973
29.47,-5589520.26872699,16176010.0,49.709985459377805
29.48,-5589654.110901666,16175880.0,49.70997199551286
29.49,-5589787.059833743,16175750.0,49.70995857986812
29.5,-5589919.092558905,16175610.0,49.7099452121429
29.51,-5590050.184699994,16175480.0,49.70993189203984
29.52,-5590180.310919482,16175350.0,49.709918619262474
29.53,-5590309.445316098,16175220.0,49.70990539351346
29.54,-5590437.561765458,16175090.0,49.709892214493614
29.55,-5590564.630101614,16174960.0,49.70987908186642
29.56,-5590690.618614463,16174840.0,49.709865995303474
29.57,-5590815.4977501165,16174710.0,49.70985295451229
29.58,-5590939.243421605,16174580.0,49.70983995923158
29.59,-5591061.834686246,16174460.0,49.709827009187165
29.6,-5591183.249251759,16174340.0,49.70981410406588
29.61,-5591303.468031827,16174220.0,49.70980124359225
29.62,-5591422.477091715,16174100.0,49.70978842751872
29.63,-5591540.266065596,16173980.0,49.70977565558842
29.64,-5591656.826512935,16173860.0,49.70976292753829
29.65,-5591772.151524412,16173740.0,49.70975024310159
29.66,-5591886.238461074,16173630.0,49.709737602044946
29.67,-5591999.090674551,16173510.0,49.70972500415943
29.68,-5592110.714843659,16173400.0,49.709712449223964
29.69,-5592221.11927308,16173290.0,49.70969993700876
29.7,-5592330.316233745,16173180.0,49.709687467313
29.71,-5592438.323169335,16173070.0,49.70967503995649
29.72,-5592545.159631856,16172960.0,49.70966265474333
29.73,-5592650.845235271,16172860.0,49.70965031146581
29.74,-5592755.398800721,16172750.0,49.70963800990716
29.75,-5592858.840633811,16172640.0,49.70962574987914
29.76,-5592961.190932572,16172540.0,49.70961353117834
29.77,-5593062.468305407,16172440.0,49.709601353595524
29.78,-5593162.692958162,16172340.0,49.709589216946945
29.79,-5593261.880942423,16172240.0,49.70957712100208
29.8,-5593360.045284714,16172140.0,49.70956506553254
29.81,-5593457.199397948,16172040.0,49.70955305034212
29.82,-5593553.356398461,16171940.0,49.709541075229
29.83,-5593647.98090438,16171690.0,49.709529134509125
29.84,-5593736.737042251,16170590.0,49.70951718875162
29.85,-5593810.449814172,16169490.0,49.709505179676526
29.86,-5593857.562183006,16168410.0,49.70949306238154
29.87,-5593865.909075037,16167350.0,49.70948080336061
29.88,-5593823.9907015525,16166330.0,49.70946837913267
29.89,-5593721.867313336,16165360.0,49.70945577519385
29.9,-5593551.7497139685,16164450.0,49.70944298503873
29.91,-5593308.353150335,16163610.0,49.70943000928188
29.92,-5592989.070231299,16162840.0,49.709416854890556
29.93,-5592593.988064566,16162140.0,49.70940353430689
29.94,-5592125.7711046785,16161520.0,49.70939006446444
29.95,-5591589.44921005,16160960.0,49.70937646590322
29.96,-5590992.134436407,16160480.0,49.709362761892805
29.97,-5590342.674140304,16160060.0,49.70934897745379
29.98,-5589651.261662242,16159680.0,49.70933513841255
29.99,-5588929.029730381,16159350.0,49.709321270572204
30.0,-5588187.634693144,16159050.0,49.70930739888089
30.01,-5587438.849111907,16158760.0,49.709293546707265
30.02,-5586694.181371529,16158490.0,49.70927973526768
30.03,-5585964.522891475,16158200.0,49.7092659830756
30.04,-5585259.832240398,16157900.0,49.709252305491155
30.05,-5584588.872375309,16157580.0,49.70923871448561
30.06,-5583959.0051857205,16157210.0,49.70922521851135
30.07,-5583376.041549814,16156810.0,49.709211822467196
30.08,-5582844.146529413,16156360.0,49.70919852773896
30.09,-5582365.8014378045,16155850.0,49.70918533238156
30.1,-5581941.819674614,16155290.0,49.709172231370765
30.11,-5581571.41537929,16154670.0,49.709159216963734
30.12,-5581252.3199061155,16154000.0,49.709146279131545
30.13,-5580980.928403067,16153280.0,49.7091334059274
30.14,-5580752.480671792,16152500.0,49.70912058397639
30.15,-5580561.272404298,16151690.0,49.70910779901822
30.16,-5580400.875102458,16150830.0,49.70909503632695
30.17,-5580264.365099583,16149940.0,49.709082281177054
30.18,-5580144.55948292,16149020.0,49.70906951933037
30.19,-5580034.23226363,16148090.0,49.70905673730518
30.2,-5579926.327440279,16147140.0,49.7090439227939
30.21,-5579814.157777565,16146190.0,49.70903106498785
30.22,-5579691.569432401,16145240.0,49.709018154694384
30.23,-5579553.08197147,16144300.0,49.709005184503226
30.24,-5579394.005142534,16143380.0,49.708992148928566
30.25,-5579210.522653101,16142470.0,49.70897904441756
30.26,-5578999.735636318,16141590.0,49.70896586922934
30.27,-5578759.683596489,16140730.0,49.70895262340916
30.28,-5578489.33941567,16139890.0,49.708939308688194
30.29,-5578188.576419012,16139090.0,49.70892592830405
30.3,-5577858.102300541,16138310.0,49.708912486707575
30.31,-5577499.377549446,16137560.0,49.70889898937194
30.32,-5577114.520845998,16136840.0,49.708885442579565
30.33,-5576706.192904299,16136140.0,49.70887185308678
30.34,-5576277.484067264,16135460.0,49.70885822798356
30.35,-5575831.78993592,16134800.0,49.708844574390305
30.36,-5575372.679619721,16134150.0,49.70883089915753
30.37,-5574903.777446951,16133510.0,49.70881720874693
30.38,-5574428.65543432,16132880.0,49.70880350909665
30.39,-5573950.727140686,16132260.0,49.708789805402304
30.4,-5573473.155673797,16131630.0,49.70877610201783
30.41,-5572998.777880502,16131000.0,49.70876240239466
30.42,-5572530.041000294,16130360.0,49.708748709007224
30.43,-5572068.957740259,16129720.0,49.70873502335577
30.44,-5571617.079475817,16129060.0,49.70872134600711
30.45,-5571175.48431758,16128400.0,49.708707676623305
30.46,-5570744.775807657,16127710.0,49.708694013993195
30.47,-5570325.100762789,16127020.0,49.708680356161906
30.48,-5569916.183177912,16126310.0,49.70866670057041
30.49,-5569517.367049843,16125580.0,49.70865304417156
30.5,-5569127.66495198,16124850.0,49.708639383527604
30.51,-5568745.808783961,16124090.0,49.70862571489368
30.52,-5568370.314269476,16123330.0,49.708612034431404
30.53,-5567999.551201228,16122560.0,49.7085983383722
30.54,-5567631.800869708,16121780.0,49.708584623022
30.55,-5567265.321443062,16120990.0,49.708570884947164
30.56,-5566898.413282603,16120200.0,49.708557121111554
30.57,-5566529.465160204,16119400.0,49.708543328826416
30.58,-5566157.000476682,16118600.0,49.708529505855616
30.59,-5565779.715673887,16117800.0,49.70851565045462
30.6,-5565396.513328085,16117010.0,49.70850176141724
30.61,-5565006.52848651,16116210.0,49.70848783809932
30.62,-5564609.142474484,16115420.0,49.70847388038116
30.63,-5564203.990809022,16114620.0,49.70845988866422
30.64,-5563790.959619541,16113840.0,49.708445863802574
30.65,-5563370.177328255,16113050.0,49.708431807082405
30.66,-5562942.000267799,16112270.0,49.70841772016562
30.67,-5562506.986636424,16111490.0,49.70840360497778
30.68,-5562065.871811473,16110720.0,49.70838946368771
30.69,-5561619.540921714,16109940.0,49.708375298647226
30.7,-5561168.993486195,16109170.0,49.70836111227834
30.71,-5560715.31582798,16108390.0,49.70834690708416
30.72,-5560259.647206994,16107620.0,49.7083326855425
30.73,-5559803.1382887885,16106830.0,49.70831844996243
30.74,-5559346.926719076,16106050.0,49.70830420257171
30.75,-5558892.109901979,16105260.0,49.70828994543297
30.76,-5558439.71531711,16104460.0,49.70827568035936
30.77,-5557990.6763474755,16103660.0,49.70826140889957
30.78,-5557545.817963035,16102850.0,49.708247132370445
30.79,-5557105.847212927,16102030.0,49.70823285186676
30.8,-5556671.338793922,16101190.0,49.708218568175205
30.81,-5556242.731980735,16100350.0,49.70820428184125
30.82,-5555820.327150617,16099490.0,49.708189993144366
30.83,-5555404.290904949,16098630.0,49.70817570215976
30.84,-5554994.66513648,16097750.0,49.708161408789486
30.85,-5554591.368654901,16096860.0,49.708147112697546
30.86,-5554194.212379815,16095950.0,49.708132813427056
30.87,-5553802.913546622,16095040.0,49.70811851041632
30.88,-5553417.110746285,16094110.0,49.708104203022984
30.89,-5553036.38145357,16093170.0,49.70808989056758
30.9,-5552660.25680719,16092220.0,49.70807557234151
30.91,-5552288.237851815,16091260.0,49.708061247643585
30.92,-5551919.811991827,16090290.0,49.708046915812496
30.93,-5551554.46834657,16089310.0,49.708032576250126
30.94,-5551191.712061257,16088320.0,49.7080182284436
30.95,-5550831.073695793,16087320.0,49.70800387194504
30.96,-5550472.11835198,16086310.0,49.70798950639749
30.97,-5550114.457900537,16085300.0,49.70797513158283
30.98,-5549757.756912999,16084270.0,49.70796074739483
30.99,-5549401.7349040415,16083240.0,49.70794635381844
31.0,-5549046.169262898,16082200.0,49.70793195094912
31.01,-5548690.898077769,16081150.0,49.707917539005386
31.02,-5548335.819604763,16080100.0,49.7079031183061
31.03,-5547980.888942835,16079040.0,49.707888689252336
31.04,-5547626.110141228,16077970.0,49.70787425227748
31.05,-5547271.5324468035,16076900.0,49.707859807880986
31.06,-5546917.245003118,16075820.0,49.70784535661052
31.07,-5546563.372162826,16074730.0,49.707830899058266
31.08,-5546210.067306522,16073630.0,49.70781643584592
31.09,-5545857.501004395,16072530.0,49.70780196755215
31.1,-5545505.851541568,16071420.0,49.70778749471974
31.11,-5545155.298211984,16070300.0,49.70777301786006
31.12,-5544806.015963207,16069170.0,49.70775853745545
31.13,-5544458.168090319,16068030.0,49.707744053924586
31.14,-5544111.901305048,16066890.0,49.70772956763229
31.15,-5543767.338513237,16065730.0,49.70771507885534
31.16,-5543424.5755064245,16064570.0,49.70770058779848
31.17,-5543083.677987216,16063400.0,49.7076860945951
31.18,-5542744.678074559,16062210.0,49.707671599282996
31.19,-5542407.575245352,16061020.0,49.707657101847396
31.2,-5542072.334828238,16059820.0,49.70764260218649
31.21,-5541738.887861488,16058610.0,49.707628100122534
31.22,-5541407.132147459,16057390.0,49.707613595405356
31.23,-5541076.937241873,16056160.0,49.70759908775635
31.24,-5540748.145010885,16054920.0,49.70758457682439
31.25,-5540420.575147455,16053680.0,49.707570062236954
31.26,-5540094.028422222,16052420.0,49.707555543585876
31.27,-5539768.290569459,16051160.0,49.70754102043971
31.28,-5539443.141938382,16049880.0,49.70752649240287
31.29,-5539118.356911207,16048600.0,49.707511959038285
31.3,-5538793.707707686,16047310.0,49.707497419908414
31.31,-5538468.970877479,16046020.0,49.70748287460585
31.32,-5538143.931016426,16044710.0,49.70746832274583
31.33,-5537818.387227379,16043400.0,49.70745376399667
31.34,-5537492.159938996,16042080.0,49.707439198101824
31.35,-5537165.090846191,16040750.0,49.70742462482984
31.36,-5536837.0431922255,16039410.0,49.707410043973844
31.37,-5536507.903988866,16038070.0,49.70739545538156
31.38,-5536177.585159226,16036720.0,49.70738085894647
31.39,-5535846.02325866,16035370.0,49.70736625460132
31.4,-5535513.181816146,16034000.0,49.70735164234819
31.41,-5535179.051914799,16032640.0,49.707337022244126
31.42,-5534843.64747401,16031260.0,49.70732239435953
31.43,-5534506.998354193,16029880.0,49.70730775874251
31.44,-5534169.152276964,16028490.0,49.707293115499866
31.45,-5533830.174641526,16027090.0,49.707278464778156
31.46,-5533490.140989376,16025680.0,49.707263806694314
31.47,-5533149.131444578,16024270.0,49.70724914134059
31.48,-5532807.230781703,16022860.0,49.7072344688292
31.49,-5532464.527696096,16021430.0,49.70721978928331
31.5,-5532121.103359021,16019990.0,49.70720510273445
31.51,-5531777.032595035,16018550.0,49.70719040921665
31.52,-5531432.387113814,16017100.0,49.707175708793564
31.53,-5531087.231228003,16015650.0,49.70716100148743
31.54,-5530741.61932695,16014180.0,49.7071462872888
31.55,-5530395.591406677,16012710.0,49.70713156612893
31.56,-5530049.175028143,16011230.0,49.70711683793227
31.57,-5529702.390015775,16009740.0,49.707102102649685
31.58,-5529355.245474751,16008240.0,49.7070873601869
31.59,-5529007.738852375,16006730.0,49.7070726104196
31.6,-5528659.852546799,16005220.0,49.70705785316488
31.61,-5528311.560650783,16003700.0,49.70704308827425
31.62,-5527962.833091028,16002160.0,49.707028315619226
31.63,-5527613.632825667,16000620.0,49.707013535031976
31.64,-5527263.921696563,15999080.0,49.70699874638419
31.65,-5526913.6647576615,15997520.0,49.70698394958404
31.66,-5526562.826408214,15995950.0,49.70696914450276
31.67,-5526211.372556805,15994380.0,49.706954331029564
31.68,-5525859.27911618,15992800.0,49.70693950913618
31.69,-5525506.526785723,15991210.0,49.7069246787612
31.7,-5525153.098898091,15989610.0,49.70690983982852
31.71,-5524798.986782532,15988000.0,49.70689499232153
31.72,-5524444.190069848,15986390.0,49.70688013624033
31.73,-5524088.717055054,15984760.0,49.706865271606105
31.74,-5523732.584491047,15983130.0,49.706850398458705
31.75,-5523375.814247477,15981490.0,49.70683551682446
31.76,-5523018.435146942,15979840.0,49.706820626759026
31.77,-5522660.486857195,15978180.0,49.70680572837783
31.78,-5522302.015188207,15976510.0,49.70679082177579
31.79,-5521943.066066759,15974840.0,49.70677590700513
31.8,-5521583.68496659,15973150.0,49.70676098412049
31.81,-5521223.9172488935,15971450.0,49.70674605318153
31.82,-5520863.811637857,15969750.0,49.706731114290285
31.83,-5520503.415214041,15968040.0,49.70671616751085
31.84,-5520142.775005572,15966320.0,49.70670121292427
31.85,-5519781.934055705,15964580.0,49.70668625058055
31.86,-5519420.927708543,15962840.0,49.7066712804865
31.87,-5519059.787407589,15961090.0,49.70665630267755
31.88,-5518698.54091375,15959330.0,49.7066413171844
31.89,-5518337.212181981,15957560.0,49.70662632403388
31.9,-5517975.822092429,15955780.0,49.70661132325528
31.91,-5517614.385593352,15953990.0,49.706596314844106
31.92,-5517252.910945378,15952190.0,49.706581298777635
31.93,-5516891.402667984,15950380.0,49.706566275051514
31.94,-5516529.860903281,15948560.0,49.70655124364563
31.95,-5516168.281291091,15946740.0,49.706536204529996
31.96,-5515806.65894672,15944900.0,49.70652115770494
31.97,-5515444.987376942,15943050.0,49.7065061031583
31.98,-5515083.258760957,15941190.0,49.70649104087575
31.99,-5514721.467309263,15939320.0,49.70647597087302
32.0,-5514359.608015088,15937440.0,49.70646089315804
32.01,-5513997.672667363,15935560.0,49.706445807698174
32.02,-5513635.651210569,15933660.0,49.70643071446821
32.03,-5513273.53601386,15931750.0,49.70641561347961
32.04,-5512911.321193518,15929830.0,49.70640050474
32.05,-5512549.005181658,15927900.0,49.70638538828986
32.06,-5512186.589084455,15925970.0,49.70637026415661
32.07,-5511824.071674088,15924020.0,49.706355132327
32.08,-5511461.45354287,15922060.0,49.70633999282368
32.09,-5511098.739273227,15920100.0,49.706324845693935
32.1,-5510735.927931084,15918120.0,49.70630969089909
32.11,-5510373.015103544,15916130.0,49.70629452840913
32.12,-5510009.996537297,15914130.0,49.70627935822415
32.13,-5509646.864434988,15912120.0,49.706264180304096
32.14,-5509283.611606354,15910110.0,49.70624899464492
32.15,-5508920.230501023,15908080.0,49.70623380123148
32.16,-5508556.712922744,15906040.0,49.70621860004466
32.17,-5508193.0492300205,15903990.0,49.70620339105573
32.18,-5507829.225027397,15901940.0,49.70618817419765
32.19,-5507465.226111411,15899870.0,49.70617294944126
32.2,-5507101.041092487,15897790.0,49.70615771678365
32.21,-5506736.656330337,15895700.0,49.70614247617331
32.22,-5506372.056213342,15893610.0,49.70612722755844
32.23,-5506007.227028737,15891500.0,49.70611197091635
32.24,-5505642.158961938,15889380.0,49.70609670624941
32.25,-5505276.843371039,15887260.0,49.70608143354005
32.26,-5504911.268287945,15885120.0,49.706066152723885
32.27,-5504545.425590298,15882970.0,49.70605086380303
32.28,-5504179.311239089,15880820.0,49.70603556678893
32.29,-5503812.91902048,15878650.0,49.706020261635736
32.3,-5503446.242933795,15876480.0,49.70600494831936
32.31,-5503079.278616728,15874290.0,49.70598962682799
32.32,-5502712.02391932,15872100.0,49.705974297160026
32.33,-5502344.479023468,15869890.0,49.70595895931648
32.34,-5501976.645764931,15867680.0,49.70594361330065
32.35,-5501608.523591476,15865460.0,49.70592825907598
32.36,-5501240.107163516,15863220.0,49.705912896577445
32.37,-5500871.391413885,15860980.0,49.7058975257805
32.38,-5500502.374340844,15858730.0,49.70588214668937
32.39,-5500133.054907285,15856470.0,49.70586675929187
32.4,-5499763.431390567,15854200.0,49.705851363562594
32.41,-5499393.500070145,15851920.0,49.70583595945968
32.42,-5499023.2506067725,15849630.0,49.70582054689229
32.43,-5498652.674174938,15847330.0,49.7058051258357
32.44,-5498281.763808625,15845020.0,49.70578969626986
32.45,-5497910.508194569,15842710.0,49.70577425811525
32.46,-5497538.8941688305,15840380.0,49.70575881130892
32.47,-5497166.912011895,15838050.0,49.705743355834315
32.48,-5496794.5543176355,15835700.0,49.70572789167
32.49,-5496421.81206713,15833350.0,49.70571241875811
32.5,-5496048.6786136795,15830990.0,49.70569693707858
32.51,-5495675.152025175,15828620.0,49.70568144663571
32.52,-5495301.232018679,15826240.0,49.705665947417494
32.53,-5494926.918596893,15823850.0,49.70565043939648
32.54,-5494552.210111355,15821460.0,49.70563492253049
32.55,-5494177.105993633,15819050.0,49.705619396798994
32.56,-5493801.6111459015,15816640.0,49.70560386222875
32.57,-5493425.731053837,15814220.0,49.70558831880885
32.58,-5493049.468824783,15811780.0,49.70557276650146
32.59,-5492672.83344469,15809350.0,49.70555720534629
32.6,-5492295.836715531,15806900.0,49.70554163536593
32.61,-5491918.488076583,15804440.0,49.70552605653857
32.62,-5491540.80126576,15801980.0,49.705510468905736
32.63,-5491162.790512253,15799510.0,49.705494872480195
32.64,-5490784.464611156,15797020.0,49.70547926722072
32.65,-5490405.837452162,15794540.0,49.70546365317755
32.66,-5490026.921820775,15792040.0,49.705448030355136
32.67,-5489647.727230025,15789540.0,49.70543239873197
32.68,-5489268.263445329,15787020.0,49.70541675831945
32.69,-5488888.543676243,15784500.0,49.70540110915917
32.7,-5488508.5808239505,15781980.0,49.70538545126755
32.71,-5488128.382750606,15779440.0,49.705369784612415
32.72,-5487747.9590479685,15776900.0,49.70535410921844
32.73,-5487367.320528794,15774340.0,49.70533842511484
32.74,-5486986.476095612,15771790.0,49.70532273229706
32.75,-5486605.432963845,15769220.0,49.70530703076579
32.76,-5486224.200760492,15766650.0,49.7052913205549
32.77,-5485842.785432655,15764060.0,49.70527560164827
32.78,-5485461.190207051,15761480.0,49.70525987402809
32.79,-5485079.421623656,15758880.0,49.70524413773475
32.8,-5484697.486181805,15756280.0,49.70522839278111
32.81,-5484315.391422772,15753670.0,49.70521263919315
32.82,-5483933.14593233,15751050.0,49.70519687699732
32.83,-5483550.759001393,15748430.0,49.70518110622189
32.84,-5483168.239431026,15745800.0,49.70516532688657
32.85,-5482785.595246245,15743160.0,49.7051495390056
32.86,-5482402.835745493,15740520.0,49.70513374261482
32.87,-5482019.972643488,15737870.0,49.7051179377652
32.88,-5481637.023553308,15735210.0,49.70510212454802
32.89,-5481254.005903569,15732550.0,49.70508630300908
32.9,-5480870.936937865,15729880.0,49.70507047319513
32.91,-5480487.835651704,15727200.0,49.705054635175806
32.92,-5480104.720859262,15724520.0,49.705038789003055
32.93,-5479721.611819659,15721830.0,49.7050229347426
32.94,-5479338.525331688,15719140.0,49.70500707242925
32.95,-5478955.476696317,15716440.0,49.704991202106854
32.96,-5478572.486608104,15713730.0,49.70497532388707
32.97,-5478189.577464495,15711020.0,49.70495943785674
32.98,-5477806.763454456,15708300.0,49.70494354401087
32.99,-5477424.055153708,15705580.0,49.7049276423747
33.0,-5477041.46475829,15702850.0,49.70491173301907
33.01,-5476659.005518687,15700120.0,49.704895816014414
33.02,-5476276.690488706,15697380.0,49.704879891422124
33.03,-5475894.527795109,15694630.0,49.704863959257445
33.04,-5475512.524671219,15691880.0,49.704848019565844
33.05,-5475130.68865135,15689120.0,49.704832072405154
33.06,-5474749.028540262,15686360.0,49.704816117843016
33.07,-5474367.557265569,15683600.0,49.70480015597935
33.08,-5473986.28579052,15680830.0,49.70478418686426
33.09,-5473605.22299505,15678050.0,49.70476821054195
33.1,-5473224.377778994,15675270.0,49.70475222707658
33.11,-5472843.760486715,15672490.0,49.70473623654513
33.12,-5472463.37875072,15669700.0,49.70472023898956
33.13,-5472083.2390804365,15666910.0,49.70470423446039
33.14,-5471703.349651651,15664110.0,49.70468822303636
33.15,-5471323.7221911615,15661310.0,49.70467220481812
33.16,-5470944.367882627,15658500.0,49.70465617987523
33.17,-5470565.298846767,15655690.0,49.70464014829136
33.18,-5470186.527174892,15652880.0,49.70462411014334
33.19,-5469808.060996744,15650060.0,49.70460806547144
33.2,-5469429.911992651,15647240.0,49.70459201438066
33.21,-5469052.094832481,15644410.0,49.70457595698407
33.22,-5468674.62353595,15641580.0,49.704559893360916
33.23,-5468297.507766866,15638750.0,49.70454382355705
33.24,-5467920.757779925,15635920.0,49.70452774765787
33.25,-5467544.386017724,15633080.0,49.70451166576723
33.26,-5467168.40768602,15630240.0,49.704495578002536
33.27,-5466792.840019738,15627390.0,49.704479484478995
33.28,-5466417.6940250425,15624540.0,49.7044633852365
33.29,-5466042.9764582,15621690.0,49.70444728032149
33.3,-5465668.696824142,15618840.0,49.70443116984561
33.31,-5465294.864420034,15615980.0,49.704415053892475
33.32,-5464921.489075525,15613120.0,49.70439893255899
33.33,-5464548.5845161695,15610260.0,49.70438280597339
33.34,-5464176.158571579,15607400.0,49.704366674178715
33.35,-5463804.2183463285,15604530.0,49.70435053725624
33.36,-5463432.775061877,15601660.0,49.70433439533538
33.37,-5463061.8362028,15598790.0,49.70431824847657
33.38,-5462691.407159982,15595920.0,49.704302096751945
33.39,-5462321.495499285,15593050.0,49.704285940266914
33.4,-5461952.108345603,15590170.0,49.70426977911288
33.41,-5461583.254889095,15587290.0,49.70425361340002
33.42,-5461214.946048389,15584410.0,49.704237443243635
33.43,-5460847.190371882,15581530.0,49.70422126872281
33.44,-5460479.994715601,15578650.0,49.70420508991785
33.45,-5460113.363555112,15575770.0,49.70418890690034
33.46,-5459747.302227729,15572880.0,49.704172719767605
33.47,-5459381.8206387,15570000.0,49.704156528660945
33.48,-5459016.928599769,15567110.0,49.704140333679554
33.49,-5458652.63525903,15564220.0,49.704124134921834
33.5,-5458288.947902534,15561340.0,49.704107932473
33.51,-5457925.874855848,15558450.0,49.70409172644325
33.52,-5457563.425543615,15555560.0,49.704075516946844
33.53,-5457201.61083415,15552670.0,49.70405930410322
33.54,-5456840.441162487,15549780.0,49.70404308802012
33.55,-5456479.9297204185,15546890.0,49.704026868834696
33.56,-5456120.088360367,15544000.0,49.70401064665214
33.57,-5455760.926281303,15541110.0,49.70399442156045
33.58,-5455402.454068039,15538220.0,49.703978193685764
33.59,-5455044.682896843,15535320.0,49.703961963149915
33.6,-5454687.622941268,15532430.0,49.70394573005886
33.61,-5454331.278240888,15529540.0,49.70392949446899
33.62,-5453975.654208054,15526650.0,49.70391325649785
33.63,-5453620.757346359,15523760.0,49.70389701626242
33.64,-5453266.594854457,15520880.0,49.703880773881664
33.65,-5452913.1733740745,15517990.0,49.703864529461065
33.66,-5452560.501894854,15515100.0,49.70384828313448
33.67,-5452208.587657227,15512210.0,49.7038320350037
33.68,-5451857.435122266,15509330.0,49.703815785153644
33.69,-5451507.053828723,15506440.0,49.70379953374485
33.7,-5451157.45606927,15503560.0,49.703783280923766
33.71,-5450808.654219006,15500680.0,49.70376702681954
33.72,-5450460.655094022,15497800.0,49.70375077150487
33.73,-5450113.463641546,15494920.0,49.7037345150779
33.74,-5449767.091027186,15492040.0,49.70371825771487
33.75,-5449421.547983123,15489160.0,49.70370199954047
33.76,-5449076.840931954,15486290.0,49.70368574063828
33.77,-5448732.975452006,15483420.0,49.70366948112061
33.78,-5448389.958212718,15480540.0,49.7036532211162
33.79,-5448047.797376236,15477680.0,49.703636960760406
33.8,-5447706.501974269,15474810.0,49.703620700187535
33.81,-5447366.080998452,15471940.0,49.70360443952476
33.82,-5447026.545907564,15469080.0,49.70358817892402
33.83,-5446687.907100542,15466220.0,49.70357191851097
33.84,-5446350.172318179,15463360.0,49.70355565839018
33.85,-5446013.351252278,15460510.0,49.703539398710944
33.86,-5445677.454524743,15457660.0,49.703523139614894
33.87,-5445342.492265214,15454800.0,49.70350688123447
33.88,-5445008.472742134,15451960.0,49.703490623685866
33.89,-5444675.400876437,15449110.0,49.7034743670694
33.9,-5444343.280626557,15446270.0,49.703458111500744
33.91,-5444012.115555867,15443430.0,49.70344185710176
33.92,-5443681.909059622,15440600.0,49.70342560399333
33.93,-5443352.667270804,15437760.0,49.703409352326496
33.94,-5443024.39627464,15434930.0,49.70339310223049
33.95,-5442697.104045979,15432110.0,49.70337685385432
33.96,-5442370.800112061,15429280.0,49.70336060734786
33.97,-5442045.488091256,15426460.0,49.70334436279143
33.98,-5441721.171832713,15423650.0,49.70332812031214
33.99,-5441397.85758239,15420840.0,49.70331188006237
34.0,-5441075.551880547,15418030.0,49.703295642177956
34.01,-5440754.259453999,15415220.0,49.70327940677304
34.02,-5440433.988682176,15412430.0,49.7032631740156
34.03,-5440114.750124595,15409630.0,49.70324694406468
34.04,-5439796.548377333,15406840.0,49.703230717005184
34.05,-5439479.387300767,15404050.0,49.70321449296233
34.06,-5439163.276400111,15401260.0,49.70319827212163
34.07,-5438848.226166672,15398480.0,49.70318205463699
34.08,-5438534.245515913,15395710.0,49.70316584063789
34.09,-5438221.342581275,15392940.0,49.703149630260235
34.1,-5437909.525054098,15390170.0,49.70313342364274
34.11,-5437598.796193501,15387410.0,49.70311722088156
34.12,-5437289.155784046,15384650.0,49.70310102207708
34.13,-5436980.6075921785,15381900.0,49.703084827393056
34.14,-5436673.152139011,15379150.0,49.703068636931
34.15,-5436366.789883411,15376410.0,49.703052450818426
34.16,-5436061.522076645,15373670.0,49.703036269187265
34.17,-5435757.34751619,15370940.0,49.70302009214374
34.18,-5435454.267668323,15368210.0,49.703003919834636
34.19,-5435152.285193171,15365490.0,49.70298775240097
34.2,-5434851.403092923,15362770.0,49.702971589975554
34.21,-5434551.623515975,15360060.0,49.702955432681186
34.22,-5434252.94308199,15357350.0,49.70293928059271
34.23,-5433955.357939825,15354640.0,49.702923133820725
34.24,-5433658.868952082,15351950.0,49.70290699252905
34.25,-5433363.474412747,15349260.0,49.70289085681591
34.26,-5433069.172776103,15346570.0,49.70287472680185
34.27,-5432775.966874092,15343890.0,49.702858602650515
34.28,-5432483.855949274,15341210.0,49.70284248445238
34.29,-5432192.837868317,15338540.0,49.70282637231482
34.3,-5431902.909802406,15335880.0,49.70281026634756
34.31,-5431614.069422241,15333220.0,49.70279416666922
34.32,-5431326.317919544,15330560.0,49.702778073431546
34.33,-5431039.655172102,15327910.0,49.702761986742786
34.34,-5430754.080139397,15325270.0,49.70274590671237
34.35,-5430469.5906323865,15322630.0,49.70272983344623
34.36,-5430186.183595598,15320000.0,49.70271376704932
34.37,-5429903.858410145,15317370.0,49.70269770765864
34.38,-5429622.611771154,15314750.0,49.70268165536166
34.39,-5429342.438364901,15312140.0,49.702665610248786
34.4,-5429063.338101005,15309530.0,49.70264957247713
34.41,-5428785.309458194,15306920.0,49.702633542147865
34.42,-5428508.346061622,15304320.0,49.702617519323724
34.43,-5428232.441400584,15301730.0,49.70260150410487
34.44,-5427957.592133398,15299140.0,49.70258549662104
34.45,-5427683.792225852,15296560.0,49.702569496951305
34.46,-5427411.030323188,15293980.0,49.702553505141104
34.47,-5427139.2952074995,15291410.0,49.702537521277954
34.48,-5426868.579388244,15288850.0,49.702521545483094
34.49,-5426598.873698001,15286290.0,49.70250557783109
34.5,-5426330.168428055,15283730.0,49.70248961840361
34.51,-5426062.45731611,15281180.0,49.70247366731698
34.52,-5425795.736301271,15278640.0,49.702457724684955
34.53,-5425529.999255676,15276100.0,49.702441790580494
34.54,-5425265.236098856,15273570.0,49.70242586505177
34.55,-5425001.438657435,15271040.0,49.702409948197094
34.56,-5424738.600840928,15268520.0,49.70239404011888
34.57,-5424476.711694754,15266000.0,49.70237814085337
34.58,-5424215.755616106,15263490.0,49.7023622504266
34.59,-5423955.719579598,15260980.0,49.702346368926776
34.6,-5423696.5942835165,15258480.0,49.70233049645602
34.61,-5423438.371480873,15255990.0,49.702314633095455
34.62,-5423181.042272548,15253500.0,49.70229877891191
34.63,-5422924.596649839,15251010.0,49.70228293396325
34.64,-5422669.023263811,15248530.0,49.70226709830274
34.65,-5422414.313525,15246050.0,49.702251272019645
34.66,-5422160.464003756,15243580.0,49.70223545523102
34.67,-5421907.470630661,15241120.0,49.702219648007215
34.68,-5421655.325788694,15238660.0,49.702203850387534
34.69,-5421404.020469882,15236200.0,49.702188062423666
34.7,-5421153.542277385,15233750.0,49.70217228414298
34.71,-5420903.874961229,15231300.0,49.7021565155597
34.72,-5420655.005816914,15228860.0,49.70214075675202
34.73,-5420406.926435166,15226420.0,49.70212500781169
34.74,-5420159.626558306,15223990.0,49.70210926877594
34.75,-5419913.0943036415,15221560.0,49.7020935396797
34.76,-5419667.320376422,15219140.0,49.7020778205936
34.77,-5419422.296765706,15216720.0,49.70206211158281
34.78,-5419178.0136134215,15214310.0,49.70204641267756
34.79,-5418934.456816433,15211900.0,49.702030723884334
34.8,-5418691.611834052,15209490.0,49.7020150452318
34.81,-5418449.461578578,15207090.0,49.70199937672996
34.82,-5418207.990910904,15204690.0,49.70198371842108
34.83,-5417967.188013139,15202300.0,49.70196807036794
34.84,-5417727.039724188,15199900.0,49.7019524325881
34.85,-5417487.532049339,15197520.0,49.70193680510184
34.86,-5417248.651013072,15195140.0,49.701921187935774
34.87,-5417010.384197798,15192760.0,49.701905581125786
34.88,-5416772.721317702,15190380.0,49.70188998471927
34.89,-5416535.647955729,15188010.0,49.70187439870271
34.9,-5416299.146636081,15185650.0,49.701858823062175
34.91,-5416063.204566714,15183280.0,49.70184325785336
34.92,-5415827.811713629,15180920.0,49.701827703119875
34.93,-5415592.956248989,15178570.0,49.70181215886596
34.94,-5415358.626313267,15176210.0,49.701796625106766
34.95,-5415124.807393912,15173860.0,49.70178110183039
34.96,-5414891.485794929,15171520.0,49.7017655890516
34.97,-5414658.650234603,15169170.0,49.70175008680178
34.98,-5414426.286836889,15166830.0,49.70173459506482
34.99,-5414194.383569882,15164490.0,49.701719113863255
35.0,-5413962.9295096975,15162160.0,49.701703643214806
35.01,-5413731.912051023,15159830.0,49.70168818310692
35.02,-5413501.314794533,15157500.0,49.701672733505106
35.03,-5413271.121640467,15155170.0,49.70165729440289
35.04,-5413041.3187839715,15152850.0,49.70164186581484
35.05,-5412811.893695196,15150530.0,49.701626447745774
35.06,-5412582.830563711,15148210.0,49.70161104015764
35.07,-5412354.112626819,15145890.0,49.70159564302693
35.08,-5412125.72712502,15143580.0,49.70158025637506
35.09,-5411897.661835983,15141260.0,49.70156488019531
35.1,-5411669.903309421,15138950.0,49.70154951446385
35.11,-5411442.436465197,15136650.0,49.701534159148615
35.12,-5411215.24880629,15134340.0,49.701518814253404
35.13,-5410988.329228619,15132040.0,49.7015034797752
35.14,-5410761.664776434,15129740.0,49.70148815567936
35.15,-5410535.23898518,15127430.0,49.7014728419086
35.16,-5410309.03546292,15125140.0,49.70145753843329
35.17,-5410083.040113054,15122840.0,49.70144224524485
35.18,-5409857.240057424,15120540.0,49.70142696232506
35.19,-5409631.622841634,15118250.0,49.70141168965036
35.2,-5409406.173358978,15115960.0,49.70139642716379
35.21,-5409180.875895377,15113670.0,49.701381174824775
35.22,-5408955.7162934095,15111380.0,49.70136593260776
35.23,-5408730.679733854,15109090.0,49.70135070047
35.24,-5408505.754267228,15106800.0,49.70133547839774
35.25,-5408280.928997503,15104510.0,49.701320266364874
35.26,-5408056.190209781,15102230.0,49.70130506430943
35.27,-5407831.527346819,15099940.0,49.70128987221811
35.28,-5407606.928800054,15097660.0,49.7012746900434
35.29,-5407382.381052262,15095380.0,49.70125951772506
35.3,-5407157.875226209,15093090.0,49.70124435526366
35.31,-5406933.400941857,15090810.0,49.70122920260374
35.32,-5406708.946654594,15088530.0,49.701214059694145
35.33,-5406484.500507166,15086250.0,49.70119892648327
35.34,-5406260.047821608,15083970.0,49.70118380289599
35.35,-5406035.573827584,15081680.0,49.701168688875065
35.36,-5405811.062294593,15079400.0,49.70115358434819
35.37,-5405586.499061517,15077120.0,49.7011384892737
35.38,-5405361.87437829,15074840.0,49.70112340363607
35.39,-5405137.177560338,15072560.0,49.70110832737355
35.4,-5404912.398126019,15070280.0,49.70109326043344
35.41,-5404687.526367046,15068000.0,49.701078202769125
35.42,-5404462.547765893,15065720.0,49.701063154274955
35.43,-5404237.447086818,15063440.0,49.701048114878624
35.44,-5404012.215098451,15061160.0,49.70103308457044
35.45,-5403786.845853549,15058880.0,49.70101806332293
35.46,-5403561.327579557,15056590.0,49.70100305102753
35.47,-5403335.646197211,15054310.0,49.70098804759456
35.48,-5403109.790728483,15052020.0,49.700973052982555
35.49,-5402883.750056224,15049740.0,49.70095806712374
35.5,-5402657.511499233,15047450.0,49.7009430899344
35.51,-5402431.064341532,15045170.0,49.70092812136038
35.52,-5402204.401888814,15042880.0,49.70091316137245
35.53,-5401977.519768966,15040590.0,49.70089820993102
35.54,-5401750.407561029,15038300.0,49.70088326691791
35.55,-5401523.05254117,15036010.0,49.70086833223857
35.56,-5401295.445261586,15033720.0,49.70085340584712
35.57,-5401067.580185587,15031430.0,49.7008384877118
35.58,-5400839.448574208,15029130.0,49.70082357773534
35.59,-5400611.039390019,15026840.0,49.70080867582279
35.6,-5400382.346471621,15024540.0,49.70079378194526
35.61,-5400153.362904295,15022240.0,49.70077889602659
35.62,-5399924.0817019865,15019940.0,49.700764017995084
35.63,-5399694.492445013,15017640.0,49.700749147746144
35.64,-5399464.584633681,15015340.0,49.700734285197015
35.65,-5399234.348656909,15013030.0,49.700719430277104
35.66,-5399003.778073909,15010720.0,49.70070458293846
35.67,-5398772.866772878,15008410.0,49.70068974310823
35.68,-5398541.604526973,15006100.0,49.70067491067236
35.69,-5398309.981827855,15003790.0,49.70066008555432
35.7,-5398077.989716574,15001470.0,49.700645267676336
35.71,-5397845.623887951,14999160.0,49.700630457000884
35.72,-5397612.879174635,14996840.0,49.700615653447606
35.73,-5397379.748006363,14994520.0,49.700600856915045
35.74,-5397146.226102539,14992190.0,49.70058606735466
35.75,-5396912.312822399,14989870.0,49.700571284728454
35.76,-5396678.007925918,14987540.0,49.70055650897237
35.77,-5396443.306275165,14985210.0,49.700541739970504
35.78,-5396208.202437895,14982880.0,49.70052697764453
35.79,-5395972.693878042,14980540.0,49.70051222194279
35.8,-5395736.775435357,14978200.0,49.700497472768454
35.81,-5395500.440629552,14975860.0,49.70048273002972
35.82,-5395263.686158875,14973520.0,49.70046799367628
35.83,-5395026.507178277,14971180.0,49.700453263618016
35.84,-5394788.895586008,14968830.0,49.70043853974235
35.85,-5394550.845885025,14966480.0,49.70042382199097
35.86,-5394312.3558733575,14964130.0,49.70040911031325
35.87,-5394073.4230622575,14961770.0,49.70039440463256
35.88,-5393834.046783956,14959410.0,49.70037970489182
35.89,-5393594.225517892,14957050.0,49.70036501101109
35.9,-5393353.956204753,14954690.0,49.70035032290078
35.91,-5393113.236977944,14952320.0,49.700335640497535
35.92,-5392872.066026859,14949950.0,49.70032096372616
35.93,-5392630.440628272,14947580.0,49.70030629250425
35.94,-5392388.360848121,14945200.0,49.70029162678322
35.95,-5392145.827667952,14942820.0,49.70027696650241
35.96,-5391902.835237152,14940440.0,49.70026231152407
35.97,-5391659.377466232,14938060.0,49.700247661764664
35.98,-5391415.451901258,14935670.0,49.70023301717586
35.99,-5391171.058992147,14933280.0,49.70021837771007
36.0,-5390926.197199155,14930880.0,49.70020374327792
36.01,-5390680.864982391,14928490.0,49.700189113805244
36.02,-5390435.061029768,14926080.0,49.700174489219165
36.03,-5390188.781750202,14923680.0,49.70015986942335
36.04,-5389942.026567586,14921280.0,49.70014525437055
36.05,-5389694.7981562605,14918870.0,49.70013064401832
36.06,-5389447.097947259,14916450.0,49.70011603829127
36.07,-5389198.928119673,14914040.0,49.700101437129476
36.08,-5388950.292229344,14911620.0,49.70008684047986
36.09,-5388701.195782123,14909200.0,49.70007224830127
36.1,-5388451.646238713,14906770.0,49.70005766055629
36.11,-5388201.645953279,14904340.0,49.700043077141295
36.12,-5387951.195408851,14901910.0,49.700028497976305
36.13,-5387700.298797205,14899480.0,49.70001392303177
36.14,-5387448.9596972,14897040.0,49.69999935224534
36.15,-5387197.179021745,14894600.0,49.6999847855318
36.16,-5386944.960880618,14892160.0,49.69997022286025
36.17,-5386692.308371499,14889710.0,49.69995566416372
36.18,-5386439.2254009545,14887260.0,49.699941109393265
36.19,-5386185.716686417,14884810.0,49.69992655850166
36.2,-5385931.781147866,14882350.0,49.69991201137885
36.21,-5385677.419016507,14879890.0,49.69989746797229
36.22,-5385422.635599105,14877430.0,49.699882928270846
36.23,-5385167.436104927,14874960.0,49.69986839222252
36.24,-5384911.826158349,14872500.0,49.69985385978311
36.25,-5384655.811913807,14870020.0,49.699839330907444
36.26,-5384399.396125081,14867550.0,49.69982480551676
36.27,-5384142.583550391,14865070.0,49.69981028357726
36.28,-5383885.37958972,14862590.0,49.6997957650484
36.29,-5383627.790286374,14860110.0,49.69978124988903
36.3,-5383369.820960899,14857620.0,49.699766738049874
36.31,-5383111.4763231985,14855130.0,49.69975222947981
36.32,-5382852.763377234,14852640.0,49.699737724156314
36.33,-5382593.689375232,14850140.0,49.69972322204274
36.34,-5382334.26027964,14847650.0,49.69970872308942
36.35,-5382074.483780093,14845150.0,49.69969422727222
36.36,-5381814.369924517,14842640.0,49.69967973458196
36.37,-5381553.92833267,14840140.0,49.69966524498409
36.38,-5381293.165687628,14837630.0,49.69965075842164
36.39,-5381032.088121804,14835120.0,49.699636274855486
36.4,-5380770.702127284,14832600.0,49.69962179425495
36.41,-5380509.014955583,14830090.0,49.6996073165963
36.42,-5380247.034448535,14827570.0,49.69959284185539
36.43,-5379984.768754787,14825050.0,49.69957837000794
36.44,-5379722.225532709,14822520.0,49.699563901023375
36.45,-5379459.415140308,14820000.0,49.699549434904064
36.46,-5379196.351838607,14817470.0,49.69953497166883
36.47,-5378933.046507148,14814940.0,49.699520511276255
36.48,-5378669.506065625,14812410.0,49.699506053671925
36.49,-5378405.736142247,14809870.0,49.69949159882258
36.5,-5378141.746769023,14807340.0,49.699477146745814
36.51,-5377877.550227259,14804800.0,49.69946269745444
36.52,-5377613.157064109,14802260.0,49.6994482509216
36.53,-5377348.579678261,14799710.0,49.699433807157966
36.54,-5377083.830386971,14797170.0,49.699419366158644
36.55,-5376818.920172104,14794620.0,49.69940492790815
36.56,-5376553.86084217,14792070.0,49.69939049241022
36.57,-5376288.665832112,14789520.0,49.69937605968213
36.58,-5376023.346560208,14786970.0,49.69936162970614
36.59,-5375757.9135056855,14784420.0,49.69934720247628
36.6,-5375492.379853375,14781870.0,49.699332778019745
36.61,-5375226.759505898,14779310.0,49.69931835635295
36.62,-5374961.065261834,14776760.0,49.699303937475555
36.63,-5374695.311035316,14774200.0,49.69928952140988
36.64,-5374429.512143655,14771640.0,49.69927510818455
36.65,-5374163.677674693,14769080.0,49.69926069775777
36.66,-5373897.817195461,14766520.0,49.699246290140785
36.67,-5373631.94303274,14763960.0,49.69923188537192
36.68,-5373366.068228398,14761390.0,49.699217483476026
36.69,-5373100.20796574,14758830.0,49.6992030844934
36.7,-5372834.379574761,14756270.0,49.69918868847354
36.71,-5372568.601967549,14753700.0,49.699174295463976
36.72,-5372302.886752385,14751140.0,49.69915990543147
36.73,-5372037.244483812,14748570.0,49.699145518390246
36.74,-5371771.690529448,14746010.0,49.699131134411566
36.75,-5371506.237046964,14743440.0,49.699116753500064
36.76,-5371240.895426359,14740880.0,49.69910237567772
36.77,-5370975.680106005,14738310.0,49.69908800100576
36.78,-5370710.602938606,14735750.0,49.699073629496695
36.79,-5370445.6732416535,14733180.0,49.699059261159356
36.8,-5370180.904230386,14730620.0,49.69904489606336
36.81,-5369916.312514596,14728050.0,49.69903053428153
36.82,-5369651.91696729,14725490.0,49.699016175885575
36.83,-5369387.733088678,14722930.0,49.69900182089868
36.84,-5369123.773681456,14720360.0,49.69898746934346
36.85,-5368860.051408353,14717800.0,49.69897312126465
36.86,-5368596.580216325,14715240.0,49.69895877672391
36.87,-5368333.375225723,14712680.0,49.69894443578368
36.88,-5368070.452106286,14710120.0,49.69893009850654
36.89,-5367807.82576776,14707570.0,49.69891576494267
36.9,-5367545.505229208,14705010.0,49.69890143509399
36.91,-5367283.49799211,14702460.0,49.69888710899145
36.92,-5367021.818926281,14699900.0,49.69887278675581
36.93,-5366760.483449928,14697350.0,49.69885846845462
36.94,-5366499.507416967,14694800.0,49.69884415415757
36.95,-5366238.904838588,14692250.0,49.6988298439145
36.96,-5365978.687365702,14689700.0,49.69881553776876
36.97,-5365718.866106511,14687160.0,49.698801235775356
36.98,-5365459.452764788,14684620.0,49.698786938004595
36.99,-5365200.462832496,14682080.0,49.698772644558694
37.0,-5364941.913604673,14679540.0,49.69875835552977
37.01,-5364683.821391543,14677000.0,49.698744070989875
37.02,-5364426.196444248,14674470.0,49.69872979095706
37.03,-5364169.050176803,14671940.0,49.698715515512646
37.04,-5363912.394941001,14669400.0,49.69870124473748
37.05,-5363656.243857725,14666880.0,49.69868697871527
37.06,-5363400.609223197,14664350.0,49.69867271751702
37.07,-5363145.498175959,14661830.0,49.69865846116875
37.08,-5362890.920433961,14659310.0,49.698644209764126
37.09,-5362636.888073019,14656800.0,49.69862996340298
37.1,-5362383.411999537,14654280.0,49.69861572215215
37.11,-5362130.5057655545,14651780.0,49.69860148612037
37.12,-5361878.180104673,14649270.0,49.69858725536404
37.13,-5361626.443209877,14646760.0,49.69857302994043
37.14,-5361375.307223489,14644260.0,49.69855880996616
37.15,-5361124.784257987,14641770.0,49.69854459552878
37.16,-5360874.883660563,14639270.0,49.698530386687345
37.17,-5360625.617191834,14636780.0,49.698516183549735
37.18,-5360376.9971512975,14634300.0,49.69850198621246
37.19,-5360129.035922716,14631820.0,49.69848779476682
37.2,-5359881.747569864,14629340.0,49.69847360932381
37.21,-5359635.141401276,14626860.0,49.6984594299341
37.22,-5359389.225206491,14624390.0,49.69844525667226
37.23,-5359144.010038994,14621920.0,49.69843108965869
37.24,-5358899.5052665835,14619460.0,49.69841692897102
37.25,-5358655.719022983,14617000.0,49.69840277468943
37.26,-5358412.661281938,14614540.0,49.69838862692316
37.27,-5358170.341582343,14612090.0,49.69837448576395
37.28,-5357928.771021596,14609650.0,49.698360351322926
37.29,-5357687.958783322,14607200.0,49.69834622368003
37.3,-5357447.913671143,14604770.0,49.698332102930024
37.31,-5357208.6479257215,14602340.0,49.69831798920348
37.32,-5356970.1716487035,14599910.0,49.698303882583495
37.33,-5356732.492398414,14597480.0,49.69828978314914
37.34,-5356495.618887528,14595060.0,49.698275691006685
37.35,-5356259.558079649,14592650.0,49.69826160624048
37.36,-5356024.317407338,14590240.0,49.69824752895416
37.37,-5355789.909275109,14587840.0,49.69823345929383
37.38,-5355556.344803381,14585440.0,49.69821939736042
37.39,-5355323.634566026,14583040.0,49.698205343255715
37.4,-5355091.783346273,14580650.0,49.69819129703289
37.41,-5354860.7921167165,14578270.0,49.69817725874975
37.42,-5354630.664925031,14575890.0,49.69816322852761
37.43,-5354401.409642469,14573510.0,49.698149206500695
37.44,-5354173.037346533,14571150.0,49.69813519280555
37.45,-5353945.557656124,14568780.0,49.6981211875404
37.46,-5353718.979297702,14566430.0,49.698107190807065
37.47,-5353493.309704113,14564070.0,49.69809320270244
37.48,-5353268.558658391,14561730.0,49.69807922335642
37.49,-5353044.735165389,14559390.0,49.698065252875686
37.5,-5352821.846253085,14557050.0,49.69805129135312
37.51,-5352599.898905118,14554720.0,49.69803733889553
37.52,-5352378.89698343,14552400.0,49.69802339558378
37.53,-5352158.847260916,14550090.0,49.69800946154776
37.54,-5351939.757605129,14547780.0,49.697995536909865
37.55,-5351721.632650089,14545470.0,49.69798162174979
37.56,-5351504.477891132,14543170.0,49.697967716183165
37.57,-5351288.30156757,14540880.0,49.697953820346456
37.58,-5351073.111877219,14538590.0,49.69793993435269
37.59,-5350858.918172952,14536320.0,49.697926058330644
37.6,-5350645.727432442,14534040.0,49.69791219237551
37.61,-5350433.542257696,14531770.0,49.69789833655804
37.62,-5350222.366619653,14529510.0,49.697884490996394
37.63,-5350012.208539915,14527260.0,49.6978706558419
37.64,-5349803.077935384,14525010.0,49.697856831229196
37.65,-5349594.980468516,14522770.0,49.69784301724006
37.66,-5349387.917935565,14520540.0,49.69782921394922
37.67,-5349181.89150509,14518310.0,49.6978154214572
37.68,-5348976.9035969125,14516090.0,49.69780163988094
37.69,-5348772.958569078,14513880.0,49.69778786934616
37.7,-5348570.06232378,14511670.0,49.69777410998152
37.71,-5348368.218037286,14509470.0,49.69776036187545
37.72,-5348167.427577755,14507280.0,49.69774662512243
37.73,-5347967.698568176,14505100.0,49.69773289988878
37.74,-5347769.036992594,14502920.0,49.69771918627775
37.75,-5347571.443089045,14500750.0,49.69770548434826
37.76,-5347374.9193701465,14498580.0,49.697691794227126
37.77,-5347179.471141664,14496430.0,49.697678116052224
37.78,-5346985.102862397,14494280.0,49.697664449930826
37.79,-5346791.819509697,14492140.0,49.697650795980906
37.8,-5346599.622534775,14490000.0,49.69763715428357
37.81,-5346408.511848387,14487880.0,49.697623524932
37.82,-5346218.489976941,14485760.0,49.697609908054744
37.83,-5346029.564120505,14483650.0,49.69759630381067
37.84,-5345841.739155254,14481540.0,49.69758271229556
37.85,-5345655.013752611,14479450.0,49.697569133564315
37.86,-5345469.3887976315,14477360.0,49.69755556773991
37.87,-5345284.868135343,14475280.0,49.69754201496001
37.88,-5345101.4549880605,14473210.0,49.6975284753316
37.89,-5344919.153549405,14471140.0,49.697514948976135
37.9,-5344737.968872756,14469080.0,49.697501436016786
37.91,-5344557.903283294,14467040.0,49.69748793654243
37.92,-5344378.95739692,14465000.0,49.697474450647306
37.93,-5344201.134560855,14462960.0,49.6974609784654
37.94,-5344024.438808993,14460940.0,49.697447520117066
37.95,-5343848.874122791,14458920.0,49.69743407571493
37.96,-5343674.442607585,14456910.0,49.69742064535634
37.97,-5343501.144202981,14454910.0,49.69740722912979
37.98,-5343328.979412753,14452920.0,49.69739382714632
37.99,-5343157.94696986,14450940.0,49.697380439496335
38.0,-5342988.046396392,14448960.0,49.69736706628969
38.01,-5342819.278746368,14447000.0,49.697353707645746
38.02,-5342651.643190443,14445040.0,49.697340363652906
38.03,-5342485.138606811,14443090.0,49.697327034411195
38.04,-5342319.764036382,14441140.0,49.69731372002406
38.05,-5342155.518911148,14439210.0,49.69730042059815
38.06,-5341992.402941208,14437290.0,49.69728713623687
38.07,-5341830.415659593,14435370.0,49.69727386704179
38.08,-5341669.559670016,14433460.0,49.697260613146064
38.09,-5341509.834557095,14431560.0,49.6972473746278
38.1,-5341351.237562641,14429670.0,49.69723415156445
38.11,-5341193.770418108,14427790.0,49.69722094409878
38.12,-5341037.43627859,14425920.0,49.697207752348255
38.13,-5340882.23699107,14424060.0,49.69719457641126
38.14,-5340728.17178049,14422200.0,49.69718141636591
38.15,-5340575.2400354985,14420350.0,49.69716827231407
38.16,-5340423.442277633,14418520.0,49.69715514436814
38.17,-5340272.7775428295,14416690.0,49.69714203261412
38.18,-5340123.244745377,14414870.0,49.697128937151014
38.19,-5339974.843760367,14413060.0,49.697115858086136
38.2,-5339827.571836004,14411250.0,49.69710279549277
38.21,-5339681.425410625,14409460.0,49.69708974945745
38.22,-5339536.404612552,14407680.0,49.69707672010811
38.23,-5339392.511901686,14405900.0,49.697063707567814
38.24,-5339249.743527496,14404130.0,49.697050711876535
38.25,-5339108.092134872,14402380.0,49.69703773309119
38.26,-5338967.555815863,14400630.0,49.69702477134578
38.27,-5338828.1316839615,14398890.0,49.69701182672332
38.28,-5338689.81997464,14397160.0,49.69699889934594
38.29,-5338552.621773751,14395440.0,49.696985989317135
38.3,-5338416.534346841,14393720.0,49.69697309669789
38.31,-5338281.555688476,14392020.0,49.696960221582984
38.32,-5338147.682985472,14390330.0,49.69694736405678
38.33,-5338014.91614802,14388640.0,49.696934524233185
38.34,-5337883.258956204,14386970.0,49.696921702245106
38.35,-5337752.716163415,14385300.0,49.69690889820343
38.36,-5337623.287401307,14383640.0,49.6968961121619
38.37,-5337494.971839825,14382000.0,49.69688334420904
38.38,-5337367.770009601,14380360.0,49.69687059445058
38.39,-5337241.678106815,14378730.0,49.6968578629365
38.4,-5337116.687811439,14377110.0,49.69684514970787
38.41,-5336992.790606907,14375500.0,49.69683245483702
38.42,-5336869.980173085,14373890.0,49.696819778417165
38.43,-5336748.253702476,14372300.0,49.69680712056042
38.44,-5336627.612364915,14370720.0,49.6967944813901
38.45,-5336508.053966392,14369140.0,49.69678186096314
38.46,-5336389.572655726,14367580.0,49.69676925932588
38.47,-5336272.161992704,14366020.0,49.696756676548624
38.48,-5336155.817510993,14364480.0,49.6967441127234
38.49,-5336040.533759878,14362940.0,49.696731567917084
38.5,-5335926.303276105,14361410.0,49.69671904218288
38.51,-5335813.11937119,14359890.0,49.69670653559571
38.52,-5335700.97789997,14358380.0,49.69669404825079
38.53,-5335589.874360729,14356880.0,49.69668158021713
38.54,-5335479.802583685,14355390.0,49.69666913154951
38.55,-5335370.757177238,14353910.0,49.69665670232428
38.56,-5335262.731877387,14352440.0,49.696644292599146
38.57,-5335155.721938983,14350970.0,49.69663190245627
38.58,-5335049.725735169,14349520.0,49.696619531994195
38.59,-5334944.741972899,14348070.0,49.69660718128883
38.6,-5334840.767585328,14346640.0,49.6965948503985
38.61,-5334737.797157552,14345210.0,49.69658253936819
38.62,-5334635.826111972,14343790.0,49.69657024827169
38.63,-5334534.852761899,14342390.0,49.69655797720291
38.64,-5334434.875811448,14340990.0,49.696545726236124
38.65,-5334335.892703942,14339600.0,49.69653349543075
38.66,-5334237.898991953,14338220.0,49.69652128483508
38.67,-5334140.891637768,14336840.0,49.69650909452823
38.68,-5334044.867307378,14335480.0,49.69649692457222
38.69,-5333949.821742929,14334130.0,49.696484775022505
38.7,-5333855.748848672,14332780.0,49.6964726459239
38.71,-5333762.6411992945,14331450.0,49.69646053731994
38.72,-5333670.493740707,14330120.0,49.69644844928675
38.73,-5333579.302086443,14328810.0,49.696436381891075
38.74,-5333489.062177458,14327500.0,49.69642433519325
38.75,-5333399.769770105,14326200.0,49.69641230924944
38.76,-5333311.416275771,14324910.0,49.69640030407467
38.77,-5333223.994847524,14323630.0,49.696388319733614
38.78,-5333137.499415765,14322360.0,49.696376356282954
38.79,-5333051.921271088,14321090.0,49.69636441374763
38.8,-5332967.250482378,14319840.0,49.69635249215846
38.81,-5332883.477375455,14318590.0,49.6963405915585
38.82,-5332800.596978652,14317360.0,49.69632871203443
38.83,-5332718.60037281,14316130.0,49.69631685359481
38.84,-5332637.478157588,14314910.0,49.696305016272305
38.85,-5332557.225123148,14313700.0,49.696293200146634
38.86,-5332477.836499616,14312500.0,49.696281405267335
38.87,-5332399.305621815,14311300.0,49.69626963165859
38.88,-5332321.626545914,14310120.0,49.69625787936834
38.89,-5332244.791543909,14308950.0,49.696246148419675
38.9,-5332168.790871275,14307780.0,49.69623443882716
38.91,-5332093.615668252,14306620.0,49.69622275063006
38.92,-5332019.256651458,14305470.0,49.69621108385611
38.93,-5331945.707475038,14304330.0,49.69619943856171
38.94,-5331872.9624016415,14303200.0,49.69618781478855
38.95,-5331801.0158481095,14302080.0,49.696176212571785
38.96,-5331729.865520098,14300960.0,49.69616463197916
38.97,-5331659.506949715,14299860.0,49.696153073027915
38.98,-5331589.930583855,14298760.0,49.69614153570375
38.99,-5331521.131857992,14297670.0,49.696130020080304
39.0,-5331453.109385147,14296590.0,49.69611852622124
39.01,-5331385.860461988,14295520.0,49.69610705415458
39.02,-5331319.378501216,14294450.0,49.69609560387598
39.03,-5331253.655700219,14293400.0,49.69608417540298
39.04,-5331188.684861626,14292350.0,49.69607276876304
39.05,-5331124.456887504,14291310.0,49.69606138396374
39.06,-5331060.967612937,14290280.0,49.69605002107096
39.07,-5330998.213373515,14289260.0,49.69603868012033
39.08,-5330936.185820927,14288240.0,49.69602736109294
39.09,-5330874.876242215,14287240.0,49.69601606400404
39.1,-5330814.274419207,14286240.0,49.69600478885575
39.11,-5330754.3691376895,14285250.0,49.69599353564828
39.12,-5330695.151604129,14284270.0,49.69598230441526
39.13,-5330636.614312066,14283290.0,49.69597109518289
39.14,-5330578.74682846,14282320.0,49.695959907934565
39.15,-5330521.5373820355,14281370.0,49.6959487426645
39.16,-5330464.977760765,14280420.0,49.69593759941033
39.17,-5330409.062693984,14279480.0,49.695926478210225
39.18,-5330353.789574854,14278540.0,49.69591537910487
39.19,-5330299.154307094,14277610.0,49.695904302099855
39.2,-5330245.149648714,14276700.0,49.69589324717862
39.21,-5330191.767939492,14275780.0,49.69588221434517
39.22,-5330139.003094483,14274880.0,49.695871203622005
39.23,-5330086.848157616,14273980.0,49.69586021500908
39.24,-5330035.294216838,14273100.0,49.69584924849405
39.25,-5329984.337864385,14272220.0,49.695838304131904
39.26,-5329933.977335554,14271340.0,49.69582738195155
39.27,-5329884.207441107,14270480.0,49.69581648193356
39.28,-5329835.023832669,14269620.0,49.69580560409461
39.29,-5329786.422150061,14268770.0,49.69579474844273
39.3,-5329738.397907346,14267930.0,49.695783914984325
39.31,-5329690.9462076025,14267100.0,49.695773103723546
39.32,-5329644.058493766,14266270.0,49.69576231462876
39.33,-5329597.724704978,14265450.0,49.695751547681546
39.34,-5329551.93458356,14264640.0,49.6957408028729
39.35,-5329506.679099222,14263830.0,49.69573008020649
39.36,-5329461.947374977,14263030.0,49.69571937965605
39.37,-5329417.729645836,14262240.0,49.695708701219296
39.38,-5329374.0182304075,14261460.0,49.69569804490574
39.39,-5329330.805313713,14260680.0,49.69568741070675
39.4,-5329288.085454277,14259910.0,49.69567679863467
39.41,-5329245.853025736,14259150.0,49.695666208684685
39.42,-5329204.101646564,14258400.0,49.695655640840954
39.43,-5329162.823380426,14257650.0,49.695645095081446
39.44,-5329122.009416164,14256910.0,49.6956345713819
39.45,-5329081.653826716,14256170.0,49.695624069758054
39.46,-5329041.752607605,14255450.0,49.69561359021751
39.47,-5329002.299578815,14254730.0,49.69560313273138
39.48,-5328963.287861012,14254010.0,49.695592697280844
39.49,-5328924.71118451,14253310.0,49.695582283857995
39.5,-5328886.561155525,14252610.0,49.695571892427395
39.51,-5328848.82622518,14251910.0,49.69556152293819
39.52,-5328811.499203778,14251230.0,49.69555117540574
39.53,-5328774.577499683,14250550.0,49.69554084985847
39.54,-5328738.052702488,14249880.0,49.69553054622728
39.55,-5328701.916438019,14249210.0,49.69552026449023
39.56,-5328666.163331729,14248550.0,49.69551000465359
39.57,-5328630.786457393,14247900.0,49.695499766683604
39.58,-5328595.778302015,14247250.0,49.69548955055155
39.59,-5328561.128029105,14246610.0,49.69547935620042
39.6,-5328526.824490678,14245980.0,49.69546918359405
39.61,-5328492.857993081,14245350.0,49.695459032713416
39.62,-5328459.218420177,14244730.0,49.695448903521026
39.63,-5328425.898252573,14244110.0,49.69543879600801
39.64,-5328392.890465706,14243500.0,49.69542871014994
39.65,-5328360.184542118,14242900.0,49.69541864588143
39.66,-5328327.768058398,14242300.0,49.6954086031452
39.67,-5328295.628333065,14241710.0,49.695398581894814
39.68,-5328263.753907618,14241120.0,49.695388582096825
39.69,-5328232.135974316,14240540.0,49.695378603732465
39.7,-5328200.765419593,14239970.0,49.69536864675999
39.71,-5328169.632196518,14239400.0,49.69535871112719
39.72,-5328138.724809646,14238830.0,49.695348796775384
39.73,-5328108.031109265,14238280.0,49.69533890364854
39.74,-5328077.542848674,14237720.0,49.69532903173366
39.75,-5328047.250964187,14237180.0,49.69531918097805
39.76,-5328017.147738605,14236630.0,49.69530935134816
39.77,-5327987.227716376,14236100.0,49.69529954282088
39.78,-5327957.481725817,14235560.0,49.69528975531751
39.79,-5327927.901314735,14235040.0,49.69527998879564
39.8,-5327898.47795449,14234520.0,49.69527024320434
39.81,-5327869.203438736,14234000.0,49.69526051849721
39.82,-5327840.070340171,14233490.0,49.69525081463026
39.83,-5327811.06922023,14232980.0,49.69524113153368
39.84,-5327782.187256458,14232480.0,49.69523146911938
39.85,-5327753.412735986,14231980.0,49.695221827332446
39.86,-5327724.73705286,14231490.0,49.69521220614306
39.87,-5327696.149644153,14231000.0,49.69520260547437
39.88,-5327667.639352781,14230520.0,49.69519302525688
39.89,-5327639.191348864,14230040.0,49.695183465390066
39.9,-5327610.790881677,14229560.0,49.69517392579973
39.91,-5327582.428921501,14229090.0,49.69516440646762
39.92,-5327554.098811829,14228620.0,49.69515490735269
39.93,-5327525.79063377,14228160.0,49.69514542836209
39.94,-5327497.49279354,14227700.0,49.69513596940997
39.95,-5327469.196691154,14227240.0,49.695126530454196
39.96,-5327440.896784948,14226790.0,49.69511711145642
39.97,-5327412.586724235,14226340.0,49.69510771234731
39.98,-5327384.254104642,14225900.0,49.69509833300244
39.99,-5327355.886094621,14225460.0,49.69508897333784
40.0,-5327327.472454683,14225020.0,49.69507963330047
40.01,-5327299.004974079,14224590.0,49.69507031283398
40.02,-5327270.477190992,14224160.0,49.69506101188159
40.03,-5327241.884453924,14223730.0,49.69505173039449
40.04,-5327213.221133959,14223310.0,49.695042468293096
40.05,-5327184.478969754,14222890.0,49.69503322548506
40.06,-5327155.651050005,14222470.0,49.69502400190614
40.07,-5327126.726460206,14222060.0,49.69501479744421
40.08,-5327097.692267201,14221650.0,49.695005611997004
40.09,-5327068.53499583,14221240.0,49.69499644546896
40.1,-5327039.238291248,14220830.0,49.69498729774222
40.11,-5327009.790376919,14220430.0,49.69497816876169
40.12,-5326980.184009144,14220030.0,49.694969058484666
40.13,-5326950.414152022,14219630.0,49.69495996685018
40.14,-5326920.476216443,14219240.0,49.694950893784885
40.15,-5326890.365719307,14218850.0,49.69494183921383
40.16,-5326860.078511757,14218460.0,49.694932803062706
40.17,-5326829.607645819,14218070.0,49.6949237852266
40.18,-5326798.941999797,14217680.0,49.69491478558151
40.19,-5326768.070427831,14217300.0,49.694905804032665
40.2,-5326736.984039328,14216920.0,49.69489684051003
40.21,-5326705.674950957,14216540.0,49.694887894931924
40.22,-5326674.131673385,14216160.0,49.694878967173125
40.23,-5326642.345142786,14215790.0,49.69487005716055
40.24,-5326610.312032116,14215410.0,49.69486116485754
40.25,-5326578.02598969,14215040.0,49.69485229015257
40.26,-5326545.477004814,14214670.0,49.69484343291911
40.27,-5326512.658863791,14214300.0,49.69483459309876
40.28,-5326479.566310168,14213940.0,49.69482577060986
40.29,-5326446.190260369,14213570.0,49.69481696532705
40.3,-5326412.523207793,14213210.0,49.69480817716737
40.31,-5326378.558599955,14212850.0,49.69479940604632
40.32,-5326344.287478761,14212490.0,49.694790651846695
40.33,-5326309.704970882,14212130.0,49.69478191450807
40.34,-5326274.805397233,14211770.0,49.694773193934424
40.35,-5326239.5819860585,14211410.0,49.694764490018414
40.36,-5326204.028807738,14211060.0,49.6947558026746
40.37,-5326168.140207059,14210700.0,49.69474713180902
40.38,-5326131.913482257,14210350.0,49.694738477357994
40.39,-5326095.347752684,14210000.0,49.694729839249455
40.4,-5326058.443051593,14209650.0,49.69472121740853
40.41,-5326021.196510383,14209300.0,49.69471261172271
40.42,-5325983.60047082,14208950.0,49.69470402205671
40.43,-5325945.646063204,14208600.0,49.694695448297274
40.44,-5325907.325539773,14208250.0,49.69468689035204
40.45,-5325868.633873157,14207900.0,49.694678348148756
40.46,-5325829.566540747,14207560.0,49.694669821595255
40.47,-5325790.11456825,14207210.0,49.69466131055107
40.48,-5325750.269818244,14206860.0,49.69465281491973
40.49,-5325710.028126523,14206520.0,49.69464433463643
40.5,-5325669.384183343,14206170.0,49.69463586959249
40.51,-5325628.336317365,14205830.0,49.69462741972626
40.52,-5325586.885535998,14205490.0,49.69461898497087
40.53,-5325545.0275541,14205140.0,49.694610565189265
40.54,-5325502.7564278385,14204800.0,49.6946021602676
40.55,-5325460.066886976,14204460.0,49.69459377011016
40.56,-5325416.95211414,14204110.0,49.69458539460238
40.57,-5325373.406932173,14203770.0,49.694577033656884
40.58,-5325329.429631794,14203430.0,49.69456868720743
40.59,-5325285.019700843,14203090.0,49.69456035517084
40.6,-5325240.176060718,14202750.0,49.694552037453285
40.61,-5325194.897178918,14202400.0,49.694543733955015
40.62,-5325149.180327103,14202060.0,49.69453544457421
40.63,-5325103.02248987,14201720.0,49.69452716920968
40.64,-5325056.420250079,14201380.0,49.69451890776316
40.65,-5325009.37463162,14201040.0,49.69451066018012
40.66,-5324961.889172997,14200700.0,49.69450242640011
40.67,-5324913.962354501,14200350.0,49.69449420628791
40.68,-5324865.590263884,14200010.0,49.694485999729935
40.69,-5324816.76886981,14199670.0,49.69447780662535
40.7,-5324767.4955031965,14199320.0,49.69446962689148
40.71,-5324717.773761379,14198980.0,49.69446146049473
40.72,-5324667.604690988,14198640.0,49.69445330732707
40.73,-5324616.985812796,14198300.0,49.69444516726913
40.74,-5324565.918464046,14197950.0,49.69443704026323
40.75,-5324514.408149881,14197610.0,49.694428926265545
40.76,-5324462.460906645,14197270.0,49.694420825205256
40.77,-5324410.081251686,14196920.0,49.6944127369946
40.78,-5324357.271210759,14196580.0,49.69440466153065
40.79,-5324304.029855896,14196230.0,49.69439659870273
40.8,-5324250.356945087,14195890.0,49.69438854843142
40.81,-5324196.2554313475,14195540.0,49.694380510662754
40.82,-5324141.728963313,14195200.0,49.69437248532448
40.83,-5324086.77653031,14194850.0,49.69436447229471
40.84,-5324031.3936473895,14194500.0,49.69435647145252
40.85,-5323975.580894499,14194160.0,49.694348482753966
40.86,-5323919.3404530035,14193810.0,49.6943405061346
40.87,-5323862.675596801,14193460.0,49.69433254152384
40.88,-5323805.588472582,14193110.0,49.69432458883724
40.89,-5323748.076848817,14192760.0,49.69431664795021
40.9,-5323690.142424697,14192420.0,49.69430871881828
40.91,-5323631.792720464,14192070.0,49.69430080141797
40.92,-5323573.033626801,14191720.0,49.69429289567015
40.93,-5323513.869571671,14191370.0,49.69428500149118
40.94,-5323454.302889774,14191020.0,49.6942771187908
40.95,-5323394.337977235,14190660.0,49.69426924751583
40.96,-5323333.983177251,14190310.0,49.69426138763585
40.97,-5323273.244122576,14189960.0,49.694253539065784
40.98,-5323212.124013638,14189610.0,49.69424570171645
40.99,-5323150.627373467,14189260.0,49.69423787553124
41.0,-5323088.757999487,14188900.0,49.69423006043945
41.01,-5323026.518448801,14188550.0,49.69422225636185
41.02,-5322963.909237261,14188200.0,49.694214463208844
41.03,-5322900.932367462,14187840.0,49.694206680924445
41.04,-5322837.597030984,14187490.0,49.694198909511336
41.05,-5322773.911078473,14187140.0,49.69419114890285
41.06,-5322709.8799335,14186780.0,49.69418339902235
41.07,-5322645.509435732,14186430.0,49.69417565981428
41.08,-5322580.803790446,14186070.0,49.69416793120567
41.09,-5322515.771775828,14185720.0,49.69416021318414
41.1,-5322450.422423446,14185360.0,49.69415250570207
41.11,-5322384.766557421,14185010.0,49.69414480873144
41.12,-5322318.81645693,14184650.0,49.69413712224573
41.13,-5322252.578964497,14184300.0,49.69412944615208
41.14,-5322186.058093694,14183940.0,49.69412178037633
41.15,-5322119.261005513,14183590.0,49.694114124896636
41.16,-5322052.196876471,14183230.0,49.69410647968834
41.17,-5321984.872686658,14182870.0,49.69409884468977
41.18,-5321917.294011984,14182520.0,49.694091219844424
41.19,-5321849.469636464,14182160.0,49.69408360513737
41.2,-5321781.409166777,14181810.0,49.694076000541976
41.21,-5321713.11881733,14181450.0,49.69406840598733
41.22,-5321644.605390718,14181100.0,49.694060821441084
41.23,-5321575.875082446,14180740.0,49.69405324685668
41.24,-5321506.932510617,14180380.0,49.69404568218049
41.25,-5321437.783561224,14180030.0,49.69403812738404
41.26,-5321368.433282816,14179680.0,49.69403058242022
41.27,-5321298.888049812,14179320.0,49.69402304726413
41.28,-5321229.156477544,14178970.0,49.694015521902756
41.29,-5321159.249940665,14178610.0,49.694008006332986
41.3,-5321089.181725186,14178260.0,49.69400050055364
41.31,-5321018.963044183,14177910.0,49.69399300452619
41.32,-5320948.600012303,14177560.0,49.69398551817998
41.33,-5320878.095627466,14177200.0,49.69397804145553
41.34,-5320807.458709782,14176850.0,49.69397057437476
41.35,-5320736.70420097,14176500.0,49.693963116978196
41.36,-5320665.841896431,14176150.0,49.69395566920629
41.37,-5320594.87734408,14175800.0,49.69394823099926
41.38,-5320523.819127846,14175460.0,49.69394080236333
41.39,-5320452.6793880565,14175110.0,49.69393338331721
41.4,-5320381.469898268,14174760.0,49.693925973846795
41.41,-5320310.2028620485,14174420.0,49.69391857395113
41.42,-5320238.891198914,14174070.0,49.69391118362994
41.43,-5320167.5443290975,14173730.0,49.693903802847046
41.44,-5320096.169361437,14173380.0,49.69389643157051
41.45,-5320024.779179493,14173040.0,49.693889069846854
41.46,-5319953.388580887,14172700.0,49.69388171769579
41.47,-5319882.012287496,14172360.0,49.693874375124615
41.48,-5319810.662380819,14172030.0,49.69386704211458
41.49,-5319739.347326549,14171690.0,49.693859718635224
41.5,-5319668.077948949,14171360.0,49.69385240470904
41.51,-5319596.863504687,14171020.0,49.69384510032402
41.52,-5319525.71247665,14170690.0,49.69383780547637
41.53,-5319454.632856877,14170360.0,49.693830520161605
41.54,-5319383.631746393,14170030.0,49.693823244373974
41.55,-5319312.718715071,14169700.0,49.6938159781387
41.56,-5319241.903186412,14169380.0,49.69380872146207
41.57,-5319171.196830512,14169050.0,49.693801474373664
41.58,-5319100.613512619,14168730.0,49.69379423691089
41.59,-5319030.161719456,14168410.0,49.69378700904074
41.6,-5318959.851554939,14168090.0,49.69377979078832
41.61,-5318889.697194537,14167780.0,49.69377258221075
41.62,-5318819.711253798,14167460.0,49.69376538331661
41.63,-5318749.904100531,14167150.0,49.693758194107915
41.64,-5318680.287382239,14166840.0,49.69375101461636
41.65,-5318610.8749410035,14166540.0,49.69374384488911
41.66,-5318541.67558173,14166230.0,49.69373668490551
41.67,-5318472.696421639,14165930.0,49.693729534668485
41.68,-5318403.94721691,14165630.0,49.693722394224835
41.69,-5318335.439742372,14165330.0,49.69371526361799
41.7,-5318267.189904947,14165040.0,49.693708142919974
41.71,-5318199.210573697,14164740.0,49.693701032141824
41.72,-5318131.511458193,14164450.0,49.69369393128721
41.73,-5318064.101379963,14164170.0,49.69368684037893
41.74,-5317996.990150749,14163880.0,49.693679759456245
41.75,-5317930.192335968,14163600.0,49.69367268859922
41.76,-5317863.721055078,14163330.0,49.693665627839444
41.77,-5317797.588262823,14163050.0,49.69365857720755
41.78,-5317731.803606523,14162780.0,49.693651536722086
41.79,-5317666.377668434,14162510.0,49.69364450643243
41.8,-5317601.326868771,14162250.0,49.69363748643673
41.81,-5317536.667781656,14161990.0,49.693630476793885
41.82,-5317472.413488321,14161730.0,49.69362347752636
41.83,-5317408.574651029,14161480.0,49.69361648866189
41.84,-5317345.159449973,14161220.0,49.693609510223794
41.85,-5317282.177281089,14160980.0,49.69360254226899
41.86,-5317219.639955726,14160740.0,49.693595584868945
41.87,-5317157.558287494,14160500.0,49.69358863806798
41.88,-5317095.943115436,14160260.0,49.693581701919655
41.89,-5317034.805474992,14160030.0,49.693574776479146
41.9,-5316974.159618655,14159800.0,49.69356786183661
41.91,-5316914.020459581,14159580.0,49.69356095806152
41.92,-5316854.401407699,14159360.0,49.69355406520754
41.93,-5316795.316246402,14159150.0,49.69354718334335
41.94,-5316736.77958928,14158940.0,49.69354031254664
41.95,-5316678.802665183,14158740.0,49.693533452854126
41.96,-5316621.394563373,14158540.0,49.693526604310065
41.97,-5316564.569408303,14158340.0,49.693519767028164
41.98,-5316508.338679074,14158150.0,49.69351294105627
41.99,-5316452.71057592,14157960.0,49.69350612643025
42.0,-5316397.691835494,14157780.0,49.69349932320086
42.01,-5316343.289379762,14157600.0,49.69349253143143
42.02,-5316289.5138495285,14157430.0,49.69348575122261
42.03,-5316236.373744165,14157270.0,49.69347898262342
42.04,-5316183.879120263,14157110.0,49.69347222571868
42.05,-5316132.038689222,14156950.0,49.69346548056726
42.06,-5316080.8586741155,14156800.0,49.693458747215004
42.07,-5316030.348388029,14156650.0,49.69345202575839
42.08,-5315980.5195579,14156520.0,49.69344531629561
42.09,-5315931.381201796,14156380.0,49.69343861887871
42.1,-5315882.9403629005,14156250.0,49.69343193356407
42.11,-5315835.205580657,14156130.0,49.69342526043666
42.12,-5315788.184558063,14156010.0,49.6934185995662
42.13,-5315741.886723873,14155900.0,49.693411951041874
42.14,-5315696.319475837,14155800.0,49.69340531492442
42.15,-5315651.490284028,14155700.0,49.69339869129017
42.16,-5315607.410736977,14155600.0,49.69339208025653
42.17,-5315564.090796346,14155520.0,49.69338548189332
42.18,-5315521.535088766,14155430.0,49.69337889623204
42.19,-5315479.744203134,14155360.0,49.69337232330625
42.2,-5315438.719524299,14155290.0,49.69336576318669
42.21,-5315398.464887625,14155220.0,49.69335921596655
42.22,-5315358.99199874,14155170.0,49.693352681795346
42.23,-5315320.314127735,14155120.0,49.693346160778304
42.24,-5315282.439046815,14155080.0,49.693339652955466
42.25,-5315245.375569833,14155040.0,49.69333315842085
42.26,-5315209.133383906,14155010.0,49.69332667726823
42.27,-5315173.718435705,14154980.0,49.69332020955183
42.28,-5315139.130585681,14154960.0,49.693313755291676
42.29,-5315105.369633318,14154950.0,49.69330731455666
42.3,-5315072.438280243,14154950.0,49.69330088744513
42.31,-5315040.340370918,14154950.0,49.69329447404267
42.32,-5315009.078787018,14154960.0,49.693288074419115
42.33,-5314978.654761194,14154970.0,49.693281688632474
42.34,-5314949.070494283,14154990.0,49.693275316765344
42.35,-5314920.326707342,14155020.0,49.693268958878036
42.36,-5314892.425316277,14155060.0,49.69326261505362
42.37,-5314865.370061671,14155100.0,49.69325628538467
42.38,-5314839.1633791225,14155150.0,49.69324996993625
42.39,-5314813.808048559,14155200.0,49.69324366878604
42.4,-5314789.303718971,14155270.0,49.693237381980566
42.41,-5314765.649464949,14155340.0,49.69323110958266
42.42,-5314742.844184157,14155410.0,49.693224851660226
42.43,-5314720.887907573,14155500.0,49.69321860828994
42.44,-5314699.781118509,14155590.0,49.69321237954779
42.45,-5314679.525437573,14155680.0,49.69320616551415
42.46,-5314660.122713737,14155790.0,49.69319996626544
42.47,-5314641.575423811,14155900.0,49.69319378188011
42.48,-5314623.885762235,14156020.0,49.693187612430926
42.49,-5314607.055868313,14156140.0,49.693181457991535
42.5,-5314591.087142237,14156280.0,49.69317531862914
42.51,-5314575.980585164,14156420.0,49.69316919441137
42.52,-5314561.735943433,14156560.0,49.69316308539935
42.53,-5314548.348514241,14156720.0,49.693156991615375
42.54,-5314535.8142062845,14156880.0,49.69315091312643
42.55,-5314524.12897146,14157040.0,49.69314484999175
42.56,-5314513.288805007,14157220.0,49.693138802270525
42.57,-5314503.29305081,14157400.0,49.693132770054795
42.58,-5314494.142529259,14157590.0,49.693126753426085
42.59,-5314485.834868141,14157780.0,49.69312075241823
42.6,-5314478.365292463,14157990.0,49.693114767070156
42.61,-5314471.731234324,14158200.0,49.693108797458
42.62,-5314465.926981815,14158410.0,49.693102843611925
42.63,-5314460.9455517195,14158640.0,49.693096905568744
42.64,-5314456.782504426,14158870.0,49.69309098340398
42.65,-5314453.435095534,14159110.0,49.69308507718791
42.66,-5314450.901824234,14159350.0,49.69307918698723
42.67,-5314449.177649654,14159600.0,49.69307331282708
42.68,-5314448.256204476,14159860.0,49.693067454743236
42.69,-5314448.134236547,14160130.0,49.69306161281363
42.7,-5314448.806829906,14160400.0,49.69305578707478
42.71,-5314450.265178228,14160680.0,49.69304997753483
42.72,-5314452.502672613,14160970.0,49.69304418425604
42.73,-5314455.514907128,14161260.0,49.69303840730216
42.74,-5314459.296037275,14161560.0,49.6930326467062
42.75,-5314463.844531977,14161870.0,49.69302690255372
42.76,-5314469.15839759,14162180.0,49.693021174891264
42.77,-5314475.233239269,14162500.0,49.69301546374553
42.78,-5314482.064591393,14162830.0,49.693009769159
42.79,-5314489.645808967,14163160.0,49.693004091155224
42.8,-5314497.967264419,14163500.0,49.69299842974148
42.81,-5314507.020158251,14163850.0,49.69299278495646
42.82,-5314516.798458659,14164200.0,49.69298715685927
42.83,-5314527.29292504,14164560.0,49.69298154545463
42.84,-5314538.495886798,14164930.0,49.692975950785176
42.85,-5314550.403298815,14165310.0,49.69297037291922
42.86,-5314563.009450884,14165690.0,49.69296481187499
42.87,-5314576.303145562,14166070.0,49.692959267633704
42.88,-5314590.274636762,14166470.0,49.69295374022839
42.89,-5314604.915120574,14166860.0,49.692948229689726
42.9,-5314620.213432524,14167270.0,49.6929427360191
42.91,-5314636.162310156,14167680.0,49.69293725926979
42.92,-5314652.753787006,14168100.0,49.69293179945984
42.93,-5314669.977766263,14168530.0,49.69292635658848
42.94,-5314687.824693825,14168960.0,49.692920930675974
42.95,-5314706.283736192,14169400.0,49.69291552172578
42.96,-5314725.346253444,14169840.0,49.692910129770276
42.97,-5314745.0076283375,14170290.0,49.692904754864344
42.98,-5314765.260950983,14170740.0,49.69289939700798
42.99,-5314786.097867957,14171210.0,49.69289405620344
43.0,-5314807.508977643,14171670.0,49.69288873245161
43.01,-5314829.480807438,14172150.0,49.692883425722364
43.02,-5314852.002413991,14172630.0,49.69287813604004
43.03,-5314875.065446577,14173110.0,49.69287286343247
43.04,-5314898.656859488,14173600.0,49.69286760786139
43.05,-5314922.763288271,14174100.0,49.692862369318455
43.06,-5314970.482647757,14174600.0,49.69285192341467
43.07,-5314989.01434866,14175080.0,49.69284668097097
43.08,-5315001.261781097,14175600.0,49.69284142718167
43.09,-5315006.626484339,14176140.0,49.692836168779166
43.1,-5315005.318082702,14176680.0,49.692830911739264
43.11,-5314998.128020327,14177240.0,49.69282566148991
43.12,-5314986.248486028,14177810.0,49.69282042295878
43.13,-5314971.127809619,14178390.0,49.69281520061147
43.14,-5314954.351651485,14178980.0,49.69280999842937
43.15,-5314937.544921966,14179570.0,49.6928048198952
43.16,-5314922.292032598,14180170.0,49.69279966796646
43.17,-5314910.071992435,14180780.0,49.692794545059485
43.18,-5314902.206563451,14181390.0,49.69278945302426
43.19,-5314899.811307547,14182000.0,49.69278439305353
43.2,-5314903.7643489605,14182600.0,49.69277936572546
43.21,-5314914.690788092,14183210.0,49.69277437107078
43.22,-5314932.959215858,14183820.0,49.69276940863024
43.23,-5314958.68272281,14184420.0,49.69276447745966
43.24,-5314991.723958335,14185020.0,49.69275957614327
43.25,-5315031.714678404,14185620.0,49.692754702919395
43.26,-5315078.084005413,14186210.0,49.69274985578031
43.27,-5315130.087728696,14186810.0,49.6927450325188
43.28,-5315186.841839298,14187400.0,49.692740230808305
43.29,-5315247.36070829,14187990.0,49.69273544830645
43.3,-5315310.597070712,14188590.0,49.692730682740475
43.31,-5315375.477949905,14189180.0,49.69272593193889
43.32,-5315440.943635045,14189780.0,49.69272119394139
43.33,-5315505.979176939,14190380.0,49.692716467000174
43.34,-5315569.640035782,14190990.0,49.692711749599084
43.35,-5315631.083890017,14191600.0,49.69270704057248
43.36,-5315689.592494627,14192220.0,49.692702339088456
43.37,-5315744.582823007,14192840.0,49.69269764460004
43.38,-5315795.618235845,14193480.0,49.6926929568853
43.39,-5315842.417739496,14194120.0,49.69268827607228
43.4,-5315884.8605937045,14194760.0,49.69268360262435
43.41,-5315922.973948168,14195420.0,49.692678937206416
43.42,-5315956.916401283,14196080.0,49.692674280629646
43.43,-5315986.968526196,14196750.0,49.692669633908274
43.44,-5316013.517559887,14197430.0,49.69266499819043
43.45,-5316037.0381783005,14198120.0,49.69266037470466
43.46,-5316058.072026173,14198810.0,49.692655764712256
43.47,-5316077.206397488,14199500.0,49.69265116947078
43.48,-5316095.054229996,14200210.0,49.692646590199764
43.49,-5316112.226755443,14200910.0,49.69264202797683
43.5,-5316129.312520779,14201620.0,49.692637483735595
43.51,-5316146.863081392,14202330.0,49.69263295829267
43.52,-5316165.37740512,14203050.0,49.69262845229558
43.53,-5316185.28948578,14203760.0,49.69262396622013
43.54,-5316206.959516243,14204480.0,49.69261950036491
43.55,-5316230.662646511,14205200.0,49.69261505481066
43.56,-5316256.5830138745,14205910.0,49.692610629427854
43.57,-5316284.813571251,14206630.0,49.69260622391938
43.58,-5316315.364748413,14207350.0,49.692601837894124
43.59,-5316348.169944198,14208060.0,49.69259747084414
43.6,-5316383.089950214,14208780.0,49.69259312213718
43.61,-5316419.920292297,14209500.0,49.69258879104203
43.62,-5316458.399616486,14210210.0,49.69258447675593
43.63,-5316498.22772686,14210930.0,49.692580178499824
43.64,-5316539.075063893,14211650.0,49.69257589547681
43.65,-5316580.589129466,14212360.0,49.69257162685011
43.66,-5316622.408450165,14213080.0,49.692567371835416
43.67,-5316664.185636248,14213800.0,49.692563129813365
43.68,-5316705.593801394,14214520.0,49.69255890021988
43.69,-5316746.329066369,14215240.0,49.692554682518306
43.7,-5316786.123383189,14215960.0,49.69255047631299
43.71,-5316824.752490355,14216690.0,49.69254628133057
43.72,-5316862.036251643,14217410.0,49.69254209736618
43.73,-5316897.8423006125,14218140.0,49.692537924322195
43.74,-5316932.090377769,14218870.0,49.69253376222946
43.75,-5316964.749782976,14219610.0,49.69252961119402
43.76,-5316995.836479287,14220340.0,49.69252547139092
43.77,-5317025.409220484,14221080.0,49.69252134305858
43.78,-5317053.569714652,14221820.0,49.69251722653266
43.79,-5317080.452473498,14222560.0,49.6925131221513
43.8,-5317106.218226193,14223300.0,49.69250903027048
43.81,-5317131.043612528,14224040.0,49.692504951217515
43.82,-5317155.111135116,14224790.0,49.692500885275585
43.83,-5317178.609913718,14225530.0,49.692496832766665
43.84,-5317201.727551656,14226280.0,49.692492793971844
43.85,-5317224.641924917,14227020.0,49.69248876910738
43.86,-5317247.516312954,14227770.0,49.69248475834153
43.87,-5317270.4929218,14228510.0,49.69248076176834
43.88,-5317293.694312121,14229260.0,49.69247677946843
43.89,-5317317.220671008,14230000.0,49.69247281146891
43.9,-5317341.142461281,14230740.0,49.69246885768833
43.91,-5317365.501030559,14231480.0,49.692464917998606
43.92,-5317390.307113578,14232220.0,49.692460992198676
43.93,-5317415.545656353,14232960.0,49.69245708007556
43.94,-5317441.176492615,14233700.0,49.692453181364954
43.95,-5317467.13314157,14234430.0,49.69244929573618
43.96,-5317493.331917199,14235170.0,49.69244542288253
43.97,-5317519.67456409,14235900.0,49.69244156248151
43.98,-5317546.048278608,14236630.0,49.69243771416686
43.99,-5317572.334961874,14237360.0,49.69243387762128
44.0,-5317598.417361687,14238090.0,49.69243005256495
44.01,-5317624.1769099245,14238810.0,49.69242623868082
44.02,-5317649.496341311,14239540.0,49.6924224356672
44.03,-5317674.266877582,14240260.0,49.69241864327616
44.04,-5317698.387964435,14240980.0,49.69241486126857
44.05,-5317721.772706328,14241700.0,49.69241108945996
44.06,-5317744.34602064,14242420.0,49.6924073276691
44.07,-5317766.048770601,14243140.0,49.69240357577115
44.08,-5317786.838945232,14243860.0,49.6923998336784
44.09,-5317806.685149059,14244580.0,49.69239610127163
44.1,-5317825.570161938,14245290.0,49.69239237848386
44.11,-5317843.492627156,14246010.0,49.69238866529392
44.12,-5317860.467945871,14246720.0,49.692384961721245
44.13,-5317876.523874014,14247430.0,49.69238126778233
44.14,-5317891.690637503,14248140.0,49.69237758342035
44.15,-5317906.002704768,14248850.0,49.69237390860629
44.16,-5317919.502900076,14249550.0,49.69237024336674
44.17,-5317932.233762343,14250260.0,49.69236658766473
44.18,-5317944.240792309,14250960.0,49.69236294149829
44.19,-5317955.573143473,14251660.0,49.69235930488728
44.2,-5317966.273715421,14252360.0,49.69235567776424
44.21,-5317976.381189391,14253050.0,49.6923520600747
44.22,-5317985.930986219,14253740.0,49.692348451771664
44.23,-5317994.9496164,14254430.0,49.692344852745485
44.24,-5318003.455170492,14255120.0,49.69234126287971
44.25,-5318011.462255691,14255810.0,49.69233768209195
44.26,-5318018.981987018,14256490.0,49.6923341102908
44.27,-5318026.014228473,14257170.0,49.692330547305815
44.28,-5318032.548533659,14257850.0,49.69232699294997
44.29,-5318038.56862191,14258520.0,49.69232344705929
44.3,-5318044.052249826,14259190.0,49.69231990945519
44.31,-5318048.975869311,14259860.0,49.69231637998978
44.32,-5318053.3175307065,14260530.0,49.692312858539175
44.33,-5318057.055405284,14261190.0,49.69230934496517
44.34,-5318060.163055884,14261850.0,49.69230583908199
44.35,-5318062.611704954,14262510.0,49.692302340711294
44.36,-5318064.371026673,14263160.0,49.69229884967709
44.37,-5318065.411023775,14263810.0,49.69229536581398
44.38,-5318065.706587384,14264460.0,49.69229188900023
44.39,-5318065.233007524,14265100.0,49.69228841907579
44.4,-5318063.967398893,14265740.0,49.69228495589489
44.41,-5318061.889503349,14266380.0,49.692281499319186
44.42,-5318058.982665343,14267020.0,49.69227804922454
44.43,-5318055.234068959,14267650.0,49.69227460549412
44.44,-5318050.635374414,14268280.0,49.692271168025066
44.45,-5318045.182444359,14268910.0,49.69226773672155
44.46,-5318038.876209182,14269530.0,49.69226431150152
44.47,-5318031.717949845,14270150.0,49.692260892250594
44.48,-5318023.70804507,14270770.0,49.69225747884033
44.49,-5318014.851952535,14271380.0,49.69225407120224
44.5,-5318005.160506453,14271990.0,49.69225066928099
44.51,-5317994.649759976,14272600.0,49.69224727303348
44.52,-5317983.3368381765,14273200.0,49.69224388238898
44.53,-5317971.238060091,14273800.0,49.69224049725985
44.54,-5317958.370988061,14274400.0,49.6922371175829
44.55,-5317944.752436227,14275000.0,49.69223374327657
44.56,-5317930.397100889,14275590.0,49.692230374249554
44.57,-5317915.320974232,14276180.0,49.69222701044007
44.58,-5317899.539352959,14276760.0,49.692223651771876
44.59,-5317883.062049668,14277340.0,49.692220298122336
44.6,-5317865.898906656,14277920.0,49.69221694941155
44.61,-5317848.062075336,14278490.0,49.692213605587895
44.62,-5317829.564768255,14279060.0,49.69221026658972
44.63,-5317810.415734039,14279630.0,49.69220693230585
44.64,-5317790.62454583,14280190.0,49.692203602671036
44.65,-5317770.199950695,14280750.0,49.69220027760486
44.66,-5317749.146391373,14281310.0,49.69219695699179
44.67,-5317727.468440347,14281860.0,49.69219364075454
44.68,-5317705.170800134,14282410.0,49.6921903288132
44.69,-5317682.253345817,14282960.0,49.69218702104371
44.7,-5317658.71362034,14283500.0,49.692183717332746
44.71,-5317634.5468856655,14284040.0,49.692180417566355
44.72,-5317609.744008616,14284570.0,49.692177121600565
44.73,-5317584.296977538,14285100.0,49.69217382934013
44.74,-5317558.202780157,14285630.0,49.69217054072843
44.75,-5317531.4616495315,14286160.0,49.692167255700696
44.76,-5317504.075818472,14286680.0,49.692163974189064
44.77,-5317476.044794711,14287200.0,49.69216069608182
44.78,-5317447.36717763,14287710.0,49.692157421278566
44.79,-5317418.044474005,14288220.0,49.69215414971825
44.8,-5317388.076774359,14288730.0,49.692150881299675
44.81,-5317357.46349022,14289240.0,49.69214761592989
44.82,-5317326.204321171,14289740.0,49.69214435352022
44.83,-5317294.299483501,14290230.0,49.69214109398929
44.84,-5317261.750224356,14290720.0,49.69213783725939
44.85,-5317228.555291189,14291210.0,49.69213458322051
44.86,-5317194.7167950235,14291700.0,49.69213133181633
44.87,-5317160.243011125,14292180.0,49.69212808302733
44.88,-5317125.142980724,14292660.0,49.69212483679176
44.89,-5317089.426740802,14293140.0,49.69212159305433
44.9,-5317053.105155561,14293610.0,49.69211835176225
44.91,-5317016.190374284,14294080.0,49.69211511286834
44.92,-5316978.695321604,14294540.0,49.69211187632705
44.93,-5316940.629995281,14295010.0,49.692108642058486
44.94,-5316902.003396331,14295460.0,49.69210540999502
44.95,-5316862.827686401,14295920.0,49.69210218011474
44.96,-5316823.117625739,14296370.0,49.69209895239268
44.97,-5316782.885564857,14296820.0,49.692095726765494
44.98,-5316742.138988041,14297260.0,49.69209250313958
44.99,-5316700.886826533,14297700.0,49.69208928147562
45.0,-5316659.138550302,14298140.0,49.6920860617316
45.01,-5316616.901149098,14298570.0,49.692082843833596
45.02,-5316574.175935012,14299000.0,49.6920796276763
45.03,-5316530.962118344,14299420.0,49.69207641317498
45.04,-5316487.261703111,14299850.0,49.69207320029089
45.05,-5316443.075277073,14300260.0,49.692069988949584
45.06,-5316398.403432823,14300680.0,49.69206677908761
45.07,-5316353.247166683,14301090.0,49.69206357064721
45.08,-5316307.604859469,14301500.0,49.692060363539234
45.09,-5316261.470275459,14301900.0,49.6920571576502
45.1,-5316214.839446127,14302300.0,49.69205395292558
45.11,-5316167.71039091,14302700.0,49.69205074931243
45.12,-5316120.076169933,14303090.0,49.69204754669035
45.13,-5316071.931652937,14303480.0,49.692044345000234
45.14,-5316023.277968692,14303860.0,49.692041144225065
45.15,-5315974.116822071,14304250.0,49.69203794430927
45.16,-5315924.451521222,14304630.0,49.69203474520587
45.17,-5315874.286753593,14305000.0,49.69203154687159
45.18,-5315823.629045236,14305370.0,49.692028349268966
45.19,-5315772.482092536,14305740.0,49.69202515232284
45.2,-5315720.853251457,14306110.0,49.69202195601223
45.21,-5315668.751324206,14306470.0,49.69201876030707
45.22,-5315616.183200627,14306820.0,49.692015565146
45.23,-5315563.158184284,14307180.0,49.69201237050809
45.24,-5315509.687200625,14307530.0,49.69200917637073
45.25,-5315455.781775222,14307880.0,49.69200598270604
45.26,-5315401.449590321,14308220.0,49.69200278944526
45.27,-5315346.699774831,14308560.0,49.69199959656458
45.28,-5315291.541483243,14308900.0,49.691996404029396
45.29,-5315235.979621713,14309230.0,49.69199321176594
45.3,-5315180.019795146,14309560.0,49.69199001974046
45.31,-5315123.6711011855,14309890.0,49.69198682794968
45.32,-5315066.939927471,14310210.0,49.69198363633516
45.33,-5315009.830229736,14310530.0,49.691980444839245
45.34,-5314952.347001816,14310840.0,49.69197725343363
45.35,-5314894.499013514,14311160.0,49.69197406211815
45.36,-5314836.29522989,14311470.0,49.69197087086849
45.37,-5314777.739739976,14311770.0,49.69196767961047
45.38,-5314718.831972494,14312080.0,49.69196448826254
45.39,-5314659.571357021,14312380.0,49.6919612967784
45.4,-5314599.959147524,14312670.0,49.691958105132315
45.41,-5314539.996261454,14312960.0,49.69195491328076
45.42,-5314479.68555832,14313250.0,49.69195172120107
45.43,-5314419.028938255,14313540.0,49.69194852884676
45.44,-5314358.029676009,14313820.0,49.69194533619357
45.45,-5314296.693165171,14314100.0,49.691942143227266
45.46,-5314235.023675247,14314380.0,49.691938949907325
45.47,-5314173.0260583935,14314660.0,49.69193575620714
45.48,-5314110.706320685,14314930.0,49.69193256210946
45.49,-5314048.068205831,14315190.0,49.691929367564
45.5,-5313985.114842065,14315460.0,49.691926172534885
45.51,-5313921.853185458,14315720.0,49.69192297702881
45.52,-5313858.288843756,14315980.0,49.69191978100921
45.53,-5313794.430745781,14316240.0,49.69191658448477
45.54,-5313730.292745272,14316490.0,49.69191338748845
45.55,-5313665.883375701,14316740.0,49.6919101899626
45.56,-5313601.207375536,14316980.0,49.69190699185426
45.57,-5313536.27365669,14317230.0,49.6919037931839
45.58,-5313471.092123701,14317470.0,49.6919005939496
45.59,-5313405.668148557,14317710.0,49.69189739409682
45.6,-5313340.006434339,14317940.0,49.691894193602366
45.61,-5313274.113235957,14318180.0,49.69189099246245
45.62,-5313207.99738972,14318410.0,49.69188779068937
45.63,-5313141.666501702,14318640.0,49.69188458826369
45.64,-5313075.125064098,14318860.0,49.69188138514498
45.65,-5313008.380373896,14319080.0,49.69187818134586
45.66,-5312941.441799035,14319300.0,49.691874976879326
45.67,-5312874.316566587,14319520.0,49.69187177172046
45.68,-5312807.010669127,14319740.0,49.69186856585118
45.69,-5312739.5290895505,14319950.0,49.69186535925337
45.7,-5312671.872151435,14320160.0,49.691862151870666
45.71,-5312604.041091982,14320360.0,49.69185894369226
45.72,-5312536.044275697,14320570.0,49.69185573477365
45.73,-5312467.889405151,14320770.0,49.691852525106
45.74,-5312399.582607492,14320970.0,49.691849314672545
45.75,-5312331.130880859,14321170.0,49.69184610347743
45.76,-5312262.54374908,14321370.0,49.691842891544816
45.77,-5312193.829392919,14321560.0,49.69183967886664
45.78,-5312124.993051066,14321750.0,49.69183646541615
45.79,-5312056.042597328,14321940.0,49.691833251217645
45.8,-5311986.988091287,14322130.0,49.6918300362969
45.81,-5311917.840871923,14322320.0,49.69182682067782
45.82,-5311848.609058894,14322500.0,49.69182360434079
45.83,-5311779.298342225,14322680.0,49.69182038727106
45.84,-5311709.919840206,14322860.0,49.691817169526395
45.85,-5311640.486294858,14323040.0,49.69181395114045
45.86,-5311571.010195388,14323220.0,49.691810732130804
45.87,-5311501.501156153,14323390.0,49.691807512492936
45.88,-5311431.961350559,14323560.0,49.69180429216903
45.89,-5311362.393755355,14323740.0,49.69180107117003
45.9,-5311292.8064835165,14323910.0,49.69179784955165
45.91,-5311223.203679357,14324070.0,49.69179462729063
45.92,-5311153.58795895,14324240.0,49.69179140437972
45.93,-5311083.96450926,14324400.0,49.691788180850544
45.94,-5311014.340011803,14324570.0,49.69178495672947
45.95,-5310944.725096727,14324730.0,49.69178173207134
45.96,-5310875.127514345,14324890.0,49.691778506872126
45.97,-5310805.552127898,14325050.0,49.69177528112347
45.98,-5310736.0039265305,14325210.0,49.691772054840136
45.99,-5310666.486031091,14325370.0,49.69176882801909
46.0,-5310597.005843869,14325520.0,49.69176560071495
46.01,-5310527.570101522,14325680.0,49.69176237294329
46.02,-5310458.182707913,14325830.0,49.691759144695006
46.03,-5310388.849627765,14325980.0,49.69175591600696
46.04,-5310319.578093977,14326140.0,49.69175268691299
46.05,-5310250.375812951,14326290.0,49.691749457441155
46.06,-5310181.253815012,14326440.0,49.691746227650455
46.07,-5310112.223499397,14326590.0,49.69174299757871
46.08,-5310043.295039515,14326740.0,49.691739767249686
46.09,-5309974.479260342,14326880.0,49.691736536705314
46.1,-5309905.788893668,14327030.0,49.69173330600131
46.11,-5309837.2343658535,14327180.0,49.691730075158496
46.12,-5309768.821911485,14327320.0,49.69172684417274
46.13,-5309700.558919497,14327470.0,49.691723613088485
46.14,-5309632.453480129,14327620.0,49.69172038194569
46.15,-5309564.513474863,14327760.0,49.69171715078023
46.16,-5309496.745721072,14327900.0,49.69171391961793
46.17,-5309429.155114538,14328050.0,49.691710688476206
46.18,-5309361.747644852,14328190.0,49.69170745739806
46.19,-5309294.527833766,14328340.0,49.69170422640408
46.2,-5309227.501067904,14328480.0,49.69170099553566
46.21,-5309160.674113764,14328620.0,49.691697764840804
46.22,-5309094.051360087,14328770.0,49.69169453433629
46.23,-5309027.640225504,14328910.0,49.69169130408571
46.24,-5308961.449513499,14329050.0,49.691688074143784
46.25,-5308895.488447058,14329200.0,49.69168484456086
46.26,-5308829.769120047,14329340.0,49.69168161541309
46.27,-5308764.30012193,14329480.0,49.69167838671835
46.28,-5308699.086130071,14329630.0,49.69167515848735
46.29,-5308634.131262062,14329770.0,49.69167193075437
46.3,-5308569.4408408655,14329920.0,49.69166870357192
46.31,-5308505.022081614,14330060.0,49.69166547700012
46.32,-5308440.87999335,14330210.0,49.691662251065736
46.33,-5308377.01879812,14330350.0,49.691659025804654
46.34,-5308313.4422708955,14330500.0,49.69165580125345
46.35,-5308250.157499481,14330650.0,49.691652577487766
46.36,-5308187.172442383,14330790.0,49.691649354565214
46.37,-5308124.490745252,14330940.0,49.691646132496025
46.38,-5308062.119936006,14331090.0,49.691642911360354
46.39,-5308000.067217559,14331240.0,49.69163969120876
46.4,-5307938.3379283575,14331390.0,49.691636472074265
46.41,-5307876.940837355,14331540.0,49.69163325404122
46.42,-5307815.883764641,14331700.0,49.69163003715593
46.43,-5307755.17044483,14331850.0,49.691626821434305
46.44,-5307694.806215376,14332000.0,49.69162360693978
46.45,-5307634.7966529,14332160.0,49.6916203937276
46.46,-5307575.147288839,14332320.0,49.69161718184929
46.47,-5307515.866173641,14332470.0,49.69161397138277
46.48,-5307456.961261687,14332630.0,49.69161076238737
46.49,-5307398.43870145,14332790.0,49.69160755490435
46.5,-5307340.305110353,14332960.0,49.6916043489964
46.51,-5307282.56871563,14333120.0,49.69160114473651
46.52,-5307225.235540268,14333280.0,49.691597942166595
46.53,-5307168.311107029,14333450.0,49.69159474133969
46.54,-5307111.80055115,14333620.0,49.691591542311244
46.55,-5307055.709018238,14333780.0,49.69158834513834
46.56,-5307000.04098045,14333950.0,49.69158514987302
46.57,-5306944.799949856,14334130.0,49.69158195656318
46.58,-5306889.991610229,14334300.0,49.69157876528605
46.59,-5306835.621315083,14334480.0,49.691575576099794
46.6,-5306781.6926621795,14334650.0,49.69157238904731
46.61,-5306728.209939502,14334830.0,49.69156920419224
46.62,-5306675.1791527,14335010.0,49.69156602161134
46.63,-5306622.60831428,14335200.0,49.691562841388325
46.64,-5306570.503288635,14335380.0,49.69155966357029
46.65,-5306518.869325254,14335570.0,49.69155648821431
46.66,-5306467.710715248,14335750.0,49.691553315375955
46.67,-5306417.031415771,14335940.0,49.69155014511271
46.68,-5306366.837955432,14336140.0,49.69154697751313
46.69,-5306317.137617152,14336330.0,49.69154381265118
46.7,-5306267.936559488,14336530.0,49.69154065058628
46.71,-5306219.238503127,14336730.0,49.69153749136318
46.72,-5306171.047915962,14336930.0,49.69153433505119
46.73,-5306123.366994707,14337130.0,49.69153118169384
46.74,-5306076.1983945165,14337340.0,49.691528031356604
46.75,-5306029.545629025,14337550.0,49.69152488411003
46.76,-5305983.4061202435,14337760.0,49.69152173995715
46.77,-5305937.778306538,14337970.0,49.691518598959036
46.78,-5305892.6651783,14338190.0,49.691515461213406
46.79,-5305848.068704728,14338410.0,49.69151232677246
46.8,-5305803.989945241,14338630.0,49.69150919568873
46.81,-5305760.432922222,14338850.0,49.6915060680484
46.82,-5305717.402121042,14339080.0,49.69150294392243
46.83,-5305674.901465461,14339310.0,49.691499823370364
46.84,-5305632.932663622,14339540.0,49.69149670643706
46.85,-5305591.494860602,14339770.0,49.69149359315648
46.86,-5305550.591470274,14340010.0,49.691490483626346
46.87,-5305510.225741097,14340250.0,49.69148737791104
46.88,-5305470.402978125,14340490.0,49.69148427609439
46.89,-5305431.130035255,14340740.0,49.69148117826064
46.9,-5305392.41184294,14340990.0,49.6914780844653
46.91,-5305354.256418093,14341240.0,49.69147499480734
46.92,-5305316.669686073,14341490.0,49.69147190934267
46.93,-5305279.652512179,14341750.0,49.69146882809382
46.94,-5305243.202455552,14342010.0,49.6914657510907
46.95,-5305207.318832653,14342270.0,49.69146267840561
46.96,-5305172.005286005,14342540.0,49.69145961013861
46.97,-5305137.266774774,14342810.0,49.69145654637336
46.98,-5305103.108267356,14343080.0,49.691453487178165
46.99,-5305069.532689908,14343360.0,49.691450432606885
47.0,-5305036.540522332,14343640.0,49.691447382699664
47.01,-5305004.132527467,14343920.0,49.69144433752258
47.02,-5304972.311233423,14344210.0,49.69144129715674
47.03,-5304941.082020713,14344500.0,49.691438261695794
47.04,-5304910.448798462,14344790.0,49.69143523119893
47.05,-5304880.412177164,14345090.0,49.69143220570214
47.06,-5304850.974988051,14345390.0,49.69142918529274
47.07,-5304822.138185666,14345690.0,49.691426170018275
47.08,-5304793.902096856,14346000.0,49.69142315993798
47.09,-5304766.266704145,14346300.0,49.691420155108936
47.1,-5304739.231815825,14346620.0,49.69141715559364
47.11,-5304712.800769603,14346940.0,49.69141416148645
47.12,-5304686.974400932,14347260.0,49.691411172832936
47.13,-5304661.751720597,14347580.0,49.69140818967723
47.14,-5304637.129511259,14347910.0,49.691405212057276
47.15,-5304613.106481862,14348240.0,49.69140224004627
47.16,-5304589.684811072,14348570.0,49.69139927373693
47.17,-5304566.863659597,14348910.0,49.69139631316374
47.18,-5304544.638706768,14349250.0,49.6913933583524
47.19,-5304523.006016889,14349600.0,49.69139040935587
47.2,-5304501.967624811,14349950.0,49.69138746628566
47.21,-5304481.526650103,14350300.0,49.69138452921662
47.22,-5304461.681145308,14350660.0,49.691381598163225
47.23,-5304442.431149506,14351020.0,49.69137867320165
47.24,-5304423.78285323,14351390.0,49.691375754451784
47.25,-5304405.739097229,14351760.0,49.6913728419526
47.26,-5304388.297996434,14352130.0,49.69136993572305
47.27,-5304371.463071585,14352510.0,49.69136703587258
47.28,-5304355.237393219,14352890.0,49.69136414246357
47.29,-5304339.620674279,14353270.0,49.69136125552945
47.3,-5304324.610743346,14353660.0,49.691358375109466
47.31,-5304310.204679661,14354050.0,49.6913555012526
47.32,-5304296.403370126,14354450.0,49.69135263404749
47.33,-5304283.205820264,14354850.0,49.69134977353825
47.34,-5304270.606699158,14355250.0,49.6913469197365
47.35,-5304258.598095198,14355660.0,49.691344072663796
47.36,-5304247.1710482985,14356070.0,49.69134123234914
47.37,-5304236.320220151,14356490.0,49.691338398866286
47.38,-5304226.046524656,14356910.0,49.691335572320924
47.39,-5304216.350875147,14357340.0,49.69133275276908
47.4,-5304207.230366354,14357760.0,49.69132994023091
47.41,-5304198.68031637,14358200.0,49.69132713473456
47.42,-5304190.695003053,14358630.0,49.69132433631497
47.43,-5304183.264983147,14359070.0,49.69132154497411
47.44,-5304176.383237485,14359520.0,49.69131876076975
47.45,-5304170.048653214,14359960.0,49.69131598379502
47.46,-5304164.256635967,14360420.0,49.69131321406431
47.47,-5304159.001893477,14360870.0,49.69131045160897
47.48,-5304154.279174692,14361330.0,49.6913076964687
47.49,-5304150.081104462,14361790.0,49.691304948658406
47.5,-5304146.400400721,14362260.0,49.69130220821072
47.51,-5304143.231527343,14362730.0,49.691299475173835
47.52,-5304140.567849283,14363200.0,49.69129674957084
47.53,-5304138.400547141,14363680.0,49.69129403141003
47.54,-5304136.725734959,14364170.0,49.691291320764655
47.55,-5304135.536551594,14364650.0,49.691288617641206
47.56,-5304134.820361039,14365140.0,49.69128592200817
47.57,-5304134.567684794,14365630.0,49.691283233910916
47.58,-5304134.774432266,14366130.0,49.69128055342173
47.59,-5304135.439121974,14366630.0,49.691277880597575
47.6,-5304136.561919332,14367130.0,49.691275215488815
47.61,-5304138.135751028,14367640.0,49.69127255806238
47.62,-5304140.150560893,14368150.0,49.69126990830945
47.63,-5304142.60236321,14368660.0,49.69126726630554
47.64,-5304145.484311188,14369180.0,49.69126463204906
47.65,-5304148.7896531075,14369700.0,49.69126200556167
47.66,-5304152.5093962,14370220.0,49.69125938683825
47.67,-5304156.628141153,14370750.0,49.691256775829494
47.68,-5304161.133354848,14371280.0,49.691254172562196
47.69,-5304166.017486064,14371810.0,49.691251577087556
47.7,-5304171.271652589,14372350.0,49.6912489894048
47.71,-5304176.8865497215,14372880.0,49.691246409517845
47.72,-5304182.852791196,14373430.0,49.69124383743187
47.73,-5304189.158401665,14373970.0,49.691241273124206
47.74,-5304195.790975764,14374520.0,49.691238716589936
47.75,-5304202.736024532,14375070.0,49.691236167803304
47.76,-5304209.980731339,14375620.0,49.691233626768195
47.77,-5304217.515494766,14376170.0,49.69123109350975
47.78,-5304225.32852307,14376730.0,49.69122856800241
47.79,-5304233.410729547,14377290.0,49.69122605026277
47.8,-5304241.754371698,14377850.0,49.69122354029972
47.81,-5304250.34587446,14378420.0,49.691221038052014
47.82,-5304259.173508764,14378990.0,49.69121854352127
47.83,-5304268.228080044,14379560.0,49.69121605671796
47.84,-5304277.500712199,14380130.0,49.69121357763442
47.85,-5304286.981081897,14380700.0,49.69121110624701
47.86,-5304296.658041859,14381280.0,49.69120864253048
47.87,-5304306.519333945,14381850.0,49.691206186456725
47.88,-5304316.549079086,14382430.0,49.691203737967584
47.89,-5304326.734378658,14383010.0,49.69120129706073
47.9,-5304337.065322012,14383600.0,49.69119886374068
47.91,-5304347.532543627,14384180.0,49.691196437989525
47.92,-5304358.125344005,14384770.0,49.69119401977346
47.93,-5304368.835675401,14385360.0,49.691191609093224
47.94,-5304379.656381936,14385950.0,49.69118920593666
47.95,-5304390.577725765,14386540.0,49.69118681025684
47.96,-5304401.588919287,14387130.0,49.691184422017315
47.97,-5304412.680117078,14387720.0,49.69118204119816
47.98,-5304423.840138891,14388320.0,49.69117966775558
47.99,-5304435.055953515,14388910.0,49.691177301638454
48.0,-5304446.316549242,14389510.0,49.69117494282788
48.01,-5304457.612141188,14390110.0,49.69117259129972
48.02,-5304468.930128447,14390710.0,49.69117024699222
48.03,-5304480.257708458,14391310.0,49.691167909861335
48.04,-5304491.587290212,14391910.0,49.69116557991502
48.05,-5304502.908586325,14392510.0,49.69116325709398
48.06,-5304514.209404171,14393110.0,49.691160941336484
48.07,-5304525.479117298,14393710.0,49.69115863261396
48.08,-5304536.704680426,14394310.0,49.69115633085783
48.09,-5304547.868571998,14394920.0,49.69115403597359
48.1,-5304558.952544138,14395520.0,49.69115174789086
48.11,-5304569.939900371,14396120.0,49.69114946656079
48.12,-5304580.818006965,14396720.0,49.69114719196015
48.13,-5304591.576137707,14397330.0,49.69114492404941
48.14,-5304602.200862912,14397930.0,49.691142662749236
48.15,-5304612.678151213,14398530.0,49.69114040799039
48.16,-5304622.994678792,14399140.0,49.6911381597172
48.17,-5304633.135836748,14399740.0,49.691135917851526
48.18,-5304643.0890331315,14400340.0,49.69113368234522
48.19,-5304652.845749526,14400940.0,49.69113145317305
48.2,-5304662.395966711,14401540.0,49.69112923026198
48.21,-5304671.729300675,14402150.0,49.69112701354578
48.22,-5304680.832152481,14402740.0,49.69112480292732
48.23,-5304689.691005474,14403340.0,49.691122598335866
48.24,-5304698.294534031,14403940.0,49.69112039971779
48.25,-5304706.631842545,14404540.0,49.69111820700902
48.26,-5304714.692010688,14405140.0,49.6911160201366
48.27,-5304722.460617281,14405730.0,49.69111383899356
48.28,-5304729.929761091,14406330.0,49.69111166356534
48.29,-5304737.092606554,14406920.0,49.69110949379274
48.3,-5304743.937744913,14407510.0,49.691107329563636
48.31,-5304750.453114846,14408100.0,49.69110517079521
48.32,-5304756.629989892,14408690.0,49.69110301743938
48.33,-5304762.460935361,14409280.0,49.69110086943589
48.34,-5304767.936506433,14409860.0,49.69109872669075
48.35,-5304773.046496874,14410450.0,49.69109658912158
48.36,-5304777.778569527,14411030.0,49.69109445662486
48.37,-5304782.121328283,14411610.0,49.69109232912477
48.38,-5304786.066599913,14412190.0,49.691090206569584
48.39,-5304789.604085524,14412770.0,49.691088088857306
48.4,-5304792.718506033,14413340.0,49.6910859758549
48.41,-5304795.396656001,14413910.0,49.69108386748491
48.42,-5304797.631397885,14414480.0,49.69108176371589
48.43,-5304799.413585297,14415050.0,49.69107966444441
48.44,-5304800.731659125,14415620.0,49.69107756956062
48.45,-5304801.575459603,14416180.0,49.691075478984565
48.46,-5304801.931671019,14416740.0,49.69107339259354
48.47,-5304801.78951245,14417300.0,49.691071310314086
48.48,-5304801.140402244,14417860.0,49.69106923207159
48.49,-5304799.974715391,14418410.0,49.691067157766135
48.5,-5304798.284174349,14418960.0,49.691065087315536
48.51,-5304796.059857975,14419500.0,49.69106302062096
48.52,-5304793.291573102,14420050.0,49.69106095757536
48.53,-5304789.972011374,14420590.0,49.69105889810913
48.54,-5304786.095559788,14421130.0,49.69105684214501
48.55,-5304781.654315971,14421660.0,49.69105478957193
48.56,-5304776.636486903,14422200.0,49.691052740253994
48.57,-5304771.0298553705,14422720.0,49.69105069408258
48.58,-5304764.824001406,14423250.0,49.69104865096907
48.59,-5304758.00899617,14423770.0,49.691046610812755
48.6,-5304750.578195521,14424290.0,49.69104457354374
48.61,-5304742.526823613,14424800.0,49.69104253908218
48.62,-5304733.847703684,14425320.0,49.69104050730921
48.63,-5304724.533018625,14425820.0,49.69103847811866
48.64,-5304714.575734064,14426330.0,49.691036451415684
48.65,-5304703.970968003,14426830.0,49.69103442712195
48.66,-5304692.71730689,14427330.0,49.69103240517328
48.67,-5304680.80980506,14427820.0,49.6910303854463
48.68,-5304668.241001675,14428310.0,49.69102836781734
48.69,-5304655.008892436,14428790.0,49.691026352237984
48.7,-5304641.110560848,14429270.0,49.69102433860678
48.71,-5304626.53949763,14429750.0,49.691022326793785
48.72,-5304611.287529266,14430220.0,49.69102031668024
48.73,-5304595.350968324,14430690.0,49.691018308205145
48.74,-5304578.72999784,14431160.0,49.69101630130865
48.75,-5304561.417625788,14431620.0,49.6910142958315
48.76,-5304543.409183762,14432070.0,49.69101229169219
48.77,-5304524.703586478,14432520.0,49.69101028882593
48.78,-5304505.293710175,14432970.0,49.69100828708065
48.79,-5304485.172759936,14433410.0,49.69100628635254
48.8,-5304464.337404734,14433850.0,49.691004286573026
48.81,-5304442.783398226,14434280.0,49.691002287633324
48.82,-5304420.502955136,14434710.0,49.69100028939632
48.83,-5304397.487249812,14435140.0,49.690998291744854
48.84,-5304373.732568107,14435560.0,49.69099629461642
48.85,-5304349.235761318,14435970.0,49.690994297917115
48.86,-5304323.992879968,14436380.0,49.69099230153758
48.87,-5304298.0015651975,14436780.0,49.69099030539195
48.88,-5304271.259400164,14437180.0,49.69098830938017
48.89,-5304243.762884166,14437580.0,49.69098631339388
48.9,-5304215.5077148685,14437970.0,49.69098431732109
48.91,-5304186.488444397,14438350.0,49.690982321049724
48.92,-5304156.703434242,14438740.0,49.69098032450917
48.93,-5304126.15298425,14439110.0,49.690978327622126
48.94,-5304094.839451434,14439480.0,49.690976330314655
48.95,-5304062.76657126,14439850.0,49.69097433251171
48.96,-5304029.936098911,14440210.0,49.69097233410707
48.97,-5303996.349285935,14440560.0,49.69097033500793
48.98,-5303962.0085885385,14440910.0,49.69096833513421
48.99,-5303926.914194446,14441260.0,49.690966334379105
49.0,-5303891.063390378,14441590.0,49.69096433261994
49.01,-5303854.453404082,14441930.0,49.69096232975921
49.02,-5303817.087501639,14442260.0,49.69096032575981
49.03,-5303778.97050067,14442580.0,49.69095832055323
49.04,-5303740.103246579,14442900.0,49.69095631401835
49.05,-5303700.486420634,14443210.0,49.6909543060656
49.06,-5303660.119456818,14443520.0,49.690952296593075
49.07,-5303618.999968844,14443820.0,49.69095028549365
49.08,-5303577.127905552,14444120.0,49.690948272693205
49.09,-5303534.5033343015,14444410.0,49.69094625810603
49.1,-5303491.12256624,14444690.0,49.690944241602864
49.11,-5303446.986922691,14444980.0,49.69094222313763
49.12,-5303402.0996704465,14445250.0,49.69094020264395
49.13,-5303356.461866653,14445520.0,49.69093818001696
49.14,-5303310.080103298,14445780.0,49.69093615522636
49.15,-5303262.95991068,14446040.0,49.690934128187976
49.16,-5303215.102335568,14446300.0,49.69093209878201
49.17,-5303166.509115666,14446540.0,49.69093006693266
49.18,-5303117.182453374,14446790.0,49.69092803256041
49.19,-5303067.128322081,14447020.0,49.690925995625015
49.2,-5303016.354652013,14447260.0,49.690923956072325
49.21,-5302964.8665482765,14447480.0,49.690921913807905
49.22,-5302912.666739641,14447700.0,49.69091986873821
49.23,-5302859.756769262,14447920.0,49.690917820773514
49.24,-5302806.140866718,14448130.0,49.690915769862634
49.25,-5302751.828234104,14448330.0,49.6909137159844
49.26,-5302696.826505066,14448530.0,49.690911659063325
49.27,-5302641.142253689,14448720.0,49.69090959902559
49.28,-5302584.784012023,14448910.0,49.69090753582764
49.29,-5302527.756975277,14449090.0,49.690905469377725
49.3,-5302470.063506288,14449270.0,49.690903399584215
49.31,-5302411.71122037,14449440.0,49.69090132642921
49.32,-5302352.709465278,14449610.0,49.69089924987124
49.33,-5302293.063569945,14449770.0,49.69089716981969
49.34,-5302232.779222262,14449930.0,49.69089508621558
49.35,-5302171.860475451,14450080.0,49.69089299898495
49.36,-5302110.309174079,14450220.0,49.6908909080439
49.37,-5302048.131843773,14450360.0,49.69088881337385
49.38,-5301985.335656892,14450500.0,49.6908867149256
49.39,-5301921.926439601,14450630.0,49.69088461263356
49.4,-5301857.910435014,14450750.0,49.690882506447245
49.41,-5301793.291853809,14450870.0,49.69088039629376
49.42,-5301728.078795603,14450980.0,49.6908782821554
49.43,-5301662.278471834,14451090.0,49.690876163975354
49.44,-5301595.898514162,14451200.0,49.6908740417121
49.45,-5301528.946975449,14451300.0,49.69087191532185
49.46,-5301461.428854648,14451390.0,49.69086978473051
49.47,-5301393.354750925,14451480.0,49.690867649944934
49.48,-5301324.73802831,14451560.0,49.6908655109558
49.49,-5301255.585305936,14451640.0,49.690863367667234
49.5,-5301185.898606573,14451720.0,49.69086121999032
49.51,-5301115.683608029,14451780.0,49.690859067910544
49.52,-5301044.950450031,14451850.0,49.690856911430416
49.53,-5300973.710326186,14451910.0,49.69085475052729
49.54,-5300901.976683232,14451970.0,49.69085258519455
49.55,-5300829.76494165,14452020.0,49.69085041543195
49.56,-5300757.088910413,14452060.0,49.69084824120545
49.57,-5300683.9615806565,14452100.0,49.6908460624899
49.58,-5300610.395237524,14452140.0,49.6908438792606
49.59,-5300536.4015152985,14452180.0,49.69084169149293
49.6,-5300461.994472922,14452200.0,49.690839499194276
49.61,-5300387.184331552,14452230.0,49.69083730231609
49.62,-5300311.981852783,14452250.0,49.69083510084566
49.63,-5300236.3992516985,14452260.0,49.69083289478229
49.64,-5300160.447465114,14452280.0,49.690830684104306
49.65,-5300084.137345007,14452280.0,49.690828468799
49.66,-5300007.476524026,14452280.0,49.69082624882395
49.67,-5299930.474764036,14452280.0,49.69082402418365
49.68,-5299853.146183804,14452280.0,49.69082179491202
49.69,-5299775.502602497,14452270.0,49.6908195609872
49.7,-5299697.549487885,14452260.0,49.690817322342106
49.71,-5299619.294374278,14452240.0,49.690815078982666
49.72,-5299540.751198546,14452220.0,49.6908128309615
49.73,-5299461.930571507,14452200.0,49.690810578252936
49.74,-5299382.842219924,14452180.0,49.69080832084541
49.75,-5299303.4983463725,14452140.0,49.69080605876309
49.76,-5299223.915800806,14452110.0,49.69080379205928
49.77,-5299144.112501974,14452080.0,49.69080152076001
49.78,-5299064.101000621,14452040.0,49.69079924483499
49.79,-5298983.895760127,14451990.0,49.69079696431445
49.8,-5298903.512534363,14451950.0,49.69079467922888
49.81,-5298822.96403991,14451900.0,49.690792389570795
49.82,-5298742.264279295,14451850.0,49.690790095371746
49.83,-5298661.430652569,14451790.0,49.69078779668508
49.84,-5298580.480090688,14451740.0,49.690785493539856
49.85,-5298499.426831793,14451680.0,49.69078318594014
49.86,-5298418.283952994,14451620.0,49.69078087390327
49.87,-5298337.06382328,14451550.0,49.69077855744806
49.88,-5298255.777531803,14451480.0,49.690776236591624
49.89,-5298174.434428741,14451410.0,49.69077391134078
49.9,-5298093.04491317,14451340.0,49.69077158173019
49.91,-5298011.621062469,14451270.0,49.690769247804276
49.92,-5297930.173217306,14451190.0,49.690766909576595
49.93,-5297848.714479098,14451120.0,49.690764567105
49.94,-5297767.258836299,14451040.0,49.69076222043431
49.95,-5297685.819513955,14450950.0,49.6907598695994
49.96,-5297604.41136511,14450870.0,49.69075751465393
49.97,-5297523.050988754,14450790.0,49.69075515566361
49.98,-5297441.752859068,14450700.0,49.69075279265575
49.99,-5297360.526185823,14450610.0,49.69075042562793
50.0,-5297279.380428758,14450520.0,49.69074805461991
50.01,-5297198.331566559,14450430.0,49.6907456797377
50.02,-5297117.397269286,14450340.0,49.69074330105299
50.03,-5297036.590064234,14450250.0,49.690740918575166
50.04,-5296955.919830363,14450160.0,49.69073853233044
50.05,-5296875.395216257,14450060.0,49.69073614235268
50.06,-5296795.027455029,14449960.0,49.69073374871511
50.07,-5296714.828490191,14449870.0,49.69073135147452
50.08,-5296634.808925884,14449770.0,49.690728950675485
50.09,-5296554.980359868,14449670.0,49.69072654638019
50.1,-5296475.356069773,14449580.0,49.69072413866244
50.11,-5296395.95056133,14449480.0,49.6907217275967
50.12,-5296316.775069496,14449380.0,49.690719313217066
50.13,-5296237.838461988,14449280.0,49.690716895559355
50.14,-5296159.150652438,14449180.0,49.690714474691454
50.15,-5296080.724369514,14449080.0,49.69071205070127
50.16,-5296002.571630762,14448980.0,49.69070962364863
50.17,-5295924.701233414,14448870.0,49.6907071935693
50.18,-5295847.1206837855,14448770.0,49.69070476051094
50.19,-5295769.840638879,14448670.0,49.6907023245645
50.2,-5295692.872862726,14448570.0,49.690699885808215
50.21,-5295616.225043399,14448470.0,49.69069744427293
50.22,-5295539.905056696,14448370.0,49.690695000022004
50.23,-5295463.922391203,14448270.0,49.69069255313661
50.24,-5295388.285132044,14448170.0,49.69069010367168
50.25,-5295313.001552923,14448070.0,49.69068765169567
50.26,-5295238.080401472,14447970.0,49.690685197280196
50.27,-5295163.530615465,14447880.0,49.69068274049789
50.28,-5295089.360696404,14447780.0,49.69068028141479
50.29,-5295015.5817856025,14447680.0,49.69067782012922
50.3,-5294942.204821436,14447580.0,49.69067535671558
50.31,-5294869.238829218,14447490.0,49.69067289123449
50.32,-5294796.696728891,14447400.0,49.69067042379978
50.33,-5294724.586853842,14447300.0,49.690667954449616
50.34,-5294652.911628727,14447210.0,49.69066548320358
50.35,-5294581.678153999,14447120.0,49.690663010169644
50.36,-5294510.895482257,14447020.0,49.69066053544377
50.37,-5294440.569722323,14446940.0,49.690658059075794
50.38,-5294370.708077817,14446850.0,49.69065558114979
50.39,-5294301.320388481,14446760.0,49.69065310176978
50.4,-5294232.416230439,14446670.0,49.69065062101586
50.41,-5294164.00628315,14446590.0,49.690648138984166
50.42,-5294096.098855984,14446510.0,49.69064565573779
50.43,-5294028.69794475,14446420.0,49.690643171316154
50.44,-5293961.805044428,14446340.0,49.69064068576912
50.45,-5293895.424271622,14446260.0,49.690638199192975
50.46,-5293829.564593519,14446190.0,49.69063571171062
50.47,-5293764.229411632,14446110.0,49.69063322335218
50.48,-5293699.421904502,14446040.0,49.6906307341906
50.49,-5293635.150668702,14445970.0,49.69062824435561
50.5,-5293571.422210245,14445900.0,49.690625753910844
50.51,-5293508.239286747,14445830.0,49.69062326290341
50.52,-5293445.603804312,14445760.0,49.69062077139974
50.53,-5293383.518183045,14445690.0,49.69061827947823
50.54,-5293321.985928198,14445630.0,49.69061578722345
50.55,-5293261.011233961,14445570.0,49.690613294721466
50.56,-5293200.598928191,14445510.0,49.69061080205645
50.57,-5293140.753676166,14445450.0,49.6906083093079
50.58,-5293081.479410314,14445400.0,49.69060581654847
50.59,-5293022.782291611,14445350.0,49.69060332388125
50.6,-5292964.668321726,14445300.0,49.69060083138824
50.61,-5292907.141860975,14445250.0,49.690598339138134
50.62,-5292850.207789651,14445200.0,49.690595847218724
50.63,-5292793.873047909,14445160.0,49.69059335573306
50.64,-5292738.142708881,14445120.0,49.69059086475136
50.65,-5292683.022025467,14445080.0,49.69058837436016
50.66,-5292628.516487749,14445040.0,49.69058588464679
50.67,-5292574.628347434,14445010.0,49.690583395666906
50.68,-5292521.358148374,14444980.0,49.69058090748118
50.69,-5292468.709053191,14444950.0,49.69057842019357
50.7,-5292416.685026293,14444920.0,49.69057593389445
50.71,-5292365.2866189135,14444900.0,49.69057344863143
50.72,-5292314.518653651,14444880.0,49.69057096452624
50.73,-5292264.387271867,14444860.0,49.69056848167567
50.74,-5292214.897885482,14444840.0,49.690566000163734
50.75,-5292166.05346556,14444830.0,49.6905635200527
50.76,-5292117.853852371,14444820.0,49.6905610413947
50.77,-5292070.298311924,14444810.0,49.6905585642612
50.78,-5292023.38775698,14444810.0,49.690556088742824
50.79,-5291977.1249791235,14444800.0,49.690553614936825
50.8,-5291931.507416275,14444800.0,49.69055114287218
50.81,-5291886.530558482,14444810.0,49.69054867259963
50.82,-5291842.189196753,14444820.0,49.690546204179
50.83,-5291798.482778002,14444830.0,49.69054373772023
50.84,-5291755.417297221,14444840.0,49.690541273361404
50.85,-5291712.99511341,14444850.0,49.69053881115365
50.86,-5291671.212547096,14444870.0,49.690536351116585
50.87,-5291630.066019703,14444890.0,49.69053389331787
50.88,-5291589.555358992,14444920.0,49.69053143785809
50.89,-5291549.678280002,14444950.0,49.69052898478754
50.9,-5291510.43055074,14444980.0,49.69052653415712
50.91,-5291471.81379437,14445010.0,49.690524086088054
50.92,-5291433.83191376,14445050.0,49.6905216406776
50.93,-5291396.484942733,14445090.0,49.690519197970026
50.94,-5291359.773367301,14445130.0,49.69051675804081
50.95,-5291323.695961349,14445180.0,49.69051432094674
50.96,-5291288.2493264945,14445230.0,49.690511886734676
50.97,-5291253.434383033,14445280.0,49.69050945551376
50.98,-5291219.256665666,14445340.0,49.69050702740191
50.99,-5291185.718186081,14445400.0,49.6905046024481
51.0,-5291152.81696826,14445460.0,49.69050218068774
51.01,-5291120.549830819,14445530.0,49.69049976217703
51.02,-5291088.914720429,14445600.0,49.69049734699059
51.03,-5291057.911398493,14445670.0,49.69049493521331
51.04,-5291027.538254493,14445750.0,49.69049252690143
51.05,-5290997.790365079,14445830.0,49.6904901220877
51.06,-5290968.662050172,14445910.0,49.69048772082435
51.07,-5290940.152398715,14446000.0,49.69048532321382
51.08,-5290912.263969939,14446090.0,49.69048292935838
51.09,-5290884.998528124,14446180.0,49.690480539323616
51.1,-5290858.354305296,14446280.0,49.6904781531455
51.11,-5290832.328157873,14446380.0,49.69047577087486
51.12,-5290806.916873915,14446480.0,49.69047339257055
51.13,-5290782.113981801,14446580.0,49.690471018261434
51.14,-5290757.912249486,14446690.0,49.69046864799115
51.15,-5290734.304651405,14446810.0,49.690466281811446
51.16,-5290711.285223832,14446920.0,49.690463919783184
51.17,-5290688.849523459,14447040.0,49.690461561970935
51.18,-5290666.991041145,14447170.0,49.69045920840624
51.19,-5290645.702735415,14447290.0,49.69045685913328
51.2,-5290624.98210288,14447420.0,49.69045451424165
51.21,-5290604.829821969,14447560.0,49.690452173817846
51.22,-5290585.245202035,14447700.0,49.690449837909895
51.23,-5290566.227490611,14447840.0,49.690447506574394
51.24,-5290547.776044231,14447980.0,49.69044517987153
51.25,-5290529.8873084765,14448130.0,49.690442857828636
51.26,-5290512.55275925,14448280.0,49.69044054044737
51.27,-5290495.76196763,14448430.0,49.690438227748224
51.28,-5290479.508179768,14448590.0,49.69043591980252
51.29,-5290463.7879842045,14448750.0,49.69043361668302
51.3,-5290448.59687539,14448920.0,49.690431318428246
51.31,-5290433.9311315,14449080.0,49.690429025088925
51.32,-5290419.788215328,14449250.0,49.6904267367228
51.33,-5290406.163643066,14449430.0,49.69042445335789
51.34,-5290393.056962952,14449610.0,49.69042217507695
51.35,-5290380.470796603,14449790.0,49.6904199019613
51.36,-5290368.403153646,14449970.0,49.69041763402342
51.37,-5290356.850668385,14450160.0,49.69041537129672
51.38,-5290345.806487917,14450350.0,49.69041311378996
51.39,-5290335.263682604,14450540.0,49.69041086153829
51.4,-5290325.216499606,14450740.0,49.69040861458917
51.41,-5290315.658542337,14450940.0,49.69040637297107
51.42,-5290306.584478455,14451150.0,49.690404136731026
51.43,-5290297.988333005,14451350.0,49.69040190589595
51.44,-5290289.861777293,14451560.0,49.69039968047799
51.45,-5290282.197998064,14451780.0,49.69039746051752
51.46,-5290274.993125986,14452000.0,49.690395246075134
51.47,-5290268.240031619,14452210.0,49.69039303715409
51.48,-5290261.932990117,14452440.0,49.69039083379427
51.49,-5290256.065348384,14452660.0,49.69038863601768
51.5,-5290250.630092653,14452890.0,49.69038644384596
51.51,-5290245.622468969,14453120.0,49.690384257328176
51.52,-5290241.035202083,14453360.0,49.69038207646811
51.53,-5290236.863219004,14453600.0,49.69037990130984
51.54,-5290233.102229902,14453840.0,49.69037773188874
51.55,-5290229.744855079,14454080.0,49.69037556820229
51.56,-5290226.78226988,14454330.0,49.69037341025544
51.57,-5290224.205169888,14454580.0,49.690371258060736
51.58,-5290222.008898493,14454840.0,49.69036911167717
51.59,-5290220.187930938,14455090.0,49.690366971121335
51.6,-5290218.734276604,14455350.0,49.69036483638749
51.61,-5290217.643057471,14455610.0,49.690362707522425
51.62,-5290216.909039823,14455880.0,49.69036058454167
51.63,-5290216.5245819185,14456140.0,49.69035846744112
51.64,-5290216.48270523,14456410.0,49.69035635623888
51.65,-5290216.78256677,14456690.0,49.69035425101126
51.66,-5290217.421325504,14456960.0,49.69035215176275
51.67,-5290218.394080394,14457240.0,49.69035005849462
51.68,-5290219.696600584,14457520.0,49.69034797123083
51.69,-5290221.320996207,14457800.0,49.69034588995016
51.7,-5290223.260040189,14458090.0,49.69034381466933
51.71,-5290225.506657091,14458380.0,49.69034174539836
51.72,-5290228.050048509,14458670.0,49.690339682108366
51.73,-5290230.881553353,14458960.0,49.69033762481984
51.74,-5290233.997616493,14459260.0,49.6903355735881
51.75,-5290237.395014767,14459550.0,49.69033352842666
51.76,-5290241.06726774,14459850.0,49.69033148931853
51.77,-5290245.007535869,14460160.0,49.69032945626374
51.78,-5290249.209702377,14460460.0,49.69032742927509
51.79,-5290253.666209647,14460770.0,49.690325408342005
51.8,-5290258.366858975,14461080.0,49.69032339343815
51.81,-5290263.302166178,14461390.0,49.69032138456582
51.82,-5290268.465813821,14461700.0,49.690319381749426
51.83,-5290273.85215181,14462020.0,49.69031738499742
51.84,-5290279.45158327,14462340.0,49.69031539426948
51.85,-5290285.255740426,14462660.0,49.690313409570116
51.86,-5290291.256404995,14462980.0,49.69031143089367
51.87,-5290297.442488392,14463300.0,49.69030945820264
51.88,-5290303.805153311,14463630.0,49.69030749150544
51.89,-5290310.334001387,14463960.0,49.690305530774765
51.9,-5290317.019291788,14464290.0,49.69030357599983
51.91,-5290323.856387798,14464620.0,49.69030162721801
51.92,-5290330.841780612,14464950.0,49.69029968443286
51.93,-5290337.966652825,14465280.0,49.690297747588225
51.94,-5290345.221538016,14465620.0,49.690295816661404
51.95,-5290352.602644586,14465960.0,49.69029389169129
51.96,-5290360.104689793,14466300.0,49.69029197265476
51.97,-5290367.721010026,14466640.0,49.6902900595276
51.98,-5290375.447033508,14466980.0,49.69028815231697
51.99,-5290383.279658724,14467330.0,49.690286251024986
52.0,-5290391.216118391,14467680.0,49.69028435564935
52.01,-5290399.250732147,14468020.0,49.690282466151466
52.02,-5290407.376608866,14468370.0,49.69028058250577
52.03,-5290415.591000308,14468720.0,49.690278704735434
52.04,-5290423.886877644,14469070.0,49.6902768327885
52.05,-5290432.253148734,14469430.0,49.69027496660483
52.06,-5290440.685532272,14469780.0,49.69027310622466
52.07,-5290449.178539884,14470140.0,49.69027125161809
52.08,-5290457.724732331,14470490.0,49.6902694027509
52.09,-5290466.318532705,14470850.0,49.69026755961477
52.1,-5290474.950817494,14471210.0,49.6902657221564
52.11,-5290483.610446384,14471570.0,49.69026389032569
52.12,-5290492.2851120625,14471930.0,49.6902620640781
52.13,-5290500.966523066,14472290.0,49.69026024341503
52.14,-5290509.649274154,14472650.0,49.69025842833518
52.15,-5290518.327320453,14473010.0,49.69025661880529
52.16,-5290526.995058624,14473380.0,49.690254814805506
52.17,-5290535.645219532,14473740.0,49.69025301629063
52.18,-5290544.267838381,14474110.0,49.690251223201564
52.19,-5290552.857257265,14474470.0,49.69024943554543
52.2,-5290561.409058736,14474840.0,49.69024765330375
52.21,-5290569.918815263,14475210.0,49.6902458764498
52.22,-5290578.381120466,14475570.0,49.69024410494397
52.23,-5290586.789643694,14475940.0,49.69024233874841
52.24,-5290595.141002766,14476310.0,49.690240577858944
52.25,-5290603.43009854,14476680.0,49.690238822229205
52.26,-5290611.650908456,14477050.0,49.69023707182098
52.27,-5290619.7979089,14477420.0,49.69023532660214
52.28,-5290627.862657342,14477790.0,49.69023358651228
52.29,-5290635.836805332,14478160.0,49.69023185151005
52.3,-5290643.71734145,14478530.0,49.69023012160745
52.31,-5290651.502159786,14478900.0,49.69022839678334
52.32,-5290659.184477644,14479280.0,49.69022667696048
52.33,-5290666.760687881,14479650.0,49.69022496213306
52.34,-5290674.227574581,14480020.0,49.69022325227026
52.35,-5290681.581573236,14480390.0,49.69022154733631
52.36,-5290688.81751621,14480760.0,49.690219847281455
52.37,-5290695.929483544,14481140.0,49.69021815205972
52.38,-5290702.913992303,14481510.0,49.69021646165668
52.39,-5290709.7657287605,14481880.0,49.690214776016795
52.4,-5290716.47811372,14482250.0,49.690213095089966
52.41,-5290723.048542046,14482630.0,49.69021141887136
52.42,-5290729.476854008,14483000.0,49.690209747351894
52.43,-5290735.761751304,14483370.0,49.69020808048865
52.44,-5290741.897944937,14483740.0,49.690206418211
52.45,-5290747.879507419,14484110.0,49.69020476047041
52.46,-5290753.701181868,14484480.0,49.69020310723154
52.47,-5290759.356503199,14484860.0,49.69020145843882
52.48,-5290764.843949572,14485230.0,49.690199814097106
52.49,-5290770.162908782,14485600.0,49.69019817418003
52.5,-5290775.312084943,14485970.0,49.69019653864787
52.51,-5290780.2918901695,14486340.0,49.69019490748158
52.52,-5290785.0985223465,14486710.0,49.69019328060907
52.53,-5290789.724866384,14487080.0,49.69019165795713
52.54,-5290794.161283768,14487440.0,49.69019003945054
52.55,-5290798.400051185,14487810.0,49.69018842505636
52.56,-5290802.438271609,14488180.0,49.690186814770655
52.57,-5290806.272187834,14488550.0,49.69018520854298
52.58,-5290809.89763622,14488920.0,49.690183606327004
52.59,-5290813.310615559,14489280.0,49.690182008078686
52.6,-5290816.503982339,14489650.0,49.69018041372223
52.61,-5290819.469893305,14490010.0,49.69017882319779
52.62,-5290822.204932451,14490380.0,49.690177236495884
52.63,-5290824.70573422,14490740.0,49.69017565357154
52.64,-5290826.967160112,14491100.0,49.69017407436019
52.65,-5290828.984402734,14491460.0,49.690172498816814
52.66,-5290830.751505039,14491820.0,49.690170926878544
52.67,-5290832.264035797,14492190.0,49.69016935850972
52.68,-5290833.521201901,14492550.0,49.69016779369533
52.69,-5290834.519418096,14492900.0,49.69016623236493
52.7,-5290835.252812881,14493260.0,49.69016467444873
52.71,-5290835.717667703,14493620.0,49.690163119912775
52.72,-5290835.911339625,14493980.0,49.69016156871827
52.73,-5290835.831922121,14494330.0,49.69016002082532
52.74,-5290835.478303902,14494680.0,49.690158476195926
52.75,-5290834.850512821,14495040.0,49.69015693479629
52.76,-5290833.946242597,14495390.0,49.69015539656003
52.77,-5290832.759080442,14495740.0,49.690153861401086
52.78,-5290831.282257867,14496090.0,49.69015232925654
52.79,-5290829.514234415,14496440.0,49.69015080012333
52.8,-5290827.451017689,14496780.0,49.69014927392917
52.81,-5290825.090659096,14497130.0,49.69014775064014
52.82,-5290822.4338288205,14497470.0,49.690146230236905
52.83,-5290819.479320502,14497810.0,49.69014471265577
52.84,-5290816.223533679,14498150.0,49.69014319782759
52.85,-5290812.658245384,14498490.0,49.690141685652605
52.86,-5290808.772593121,14498830.0,49.69014017604284
52.87,-5290804.55927976,14499170.0,49.690138668964565
52.88,-5290800.014012629,14499500.0,49.69013716438516
52.89,-5290795.1323198555,14499830.0,49.69013566224656
52.9,-5290789.911373477,14500160.0,49.690134162506574
52.91,-5290784.343554205,14500490.0,49.69013266506446
52.92,-5290778.421568175,14500820.0,49.69013116985733
52.93,-5290772.140613254,14501150.0,49.69012967684616
52.94,-5290765.493541526,14501470.0,49.69012818594602
52.95,-5290758.475469287,14501790.0,49.69012669711347
52.96,-5290751.082643024,14502110.0,49.6901252102994
52.97,-5290743.309137097,14502430.0,49.690123725421095
52.98,-5290735.14838694,14502740.0,49.690122242408464
52.99,-5290726.595011049,14503060.0,49.690120761204774
53.0,-5290717.641736732,14503360.0,49.6901192817286
53.01,-5290708.28281456,14503670.0,49.690117803924224
53.02,-5290698.515332876,14503980.0,49.69011632775349
53.03,-5290688.333298389,14504280.0,49.6901148531242
53.04,-5290677.732130374,14504580.0,49.69011337998243
53.05,-5290666.711114594,14504880.0,49.69011190830154
53.06,-5290655.267942352,14505180.0,49.69011043800852
53.07,-5290643.39984623,14505470.0,49.69010896903583
53.08,-5290631.107587925,14505770.0,49.69010750135914
53.09,-5290618.391136176,14506050.0,49.690106034913924
53.1,-5290605.247214384,14506340.0,49.69010456961346
53.11,-5290591.676016814,14506620.0,49.69010310542795
53.12,-5290577.673410238,14506900.0,49.69010164225947
53.13,-5290563.231834906,14507180.0,49.69010018000766
53.14,-5290548.347476201,14507460.0,49.690098718638446
53.15,-5290533.01822253,14507730.0,49.69009725810177
53.16,-5290517.242017015,14508000.0,49.690095798338064
53.17,-5290501.016800645,14508260.0,49.690094339283235
53.18,-5290484.340113378,14508530.0,49.69009288087276
53.19,-5290467.209663004,14508790.0,49.6900914230446
53.2,-5290449.623724468,14509040.0,49.69008996574168
53.21,-5290431.577893114,14509300.0,49.69008850887506
53.22,-5290413.063653372,14509550.0,49.690087052336686
53.23,-5290394.075719658,14509790.0,49.69008559608067
53.24,-5290374.612158442,14510040.0,49.69008414007109
53.25,-5290354.667957272,14510280.0,49.69008268421144
53.26,-5290334.2347891545,14510520.0,49.690081228398896
53.27,-5290313.3092102315,14510750.0,49.69007977260286
53.28,-5290291.889423824,14510980.0,49.69007831677172
53.29,-5290269.970611744,14511210.0,49.69007686081049
53.3,-5290247.54982751,14511430.0,49.690075404663936
53.31,-5290224.620929334,14511650.0,49.69007394823326
53.32,-5290201.176851579,14511870.0,49.69007249143295
53.33,-5290177.217808403,14512080.0,49.69007103425841
53.34,-5290152.745214497,14512290.0,49.690069576658225
53.35,-5290127.758496878,14512500.0,49.690068118552624
53.36,-5290102.256799484,14512700.0,49.69006665987436
53.37,-5290076.240464087,14512900.0,49.69006520057144
53.38,-5290049.711945042,14513090.0,49.69006374060293
53.39,-5290022.672851305,14513280.0,49.69006227990316
53.4,-5289995.122348698,14513470.0,49.69006081838902
53.41,-5289967.060231018,14513650.0,49.6900593560045
53.42,-5289938.489087062,14513830.0,49.69005789271363
53.43,-5289909.411572265,14514010.0,49.69005642846262
53.44,-5289879.829212165,14514180.0,49.69005496318534
53.45,-5289849.738125637,14514350.0,49.69005349676911
53.46,-5289819.134481999,14514510.0,49.690052029146855
53.47,-5289788.0175214,14514670.0,49.690050560279786
53.48,-5289756.384376799,14514830.0,49.69004909008487
53.49,-5289724.234798511,14514980.0,49.690047618520055
53.5,-5289691.569565148,14515130.0,49.69004614553524
53.51,-5289658.386668148,14515280.0,49.690044671042855
53.52,-5289624.686376525,14515420.0,49.69004319500151
53.53,-5289590.466740688,14515550.0,49.69004171732698
53.54,-5289555.725125521,14515680.0,49.69004023795048
53.55,-5289520.459063452,14515810.0,49.69003875680432
53.56,-5289484.667109659,14515940.0,49.690037273835
53.57,-5289448.349072583,14516060.0,49.69003578898901
53.58,-5289411.502882839,14516170.0,49.690034302187364
53.59,-5289374.126127141,14516280.0,49.69003281336154
53.6,-5289336.217757009,14516390.0,49.6900313224582
53.61,-5289297.782252132,14516490.0,49.690029829469324
53.62,-5289258.82450545,14516590.0,49.690028334348874
53.63,-5289219.347202814,14516690.0,49.69002683702468
53.64,-5289179.35281194,14516780.0,49.690025337440126
53.65,-5289138.844607576,14516870.0,49.690023835551386
53.66,-5289097.823881204,14516950.0,49.69002233128651
53.67,-5289056.28851143,14517030.0,49.690020824554864
53.68,-5289014.239394815,14517100.0,49.69001931532577
53.69,-5288971.680567383,14517170.0,49.69001780357425
53.7,-5288928.6118043205,14517240.0,49.69001628920875
53.71,-5288885.032028444,14517300.0,49.6900147721629
53.72,-5288840.944607725,14517360.0,49.69001325242268
53.73,-5288796.353263419,14517410.0,49.69001172994107
53.74,-5288751.263267611,14517460.0,49.690010204686665
53.75,-5288705.681845952,14517500.0,49.69000867663391
53.76,-5288659.610888342,14517540.0,49.690007145690565
53.77,-5288613.05046868,14517580.0,49.69000561178888
53.78,-5288566.004367906,14517610.0,49.69000407491262
53.79,-5288518.475923294,14517640.0,49.69000253501139
53.8,-5288470.469281007,14517670.0,49.69000099204896
53.81,-5288421.989910942,14517690.0,49.689999445993735
53.82,-5288373.041019921,14517700.0,49.689997896784334
53.83,-5288323.625198584,14517720.0,49.68999634437102
53.84,-5288273.745388577,14517720.0,49.689994788712404
53.85,-5288223.405453264,14517730.0,49.68999322977276
53.86,-5288172.610009039,14517730.0,49.68999166751996
53.87,-5288121.360609151,14517720.0,49.689990101885115
53.88,-5288069.66160553,14517720.0,49.689988532849725
53.89,-5288017.5183322225,14517700.0,49.68998696038598
53.9,-5287964.93340374,14517690.0,49.689985384431274
53.91,-5287911.911267085,14517670.0,49.68998380496249
53.92,-5287858.457066588,14517640.0,49.689982221950736
53.93,-5287804.5796658425,14517620.0,49.689980635399884
53.94,-5287750.285502508,14517580.0,49.68997904525769
53.95,-5287695.578639185,14517550.0,49.689977451474235
53.96,-5287640.464404516,14517510.0,49.68997585402628
53.97,-5287584.951675737,14517460.0,49.6899742529192
53.98,-5287529.049240417,14517420.0,49.689972648131246
53.99,-5287472.760952395,14517370.0,49.689971039591214
54.0,-5287416.089366499,14517310.0,49.689969427255406
54.01,-5287359.038242639,14517250.0,49.689967811103045
54.02,-5287301.613403569,14517190.0,49.68996619112638
54.03,-5287243.81989073,14517120.0,49.689964567290374
54.04,-5287185.6631589625,14517060.0,49.68996293957519
54.05,-5287127.149875286,14516980.0,49.68996130796774
54.06,-5287068.287978881,14516910.0,49.68995967246127
54.07,-5287009.0864562625,14516830.0,49.68995803304859
54.08,-5286949.555001937,14516740.0,49.68995638972302
54.09,-5286889.699404268,14516660.0,49.68995474243415
54.1,-5286829.52290333,14516570.0,49.68995309113972
54.11,-5286769.030401442,14516470.0,49.689951435830835
54.12,-5286708.2305757515,14516380.0,49.68994977652862
54.13,-5286647.136799386,14516280.0,49.68994811326894
54.14,-5286585.759744978,14516170.0,49.68994644602539
54.15,-5286524.106352115,14516060.0,49.68994477475857
54.16,-5286462.18283819,14515960.0,49.68994309945179
54.17,-5286399.99634913,14515840.0,49.68994142010344
54.18,-5286337.555531529,14515730.0,49.68993973672095
54.19,-5286274.866718313,14515610.0,49.68993804927725
54.2,-5286211.93534755,14515480.0,49.689936357757034
54.21,-5286148.770120119,14515360.0,49.68993466218375
54.22,-5286085.377537202,14515230.0,49.68993296253407
54.23,-5286021.766168656,14515100.0,49.68993125882521
54.24,-5285957.944378707,14514960.0,49.68992955105519
54.25,-5285893.919470593,14514830.0,49.6899278392162
54.26,-5285829.699906313,14514690.0,49.68992612331885
54.27,-5285765.293030036,14514550.0,49.68992440335561
54.28,-5285700.7066038735,14514400.0,49.689922679333904
54.29,-5285635.949948582,14514260.0,49.68992095127257
54.3,-5285571.033605491,14514100.0,49.68991921919298
54.31,-5285505.965350493,14513950.0,49.68991748307932
54.32,-5285440.7512698155,14513800.0,49.68991574292186
54.33,-5285375.399516792,14513640.0,49.689913998747585
54.34,-5285309.922653394,14513480.0,49.68991225060885
54.35,-5285244.334071077,14513320.0,49.689910498535475
54.36,-5285178.645884313,14513160.0,49.689908742538904
54.37,-5285112.866932818,14512990.0,49.68990698260927
54.38,-5285047.005508628,14512820.0,49.6899052187579
54.39,-5284981.06998151,14512650.0,49.68990345100286
54.4,-5284915.069425946,14512480.0,49.68990167936974
54.41,-5284849.013052989,14512300.0,49.68989990387998
54.42,-5284782.909925607,14512130.0,49.689898124553885
54.43,-5284716.771465637,14511950.0,49.68989634143941
54.44,-5284650.605533099,14511770.0,49.68989455452788
54.45,-5284584.419893375,14511590.0,49.68989276384246
54.46,-5284518.227345612,14511400.0,49.68989096945664
54.47,-5284452.040891463,14511220.0,49.68988917140803
54.48,-5284385.870373367,14511030.0,49.68988736970178
54.49,-5284319.7238912275,14510840.0,49.68988556435181
54.5,-5284253.6077980045,14510650.0,49.689883755371724
54.51,-5284187.527265172,14510460.0,49.689881942773596
54.52,-5284121.489015033,14510270.0,49.689880126599505
54.53,-5284055.507080095,14510080.0,49.68987830694949
54.54,-5283989.593190708,14509880.0,49.68987648384533
54.55,-5283923.7553445995,14509690.0,49.68987465729391
54.56,-5283858.003553033,14509490.0,49.6898728273478
54.57,-5283792.349104968,14509290.0,49.68987099406146
54.58,-5283726.803373495,14509090.0,49.689869157480146
54.59,-5283661.3733711,14508890.0,49.689867317604666
54.6,-5283596.06965972,14508700.0,49.68986547450927
54.61,-5283530.9065304985,14508490.0,49.68986362827639
54.62,-5283465.894206014,14508290.0,49.689861778922115
54.63,-5283401.041565352,14508090.0,49.68985992647978
54.64,-5283336.356710547,14507890.0,49.689858070988656
54.65,-5283271.847420477,14507680.0,49.689856212491065
54.66,-5283207.520637145,14507480.0,49.68985435102389
54.67,-5283143.381836706,14507280.0,49.68985248661807
54.68,-5283079.441921015,14507070.0,49.68985061936957
54.69,-5283015.716262381,14506870.0,49.68984874937874
54.7,-5282952.216451745,14506660.0,49.68984687667337
54.71,-5282888.952568581,14506460.0,49.68984500129668
54.72,-5282825.933234048,14506260.0,49.68984312329311
54.73,-5282763.166291116,14506050.0,49.689841242709356
54.74,-5282700.661822813,14505850.0,49.68983935962159
54.75,-5282638.425775385,14505640.0,49.68983747404989
54.76,-5282576.464107873,14505440.0,49.68983558604591
54.77,-5282514.787578887,14505240.0,49.68983369571064
54.78,-5282453.40691478,14505030.0,49.68983180310765
54.79,-5282392.333094433,14504830.0,49.68982990830478
54.8,-5282331.576665993,14504630.0,49.68982801136514
54.81,-5282271.147289859,14504430.0,49.689826112346125
54.82,-5282211.056357735,14504230.0,49.68982421133124
54.83,-5282151.314033652,14504030.0,49.689822308380755
54.84,-5282091.931473272,14503830.0,49.68982040357325
54.85,-5282032.920655351,14503630.0,49.68981849699045
54.86,-5281974.290679667,14503440.0,49.689816588678795
54.87,-5281916.052261633,14503240.0,49.689814678726165
54.88,-5281858.215912732,14503040.0,49.68981276720608
54.89,-5281800.79085723,14502850.0,49.689810854181594
54.9,-5281743.783148383,14502660.0,49.68980893969628
54.91,-5281687.198965639,14502470.0,49.68980702381802
54.92,-5281631.048546924,14502280.0,49.68980510665813
54.93,-5281575.34112702,14502090.0,49.68980318828548
54.94,-5281520.08898098,14501910.0,49.689801268807685
54.95,-5281465.304639366,14501720.0,49.68979934831266
54.96,-5281410.99553218,14501540.0,49.68979742683807
54.97,-5281357.168022051,14501360.0,49.68979550444794
54.98,-5281303.832473239,14501180.0,49.6897935812606
54.99,-5281250.998303844,14501000.0,49.68979165735109
55.0,-5281198.671134118,14500830.0,49.68978973276435
55.01,-5281146.85722181,14500650.0,49.68978780758451
55.02,-5281095.566142053,14500480.0,49.68978588192427
55.03,-5281044.807775371,14500320.0,49.68978395587157
55.04,-5280994.590028965,14500150.0,49.68978202949566
55.05,-5280944.920427342,14499980.0,49.689780102878295
55.06,-5280895.810898099,14499820.0,49.6897781761474
55.07,-5280847.275218517,14499670.0,49.6897762494169
55.08,-5280799.3238914125,14499510.0,49.68977432275477
55.09,-5280751.967669997,14499360.0,49.68977239625864
55.1,-5280705.215392996,14499210.0,49.68977047000534
55.11,-5280659.076145266,14499060.0,49.68976854409177
55.12,-5280613.5598852085,14498910.0,49.68976661861901
55.13,-5280568.673172976,14498770.0,49.6897646936535
55.14,-5280524.420586598,14498630.0,49.68976276926481
55.15,-5280480.812353059,14498500.0,49.68976084559709
55.16,-5280437.860088452,14498370.0,49.68975892276428
55.17,-5280395.570874899,14498240.0,49.68975700082492
55.18,-5280353.9499274995,14498110.0,49.68975507985702
55.19,-5280313.002527148,14497990.0,49.68975315995202
55.2,-5280272.734134652,14497870.0,49.68975124120386
55.21,-5280233.150163209,14497760.0,49.689749323706586
55.22,-5280194.2554654,14497640.0,49.689747407546506
55.23,-5280156.057124057,14497540.0,49.68974549284086
55.24,-5280118.5617225,14497430.0,49.689743579681725
55.25,-5280081.769929634,14497330.0,49.689741668107374
55.26,-5280045.684121231,14497230.0,49.689739758219524
55.27,-5280010.308099261,14497140.0,49.68973785012364
55.28,-5279975.6477792775,14497050.0,49.68973594393015
55.29,-5279941.7057820475,14496970.0,49.6897340397045
55.3,-5279908.4830778865,14496890.0,49.689732137520714
55.31,-5279875.98627669,14496810.0,49.68973023752103
55.32,-5279844.220290866,14496740.0,49.689728339787614
55.33,-5279813.187818203,14496670.0,49.68972644439352
55.34,-5279782.895604736,14496610.0,49.689724551472615
55.35,-5279753.350636806,14496550.0,49.68972266112572
55.36,-5279724.557463308,14496490.0,49.68972077343062
55.37,-5279696.516024128,14496440.0,49.68971888843779
55.38,-5279669.224658871,14496390.0,49.68971700621821
55.39,-5279642.688650708,14496350.0,49.689715126924405
55.4,-5279616.913519416,14496320.0,49.68971325065727
55.41,-5279591.901374883,14496280.0,49.68971137748051
55.42,-5279567.6554104285,14496250.0,49.68970950749754
55.43,-5279544.178708815,14496230.0,49.689707640801835
55.44,-5279521.473615116,14496210.0,49.68970577748005
55.45,-5279499.544698124,14496200.0,49.68970391764683
55.46,-5279478.392487474,14496190.0,49.68970206135956
55.47,-5279458.014147392,14496180.0,49.68970020867352
55.48,-5279438.410591493,14496180.0,49.68969835970893
55.49,-5279419.5834719315,14496180.0,49.68969651456103
55.5,-5279401.529140782,14496190.0,49.68969467326831
55.51,-5279384.243081691,14496210.0,49.68969283590082
55.52,-5279367.725720274,14496230.0,49.6896910025847
55.53,-5279351.9744585045,14496250.0,49.68968917337605
55.54,-5279336.9870293215,14496280.0,49.689687348358525
55.55,-5279322.762466248,14496310.0,49.68968552762423
55.56,-5279309.298599284,14496350.0,49.68968371124478
55.57,-5279296.5939324545,14496390.0,49.689681899304546
55.58,-5279284.644796232,14496440.0,49.68968009186481
55.59,-5279273.44813443,14496490.0,49.68967828900398
55.6,-5279263.002189592,14496540.0,49.68967649081365
55.61,-5279253.303884925,14496610.0,49.68967469735684
55.62,-5279244.350758543,14496670.0,49.689672908715835
55.63,-5279236.141933776,14496740.0,49.689671124981835
55.64,-5279228.675216896,14496820.0,49.6896693462207
55.65,-5279221.94521332,14496900.0,49.68966757247547
55.66,-5279215.946510843,14496990.0,49.68966580381331
55.67,-5279210.67481935,14497080.0,49.689664040314774
55.68,-5279206.121275106,14497170.0,49.689662282000086
55.69,-5279202.280008459,14497270.0,49.68966052895893
55.7,-5279199.148550274,14497380.0,49.689658781288365
55.71,-5279196.721344104,14497480.0,49.68965703902683
55.72,-5279194.993043685,14497600.0,49.68965530223897
55.73,-5279193.956689963,14497720.0,49.689653570972204
55.74,-5279193.60741117,14497840.0,49.689651845303416
55.75,-5279193.939749772,14497970.0,49.68965012528889
55.76,-5279194.947262138,14498100.0,49.68964841097916
55.77,-5279196.62565034,14498240.0,49.68964670245113
55.78,-5279198.967467889,14498380.0,49.689644999732494
55.79,-5279201.96661378,14498520.0,49.68964330289131
55.8,-5279205.617367151,14498680.0,49.68964161198396
55.81,-5279209.910342299,14498830.0,49.68963992702988
55.82,-5279214.83812116,14498990.0,49.689638248092585
55.83,-5279220.394460478,14499150.0,49.6896365752333
55.84,-5279226.574522736,14499320.0,49.689634908516375
55.85,-5279233.371118661,14499500.0,49.68963324796888
55.86,-5279240.776695898,14499670.0,49.68963159363543
55.87,-5279248.784420869,14499850.0,49.689629945567425
55.88,-5279257.386072172,14500040.0,49.689628303794244
55.89,-5279266.577621738,14500230.0,49.68962666840153
55.9,-5279276.351951208,14500420.0,49.68962503940539
55.91,-5279286.698901242,14500620.0,49.68962341681758
55.92,-5279297.608512164,14500820.0,49.68962180067534
55.93,-5279309.070739598,14501030.0,49.68962019100924
55.94,-5279321.078360593,14501240.0,49.68961858787967
55.95,-5279333.625499103,14501460.0,49.6896169913376
55.96,-5279346.7034124695,14501680.0,49.68961540139066
55.97,-5279360.301908948,14501900.0,49.68961381805703
55.98,-5279374.414244925,14502130.0,49.68961224139875
55.99,-5279389.032973623,14502360.0,49.68961067144094
56.0,-5279404.147834949,14502590.0,49.689609108185884
56.01,-5279419.744551828,14502830.0,49.68960755161799
56.02,-5279435.8090941645,14503070.0,49.68960600175267
56.03,-5279452.3300159685,14503310.0,49.689604458626974
56.04,-5279469.296695336,14503560.0,49.6896029222657
56.05,-5279486.69836783,14503820.0,49.68960139268436
56.06,-5279504.520479119,14504070.0,49.689599869859094
56.07,-5279522.746784065,14504330.0,49.689598353777384
56.08,-5279541.364642253,14504590.0,49.689596844474934
56.09,-5279560.364685179,14504860.0,49.68959534199036
56.1,-5279579.737405354,14505130.0,49.68959384633262
56.11,-5279599.4712755,14505400.0,49.68959235749105
56.12,-5279619.559980742,14505680.0,49.689590875520814
56.13,-5279639.994567671,14505950.0,49.68958940041038
56.14,-5279660.760930452,14506240.0,49.68958793211502
56.15,-5279681.848915712,14506520.0,49.6895864706686
56.16,-5279703.251021826,14506810.0,49.689585016099514
56.17,-5279724.962006694,14507100.0,49.689583568435694
56.18,-5279746.974733481,14507390.0,49.68958212767004
56.19,-5279769.278855267,14507690.0,49.68958069377501
56.2,-5279791.863941282,14507990.0,49.68957926674662
56.21,-5279814.717938163,14508290.0,49.68957784656502
56.22,-5279837.827165974,14508590.0,49.68957643320509
56.23,-5279861.180417184,14508900.0,49.68957502667741
56.24,-5279884.767937174,14509210.0,49.68957362698626
56.25,-5279908.577609913,14509520.0,49.68957223409956
56.26,-5279932.593185576,14509830.0,49.689570847961086
56.27,-5279956.79774642,14510150.0,49.6895694685388
56.28,-5279981.179973644,14510470.0,49.68956809585984
56.29,-5280005.730400402,14510790.0,49.68956672992489
56.3,-5280030.436515742,14511110.0,49.68956537068582
56.31,-5280055.2872589305,14511430.0,49.68956401813501
56.32,-5280080.272453288,14511760.0,49.68956267225945
56.33,-5280105.37961728,14512090.0,49.68956133301405
56.34,-5280130.596010307,14512420.0,49.68956000036873
56.35,-5280155.906637643,14512750.0,49.68955867427125
56.36,-5280181.297834984,14513080.0,49.68955735469843
56.37,-5280206.759209361,14513420.0,49.689556041648565
56.38,-5280232.278233767,14513750.0,49.68955473507031
56.39,-5280257.845028669,14514090.0,49.68955343495545
56.4,-5280283.451456936,14514430.0,49.68955214128955
56.41,-5280309.087709097,14514770.0,49.689550854028646
56.42,-5280334.740532679,14515110.0,49.689549573104166
56.43,-5280360.393109701,14515460.0,49.68954829843932
56.44,-5280386.033025847,14515800.0,49.689547030026866
56.45,-5280411.649603222,14516150.0,49.68954576784186
56.46,-5280437.229801803,14516490.0,49.68954451181773
56.47,-5280462.7631143695,14516840.0,49.68954326193433
56.48,-5280488.237583908,14517190.0,49.68954201813259
56.49,-5280513.642250438,14517540.0,49.68954078037564
56.5,-5280538.968236298,14517890.0,49.68953954863669
56.51,-5280564.203109832,14518240.0,49.68953832283677
56.52,-5280589.335264464,14518590.0,49.68953710293209
56.53,-5280614.353350981,14518940.0,49.68953588887288
56.54,-5280639.246563167,14519290.0,49.68953468061267
56.55,-5280664.005323044,14519640.0,49.689533478109524
56.56,-5280688.618206793,14520000.0,49.68953228129454
56.57,-5280713.070914457,14520350.0,49.689531090082546
56.58,-5280737.350194839,14520700.0,49.68952990441945
56.59,-5280761.446355567,14521050.0,49.68952872427754
56.6,-5280785.351562484,14521410.0,49.68952754961926
56.61,-5280809.055627399,14521760.0,49.68952638036562
56.62,-5280832.547768822,14522110.0,49.689525216451884
56.63,-5280855.814274131,14522460.0,49.68952405778478
56.64,-5280878.841968442,14522820.0,49.68952290430161
56.65,-5280901.620324497,14523170.0,49.68952175595642
56.66,-5280924.136055714,14523520.0,49.689520612656544
56.67,-5280946.3817711705,14523870.0,49.689519474387346
56.68,-5280968.353369046,14524220.0,49.68951834112021
56.69,-5280990.045941903,14524570.0,49.6895172127909
56.7,-5281011.450868445,14524920.0,49.68951608930603
56.71,-5281032.559508331,14525270.0,49.68951497059898
56.72,-5281053.361264666,14525610.0,49.68951385658136
56.73,-5281073.843636163,14525960.0,49.68951274716481
56.74,-5281093.996429374,14526300.0,49.68951164229235
56.75,-5281113.8110807,14526650.0,49.68951054190709
56.76,-5281133.280318583,14526990.0,49.6895094459509
56.77,-5281152.395146562,14527330.0,49.689508354336986
56.78,-5281171.147118413,14527680.0,49.689507266996465
56.79,-5281189.5262881005,14528010.0,49.68950618384068
56.8,-5281207.520864169,14528350.0,49.68950510477333
56.81,-5281225.117205194,14528690.0,49.68950402969389
56.82,-5281242.305000913,14529020.0,49.68950295854507
56.83,-5281259.079446072,14529360.0,49.689501891302065
56.84,-5281275.436524395,14529690.0,49.689500827899295
56.85,-5281291.369819397,14530020.0,49.68949976824347
56.86,-5281306.86942569,14530350.0,49.689498712224456
56.87,-5281321.925929289,14530680.0,49.68949765976202
56.88,-5281336.528870297,14531000.0,49.68949661076251
56.89,-5281350.667139235,14531320.0,49.689495565132376
56.9,-5281364.333078441,14531640.0,49.68949452281529
56.91,-5281377.521408016,14531960.0,49.68949348375308
56.92,-5281390.225470742,14532280.0,49.689492447851975
56.93,-5281402.4391661845,14532590.0,49.6894914150363
56.94,-5281414.15831976,14532900.0,49.689490385242934
56.95,-5281425.374533141,14533210.0,49.6894893583518
56.96,-5281436.079903526,14533520.0,49.689488334279666
56.97,-5281446.265714264,14533830.0,49.68948731293183
56.98,-5281455.92323065,14534130.0,49.689486294218064
56.99,-5281465.047517967,14534430.0,49.68948527808521
57.0,-5281473.632892157,14534730.0,49.689484264442356
57.01,-5281481.670581569,14535020.0,49.68948325317295
57.02,-5281489.151568563,14535310.0,49.68948224418305
57.03,-5281496.072686393,14535600.0,49.68948123743609
57.04,-5281502.432530884,14535890.0,49.6894802328673
57.05,-5281508.229698287,14536170.0,49.68947923039963
57.06,-5281513.461930499,14536450.0,49.68947822994404
57.07,-5281518.125884985,14536730.0,49.68947723141198
57.08,-5281522.217587961,14537000.0,49.68947623471287
57.09,-5281525.72935562,14537280.0,49.689475239725695
57.1,-5281528.652235265,14537540.0,49.68947424634473
57.11,-5281530.977882708,14537810.0,49.6894732544799
57.12,-5281532.70015943,14538070.0,49.68947226405694
57.13,-5281533.816049885,14538330.0,49.689471275017446
57.14,-5281534.323275933,14538580.0,49.68947028728021
57.15,-5281534.218475143,14538840.0,49.68946930075243
57.16,-5281533.500674212,14539080.0,49.689468315370966
57.17,-5281532.165539402,14539330.0,49.68946733102193
57.18,-5281530.211066693,14539570.0,49.68946634763798
57.19,-5281527.63946815,14539810.0,49.68946536517916
57.2,-5281524.448577612,14540040.0,49.68946438352621
57.21,-5281520.63417616,14540280.0,49.689463402574695
57.22,-5281516.191468624,14540500.0,49.689462422231536
57.23,-5281511.116962689,14540730.0,49.689461442418505
57.24,-5281505.409212967,14540950.0,49.68946046306858
57.25,-5281499.065805888,14541160.0,49.68945948409067
57.26,-5281492.0822745515,14541370.0,49.689458505377246
57.27,-5281484.455227824,14541580.0,49.6894575268491
57.28,-5281476.184119582,14541790.0,49.68945654844859
57.29,-5281467.269432282,14541990.0,49.68945557010187
57.3,-5281457.710969958,14542190.0,49.689454591724605
57.31,-5281447.503753553,14542380.0,49.68945361318778
57.32,-5281436.639889505,14542570.0,49.6894526343713
57.33,-5281425.117395257,14542750.0,49.68945165523537
57.34,-5281412.937421747,14542930.0,49.68945067572802
57.35,-5281400.099930322,14543110.0,49.68944969575727
57.36,-5281386.604430564,14543280.0,49.68944871523696
57.37,-5281372.450435042,14543450.0,49.68944773408755
57.38,-5281357.642360062,14543620.0,49.689446752274876
57.39,-5281342.183896326,14543780.0,49.68944576972177
57.4,-5281326.0758986175,14543940.0,49.68944478632802
57.41,-5281309.318202231,14544090.0,49.68944380200612
57.42,-5281291.911443957,14544240.0,49.68944281668613
57.43,-5281273.857918846,14544380.0,49.689441830307075
57.44,-5281255.1588490335,14544520.0,49.68944084278366
57.45,-5281235.815919642,14544660.0,49.68943985404815
57.46,-5281215.829342414,14544790.0,49.68943886400899
57.47,-5281195.199903492,14544920.0,49.68943787259854
57.48,-5281173.930731397,14545040.0,49.68943687976262
57.49,-5281152.0242826175,14545160.0,49.68943588542585
57.5,-5281129.484391384,14545270.0,49.68943488953237
57.51,-5281106.31781169,14545380.0,49.68943389204214
57.52,-5281082.530463492,14545490.0,49.689432892889265
57.53,-5281058.12235887,14545590.0,49.68943189195232
57.54,-5281033.091918145,14545690.0,49.68943088914377
57.55,-5281007.438644222,14545780.0,49.68942988439674
57.56,-5280981.164948826,14545870.0,49.689428877666856
57.57,-5280954.27661563,14545960.0,49.68942786892122
57.58,-5280926.775856413,14546040.0,49.68942685806459
57.59,-5280898.66489219,14546110.0,49.68942584502983
57.6,-5280869.947320865,14546190.0,49.68942482976535
57.61,-5280840.625784235,14546250.0,49.68942381219891
57.62,-5280810.704017055,14546320.0,49.68942279227708
57.63,-5280780.187761506,14546380.0,49.68942176996046
57.64,-5280749.085740921,14546430.0,49.68942074521996
57.65,-5280717.405165318,14546480.0,49.68941971799499
57.66,-5280685.154063972,14546530.0,49.68941868824084
57.67,-5280652.341173435,14546580.0,49.68941765591805
57.68,-5280618.973032971,14546620.0,49.68941662095751
57.69,-5280585.055004762,14546650.0,49.68941558330096
57.7,-5280550.592524604,14546680.0,49.689414542897374
57.71,-5280515.591329985,14546710.0,49.68941349969968
57.72,-5280480.057289848,14546730.0,49.68941245366244
57.73,-5280444.00033687,14546750.0,49.68941140477815
57.74,-5280407.431970188,14546770.0,49.68941035302568
57.75,-5280370.360244517,14546780.0,49.68940929833862
57.76,-5280332.794092372,14546780.0,49.68940824068704
57.77,-5280294.741502671,14546790.0,49.689407180025924
57.78,-5280256.208777499,14546790.0,49.68940611630225
57.79,-5280217.203206177,14546780.0,49.689405049486965
57.8,-5280177.730902209,14546780.0,49.689403979531896
57.81,-5280137.795033765,14546760.0,49.689402906371555
57.82,-5280097.398950486,14546750.0,49.68940182996294
57.83,-5280056.550913711,14546730.0,49.68940075031397
57.84,-5280015.25909397,14546710.0,49.68939966739265
57.85,-5279973.532596442,14546680.0,49.68939858117794
57.86,-5279931.38066543,14546650.0,49.689397491645416
57.87,-5279888.813140529,14546620.0,49.68939639877472
57.88,-5279845.839090398,14546580.0,49.68939530253676
57.89,-5279802.463334645,14546540.0,49.689394202863525
57.9,-5279758.69435417,14546500.0,49.6893930997635
57.91,-5279714.541735898,14546460.0,49.68939199322237
57.92,-5279670.010476933,14546400.0,49.689390883175754
57.93,-5279625.104677108,14546350.0,49.6893897695884
57.94,-5279579.830044069,14546300.0,49.68938865244545
57.95,-5279534.194581087,14546240.0,49.689387531745375
57.96,-5279488.208877665,14546180.0,49.68938640749454
57.97,-5279441.881842017,14546110.0,49.689385279664194
57.98,-5279395.222235421,14546040.0,49.68938414823712
57.99,-5279348.238386857,14545970.0,49.68938301319636
58.0,-5279300.938875706,14545900.0,49.689381874528834
58.01,-5279253.331449579,14545820.0,49.68938073221571
58.02,-5279205.423307131,14545740.0,49.68937958623729
58.03,-5279157.223831929,14545650.0,49.68937843660308
58.04,-5279108.742660353,14545570.0,49.68937728330751
58.05,-5279059.9879726,14545480.0,49.68937612633055
58.06,-5279010.965292284,14545390.0,49.68937496563838
58.07,-5278961.680613973,14545290.0,49.68937380122247
58.08,-5278912.14148704,14545200.0,49.68937263308867
58.09,-5278862.357988258,14545100.0,49.6893714612548
58.1,-5278812.342329159,14545000.0,49.68937028574234
58.11,-5278762.104758327,14544890.0,49.689369106537804
58.12,-5278711.650764136,14544780.0,49.68936792359763
58.13,-5278660.983570175,14544670.0,49.689366736890946
58.14,-5278610.108460468,14544560.0,49.68936554643011
58.15,-5278559.031929801,14544440.0,49.68936435222038
58.16,-5278507.760603985,14544330.0,49.689363154262274
58.17,-5278456.300499327,14544210.0,49.689361952546975
58.18,-5278404.659927331,14544090.0,49.68936074709786
58.19,-5278352.847049999,14543960.0,49.68935953791643
58.2,-5278300.864693732,14543840.0,49.689358324955265
58.21,-5278248.718541873,14543710.0,49.689357108235974
58.22,-5278196.417198812,14543580.0,49.689355887790484
58.23,-5278143.969176993,14543440.0,49.68935466362397
58.24,-5278091.383637443,14543310.0,49.689353435753816
58.25,-5278038.671246121,14543170.0,49.68935220420466
58.26,-5277985.839846706,14543030.0,49.68935096896588
58.27,-5277932.892572975,14542890.0,49.68934972999992
58.28,-5277879.833706519,14542750.0,49.68934848731998
58.29,-5277826.671756797,14542600.0,49.689347240973824
58.3,-5277773.413887073,14542450.0,49.68934599095986
58.31,-5277720.069501098,14542300.0,49.6893447373156
58.32,-5277666.648197167,14542150.0,49.68934348005917
58.33,-5277613.154924777,14542000.0,49.68934221916474
58.34,-5277559.598064924,14541850.0,49.68934095467622
58.35,-5277505.982087488,14541690.0,49.68933968657418
58.36,-5277452.311929321,14541530.0,49.68933841487347
58.37,-5277398.597440251,14541370.0,49.68933713963683
58.38,-5277344.845588287,14541210.0,49.689335860858606
58.39,-5277291.062674804,14541050.0,49.68933457855109
58.4,-5277237.255130641,14540880.0,49.689333292735334
58.41,-5277183.430599107,14540720.0,49.68933200343983
58.42,-5277129.597084181,14540550.0,49.68933071069345
58.43,-5277075.759361279,14540380.0,49.68932941448729
58.44,-5277021.920222835,14540210.0,49.68932811481904
58.45,-5276968.084462309,14540030.0,49.68932681172467
58.46,-5276914.2576254895,14539860.0,49.68932550522915
58.47,-5276860.444701666,14539680.0,49.68932419534946
58.48,-5276806.653142442,14539510.0,49.68932288212929
58.49,-5276752.886029582,14539330.0,49.68932156555365
58.5,-5276699.146736886,14539150.0,49.68932024564229
58.51,-5276645.443831652,14538970.0,49.68931892246623
58.52,-5276591.78687068,14538790.0,49.68931759606608
58.53,-5276538.183154512,14538610.0,49.689316266452884
58.54,-5276484.63578424,14538420.0,49.68931493361501
58.55,-5276431.146044386,14538240.0,49.68931359755605
58.56,-5276377.718584027,14538050.0,49.68931225832772
58.57,-5276324.360057541,14537870.0,49.689310915975305
58.58,-5276271.07850273,14537680.0,49.6893095705425
58.59,-5276217.881862604,14537490.0,49.68930822206306
58.6,-5276164.777415259,14537300.0,49.689306870566405
58.61,-5276111.774849367,14537110.0,49.689305516108405
58.62,-5276058.8833639,14536920.0,49.68930415872757
58.63,-5276006.110527133,14536730.0,49.689302798446015
58.64,-5275953.4644949585,14536540.0,49.689301435308955
58.65,-5275900.95532298,14536340.0,49.689300069374035
58.66,-5275848.587392117,14536150.0,49.6892987006317
58.67,-5275796.35956536,14535950.0,49.689297329058746
58.68,-5275744.275716305,14535760.0,49.68929595472835
58.69,-5275692.342975103,14535560.0,49.689294577706505
58.7,-5275640.5672917,14535370.0,49.689293198021346
58.71,-5275588.953603799,14535170.0,49.689291815701026
58.72,-5275537.505834305,14534970.0,49.68929043077417
58.73,-5275486.226888771,14534780.0,49.689289043263955
58.74,-5275435.121957995,14534580.0,49.68928765322834
58.75,-5275384.196073331,14534380.0,49.68928626070512
58.76,-5275333.453365446,14534180.0,49.689284865722655
58.77,-5275282.8987716185,14533980.0,49.68928346832862
58.78,-5275232.536214188,14533780.0,49.68928206855059
58.79,-5275182.366147616,14533580.0,49.68928066639455
58.8,-5275132.392843969,14533390.0,49.68927926192715
58.81,-5275082.626681862,14533190.0,49.6892778552507
58.82,-5275033.0710549895,14532990.0,49.68927644634727
58.83,-5274983.725773777,14532790.0,49.68927503522069
58.84,-5274934.59588919,14532590.0,49.68927362195416
58.85,-5274885.6853804095,14532390.0,49.68927220658069
58.86,-5274836.997380075,14532190.0,49.68927078913276
58.87,-5274788.537420332,14531990.0,49.689269369672004
58.88,-5274740.310874447,14531790.0,49.68926794824479
58.89,-5274692.325805658,14531590.0,49.68926652492111
58.9,-5274644.593201797,14531400.0,49.68926509978368
58.91,-5274597.119859349,14531200.0,49.689263672848014
58.92,-5274549.911279192,14531000.0,49.68926224415438
58.93,-5274502.973030989,14530800.0,49.68926081375042
58.94,-5274456.307676101,14530600.0,49.689259381657386
58.95,-5274409.920401636,14530410.0,49.68925794794405
58.96,-5274363.814012245,14530210.0,49.68925651263646
58.97,-5274317.990120862,14530020.0,49.689255075769076
58.98,-5274272.453134697,14529820.0,49.68925363740966
58.99,-5274227.20821073,14529630.0,49.68925219761675
59.0,-5274182.260060852,14529430.0,49.68925075643586
59.01,-5274137.611868011,14529240.0,49.68924931390247
59.02,-5274093.264313618,14529050.0,49.689247870038365
59.03,-5274049.218819469,14528860.0,49.6892464248936
59.04,-5274005.478689302,14528660.0,49.68924497853155
59.05,-5273962.046435171,14528480.0,49.68924353099079
59.06,-5273918.921097132,14528280.0,49.68924208228462
59.07,-5273876.101083855,14528100.0,49.68924063244551
59.08,-5273833.588843869,14527910.0,49.6892391815509
59.09,-5273791.385746958,14527720.0,49.689237729636574
59.1,-5273749.4968112605,14527540.0,49.68923627678333
59.11,-5273707.932307955,14527360.0,49.68923482309534
59.12,-5273666.697402971,14527170.0,49.6892333685856
59.13,-5273625.793397881,14526990.0,49.68923191327008
59.14,-5273585.22188018,14526810.0,49.689230457197
59.15,-5273544.9870604025,14526630.0,49.689229000440356
59.16,-5273505.096918369,14526450.0,49.68922754308866
59.17,-5273465.559280564,14526270.0,49.68922608520348
59.18,-5273426.37577925,14526100.0,49.689224626783876
59.19,-5273387.5498149395,14525920.0,49.689223167896216
59.2,-5273349.086104927,14525750.0,49.68922170860633
59.21,-5273310.987552347,14525580.0,49.68922024895369
59.22,-5273273.260085401,14525410.0,49.68921878901943
59.23,-5273235.911468189,14525240.0,49.689217328882435
59.24,-5273198.946404504,14525070.0,49.68921586857541
59.25,-5273162.367498909,14524910.0,49.68921440813707
59.26,-5273126.179240475,14524740.0,49.68921294763786
59.27,-5273090.386183922,14524580.0,49.68921148713811
59.28,-5273054.991582111,14524420.0,49.68921002668464
59.29,-5273019.996869917,14524260.0,49.68920856631432
59.3,-5272985.40057694,14524100.0,49.689207106050716
59.31,-5272951.201796386,14523950.0,49.689205645946345
59.32,-5272917.401611122,14523800.0,49.689204186068096
59.33,-5272884.00030636,14523640.0,49.68920272645923
59.34,-5272850.998849291,14523490.0,49.689201267177744
59.35,-5272818.400087485,14523340.0,49.689199808290994
59.36,-5272786.208411671,14523200.0,49.68919834987137
59.37,-5272754.425884554,14523050.0,49.68919689195431
59.38,-5272723.053830586,14522910.0,49.689195434585734
59.39,-5272692.092777132,14522770.0,49.6891939778115
59.4,-5272661.543250278,14522630.0,49.68919252168141
59.41,-5272631.405147988,14522500.0,49.68919106624011
59.42,-5272601.677852518,14522360.0,49.6891896115323
59.43,-5272572.35960229,14522230.0,49.68918815759446
59.44,-5272543.451421055,14522100.0,49.689186704499534
59.45,-5272514.9582075775,14521970.0,49.6891852523378
59.46,-5272486.882305939,14521850.0,49.6891838011431
59.47,-5272459.226690328,14521720.0,49.68918235097713
59.48,-5272431.996733158,14521600.0,49.689180901918526
59.49,-5272405.196905877,14521480.0,49.689179454021684
59.5,-5272378.8329991205,14521370.0,49.68917800735869
59.51,-5272352.908649877,14521250.0,49.68917656197187
59.52,-5272327.423854447,14521140.0,49.68917511788449
59.53,-5272302.381341743,14521030.0,49.68917367517424
59.54,-5272277.785953262,14520920.0,49.689172233921155
59.55,-5272253.640830312,14520820.0,49.68917079416962
59.56,-5272229.944617462,14520720.0,49.68916935593432
59.57,-5272206.697776707,14520620.0,49.689167919282305
59.58,-5272183.901566277,14520520.0,49.68916648427527
59.59,-5272161.5584415225,14520420.0,49.68916505097833
59.6,-5272139.670633263,14520330.0,49.68916361944838
59.61,-5272118.236671102,14520240.0,49.689162189704824
59.62,-5272097.256217958,14520160.0,49.68916076180731
59.63,-5272076.732580272,14520070.0,49.68915933584566
59.64,-5272056.666904572,14519990.0,49.689157911854394
59.65,-5272037.058058116,14519910.0,49.689156489868104
59.66,-5272017.906384232,14519830.0,49.68915506994929
59.67,-5271999.211996471,14519760.0,49.68915365214864
59.68,-5271980.977342363,14519690.0,49.68915223654168
59.69,-5271963.2046449175,14519620.0,49.68915082318344
59.7,-5271945.894534381,14519550.0,49.68914941211457
59.71,-5271929.04484758,14519490.0,49.689148003359975
59.72,-5271912.650165061,14519430.0,49.68914659693423
59.73,-5271896.705165146,14519370.0,49.68914519287814
59.74,-5271881.206675684,14519310.0,49.68914379125208
59.75,-5271866.15464822,14519260.0,49.689142392130655
59.76,-5271851.548860636,14519210.0,49.689140995559896
59.77,-5271837.386637313,14519160.0,49.68913960156525
59.78,-5271823.669168411,14519120.0,49.68913821022941
59.79,-5271810.3973026,14519080.0,49.68913682159849
59.8,-5271797.573141809,14519040.0,49.68913543573674
59.81,-5271785.196112345,14519010.0,49.68913405267073
59.82,-5271773.265864479,14518980.0,49.689132672450484
59.83,-5271761.786205017,14518940.0,49.68913129516373
59.84,-5271750.756559837,14518920.0,49.68912992082631
59.85,-5271740.174812235,14518890.0,49.689128549467746
59.86,-5271730.042085861,14518870.0,49.689127181166285
59.87,-5271720.361955031,14518860.0,49.68912581599583
59.88,-5271711.1360059595,14518840.0,49.68912445399341
59.89,-5271702.364857529,14518830.0,49.68912309520194
59.9,-5271694.048956673,14518820.0,49.68912173966819
59.91,-5271686.184702927,14518810.0,49.689120387402546
59.92,-5271678.766774753,14518810.0,49.68911903842803
59.93,-5271671.7927411,14518810.0,49.68911769280947
59.94,-5271665.262156884,14518810.0,49.68911635060839
59.95,-5271659.175713181,14518820.0,49.689115011883175
59.96,-5271653.5310801165,14518830.0,49.68911367665043
59.97,-5271648.324267003,14518840.0,49.689112344935324
59.98,-5271643.553835131,14518850.0,49.689111016801846
59.99,-5271639.216288348,14518870.0,49.68910969226983
60.0,-5271635.310626775,14518890.0,49.68910837140449
60.01,-5271631.83709939,14518920.0,49.6891070542584
60.02,-5271628.792876241,14518940.0,49.68910574084756
60.03,-5271626.17306652,14518970.0,49.689104431188326
60.04,-5271623.975443246,14519010.0,49.68910312534204
60.05,-5271622.198854344,14519040.0,49.68910182335723
60.06,-5271620.839350332,14519080.0,49.68910052524575
60.07,-5271619.894622231,14519120.0,49.689099231058606
60.08,-5271619.363264873,14519170.0,49.68909794084181
60.09,-5271619.248027347,14519220.0,49.68909665467597
60.1,-5271619.549668939,14519270.0,49.6890953725882
60.11,-5271620.264047895,14519320.0,49.68909409457265
60.12,-5271621.391112914,14519380.0,49.68909282070433
60.13,-5271622.933032857,14519440.0,49.68909155104431
60.14,-5271624.888959619,14519500.0,49.68909028560995
60.15,-5271627.256046342,14519570.0,49.68908902441982
60.16,-5271630.029955301,14519640.0,49.6890877674934
60.17,-5271633.205196137,14519710.0,49.689086514850814
60.18,-5271636.779510884,14519780.0,49.68908526655145
60.19,-5271640.748069556,14519860.0,49.689084022605066
60.2,-5271645.105344275,14519940.0,49.689082783030294
60.21,-5271649.848127792,14520030.0,49.68908154787924
60.22,-5271654.971436361,14520110.0,49.68908031716225
60.23,-5271660.472779243,14520200.0,49.68907909093112
60.24,-5271666.354786303,14520300.0,49.68907786926723
60.25,-5271672.618895393,14520400.0,49.68907665220089
60.26,-5271679.262044215,14520490.0,49.68907543972533
60.27,-5271686.281901763,14520600.0,49.68907423187905
60.28,-5271693.676585242,14520700.0,49.68907302869443
60.29,-5271701.440330302,14520810.0,49.68907183016656
60.3,-5271709.569407874,14520920.0,49.689070636335614
60.31,-5271718.060704641,14521040.0,49.68906944723559
60.32,-5271726.912066525,14521150.0,49.68906826290176
60.33,-5271736.1215032935,14521270.0,49.689067083364414
60.34,-5271745.687416937,14521400.0,49.68906590865605
60.35,-5271755.608089789,14521520.0,49.68906473880492
60.36,-5271765.882083142,14521650.0,49.68906357384213
60.37,-5271776.507896048,14521790.0,49.689062413794936
60.38,-5271787.480204123,14521920.0,49.68906125865523
60.39,-5271798.799594562,14522060.0,49.68906010850009
60.4,-5271810.469332732,14522200.0,49.689058963390224
60.41,-5271822.49120892,14522350.0,49.689057823347035
60.42,-5271834.8653636705,14522490.0,49.689056688390615
60.43,-5271847.587548362,14522640.0,49.68905555850765
60.44,-5271860.650937809,14522800.0,49.68905443369445
60.45,-5271874.047605477,14522950.0,49.68905331395519
60.46,-5271887.773250596,14523110.0,49.6890521993393
60.47,-5271901.826124517,14523280.0,49.68905108989027
60.48,-5271916.202706221,14523440.0,49.68904998561489
60.49,-5271930.8987806225,14523610.0,49.689048886527104
60.5,-5271945.910405632,14523780.0,49.689047792647045
60.51,-5271961.230607699,14523950.0,49.68904670396174
60.52,-5271976.851539732,14524130.0,49.68904562047465
60.53,-5271992.769664648,14524310.0,49.689044542235585
60.54,-5272008.980979391,14524490.0,49.689043469257314
60.55,-5272025.478791362,14524680.0,49.689042401527566
60.56,-5272042.259866166,14524860.0,49.689041339089755
60.57,-5272059.324208355,14525060.0,49.689040281990486
60.58,-5272076.667376466,14525250.0,49.68903923020882
60.59,-5272094.280357975,14525440.0,49.689038183710835
60.6,-5272112.157307956,14525640.0,49.68903714252821
60.61,-5272130.295784988,14525850.0,49.68903610670401
60.62,-5272148.69026332,14526050.0,49.68903507622067
60.63,-5272167.332011234,14526260.0,49.68903405105347
60.64,-5272186.213072074,14526470.0,49.689033031209526
60.65,-5272205.3290585205,14526680.0,49.68903201672312
60.66,-5272224.676711174,14526900.0,49.689031007613174
60.67,-5272244.249228576,14527110.0,49.68903000385313
60.68,-5272264.041558059,14527330.0,49.68902900546035
60.69,-5272284.049260434,14527560.0,49.6890280124442
60.7,-5272304.265035442,14527780.0,49.68902702478087
60.71,-5272324.684413205,14528010.0,49.68902604249418
60.72,-5272345.3010885045,14528240.0,49.68902506557072
60.73,-5272366.10577654,14528470.0,49.6890240939767
60.74,-5272387.0924739335,14528700.0,49.68902312773639
60.75,-5272408.255104834,14528940.0,49.689022166845284
60.76,-5272429.586096136,14529180.0,49.68902121128539
60.77,-5272451.075746941,14529420.0,49.68902026102511
60.78,-5272472.71621229,14529660.0,49.68901931607019
60.79,-5272494.499684311,14529910.0,49.68901837641113
60.8,-5272516.4191901665,14530160.0,49.68901744204211
60.81,-5272538.471329481,14530400.0,49.689016512989966
60.82,-5272560.651952403,14530660.0,49.68901558924257
60.83,-5272582.953308471,14530910.0,49.689014670757615
60.84,-5272605.367000919,14531160.0,49.68901375751448
60.85,-5272627.885751659,14531420.0,49.68901284950725
60.86,-5272650.4974776255,14531680.0,49.689011946674114
60.87,-5272673.194453516,14531940.0,49.6890110490293
60.88,-5272695.969732637,14532200.0,49.68901015656411
60.89,-5272718.813672781,14532460.0,49.6890092692326
60.9,-5272741.714499402,14532720.0,49.68900838698991
60.91,-5272764.66057978,14532990.0,49.68900750980554
60.92,-5272787.640879327,14533260.0,49.68900663765527
60.93,-5272810.643082634,14533520.0,49.68900577049463
60.94,-5272833.656211672,14533790.0,49.68900490830019
60.95,-5272856.668748686,14534060.0,49.68900405103375
60.96,-5272879.672281987,14534330.0,49.68900319868871
60.97,-5272902.65957626,14534610.0,49.68900235124598
60.98,-5272925.624461576,14534880.0,49.689001508687234
60.99,-5272948.561665145,14535150.0,49.68900067099317
61.0,-5272971.463793338,14535430.0,49.68899983811563
61.01,-5272994.327480886,14535710.0,49.6889990100626
61.02,-5273017.1492410125,14535980.0,49.688998186810394
61.03,-5273039.920906313,14536260.0,49.688997368285456
61.04,-5273062.630072984,14536540.0,49.68899655441225
61.05,-5273085.262084804,14536810.0,49.688995745121524
61.06,-5273107.805099299,14537090.0,49.68899494038928
61.07,-5273130.249695951,14537370.0,49.68899414019321
61.08,-5273152.589509151,14537650.0,49.6889933445201
61.09,-5273174.813884735,14537930.0,49.68899255328827
61.1,-5273196.908496174,14538210.0,49.68899176641491
61.11,-5273218.863541386,14538490.0,49.68899098388623
61.12,-5273240.671417709,14538770.0,49.68899020567642
61.13,-5273262.322111605,14539050.0,49.688989431716344
61.14,-5273283.809119191,14539330.0,49.688988661988034
61.15,-5273305.1241553975,14539610.0,49.688987896432046
61.16,-5273326.257035591,14539890.0,49.688987134976685
61.17,-5273347.201312446,14540170.0,49.68898637760727
61.18,-5273367.948130895,14540440.0,49.68898562425216
61.19,-5273388.486849,14540720.0,49.6889848748385
61.2,-5273408.809079511,14541000.0,49.688984129332866
61.21,-5273428.904592605,14541280.0,49.688983387660514
61.22,-5273448.759316834,14541550.0,49.68898264972522
61.23,-5273468.362509787,14541830.0,49.68898191549004
61.24,-5273487.707336328,14542100.0,49.68898118493087
61.25,-5273506.784097121,14542380.0,49.68898045796439
61.26,-5273525.581133298,14542650.0,49.688979734507335
61.27,-5273544.08522052,14542920.0,49.68897901447531
61.28,-5273562.286807816,14543190.0,49.68897829783286
61.29,-5273580.182819102,14543460.0,49.688977584578595
61.3,-5273597.767950604,14543730.0,49.68897687463602
61.31,-5273615.033297658,14544000.0,49.68897616791308
61.32,-5273631.9704487175,14544260.0,49.688975464345916
61.33,-5273648.570005007,14544530.0,49.68897476385916
61.34,-5273664.821977006,14544790.0,49.68897406637615
61.35,-5273680.715783029,14545050.0,49.68897337182114
61.36,-5273696.241672439,14545310.0,49.68897268012687
61.37,-5273711.391468594,14545570.0,49.68897199123448
61.38,-5273726.159427609,14545830.0,49.68897130509953
61.39,-5273740.539623132,14546080.0,49.68897062165183
61.4,-5273754.520988176,14546330.0,49.688969940773156
61.41,-5273768.092772938,14546580.0,49.688969262386415
61.42,-5273781.247736849,14546830.0,49.68896858644841
61.43,-5273793.981416559,14547080.0,49.688967912911615
61.44,-5273806.287517088,14547320.0,49.68896724169085
61.45,-5273818.160129705,14547570.0,49.68896657271757
61.46,-5273829.594872637,14547810.0,49.68896590593458
61.47,-5273840.5827404605,14548040.0,49.68896524122686
61.48,-5273851.114879391,14548280.0,49.68896457851561
61.49,-5273861.185266012,14548510.0,49.688963917748666
61.5,-5273870.789460715,14548740.0,49.688963258866586
61.51,-5273879.9198818635,14548970.0,49.68896260176675
61.52,-5273888.568305351,14549200.0,49.688961946361495
61.53,-5273896.726375908,14549420.0,49.68896129256998
61.54,-5273904.384182173,14549640.0,49.688960640291455
61.55,-5273911.5361793535,14549860.0,49.68895998948474
61.56,-5273918.178065968,14550070.0,49.68895934008224
61.57,-5273924.305248356,14550280.0,49.68895869200575
61.58,-5273929.911985191,14550490.0,49.68895804516644
61.59,-5273934.987965503,14550700.0,49.688957399438664
61.6,-5273939.524394762,14550900.0,49.68895675474596
61.61,-5273943.513599817,14551100.0,49.688956111012665
61.62,-5273946.946353418,14551290.0,49.6889554681351
61.63,-5273949.813864873,14551490.0,49.688954826026894
61.64,-5273952.109490749,14551680.0,49.68895418461899
61.65,-5273953.830050941,14551860.0,49.688953543859675
61.66,-5273954.969397975,14552050.0,49.68895290363708
61.67,-5273955.518751534,14552230.0,49.68895226384043
61.68,-5273955.471136786,14552400.0,49.6889516243928
61.69,-5273954.824352187,14552580.0,49.6889509852534
61.7,-5273953.575111902,14552740.0,49.688950346329804
61.71,-5273951.716478762,14552910.0,49.68894970750462
61.72,-5273949.243838642,14553070.0,49.68894906870897
61.73,-5273946.155191224,14553230.0,49.688948429882906
61.74,-5273942.45138447,14553390.0,49.68894779097343
61.75,-5273938.132588624,14553540.0,49.68894715190045
61.76,-5273933.19681289,14553680.0,49.68894651256551
61.77,-5273927.6429772405,14553830.0,49.688945872897186
61.78,-5273921.468920206,14553970.0,49.68894523280646
61.79,-5273914.671168227,14554100.0,49.68894459219941
61.8,-5273907.244590474,14554230.0,49.68894395097478
61.81,-5273899.186725628,14554360.0,49.68894330907301
61.82,-5273890.496249946,14554490.0,49.68894266642205
61.83,-5273881.16916208,14554610.0,49.68894202291621
61.84,-5273871.203962073,14554720.0,49.6889413784938
61.85,-5273860.59715576,14554830.0,49.68894073305604
61.86,-5273849.341654198,14554940.0,49.68894008648038
61.87,-5273837.433147092,14555040.0,49.68893943870214
61.88,-5273824.8739277925,14555140.0,49.68893878970123
61.89,-5273811.664304957,14555240.0,49.68893813938201
61.9,-5273797.797411901,14555330.0,49.68893748759762
61.91,-5273783.268135416,14555420.0,49.68893683427275
61.92,-5273768.078476819,14555500.0,49.688936179387376
61.93,-5273752.228964894,14555580.0,49.688935522853896
61.94,-5273735.718367276,14555650.0,49.68893486457817
61.95,-5273718.546934219,14555720.0,49.68893420449211
61.96,-5273700.710703734,14555780.0,49.68893354247869
61.97,-5273682.206847724,14555840.0,49.68893287846137
61.98,-5273663.039829244,14555900.0,49.68893221242938
61.99,-5273643.213955608,14555950.0,49.68893154431232
62.0,-5273622.733036035,14556000.0,49.68893087403891
62.01,-5273601.599981475,14556040.0,49.688930201529324
62.02,-5273579.812927322,14556080.0,49.68892952666875
62.03,-5273557.371090987,14556110.0,49.688928849387175
62.04,-5273534.27807975,14556140.0,49.68892816965093
62.05,-5273510.539850235,14556170.0,49.6889274874171
62.06,-5273486.1562803695,14556190.0,49.68892680256233
62.07,-5273461.1279924465,14556200.0,49.68892611501967
62.08,-5273435.459318221,14556220.0,49.68892542475506
62.09,-5273409.153806283,14556220.0,49.68892473169598
62.1,-5273382.214505005,14556220.0,49.688924035772715
62.11,-5273354.64082705,14556220.0,49.68892333688268
62.12,-5273326.430477794,14556210.0,49.6889226349367
62.13,-5273297.58457975,14556200.0,49.688921929892
62.14,-5273268.102780349,14556190.0,49.68892122166548
62.15,-5273237.9851287585,14556170.0,49.68892051018735
62.16,-5273207.235666973,14556140.0,49.688919795427836
62.17,-5273175.857766942,14556110.0,49.68891907731774
62.18,-5273143.854869686,14556080.0,49.688918355795415
62.19,-5273111.230884324,14556040.0,49.688917630802074
62.2,-5273077.9902462065,14556000.0,49.688916902284156
62.21,-5273044.138089147,14555950.0,49.68891617018892
62.22,-5273009.680361099,14555900.0,49.688915434467035
62.23,-5272974.623142317,14555840.0,49.68891469506841
62.24,-5272938.9693404855,14555780.0,49.68891395190633
62.25,-5272902.723811454,14555710.0,49.68891320494208
62.26,-5272865.892167374,14555640.0,49.68891245412926
62.27,-5272828.480721556,14555570.0,49.68891169942397
62.28,-5272790.49951042,14555490.0,49.68891094081285
62.29,-5272751.956319239,14555400.0,49.688910178234565
62.3,-5272712.857303304,14555320.0,49.68890941162763
62.31,-5272673.206641882,14555220.0,49.688908640926485
62.32,-5272633.01052224,14555130.0,49.68890786610289
62.33,-5272592.275321073,14555020.0,49.688907087111986
62.34,-5272551.006693162,14554920.0,49.68890630390382
62.35,-5272509.211962925,14554810.0,49.68890551645245
62.36,-5272466.898532939,14554700.0,49.6889047247169
62.37,-5272424.071775616,14554580.0,49.688903928639746
62.38,-5272380.734401252,14554450.0,49.688903128152226
62.39,-5272336.889414588,14554330.0,49.68890232321054
62.4,-5272292.541882079,14554200.0,49.68890151378888
62.41,-5272247.695631846,14554060.0,49.68890069983511
62.42,-5272202.355586954,14553920.0,49.68889988131625
62.43,-5272156.531814089,14553780.0,49.688899058244914
62.44,-5272110.234521618,14553630.0,49.68889823059326
62.45,-5272063.474287818,14553480.0,49.68889739834108
62.46,-5272016.262004739,14553320.0,49.68889656146589
62.47,-5271968.604718978,14553160.0,49.68889571990851
62.48,-5271920.507046643,14553000.0,49.68889487361411
62.49,-5271871.9752702145,14552830.0,49.68889402256752
62.5,-5271823.01967906,14552660.0,49.688893166779074
62.51,-5271773.651673129,14552480.0,49.688892306240994
62.52,-5271723.877896135,14552300.0,49.68889144088982
62.53,-5271673.704497543,14552120.0,49.688890570695946
62.54,-5271623.138555923,14551940.0,49.68888969564438
62.55,-5271572.189733801,14551750.0,49.688888815737954
62.56,-5271520.869486266,14551550.0,49.68888793098126
62.57,-5271469.187817188,14551360.0,49.688887041347805
62.58,-5271417.153617448,14551160.0,49.68888614681603
62.59,-5271364.775459885,14550950.0,49.688885247368134
62.6,-5271312.060857638,14550740.0,49.688884342983094
62.61,-5271259.02030741,14550530.0,49.68888343367564
62.62,-5271205.664390605,14550320.0,49.68888251944055
62.63,-5271152.002633754,14550100.0,49.68888160026266
62.64,-5271098.045500308,14549880.0,49.6888806761449
62.65,-5271043.801600625,14549660.0,49.688879747068384
62.66,-5270989.279909711,14549430.0,49.688878813029085
62.67,-5270934.493814052,14549200.0,49.68887787406949
62.68,-5270879.459469966,14548970.0,49.68887693022322
62.69,-5270824.190282837,14548730.0,49.6888759814804
62.7,-5270768.693594987,14548490.0,49.68887502779002
62.71,-5270712.972323053,14548250.0,49.68887406910652
62.72,-5270657.0327539155,14548000.0,49.688873105455826
62.73,-5270600.885350886,14547760.0,49.68887213687732
62.74,-5270544.540718105,14547510.0,49.688871163381194
62.75,-5270488.006751548,14547260.0,49.68887018495039
62.76,-5270431.294273776,14547000.0,49.68886920161943
62.77,-5270374.419377588,14546740.0,49.68886821345288
62.78,-5270317.396600829,14546480.0,49.6888672204631
62.79,-5270260.238808446,14546220.0,49.688866222655605
62.8,-5270202.955820564,14545960.0,49.68886522002272
62.81,-5270145.5575390225,14545690.0,49.68886421258349
62.82,-5270088.055030241,14545420.0,49.68886320036704
62.83,-5270030.457165915,14545150.0,49.68886218337316
62.84,-5269972.775404254,14544880.0,49.68886116164782
62.85,-5269915.022314761,14544600.0,49.68886013522666
62.86,-5269857.210327244,14544330.0,49.68885910413824
62.87,-5269799.353896841,14544050.0,49.68885806843298
62.88,-5269741.466545751,14543770.0,49.68885702813767
62.89,-5269683.562228464,14543490.0,49.68885598329393
62.9,-5269625.6517996555,14543200.0,49.688854933907955
62.91,-5269567.744487999,14542920.0,49.68885387999764
62.92,-5269509.851539111,14542640.0,49.68885282161396
62.93,-5269451.984340007,14542350.0,49.68885175879605
62.94,-5269394.156527851,14542060.0,49.68885069160361
62.95,-5269336.380405405,14541770.0,49.68884962006826
62.96,-5269278.66847623,14541480.0,49.68884854423555
62.97,-5269221.033331147,14541190.0,49.688847464150065
62.98,-5269163.487135499,14540900.0,49.688846379855995
62.99,-5269106.044420309,14540600.0,49.688845291423746
63.0,-5269048.719352809,14540310.0,49.68884419890286
63.01,-5268991.523285051,14540010.0,49.68884310232039
63.02,-5268934.4666843265,14539720.0,49.68884200171832
63.03,-5268877.563518769,14539420.0,49.688840897179915
63.04,-5268820.825054603,14539130.0,49.68883978873739
63.05,-5268764.260248217,14538830.0,49.688838676421426
63.06,-5268707.88217971,14538540.0,49.68883756032343
63.07,-5268651.707607232,14538240.0,49.68883644054074
63.08,-5268595.752075327,14537940.0,49.688835317130234
63.09,-5268540.026207743,14537640.0,49.688834190113845
63.1,-5268484.541108704,14537350.0,49.688833059553936
63.11,-5268429.3100166125,14537050.0,49.6888319255354
63.12,-5268374.349164104,14536760.0,49.68883078815748
63.13,-5268319.6775004985,14536460.0,49.68882964752133
63.14,-5268265.307637788,14536170.0,49.68882850364895
63.15,-5268211.248342082,14535870.0,49.68882735657428
63.16,-5268157.512330957,14535580.0,49.68882620640262
63.17,-5268104.109274047,14535290.0,49.688825053176295
63.18,-5268051.04869163,14535000.0,49.68882389696547
63.19,-5267998.340581044,14534700.0,49.68882273784384
63.2,-5267945.995873701,14534410.0,49.688821575894224
63.21,-5267894.025297663,14534120.0,49.68882041118834
63.22,-5267842.434932189,14533840.0,49.688819243757
63.23,-5267791.234117082,14533550.0,49.68881807369994
63.24,-5267740.431813705,14533260.0,49.688816901088
63.25,-5267690.038256573,14532980.0,49.68881572600857
63.26,-5267640.064386624,14532700.0,49.68881454854719
63.27,-5267590.517863935,14532420.0,49.688813368753145
63.28,-5267541.4036293365,14532140.0,49.68881218667434
63.29,-5267492.728057531,14531860.0,49.688811002394154
63.3,-5267444.4999294095,14531580.0,49.68880981601256
63.31,-5267396.731805659,14531310.0,49.68880862764357
63.32,-5267349.434565544,14531040.0,49.68880743736233
63.33,-5267302.615465125,14530770.0,49.68880624521766
63.34,-5267256.279096925,14530500.0,49.68880505126243
63.35,-5267210.432284001,14530230.0,49.6888038555927
63.36,-5267165.089157201,14529970.0,49.68880265836335
63.37,-5267120.263081407,14529710.0,49.68880145966084
63.38,-5267075.96460207,14529450.0,49.68880025955496
63.39,-5267032.203660532,14529190.0,49.68879905813054
63.4,-5266988.986743199,14528940.0,49.68879785544421
63.41,-5266946.318753381,14528690.0,49.68879665156487
63.42,-5266904.207395213,14528440.0,49.688795446602555
63.43,-5266862.661471035,14528190.0,49.68879424065674
63.44,-5266821.685926372,14527940.0,49.688793033779
63.45,-5266781.285772252,14527700.0,49.68879182605669
63.46,-5266741.47235377,14527470.0,49.68879061763399
63.47,-5266702.257895245,14527230.0,49.6887894086216
63.48,-5266663.649119975,14527000.0,49.6887881990645
63.49,-5266625.646381667,14526760.0,49.68878698899113
63.5,-5266588.250942673,14526540.0,49.68878577848786
63.51,-5266551.468737302,14526310.0,49.68878456768005
63.52,-5266515.308275016,14526090.0,49.68878335668481
63.53,-5266479.775461134,14525870.0,49.68878214557062
63.54,-5266444.870000212,14525660.0,49.688780934367735
63.55,-5266410.591136091,14525450.0,49.68877972314764
63.56,-5266376.940101137,14525240.0,49.68877851200819
63.57,-5266343.921944751,14525030.0,49.6887773010682
63.58,-5266311.541952801,14524830.0,49.68877609041824
63.59,-5266279.799664713,14524630.0,49.688774880091415
63.6,-5266248.696609152,14524430.0,49.68877367018598
63.61,-5266218.2365369275,14524240.0,49.68877246080402
63.62,-5266188.4254265465,14524050.0,49.68877125205726
63.63,-5266159.270976883,14523870.0,49.68877004405324
63.64,-5266130.778508481,14523680.0,49.68876883686424
63.65,-5266102.947709411,14523500.0,49.68876763052641
63.66,-5266075.77535651,14523330.0,49.68876642508997
63.67,-5266049.259809988,14523160.0,49.68876522064375
63.68,-5266023.404094623,14522990.0,49.68876401731086
63.69,-5265998.21300516,14522830.0,49.6887628151944
63.7,-5265973.687925024,14522660.0,49.688761614350256
63.71,-5265949.830749802,14522510.0,49.688760414866486
63.72,-5265926.6422359375,14522350.0,49.688759216815924
63.73,-5265904.121314064,14522200.0,49.68875802026078
63.74,-5265882.271751762,14522060.0,49.68875682532739
63.75,-5265861.098062684,14521920.0,49.68875563211043
63.76,-5265840.599581905,14521780.0,49.688754440648545
63.77,-5265820.774384989,14521640.0,49.688753251005984
63.78,-5265801.621165392,14521510.0,49.68875206326586
63.79,-5265783.140774628,14521380.0,49.688750877524555
63.8,-5265765.336398628,14521260.0,49.688749693887665
63.81,-5265748.210030464,14521140.0,49.688748512427836
63.82,-5265731.764005975,14521030.0,49.68874733323248
63.83,-5265715.997585486,14520910.0,49.68874615635446
63.84,-5265700.905635467,14520800.0,49.68874498182775
63.85,-5265686.484999973,14520700.0,49.68874380973864
63.86,-5265672.738266656,14520600.0,49.6887426402167
63.87,-5265659.664150574,14520500.0,49.68874147330536
63.88,-5265647.256401789,14520410.0,49.688740309030585
63.89,-5265635.513765486,14520320.0,49.688739147504556
63.9,-5265624.434523855,14520240.0,49.688737988796746
63.91,-5265614.017520702,14520160.0,49.68873683298408
63.92,-5265604.261763967,14520080.0,49.688735680142685
63.93,-5265595.163348932,14520010.0,49.688734530315045
63.94,-5265586.7168756155,14519940.0,49.68873338355244
63.95,-5265578.916470814,14519880.0,49.688732239912795
63.96,-5265571.756527775,14519810.0,49.68873109945902
63.97,-5265565.232048826,14519760.0,49.688729962257824
63.98,-5265559.342863865,14519700.0,49.68872882841743
63.99,-5265554.0917049255,14519660.0,49.688727698036786
64.0,-5265549.475494656,14519610.0,49.68872657113623
64.01,-5265545.492341009,14519570.0,49.68872544779038
64.02,-5265542.140742473,14519530.0,49.68872432806874
64.03,-5265539.416340862,14519500.0,49.68872321201051
64.04,-5265537.313338858,14519470.0,49.68872209966071
64.05,-5265535.825978082,14519440.0,49.68872099107537
64.06,-5265534.948767173,14519420.0,49.68871988631334
64.07,-5265534.673804188,14519400.0,49.68871878540352
64.08,-5265534.992195262,14519390.0,49.68871768838733
64.09,-5265535.89975075,14519380.0,49.688716595355295
64.1,-5265537.391583398,14519370.0,49.688715506356516
64.11,-5265539.464158115,14519370.0,49.68871442145606
64.12,-5265542.118885468,14519380.0,49.68871334075853
64.13,-5265545.35364321,14519380.0,49.688712264293294
64.14,-5265549.161399809,14519390.0,49.68871119206999
64.15,-5265553.533849305,14519400.0,49.68871012411925
64.16,-5265558.46294679,14519420.0,49.688709060489025
64.17,-5265563.943017586,14519440.0,49.688708001241885
64.18,-5265569.967173126,14519460.0,49.688706946414065
64.19,-5265576.530442166,14519490.0,49.688705896063865
64.2,-5265583.626128551,14519520.0,49.688704850223175
64.21,-5265591.245863935,14519560.0,49.68870380891353
64.22,-5265599.385758098,14519600.0,49.68870277221762
64.23,-5265608.043275965,14519640.0,49.68870174019318
64.24,-5265617.2152465265,14519690.0,49.688700712882536
64.25,-5265626.896892518,14519740.0,49.688699690314166
64.26,-5265637.081427546,14519790.0,49.68869867251017
64.27,-5265647.763812158,14519850.0,49.688697659524586
64.28,-5265658.9353446225,14519910.0,49.68869665136076
64.29,-5265670.585418382,14519980.0,49.68869564802851
64.3,-5265682.705392384,14520040.0,49.688694649573925
64.31,-5265695.288140169,14520120.0,49.6886936560407
64.32,-5265708.32754084,14520190.0,49.688692667469155
64.33,-5265721.81865257,14520270.0,49.68869168390186
64.34,-5265735.753555651,14520350.0,49.68869070534305
64.35,-5265750.119863474,14520440.0,49.688689731774865
64.36,-5265764.907606699,14520530.0,49.68868876323528
64.37,-5265780.109353334,14520620.0,49.6886877997694
64.38,-5265795.717023939,14520710.0,49.68868684139428
64.39,-5265811.720180498,14520810.0,49.688685888106924
64.4,-5265828.109154801,14520910.0,49.68868493992935
64.41,-5265844.876816975,14521020.0,49.68868399690238
64.42,-5265862.0162454825,14521130.0,49.68868305904801
64.43,-5265879.523633946,14521240.0,49.68868212641446
64.44,-5265897.391574673,14521350.0,49.68868119899209
64.45,-5265915.614463328,14521470.0,49.68868027681485
64.46,-5265934.186395018,14521590.0,49.68867935989905
64.47,-5265953.098143346,14521710.0,49.6886784482293
64.48,-5265972.341881967,14521840.0,49.688677541829755
64.49,-5265991.911473069,14521970.0,49.68867664072857
64.5,-5266011.802015758,14522100.0,49.68867574495338
64.51,-5266032.0068289405,14522240.0,49.688674854501336
64.52,-5266052.519042522,14522370.0,49.6886739693838
64.53,-5266073.329374539,14522510.0,49.68867308958724
64.54,-5266094.429430357,14522660.0,49.688672215123034
64.55,-5266115.812787664,14522800.0,49.688671346018594
64.56,-5266137.4695878215,14522950.0,49.6886704822455
64.57,-5266159.386698294,14523100.0,49.68866962377292
64.58,-5266181.552548321,14523260.0,49.68866877060661
64.59,-5266203.955993181,14523410.0,49.68866792274542
64.6,-5266226.586600258,14523570.0,49.68866708018862
64.61,-5266249.434536921,14523730.0,49.68866624293583
64.62,-5266272.491369879,14523900.0,49.68866541099296
64.63,-5266295.750068739,14524060.0,49.688664584370805
64.64,-5266319.202274251,14524230.0,49.688663763051416
64.65,-5266342.840289529,14524400.0,49.68866294703606
64.66,-5266366.654859329,14524570.0,49.68866213630234
64.67,-5266390.6345963515,14524750.0,49.688661330818725
64.68,-5266414.769623058,14524930.0,49.68866053058208
64.69,-5266439.049979912,14525100.0,49.688659735579385
64.7,-5266463.469500255,14525290.0,49.68865894583154
64.71,-5266488.023939306,14525470.0,49.688658161347696
64.72,-5266512.706306176,14525660.0,49.68865738209838
64.73,-5266537.509079487,14525840.0,49.68865660806263
64.74,-5266562.424718959,14526030.0,49.68865583922953
64.75,-5266587.451193008,14526220.0,49.688655075638025
64.76,-5266612.586977803,14526420.0,49.68865431728901
64.77,-5266637.821257039,14526610.0,49.68865356408865
64.78,-5266663.144441086,14526800.0,49.68865281602373
64.79,-5266688.549480793,14527000.0,49.688652073099945
64.8,-5266714.027201064,14527200.0,49.688651335276155
64.81,-5266739.570170618,14527400.0,49.68865060254904
64.82,-5266765.168375488,14527600.0,49.68864987487116
64.83,-5266790.811093162,14527810.0,49.688649152208704
64.84,-5266816.491506691,14528010.0,49.68864843457156
64.85,-5266842.202611546,14528220.0,49.68864772193626
64.86,-5266867.935334662,14528420.0,49.688647014256624
64.87,-5266893.681093681,14528630.0,49.6886463115109
64.88,-5266919.430202624,14528840.0,49.68864561365829
64.89,-5266945.175459287,14529060.0,49.68864492069157
64.9,-5266970.909872075,14529270.0,49.688644232585446
64.91,-5266996.623184443,14529480.0,49.68864354927771
64.92,-5267022.3028355595,14529690.0,49.688642870710204
64.93,-5267047.939824128,14529910.0,49.68864219687647
64.94,-5267073.527919538,14530120.0,49.68864152776644
64.95,-5267099.056374692,14530340.0,49.688640863305736
64.96,-5267124.517607815,14530560.0,49.68864020348293
64.97,-5267149.903734295,14530770.0,49.68863954825941
64.98,-5267175.205768186,14530990.0,49.688638897587936
64.99,-5267200.4169246545,14531210.0,49.68863825144768
65.0,-5267225.531029939,14531430.0,49.688637609809646
65.01,-5267250.538362961,14531650.0,49.6886369726003
65.02,-5267275.427527042,14531870.0,49.6886363397596
65.03,-5267300.194392508,14532090.0,49.68863571130992
65.04,-5267324.8361883825,14532320.0,49.68863508722903
65.05,-5267349.344553568,14532540.0,49.688634467430646
65.06,-5267373.713785819,14532760.0,49.68863385189465
65.07,-5267397.937315311,14532980.0,49.68863324057314
65.08,-5267422.00736061,14533200.0,49.6886326334121
65.09,-5267445.91805988,14533420.0,49.68863203038275
65.1,-5267469.664108066,14533650.0,49.68863143145011
65.11,-5267493.240245447,14533870.0,49.688630836571775
65.12,-5267516.641485715,14534090.0,49.688630245708985
65.13,-5267539.859469624,14534310.0,49.68862965878463
65.14,-5267562.885305867,14534540.0,49.688629075742774
65.15,-5267585.714185632,14534760.0,49.68862849657397
65.16,-5267608.338383613,14534980.0,49.68862792120197
65.17,-5267630.750327984,14535200.0,49.68862734957876
65.18,-5267652.944766271,14535420.0,49.68862678167582
65.19,-5267674.913243584,14535640.0,49.6886262174121
65.2,-5267696.648425559,14535860.0,49.68862565674607
65.21,-5267718.143417371,14536080.0,49.68862509962581
65.22,-5267739.391650909,14536300.0,49.68862454600379
65.23,-5267760.390874602,14536520.0,49.68862399586877
65.24,-5267781.138263475,14536740.0,49.68862344917
65.25,-5267801.627625434,14536960.0,49.688622905829064
65.26,-5267821.848595079,14537170.0,49.688622365749005
65.27,-5267841.789985484,14537390.0,49.68862182886038
65.28,-5267861.442749452,14537600.0,49.688621295115595
65.29,-5267880.801523521,14537820.0,49.68862076449059
65.3,-5267899.86212984,14538030.0,49.68862023694116
65.31,-5267918.616963331,14538240.0,49.68861971237801
65.32,-5267937.059712952,14538460.0,49.688619190753705
65.33,-5267955.18855616,14538670.0,49.68861867205393
65.34,-5267973.000870486,14538880.0,49.68861815621905
65.35,-5267990.49015432,14539080.0,49.68861764315994
65.36,-5268007.652741548,14539290.0,49.68861713284152
65.37,-5268024.483249806,14539500.0,49.68861662519382
65.38,-5268040.97771043,14539700.0,49.688616120170124
65.39,-5268057.133970901,14539910.0,49.68861561773261
65.4,-5268072.949818875,14540110.0,49.68861511782676
65.41,-5268088.424805571,14540310.0,49.68861462041714
65.42,-5268103.558426647,14540510.0,49.688614125453405
65.43,-5268118.345050342,14540710.0,49.68861363283436
65.44,-5268132.779489267,14540900.0,49.688613142504934
65.45,-5268146.860021775,14541100.0,49.68861265443651
65.46,-5268160.582930025,14541290.0,49.68861216855871
65.47,-5268173.94374868,14541490.0,49.688611684803234
65.48,-5268186.937604982,14541680.0,49.68861120310888
65.49,-5268199.560300476,14541870.0,49.68861072341924
65.5,-5268211.808825585,14542050.0,49.68861024568709
65.51,-5268223.681932457,14542240.0,49.68860976987137
65.52,-5268235.176720227,14542420.0,49.68860929590256
65.53,-5268246.291081285,14542610.0,49.68860882372937
65.54,-5268257.024615027,14542790.0,49.6886083533138
65.55,-5268267.376238727,14542970.0,49.68860788459464
65.56,-5268277.346180328,14543140.0,49.688607417532815
65.57,-5268286.933816258,14543320.0,49.68860695206679
65.58,-5268296.136586573,14543490.0,49.68860648812518
65.59,-5268304.95312433,14543670.0,49.688606025663
65.6,-5268313.377901935,14543840.0,49.688605564583334
65.61,-5268321.406178503,14544000.0,49.688605104830444
65.62,-5268329.036452231,14544170.0,49.68860464637315
65.63,-5268336.26482693,14544330.0,49.68860418913283
65.64,-5268343.089621882,14544500.0,49.68860373306915
65.65,-5268349.509724801,14544660.0,49.688603278131346
65.66,-5268355.52054729,14544820.0,49.6886028242291
65.67,-5268361.119201844,14544970.0,49.688602371316456
65.68,-5268366.307526352,14545130.0,49.68860191938015
65.69,-5268371.090044414,14545280.0,49.68860146839809
65.7,-5268375.472946277,14545430.0,49.68860101834193
65.71,-5268379.462839279,14545580.0,49.68860056917912
65.72,-5268383.062873825,14545730.0,49.68860012083595
65.73,-5268386.274216342,14545870.0,49.68859967324866
65.74,-5268389.096557174,14546010.0,49.68859922635582
65.75,-5268391.529531529,14546150.0,49.68859878010471
65.76,-5268393.572662349,14546290.0,49.68859833444373
65.77,-5268395.222282807,14546430.0,49.68859788929042
65.78,-5268396.477397859,14546560.0,49.68859744461271
65.79,-5268397.342711155,14546700.0,49.68859700041572
65.8,-5268397.823054671,14546830.0,49.68859655665992
65.81,-5268397.916094842,14546950.0,49.68859611323569
65.82,-5268397.616246661,14547080.0,49.688595670056166
65.83,-5268396.920478098,14547200.0,49.68859522708557
65.84,-5268395.828430473,14547320.0,49.68859478429323
65.85,-5268394.338094227,14547440.0,49.688594341614525
65.86,-5268392.4481982,14547560.0,49.688593899000416
65.87,-5268390.162314434,14547680.0,49.68859345644724
65.88,-5268387.484026479,14547790.0,49.688593013913454
65.89,-5268384.414308061,14547900.0,49.688592571331384
65.9,-5268380.953568028,14548010.0,49.68859212864912
65.91,-5268377.103187534,14548120.0,49.68859168582785
65.92,-5268372.8623882495,14548220.0,49.68859124280116
65.93,-5268368.230791312,14548320.0,49.688590799523475
65.94,-5268363.209444063,14548420.0,49.688590355960166
65.95,-5268357.798202261,14548520.0,49.68858991205362
65.96,-5268351.997892554,14548620.0,49.68858946776454
65.97,-5268345.811454596,14548710.0,49.68858902306884
65.98,-5268339.240812113,14548800.0,49.688588577916676
65.99,-5268332.28960564,14548890.0,49.688588132280486
66.0,-5268324.963709662,14548980.0,49.68858768614503
66.01,-5268317.264684812,14549060.0,49.688587239434426
66.02,-5268309.193813055,14549150.0,49.68858679210337
66.03,-5268300.750045486,14549230.0,49.68858634408686
66.04,-5268291.92999651,14549300.0,49.68858589531454
66.05,-5268282.731129207,14549380.0,49.688585445742476
66.06,-5268273.150560761,14549450.0,49.68858499531599
66.07,-5268263.187739936,14549520.0,49.688584544008656
66.08,-5268252.846561355,14549590.0,49.68858409181731
66.09,-5268242.1285953205,14549660.0,49.68858363868084
66.1,-5268231.033309919,14549720.0,49.68858318453848
66.11,-5268219.561769827,14549780.0,49.68858272936029
66.12,-5268207.711739537,14549840.0,49.688582273070594
66.13,-5268195.482518879,14549900.0,49.688581815636184
66.14,-5268182.877568196,14549950.0,49.68858135705226
66.15,-5268169.898763178,14550000.0,49.688580897266306
66.16,-5268156.546846771,14550050.0,49.68858043622807
66.17,-5268142.821768238,14550100.0,49.68857997388714
66.18,-5268128.723194055,14550140.0,49.688579510197286
66.19,-5268114.254553157,14550180.0,49.688579045152146
66.2,-5268099.421507716,14550220.0,49.68857857873928
66.21,-5268084.227627783,14550260.0,49.6885781109068
66.22,-5268068.675468756,14550290.0,49.68857764161163
66.23,-5268052.7636055695,14550320.0,49.68857717077693
66.24,-5268036.489187099,14550350.0,49.68857669834522
66.25,-5268019.852890349,14550380.0,49.688576224304825
66.26,-5268002.854883295,14550400.0,49.688575748609956
66.27,-5267985.492031302,14550420.0,49.68857527118901
66.28,-5267967.764898119,14550440.0,49.68857479202844
66.29,-5267949.672797359,14550450.0,49.688574311078
66.3,-5267931.21282063,14550470.0,49.68857382827181
66.31,-5267912.385473553,14550480.0,49.68857334359773
66.32,-5267893.195311133,14550480.0,49.68857285705431
66.33,-5267873.646389008,14550490.0,49.688572368607666
66.34,-5267853.736905524,14550490.0,49.6885718781667
66.35,-5267833.463404033,14550490.0,49.688571385670585
66.36,-5267812.826923206,14550490.0,49.68857089111869
66.37,-5267791.829589131,14550480.0,49.68857039448126
66.38,-5267770.472224614,14550470.0,49.688569895712504
66.39,-5267748.757138209,14550460.0,49.688569394787294
66.4,-5267726.685506576,14550440.0,49.68856889166183
66.41,-5267704.256516852,14550420.0,49.68856838627842
66.42,-5267681.470495889,14550400.0,49.68856787860771
66.43,-5267658.330508683,14550380.0,49.68856736864018
66.44,-5267634.839971808,14550360.0,49.688566856346874
66.45,-5267611.0011156555,14550330.0,49.68856634168412
66.46,-5267586.817602793,14550300.0,49.68856582463571
66.47,-5267562.292707967,14550260.0,49.688565305165824
66.48,-5267537.428006451,14550220.0,49.688564783229715
66.49,-5267512.226503984,14550180.0,49.68856425880854
66.5,-5267486.690873769,14550140.0,49.68856373186857
66.51,-5267460.822144957,14550100.0,49.68856320236459
66.52,-5267434.623174639,14550050.0,49.688562670281364
66.53,-5267408.096315991,14550000.0,49.6885621355856
66.54,-5267381.242847138,14549940.0,49.688561598236305
66.55,-5267354.065589787,14549880.0,49.68856105821888
66.56,-5267326.56731747,14549820.0,49.688560515504186
66.57,-5267298.749558707,14549760.0,49.688559970051614
66.58,-5267270.615557126,14549700.0,49.68855942185027
66.59,-5267242.168395202,14549630.0,49.68855887087084
66.6,-5267213.409740154,14549560.0,49.68855831707571
66.61,-5267184.346963577,14549480.0,49.688557760491705
66.62,-5267154.988881744,14549410.0,49.68855720111882
66.63,-5267125.3361855885,14549320.0,49.688556638864604
66.64,-5267095.3875178285,14549240.0,49.688556073679635
66.65,-5267065.145964213,14549160.0,49.688555505577554
66.66,-5267034.612397284,14549070.0,49.68855493451152
66.67,-5267003.7850149665,14548980.0,49.68855436042843
66.68,-5266972.662696023,14548880.0,49.68855378330249
66.69,-5266941.243463153,14548790.0,49.68855320309337
66.7,-5266909.527330144,14548690.0,49.688552619787636
66.71,-5266877.5138564585,14548580.0,49.68855203335061
66.72,-5266845.200892421,14548480.0,49.68855144373674
66.73,-5266812.591527186,14548370.0,49.68855085096238
66.74,-5266779.689656945,14548260.0,49.68855025501464
66.75,-5266746.498277345,14548150.0,49.68854965586309
66.76,-5266713.0250658,14548030.0,49.688549053533805
66.77,-5266679.27811923,14547920.0,49.68854844801917
66.78,-5266645.263447688,14547790.0,49.688547839290266
66.79,-5266610.987134557,14547670.0,49.68854722733293
66.8,-5266576.456134489,14547540.0,49.68854661214671
66.81,-5266541.67907333,14547420.0,49.68854599373771
66.82,-5266506.658616182,14547280.0,49.68854537204184
66.83,-5266471.394928603,14547150.0,49.68854474701902
66.84,-5266435.891254932,14547010.0,49.68854411867644
66.85,-5266400.149367117,14546870.0,49.688543486985985
66.86,-5266364.171042656,14546730.0,49.688542851929256
66.87,-5266327.962110554,14546580.0,49.688542213529686
66.88,-5266291.52693383,14546440.0,49.68854157176503
66.89,-5266254.865670507,14546290.0,49.68854092658182
66.9,-5266217.979562756,14546140.0,49.688540277971896
66.91,-5266180.8741307845,14545980.0,49.6885396259613
66.92,-5266143.556904071,14545820.0,49.68853897056272
66.93,-5266106.032126688,14545660.0,49.68853831174122
66.94,-5266068.301318913,14545500.0,49.68853764946149
66.95,-5266030.371134408,14545340.0,49.68853698376055
66.96,-5265992.249611972,14545170.0,49.6885363146502
66.97,-5265953.940708332,14545000.0,49.68853564209119
66.98,-5265915.44804896,14544830.0,49.6885349660735
66.99,-5265876.776978703,14544660.0,49.688534286608345
67.0,-5265837.928012704,14544480.0,49.68853360364443
67.01,-5265798.900984268,14544300.0,49.68853291716292
67.02,-5265759.700228844,14544120.0,49.688532227194955
67.03,-5265720.326674258,14543940.0,49.68853153370234
67.04,-5265680.784385526,14543760.0,49.688530836706185
67.05,-5265641.079660898,14543570.0,49.688530136224436
67.06,-5265601.217219372,14543380.0,49.68852943224399
67.07,-5265561.204812544,14543190.0,49.688528724793294
67.08,-5265521.047932483,14543000.0,49.688528013857
67.09,-5265480.751002744,14542810.0,49.68852729942492
67.1,-5265440.320623841,14542610.0,49.68852658152109
67.11,-5265399.764097029,14542410.0,49.688525860158606
67.12,-5265359.088286291,14542210.0,49.68852513533959
67.13,-5265318.298192571,14542010.0,49.68852440705515
67.14,-5265277.400140266,14541810.0,49.68852367532398
67.15,-5265236.40331911,14541600.0,49.688522940180974
67.16,-5265195.316144203,14541400.0,49.688522201635635
67.17,-5265154.144202543,14541190.0,49.688521459674966
67.18,-5265112.888935252,14540980.0,49.688520714265785
67.19,-5265071.550248538,14540760.0,49.68851996539522
67.2,-5265030.131923485,14540550.0,49.688519213099546
67.21,-5264988.640485999,14540340.0,49.68851845741227
67.22,-5264947.080312883,14540120.0,49.68851769832662
67.23,-5264905.458641156,14539900.0,49.68851693587876
67.24,-5264863.787227742,14539680.0,49.68851617012978
67.25,-5264822.071761389,14539460.0,49.688515401047745
67.26,-5264780.317773957,14539240.0,49.68851462864392
67.27,-5264738.532235586,14539020.0,49.688513852948475
67.28,-5264696.717916681,14538790.0,49.68851307393866
67.29,-5264654.880842503,14538570.0,49.68851229165711
67.3,-5264613.030073323,14538340.0,49.68851150615326
67.31,-5264571.174292829,14538110.0,49.68851071744644
67.32,-5264529.322149034,14537880.0,49.688509925564944
67.33,-5264487.483051941,14537650.0,49.68850913054108
67.34,-5264445.666719499,14537420.0,49.68850833240733
67.35,-5264403.87873345,14537190.0,49.68850753115459
67.36,-5264362.122238512,14536960.0,49.6885067267798
67.37,-5264320.401526365,14536720.0,49.688505919314146
67.38,-5264278.720727819,14536490.0,49.688505108777115
67.39,-5264237.082558711,14536250.0,49.688504295175925
67.4,-5264195.491336582,14536010.0,49.68850347854376
67.41,-5264153.9536115015,14535780.0,49.68850265892804
67.42,-5264112.47537931,14535540.0,49.68850183634862
67.43,-5264071.0630489625,14535300.0,49.68850101083928
67.44,-5264029.724127343,14535060.0,49.68850018243847
67.45,-5263988.463175994,14534820.0,49.68849935114954
67.46,-5263947.28710338,14534580.0,49.68849851702247
67.47,-5263906.20727918,14534340.0,49.68849768013449
67.48,-5263865.233276963,14534100.0,49.68849684050976
67.49,-5263824.372413754,14533860.0,49.688495998166125
67.5,-5263783.632821575,14533620.0,49.68849515314879
67.51,-5263743.017465944,14533380.0,49.68849430544388
67.52,-5263702.528349885,14533140.0,49.68849345507133
67.53,-5263662.171925123,14532890.0,49.68849260210081
67.54,-5263621.954544337,14532650.0,49.68849174656966
67.55,-5263581.883372641,14532410.0,49.688490888522026
67.56,-5263541.966161629,14532170.0,49.688490028004104
67.57,-5263502.2110798415,14531930.0,49.688489165060325
67.58,-5263462.625688025,14531680.0,49.68848829973041
67.59,-5263423.216709615,14531440.0,49.68848743204693
67.6,-5263383.992820908,14531200.0,49.688486562072214
67.61,-5263344.96197757,14530960.0,49.688485689846765
67.62,-5263306.130159098,14530720.0,49.68848481539662
67.63,-5263267.507290355,14530480.0,49.6884839388043
67.64,-5263229.102692523,14530240.0,49.68848306011583
67.65,-5263190.9224032285,14530000.0,49.68848217935124
67.66,-5263152.970820873,14529760.0,49.68848129653917
67.67,-5263115.251498309,14529520.0,49.68848041171477
67.68,-5263077.771129705,14529280.0,49.68847952495037
67.69,-5263040.537449886,14529040.0,49.688478636305454
67.7,-5263003.553994227,14528800.0,49.68847774579018
67.71,-5262966.824646984,14528570.0,49.68847685344993
67.72,-5262930.355066774,14528330.0,49.6884759593481
67.73,-5262894.1540586455,14528100.0,49.688475063564994
67.74,-5262858.233239971,14527860.0,49.68847416618431
67.75,-5262822.602887471,14527630.0,49.68847326725642
67.76,-5262787.268856588,14527400.0,49.68847236679868
67.77,-5262752.234621874,14527170.0,49.68847146484086
67.78,-5262717.505715902,14526940.0,49.6884705614515
67.79,-5262683.084491702,14526710.0,49.68846965665172
67.8,-5262648.974559685,14526480.0,49.68846875050236
67.81,-5262615.182671286,14526250.0,49.68846784308271
67.82,-5262581.715763535,14526030.0,49.68846693445354
67.83,-5262548.578737043,14525800.0,49.688466024651326
67.84,-5262515.773026255,14525580.0,49.68846511369621
67.85,-5262483.302802199,14525360.0,49.68846420166323
67.86,-5262451.174580409,14525140.0,49.68846328862845
67.87,-5262419.396542928,14524920.0,49.688462374668305
67.88,-5262387.977687641,14524700.0,49.688461459852874
67.89,-5262356.922872531,14524490.0,49.688460544208255
67.9,-5262326.234058978,14524270.0,49.68845962776117
67.91,-5262295.913780637,14524060.0,49.688458710571155
67.92,-5262265.967538244,14523850.0,49.68845779272015
67.93,-5262236.4006158225,14523640.0,49.688456874265626
67.94,-5262207.219960633,14523440.0,49.68845595528416
67.95,-5262178.434244281,14523230.0,49.68845503585779
67.96,-5262150.050390862,14523030.0,49.68845411603692
67.97,-5262122.074427343,14522830.0,49.688453195879305
67.98,-5262094.512108124,14522630.0,49.68845227544513
67.99,-5262067.368515435,14522430.0,49.68845135479313
68.0,-5262040.651647712,14522240.0,49.68845043401618
68.01,-5262014.369976473,14522040.0,49.6884495131889
68.02,-5261988.531136783,14521860.0,49.688448592374165
68.03,-5261963.139816661,14521670.0,49.68844767161617
68.04,-5261938.201453749,14521480.0,49.68844675098586
68.05,-5261913.722522085,14521300.0,49.68844583056259
68.06,-5261889.7040383145,14521120.0,49.688444910360886
68.07,-5261866.148329321,14520940.0,49.68844399045385
68.08,-5261843.06251162,14520760.0,49.68844307095128
68.09,-5261820.452918703,14520590.0,49.68844215191711
68.1,-5261798.324928098,14520420.0,49.688441233414515
68.11,-5261776.682674029,14520250.0,49.68844031549964
68.12,-5261755.528360456,14520080.0,49.68843939822292
68.13,-5261734.861971323,14519920.0,49.68843848162386
68.14,-5261714.684342227,14519760.0,49.688437565771956
68.15,-5261694.998644178,14519600.0,49.68843665075086
68.16,-5261675.811301191,14519440.0,49.688435736658114
68.17,-5261657.131200597,14519290.0,49.68843482359273
68.18,-5261638.965710152,14519140.0,49.68843391161892
68.19,-5261621.321472011,14519000.0,49.68843300080585
68.2,-5261604.204400872,14518860.0,49.688432091223234
68.21,-5261587.619682135,14518720.0,49.68843118293796
68.22,-5261571.567268195,14518580.0,49.6884302759726
68.23,-5261556.047449947,14518440.0,49.68842937039225
68.24,-5261541.066499209,14518310.0,49.68842846632161
68.25,-5261526.628876627,14518190.0,49.68842756381889
68.26,-5261512.736201386,14518060.0,49.6884266629286
68.27,-5261499.389580511,14517940.0,49.68842576371372
68.28,-5261486.595306142,14517820.0,49.6884248662904
68.29,-5261474.358714029,14517710.0,49.68842397072963
68.3,-5261462.686118623,14517600.0,49.68842307711468
68.31,-5261451.583219899,14517490.0,49.68842218551975
68.32,-5261441.0519675845,14517390.0,49.6884212959854
68.33,-5261431.094996656,14517290.0,49.68842040858761
68.34,-5261421.7144323485,14517190.0,49.688419523394515
68.35,-5261412.914909105,14517100.0,49.68841864050055
68.36,-5261404.700613586,14517010.0,49.68841775997887
68.37,-5261397.073858892,14516930.0,49.6884168818859
68.38,-5261390.037188338,14516850.0,49.6884160062975
68.39,-5261383.5949146375,14516770.0,49.688415133301795
68.4,-5261377.74913531,14516700.0,49.6884142629548
68.41,-5261372.501721642,14516630.0,49.68841339532624
68.42,-5261367.854489069,14516560.0,49.68841253048764
68.43,-5261363.80982388,14516500.0,49.6884116685153
68.44,-5261360.373647878,14516440.0,49.68841080951913
68.45,-5261357.553717634,14516390.0,49.68840995359714
68.46,-5261355.353873488,14516340.0,49.68840910079669
68.47,-5261353.7749985,14516300.0,49.68840825116466
68.48,-5261352.8184302,14516250.0,49.688407404777806
68.49,-5261352.484480089,14516220.0,49.688406561698514
68.5,-5261352.775280361,14516180.0,49.68840572201449
68.51,-5261353.6919961665,14516160.0,49.68840488578949
68.52,-5261355.229580521,14516130.0,49.688404053034056
68.53,-5261357.385192671,14516110.0,49.68840322382821
68.54,-5261360.158545561,14516100.0,49.68840239826025
68.55,-5261363.54917691,14516080.0,49.6884015763939
68.56,-5261367.5534285605,14516080.0,49.68840075826608
68.57,-5261372.16386866,14516070.0,49.68839994389759
68.58,-5261377.375892611,14516080.0,49.68839913336694
68.59,-5261383.1876731785,14516080.0,49.68839832675824
68.6,-5261389.6003954075,14516090.0,49.688397524162305
68.61,-5261396.613819276,14516110.0,49.68839672563262
68.62,-5261404.224224666,14516130.0,49.6883959311989
68.63,-5261412.430500148,14516150.0,49.68839514094302
68.64,-5261421.233750613,14516180.0,49.68839435494881
68.65,-5261430.63342781,14516210.0,49.68839357326565
68.66,-5261440.624818849,14516250.0,49.688392795915796
68.67,-5261451.202113054,14516290.0,49.68839202293888
68.68,-5261462.363243029,14516330.0,49.688391254424026
68.69,-5261474.109381173,14516380.0,49.68839049046079
68.7,-5261486.436969793,14516440.0,49.68838973106492
68.71,-5261499.340843531,14516500.0,49.68838897627523
68.72,-5261512.819638998,14516560.0,49.68838822617863
68.73,-5261526.867940294,14516620.0,49.68838748079073
68.74,-5261541.479403124,14516700.0,49.68838674015223
68.75,-5261556.65245108,14516770.0,49.6883860043541
68.76,-5261572.382195627,14516850.0,49.688385273417836
68.77,-5261588.663733026,14516940.0,49.68838454739191
68.78,-5261605.4939678665,14517020.0,49.6883838263381
68.79,-5261622.868996287,14517120.0,49.688383110300435
68.8,-5261640.782907281,14517210.0,49.688382399304345
68.81,-5261659.227435818,14517310.0,49.68838169336836
68.82,-5261678.199194168,14517420.0,49.688380992578566
68.83,-5261697.696663905,14517530.0,49.68838029699846
68.84,-5261717.710968927,14517640.0,49.688379606604286
68.85,-5261738.2325814245,14517760.0,49.68837892142189
68.86,-5261759.254739448,14517880.0,49.68837824150901
68.87,-5261780.772599084,14518010.0,49.68837756692106
68.88,-5261802.778737436,14518130.0,49.68837689766904
68.89,-5261825.261265703,14518270.0,49.688376233740556
68.9,-5261848.2139615165,14518400.0,49.68837557521423
68.91,-5261871.6311544655,14518540.0,49.68837492212664
68.92,-5261895.501573068,14518690.0,49.68837427445431
68.93,-5261919.812319835,14518840.0,49.688373632200644
68.94,-5261944.555705557,14518990.0,49.68837299543165
68.95,-5261969.725387363,14519140.0,49.688372364184936
68.96,-5261995.3113573985,14519300.0,49.6883717384491
68.97,-5262021.308025683,14519470.0,49.68837111828725
68.98,-5262047.711894783,14519630.0,49.6883705037435
68.99,-5262074.512732315,14519800.0,49.68836989478197
69.0,-5262101.700848322,14519980.0,49.68836929142014
69.01,-5262129.2667547865,14520150.0,49.68836869367579
69.02,-5262157.202875758,14520330.0,49.68836810157959
69.03,-5262185.5033812355,14520520.0,49.688367515166334
69.04,-5262214.157980142,14520700.0,49.6883669344093
69.05,-5262243.1596592795,14520890.0,49.68836635934996
69.06,-5262272.501386409,14521090.0,49.68836579000332
69.07,-5262302.17206427,14521280.0,49.6883652263408
69.08,-5262332.16113633,14521480.0,49.688364668371406
69.09,-5262362.4583032755,14521680.0,49.688364116101816
69.1,-5262393.053979596,14521890.0,49.68836356954065
69.11,-5262423.939637361,14522100.0,49.68836302870185
69.12,-5262455.104731688,14522310.0,49.688362493568725
69.13,-5262486.5393171115,14522520.0,49.688361964146246
69.14,-5262518.23176972,14522740.0,49.68836144041553
69.15,-5262550.168669067,14522950.0,49.688360922352274
69.16,-5262582.342201884,14523180.0,49.68836041000018
69.17,-5262614.7434518505,14523400.0,49.688359903347525
69.18,-5262647.359490646,14523620.0,49.688359402349334
69.19,-5262680.179237494,14523850.0,49.68835890701003
69.2,-5262713.193862768,14524080.0,49.68835841733847
69.21,-5262746.393317544,14524320.0,49.68835793331568
69.22,-5262779.769065931,14524550.0,49.6883574549439
69.23,-5262813.311695512,14524790.0,49.688356982204596
69.24,-5262847.010801241,14525030.0,49.68835651507358
69.25,-5262880.85441317,14525270.0,49.68835605352053
69.26,-5262914.82648526,14525520.0,49.68835559748236
69.27,-5262948.913153681,14525760.0,49.68835514694918
69.28,-5262983.102799355,14526010.0,49.68835470191584
69.29,-5263017.3834892865,14526260.0,49.68835426235291
69.3,-5263051.745255271,14526510.0,49.688353828252275
69.31,-5263086.177876433,14526760.0,49.68835339958852
69.32,-5263120.67082168,14527010.0,49.68835297633045
69.33,-5263155.2129070675,14527270.0,49.68835255844396
69.34,-5263189.793149026,14527530.0,49.68835214590056
69.35,-5263224.40150574,14527780.0,49.68835173867785
69.36,-5263259.030076258,14528040.0,49.688351336766054
69.37,-5263293.66997169,14528300.0,49.6883509401283
69.38,-5263328.310742936,14528570.0,49.68835054871737
69.39,-5263362.943454072,14528830.0,49.688350162515235
69.4,-5263397.556127332,14529090.0,49.688349781457354
69.41,-5263432.135445159,14529360.0,49.68834940548921
69.42,-5263466.671476723,14529620.0,49.68834903460163
69.43,-5263501.153982391,14529890.0,49.688348668751544
69.44,-5263535.574635457,14530160.0,49.68834830791592
69.45,-5263569.923892762,14530420.0,49.688347952047394
69.46,-5263604.187515599,14530690.0,49.68834760105499
69.47,-5263638.355276842,14530960.0,49.688347254928246
69.48,-5263672.419375441,14531230.0,49.6883469136444
69.49,-5263706.370396564,14531500.0,49.68834657714652
69.5,-5263740.19901718,14531770.0,49.68834624538813
69.51,-5263773.893441995,14532040.0,49.68834591830032
69.52,-5263807.439226385,14532310.0,49.688345595801515
69.53,-5263840.823201862,14532580.0,49.688345277843865
69.54,-5263874.03222566,14532850.0,49.68834496436918
69.55,-5263907.049818728,14533120.0,49.688344655283686
69.56,-5263939.86231193,14533390.0,49.68834435054489
69.57,-5263972.458625206,14533660.0,49.68834405011383
69.58,-5264004.827367844,14533930.0,49.68834375392683
69.59,-5264036.955356148,14534200.0,49.68834346190258
69.6,-5264068.831484055,14534470.0,49.68834317399269
69.61,-5264100.4446769,14534740.0,49.68834289013481
69.62,-5264131.784803341,14535010.0,49.68834261026973
69.63,-5264162.842107909,14535280.0,49.688342334336404
69.64,-5264193.608408704,14535540.0,49.68834206228648
69.65,-5264224.0777282175,14535810.0,49.68834179407711
69.66,-5264254.243734514,14536080.0,49.68834152964525
69.67,-5264284.1017918745,14536340.0,49.68834126894912
69.68,-5264313.643722376,14536600.0,49.688341011894224
69.69,-5264342.858936801,14536870.0,49.68834075839112
69.7,-5264371.739215449,14537130.0,49.68834050839162
69.71,-5264400.274554164,14537390.0,49.688340261810424
69.72,-5264428.455439345,14537650.0,49.68834001857948
69.73,-5264456.277977929,14537910.0,49.68833977868151
69.74,-5264483.735591569,14538160.0,49.688339542030775
69.75,-5264510.815875754,14538420.0,49.688339308498485
69.76,-5264537.505600033,14538670.0,49.68833907799794
69.77,-5264563.791332877,14538920.0,49.6883388504415
69.78,-5264589.6639431,14539180.0,49.688338625787196
69.79,-5264615.117584925,14539430.0,49.688338403988695
69.8,-5264640.146059152,14539670.0,49.68833818497125
69.81,-5264664.744407896,14539920.0,49.68833796867476
69.82,-5264688.90293424,14540160.0,49.6883377549809
69.83,-5264712.612262145,14540410.0,49.68833754381043
69.84,-5264735.865901657,14540650.0,49.688337335110155
69.85,-5264758.655298409,14540880.0,49.688337128783516
69.86,-5264780.97108219,14541120.0,49.6883369247399
69.87,-5264802.804204664,14541350.0,49.68833672289773
69.88,-5264824.146908979,14541590.0,49.6883365231868
69.89,-5264844.994271642,14541820.0,49.68833632555014
69.9,-5264865.340790494,14542040.0,49.68833612990671
69.91,-5264885.179642477,14542270.0,49.68833593616374
69.92,-5264904.502281468,14542490.0,49.68833574422039
69.93,-5264923.298661956,14542710.0,49.68833555397664
69.94,-5264941.562022131,14542930.0,49.68833536537284
69.95,-5264959.2838774035,14543140.0,49.68833517830773
69.96,-5264976.456181587,14543360.0,49.688334992696184
69.97,-5264993.075886879,14543560.0,49.68833480849912
69.98,-5265009.140796424,14543770.0,49.68833462564626
69.99,-5265024.647400993,14543980.0,49.688334444046696
70.0,-5265039.589736006,14544180.0,49.688334263596886
70.01,-5265053.95954638,14544380.0,49.68833408418731
70.02,-5265067.75055475,14544570.0,49.688333905745985
70.03,-5265080.960916834,14544760.0,49.68833372823108
70.04,-5265093.587932853,14544950.0,49.68833355155368
70.05,-5265105.624968186,14545140.0,49.68833337559446
70.06,-5265117.067768956,14545320.0,49.688333200287936
70.07,-5265127.914354026,14545500.0,49.688333025572625
70.08,-5265138.16205744,14545680.0,49.68833285136102
70.09,-5265147.80940724,14545850.0,49.68833267758402
70.1,-5265156.8539060075,14546020.0,49.68833250415152
70.11,-5265165.291059561,14546190.0,49.68833233096325
70.12,-5265173.118076036,14546360.0,49.688332157949574
70.13,-5265180.3322175685,14546520.0,49.688331985029485
70.14,-5265186.930629483,14546670.0,49.68833181211895
70.15,-5265192.910169049,14546820.0,49.688331639131604
70.16,-5265198.267689699,14546980.0,49.688331465985094
70.17,-5265203.000610882,14547120.0,49.688331292600054
70.18,-5265207.103557345,14547260.0,49.68833111886664
70.19,-5265210.570802538,14547400.0,49.688330944692524
70.2,-5265213.397863364,14547540.0,49.688330769998664
70.21,-5265215.58264301,14547670.0,49.68833059472226
70.22,-5265217.122530658,14547800.0,49.688330418773994
70.23,-5265218.013032553,14547920.0,49.688330242052366
70.24,-5265218.251129455,14548040.0,49.68833006448121
70.25,-5265217.836989906,14548160.0,49.68832988600976
70.26,-5265216.771869718,14548270.0,49.68832970656761
70.27,-5265215.052928994,14548380.0,49.688329526038665
70.28,-5265212.6781796375,14548480.0,49.68832934434724
70.29,-5265209.645689681,14548580.0,49.688329161409776
70.3,-5265205.953583433,14548680.0,49.68832897714469
70.31,-5265201.603745681,14548770.0,49.6883287915063
70.32,-5265196.596531411,14548860.0,49.688328604404745
70.33,-5265190.931958672,14548940.0,49.68832841575887
70.34,-5265184.613810675,14549030.0,49.68832822552852
70.35,-5265177.644687441,14549100.0,49.68832803363313
70.36,-5265170.023780371,14549170.0,49.68832783996482
70.37,-5265161.752505294,14549240.0,49.68832764447001
70.38,-5265152.834735944,14549310.0,49.688327447097286
70.39,-5265143.272821093,14549370.0,49.688327247765706
70.4,-5265133.0695752,14549420.0,49.68832704640781
70.41,-5265122.229020364,14549480.0,49.68832684296768
70.42,-5265110.757187103,14549520.0,49.68832663739958
70.43,-5265098.654825182,14549560.0,49.68832642958913
70.44,-5265085.91744738,14549600.0,49.688326219413796
70.45,-5265072.546827498,14549640.0,49.68832600685207
70.46,-5265058.545830301,14549670.0,49.68832579184664
70.47,-5265043.912487728,14549700.0,49.68832557428314
70.48,-5265028.647850813,14549720.0,49.68832535411269
70.49,-5265012.755769278,14549740.0,49.68832513129669
70.5,-5264996.240448114,14549750.0,49.68832490577235
70.51,-5264979.107531162,14549760.0,49.68832467749377
70.52,-5264961.36148333,14549770.0,49.68832444638982
70.53,-5264943.007810048,14549770.0,49.68832421241133
70.54,-5264924.049982597,14549760.0,49.688323975481694
70.55,-5264904.488806167,14549760.0,49.68832373551189
70.56,-5264884.328453633,14549750.0,49.68832349247114
70.57,-5264863.572997826,14549730.0,49.68832324630006
70.58,-5264842.220655709,14549710.0,49.68832299688095
70.59,-5264820.271694732,14549690.0,49.688322744165944
70.6,-5264797.728893826,14549660.0,49.68832248811388
70.61,-5264774.59093934,14549620.0,49.68832222862344
70.62,-5264750.859367042,14549590.0,49.68832196565525
70.63,-5264726.538626207,14549550.0,49.688321699176406
70.64,-5264701.632610752,14549500.0,49.68832142912583
70.65,-5264676.145911495,14549450.0,49.68832115545509
70.66,-5264650.088547655,14549400.0,49.68832087816349
70.67,-5264623.473814908,14549340.0,49.688320597244946
70.68,-5264596.314076557,14549280.0,49.68832031265558
70.69,-5264568.620932069,14549220.0,49.688320024355946
70.7,-5264540.401625,14549150.0,49.68831973227013
70.71,-5264511.6610835325,14549080.0,49.688319436333934
70.72,-5264482.402598476,14549000.0,49.6883191364846
70.73,-5264452.632207026,14548920.0,49.688318832703885
70.74,-5264422.356933041,14548830.0,49.68831852495878
70.75,-5264391.584162611,14548740.0,49.68831821321528
70.76,-5264360.3239243375,14548650.0,49.688317897462916
70.77,-5264328.586787401,14548550.0,49.68831757767831
70.78,-5264296.381925334,14548450.0,49.688317253819626
70.79,-5264263.716143718,14548350.0,49.6883169258345
70.8,-5264230.596495538,14548240.0,49.68831659369247
70.81,-5264197.028002344,14548130.0,49.68831625734237
70.82,-5264163.016099503,14548010.0,49.688315916753034
70.83,-5264128.56737801,14547900.0,49.68831557190329
70.84,-5264093.686396138,14547770.0,49.68831522274169
70.85,-5264058.380860008,14547650.0,49.68831486926754
70.86,-5264022.664195751,14547520.0,49.688314511511
70.87,-5263986.545078383,14547380.0,49.688314149413756
70.88,-5263950.029414361,14547250.0,49.688313782925114
70.89,-5263913.127571784,14547110.0,49.6883134120656
70.9,-5263875.851485211,14546970.0,49.68831303683398
70.91,-5263838.21226611,14546820.0,49.68831265721174
70.92,-5263800.222024259,14546670.0,49.68831227319884
70.93,-5263761.890849936,14546520.0,49.68831188476748
70.94,-5263723.228803287,14546360.0,49.68831149190616
70.95,-5263684.245857207,14546200.0,49.68831109460632
70.96,-5263644.952466906,14546040.0,49.688310692863965
70.97,-5263605.358545307,14545880.0,49.68831028666864
70.98,-5263565.473233685,14545710.0,49.68830987600693
70.99,-5263525.307521009,14545540.0,49.68830946089159
71.0,-5263484.8718551,14545370.0,49.688309041316096
71.01,-5263444.174089729,14545190.0,49.688308617254684
71.02,-5263403.225917445,14545020.0,49.68830818873941
71.03,-5263362.041169531,14544830.0,49.68830775579868
71.04,-5263320.632060216,14544650.0,49.688307318424144
71.05,-5263279.008726671,14544460.0,49.6883068766066
71.06,-5263237.179850593,14544280.0,49.68830643033482
71.07,-5263195.155389811,14544090.0,49.688305979627145
71.08,-5263152.948290981,14543900.0,49.68830552452058
71.09,-5263110.570849905,14543700.0,49.68830506502362
71.1,-5263068.032202456,14543500.0,49.6883046011208
71.11,-5263025.340197148,14543300.0,49.68830413280897
71.12,-5262982.505779748,14543100.0,49.6883036601288
71.13,-5262939.537473359,14542900.0,49.688303183070495
71.14,-5262896.441885176,14542700.0,49.68830270162797
71.15,-5262853.230425948,14542490.0,49.688302215858684
71.16,-5262809.915674837,14542280.0,49.68830172579437
71.17,-5262766.508589978,14542070.0,49.688301231442075
71.18,-5262723.015996984,14541860.0,49.688300732785066
71.19,-5262679.447245888,14541650.0,49.68830022986088
71.2,-5262635.816439827,14541430.0,49.68829972273926
71.21,-5262592.13258834,14541220.0,49.68829921140113
71.22,-5262548.404951219,14541000.0,49.688298695872305
71.23,-5262504.6487376345,14540780.0,49.68829817623603
71.24,-5262460.873039972,14540560.0,49.6882976524711
71.25,-5262417.085491309,14540340.0,49.688297124589006
71.26,-5262373.297219456,14540120.0,49.68829659264929
71.27,-5262329.518353768,14539900.0,49.68829605667703
71.28,-5262285.755002354,14539670.0,49.6882955166631
71.29,-5262242.014769585,14539450.0,49.68829497264791
71.3,-5262198.309039208,14539220.0,49.68829442469767
71.31,-5262154.650533349,14539000.0,49.688293872865465
71.32,-5262111.051207315,14538770.0,49.688293317183856
71.33,-5262067.520538041,14538540.0,49.68829275767167
71.34,-5262024.063979227,14538310.0,49.68829219432689
71.35,-5261980.68637038,14538080.0,49.6882916271723
71.36,-5261937.39626615,14537850.0,49.688291056275915
71.37,-5261894.205204756,14537620.0,49.68829048170504
71.38,-5261851.126005811,14537390.0,49.68828990351967
71.39,-5261808.168157617,14537160.0,49.68828932173465
71.4,-5261765.3419117415,14536930.0,49.68828873640325
71.41,-5261722.656404347,14536690.0,49.688288147560435
71.42,-5261680.115037508,14536460.0,49.688287555193895
71.43,-5261637.723328877,14536230.0,49.688286959360596
71.44,-5261595.48977171,14536000.0,49.6882863601268
71.45,-5261553.421796295,14535760.0,49.688285757530146
71.46,-5261511.527191888,14535530.0,49.688285151617976
71.47,-5261469.81051747,14535300.0,49.68828454240327
71.48,-5261428.274518297,14535060.0,49.688283929910575
71.49,-5261386.928726156,14534830.0,49.68828331424149
71.5,-5261345.781669265,14534600.0,49.688282695438915
71.51,-5261304.836994699,14534360.0,49.688282073505654
71.52,-5261264.1020039935,14534130.0,49.68828144851661
71.53,-5261223.584015172,14533900.0,49.68828082052304
71.54,-5261183.288938101,14533670.0,49.68828018956053
71.55,-5261143.227083468,14533440.0,49.68827955572054
71.56,-5261103.408557889,14533200.0,49.688278919057936
71.57,-5261063.840300099,14532970.0,49.68827827960199
71.58,-5261024.528010497,14532740.0,49.68827763739124
71.59,-5260985.473013821,14532510.0,49.688276992433096
71.6,-5260946.678060723,14532280.0,49.68827634478492
71.61,-5260908.1465335265,14532050.0,49.6882756944956
71.62,-5260869.881820954,14531820.0,49.68827504161378
71.63,-5260831.890224383,14531600.0,49.688274386214424
71.64,-5260794.178628688,14531370.0,49.68827372835785
71.65,-5260756.756669113,14531140.0,49.688273068125554
71.66,-5260719.633204988,14530920.0,49.68827240557419
71.67,-5260682.814779133,14530690.0,49.688271740741044
71.68,-5260646.307720494,14530470.0,49.688271073681044
71.69,-5260610.119055346,14530240.0,49.68827040446024
71.7,-5260574.25320383,14530020.0,49.68826973311191
71.71,-5260538.71385395,14529800.0,49.68826905968265
71.72,-5260503.504016699,14529580.0,49.68826838422069
71.73,-5260468.626765177,14529360.0,49.688267706779
71.74,-5260434.08477884,14529140.0,49.688267027405544
71.75,-5260399.884046566,14528930.0,49.68826634618655
71.76,-5260366.031139599,14528710.0,49.68826566318778
71.77,-5260332.532415166,14528500.0,49.68826497846848
71.78,-5260299.392078398,14528280.0,49.688264292068055
71.79,-5260266.615596068,14528070.0,49.68826360405867
71.8,-5260234.210497518,14527860.0,49.68826291452031
71.81,-5260202.179769439,14527650.0,49.68826222347463
71.82,-5260170.528853737,14527440.0,49.68826153100174
71.83,-5260139.261436708,14527230.0,49.688260837147894
71.84,-5260108.381553099,14527030.0,49.688260141975114
71.85,-5260077.893586956,14526820.0,49.68825944554623
71.86,-5260047.798910338,14526620.0,49.688258747892824
71.87,-5260018.097072477,14526420.0,49.68825804905219
71.88,-5259988.786877958,14526220.0,49.68825734906692
71.89,-5259959.870145909,14526020.0,49.68825664801724
71.9,-5259931.350064962,14525820.0,49.68825594597193
71.91,-5259903.229999967,14525630.0,49.68825524299173
71.92,-5259875.512352696,14525430.0,49.68825453912568
71.93,-5259848.197761645,14525240.0,49.688253834414674
71.94,-5259821.288459764,14525050.0,49.68825312892663
71.95,-5259794.78947514,14524860.0,49.68825242274871
71.96,-5259768.705731691,14524680.0,49.688251715942236
71.97,-5259743.040054391,14524490.0,49.688251008549244
71.98,-5259717.79515851,14524310.0,49.68825030063021
71.99,-5259692.971426889,14524120.0,49.688249592219314
72.0,-5259668.568955593,14523950.0,49.688248883369845
72.01,-5259644.588635925,14523770.0,49.68824817414205
72.02,-5259621.028794274,14523590.0,49.68824746456708
72.03,-5259597.890941254,14523420.0,49.68824675472566
72.04,-5259575.178525981,14523250.0,49.68824604469372
72.05,-5259552.896485021,14523080.0,49.688245334547645
72.06,-5259531.050277335,14522910.0,49.68824462435606
72.07,-5259509.645372678,14522740.0,49.68824391418573
72.08,-5259488.686282854,14522580.0,49.688243204093865
72.09,-5259468.172684282,14522420.0,49.68824249409573
72.1,-5259448.104135717,14522260.0,49.68824178424626
72.11,-5259428.483041208,14522100.0,49.688241074626596
72.12,-5259409.3120358735,14521950.0,49.688240365301176
72.13,-5259390.592789774,14521800.0,49.68823965631944
72.14,-5259372.324580855,14521640.0,49.68823894771735
72.15,-5259372.324580855,14521500.0,49.68823894771735
72.16,-5259334.865910378,14521330.0,49.6882375140682
72.17,-5259334.865910378,14521210.0,49.6882375140682
72.18,-5259315.115086397,14521050.0,49.68823679130212
72.19,-5259294.10965654,14520910.0,49.68823606119293
72.2,-5259271.693976987,14520780.0,49.68823532608167
72.21,-5259247.963329674,14520650.0,49.68823458798748
72.22,-5259223.184769243,14520530.0,49.68823384867371
72.23,-5259197.737715996,14520410.0,49.688233109699894
72.24,-5259172.06568275,14520290.0,49.68823237242289
72.25,-5259146.6412152415,14520180.0,49.688231638037735
72.26,-5259121.936899138,14520070.0,49.688230907563444
72.27,-5259098.401480261,14519960.0,49.68823018183959
72.28,-5259076.444359127,14519850.0,49.688229461552076
72.29,-5259056.414405396,14519750.0,49.688228747142816
72.3,-5259038.589034136,14519640.0,49.688228038857886
72.31,-5259023.165021776,14519540.0,49.688227336734556
72.32,-5259010.260297802,14519440.0,49.688226640684555
72.33,-5258999.917394024,14519330.0,49.688225950500176
72.34,-5258992.098127155,14519230.0,49.68822526576847
72.35,-5258986.695592202,14519130.0,49.68822458602203
72.36,-5258983.540430737,14519030.0,49.6882239107009
72.37,-5258982.409565592,14518930.0,49.68822323917826
72.38,-5258983.041397105,14518830.0,49.68822257084073
72.39,-5258985.144256289,14518730.0,49.688221905049225
72.4,-5258988.404537437,14518630.0,49.68822124114482
72.41,-5258992.501233539,14518540.0,49.68822057853212
72.42,-5258997.112188214,14518450.0,49.688219916623495
72.43,-5259001.927771382,14518360.0,49.68821925492753
72.44,-5259006.6662986055,14518270.0,49.68821859309471
72.45,-5259011.076097213,14518190.0,49.688217930823356
72.46,-5259014.944187701,14518110.0,49.688217267928465
72.47,-5259018.0998009285,14518030.0,49.68821660431858
72.48,-5259020.415966322,14517960.0,49.6882159399836
72.49,-5259021.812129507,14517890.0,49.68821527501751
72.5,-5259022.253926932,14517820.0,49.688214609600294
72.51,-5259021.751307049,14517760.0,49.688213943983186
72.52,-5259020.354765996,14517700.0,49.68821327847651
72.53,-5259018.154992762,14517650.0,49.68821261347818
72.54,-5259015.276472727,14517600.0,49.688211949414985
72.55,-5259011.867940816,14517560.0,49.688211286704885
72.56,-5259008.094406229,14517520.0,49.68821062575629
72.57,-5259004.131664486,14517480.0,49.68820996697316
72.58,-5259000.1646137275,14517440.0,49.68820931079091
72.59,-5258996.378158631,14517410.0,49.688208657591204
72.6,-5258992.95116881,14517380.0,49.688208007717996
72.61,-5258990.051618841,14517360.0,49.68820736147764
72.62,-5258987.826872445,14517330.0,49.688206719073655
72.63,-5258986.401635556,14517310.0,49.68820608066534
72.64,-5258985.881147086,14517300.0,49.688205446410805
72.65,-5258986.349875929,14517280.0,49.68820481642646
72.66,-5258987.867821449,14517260.0,49.68820419075825
72.67,-5258990.465323254,14517250.0,49.688203569356126
72.68,-5258994.1493122615,14517240.0,49.688202952173675
72.69,-5258998.903480094,14517230.0,49.68820233911811
72.7,-5259004.687024404,14517230.0,49.688201730032844
72.71,-5259011.44193904,14517220.0,49.68820112477878
72.72,-5259019.095193853,14517220.0,49.68820052319467
72.73,-5259027.561090991,14517220.0,49.68819992510192
72.74,-5259036.743513209,14517220.0,49.68819933030874
72.75,-5259046.542223817,14517230.0,49.68819873865235
72.76,-5259056.85319893,14517240.0,49.688198149952065
72.77,-5259067.573804348,14517240.0,49.68819756405915
72.78,-5259078.609409985,14517260.0,49.68819698088105
72.79,-5259089.874094317,14517270.0,49.6881964003383
72.8,-5259101.294712652,14517290.0,49.68819582239898
72.81,-5259112.812981018,14517310.0,49.688195247070304
72.82,-5259124.3783904845,14517330.0,49.68819467431444
72.83,-5259135.9526148,14517360.0,49.68819410414347
72.84,-5259147.509769038,14517390.0,49.68819353659828
72.85,-5259159.034332387,14517420.0,49.688192971717584
72.86,-5259170.525789985,14517460.0,49.68819240960832
72.87,-5259181.993484762,14517490.0,49.68819185035823
72.88,-5259193.457496795,14517530.0,49.68819129408318
72.89,-5259204.951690268,14517580.0,49.68819074095517
72.9,-5259216.517365334,14517620.0,49.68819019111697
72.91,-5259228.195583407,14517670.0,49.68818964465395
72.92,-5259240.0339475805,14517720.0,49.68818910172356
72.93,-5259252.085706921,14517780.0,49.688188562492726
72.94,-5259264.401906253,14517840.0,49.688188027071604
72.95,-5259277.030639512,14517890.0,49.68818749555882
72.96,-5259290.012141324,14517960.0,49.68818696800905
72.97,-5259303.380875567,14518020.0,49.688186444481715
72.98,-5259317.170079586,14518090.0,49.68818592507623
72.99,-5259331.4070881,14518150.0,49.68818540984655
73.0,-5259346.111665709,14518220.0,49.68818489881738
73.01,-5259361.297754398,14518300.0,49.68818439202355
73.02,-5259376.972433162,14518370.0,49.68818388947266
73.03,-5259393.1348180855,14518450.0,49.6881833911513
73.04,-5259409.776327375,14518530.0,49.68818289703013
73.05,-5259426.881004091,14518610.0,49.688182407067785
73.06,-5259444.4265805315,14518690.0,49.6881819212141
73.07,-5259462.389249395,14518780.0,49.688181439451355
73.08,-5259480.742748312,14518870.0,49.68818096174622
73.09,-5259499.450774799,14518950.0,49.68818048798264
73.1,-5259518.474939371,14519050.0,49.68818001809662
73.11,-5259537.78268155,14519140.0,49.688179552095605
73.12,-5259557.341244177,14519240.0,49.68817908993426
73.13,-5259577.1181860035,14519330.0,49.68817863156868
73.14,-5259597.081382682,14519430.0,49.688178176951176
73.15,-5259617.199711587,14519530.0,49.68817772603861
73.16,-5259637.447214461,14519640.0,49.688177278825464
73.17,-5259657.801514893,14519740.0,49.688176835301704
73.18,-5259678.243428512,14519850.0,49.68817639545529
73.19,-5259698.760390224,14519960.0,49.688175959312964
73.2,-5259719.340202425,14520070.0,49.68817552685318
73.21,-5259739.972460638,14520190.0,49.688175098066125
73.22,-5259760.655795221,14520310.0,49.68817467301817
73.23,-5259781.391283641,14520420.0,49.68817425172733
73.24,-5259802.182342613,14520540.0,49.688173834217224
73.25,-5259823.03433503,14520670.0,49.68817342051144
73.26,-5259843.954916706,14520790.0,49.68817301064155
73.27,-5259864.953358234,14520920.0,49.688172604640926
73.28,-5259886.037471747,14521050.0,49.688172202513556
73.29,-5259907.2152598025,14521180.0,49.68817180427764
73.3,-5259928.495770597,14521310.0,49.68817140996421
73.31,-5259949.890240223,14521440.0,49.68817101961593
73.32,-5259971.408394025,14521580.0,49.688170633247395
73.33,-5259993.061064081,14521720.0,49.68817025089433
73.34,-5260014.857000728,14521850.0,49.68816987256556
73.35,-5260036.798251465,14521990.0,49.688169498220596
73.36,-5260058.884930972,14522140.0,49.68816912785288
73.37,-5260081.118464458,14522280.0,49.68816876148375
73.38,-5260103.499710399,14522420.0,49.68816839911902
73.39,-5260126.028389268,14522570.0,49.68816804075651
73.4,-5260148.702225907,14522720.0,49.68816768638588
73.41,-5260171.513639394,14522870.0,49.688167335955946
73.42,-5260194.451496377,14523020.0,49.68816698942336
73.43,-5260217.506458903,14523170.0,49.68816664678785
73.44,-5260240.666373137,14523320.0,49.688166308006956
73.45,-5260263.914438868,14523480.0,49.688165973012424
73.46,-5260287.2357513225,14523640.0,49.68816564178851
73.47,-5260310.621294992,14523800.0,49.68816531436214
73.48,-5260334.058498815,14523950.0,49.688164990679084
73.49,-5260357.534931417,14524120.0,49.68816467070937
73.5,-5260381.03864346,14524280.0,49.688164354428345
73.51,-5260404.556630308,14524440.0,49.68816404179369
73.52,-5260428.080300075,14524610.0,49.68816373281599
73.53,-5260451.602065587,14524770.0,49.68816342747762
73.54,-5260475.113067516,14524940.0,49.688163125740374
73.55,-5260498.609667595,14525110.0,49.68816282762884
73.56,-5260522.089415731,14525280.0,49.688162533134914
73.57,-5260545.549343421,14525450.0,49.688162242238555
73.58,-5260568.988241888,14525620.0,49.688161954938174
73.59,-5260592.404728983,14525800.0,49.68816167121867
73.6,-5260615.803460185,14525970.0,49.68816139112686
73.61,-5260639.18756458,14526150.0,49.68816111464339
73.62,-5260662.558128161,14526320.0,49.68816084174606
73.63,-5260685.917493875,14526500.0,49.68816057243793
73.64,-5260709.267954071,14526680.0,49.688160306713705
73.65,-5260732.614542662,14526860.0,49.68816004459504
73.66,-5260755.9591724295,14527040.0,49.688159786051536
73.67,-5260779.30518605,14527230.0,49.68815953109334
73.68,-5260802.659468113,14527410.0,49.688159279754196
73.69,-5260826.023051323,14527600.0,49.68815903198046
73.7,-5260849.396800411,14527780.0,49.68815878776691
73.71,-5260872.784659882,14527970.0,49.688158547138094
73.72,-5260896.184828938,14528160.0,49.68815831003618
73.73,-5260919.592026541,14528350.0,49.688158076416975
73.74,-5260943.002953356,14528540.0,49.68815784628085
73.75,-5260966.415954812,14528730.0,49.68815761962862
73.76,-5260989.830740301,14528920.0,49.68815739646285
73.77,-5261013.240750516,14529110.0,49.688157176711215
73.78,-5261036.637130816,14529300.0,49.68815696032771
73.79,-5261060.010321132,14529500.0,49.68815674727617
73.8,-5261083.352276701,14529690.0,49.688156537542255
73.81,-5261106.661201695,14529890.0,49.68815633115678
73.82,-5261129.929028045,14530080.0,49.688156128042294
73.83,-5261153.146585486,14530280.0,49.6881559281573
73.84,-5261176.309639326,14530480.0,49.68815573151693
73.85,-5261199.411722629,14530680.0,49.68815553807602
73.86,-5261222.444187667,14530880.0,49.68815534778286
73.87,-5261245.400018539,14531080.0,49.68815516061834
73.88,-5261268.272239706,14531280.0,49.68815497655264
73.89,-5261291.054087083,14531480.0,49.688154795552855
73.9,-5261313.7422567895,14531680.0,49.68815461762169
73.91,-5261336.331671147,14531880.0,49.68815444271477
73.92,-5261358.816898906,14532080.0,49.688154270798066
73.93,-5261381.196314347,14532290.0,49.688154101877636
73.94,-5261403.4674909655,14532490.0,49.688153935922315
73.95,-5261425.628909052,14532700.0,49.688153772912905
73.96,-5261447.680242896,14532900.0,49.688153612839116
73.97,-5261469.619742429,14533100.0,49.68815345566468
73.98,-5261491.442805039,14533310.0,49.68815330133558
73.99,-5261513.149091655,14533510.0,49.68815314986393
74.0,-5261534.742879321,14533720.0,49.68815300127169
74.01,-5261556.221960519,14533920.0,49.68815285548452
74.02,-5261577.583781417,14534130.0,49.68815271247122
74.03,-5261598.824244317,14534330.0,49.68815257218954
74.04,-5261619.938729553,14534540.0,49.68815243460384
74.05,-5261640.925627319,14534740.0,49.68815229971308
74.06,-5261661.782242243,14534950.0,49.68815216747828
74.07,-5261682.501656481,14535150.0,49.688152037830754
74.08,-5261703.072377288,14535360.0,49.688151910684724
74.09,-5261723.485505826,14535560.0,49.68815178601872
74.1,-5261743.735769443,14535760.0,49.68815166382336
74.11,-5261763.814806472,14535970.0,49.68815154403094
74.12,-5261783.715489458,14536170.0,49.68815142660862
74.13,-5261803.430446663,14536370.0,49.688151311509785
74.14,-5261822.9521754645,14536580.0,49.68815119868956
74.15,-5261842.272814136,14536780.0,49.68815108809886
74.16,-5261861.385280696,14536980.0,49.68815097969806
74.17,-5261880.2833318915,14537180.0,49.68815087344924
74.18,-5261898.95905796,14537380.0,49.68815076929003
74.19,-5261917.404873003,14537580.0,49.688150667174895
74.2,-5261935.615738282,14537780.0,49.68815056707824
74.21,-5261953.586091381,14537980.0,49.68815046895189
74.22,-5261971.305798966,14538170.0,49.68815037270106
74.23,-5261988.768807215,14538370.0,49.68815027831082
74.24,-5262005.970758651,14538560.0,49.68815018574912
74.25,-5262022.905292355,14538760.0,49.68815009494761
74.26,-5262039.564551856,14538950.0,49.68815000584239
74.27,-5262055.941232916,14539140.0,49.68814991838289
74.28,-5262072.02926878,14539330.0,49.68814983252637
74.29,-5262087.825143965,14539520.0,49.68814974824601
74.3,-5262103.324538516,14539710.0,49.688149665486144
74.31,-5262118.521585194,14539890.0,49.68814958418127
74.32,-5262133.411771913,14540080.0,49.68814950429111
74.33,-5262147.9946804475,14540260.0,49.68814942580496
74.34,-5262162.267272374,14540440.0,49.688149348655244
74.35,-5262176.225763057,14540630.0,49.68814927278433
74.36,-5262189.868924963,14540810.0,49.68814919816904
74.37,-5262203.190571967,14540980.0,49.68814912471319
74.38,-5262216.182396259,14541160.0,49.68814905234096
74.39,-5262228.8402315015,14541330.0,49.68814898103169
74.4,-5262241.160074212,14541510.0,49.68814891073421
74.41,-5262253.136773524,14541680.0,49.68814884138304
74.42,-5262264.762660692,14541840.0,49.688148772898664
74.43,-5262276.0283976225,14542010.0,49.688148705200305
74.44,-5262286.926505852,14542180.0,49.68814863824213
74.45,-5262297.451029327,14542340.0,49.6881485719737
74.46,-5262307.596854414,14542500.0,49.68814850634429
74.47,-5262317.356235911,14542660.0,49.688148441267664
74.48,-5262326.725058927,14542820.0,49.68814837671346
74.49,-5262335.70187921,14542970.0,49.688148312650654
74.5,-5262344.281319514,14543120.0,49.68814824898591
74.51,-5262352.461182985,14543270.0,49.68814818568992
74.52,-5262360.239269924,14543420.0,49.688148122706544
74.53,-5262367.612409037,14543570.0,49.688148059970864
74.54,-5262374.575372292,14543710.0,49.68814799740499
74.55,-5262381.117792587,14543850.0,49.6881479348945
74.56,-5262387.23378151,14543990.0,49.68814787240921
74.57,-5262392.92365014,14544120.0,49.68814780994648
74.58,-5262398.184180001,14544260.0,49.68814774741835
74.59,-5262403.01112162,14544390.0,49.68814768475314
74.6,-5262407.403693829,14544520.0,49.68814762192431
74.61,-5262411.360774393,14544640.0,49.688147558872515
74.62,-5262414.878676737,14544760.0,49.68814749551534
74.63,-5262417.950003822,14544880.0,49.68814743175511
74.64,-5262420.567627913,14545000.0,49.68814736752364
74.65,-5262422.726913713,14545110.0,49.68814730277559
74.66,-5262424.423844095,14545220.0,49.68814723745068
74.67,-5262425.657699993,14545330.0,49.68814717151815
74.68,-5262426.425028167,14545440.0,49.68814710489265
74.69,-5262426.720945057,14545540.0,49.68814703749631
74.7,-5262426.543008246,14545640.0,49.68814696928605
74.71,-5262425.886891663,14545730.0,49.688146900180506
74.72,-5262424.751281656,14545830.0,49.688146830144845
74.73,-5262423.137257685,14545920.0,49.68814675914137
74.74,-5262421.0444232635,14546000.0,49.688146687099845
74.75,-5262418.4721559575,14546090.0,49.68814661396225
74.76,-5262415.421259391,14546170.0,49.68814653968223
74.77,-5262411.890604653,14546250.0,49.68814646418608
74.78,-5262407.875871787,14546320.0,49.688146387383654
74.79,-5262403.372960961,14546390.0,49.68814630920947
74.8,-5262398.37987356,14546460.0,49.68814622961937
74.81,-5262392.894438023,14546520.0,49.688146148549215
74.82,-5262386.913055735,14546580.0,49.688146065923945
74.83,-5262380.4304125495,14546640.0,49.688145981658685
74.84,-5262373.44312159,14546700.0,49.68814589570435
74.85,-5262365.951893543,14546750.0,49.68814580803546
74.86,-5262357.955335461,14546800.0,49.688145718575484
74.87,-5262349.450800288,14546840.0,49.688145627247984
74.88,-5262340.43797382,14546880.0,49.688145534013685
74.89,-5262330.917740826,14546920.0,49.68814543882527
74.9,-5262320.887914116,14546950.0,49.6881453415949
74.91,-5262310.344651496,14546980.0,49.68814524224283
74.92,-5262299.287124478,14547010.0,49.68814514073265
74.93,-5262287.71655704,14547030.0,49.6881450370245
74.94,-5262275.628138809,14547050.0,49.688144931002725
74.95,-5262263.014714052,14547060.0,49.68814482257366
74.96,-5262249.875836546,14547080.0,49.688144711730175
74.97,-5262236.215791859,14547090.0,49.688144598459864
74.98,-5262222.038765373,14547090.0,49.68814448271146
74.99,-5262207.3457647795,14547090.0,49.68814436440391
75.0,-5262192.140823544,14547090.0,49.688144243510905
75.01,-5262176.430096674,14547080.0,49.688144120005035
75.02,-5262160.21827588,14547080.0,49.68814399382915
75.03,-5262143.510010531,14547060.0,49.68814386493573
75.04,-5262126.303069238,14547040.0,49.68814373321112
75.05,-5262108.596585562,14547030.0,49.68814359860917
75.06,-5262090.3910614345,14547000.0,49.68814346108631
75.07,-5262071.689795192,14546980.0,49.688143320616604
75.08,-5262052.4980337685,14546940.0,49.68814317717282
75.09,-5262032.820242211,14546910.0,49.688143030703564
75.1,-5262012.6608425155,14546870.0,49.68814288116482
75.11,-5261992.021706107,14546830.0,49.68814272848906
75.12,-5261970.904312904,14546780.0,49.68814257262269
75.13,-5261949.310890032,14546730.0,49.688142413526116
75.14,-5261927.245268454,14546680.0,49.68814225116754
75.15,-5261904.709296858,14546620.0,49.688142085485445
75.16,-5261881.700956167,14546560.0,49.688141916394734
75.17,-5261858.217313119,14546500.0,49.688141743830194
75.18,-5261834.259475734,14546430.0,49.68814156777759
75.19,-5261809.832204506,14546360.0,49.6881413882236
75.2,-5261784.939362656,14546280.0,49.68814120511964
75.21,-5261759.584939597,14546210.0,49.68814101842739
75.22,-5261733.769860029,14546120.0,49.68814082807439
75.23,-5261707.494141717,14546040.0,49.68814063400559
75.24,-5261680.765099131,14545950.0,49.688140436246975
75.25,-5261653.59097925,14545860.0,49.68814023477455
75.26,-5261625.973213824,14545760.0,49.68814002949166
75.27,-5261597.913240564,14545660.0,49.68813982035656
75.28,-5261569.416378166,14545560.0,49.68813960736364
75.29,-5261540.490069422,14545450.0,49.68813939050218
75.3,-5261511.142689785,14545340.0,49.68813916975321
75.31,-5261481.382865811,14545230.0,49.688138945093066
75.32,-5261451.2183360215,14545110.0,49.68813871649018
75.33,-5261420.655720685,14544990.0,49.68813848390845
75.34,-5261389.695789178,14544870.0,49.688138247265165
75.35,-5261358.339656767,14544740.0,49.68813800652311
75.36,-5261326.594142105,14544610.0,49.68813776170575
75.37,-5261294.464943177,14544480.0,49.688137512775974
75.38,-5261261.959426748,14544340.0,49.68813725972468
75.39,-5261229.08361225,14544200.0,49.688137002518346
75.4,-5261195.841313594,14544060.0,49.688136741111784
75.41,-5261162.2365270145,14543910.0,49.688136475478316
75.42,-5261128.274970105,14543760.0,49.68813620561027
75.43,-5261093.964541972,14543610.0,49.688135931506764
75.44,-5261059.31168155,14543450.0,49.68813565313784
75.45,-5261024.322788559,14543290.0,49.688135370484225
75.46,-5260989.004850189,14543130.0,49.68813508353313
75.47,-5260953.361453545,14542970.0,49.68813479223601
75.48,-5260917.394657641,14542800.0,49.68813449655587
75.49,-5260881.109434423,14542630.0,49.68813419649523
75.5,-5260844.5120234545,14542450.0,49.68813389204983
75.51,-5260807.609023261,14542280.0,49.68813358320781
75.52,-5260770.406309462,14542100.0,49.68813326994894
75.53,-5260732.91216713,14541910.0,49.68813295228276
75.54,-5260695.134390489,14541730.0,49.68813263019796
75.55,-5260657.083244896,14541540.0,49.68813230370922
75.56,-5260618.771244993,14541350.0,49.68813197283964
75.57,-5260580.206435976,14541160.0,49.68813163754837
75.58,-5260541.395288614,14540960.0,49.68813129781565
75.59,-5260502.347766988,14540760.0,49.68813095367132
75.6,-5260463.076311426,14540560.0,49.6881306051426
75.61,-5260423.591171787,14540360.0,49.688130252216126
75.62,-5260383.897096774,14540150.0,49.68812989484368
75.63,-5260343.999303616,14539940.0,49.68812953302402
75.64,-5260303.905929591,14539730.0,49.688129166783746
75.65,-5260263.625987791,14539520.0,49.68812879613561
75.66,-5260223.1674317485,14539300.0,49.68812842107522
75.67,-5260182.53971708,14539080.0,49.688128041623244
75.68,-5260141.750500027,14538860.0,49.688127657771894
75.69,-5260100.804379221,14538640.0,49.68812726949699
75.7,-5260059.708586569,14538420.0,49.68812687682613
75.71,-5260018.472480909,14538190.0,49.688126479788735
75.72,-5259977.110801459,14537960.0,49.688126078450665
75.73,-5259935.636614956,14537730.0,49.68812567282237
75.74,-5259894.057835284,14537500.0,49.68812526287636
75.75,-5259852.381712394,14537270.0,49.688124848619786
75.76,-5259810.617451934,14537030.0,49.68812443008648
75.77,-5259768.773256838,14536800.0,49.68812400728581
75.78,-5259726.854786154,14536560.0,49.68812358021019
75.79,-5259684.871018154,14536320.0,49.688123148906264
75.8,-5259642.8296997445,14536070.0,49.688122713382064
75.81,-5259600.738369075,14535830.0,49.688122273656305
75.82,-5259558.604013053,14535580.0,49.68812182974297
75.83,-5259516.433122913,14535340.0,49.68812138165776
75.84,-5259474.238417229,14535090.0,49.68812092948183
75.85,-5259432.03082244,14534840.0,49.68812047323096
75.86,-5259389.818499558,14534590.0,49.68812001291016
75.87,-5259347.609287575,14534340.0,49.68811954854158
75.88,-5259305.408081276,14534090.0,49.68811908012424
75.89,-5259263.222807337,14533830.0,49.688118607709185
75.9,-5259221.063178161,14533580.0,49.68811813134258
75.91,-5259178.936080475,14533320.0,49.6881176510299
75.92,-5259136.849785138,14533070.0,49.68811716681489
75.93,-5259094.812411947,14532810.0,49.68811667872526
75.94,-5259052.830162661,14532550.0,49.688116186778124
75.95,-5259010.914097446,14532290.0,49.68811569104913
75.96,-5258969.0750752445,14532030.0,49.688115191578206
75.97,-5258927.324949897,14531770.0,49.688114688417535
75.98,-5258885.679820738,14531510.0,49.68811418165395
75.99,-5258844.150070646,14531250.0,49.68811367128694
76.0,-5258802.746164208,14530990.0,49.688113157362004
76.01,-5258761.48018648,14530730.0,49.6881126399438
76.02,-5258720.364251362,14530470.0,49.68811211908104
76.03,-5258679.411014471,14530210.0,49.68811159483455
76.04,-5258638.630996104,14529940.0,49.688111067237415
76.05,-5258598.033715546,14529680.0,49.688110536331706
76.06,-5258557.628030418,14529420.0,49.688110002161714
76.07,-5258517.42185006,14529160.0,49.68810946476874
76.08,-5258477.425267303,14528900.0,49.68810892422547
76.09,-5258437.652045503,14528640.0,49.68810838062125
76.1,-5258398.111478699,14528370.0,49.68810783397926
76.11,-5258358.812198426,14528110.0,49.68810728434607
76.12,-5258319.762171995,14527850.0,49.688106731772464
76.13,-5258280.965908513,14527590.0,49.68810617627815
76.14,-5258242.4329410475,14527340.0,49.688105617963224
76.15,-5258204.178636933,14527080.0,49.68810505694412
76.16,-5258166.216120318,14526820.0,49.6881044932736
76.17,-5258128.555069791,14526560.0,49.68810392698787
76.18,-5258091.200285067,14526300.0,49.68810335810188
76.19,-5258054.158399064,14526050.0,49.68810278668915
76.2,-5258017.440617751,14525800.0,49.688102212854865
76.21,-5257981.056748039,14525540.0,49.688101636655446
76.22,-5257945.014738343,14525290.0,49.68810105813933
76.23,-5257909.319591166,14525040.0,49.68810047734336
76.24,-5257873.980364936,14524790.0,49.688099894367326
76.25,-5257839.009158348,14524540.0,49.688099309310225
76.26,-5257804.416730013,14524300.0,49.68809872223548
76.27,-5257770.212552033,14524050.0,49.688098133205635
76.28,-5257736.404863723,14523810.0,49.688097542280175
76.29,-5257703.003232822,14523570.0,49.68809694954636
76.3,-5257670.016507293,14523330.0,49.68809635506915
76.31,-5257637.454124139,14523090.0,49.68809575893221
76.32,-5257605.330555693,14522860.0,49.68809516126108
76.33,-5257573.659167693,14522620.0,49.688094562134324
76.34,-5257542.448455385,14522390.0,49.688093961591136
76.35,-5257511.706704125,14522160.0,49.68809335970882
76.36,-5257481.440393209,14521940.0,49.688092756547555
76.37,-5257451.656869651,14521710.0,49.68809215219361
76.38,-5257422.364920163,14521490.0,49.68809154673934
76.39,-5257393.575287582,14521270.0,49.68809094028589
76.4,-5257365.299080109,14521050.0,49.688090332926954
76.41,-5257337.547829141,14520840.0,49.68808972475454
76.42,-5257310.331495776,14520620.0,49.68808911584504
76.43,-5257283.657839994,14520420.0,49.68808850626695
76.44,-5257257.530933489,14520210.0,49.688087896068545
76.45,-5257231.9508085195,14520000.0,49.688087285286876
76.46,-5257206.923420287,14519800.0,49.68808667405249
76.47,-5257182.458838175,14519600.0,49.688086062487535
76.48,-5257158.565614421,14519410.0,49.68808545067053
76.49,-5257135.2471331945,14519220.0,49.688084838638275
76.5,-5257112.506726374,14519030.0,49.688084226471204
76.51,-5257090.350123778,14518840.0,49.68808361427079
76.52,-5257068.782837793,14518660.0,49.68808300212161
76.53,-5257047.81192937,14518480.0,49.688082390123554
76.54,-5257027.442877645,14518310.0,49.68808177834925
76.55,-5257007.681171561,14518130.0,49.68808116688482
76.56,-5256988.528719775,14517960.0,49.68808055578179
76.57,-5256969.986178122,14517800.0,49.68807994510592
76.58,-5256952.056878478,14517640.0,49.68807933496039
76.59,-5256934.745581762,14517480.0,49.68807872544203
76.6,-5256918.056999868,14517320.0,49.68807811663643
76.61,-5256901.995111692,14517170.0,49.688077508620495
76.62,-5256886.565554683,14517030.0,49.68807690149695
76.63,-5256871.773349534,14516880.0,49.68807629534734
76.64,-5256857.621303029,14516740.0,49.68807569023698
76.65,-5256844.112452884,14516610.0,49.68807508625142
76.66,-5256831.251265001,14516470.0,49.68807448348974
76.67,-5256819.044377837,14516350.0,49.68807388205917
76.68,-5256807.496333894,14516220.0,49.68807328203235
76.69,-5256796.61139799,14516100.0,49.68807268349425
76.7,-5256786.38979551,14515980.0,49.68807208649269
76.71,-5256776.830437619,14515870.0,49.688071491092295
76.72,-5256767.930690048,14515760.0,49.6880708973567
76.73,-5256759.688249789,14515660.0,49.68807030535956
76.74,-5256752.104109185,14515560.0,49.68806971520703
76.75,-5256745.177435478,14515460.0,49.688069126961196
76.76,-5256738.906136124,14515370.0,49.688068540683645
76.77,-5256733.286684695,14515280.0,49.688067956434374
76.78,-5256728.318562212,14515190.0,49.688067374309654
76.79,-5256724.005575338,14515110.0,49.68806679443005
76.8,-5256720.349655754,14515040.0,49.688066216859745
76.81,-5256717.350798485,14514960.0,49.68806564165943
76.82,-5256715.010305245,14514900.0,49.68806506891873
76.83,-5256713.325431067,14514830.0,49.6880644986749
76.84,-5256712.29000105,14514770.0,49.688063930965114
76.85,-5256711.90260775,14514720.0,49.68806336589731
76.86,-5256712.163260974,14514660.0,49.688062803556996
76.87,-5256713.068034687,14514620.0,49.68806224397902
76.88,-5256714.613331129,14514570.0,49.68806168723244
76.89,-5256716.794570994,14514530.0,49.6880611333712
76.9,-5256719.605564174,14514500.0,49.688060582443356
76.91,-5256723.042038888,14514470.0,49.68806003452488
76.92,-5256727.103584015,14514440.0,49.688059489716665
76.93,-5256731.790752498,14514420.0,49.688058948097485
76.94,-5256737.103753098,14514400.0,49.68805840973488
76.95,-5256743.044899909,14514390.0,49.68805787472026
76.96,-5256749.612577155,14514380.0,49.688057343089724
76.97,-5256756.802027186,14514370.0,49.68805681487788
76.98,-5256764.609388628,14514370.0,49.688056290151295
76.99,-5256773.03016005,14514370.0,49.68805576896641
77.0,-5256782.063016433,14514380.0,49.68805525141096
77.01,-5256791.70719579,14514390.0,49.68805473755609
77.02,-5256801.958055721,14514400.0,49.688054227427834
77.03,-5256812.81179354,14514420.0,49.68805372109203
77.04,-5256824.264593634,14514440.0,49.68805321860472
77.05,-5256836.312285545,14514470.0,49.6880527200213
77.06,-5256848.9502861295,14514500.0,49.68805222539145
77.07,-5256862.16983752,14514530.0,49.68805173472875
77.08,-5256875.963866266,14514570.0,49.68805124809402
77.09,-5256890.326417734,14514610.0,49.688050765544446
77.1,-5256905.252829912,14514660.0,49.68805028714188
77.11,-5256920.739565717,14514710.0,49.68804981294683
77.12,-5256936.776750737,14514760.0,49.68804934294888
77.13,-5256953.352089456,14514820.0,49.6880488771608
77.14,-5256970.456842767,14514880.0,49.68804841564782
77.15,-5256988.085665968,14514950.0,49.688047958482265
77.16,-5257006.233027199,14515020.0,49.68804750570507
77.17,-5257024.891383482,14515090.0,49.68804705733712
77.18,-5257044.049751104,14515170.0,49.68804661338243
77.19,-5257063.697857037,14515250.0,49.6880461738754
77.2,-5257083.82802131,14515330.0,49.68804573887021
77.21,-5257104.433169049,14515420.0,49.68804530840594
77.22,-5257125.509453376,14515510.0,49.68804488254755
77.23,-5257147.050109071,14515610.0,49.68804446130479
77.24,-5257169.046414079,14515700.0,49.68804404469128
77.25,-5257191.495776626,14515810.0,49.68804363279389
77.26,-5257214.398844299,14515910.0,49.68804322568503
77.27,-5257237.754383455,14516020.0,49.688042823392074
77.28,-5257261.552607221,14516130.0,49.68804242587064
77.29,-5257285.779599046,14516250.0,49.6880420331029
77.3,-5257310.423855814,14516370.0,49.68804164512384
77.31,-5257335.48073882,14516490.0,49.688041262018665
77.32,-5257360.94684939,14516620.0,49.688040883830766
77.33,-5257386.814561416,14516750.0,49.68804051054676
77.34,-5257413.075088041,14516880.0,49.68804014217936
77.35,-5257439.718079924,14517010.0,49.688039778728914
77.36,-5257466.730994567,14517150.0,49.68803942018866
77.37,-5257494.103535779,14517290.0,49.688039066587784
77.38,-5257521.830052754,14517440.0,49.688038717983396
77.39,-5257549.903568248,14517590.0,49.6880383743829
77.4,-5257578.312983016,14517740.0,49.68803803576057
77.41,-5257607.049220014,14517890.0,49.68803770214188
77.42,-5257636.1048306255,14518050.0,49.68803737355373
77.43,-5257665.471206481,14518200.0,49.68803704999458
77.44,-5257695.140229204,14518370.0,49.68803673147904
77.45,-5257725.102220208,14518530.0,49.68803641799886
77.46,-5257755.345253033,14518700.0,49.68803610953398
77.47,-5257785.858509949,14518870.0,49.688035806093914
77.48,-5257816.630974134,14519040.0,49.688035507675885
77.49,-5257847.6476682015,14519210.0,49.688035214235114
77.5,-5257878.895171986,14519390.0,49.688034925774616
77.51,-5257910.365102647,14519570.0,49.68803464233211
77.52,-5257942.048884645,14519750.0,49.68803436390476
77.53,-5257973.935412907,14519940.0,49.68803409046112
77.54,-5258006.013325998,14520120.0,49.68803382198953
77.55,-5258038.2728860695,14520310.0,49.68803355849424
77.56,-5258070.7078635115,14520510.0,49.688033299998594
77.57,-5258103.312354565,14520700.0,49.688033046502596
77.58,-5258136.079927398,14520900.0,49.688032797997515
77.59,-5258169.0029369965,14521090.0,49.688032554465096
77.6,-5258202.06910305,14521290.0,49.68803231585067
77.61,-5258235.267766851,14521490.0,49.68803208214887
77.62,-5258268.589496511,14521700.0,49.68803185335498
77.63,-5258302.0232978035,14521900.0,49.688031629435805
77.64,-5258335.558604814,14522110.0,49.68803141037512
77.65,-5258369.187275577,14522320.0,49.68803119617368
77.66,-5258402.904566936,14522530.0,49.68803098684934
77.67,-5258436.70253275,14522740.0,49.68803078235957
77.68,-5258470.571212628,14522950.0,49.68803058266295
77.69,-5258504.502103081,14523170.0,49.688030387752285
77.7,-5258538.484229206,14523380.0,49.688030197579785
77.71,-5258572.509609195,14523600.0,49.68803001214694
77.72,-5258606.568646031,14523820.0,49.68802983141427
77.73,-5258640.648983801,14524040.0,49.68802965532627
77.74,-5258674.74182627,14524260.0,49.68802948388377
77.75,-5258708.838982586,14524490.0,49.68802931706463
77.76,-5258742.931558175,14524710.0,49.6880291548325
77.77,-5258777.009326196,14524940.0,49.688028997143725
77.78,-5258811.060895228,14525160.0,49.68802884395299
77.79,-5258845.074618194,14525390.0,49.68802869521764
77.8,-5258879.0429796865,14525620.0,49.68802855093981
77.81,-5258912.957933519,14525850.0,49.68802841108033
77.82,-5258946.808906957,14526080.0,49.688028275580805
77.83,-5258980.5855867565,14526310.0,49.688028144401166
77.84,-5259014.276324281,14526540.0,49.68802801748739
77.85,-5259047.87155136,14526770.0,49.68802789481407
77.86,-5259081.362246946,14527000.0,49.6880277763437
77.87,-5259114.743528614,14527240.0,49.68802766207503
77.88,-5259148.008679462,14527470.0,49.68802755195572
77.89,-5259181.147263036,14527700.0,49.68802744590967
77.9,-5259214.151040595,14527940.0,49.68802734391118
77.91,-5259247.0110703865,14528170.0,49.68802724590707
77.92,-5259279.71958646,14528400.0,49.688027151865235
77.93,-5259312.268235107,14528640.0,49.68802706173234
77.94,-5259344.647389611,14528870.0,49.68802697544864
77.95,-5259376.849509267,14529110.0,49.688026892985896
77.96,-5259408.868574781,14529340.0,49.688026814308984
77.97,-5259440.69530533,14529580.0,49.68802673934274
77.98,-5259472.319771789,14529810.0,49.68802666802629
77.99,-5259503.736181956,14530050.0,49.68802660034661
78.0,-5259534.938958922,14530280.0,49.68802653625786
78.01,-5259565.920690165,14530520.0,49.68802647569555
78.02,-5259596.67143917,14530750.0,49.68802641858139
78.03,-5259627.178910137,14530980.0,49.68802636483336
78.04,-5259657.436534099,14531220.0,49.68802631444487
78.05,-5259687.440804954,14531450.0,49.6880262673921
78.06,-5259717.186443368,14531680.0,49.68802622361206
78.07,-5259746.667873998,14531910.0,49.68802618304745
78.08,-5259775.876147558,14532140.0,49.68802614561374
78.09,-5259804.802123625,14532370.0,49.68802611124764
78.1,-5259833.434418739,14532600.0,49.68802607986476
78.11,-5259861.76321888,14532830.0,49.68802605141286
78.12,-5259889.7821069965,14533050.0,49.68802602585964
78.13,-5259917.482543927,14533280.0,49.68802600312417
78.14,-5259944.858251032,14533510.0,49.68802598316543
78.15,-5259971.9043041095,14533730.0,49.68802596593579
78.16,-5259998.6134897275,14533950.0,49.6880259513537
78.17,-5260024.978009113,14534180.0,49.6880259393503
78.18,-5260050.991300262,14534400.0,49.688025929870406
78.19,-5260076.648895847,14534620.0,49.68802592287342
78.2,-5260101.946092078,14534830.0,49.68802591829503
78.21,-5260126.876580472,14535050.0,49.688025916059054
78.22,-5260151.435806023,14535270.0,49.688025916119116
78.23,-5260175.6197749125,14535480.0,49.68802591841723
78.24,-5260199.420497088,14535690.0,49.68802592285415
78.25,-5260222.83201678,14535900.0,49.68802592937907
78.26,-5260245.8493918795,14536110.0,49.68802593793795
78.27,-5260268.466189132,14536320.0,49.68802594844812
78.28,-5260290.679438186,14536530.0,49.68802596087904
78.29,-5260312.486221124,14536730.0,49.688025975167065
78.3,-5260333.885382182,14536940.0,49.68802599127059
78.31,-5260354.874796832,14537140.0,49.688026009120655
78.32,-5260375.446867528,14537340.0,49.68802602860359
78.33,-5260395.597456778,14537530.0,49.68802604968056
78.34,-5260415.323388457,14537730.0,49.68802607229734
78.35,-5260434.622165292,14537920.0,49.688026096396726
78.36,-5260453.4874117235,14538110.0,49.68802612187734
78.37,-5260471.915132655,14538300.0,49.68802614869266
78.38,-5260489.902579706,14538490.0,49.68802617678809
78.39,-5260507.441587038,14538680.0,49.68802620604673
78.4,-5260524.529727007,14538860.0,49.688026236447904
78.41,-5260541.161035889,14539040.0,49.68802626789467
78.42,-5260557.326688882,14539220.0,49.68802630028395
78.43,-5260573.025136438,14539390.0,49.68802633361117
78.44,-5260588.254030495,14539570.0,49.68802636780328
78.45,-5260603.00953867,14539740.0,49.688026402780906
78.46,-5260617.285770707,14539910.0,49.68802643845299
78.47,-5260631.075286227,14540070.0,49.68802647473116
78.48,-5260644.373022899,14540240.0,49.68802651156114
78.49,-5260657.175504604,14540400.0,49.688026548885475
78.5,-5260669.480275567,14540560.0,49.68802658664344
78.51,-5260681.2858459195,14540720.0,49.68802662477727
78.52,-5260692.591808095,14540870.0,49.68802666323066
78.53,-5260703.395192451,14541020.0,49.68802670191511
78.54,-5260713.696672297,14541170.0,49.68802674079643
78.55,-5260723.49578621,14541320.0,49.68802677980162
78.56,-5260732.793328572,14541460.0,49.68802681888025
78.57,-5260741.591637639,14541600.0,49.68802685798623
78.58,-5260749.88850192,14541740.0,49.68802689701673
78.59,-5260757.6807388915,14541870.0,49.68802693589434
78.6,-5260764.966699952,14542010.0,49.68802697456658
78.61,-5260771.748040809,14542140.0,49.688027012999164
78.62,-5260778.026880445,14542260.0,49.68802705113806
78.63,-5260783.8042066535,14542390.0,49.68802708891527
78.64,-5260789.0792463645,14542510.0,49.68802712625329
78.65,-5260793.853165296,14542630.0,49.688027163107215
78.66,-5260798.126850347,14542740.0,49.688027199417334
78.67,-5260801.900794916,14542860.0,49.6880272351197
78.68,-5260805.178175133,14542970.0,49.688027270180655
78.69,-5260807.962976002,14543070.0,49.688027304555824
78.7,-5260810.255377578,14543180.0,49.688027338154676
78.71,-5260812.052885143,14543280.0,49.68802737089311
78.72,-5260813.355052335,14543380.0,49.68802740272549
78.73,-5260814.162460519,14543470.0,49.68802743360155
78.74,-5260814.476151495,14543560.0,49.68802746346815
78.75,-5260814.2973437,14543650.0,49.68802749227043
78.76,-5260813.627261682,14543740.0,49.68802751995266
78.77,-5260812.463432047,14543820.0,49.68802754642033
78.78,-5260810.8052018,14543900.0,49.68802757162918
78.79,-5260808.652660188,14543980.0,49.688027595526954
78.8,-5260806.00327839,14544050.0,49.688027618028926
78.81,-5260802.85674675,14544120.0,49.68802763909314
78.82,-5260799.214239512,14544190.0,49.68802765867573
78.83,-5260795.078019612,14544250.0,49.68802767673132
78.84,-5260790.45081454,14544320.0,49.68802769321315
78.85,-5260785.339749475,14544380.0,49.68802770811182
78.86,-5260779.753736898,14544430.0,49.6880277214051
78.87,-5260773.698865166,14544480.0,49.68802773302771
78.88,-5260767.178961259,14544540.0,49.68802774291555
78.89,-5260760.1998020355,14544580.0,49.68802775104348
78.9,-5260752.767694414,14544630.0,49.68802775737447
78.91,-5260744.8885648865,14544670.0,49.68802776186751
78.92,-5260736.567160734,14544710.0,49.68802776447128
78.93,-5260727.806819091,14544740.0,49.68802776513165
78.94,-5260718.612654585,14544780.0,49.688027763823634
78.95,-5260708.9897971945,14544810.0,49.68802776050853
78.96,-5260698.945899605,14544830.0,49.688027755174275
78.97,-5260688.488351177,14544860.0,49.688027747786705
78.98,-5260677.626784599,14544880.0,49.68802773833777
78.99,-5260666.369605304,14544900.0,49.68802772679057
79.0,-5260654.723190555,14544920.0,49.68802771309654
79.01,-5260642.689490937,14544930.0,49.68802769718405
79.02,-5260630.266532132,14544940.0,49.688027678974414
79.03,-5260617.458947451,14544950.0,49.6880276584856
79.04,-5260604.272409722,14544950.0,49.68802763569723
79.05,-5260590.711069511,14544960.0,49.68802761056333
79.06,-5260576.778747975,14544960.0,49.6880275830489
79.07,-5260562.476143719,14544950.0,49.688027553090556
79.08,-5260547.806865446,14544950.0,49.68802752067851
79.09,-5260532.776242513,14544940.0,49.688027485798855
79.1,-5260517.383864084,14544930.0,49.68802744836493
79.11,-5260501.630004143,14544920.0,49.68802740834447
79.12,-5260485.518871377,14544900.0,49.68802736574048
79.13,-5260469.0536042545,14544880.0,49.68802732051124
79.14,-5260452.240371279,14544870.0,49.68802727265575
79.15,-5260435.086042122,14544840.0,49.68802722215896
79.16,-5260417.594086362,14544820.0,49.68802716896397
79.17,-5260399.768724909,14544790.0,49.688027113050985
79.18,-5260381.617610165,14544760.0,49.688027054428076
79.19,-5260363.149156234,14544730.0,49.68802699308533
79.2,-5260344.371059148,14544700.0,49.68802692900045
79.21,-5260325.292859363,14544660.0,49.688026862175754
79.22,-5260305.923211007,14544620.0,49.688026792593014
79.23,-5260286.264807888,14544580.0,49.68802672018104
79.24,-5260266.319041392,14544540.0,49.68802664490327
79.25,-5260246.092094662,14544490.0,49.68802656678173
79.26,-5260225.590908562,14544440.0,49.68802648580914
79.27,-5260204.816858135,14544390.0,49.6880264019184
79.28,-5260183.77012656,14544340.0,49.688026315071795
79.29,-5260162.455001819,14544290.0,49.688026225286144
79.3,-5260140.879886934,14544230.0,49.688026132584525
79.31,-5260119.052808335,14544170.0,49.68802603695518
79.32,-5260096.978622585,14544110.0,49.688025938360994
79.33,-5260074.6614587875,14544050.0,49.68802583677947
79.34,-5260052.105571532,14543980.0,49.68802573219871
79.35,-5260029.316024997,14543920.0,49.6880256246142
79.36,-5260006.299150832,14543850.0,49.688025514026094
79.37,-5259983.062209358,14543780.0,49.6880254004374
79.38,-5259959.609459856,14543700.0,49.688025283813566
79.39,-5259935.944033544,14543630.0,49.68802516413145
79.4,-5259912.071919729,14543550.0,49.68802504140834
79.41,-5259887.996958185,14543470.0,49.68802491561823
79.42,-5259863.722201402,14543390.0,49.68802478674178
79.43,-5259839.249513703,14543300.0,49.68802465475788
79.44,-5259814.580537011,14543220.0,49.68802451964935
79.45,-5259789.715835495,14543130.0,49.68802438139498
79.46,-5259764.655861631,14543040.0,49.688024239975796
79.47,-5259739.403919157,14542950.0,49.6880240954061
79.48,-5259713.964631573,14542860.0,49.68802394768994
79.49,-5259688.342805702,14542760.0,49.688023796822364
79.5,-5259662.542292404,14542670.0,49.68802364279039
79.51,-5259636.5656422395,14542570.0,49.68802348557387
79.52,-5259610.413532358,14542470.0,49.68802332514608
79.53,-5259584.092397859,14542360.0,49.68802316155154
79.54,-5259557.610229224,14542260.0,49.688022994806374
79.55,-5259530.971162519,14542150.0,49.688022824876896
79.56,-5259504.179059832,14542050.0,49.68802265175738
79.57,-5259477.239958927,14541940.0,49.68802247546627
79.58,-5259450.159058418,14541820.0,49.68802229599809
79.59,-5259422.939575927,14541710.0,49.688022113333744
79.6,-5259395.585079518,14541600.0,49.68802192747487
79.61,-5259368.097551033,14541480.0,49.688021738402774
79.62,-5259340.479547576,14541360.0,49.688021546120396
79.63,-5259312.739388606,14541240.0,49.688021350682135
79.64,-5259284.882223569,14541120.0,49.68802115206565
79.65,-5259256.909055183,14541000.0,49.68802095023511
79.66,-5259228.823225413,14540870.0,49.68802074520787
79.67,-5259200.630421305,14540750.0,49.68802053700956
79.68,-5259172.3346348265,14540620.0,49.688020325629225
79.69,-5259143.939811196,14540490.0,49.688020111070834
79.7,-5259115.45400868,14540360.0,49.68801989337824
79.71,-5259086.888041168,14540220.0,49.68801967259277
79.72,-5259058.250242334,14540090.0,49.68801944871066
79.73,-5259029.543895026,14539950.0,49.688019221697495
79.74,-5259000.7689851755,14539820.0,49.688018991525944
79.75,-5258971.92350422,14539680.0,49.68801875817616
79.76,-5258943.008059959,14539540.0,49.688018521668425
79.77,-5258914.028105523,14539400.0,49.688018282053214
79.78,-5258884.991672034,14539250.0,49.68801803936463
79.79,-5258855.9031065935,14539110.0,49.68801779358681
79.8,-5258826.764259738,14538960.0,49.68801754470198
79.81,-5258797.57767038,14538820.0,49.688017292724965
79.82,-5258768.345370811,14538670.0,49.688017037656294
79.83,-5258739.071677724,14538520.0,49.68801677952546
79.84,-5258709.760291624,14538360.0,49.688016518338415
79.85,-5258680.409565472,14538210.0,49.68801625405178
79.86,-5258651.020583274,14538060.0,49.68801598669178
79.87,-5258621.5975657925,14537900.0,49.68801571629618
79.88,-5258592.144801157,14537750.0,49.688015442877756
79.89,-5258562.668183601,14537590.0,49.688015166463586
79.9,-5258533.171456407,14537430.0,49.688014887051814
79.91,-5258503.65877085,14537270.0,49.68801460465794
79.92,-5258474.13508609,14537110.0,49.68801431930338
79.93,-5258444.602695051,14536950.0,49.688014030979986
79.94,-5258415.063212227,14536790.0,49.68801373969031
79.95,-5258385.521959867,14536620.0,49.688013445482355
79.96,-5258355.982620573,14536460.0,49.68801314835762
79.97,-5258326.448372886,14536290.0,49.688012848327254
79.98,-5258296.929298127,14536130.0,49.68801254547315
79.99,-5258267.431057477,14535960.0,49.68801223978246
80.0,-5258237.95659045,14535790.0,49.6880119312494
80.01,-5258208.509584194,14535620.0,49.68801161989836
80.02,-5258179.093791513,14535450.0,49.68801130574613
80.03,-5258149.714911526,14535280.0,49.68801098883405
80.04,-5258120.378941926,14535110.0,49.68801066918528
80.05,-5258091.089786292,14534930.0,49.6880103468066
80.06,-5258061.852497009,14534760.0,49.688010021728715
80.07,-5258032.670314863,14534590.0,49.688009693957326
80.08,-5258003.543353824,14534410.0,49.68800936348271
80.09,-5257974.471328539,14534240.0,49.688009030313566
80.1,-5257945.458852988,14534060.0,49.68800869451291
80.11,-5257916.514199026,14533880.0,49.68800835613949
80.12,-5257887.636825644,14533700.0,49.68800801513982
80.13,-5257858.822314689,14533530.0,49.68800767148631
80.14,-5257830.071421894,14533350.0,49.68800732523794
80.15,-5257801.388494217,14533170.0,49.688006976445436
80.16,-5257772.77999717,14532990.0,49.68800662515402
80.17,-5257744.249049467,14532810.0,49.68800627136063
80.18,-5257715.800714295,14532630.0,49.68800591510582
80.19,-5257687.439496779,14532450.0,49.6880055564112
80.2,-5257659.16922859,14532270.0,49.68800519529685
80.21,-5257630.995117723,14532090.0,49.68800483180279
80.22,-5257602.922384253,14531900.0,49.68800446595609
80.23,-5257574.957457025,14531720.0,49.68800409780093
80.24,-5257547.102164127,14531540.0,49.68800372732151
80.25,-5257519.357083512,14531360.0,49.688003354530046
80.26,-5257491.727181447,14531180.0,49.688002979491166
80.27,-5257464.2173216,14530990.0,49.68800260223411
80.28,-5257436.829586426,14530810.0,49.68800222276112
80.29,-5257409.564922797,14530630.0,49.688001841086574
80.3,-5257382.424107904,14530440.0,49.688001457232225
80.31,-5257355.41213672,14530260.0,49.688001071262065
80.32,-5257328.536124052,14530080.0,49.68800068322919
80.33,-5257301.800466026,14529900.0,49.688000293143276
80.34,-5257275.207232171,14529710.0,49.68799990101319
80.35,-5257248.760148572,14529530.0,49.68799950688362
80.36,-5257222.46289243,14529350.0,49.6879991107834
80.37,-5257196.321770239,14529170.0,49.68799871277136
80.38,-5257170.346408146,14528980.0,49.68799831291839
80.39,-5257144.542921937,14528800.0,49.68799791123428
80.4,-5257118.912996448,14528620.0,49.687997507714115
80.41,-5257093.457407594,14528440.0,49.687997102377864
80.42,-5257068.1813767245,14528260.0,49.68799669529842
80.43,-5257043.0898519205,14528080.0,49.68799628651055
80.44,-5257018.184771966,14527900.0,49.687995876022875
80.45,-5256993.466882365,14527720.0,49.68799546385374
80.46,-5256968.936701101,14527540.0,49.68799505002999
80.47,-5256944.594632047,14527360.0,49.687994634579844
80.48,-5256920.441249606,14527180.0,49.68799421753345
80.49,-5256896.4808322415,14527010.0,49.687993798955866
80.5,-5256872.719092287,14526830.0,49.687993378898526
80.51,-5256849.157936842,14526650.0,49.68799295736435
80.52,-5256825.800017084,14526480.0,49.68799253439321
80.53,-5256802.650667625,14526300.0,49.687992110045684
80.54,-5256779.71130287,14526130.0,49.68799168432505
80.55,-5256756.983624145,14525950.0,49.687991257264784
80.56,-5256734.470703124,14525780.0,49.68799082891367
80.57,-5256712.178580843,14525610.0,49.687990399336435
80.58,-5256690.115762213,14525440.0,49.6879899686019
80.59,-5256668.289518076,14525270.0,49.68798953674719
80.6,-5256646.706964804,14525100.0,49.687989103817834
80.61,-5256625.371530761,14524930.0,49.687988669825
80.62,-5256604.284884591,14524760.0,49.68798823479244
80.63,-5256583.451375663,14524600.0,49.687987798784036
80.64,-5256562.876901059,14524430.0,49.68798736185743
80.65,-5256542.563666729,14524270.0,49.687986924024294
80.66,-5256522.511602897,14524100.0,49.687986485299824
80.67,-5256502.721891481,14523940.0,49.68798604573234
80.68,-5256483.195772519,14523780.0,49.68798560535852
80.69,-5256463.936994694,14523620.0,49.68798516424232
80.7,-5256444.949257231,14523460.0,49.68798472242524
80.71,-5256426.234614169,14523310.0,49.687984279935186
80.72,-5256407.795977596,14523150.0,49.6879838368197
80.73,-5256389.634498448,14523000.0,49.687983393104155
80.74,-5256371.7519555,14522840.0,49.687982948833096
80.75,-5256354.151668689,14522690.0,49.687982504060955
80.76,-5256336.838730904,14522540.0,49.68798205885098
80.77,-5256319.820240323,14522390.0,49.68798161326809
80.78,-5256303.100575595,14522240.0,49.68798116734076
80.79,-5256286.683326524,14522100.0,49.68798072110553
80.8,-5256270.571007151,14521950.0,49.68798027460011
80.81,-5256254.765850857,14521810.0,49.68797982786416
80.82,-5256239.269296773,14521670.0,49.6879793809338
80.83,-5256224.0858628135,14521530.0,49.68797893388216
80.84,-5256209.220816944,14521390.0,49.68797848676446
80.85,-5256194.678982327,14521250.0,49.68797803962912
80.86,-5256180.463482509,14521120.0,49.687977592507885
80.87,-5256166.5751673,14520980.0,49.687977145426714
80.88,-5256153.015684307,14520850.0,49.68797669843449
80.89,-5256139.785429441,14520720.0,49.68797625156371
80.9,-5256126.885880209,14520600.0,49.68797580486763
80.91,-5256114.3171480205,14520470.0,49.68797535837523
80.92,-5256102.080197225,14520340.0,49.6879749121363
80.93,-5256090.177417095,14520220.0,49.68797446620896
80.94,-5256078.609833084,14520100.0,49.68797402062345
80.95,-5256067.378186147,14519980.0,49.687973575421815
80.96,-5256056.487889767,14519860.0,49.68797313069236
80.97,-5256045.9471041,14519750.0,49.687972686515884
80.98,-5256035.758251957,14519640.0,49.6879722428942
80.99,-5256025.920511805,14519520.0,49.687971799842565
81.0,-5256016.434710434,14519420.0,49.68797135741767
81.01,-5256007.302358315,14519310.0,49.68797091567127
81.02,-5255998.52513844,14519200.0,49.6879704746495
81.03,-5255990.100176946,14519100.0,49.687970034353484
81.04,-5255982.025502364,14519000.0,49.68796959482793
81.05,-5255974.302042376,14518900.0,49.68796915614075
81.06,-5255966.9320924645,14518800.0,49.68796871834705
81.07,-5255959.916754962,14518710.0,49.687968281483855
81.08,-5255953.255651152,14518620.0,49.68796784557861
81.09,-5255946.953071999,14518530.0,49.68796741072086
81.1,-5255941.014285755,14518440.0,49.68796697696985
81.11,-5255935.443146969,14518360.0,49.68796654436552
81.12,-5255930.243802511,14518270.0,49.68796611296362
81.13,-5255925.418526831,14518190.0,49.68796568279504
81.14,-5255920.969483811,14518110.0,49.68796525390836
81.15,-5255916.899752238,14518040.0,49.6879648263614
81.16,-5255913.210307825,14517960.0,49.68796440018216
81.17,-5255909.901556579,14517890.0,49.68796397541229
81.18,-5255906.974245138,14517820.0,49.68796355209978
81.19,-5255904.430088465,14517760.0,49.68796313029916
81.2,-5255902.271487346,14517690.0,49.68796271006557
81.21,-5255900.501701037,14517630.0,49.6879622914563
81.22,-5255899.120347552,14517570.0,49.68796187448702
81.23,-5255898.125446039,14517520.0,49.68796145918431
81.24,-5255897.517287822,14517460.0,49.68796104561136
81.25,-5255897.293655297,14517410.0,49.68796063378764
81.26,-5255897.454602463,14517360.0,49.687960223774226
81.27,-5255898.0043981215,14517320.0,49.68795981565748
81.28,-5255898.945438931,14517270.0,49.687959409470906
81.29,-5255900.278073768,14517230.0,49.68795900524385
81.3,-5255902.004302671,14517190.0,49.687958603036705
81.31,-5255904.121911444,14517160.0,49.68795820285553
81.32,-5255906.629304918,14517120.0,49.68795780474599
81.33,-5255909.527218081,14517090.0,49.68795740877127
81.34,-5255912.812909374,14517070.0,49.687957014942
81.35,-5255916.4839130705,14517040.0,49.68795662329735
81.36,-5255920.543852513,14517020.0,49.68795623393664
81.37,-5255924.994021457,14517000.0,49.68795584688569
81.38,-5255929.832865378,14516980.0,49.68795546216246
81.39,-5255935.062128801,14516970.0,49.68795507983948
81.4,-5255940.68355838,14516960.0,49.6879546999627
81.41,-5255946.696338557,14516950.0,49.6879543225529
81.42,-5255953.099592518,14516940.0,49.68795394765155
81.43,-5255959.897453779,14516940.0,49.687953575347805
81.44,-5255967.093949978,14516940.0,49.687953205692516
81.45,-5255974.690153325,14516940.0,49.687952838708284
81.46,-5255982.6861107135,14516950.0,49.68795247442982
81.47,-5255991.081866911,14516960.0,49.68795211290017
81.48,-5255999.877977418,14516970.0,49.687951754167656
81.49,-5256009.075623725,14516990.0,49.68795139828343
81.5,-5256018.6767858295,14517000.0,49.68795104529966
81.51,-5256028.683788345,14517030.0,49.687950695267915
81.52,-5256039.095312362,14517050.0,49.68795034819939
81.53,-5256049.911856964,14517080.0,49.68795000415271
81.54,-5256061.1380232,14517110.0,49.6879496632134
81.55,-5256072.776939734,14517140.0,49.68794932541848
81.56,-5256084.825985228,14517180.0,49.687948990762514
81.57,-5256097.282928438,14517220.0,49.68794865928604
81.58,-5256110.148379578,14517260.0,49.687948331055345
81.59,-5256123.420212846,14517300.0,49.68794800608748
81.6,-5256137.09754859,14517350.0,49.68794768443408
81.61,-5256151.17916084,14517400.0,49.687947366130935
81.62,-5256165.662735641,14517460.0,49.68794705120661
81.63,-5256180.547717635,14517520.0,49.68794673971546
81.64,-5256195.833149008,14517580.0,49.68794643169542
81.65,-5256211.516813722,14517640.0,49.687946127170726
81.66,-5256227.593980699,14517710.0,49.687945826153936
81.67,-5256244.061101628,14517780.0,49.68794552868643
81.68,-5256260.917295579,14517850.0,49.68794523482847
81.69,-5256278.161905302,14517930.0,49.68794494461893
81.7,-5256295.7964352975,14518010.0,49.68794465811791
81.71,-5256313.821764935,14518090.0,49.68794437535998
81.72,-5256332.236380332,14518180.0,49.68794409636536
81.73,-5256351.039502592,14518270.0,49.68794382117526
81.74,-5256370.228753242,14518360.0,49.6879435498116
81.75,-5256389.802942552,14518460.0,49.68794328231979
81.76,-5256409.759451175,14518560.0,49.68794301872185
81.77,-5256430.093542777,14518660.0,49.68794275902776
81.78,-5256450.80092312,14518770.0,49.687942503270854
81.79,-5256471.876316569,14518880.0,49.68794225146757
81.8,-5256493.3160850005,14518990.0,49.68794200366028
81.81,-5256515.119827528,14519110.0,49.687941759909194
81.82,-5256537.283892244,14519220.0,49.68794152021492
81.83,-5256559.8013681285,14519350.0,49.68794128457371
81.84,-5256582.666236881,14519470.0,49.687941053012
81.85,-5256605.871779613,14519600.0,49.6879408255454
81.86,-5256629.414393161,14519730.0,49.6879406022208
81.87,-5256653.294794604,14519870.0,49.68794038310787
81.88,-5256677.512048584,14520000.0,49.687940168221004
81.89,-5256702.059688167,14520140.0,49.68793995753567
81.9,-5256726.931627555,14520290.0,49.68793975107266
81.91,-5256752.125525226,14520430.0,49.68793954888698
81.92,-5256777.637721599,14520580.0,49.68793935098781
81.93,-5256803.45993061,14520740.0,49.68793915735322
81.94,-5256829.58606646,14520890.0,49.687938968013114
81.95,-5256856.011508348,14521050.0,49.68793878299837
81.96,-5256882.730197902,14521210.0,49.687938602310204
81.97,-5256909.7362882085,14521370.0,49.687938425964234
81.98,-5256937.025626003,14521540.0,49.68793825398981
81.99,-5256964.592849671,14521710.0,49.68793808639062
82.0,-5256992.43018957,14521880.0,49.687937923155765
82.01,-5257020.534813194,14522060.0,49.68793776433972
82.02,-5257048.901087502,14522230.0,49.68793760993181
82.03,-5257077.52165468,14522420.0,49.687937459923795
82.04,-5257106.390562087,14522600.0,49.687937314335464
82.05,-5257135.50303786,14522780.0,49.6879371731852
82.06,-5257164.850365201,14522970.0,49.687937036445085
82.07,-5257194.423177738,14523160.0,49.687936904105015
82.08,-5257224.215105027,14523350.0,49.68793677619524
82.09,-5257254.219588903,14523550.0,49.68793665271583
82.1,-5257284.431193711,14523740.0,49.68793653367884
82.11,-5257314.842987826,14523940.0,49.68793641907338
82.12,-5257345.441696174,14524140.0,49.68793630883521
82.13,-5257376.213326041,14524350.0,49.68793620294218
82.14,-5257407.1503455285,14524550.0,49.68793610143826
82.15,-5257438.244633562,14524760.0,49.687936004312924
82.16,-5257469.4842302855,14524970.0,49.68793591151953
82.17,-5257500.859424994,14525180.0,49.68793582306106
82.18,-5257532.362134982,14525390.0,49.687935738941476
82.19,-5257563.983231337,14525610.0,49.68793565913677
82.2,-5257595.714416908,14525830.0,49.68793558364031
82.21,-5257627.546006006,14526040.0,49.68793551242435
82.22,-5257659.466465101,14526260.0,49.68793544545153
82.23,-5257691.46616932,14526490.0,49.68793538271659
82.24,-5257723.539971637,14526710.0,49.68793532424338
82.25,-5257755.681173621,14526930.0,49.687935270005326
82.26,-5257787.879242187,14527160.0,49.68793521994628
82.27,-5257820.125669583,14527390.0,49.68793517406232
82.28,-5257852.414605339,14527620.0,49.68793513235591
82.29,-5257884.739329853,14527850.0,49.68793509480307
82.3,-5257917.091226518,14528080.0,49.687935061363106
82.31,-5257949.463025198,14528310.0,49.68793503202514
82.32,-5257981.851142063,14528540.0,49.68793500680279
82.33,-5258014.249876283,14528780.0,49.687934985658806
82.34,-5258046.652373537,14529020.0,49.68793496856188
82.35,-5258079.05147795,14529250.0,49.687934955483506
82.36,-5258111.43705306,14529490.0,49.687934946369126
82.37,-5258143.798709739,14529730.0,49.687934941183606
82.38,-5258176.12426701,14529960.0,49.68793493987282
82.39,-5258208.403052805,14530200.0,49.68793494241382
82.4,-5258240.628301196,14530440.0,49.68793494880639
82.41,-5258272.791292682,14530680.0,49.68793495900131
82.42,-5258304.882432099,14530920.0,49.68793497295401
82.43,-5258336.892101255,14531170.0,49.68793499062486
82.44,-5258368.80780966,14531410.0,49.68793501194705
82.45,-5258400.617492583,14531650.0,49.68793503687561
82.46,-5258432.310993811,14531890.0,49.68793506538417
82.47,-5258463.882463872,14532130.0,49.687935097468625
82.48,-5258495.323190658,14532380.0,49.687935133066276
82.49,-5258526.623358876,14532620.0,49.68793517212088
82.5,-5258557.771933368,14532860.0,49.68793521457347
82.51,-5258588.758365705,14533100.0,49.687935260379916
82.52,-5258619.573336261,14533340.0,49.68793530949988
82.53,-5258650.206420952,14533580.0,49.68793536187421
82.54,-5258680.652470901,14533830.0,49.687935417501656
82.55,-5258710.904046581,14534070.0,49.68793547631789
82.56,-5258740.9519819915,14534310.0,49.687935538258394
82.57,-5258770.789483351,14534550.0,49.68793560329244
82.58,-5258800.407348275,14534790.0,49.687935671349095
82.59,-5258829.795840342,14535030.0,49.68793574236898
82.6,-5258858.94611244,14535260.0,49.68793581630317
82.61,-5258887.847587715,14535500.0,49.68793589307984
82.62,-5258916.4872714775,14535740.0,49.687935972613545
82.63,-5258944.857324309,14535970.0,49.68793605489
82.64,-5258972.9519977765,14536210.0,49.68793613987171
82.65,-5259000.762966878,14536440.0,49.68793622748082
82.66,-5259028.280292398,14536670.0,49.6879363176416
82.67,-5259055.4941265,14536910.0,49.687936410290575
82.68,-5259082.399442803,14537140.0,49.68793650541064
82.69,-5259108.991489626,14537370.0,49.68793660295122
82.7,-5259135.260377064,14537590.0,49.68793670280396
82.71,-5259161.195680036,14537820.0,49.687936804896786
82.72,-5259186.789172304,14538040.0,49.687936909184295
82.73,-5259212.030330162,14538270.0,49.687937015575066
82.74,-5259236.907010574,14538490.0,49.68793712398437
82.75,-5259261.410917816,14538710.0,49.68793723437266
82.76,-5259285.53664437,14538930.0,49.68793734670135
82.77,-5259309.274441022,14539150.0,49.68793746086241
82.78,-5259332.614024089,14539360.0,49.68793757677788
82.79,-5259355.54679657,14539580.0,49.68793769438828
82.8,-5259378.064427778,14539790.0,49.687937813623385
82.81,-5259400.16164634,14540000.0,49.68793793444097
82.82,-5259421.834880214,14540200.0,49.68793805678922
82.83,-5259443.081235218,14540410.0,49.6879381806127
82.84,-5259463.898895632,14540620.0,49.68793830585687
82.85,-5259484.283080922,14540820.0,49.68793843243317
82.86,-5259504.2288306495,14541020.0,49.68793856027168
82.87,-5259523.732314704,14541210.0,49.68793868931481
82.88,-5259542.784738698,14541410.0,49.68793881944715
82.89,-5259561.377004417,14541600.0,49.68793895058885
82.9,-5259579.502615366,14541790.0,49.68793908268556
82.91,-5259597.152212705,14541980.0,49.68793921563533
82.92,-5259614.318753818,14542160.0,49.68793934937981
82.93,-5259631.000253448,14542350.0,49.68793948389212
82.94,-5259647.194268751,14542530.0,49.68793961910246
82.95,-5259662.895333804,14542700.0,49.687939754910595
82.96,-5259678.096946572,14542880.0,49.68793989123444
82.97,-5259692.793845772,14543050.0,49.68794002800648
82.98,-5259706.9792217035,14543220.0,49.687940165138365
82.99,-5259720.644199546,14543380.0,49.687940302528624
83.0,-5259733.781253373,14543550.0,49.68794044010744
83.01,-5259746.3827849245,14543710.0,49.68794057779131
83.02,-5259758.444713553,14543870.0,49.687940715533955
83.03,-5259769.968479532,14544020.0,49.6879408533122
83.04,-5259780.950914404,14544170.0,49.687940991017236
83.05,-5259791.3866798645,14544320.0,49.687941128553184
83.06,-5259801.273334062,14544470.0,49.68794126586992
83.07,-5259810.60712192,14544610.0,49.687941402881876
83.08,-5259819.381319288,14544750.0,49.687941539481514
83.09,-5259827.592607933,14544890.0,49.6879416756212
83.1,-5259835.237380002,14545020.0,49.687941811222586
83.11,-5259842.310768561,14545150.0,49.68794194619522
83.12,-5259848.809094847,14545280.0,49.687942080471146
83.13,-5259854.728446611,14545400.0,49.687942213970224
83.14,-5259860.0637088,14545520.0,49.687942346602206
83.15,-5259864.812492565,14545630.0,49.68794247831308
83.16,-5259868.973204589,14545750.0,49.68794260903496
83.17,-5259872.541174047,14545860.0,49.68794273866198
83.18,-5259875.513488708,14545960.0,49.68794286713185
83.19,-5259877.888657428,14546060.0,49.687942994380194
83.2,-5259879.666499727,14546160.0,49.68794312034619
83.21,-5259880.84809208,14546260.0,49.68794324497081
83.22,-5259881.4361699335,14546350.0,49.68794336820147
83.23,-5259881.43501786,14546440.0,49.68794348998956
83.24,-5259880.850986263,14546520.0,49.68794361029434
83.25,-5259879.684632494,14546600.0,49.68794372900269
83.26,-5259877.931276207,14546680.0,49.68794384599424
83.27,-5259875.5919844955,14546750.0,49.687943961248294
83.28,-5259872.669198358,14546820.0,49.68794407471121
83.29,-5259869.160467701,14546890.0,49.68794418627249
83.3,-5259865.062883989,14546950.0,49.68794429585258
83.31,-5259860.375301543,14547010.0,49.68794440339481
83.32,-5259855.100165481,14547060.0,49.68794450886487
83.33,-5259849.240500443,14547110.0,49.68794461220552
83.34,-5259842.798829282,14547160.0,49.68794471334892
83.35,-5259835.77546222,14547200.0,49.68794481221385
83.36,-5259828.165243135,14547240.0,49.687944908677245
83.37,-5259819.966539623,14547270.0,49.68794500269719
83.38,-5259811.178801442,14547300.0,49.68794509421317
83.39,-5259801.801936361,14547330.0,49.68794518316317
83.4,-5259791.835342553,14547350.0,49.68794526947269
83.41,-5259781.274146263,14547370.0,49.68794535303181
83.42,-5259770.11825185,14547390.0,49.68794543381042
83.43,-5259758.369789381,14547400.0,49.68794551176453
83.44,-5259746.03255031,14547410.0,49.687945586845935
83.45,-5259733.1101680705,14547410.0,49.68794565899744
83.46,-5259719.606459554,14547410.0,49.68794572816147
83.47,-5259705.524513776,14547410.0,49.68794579427433
83.48,-5259690.86327089,14547400.0,49.687945857235306
83.49,-5259675.622583529,14547380.0,49.6879459169892
83.5,-5259659.806752182,14547370.0,49.6879459735137
83.51,-5259643.422199871,14547350.0,49.68794602677677
83.52,-5259626.476394686,14547320.0,49.68794607673871
83.53,-5259608.976655642,14547300.0,49.68794612335368
83.54,-5259590.9299813,14547260.0,49.68794616657077
83.55,-5259572.342137148,14547230.0,49.687946206334885
83.56,-5259553.217766438,14547190.0,49.68794624258728
83.57,-5259533.560216397,14547140.0,49.687946275265965
83.58,-5259513.371307009,14547100.0,49.6879463043059
83.59,-5259492.655316166,14547050.0,49.687946329677864
83.6,-5259471.416820332,14546990.0,49.68794635133832
83.61,-5259449.664057398,14546930.0,49.68794636927664
83.62,-5259427.405630617,14546870.0,49.687946383459234
83.63,-5259404.645836639,14546800.0,49.68794639380728
83.64,-5259381.388529732,14546730.0,49.687946400273475
83.65,-5259357.640083891,14546660.0,49.6879464028374
83.66,-5259333.406321872,14546580.0,49.6879464014569
83.67,-5259308.691658987,14546500.0,49.68794639607767
83.68,-5259283.497276016,14546410.0,49.68794638662849
83.69,-5259257.825100092,14546320.0,49.68794637306835
83.7,-5259231.678661336,14546220.0,49.687946355369455
83.71,-5259205.060988364,14546130.0,49.687946333483545
83.72,-5259177.979621739,14546030.0,49.68794630741588
83.73,-5259150.4422943,14545920.0,49.687946277134884
83.74,-5259122.453968331,14545820.0,49.687946242584516
83.75,-5259094.022698121,14545700.0,49.68794620375897
83.76,-5259065.154565916,14545590.0,49.6879461606128
83.77,-5259035.855500485,14545470.0,49.68794611311236
83.78,-5259006.130934779,14545350.0,49.68794606122222
83.79,-5258975.986374509,14545220.0,49.68794600491275
83.8,-5258945.430475506,14545090.0,49.687945944186296
83.81,-5258914.473455946,14544960.0,49.68794587903568
83.82,-5258883.125276639,14544820.0,49.68794580944092
83.83,-5258851.39073958,14544680.0,49.68794573533415
83.84,-5258819.274204797,14544540.0,49.68794565668481
83.85,-5258786.781982621,14544400.0,49.68794557348333
83.86,-5258753.919660194,14544250.0,49.687945485701604
83.87,-5258720.694094109,14544100.0,49.68794539332998
83.88,-5258687.114439283,14543940.0,49.68794529637079
83.89,-5258653.192040669,14543780.0,49.68794519483301
83.9,-5258618.936164737,14543620.0,49.68794508868938
83.91,-5258584.355646804,14543460.0,49.687944977923046
83.92,-5258549.462309021,14543290.0,49.68794486255491
83.93,-5258514.269372171,14543120.0,49.6879447425969
83.94,-5258478.786330386,14542950.0,49.68794461801201
83.95,-5258443.019283675,14542770.0,49.6879444887634
83.96,-5258406.974804415,14542590.0,49.687944354843594
83.97,-5258370.661819016,14542410.0,49.68794421626803
83.98,-5258334.088422544,14542220.0,49.687944073024894
83.99,-5258297.263928086,14542040.0,49.687943925122404
84.0,-5258260.20257378,14541850.0,49.68794377261016
84.01,-5258222.918178405,14541660.0,49.68794361549559
84.02,-5258185.420322207,14541460.0,49.68794345374901
84.03,-5258147.719407959,14541270.0,49.68794328738518
84.04,-5258109.8253522795,14541070.0,49.68794311640507
84.05,-5258071.746558614,14540870.0,49.68794294080408
84.06,-5258033.492591722,14540660.0,49.68794276059859
84.07,-5257995.075434196,14540460.0,49.68794257582355
84.08,-5257956.505617415,14540250.0,49.68794238647941
84.09,-5257917.789881446,14540040.0,49.68794219254443
84.1,-5257878.9368070895,14539830.0,49.687941994043356
84.11,-5257839.95579468,14539610.0,49.687941790997364
84.12,-5257800.856097333,14539400.0,49.68794158342044
84.13,-5257761.649726775,14539180.0,49.687941371354945
84.14,-5257722.3480980145,14538960.0,49.68794115481919
84.15,-5257682.964250223,14538740.0,49.687940933852644
84.16,-5257643.512622764,14538520.0,49.68794070849732
84.17,-5257604.0014225505,14538290.0,49.687940478724286
84.18,-5257564.439104755,14538070.0,49.68794024455679
84.19,-5257524.837336633,14537840.0,49.687940006048166
84.2,-5257485.20456611,14537610.0,49.687939763198955
84.21,-5257445.550116643,14537380.0,49.68793951604056
84.22,-5257405.884816195,14537150.0,49.687939264617306
84.23,-5257366.221912691,14536920.0,49.687939008984635
84.24,-5257326.575997269,14536690.0,49.687938749195276
84.25,-5257286.958676645,14536450.0,49.687938485261924
84.26,-5257247.382668539,14536220.0,49.68793821723481
84.27,-5257207.8636279125,14535980.0,49.68793794518517
84.28,-5257168.41297404,14535750.0,49.687937669121105
84.29,-5257129.0413559675,14535510.0,49.68793738907606
84.3,-5257089.758821481,14535270.0,49.68793710508885
84.31,-5257050.572251189,14535030.0,49.68793681716771
84.32,-5257011.489795446,14534800.0,49.68793652536275
84.33,-5256972.523498803,14534560.0,49.687936229751685
84.34,-5256933.681958544,14534320.0,49.68793593035116
84.35,-5256894.974248014,14534080.0,49.687935627208205
84.36,-5256856.41424866,14533840.0,49.687935320414816
84.37,-5256818.015362314,14533600.0,49.68793501002498
84.38,-5256779.790737853,14533360.0,49.68793469609319
84.39,-5256741.748996575,14533120.0,49.68793437863056
84.4,-5256703.894961648,14532880.0,49.68793405765087
84.41,-5256666.237455592,14532650.0,49.687933733236314
84.42,-5256628.789481199,14532410.0,49.68793340547925
84.43,-5256591.559855026,14532170.0,49.68793307440079
84.44,-5256554.556103141,14531930.0,49.687932740041695
84.45,-5256517.788674786,14531700.0,49.68793240248294
84.46,-5256481.265649968,14531460.0,49.687932061761245
84.47,-5256444.997121379,14531220.0,49.68793171795128
84.48,-5256408.996396062,14530990.0,49.68793137114683
84.49,-5256373.273222096,14530750.0,49.68793102138099
84.5,-5256337.837027816,14530520.0,49.68793066871202
84.51,-5256302.697604782,14530290.0,49.687930313207524
84.52,-5256267.862088409,14530060.0,49.68792995490563
84.53,-5256233.336204958,14529820.0,49.68792959385265
84.54,-5256199.128883823,14529600.0,49.68792923013599
84.55,-5256165.249644142,14529370.0,49.68792886382943
84.56,-5256131.707969389,14529140.0,49.68792849499814
84.57,-5256098.511198759,14528910.0,49.687928123690405
84.58,-5256065.664065887,14528690.0,49.68792774994356
84.59,-5256033.170971734,14528460.0,49.687927373815086
84.6,-5256001.037693297,14528240.0,49.68792699537775
84.61,-5255969.271614959,14528020.0,49.687926614709525
84.62,-5255937.881447552,14527800.0,49.68792623189198
84.63,-5255906.872843726,14527580.0,49.68792584696416
84.64,-5255876.249586977,14527370.0,49.68792545997316
84.65,-5255846.017461978,14527150.0,49.68792507099845
84.66,-5255816.182379022,14526940.0,49.68792468010922
84.67,-5255786.753052634,14526730.0,49.68792428739881
84.68,-5255757.73394232,14526520.0,49.68792389289898
84.69,-5255729.125640813,14526310.0,49.68792349663489
84.7,-5255700.935235781,14526100.0,49.687923098730344
84.71,-5255673.171083346,14525900.0,49.6879226992676
84.72,-5255645.839563046,14525700.0,49.68792229830249
84.73,-5255618.946269551,14525500.0,49.6879218958966
84.74,-5255592.492591548,14525300.0,49.687921492080754
84.75,-5255566.481912639,14525100.0,49.68792108693324
84.76,-5255540.921838759,14524910.0,49.68792068056384
84.77,-5255515.818282193,14524710.0,49.68792027303007
84.78,-5255491.175400325,14524520.0,49.687919864387496
84.79,-5255466.9989533825,14524340.0,49.68791945472018
84.8,-5255443.294256937,14524150.0,49.68791904409644
84.81,-5255420.064585168,14523960.0,49.687918632569755
84.82,-5255397.310481926,14523780.0,49.68791822017957
84.83,-5255375.032603185,14523600.0,49.68791780699065
84.84,-5255353.233369904,14523430.0,49.68791739308245
84.85,-5255331.917599279,14523250.0,49.68791697854667
84.86,-5255311.088749666,14523080.0,49.6879165634407
84.87,-5255290.746751713,14522910.0,49.68791614779892
84.88,-5255270.889994052,14522740.0,49.68791573166825
84.89,-5255251.520676099,14522580.0,49.687915315145126
84.9,-5255232.64327896,14522420.0,49.687914898318226
84.91,-5255214.260183239,14522260.0,49.68791448123849
84.92,-5255196.376165629,14522100.0,49.68791406399665
84.93,-5255178.996752308,14521940.0,49.68791364667413
84.94,-5255162.123832891,14521790.0,49.687913229307476
84.95,-5255145.760096215,14521640.0,49.68791281197371
84.96,-5255129.907607684,14521490.0,49.687912394735015
84.97,-5255114.567522783,14521350.0,49.68791197764948
84.98,-5255099.738717151,14521210.0,49.68791156076114
84.99,-5255085.418122805,14521070.0,49.687911144110664
85.0,-5255071.60739062,14520930.0,49.6879107278028
85.01,-5255058.309596963,14520800.0,49.687910311916816
85.02,-5255045.526910836,14520670.0,49.687909896513524
85.03,-5255033.258939024,14520540.0,49.687909481634804
85.04,-5255021.505853906,14520410.0,49.687909067348066
85.05,-5255010.2694775965,14520290.0,49.687908653733466
85.06,-5254999.554425782,14520170.0,49.68790824088599
85.07,-5254989.36429665,14520050.0,49.68790782886612
85.08,-5254979.699502884,14519940.0,49.68790741771533
85.09,-5254970.559600112,14519830.0,49.68790700748846
85.1,-5254961.941176306,14519720.0,49.68790659821737
85.11,-5254953.843884864,14519610.0,49.68790618998915
85.12,-5254946.266178367,14519510.0,49.687905782852916
85.13,-5254939.207300086,14519410.0,49.68790537687491
85.14,-5254932.667001044,14519310.0,49.68790497212166
85.15,-5254926.642976956,14519220.0,49.68790456863278
85.16,-5254921.132002808,14519120.0,49.6879041664554
85.17,-5254916.131241261,14519040.0,49.68790376564801
85.18,-5254911.638585555,14518950.0,49.687903366271335
85.19,-5254907.6493562,14518870.0,49.68790296835455
85.2,-5254904.161537242,14518790.0,49.687902571975926
85.21,-5254901.175441036,14518710.0,49.68790217720993
85.22,-5254898.688984271,14518640.0,49.68790178409497
85.23,-5254896.699505539,14518570.0,49.68790139267622
85.24,-5254895.203991852,14518500.0,49.68790100300383
85.25,-5254894.203522669,14518440.0,49.68790061517016
85.26,-5254893.70174151,14518370.0,49.68790022925852
85.27,-5254893.696086585,14518310.0,49.68789984527334
85.28,-5254894.180852519,14518260.0,49.6878994632343
85.29,-5254895.152254252,14518200.0,49.68789908320541
85.3,-5254896.608146938,14518150.0,49.68789870524962
85.31,-5254898.543585201,14518110.0,49.68789832939024
85.32,-5254900.952582718,14518060.0,49.687897955661
85.33,-5254903.832383578,14518020.0,49.68789758413637
85.34,-5254907.182786555,14517980.0,49.68789721488718
85.35,-5254911.005011793,14517950.0,49.68789684798127
85.36,-5254915.297259488,14517920.0,49.687896483445414
85.37,-5254920.056753834,14517890.0,49.68789612131593
85.38,-5254925.279626635,14517860.0,49.687895761630664
85.39,-5254930.962339247,14517840.0,49.687895404435
85.4,-5254937.101455484,14517820.0,49.687895049774156
85.41,-5254943.690450718,14517800.0,49.687894697661086
85.42,-5254950.7215847215,14517780.0,49.687894348119244
85.43,-5254958.187209356,14517770.0,49.687894001180744
85.44,-5254966.084099751,14517760.0,49.687893656923734
85.45,-5254974.408678608,14517760.0,49.68789331538234
85.46,-5254983.158041087,14517750.0,49.687892976604516
85.47,-5254992.330070481,14517750.0,49.68789264063728
85.48,-5255001.92059093,14517760.0,49.68789230750103
85.49,-5255011.924729958,14517760.0,49.68789197722529
85.5,-5255022.334694332,14517770.0,49.68789164981484
85.51,-5255033.146031225,14517780.0,49.68789132533008
85.52,-5255044.353248709,14517790.0,49.687891003795286
85.53,-5255055.952548505,14517810.0,49.68789068525501
85.54,-5255067.941374365,14517830.0,49.68789036975813
85.55,-5255080.312602674,14517850.0,49.68789005729257
85.56,-5255093.06159728,14517880.0,49.68788974790928
85.57,-5255106.182910596,14517900.0,49.687889441628975
85.58,-5255119.668970936,14517940.0,49.68788913845888
85.59,-5255133.512926536,14517970.0,49.68788883842595
85.6,-5255147.706538936,14518000.0,49.68788854154124
85.61,-5255162.243484735,14518040.0,49.687888247839886
85.62,-5255177.120728065,14518090.0,49.68788795737711
85.63,-5255192.339554584,14518130.0,49.68788767022489
85.64,-5255207.902334093,14518180.0,49.68788738643074
85.65,-5255223.80693866,14518230.0,49.68788710598829
85.66,-5255240.047244258,14518280.0,49.68788682888878
85.67,-5255256.61785062,14518330.0,49.68788655515849
85.68,-5255273.512715435,14518390.0,49.687886284813736
85.69,-5255290.725266748,14518450.0,49.687886017867456
85.7,-5255308.251820822,14518510.0,49.687885754366846
85.71,-5255326.090164744,14518580.0,49.68788549434867
85.72,-5255344.235001275,14518650.0,49.6878852378072
85.73,-5255362.679137875,14518720.0,49.687884984743484
85.74,-5255381.414735695,14518790.0,49.68788473516232
85.75,-5255400.43780987,14518860.0,49.687884489114865
85.76,-5255419.746871525,14518940.0,49.68788424664521
85.77,-5255439.335468937,14519020.0,49.68788400772532
85.78,-5255459.194853473,14519100.0,49.68788377234636
85.79,-5255479.316196359,14519190.0,49.68788354051327
85.8,-5255499.692127133,14519270.0,49.687883312246576
85.81,-5255520.314002042,14519360.0,49.687883087539035
85.82,-5255541.1743512945,14519450.0,49.687882866408145
85.83,-5255562.268249691,14519550.0,49.687882648883445
85.84,-5255583.590986618,14519640.0,49.687882434976174
85.85,-5255605.136072122,14519740.0,49.68788222467896
85.86,-5255626.89506154,14519840.0,49.68788201797768
85.87,-5255648.861197757,14519940.0,49.68788181488755
85.88,-5255671.027705888,14520040.0,49.68788161541305
85.89,-5255693.387679316,14520150.0,49.68788141955223
85.9,-5255715.9373275805,14520260.0,49.68788122733869
85.91,-5255738.674445582,14520370.0,49.68788103879425
85.92,-5255761.5902116485,14520480.0,49.68788085386209
85.93,-5255784.672476212,14520600.0,49.687880672503205
85.94,-5255807.915213156,14520710.0,49.687880494766
85.95,-5255831.316825608,14520830.0,49.6878803206923
85.96,-5255854.875484205,14520950.0,49.68788015028821
85.97,-5255878.586619162,14521070.0,49.68787998353073
85.98,-5255902.445192874,14521200.0,49.687879820418004
85.99,-5255926.45139733,14521320.0,49.68787966099954
86.0,-5255950.6062793,14521450.0,49.687879505292955
86.01,-5255974.901599047,14521580.0,49.687879353218534
86.02,-5255999.326645424,14521710.0,49.687879204741655
86.03,-5256023.875181996,14521840.0,49.68787905989182
86.04,-5256048.539246849,14521970.0,49.68787891864435
86.05,-5256073.309319278,14522110.0,49.68787878097295
86.06,-5256098.182293926,14522240.0,49.687878646926755
86.07,-5256123.158533598,14522380.0,49.68787851653595
86.08,-5256148.23276024,14522520.0,49.6878783897499
86.09,-5256173.396776178,14522660.0,49.68787826653106
86.1,-5256198.644927481,14522800.0,49.68787814689035
86.11,-5256223.970064383,14522950.0,49.68787803080167
86.12,-5256249.365646057,14523090.0,49.68787791825709
86.13,-5256274.826425994,14523240.0,49.687877809256065
86.14,-5256300.3461758625,14523390.0,49.68787770377691
86.15,-5256325.919848536,14523540.0,49.68787760181608
86.16,-5256351.54135864,14523690.0,49.68787750335127
86.17,-5256377.202668234,14523840.0,49.68787740834772
86.18,-5256402.897599998,14523990.0,49.6878773168022
86.19,-5256428.619847441,14524140.0,49.6878772286968
86.2,-5256454.3589856215,14524300.0,49.687877143972045
86.21,-5256480.105931531,14524450.0,49.68787706261272
86.22,-5256505.856195673,14524610.0,49.68787698463771
86.23,-5256531.60436599,14524770.0,49.6878769100209
86.24,-5256557.341427254,14524930.0,49.687876838706295
86.25,-5256583.061020535,14525090.0,49.687876770691354
86.26,-5256608.759164949,14525250.0,49.687876705976166
86.27,-5256634.430958457,14525410.0,49.68787664453282
86.28,-5256660.076445116,14525570.0,49.68787658638814
86.29,-5256685.695954616,14525730.0,49.68787653153386
86.3,-5256711.284518417,14525900.0,49.68787647990702
86.31,-5256736.836358385,14526060.0,49.687876431475324
86.32,-5256762.347392169,14526220.0,49.68787638623311
86.33,-5256787.81369885,14526390.0,49.687876344159235
86.34,-5256813.230778562,14526560.0,49.68787630522588
86.35,-5256838.593095182,14526720.0,49.68787626939928
86.36,-5256863.894301716,14526890.0,49.68787623664653
86.37,-5256889.1278651515,14527060.0,49.68787620693466
86.38,-5256914.287236981,14527220.0,49.687876180236216
86.39,-5256939.3706399985,14527390.0,49.68787615656608
86.4,-5256964.375495642,14527560.0,49.68787613589733
86.41,-5256989.29642752,14527730.0,49.68787611817873
86.42,-5257014.127533864,14527900.0,49.68787610337487
86.43,-5257038.8603347745,14528070.0,49.68787609142956
86.44,-5257063.486843037,14528240.0,49.68787608231144
86.45,-5257088.001616893,14528410.0,49.687876076008024
86.46,-5257112.399430013,14528580.0,49.68787607248837
86.47,-5257136.677722457,14528750.0,49.68787607174804
86.48,-5257160.8306238605,14528920.0,49.68787607372536
86.49,-5257184.8499709405,14529090.0,49.68787607836388
86.5,-5257208.729404766,14529260.0,49.687876085640106
86.51,-5257232.463862437,14529430.0,49.687876095529234
86.52,-5257256.052486611,14529600.0,49.68787610804028
86.53,-5257279.493735269,14529770.0,49.6878761231367
86.54,-5257302.785778904,14529940.0,49.687876140790046
86.55,-5257325.927126658,14530110.0,49.687876160974284
86.56,-5257348.913720904,14530280.0,49.68787618363482
86.57,-5257371.740982336,14530450.0,49.6878762087324
86.58,-5257394.405290313,14530620.0,49.687876236241905
86.59,-5257416.90529594,14530790.0,49.687876266151314
86.6,-5257439.23867958,14530960.0,49.68787629842217
86.61,-5257461.4008947555,14531130.0,49.687876333000304
86.62,-5257483.388182834,14531300.0,49.68787636985673
86.63,-5257505.1995695215,14531470.0,49.68787640898417
86.64,-5257526.834307469,14531640.0,49.68787645035548
86.65,-5257548.287033075,14531800.0,49.68787649389411
86.66,-5257569.552541753,14531970.0,49.68787653956387
86.67,-5257590.624876599,14532140.0,49.687876587317156
86.68,-5257611.497839405,14532300.0,49.687876637108516
86.69,-5257632.171999319,14532470.0,49.68787668896386
86.7,-5257652.64787148,14532640.0,49.68787674285382
86.71,-5257672.918565759,14532800.0,49.68787679867457
86.72,-5257692.976720505,14532960.0,49.68787685637835
86.73,-5257712.8190602595,14533130.0,49.6878769159569
86.74,-5257732.445038329,14533290.0,49.68787697740187
86.75,-5257751.856672656,14533460.0,49.687877040703185
86.76,-5257771.053879395,14533620.0,49.687877105814884
86.77,-5257790.036462153,14533780.0,49.687877172702876
86.78,-5257808.804510603,14533940.0,49.687877241340516
86.79,-5257827.355950809,14534100.0,49.68787731167249
86.8,-5257845.688192418,14534260.0,49.687877383660705
86.81,-5257863.799950911,14534420.0,49.68787745727875
86.82,-5257881.691763742,14534580.0,49.687877532513234
86.83,-5257899.3630886255,14534740.0,49.68787760932024
86.84,-5257916.814124371,14534890.0,49.68787768767755
86.85,-5257934.047066414,14535050.0,49.68787776757154
86.86,-5257951.063034568,14535200.0,49.687877848966636
86.87,-5257967.864064824,14535360.0,49.687877931843246
86.88,-5257984.450604254,14535510.0,49.68787801615934
86.89,-5258000.824014403,14535670.0,49.68787810189461
86.9,-5258016.984009202,14535820.0,49.68787818900463
86.91,-5258032.927568138,14535970.0,49.68787827743277
86.92,-5258048.652120607,14536120.0,49.68787836714601
86.93,-5258064.15378051,14536270.0,49.6878784580948
86.94,-5258079.430135268,14536420.0,49.68787855025597
86.95,-5258094.481959091,14536570.0,49.68787864362453
86.96,-5258109.310428636,14536720.0,49.68787873817478
86.97,-5258123.911425457,14536870.0,49.68787883382662
86.98,-5258138.276890434,14537010.0,49.68787893049972
86.99,-5258152.402734963,14537160.0,49.68787902818546
87.0,-5258166.289990612,14537300.0,49.687879126893755
87.01,-5258179.937812684,14537450.0,49.68787922657539
87.02,-5258193.343361569,14537590.0,49.68787932717721
87.03,-5258206.505444832,14537730.0,49.687879428676396
87.04,-5258219.419050732,14537870.0,49.68787953100051
87.05,-5258232.080581365,14538010.0,49.68787963411961
87.06,-5258244.490135638,14538150.0,49.6878797380288
87.07,-5258256.649637985,14538290.0,49.68787984271443
87.08,-5258268.561418276,14538430.0,49.68787994815082
87.09,-5258280.223824926,14538560.0,49.687880054271325
87.1,-5258291.636628569,14538700.0,49.68788016105252
87.11,-5258302.799885911,14538830.0,49.6878802684644
87.12,-5258313.71411138,14538970.0,49.6878803764791
87.13,-5258324.379822397,14539100.0,49.687880485065484
87.14,-5258334.797995246,14539230.0,49.687880594197296
87.15,-5258344.9701232035,14539360.0,49.68788070384721
87.16,-5258354.898217817,14539490.0,49.687880813994525
87.17,-5258364.585152094,14539620.0,49.68788092461897
87.18,-5258374.031243505,14539750.0,49.68788103566939
87.19,-5258383.235900169,14539870.0,49.687881147107426
87.2,-5258392.199214171,14540000.0,49.68788125890626
87.21,-5258400.922647098,14540120.0,49.68788137104959
87.22,-5258409.405842258,14540240.0,49.687881483492234
87.23,-5258417.649298451,14540360.0,49.68788159620958
87.24,-5258425.651123928,14540480.0,49.68788170914994
87.25,-5258433.402984451,14540600.0,49.687881822212596
87.26,-5258440.898521087,14540720.0,49.68788193536991
87.27,-5258448.135121739,14540840.0,49.68788204861173
87.28,-5258455.1110242605,14540950.0,49.68788216191084
87.29,-5258461.8240649095,14541060.0,49.68788227522529
87.3,-5258468.270993518,14541180.0,49.68788238850645
87.31,-5258474.450661993,14541290.0,49.68788250173788
87.32,-5258480.363003826,14541400.0,49.687882614891635
87.33,-5258486.004022075,14541500.0,49.687882727896984
87.34,-5258491.367546099,14541610.0,49.68788284069014
87.35,-5258496.450069941,14541710.0,49.68788295325044
87.36,-5258501.2499042135,14541820.0,49.6878830655543
87.37,-5258505.763305635,14541920.0,49.68788317754223
87.38,-5258509.985953537,14542020.0,49.6878832891672
87.39,-5258513.914316096,14542120.0,49.68788340039082
87.4,-5258517.54251812,14542210.0,49.68788351114804
87.41,-5258520.865127508,14542310.0,49.68788362139345
87.42,-5258523.882171118,14542400.0,49.68788373113483
87.43,-5258526.594931481,14542490.0,49.68788384034629
87.44,-5258529.003499547,14542580.0,49.68788394898353
87.45,-5258531.1093360465,14542670.0,49.68788405702236
87.46,-5258532.912881521,14542760.0,49.68788416442062
87.47,-5258534.412698964,14542840.0,49.68788427112407
87.48,-5258535.60900225,14542920.0,49.68788437710944
87.49,-5258536.501551788,14543000.0,49.687884482338085
87.5,-5258537.089653373,14543080.0,49.687884586767176
87.51,-5258537.375063326,14543160.0,49.68788469038505
87.52,-5258537.360740916,14543230.0,49.6878847931707
87.53,-5258537.049768619,14543310.0,49.68788489509754
87.54,-5258536.441306433,14543380.0,49.68788499609767
87.55,-5258535.53650856,14543450.0,49.68788509615288
87.56,-5258534.3331147665,14543510.0,49.68788519519926
87.57,-5258532.828576051,14543580.0,49.68788529319269
87.58,-5258531.0236440245,14543640.0,49.68788539012658
87.59,-5258528.914743096,14543700.0,49.687885485924845
87.6,-5258526.496922911,14543760.0,49.687885580529674
87.61,-5258523.769325563,14543820.0,49.687885673937934
87.62,-5258520.731092857,14543870.0,49.68788576611073
87.63,-5258517.375610779,14543920.0,49.687885856953194
87.64,-5258513.698416123,14543970.0,49.687885946437945
87.65,-5258509.698455583,14544020.0,49.68788603455053
87.66,-5258505.370914093,14544060.0,49.687886121217005
87.67,-5258500.715639315,14544100.0,49.687886206434264
87.68,-5258495.732765396,14544140.0,49.68788629016967
87.69,-5258490.418553748,14544180.0,49.68788637234567
87.7,-5258484.772848475,14544220.0,49.687886452954494
87.71,-5258478.796862902,14544250.0,49.6878865319704
87.72,-5258472.487712367,14544280.0,49.68788660931928
87.73,-5258465.843589676,14544310.0,49.68788668496773
87.74,-5258458.866161191,14544340.0,49.687886758909485
87.75,-5258451.5550479125,14544360.0,49.68788683108977
87.76,-5258443.90833322,14544380.0,49.68788690145554
87.77,-5258435.926775973,14544400.0,49.68788696999192
87.78,-5258427.612449538,14544410.0,49.68788703667665
87.79,-5258418.964357162,14544430.0,49.68788710144709
87.8,-5258409.98007689,14544440.0,49.68788716424871
87.81,-5258400.66008891,14544450.0,49.68788722507006
87.82,-5258391.003223948,14544450.0,49.68788728385728
87.83,-5258381.008026817,14544460.0,49.68788734056893
87.84,-5258370.676915632,14544460.0,49.68788739520378
87.85,-5258360.011575661,14544460.0,49.687887447721906
87.86,-5258349.0138122495,14544450.0,49.687887498092444
87.87,-5258337.686006996,14544440.0,49.68788754628934
87.88,-5258326.027984964,14544430.0,49.68788759225551
87.89,-5258314.042820813,14544420.0,49.68788763598748
87.9,-5258301.735878149,14544410.0,49.6878876774797
87.91,-5258289.107407079,14544390.0,49.68788771665743
87.92,-5258276.155494683,14544370.0,49.68788775346629
87.93,-5258262.8819291135,14544350.0,49.68788778790408
87.94,-5258249.2878209455,14544320.0,49.68788781993272
87.95,-5258235.375140089,14544300.0,49.687887849531
87.96,-5258221.14728777,14544260.0,49.68788787668218
87.97,-5258206.60203388,14544230.0,49.687887901305096
87.98,-5258191.735320935,14544190.0,49.68788792334257
87.99,-5258176.543140053,14544160.0,49.68788794275357
88.0,-5258161.02324066,14544110.0,49.68788795951291
88.01,-5258145.1758187255,14544070.0,49.68788797360516
88.02,-5258128.999875794,14544020.0,49.6878879849869
88.03,-5258112.495666382,14543970.0,49.687887993631605
88.04,-5258095.6649290435,14543920.0,49.68788799952293
88.05,-5258078.508211753,14543870.0,49.687888002616965
88.06,-5258061.022589487,14543810.0,49.68788800284815
88.07,-5258043.2087787585,14543750.0,49.687888000211174
88.08,-5258025.074223923,14543690.0,49.68788799474183
88.09,-5258006.62382531,14543620.0,49.68788798639807
88.1,-5257987.858565173,14543550.0,49.68788797511813
88.11,-5257968.777948264,14543480.0,49.68788796085707
88.12,-5257949.381821674,14543410.0,49.68788794358594
88.13,-5257929.675162472,14543340.0,49.68788792332363
88.14,-5257909.6628478225,14543260.0,49.68788790004876
88.15,-5257889.347090355,14543180.0,49.68788787371399
88.16,-5257868.732902097,14543090.0,49.687887844322134
88.17,-5257847.823713547,14543000.0,49.68788781183757
88.18,-5257826.61897631,14542920.0,49.68788777619994
88.19,-5257805.120421552,14542820.0,49.687887737400025
88.2,-5257783.335085918,14542730.0,49.687887695468
88.21,-5257761.269740172,14542640.0,49.68788765038683
88.22,-5257738.927583318,14542540.0,49.68788760210761
88.23,-5257716.309430351,14542430.0,49.68788755058805
88.24,-5257693.419062917,14542330.0,49.687887495831845
88.25,-5257670.261356196,14542220.0,49.68788743783311
88.26,-5257646.838349586,14542120.0,49.68788737654783
88.27,-5257623.149866447,14542000.0,49.68788731193355
88.28,-5257599.198181367,14541890.0,49.68788724398971
88.29,-5257574.990077756,14541770.0,49.68788717274136
88.3,-5257550.530533677,14541660.0,49.687887098161305
88.31,-5257525.818899268,14541530.0,49.68788702017994
88.32,-5257500.85412534,14541410.0,49.68788693877059
88.33,-5257475.637782619,14541280.0,49.68788685393292
88.34,-5257450.172016803,14541160.0,49.687886765653495
88.35,-5257424.461829402,14541030.0,49.687886673942735
88.36,-5257398.516167569,14540890.0,49.687886578828476
88.37,-5257372.340297849,14540760.0,49.68788648027333
88.38,-5257345.939899893,14540620.0,49.68788637827058
88.39,-5257319.321580326,14540480.0,49.68788627282393
88.4,-5257292.491051488,14540340.0,49.68788616391713
88.41,-5257265.453869962,14540200.0,49.68788605154617
88.42,-5257238.213555639,14540050.0,49.687885935682395
88.43,-5257210.772954238,14539900.0,49.68788581631171
88.44,-5257183.131728255,14539750.0,49.68788569339113
88.45,-5257155.2886284115,14539600.0,49.68788556689497
88.46,-5257127.246221188,14539450.0,49.687885436841924
88.47,-5257099.009587676,14539290.0,49.68788530324822
88.48,-5257070.585702991,14539130.0,49.687885166126165
88.49,-5257041.978312259,14538970.0,49.687885025444416
88.5,-5257013.192994237,14538810.0,49.687884881215815
88.51,-5256984.239217332,14538650.0,49.687884733476686
88.52,-5256955.124080861,14538480.0,49.68788458221166
88.53,-5256925.855956156,14538310.0,49.68788442743684
88.54,-5256896.442153278,14538140.0,49.68788426914921
88.55,-5256866.88794957,14537970.0,49.68788410733465
88.56,-5256837.199262861,14537800.0,49.687883942000724
88.57,-5256807.383906704,14537620.0,49.68788377317283
88.58,-5256777.452335882,14537450.0,49.68788360088495
88.59,-5256747.4135499885,14537270.0,49.68788342513991
88.6,-5256717.272753322,14537090.0,49.68788324591353
88.61,-5256687.0335678,14536910.0,49.68788306319688
88.62,-5256656.698883774,14536730.0,49.68788287698744
88.63,-5256626.271826918,14536540.0,49.68788268728858
88.64,-5256595.7590069845,14536360.0,49.68788249414126
88.65,-5256565.165112847,14536170.0,49.6878822975363
88.66,-5256534.49319259,14535980.0,49.68788209746727
88.67,-5256503.752057512,14535790.0,49.68788189399569
88.68,-5256472.94848946,14535600.0,49.687881687120786
88.69,-5256442.083303711,14535410.0,49.687881476796456
88.7,-5256411.159369009,14535220.0,49.687881263048325
88.71,-5256380.182866367,14535020.0,49.687881045913976
88.72,-5256349.159479272,14534820.0,49.68788082540529
88.73,-5256318.095988008,14534630.0,49.6878806015467
88.74,-5256287.000443309,14534430.0,49.68788037436988
88.75,-5256255.878465425,14534230.0,49.68788014387067
88.76,-5256224.734662653,14534030.0,49.68787991005576
88.77,-5256193.576503791,14533830.0,49.68787967297013
88.78,-5256162.409253535,14533620.0,49.687879432611695
88.79,-5256131.239955921,14533420.0,49.68787918901892
88.8,-5256100.0793192545,14533220.0,49.68787894225009
88.81,-5256068.935285839,14533010.0,49.687878692307805
88.82,-5256037.815874294,14532810.0,49.687878439222324
88.83,-5256006.731174183,14532600.0,49.68787818303947
88.84,-5255975.689761045,14532400.0,49.68787792377868
88.85,-5255944.696584095,14532190.0,49.68787766143553
88.86,-5255913.755578463,14531980.0,49.687877396022486
88.87,-5255882.874164485,14531770.0,49.68787712759788
88.88,-5255852.062002704,14531560.0,49.68787685621415
88.89,-5255821.3298027,14531350.0,49.68787658191898
88.9,-5255790.688128969,14531140.0,49.6878763047499
88.91,-5255760.142499725,14530930.0,49.68787602469766
88.92,-5255729.698161049,14530720.0,49.68787574179027
88.93,-5255699.362080663,14530510.0,49.68787545607572
88.94,-5255669.140501823,14530300.0,49.687875167581794
88.95,-5255639.040651035,14530090.0,49.68787487635262
88.96,-5255609.067492289,14529880.0,49.687874582403104
88.97,-5255579.2257158775,14529670.0,49.68787428576368
88.98,-5255549.520079599,14529460.0,49.68787398646741
88.99,-5255519.951818799,14529240.0,49.68787368451354
89.0,-5255490.523937227,14529030.0,49.68787337994575
89.01,-5255461.239786798,14528820.0,49.68787307279749
89.02,-5255432.106259635,14528610.0,49.68787276313569
89.03,-5255403.13043473,14528400.0,49.687872451002185
89.04,-5255374.31843867,14528190.0,49.687872136428034
89.05,-5255345.680856835,14527980.0,49.687871819497445
89.06,-5255317.224538574,14527770.0,49.68787150022301
89.07,-5255288.955437096,14527560.0,49.68787117863814
89.08,-5255260.879063088,14527350.0,49.68787085477984
89.09,-5255233.001167398,14527140.0,49.68787052869388
89.1,-5255205.331388681,14526930.0,49.68787020045884
89.11,-5255177.876994652,14526720.0,49.68786987010437
89.12,-5255150.643218032,14526520.0,49.68786953765687
89.13,-5255123.636385635,14526310.0,49.687869203172326
89.14,-5255096.8620975325,14526100.0,49.687868866687836
89.15,-5255070.327276685,14525900.0,49.68786852826395
89.16,-5255044.040799051,14525700.0,49.687868187969855
89.17,-5255018.010136269,14525490.0,49.68786784584554
89.18,-5254992.24254881,14525290.0,49.68786750193997
89.19,-5254966.748960415,14525090.0,49.687867156344325
89.2,-5254941.538382611,14524890.0,49.68786680909885
89.21,-5254916.614433769,14524690.0,49.687866460209285
89.22,-5254891.98415835,14524500.0,49.687866109757536
89.23,-5254867.659118163,14524300.0,49.68786575784305
89.24,-5254843.647710545,14524100.0,49.68786540450088
89.25,-5254819.954476574,14523910.0,49.68786504975355
89.26,-5254796.586758717,14523720.0,49.687864693681284
89.27,-5254773.55054784,14523520.0,49.68786433632855
89.28,-5254750.85161952,14523340.0,49.68786397775278
89.29,-5254728.499522459,14523150.0,49.687863618047274
89.3,-5254706.505650348,14522960.0,49.687863257297174
89.31,-5254684.873615874,14522780.0,49.68786289549679
89.32,-5254663.60225147,14522590.0,49.68786253265202
89.33,-5254642.693062495,14522410.0,49.687862168836126
89.34,-5254622.151886481,14522230.0,49.687861804142216
89.35,-5254601.988277104,14522050.0,49.68786143866884
89.36,-5254582.211581409,14521880.0,49.687861072482406
89.37,-5254562.831452121,14521700.0,49.68786070565574
89.38,-5254543.853973332,14521530.0,49.68786033822417
89.39,-5254525.2830192065,14521360.0,49.68785997023143
89.4,-5254507.124408379,14521190.0,49.68785960175658
89.41,-5254489.38431319,14521030.0,49.687859232866906
89.42,-5254472.067493994,14520860.0,49.68785886361649
89.43,-5254455.176440815,14520700.0,49.687858494045095
89.44,-5254438.714102976,14520540.0,49.68785812421613
89.45,-5254422.684745011,14520380.0,49.68785775420455
89.46,-5254407.09087272,14520230.0,49.68785738405486
89.47,-5254391.938357459,14520080.0,49.68785701386112
89.48,-5254377.234734962,14519930.0,49.687856643707526
89.49,-5254362.988525629,14519780.0,49.68785627367577
89.5,-5254349.207413414,14519640.0,49.68785590383233
89.51,-5254335.897787798,14519500.0,49.687855534236995
89.52,-5254323.066735027,14519360.0,49.687855164969825
89.53,-5254310.7199883275,14519220.0,49.68785479609036
89.54,-5254298.863691049,14519090.0,49.68785442767369
89.55,-5254287.504910538,14518960.0,49.68785405980323
89.56,-5254276.647993323,14518830.0,49.687853692526346
89.57,-5254266.295982946,14518710.0,49.687853325900065
89.58,-5254256.458195756,14518590.0,49.6878529600566
89.59,-5254247.146988378,14518470.0,49.68785259510596
89.6,-5254238.3712118985,14518350.0,49.68785223110431
89.61,-5254230.136089093,14518240.0,49.68785186809759
89.62,-5254222.442692453,14518130.0,49.687851506120104
89.63,-5254215.295227966,14518030.0,49.68785114527115
89.64,-5254208.700814987,14517930.0,49.68785078565279
89.65,-5254202.661629479,14517830.0,49.68785042729776
89.66,-5254197.17386592,14517730.0,49.68785007021669
89.67,-5254192.234845563,14517640.0,49.68784971447755
89.68,-5254187.846267457,14517550.0,49.687849360184174
89.69,-5254184.008805767,14517470.0,49.68784900739457
89.7,-5254180.72222118,14517390.0,49.687848656166686
89.71,-5254177.989005713,14517310.0,49.68784830659151
89.72,-5254175.812167092,14517240.0,49.68784795874486
89.73,-5254174.194090326,14517160.0,49.68784761269124
89.74,-5254173.138986518,14517100.0,49.687847268519725
89.75,-5254172.6503900485,14517040.0,49.68784692629774
89.76,-5254172.729732234,14516980.0,49.68784658607677
89.77,-5254173.378672478,14516920.0,49.68784624792946
89.78,-5254174.600865385,14516870.0,49.687845911943334
89.79,-5254176.398261679,14516820.0,49.68784557817706
89.8,-5254178.773554317,14516780.0,49.6878452467069
89.81,-5254181.726533262,14516740.0,49.68784491757647
89.82,-5254185.253052499,14516700.0,49.68784459081172
89.83,-5254189.355049676,14516670.0,49.687844266530426
89.84,-5254194.034634823,14516640.0,49.687843944805124
89.85,-5254199.291640392,14516620.0,49.68784362568103
89.86,-5254205.128288391,14516600.0,49.68784330924912
89.87,-5254211.545036414,14516580.0,49.687842995561105
89.88,-5254218.538065858,14516570.0,49.68784268464026
89.89,-5254226.101379744,14516560.0,49.68784237652255
89.9,-5254234.23226792,14516560.0,49.68784207129233
89.91,-5254242.930289566,14516560.0,49.687841769029696
89.92,-5254252.193232902,14516560.0,49.68784146977863
89.93,-5254262.01802256,14516560.0,49.68784117359014
89.94,-5254272.401686195,14516580.0,49.687840880520774
89.95,-5254283.341810664,14516590.0,49.68784059063155
89.96,-5254294.836828366,14516610.0,49.68784030398709
89.97,-5254306.882258335,14516630.0,49.68784002061642
89.98,-5254319.472864439,14516660.0,49.687839740562744
89.99,-5254332.607269363,14516690.0,49.68783946391353
90.0,-5254346.279473425,14516720.0,49.68783919067843
90.0,-5254346.279473425,14516720.0,49.68783919067843
