t_rosco,torque_offset_nm,gen_tq_meas_nm,f_grid_hz
0.0,0.0,0.0,50.0
0.0,0.0,0.0,50.0
0.0,0.0,0.0,50.0
0.01,-0.0,19786770.0,50.00038926170256
0.02,-0.0,19786770.0,50.000808392159946
0.03,-0.0,19786770.0,50.00133225309409
0.04,-0.0,19786780.0,50.00193631593043
0.05,-0.0,19786780.0,50.00193631593043
0.06,-0.0,19786800.0,50.00331005314389
0.07,-0.0,19786810.0,50.00331005314389
0.08,-0.0,19786830.0,50.00481102911765
0.09,-0.0,19786860.0,50.005582350365216
0.1,-0.0,19786890.0,50.006356352640665
0.11,-0.0,19786930.0,50.00712607061894
0.12,-0.0,19786970.0,50.00788545990348
0.13,-0.0,19787020.0,50.00862926308501
0.14,-0.0,19787080.0,50.009352910658265
0.15,-0.0,19787140.0,50.01005244720464
0.16,-0.0,19787220.0,50.01072447582152
0.17,-0.0,19787300.0,50.01072447582152
0.18,-0.0,19787390.0,50.01197497602977
0.19,-0.0,19787490.0,50.01197497602977
0.2,-0.0,19787600.0,50.01254910355117
0.21,-0.0,19787720.0,50.01308699183029
0.22,-0.0,19787850.0,50.013587537786066
0.23,-0.0,19787990.0,50.01405003024529
0.24,-0.0,19788140.0,50.01447413154351
0.25,-0.0,19788310.0,50.014859859382476
0.26,-0.0,19788480.0,50.01520756856337
0.27,-0.0,19788670.0,50.01551793224426
0.28,-0.0,19788870.0,50.01579192245161
0.29,-0.0,19789090.0,50.016030789788125
0.3,-0.0,19789320.0,50.01623604251327
0.31,-0.0,19789560.0,50.01640942481348
0.32,-0.0,19789810.0,50.01655289417967
0.33,-0.0,19790080.0,50.016668598311206
0.34,-0.0,19790370.0,50.01675885149981
0.35,-0.0,19790670.0,50.01682611026542
0.36,-0.0,19790980.0,50.01687294898648
0.37,-0.0,19791310.0,50.0169020353198
0.38,-0.0,19791660.0,50.01691610549959
0.39,-0.0,19792020.0,50.016917939942765
0.4,-0.0,19792400.0,50.01691033915658
0.41,-0.0,19792790.0,50.01689609993697
0.42,-0.0,19793210.0,50.016877992304146
0.43,-0.0,19793640.0,50.01685873731228
0.44,-0.0,19794080.0,50.016840985508345
0.45,-0.0,19794550.0,50.016827296524745
0.46,-0.0,19795030.0,50.01682011987902
0.47,-0.0,19795530.0,50.016821776952455
0.48,-0.0,19796050.0,50.016834444418144
0.49,-0.0,19796580.0,50.01686013896283
0.5,-0.0,19797140.0,50.016900703689245
0.51,-0.0,19797710.0,50.01695779619627
0.52,-0.0,19798310.0,50.01703287829744
0.53,-0.0,19798920.0,50.01712720756697
0.54,-0.0,19799550.0,50.01724183054047
0.55,-0.0,19800210.0,50.01737757786924
0.56,-0.0,19800880.0,50.01753506140088
0.57,-0.0,19801570.0,50.01771467305131
0.58,-0.0,19802280.0,50.017916585548974
0.59,-0.0,19803010.0,50.018140755025776
0.6,-0.0,19803770.0,50.01838692541426
0.61,-0.0,19804540.0,50.01865463466928
0.62,-0.0,19805330.0,50.01894322256396
0.63,-0.0,19806150.0,50.01925184001613
0.64,-0.0,19806980.0,50.019579460055084
0.65,-0.0,19807840.0,50.01992489011724
0.66,-0.0,19808720.0,50.02028678540685
0.67,-0.0,19809620.0,50.02066366343666
0.68,-0.0,19810540.0,50.02105391946622
0.69,-0.0,19811480.0,50.0214558427056
0.7,-0.0,19812450.0,50.021867633153086
0.71,-0.0,19813430.0,50.022287418749166
0.72,-0.0,19814440.0,50.022713272682196
0.73,-0.0,19815470.0,50.02314323092128
0.74,-0.0,19816520.0,50.023575309507365
0.75,-0.0,19817590.0,50.02400752152059
0.76,-0.0,19818690.0,50.02443789382828
0.77,-0.0,19819800.0,50.0248644829888
0.78,-0.0,19820940.0,50.02528539056888
0.79,-0.0,19822100.0,50.02569877760096
0.8,-0.0,19823290.0,50.02610287814877
0.81,-0.0,19824490.0,50.026496011829245
0.82,-0.0,19825720.0,50.026876595290034
0.83,-0.0,19826970.0,50.02724315259807
0.84,-0.0,19828240.0,50.02759432431721
0.85,-0.0,19829540.0,50.02792887555738
0.86,-0.0,19830850.0,50.028245702643005
0.87,-0.0,19832190.0,50.028543838624316
0.88,-0.0,19833550.0,50.028822457812915
0.89,-0.0,19834940.0,50.0290808789536
0.9,-0.0,19836340.0,50.029318567194835
0.91,-0.0,19837770.0,50.02953513502854
0.92,-0.0,19839220.0,50.02973034222076
0.93,-0.0,19840690.0,50.02990409451883
0.94,-0.0,19842190.0,50.03005644147396
0.95,-0.0,19843710.0,50.03018757333746
0.96,-0.0,19845250.0,50.03029781681379
0.97,-0.0,19846810.0,50.03038763019556
0.98,-0.0,19848390.0,50.03045759768756
0.99,-0.0,19850000.0,50.03050842261902
1.0,-0.0,19851630.0,50.03054092004453
1.01,-0.0,19853280.0,50.030556008788075
1.02,-0.0,19854950.0,50.030554702754294
1.03,-0.0,19856650.0,50.03053810173037
1.04,-0.0,19858360.0,50.03050738148851
1.05,-0.0,19860100.0,50.03046378347936
1.06,-0.0,19861860.0,50.030408604284496
1.07,-0.0,19863640.0,50.03034318467694
1.08,-0.0,19865450.0,50.03026889846483
1.09,-0.0,19867270.0,50.03018714120746
1.1,-0.0,19869120.0,50.030099318822586
1.11,-0.0,19870990.0,50.03000683643457
1.12,-0.0,19872880.0,50.029911087265056
1.13,-0.0,19874790.0,50.02981344174909
1.14,-0.0,19876720.0,50.02971523708416
1.15,-0.0,19878680.0,50.029617767254855
1.16,-0.0,19880650.0,50.02952227366914
1.17,-0.0,19882650.0,50.02942993627584
1.18,-0.0,19884670.0,50.02934186550685
1.19,-0.0,19886700.0,50.029259094990465
1.2,-0.0,19888760.0,50.02918257512956
1.21,-0.0,19890840.0,50.029113167558315
1.22,-0.0,19892940.0,50.029051640471366
1.23,-0.0,19895070.0,50.028998665064385
1.24,-0.0,19897210.0,50.02895481283189
1.25,-0.0,19899370.0,50.02892055376649
1.26,-0.0,19901550.0,50.028896255659795
1.27,-0.0,19903760.0,50.02888218413938
1.28,-0.0,19905980.0,50.028878503702245
1.29,-0.0,19908220.0,50.02888527954249
1.3,-0.0,19910490.0,50.02890248018789
1.31,-0.0,19912770.0,50.028929980818134
1.32,-0.0,19915070.0,50.02896756726884
1.33,-0.0,19917390.0,50.029014940586194
1.34,-0.0,19919740.0,50.02907172205675
1.35,-0.0,19922100.0,50.02913745882673
1.36,-0.0,19924480.0,50.0292116297392
1.37,-0.0,19926880.0,50.029293651588645
1.38,-0.0,19929300.0,50.02938288560881
1.39,-0.0,19931730.0,50.02947864417017
1.4,-0.0,19934190.0,50.02958019759938
1.41,-0.0,19936670.0,50.029686781104296
1.42,-0.0,19939160.0,50.029797601723956
1.43,-0.0,19941670.0,50.02991184521982
1.44,-0.0,19944200.0,50.03002868308432
1.45,-0.0,19946750.0,50.03014727929217
1.46,-0.0,19949320.0,50.03026679705711
1.47,-0.0,19951900.0,50.030386405404755
1.48,-0.0,19954510.0,50.03050528559769
1.49,-0.0,19957130.0,50.03062263731365
1.5,-0.0,19959770.0,50.030737684537684
1.51,-0.0,19962420.0,50.030849681244085
1.52,-0.0,19965090.0,50.03095791685676
1.53,-0.0,19967780.0,50.031061721248435
1.54,-0.0,19970490.0,50.03116046925179
1.55,-0.0,19973210.0,50.03125358500684
1.56,-0.0,19975950.0,50.03134054576318
1.57,-0.0,19978710.0,50.03142088515576
1.58,-0.0,19981480.0,50.03149419614328
1.59,-0.0,19984270.0,50.03156013324727
1.6,-0.0,19987080.0,50.03161841436875
1.61,-0.0,19989900.0,50.03166882208638
1.62,-0.0,19992740.0,50.03171120416865
1.63,-0.0,19995590.0,50.03174547369993
1.64,-0.0,19998460.0,50.03177160868735
1.65,-0.0,20001340.0,50.03178965101789
1.66,-0.0,20004240.0,50.031799704794864
1.67,-0.0,20007150.0,50.03180193417496
1.68,-0.0,20010080.0,50.031796560863114
1.69,-0.0,20013020.0,50.03178386103907
1.7,-0.0,20015980.0,50.031764161879124
1.71,-0.0,20018950.0,50.03173783760991
1.72,-0.0,20021930.0,50.03170530535132
1.73,-0.0,20024930.0,50.03166702064641
1.74,-0.0,20027950.0,50.03162347280116
1.75,-0.0,20030970.0,50.031575180022344
1.76,-0.0,20034010.0,50.03152268440152
1.77,-0.0,20037060.0,50.03146654690609
1.78,-0.0,20040130.0,50.031407342375935
1.79,-0.0,20043210.0,50.031345654541816
1.8,-0.0,20046300.0,50.031282071070706
1.81,-0.0,20049400.0,50.03121717889496
1.82,-0.0,20052520.0,50.03115155960089
1.83,-0.0,20055650.0,50.03108578495629
1.84,-0.0,20058790.0,50.03102041274445
1.85,-0.0,20061940.0,50.030955982766066
1.86,-0.0,20065100.0,50.03089301327706
1.87,-0.0,20068270.0,50.03083199758321
1.88,-0.0,20071460.0,50.030773400884364
1.89,-0.0,20074660.0,50.030717657482384
1.9,-0.0,20077860.0,50.030665168230925
1.91,-0.0,20081080.0,50.03061629844668
1.92,-0.0,20084310.0,50.03057137602405
1.93,-0.0,20087550.0,50.03053068980161
1.94,-0.0,20090790.0,50.03049448832123
1.95,-0.0,20094050.0,50.03046297896603
1.96,-0.0,20097320.0,50.0304363271551
1.97,-0.0,20100600.0,50.03041465606282
1.98,-0.0,20103880.0,50.03039804665952
1.99,-0.0,20107180.0,50.03038653792663
2.0,-0.0,20110480.0,50.03038012743735
2.01,-0.0,20113800.0,50.03037877217076
2.02,-0.0,20117120.0,50.03038238976936
2.03,-0.0,20120450.0,50.03039085997273
2.04,-0.0,20123790.0,50.030404026266126
2.05,-0.0,20127130.0,50.03042169787155
2.06,-0.0,20130480.0,50.0304436519062
2.07,-0.0,20133850.0,50.03049924537658
2.08,-0.0,20137210.0,50.03053209309375
2.09,-0.0,20140590.0,50.030567902500486
2.1,-0.0,20143970.0,50.03060636738231
2.11,-0.0,20147360.0,50.030647159002065
2.12,-0.0,20150760.0,50.03068993165245
2.13,-0.0,20154160.0,50.03073432739733
2.14,-0.0,20157570.0,50.030779980450504
2.15,-0.0,20160980.0,50.03082652123475
2.16,-0.0,20164400.0,50.03087358025231
2.17,-0.0,20167830.0,50.030920791544176
2.18,-0.0,20171260.0,50.03096779596512
2.19,-0.0,20174700.0,50.03101424429286
2.2,-0.0,20178140.0,50.03105980011382
2.21,-0.0,20181590.0,50.031104142520974
2.22,-0.0,20185040.0,50.031146968329175
2.23,-0.0,20188500.0,50.031187994308915
2.24,-0.0,20191960.0,50.031226959019605
2.25,-0.0,20195420.0,50.03126362428014
2.26,-0.0,20198890.0,50.031297776670726
2.27,-0.0,20202360.0,50.031329228508056
2.28,-0.0,20205840.0,50.03135781868148
2.29,-0.0,20209320.0,50.03138341320202
2.3,-0.0,20212800.0,50.031405905467544
2.31,-0.0,20216290.0,50.0314252163613
2.32,-0.0,20219780.0,50.0314412941433
2.33,-0.0,20223270.0,50.03145411411568
2.34,-0.0,20226770.0,50.031463678110285
2.35,-0.0,20230260.0,50.031470013704784
2.36,-0.0,20233770.0,50.03147317346199
2.37,-0.0,20237270.0,50.031473233879865
2.38,-0.0,20240770.0,50.031470294104594
2.39,-0.0,20244280.0,50.03146447473825
2.4,-0.0,20247790.0,50.03145591643988
2.41,-0.0,20251290.0,50.03144477834609
2.42,-0.0,20254810.0,50.031431236568395
2.43,-0.0,20258320.0,50.03141548248483
2.44,-0.0,20261830.0,50.03139772084286
2.45,-0.0,20265340.0,50.031378168035154
2.46,-0.0,20268860.0,50.03135705028755
2.47,-0.0,20272370.0,50.03133460157133
2.48,-0.0,20275890.0,50.03131106168334
2.49,-0.0,20279410.0,50.031286674339036
2.5,-0.0,20282920.0,50.0312616851147
2.51,-0.0,20286440.0,50.0312363394787
2.52,-0.0,20289950.0,50.03121088084017
2.53,-0.0,20293470.0,50.03118554863168
2.54,-0.0,20296990.0,50.03116057644251
2.55,-0.0,20300500.0,50.03113619021945
2.56,-0.0,20304020.0,50.03111260647795
2.57,-0.0,20307530.0,50.03109003071239
2.58,-0.0,20311040.0,50.0310686559018
2.59,-0.0,20314550.0,50.03104866116027
2.6,-0.0,20318060.0,50.03103021051321
2.61,-0.0,20321570.0,50.031013451770875
2.62,-0.0,20325080.0,50.03099851572203
2.63,-0.0,20328590.0,50.03098551539734
2.64,-0.0,20332090.0,50.03097454545471
2.65,-0.0,20335590.0,50.03096568190117
2.66,-0.0,20339090.0,50.030958981819786
2.67,-0.0,20342590.0,50.030954483317416
2.68,-0.0,20346090.0,50.030952205781354
2.69,-0.0,20349580.0,50.0309521502877
2.7,-0.0,20353070.0,50.03095429992068
2.71,-0.0,20356560.0,50.03095862045473
2.72,-0.0,20360050.0,50.030965061187196
2.73,-0.0,20363530.0,50.03097355576433
2.74,-0.0,20367020.0,50.03098402325211
2.75,-0.0,20370490.0,50.03099636913787
2.76,-0.0,20373970.0,50.031010486506574
2.77,-0.0,20377440.0,50.03102625725702
2.78,-0.0,20380910.0,50.03104355330432
2.79,-0.0,20384380.0,50.031062237967696
2.8,-0.0,20387840.0,50.03108216727389
2.81,-0.0,20391300.0,50.03110319128542
2.82,-0.0,20394750.0,50.03112515533608
2.83,-0.0,20398200.0,50.0311479013689
2.84,-0.0,20401650.0,50.0311712692904
2.85,-0.0,20405100.0,50.0311950981563
2.86,-0.0,20408540.0,50.03121922740801
2.87,-0.0,20411970.0,50.03124349806794
2.88,-0.0,20415400.0,50.031267753889885
2.89,-0.0,20418830.0,50.03129184246134
2.9,-0.0,20422260.0,50.031315616253934
2.91,-0.0,20425680.0,50.03133893361886
2.92,-0.0,20429090.0,50.031361659723785
2.93,-0.0,20432500.0,50.03138366735417
2.94,-0.0,20435910.0,50.03140483774674
2.95,-0.0,20439310.0,50.03142506140561
2.96,-0.0,20442710.0,50.03144423868691
2.97,-0.0,20446100.0,50.03146228040515
2.98,-0.0,20449490.0,50.031479108410814
2.99,-0.0,20452870.0,50.03149465599758
3.0,-0.0,20456250.0,50.03150886814799
3.01,-0.0,20459620.0,50.031521701710844
3.02,-0.0,20462990.0,50.03153312563191
3.03,-0.0,20466350.0,50.03154312105408
3.04,-0.0,20469710.0,50.031551681161666
3.05,-0.0,20473060.0,50.031558810951296
3.06,-0.0,20476410.0,50.031564527054826
3.07,-0.0,20479750.0,50.03156885736042
3.08,-0.0,20483090.0,50.03157184055607
3.09,-0.0,20486420.0,50.031573525566465
3.1,-0.0,20489750.0,50.03157397084955
3.11,-0.0,20493070.0,50.03157324377092
3.12,-0.0,20496390.0,50.03157141980861
3.13,-0.0,20499700.0,50.03156858164449
3.14,-0.0,20503000.0,50.03156481836268
3.15,-0.0,20506300.0,50.031560224509754
3.16,-0.0,20509600.0,50.03155489907434
3.17,-0.0,20512880.0,50.03154894453413
3.18,-0.0,20516170.0,50.03154246596928
3.19,-0.0,20519440.0,50.03153557001008
3.2,-0.0,20522720.0,50.03152836391877
3.21,-0.0,20525980.0,50.03152095473561
3.22,-0.0,20529240.0,50.03151344839384
3.23,-0.0,20532500.0,50.03150594879069
3.24,-0.0,20535750.0,50.03149855702301
3.25,-0.0,20538990.0,50.031491370713574
3.26,-0.0,20542230.0,50.031484483256115
3.27,-0.0,20545460.0,50.03147798320434
3.28,-0.0,20548690.0,50.031471953794124
3.29,-0.0,20551910.0,50.03146647235669
3.3,-0.0,20555130.0,50.031461609911865
3.31,-0.0,20558340.0,50.031457430861636
3.32,-0.0,20561540.0,50.031453992606146
3.33,-0.0,20564740.0,50.03145134530348
3.34,-0.0,20567930.0,50.03144953168531
3.35,-0.0,20571120.0,50.03144858700011
3.36,-0.0,20574300.0,50.03144853883954
3.37,-0.0,20577470.0,50.031449407134446
3.38,-0.0,20580640.0,50.03145120423971
3.39,-0.0,20583810.0,50.031453934930056
3.4,-0.0,20586970.0,50.03145759652804
3.41,-0.0,20590120.0,50.03146217914962
3.42,-0.0,20593270.0,50.03146766589738
3.43,-0.0,20596410.0,50.031474032972646
3.44,-0.0,20599540.0,50.031481250084155
3.45,-0.0,20602680.0,50.03148928092437
3.46,-0.0,20605800.0,50.03149808337999
3.47,-0.0,20608920.0,50.031507609983684
3.48,-0.0,20612030.0,50.03151780843987
3.49,-0.0,20615140.0,50.0315286220459
3.5,-0.0,20618250.0,50.031539990300764
3.51,-0.0,20621340.0,50.031551849368974
3.52,-0.0,20624430.0,50.03156413268357
3.53,-0.0,20627520.0,50.031576771677265
3.54,-0.0,20630600.0,50.03158969621796
3.55,-0.0,20633680.0,50.03160283525235
3.56,-0.0,20636750.0,50.03161611755874
3.57,-0.0,20639820.0,50.03162947225821
3.58,-0.0,20642880.0,50.03164282934447
3.59,-0.0,20645930.0,50.03165612027587
3.6,-0.0,20648980.0,50.031669278611226
3.61,-0.0,20652030.0,50.031682240588204
3.62,-0.0,20655060.0,50.03169494544248
3.63,-0.0,20658100.0,50.03170733595792
3.64,-0.0,20661130.0,50.031719358837734
3.65,-0.0,20664150.0,50.03173096507783
3.66,-0.0,20667170.0,50.03174211031383
3.67,-0.0,20670190.0,50.03175275492371
3.68,-0.0,20673200.0,50.03176286431531
3.69,-0.0,20676200.0,50.03177240913168
3.7,-0.0,20679200.0,50.03178136525238
3.71,-0.0,20682200.0,50.03178971384592
3.72,-0.0,20685190.0,50.03179744135681
3.73,-0.0,20688180.0,50.03180453946317
3.74,-0.0,20691160.0,50.03181100504809
3.75,-0.0,20694140.0,50.03181684005193
3.76,-0.0,20697110.0,50.031822051221354
3.77,-0.0,20700080.0,50.03182664999877
3.78,-0.0,20703040.0,50.03183065226923
3.79,-0.0,20706000.0,50.031834078046266
3.8,-0.0,20708960.0,50.03183695120288
3.81,-0.0,20711910.0,50.03183929927102
3.82,-0.0,20714850.0,50.031841153111564
3.83,-0.0,20717800.0,50.03184254660762
3.84,-0.0,20720740.0,50.03184351631709
3.85,-0.0,20723670.0,50.03184410115091
3.86,-0.0,20726600.0,50.0318443420133
3.87,-0.0,20729530.0,50.03184428147029
3.88,-0.0,20732450.0,50.031843963382805
3.89,-0.0,20735370.0,50.0318434325704
3.9,-0.0,20738290.0,50.031842734514484
3.91,-0.0,20741200.0,50.031841914926076
3.92,-0.0,20744110.0,50.03184101940025
3.93,-0.0,20747010.0,50.031840093145554
3.94,-0.0,20749910.0,50.03183918054982
3.95,-0.0,20752810.0,50.03183832487025
3.96,-0.0,20755710.0,50.03183756804391
3.97,-0.0,20758600.0,50.0318369502054
3.98,-0.0,20761490.0,50.03183650941991
3.99,-0.0,20764370.0,50.03183628154313
4.0,-0.0,20767250.0,50.03183629986726
4.01,-0.0,20770130.0,50.03183659482192
4.02,-0.0,20773010.0,50.0318371938535
4.03,-0.0,20775880.0,50.03183812123273
4.04,-0.0,20778750.0,50.031839397911135
4.05,-0.0,20781620.0,50.03184104146631
4.06,-0.0,20784480.0,50.03184306592943
4.07,-0.0,20787340.0,50.03184548174811
4.08,-0.0,20790200.0,50.03184829583856
4.09,-0.0,20793060.0,50.031851511519754
4.1,-0.0,20795910.0,50.03185512858143
4.11,-0.0,20798770.0,50.03185914343867
4.12,-0.0,20801620.0,50.03186354923653
4.13,-0.0,20804460.0,50.03186833598663
4.14,-0.0,20807310.0,50.03187349065996
4.15,-0.0,20810150.0,50.03187899747249
4.16,-0.0,20812990.0,50.0318848380753
4.17,-0.0,20815830.0,50.03189099172415
4.18,-0.0,20818670.0,50.03189743567103
4.19,-0.0,20821500.0,50.03190414531473
4.2,-0.0,20824340.0,50.031911094476264
4.21,-0.0,20827170.0,50.031918255717
4.22,-0.0,20830000.0,50.0319256005219
4.23,-0.0,20832830.0,50.031933099564355
4.24,-0.0,20835650.0,50.03194072296537
4.25,-0.0,20838480.0,50.03194844054521
4.26,-0.0,20841300.0,50.03195622213844
4.27,-0.0,20844120.0,50.031964037803014
4.28,-0.0,20846940.0,50.03197185803874
4.29,-0.0,20849760.0,50.031979653908756
4.3,-0.0,20852580.0,50.03198739726297
4.31,-0.0,20855400.0,50.031995061057714
4.32,-0.0,20858210.0,50.032002619429946
4.33,-0.0,20861030.0,50.03201004778989
4.34,-0.0,20863840.0,50.03201732305307
4.35,-0.0,20866650.0,50.03202442376019
4.36,-0.0,20869470.0,50.032031330202386
4.37,-0.0,20872280.0,50.032038024518265
4.38,-0.0,20875090.0,50.0320444907952
4.39,-0.0,20877900.0,50.03205071521296
4.4,-0.0,20880700.0,50.03205668602273
4.41,-0.0,20883510.0,50.03206239354011
4.42,-0.0,20886320.0,50.03206783034527
4.43,-0.0,20889120.0,50.032072991271384
4.44,-0.0,20891930.0,50.03207787327095
4.45,-0.0,20894730.0,50.032082475499884
4.46,-0.0,20897540.0,50.03208679935464
4.47,-0.0,20900340.0,50.032090848341205
4.48,-0.0,20903140.0,50.03209462802678
4.49,-0.0,20905940.0,50.032098146028446
4.5,-0.0,20908740.0,50.03210141190466
4.51,-0.0,20911540.0,50.03210443696261
4.52,-0.0,20914340.0,50.03210723414827
4.53,-0.0,20917140.0,50.03210981790369
4.54,-0.0,20919940.0,50.03211220402658
4.55,-0.0,20922740.0,50.03211440957327
4.56,-0.0,20925540.0,50.032116452672646
4.57,-0.0,20928330.0,50.03211835226507
4.58,-0.0,20931130.0,50.03212012793444
4.59,-0.0,20933920.0,50.03212179971921
4.6,-0.0,20936720.0,50.03212338800951
4.61,-0.0,20939510.0,50.032124913333675
4.62,-0.0,20942300.0,50.032126396041576
4.63,-0.0,20945100.0,50.03212785622685
4.64,-0.0,20947890.0,50.03212931362667
4.65,-0.0,20950680.0,50.03213078745182
4.66,-0.0,20953470.0,50.03213229616035
4.67,-0.0,20956260.0,50.0321338573413
4.68,-0.0,20959050.0,50.03213548759328
4.69,-0.0,20961840.0,50.03213720243126
4.7,-0.0,20964620.0,50.03213901619041
4.71,-0.0,20967410.0,50.03214094195938
4.72,-0.0,20970190.0,50.0321429915823
4.73,-0.0,20972980.0,50.03214517545156
4.74,-0.0,20975760.0,50.03214750257972
4.75,-0.0,20978540.0,50.032149980621675
4.76,-0.0,20981320.0,50.03215261571876
4.77,-0.0,20984100.0,50.032155412587976
4.78,-0.0,20986880.0,50.03215837452012
4.79,-0.0,20989660.0,50.032161503403984
4.8,-0.0,20992430.0,50.03216479974309
4.81,-0.0,20995210.0,50.032168262625106
4.82,-0.0,20997980.0,50.03217188977784
4.83,-0.0,21000750.0,50.03217567769933
4.84,-0.0,21003520.0,50.03217962169661
4.85,-0.0,21006290.0,50.03218371587741
4.86,-0.0,21009060.0,50.03218795329961
4.87,-0.0,21011820.0,50.032192325956736
4.88,-0.0,21014590.0,50.0321968248821
4.89,-0.0,21017350.0,50.03220144022348
4.9,-0.0,21020110.0,50.03220616135312
4.91,-0.0,21022860.0,50.03221097702063
4.92,-0.0,21025620.0,50.03221587537505
4.93,-0.0,21028370.0,50.03222084400224
4.94,-0.0,21031120.0,50.03222587013022
4.95,-0.0,21033870.0,50.03223094072089
4.96,-0.0,21036620.0,50.03223604259662
4.97,-0.0,21039360.0,50.032241162535975
4.98,-0.0,21042110.0,50.03224628733041
4.99,-0.0,21044840.0,50.03225140390304
5.0,-0.0,21047580.0,50.03225649943729
5.01,-0.0,21050310.0,50.03226156155437
5.02,-0.0,21053050.0,50.03226657840568
5.03,-0.0,21055770.0,50.03227153869051
5.04,-0.0,21058500.0,50.032276431692594
5.05,-0.0,21061220.0,50.03228124745549
5.06,-0.0,21063940.0,50.032285976848556
5.07,-0.0,21066650.0,50.03229061163903
5.08,-0.0,21069370.0,50.03229514453784
5.09,-0.0,21072070.0,50.032299569179294
5.1,-0.0,21074780.0,50.03230388023978
5.11,-0.0,21077480.0,50.032308073375084
5.12,-0.0,21080180.0,50.03231214525922
5.13,-0.0,21082870.0,50.03231609364826
5.14,-0.0,21085560.0,50.03231991729825
5.15,-0.0,21088250.0,50.03232361595472
5.16,-0.0,21090930.0,50.03232719033126
5.17,-0.0,21093610.0,50.03233064200751
5.18,-0.0,21096280.0,50.032333973484924
5.19,-0.0,21098950.0,50.03233718812101
5.2,-0.0,21101610.0,50.03234029002024
5.21,-0.0,21104270.0,50.03234328405499
5.22,-0.0,21106930.0,50.03234617572965
5.23,-0.0,21109580.0,50.032348971138475
5.24,-0.0,21112220.0,50.032351676902564
5.25,-0.0,21114860.0,50.03235430011982
5.26,-0.0,21117490.0,50.03235684829659
5.27,-0.0,21120120.0,50.03235932922351
5.28,-0.0,21122750.0,50.03236175100017
5.29,-0.0,21125360.0,50.032364121961194
5.3,-0.0,21127980.0,50.03236645054881
5.31,-0.0,21130580.0,50.03236874526552
5.32,-0.0,21133180.0,50.03237101462388
5.33,-0.0,21135780.0,50.03237326709484
5.34,-0.0,21138360.0,50.03237551105541
5.35,-0.0,21140950.0,50.032377754736366
5.36,-0.0,21143520.0,50.03238000617019
5.37,-0.0,21146090.0,50.03238227306912
5.38,-0.0,21148650.0,50.0323845627989
5.39,-0.0,21151210.0,50.03238688240502
5.4,-0.0,21153760.0,50.03238923848896
5.41,-0.0,21156300.0,50.032391637183615
5.42,-0.0,21158830.0,50.032394084113086
5.43,-0.0,21161360.0,50.032396584370055
5.44,-0.0,21163880.0,50.032399142479925
5.45,-0.0,21166390.0,50.03240176231362
5.46,-0.0,21168900.0,50.03240444708324
5.47,-0.0,21171390.0,50.0324071994092
5.48,-0.0,21173880.0,50.032410021224884
5.49,-0.0,21176360.0,50.03241291379933
5.5,-0.0,21178840.0,50.03241587773143
5.51,-0.0,21181300.0,50.03241891298003
5.52,-0.0,21183760.0,50.03242201886713
5.53,-0.0,21186210.0,50.032425194047036
5.54,-0.0,21188640.0,50.03242843654312
5.55,-0.0,21191080.0,50.03243174387207
5.56,-0.0,21193500.0,50.03243511298887
5.57,-0.0,21195910.0,50.03243854036422
5.58,-0.0,21198310.0,50.032442022014955
5.59,-0.0,21200710.0,50.03244555351243
5.6,-0.0,21203090.0,50.03244913017989
5.61,-0.0,21205470.0,50.032452746988035
5.62,-0.0,21207830.0,50.032456398644655
5.63,-0.0,21210190.0,50.03246007971798
5.64,-0.0,21212530.0,50.03246378462286
5.65,-0.0,21214870.0,50.03246750768577
5.66,-0.0,21217200.0,50.0324712432049
5.67,-0.0,21219510.0,50.03247498550585
5.68,-0.0,21221820.0,50.03247872892261
5.69,-0.0,21224110.0,50.03248246786863
5.7,-0.0,21226390.0,50.032486196954686
5.71,-0.0,21228670.0,50.03248991102173
5.72,-0.0,21230930.0,50.0324936051014
5.73,-0.0,21233180.0,50.03249727446835
5.74,-0.0,21235420.0,50.03250091466981
5.75,-0.0,21237650.0,50.03250452149496
5.76,-0.0,21239870.0,50.03250809108841
5.77,-0.0,21242070.0,50.032511619961525
5.78,-0.0,21244270.0,50.03251510494652
5.79,-0.0,21246450.0,50.0325185432264
5.8,-0.0,21248620.0,50.03252193242885
5.81,-0.0,21250780.0,50.032525270550124
5.82,-0.0,21252930.0,50.03252855591818
5.83,-0.0,21255060.0,50.032531787283475
5.84,-0.0,21257180.0,50.03253496382314
5.85,-0.0,21259290.0,50.032538085142875
5.86,-0.0,21261390.0,50.03254115127596
5.87,-0.0,21263470.0,50.03254416260897
5.88,-0.0,21265550.0,50.03254711989867
5.89,-0.0,21267600.0,50.032550024265866
5.9,-0.0,21269650.0,50.03255287719954
5.91,-0.0,21271680.0,50.03255568054021
5.92,-0.0,21273700.0,50.032558436404294
5.93,-0.0,21275710.0,50.03256114725305
5.94,-0.0,21277700.0,50.03256381585989
5.95,-0.0,21279680.0,50.032566445291536
5.96,-0.0,21281640.0,50.0325690388007
5.97,-0.0,21283590.0,50.032571599826525
5.98,-0.0,21285530.0,50.03257413195726
5.99,-0.0,21287450.0,50.03257663892072
6.0,-0.0,21289360.0,50.03257912453971
6.01,-0.0,21291260.0,50.032581592717364
6.02,-0.0,21293140.0,50.032584047389285
6.03,-0.0,21295000.0,50.03258649243655
6.04,-0.0,21296860.0,50.03258893173128
6.05,-0.0,21298690.0,50.0325913690305
6.06,-0.0,21300510.0,50.0325938079664
6.07,-0.0,21302320.0,50.032596252089604
6.08,-0.0,21304110.0,50.03259870476383
6.09,-0.0,21305890.0,50.032601169159406
6.1,-0.0,21307650.0,50.03260364823095
6.11,-0.0,21309400.0,50.03260614471219
6.12,-0.0,21311130.0,50.032608661096525
6.13,-0.0,21312850.0,50.03261119956536
6.14,-0.0,21314550.0,50.032613762067015
6.15,-0.0,21316240.0,50.03261635022961
6.16,-0.0,21317910.0,50.032618965387684
6.17,-0.0,21319560.0,50.03262160864601
6.18,-0.0,21321200.0,50.03262428088156
6.19,-0.0,21322820.0,50.03262698266349
6.2,-0.0,21324430.0,50.032629714215695
6.21,-0.0,21326020.0,50.03263247551038
6.22,-0.0,21327590.0,50.03263526634918
6.23,-0.0,21329150.0,50.0326380862814
6.24,-0.0,21330690.0,50.03264093456629
6.25,-0.0,21332220.0,50.03264381026693
6.26,-0.0,21333730.0,50.03264671219139
6.27,-0.0,21335220.0,50.03264963899934
6.28,-0.0,21336700.0,50.03265258919573
6.29,-0.0,21338160.0,50.03265556108782
6.3,-0.0,21339600.0,50.03265855287593
6.31,-0.0,21341030.0,50.03266156259269
6.32,-0.0,21342440.0,50.03266458813847
6.33,-0.0,21343830.0,50.03266762729821
6.34,-0.0,21345210.0,50.03267067777261
6.35,-0.0,21346570.0,50.03267373726271
6.36,-0.0,21347910.0,50.03267680340592
6.37,-0.0,21349230.0,50.03267987380896
6.38,-0.0,21350540.0,50.032682946063666
6.39,-0.0,21351830.0,50.032686017706986
6.4,-0.0,21353110.0,50.032689086328354
6.41,-0.0,21354360.0,50.03269214964898
6.42,-0.0,21355600.0,50.03269520538319
6.43,-0.0,21356830.0,50.032698251361474
6.44,-0.0,21358030.0,50.03270128552213
6.45,-0.0,21359220.0,50.03270430588008
6.46,-0.0,21360390.0,50.03270731061109
6.47,-0.0,21361540.0,50.032710297998726
6.48,-0.0,21362680.0,50.03271326652915
6.49,-0.0,21363790.0,50.032716214887195
6.5,-0.0,21364900.0,50.03271914196857
6.51,-0.0,21365980.0,50.0327220468047
6.52,-0.0,21367040.0,50.032724928595954
6.53,-0.0,21368090.0,50.03272778677754
6.54,-0.0,21369120.0,50.032730620948854
6.55,-0.0,21370140.0,50.03273343095116
6.56,-0.0,21371130.0,50.032736216776705
6.57,-0.0,21372110.0,50.03273897858793
6.58,-0.0,21373070.0,50.032741716840825
6.59,-0.0,21374010.0,50.03274443210927
6.6,-0.0,21374940.0,50.03274712510205
6.61,-0.0,21375840.0,50.03274979664355
6.62,-0.0,21376730.0,50.03275244768266
6.63,-0.0,21377610.0,50.032755079408645
6.64,-0.0,21378460.0,50.03275769306915
6.65,-0.0,21379300.0,50.032760289982804
6.66,-0.0,21380120.0,50.03276287158647
6.67,-0.0,21380920.0,50.03276543934882
6.68,-0.0,21381710.0,50.03276799476435
6.69,-0.0,21382470.0,50.03277053941571
6.7,-0.0,21383220.0,50.032773074941396
6.71,-0.0,21383960.0,50.032775602952505
6.72,-0.0,21384670.0,50.032778125029886
6.73,-0.0,21385370.0,50.032780642789035
6.74,-0.0,21386050.0,50.03278315785049
6.75,-0.0,21386710.0,50.032785671829316
6.76,-0.0,21387360.0,50.032788186241085
6.77,-0.0,21387990.0,50.032790702588926
6.78,-0.0,21388600.0,50.0327932223229
6.79,-0.0,21389190.0,50.032795746779065
6.8,-0.0,21389770.0,50.0327982772366
6.81,-0.0,21390330.0,50.0328008149102
6.82,-0.0,21390870.0,50.032803360929314
6.83,-0.0,21391390.0,50.03280591633472
6.84,-0.0,21391900.0,50.03280848206087
6.85,-0.0,21392390.0,50.03281105893521
6.86,-0.0,21392870.0,50.03281364773279
6.87,-0.0,21393330.0,50.03281624908434
6.88,-0.0,21393770.0,50.03281886348287
6.89,-0.0,21394190.0,50.03282149127421
6.9,-0.0,21394600.0,50.03282413266385
6.91,-0.0,21394990.0,50.0328267877786
6.92,-0.0,21395370.0,50.032829456651776
6.93,-0.0,21395730.0,50.032832139142954
6.94,-0.0,21396070.0,50.03283483502544
6.95,-0.0,21396400.0,50.03283754396316
6.96,-0.0,21396710.0,50.03284026545302
6.97,-0.0,21397000.0,50.03284299890232
6.98,-0.0,21397280.0,50.03284574369668
6.99,-0.0,21397540.0,50.03284849910793
7.0,-0.0,21397790.0,50.03285126431744
7.01,-0.0,21398020.0,50.03285403840848
7.02,-0.0,21398240.0,50.032856820390656
7.03,-0.0,21398440.0,50.032859609263426
7.04,-0.0,21398620.0,50.03286240401821
7.05,-0.0,21398790.0,50.03286520355867
7.06,-0.0,21398950.0,50.03286800680351
7.07,-0.0,21399090.0,50.032870812661436
7.08,-0.0,21399210.0,50.03287362005644
7.09,-0.0,21399320.0,50.03287642790695
7.1,-0.0,21399420.0,50.03287923515335
7.11,-0.0,21399500.0,50.03288204080839
7.12,-0.0,21399560.0,50.03288484389176
7.13,-0.0,21399610.0,50.032887643500366
7.14,-0.0,21399650.0,50.03289043872938
7.15,-0.0,21399670.0,50.03289322868956
7.16,-0.0,21399680.0,50.03289601264669
7.17,-0.0,21399680.0,50.0328987899184
7.18,-0.0,21399660.0,50.03290155981692
7.19,-0.0,21399620.0,50.032904321794355
7.2,-0.0,21399580.0,50.032907075413014
7.21,-0.0,21399520.0,50.03290982019717
7.22,-0.0,21399440.0,50.03291255579971
7.23,-0.0,21399360.0,50.0329152819604
7.24,-0.0,21399260.0,50.032917998446244
7.25,-0.0,21399140.0,50.03292070511065
7.26,-0.0,21399020.0,50.03292340188887
7.27,-0.0,21398880.0,50.032926088850395
7.28,-0.0,21398730.0,50.032928766105385
7.29,-0.0,21398560.0,50.03293143373981
7.3,-0.0,21398380.0,50.03293409196782
7.31,-0.0,21398190.0,50.03293674109292
7.32,-0.0,21397990.0,50.03293938143606
7.33,-0.0,21397780.0,50.03294201339886
7.34,-0.0,21397550.0,50.03294463744731
7.35,-0.0,21397310.0,50.03294725409846
7.36,-0.0,21397060.0,50.03294986390876
7.37,-0.0,21396800.0,50.03295246746388
7.38,-0.0,21396530.0,50.03295506543913
7.39,-0.0,21396240.0,50.03295765849718
7.4,-0.0,21395950.0,50.03296024729933
7.41,-0.0,21395640.0,50.0329628325543
7.42,-0.0,21395320.0,50.032965415004625
7.43,-0.0,21394990.0,50.03296799540104
7.44,-0.0,21394650.0,50.03297057442511
7.45,-0.0,21394300.0,50.03297315276164
7.46,-0.0,21393940.0,50.03297573114522
7.47,-0.0,21393560.0,50.03297831026167
7.48,-0.0,21393180.0,50.03298089074894
7.49,-0.0,21392780.0,50.03298347325254
7.5,-0.0,21392380.0,50.03298605833385
7.51,-0.0,21391960.0,50.032988646546606
7.52,-0.0,21391540.0,50.032991238403646
7.53,-0.0,21391100.0,50.032993834379546
7.54,-0.0,21390660.0,50.03299643488419
7.55,-0.0,21390200.0,50.03299904027087
7.56,-0.0,21389740.0,50.033001650814256
7.57,-0.0,21389260.0,50.03300426672208
7.58,-0.0,21388780.0,50.033006888186485
7.59,-0.0,21388290.0,50.03300951530463
7.6,-0.0,21387780.0,50.03301214815229
7.61,-0.0,21387270.0,50.033014786763374
7.62,-0.0,21386750.0,50.03301743112938
7.63,-0.0,21386220.0,50.03302008118563
7.64,-0.0,21385680.0,50.033022736745444
7.65,-0.0,21385140.0,50.03302539765389
7.66,-0.0,21384580.0,50.033028063751374
7.67,-0.0,21384010.0,50.03303073473538
7.68,-0.0,21383440.0,50.033033410321636
7.69,-0.0,21382860.0,50.03303609021348
7.7,-0.0,21382270.0,50.03303877403732
7.71,-0.0,21381670.0,50.03304146141356
7.72,-0.0,21381070.0,50.033044151947934
7.73,-0.0,21380450.0,50.03304684522587
7.74,-0.0,21379830.0,50.033049540808996
7.75,-0.0,21379200.0,50.03305223823309
7.76,-0.0,21378560.0,50.03305493700714
7.77,-0.0,21377920.0,50.03305763668355
7.78,-0.0,21377270.0,50.033060336835476
7.79,-0.0,21376610.0,50.03306303698438
7.8,-0.0,21375940.0,50.03306573660855
7.81,-0.0,21375260.0,50.03306843522002
7.82,-0.0,21374580.0,50.03307113241719
7.83,-0.0,21373900.0,50.03307382779288
7.84,-0.0,21373200.0,50.03307652087222
7.85,-0.0,21372500.0,50.03307921119865
7.86,-0.0,21371790.0,50.03308189839284
7.87,-0.0,21371080.0,50.03308458213566
7.88,-0.0,21370350.0,50.03308726208593
7.89,-0.0,21369630.0,50.03308993796535
7.9,-0.0,21368890.0,50.03309260953206
7.91,-0.0,21368150.0,50.033095276518914
7.92,-0.0,21367410.0,50.03309793870552
7.93,-0.0,21366660.0,50.03310059590989
7.94,-0.0,21365900.0,50.033103247982446
7.95,-0.0,21365130.0,50.03310589480099
7.96,-0.0,21364370.0,50.033108536337124
7.97,-0.0,21363590.0,50.03311117255914
7.98,-0.0,21362810.0,50.0331138034487
7.99,-0.0,21362020.0,50.03311642905501
8.0,-0.0,21361230.0,50.033119049486196
8.01,-0.0,21360440.0,50.03312166488855
8.02,-0.0,21359640.0,50.033124275373595
8.03,-0.0,21358830.0,50.033126881094915
8.04,-0.0,21358020.0,50.033129482228524
8.05,-0.0,21357200.0,50.03313207897128
8.06,-0.0,21356380.0,50.033134671595455
8.07,-0.0,21355560.0,50.03313726035614
8.08,-0.0,21354730.0,50.03313984549741
8.09,-0.0,21353890.0,50.033142427312086
8.1,-0.0,21353050.0,50.03314500612369
8.11,-0.0,21352210.0,50.03314758220216
8.12,-0.0,21351360.0,50.03315015584621
8.13,-0.0,21350510.0,50.03315272735445
8.14,-0.0,21349660.0,50.033155296960764
8.15,-0.0,21348800.0,50.03315786497444
8.16,-0.0,21347930.0,50.03316043167588
8.17,-0.0,21347070.0,50.03316299732856
8.18,-0.0,21346200.0,50.03316556215969
8.19,-0.0,21345320.0,50.03316812637305
8.2,-0.0,21344440.0,50.03317069020091
8.21,-0.0,21343560.0,50.03317325389437
8.22,-0.0,21342680.0,50.033175817632014
8.23,-0.0,21341790.0,50.03317838154109
8.24,-0.0,21340900.0,50.033180945825826
8.25,-0.0,21340010.0,50.03318351066842
8.26,-0.0,21339110.0,50.03318607616121
8.27,-0.0,21338210.0,50.033188642387806
8.28,-0.0,21337300.0,50.0331912094073
8.29,-0.0,21336400.0,50.033193777256535
8.3,-0.0,21335490.0,50.0331963460083
8.31,-0.0,21334580.0,50.03319891568236
8.32,-0.0,21333660.0,50.03320148625504
8.33,-0.0,21332750.0,50.03320405772285
8.34,-0.0,21331830.0,50.03320663001729
8.35,-0.0,21330910.0,50.033209203088305
8.36,-0.0,21329980.0,50.03321177687644
8.37,-0.0,21329060.0,50.0332143512502
8.38,-0.0,21328130.0,50.03321692607787
8.39,-0.0,21327200.0,50.03321950121945
8.4,-0.0,21326270.0,50.03322207652111
8.41,-0.0,21325330.0,50.03322465174131
8.42,-0.0,21324400.0,50.033227226642474
8.43,-0.0,21323460.0,50.03322980104035
8.44,-0.0,21322520.0,50.0332323747231
8.45,-0.0,21321580.0,50.03323494752424
8.46,-0.0,21320630.0,50.0332375192309
8.47,-0.0,21319690.0,50.03324008960583
8.48,-0.0,21318740.0,50.03324265844671
8.49,-0.0,21317800.0,50.03324522551216
8.5,-0.0,21316850.0,50.03324779052936
8.51,-0.0,21315900.0,50.033250353270354
8.52,-0.0,21314940.0,50.03325291353345
8.53,-0.0,21313990.0,50.033255471073254
8.54,-0.0,21313040.0,50.03325802568141
8.55,-0.0,21312080.0,50.0332605771707
8.56,-0.0,21311120.0,50.033263125307
8.57,-0.0,21310170.0,50.03326566996168
8.58,-0.0,21309210.0,50.03326821100262
8.59,-0.0,21308250.0,50.033270748246714
8.6,-0.0,21307290.0,50.03327328159938
8.61,-0.0,21306320.0,50.03327581096349
8.62,-0.0,21305360.0,50.03327833624799
8.63,-0.0,21304400.0,50.03328085735994
8.64,-0.0,21303430.0,50.03328337421246
8.65,-0.0,21302470.0,50.033285886786935
8.66,-0.0,21301500.0,50.03328839504692
8.67,-0.0,21300540.0,50.03329089894992
8.68,-0.0,21299570.0,50.03329339851241
8.69,-0.0,21298600.0,50.033295893725594
8.7,-0.0,21297640.0,50.033298384568624
8.71,-0.0,21296670.0,50.03330087107491
8.72,-0.0,21295700.0,50.03330335324859
8.73,-0.0,21294730.0,50.03330583114918
8.74,-0.0,21293760.0,50.03330830486424
8.75,-0.0,21292790.0,50.03331077444641
8.76,-0.0,21291820.0,50.033313239985
8.77,-0.0,21290850.0,50.03331570159671
8.78,-0.0,21289880.0,50.03331815934835
8.79,-0.0,21288910.0,50.03332061334537
8.8,-0.0,21287940.0,50.03332306370758
8.81,-0.0,21286960.0,50.033325510508405
8.82,-0.0,21285990.0,50.03332795384795
8.83,-0.0,21285020.0,50.03333039384504
8.84,-0.0,21284050.0,50.03333283063115
8.85,-0.0,21283080.0,50.03333526434569
8.86,-0.0,21282100.0,50.03333769506175
8.87,-0.0,21281130.0,50.03334012287678
8.88,-0.0,21280160.0,50.03334254796048
8.89,-0.0,21279180.0,50.03334497040126
8.9,-0.0,21278210.0,50.03334739030044
8.91,-0.0,21277240.0,50.03334980775184
8.92,-0.0,21276270.0,50.03335222285449
8.93,-0.0,21275290.0,50.033354635694174
8.94,-0.0,21274320.0,50.03335704635755
8.95,-0.0,21273350.0,50.033359454914574
8.96,-0.0,21272370.0,50.03336186136293
8.97,-0.0,21271400.0,50.03336426577584
8.98,-0.0,21270430.0,50.03336666820356
8.99,-0.0,21269450.0,50.033369068619834
9.0,-0.0,21268480.0,50.03337146707144
9.01,-0.0,21267510.0,50.033373863580685
9.02,-0.0,21266530.0,50.03337625809296
9.03,-0.0,21265560.0,50.03337865055646
9.04,-0.0,21264580.0,50.03338104091949
9.05,-0.0,21263610.0,50.033383429199596
9.06,-0.0,21262640.0,50.0333858153889
9.07,-0.0,21261660.0,50.033388199403184
9.08,-0.0,21260690.0,50.03339058116302
9.09,-0.0,21259720.0,50.033392960591804
9.1,-0.0,21258740.0,50.03339533761504
9.11,-0.0,21257770.0,50.03339771216019
9.12,-0.0,21256790.0,50.03340008415663
9.13,-0.0,21255820.0,50.033402453465484
9.14,-0.0,21254840.0,50.03340481997406
9.15,-0.0,21253870.0,50.03340718364699
9.16,-0.0,21252890.0,50.03340954437524
9.17,-0.0,21251920.0,50.033411902073
9.18,-0.0,21250940.0,50.033414256659434
9.19,-0.0,21249970.0,50.03341660800281
9.2,-0.0,21248990.0,50.033418955997846
9.21,-0.0,21248020.0,50.033421300561265
9.22,-0.0,21247040.0,50.033423641628985
9.23,-0.0,21246060.0,50.033425979154
9.24,-0.0,21245090.0,50.0334283130346
9.25,-0.0,21244110.0,50.03343064320751
9.26,-0.0,21243130.0,50.033432969627334
9.27,-0.0,21242150.0,50.03343529213823
9.28,-0.0,21241170.0,50.03343761064427
9.29,-0.0,21240190.0,50.033439925083876
9.3,-0.0,21239220.0,50.033442235439566
9.31,-0.0,21238230.0,50.03344454164673
9.32,-0.0,21237250.0,50.03344684362989
9.33,-0.0,21236270.0,50.0334491413585
9.34,-0.0,21235290.0,50.03345143478355
9.35,-0.0,21234310.0,50.03345372390983
9.36,-0.0,21233320.0,50.03345600871665
9.37,-0.0,21232340.0,50.03345828917527
9.38,-0.0,21231360.0,50.033460565318435
9.39,-0.0,21230370.0,50.033462837159206
9.4,-0.0,21229380.0,50.03346510470702
9.41,-0.0,21228400.0,50.03346736796529
9.42,-0.0,21227410.0,50.03346962694375
9.43,-0.0,21226420.0,50.03347188165341
9.44,-0.0,21225430.0,50.03347413211705
9.45,-0.0,21224440.0,50.033476378362884
9.46,-0.0,21223440.0,50.033478620433755
9.47,-0.0,21222450.0,50.033480858380095
9.48,-0.0,21221460.0,50.03348309226831
9.49,-0.0,21220460.0,50.03348532217322
9.5,-0.0,21219460.0,50.033487548115254
9.51,-0.0,21218460.0,50.03348977014688
9.52,-0.0,21217460.0,50.03349198834022
9.53,-0.0,21216460.0,50.03349420272152
9.54,-0.0,21215460.0,50.033496413355216
9.55,-0.0,21214460.0,50.03349862033015
9.56,-0.0,21213450.0,50.03350082369262
9.57,-0.0,21212440.0,50.033503023458984
9.58,-0.0,21211430.0,50.03350521969545
9.59,-0.0,21210420.0,50.03350741250138
9.6,-0.0,21209410.0,50.03350960194032
9.61,-0.0,21208400.0,50.03351178805098
9.62,-0.0,21207380.0,50.033513970855104
9.63,-0.0,21206360.0,50.033516150363475
9.64,-0.0,21205350.0,50.03351832665125
9.65,-0.0,21204320.0,50.03352049976725
9.66,-0.0,21203300.0,50.03352266975681
9.67,-0.0,21202280.0,50.03352483665078
9.68,-0.0,21201250.0,50.03352700041428
9.69,-0.0,21200220.0,50.03352916109881
9.7,-0.0,21199190.0,50.03353131874584
9.71,-0.0,21198150.0,50.03353347333509
9.72,-0.0,21197120.0,50.03353562486505
9.73,-0.0,21196080.0,50.033537773350325
9.74,-0.0,21195040.0,50.03353991881993
9.75,-0.0,21194000.0,50.033542061316325
9.76,-0.0,21192950.0,50.03354420082362
9.77,-0.0,21191910.0,50.03354633736134
9.78,-0.0,21190860.0,50.03354847096375
9.79,-0.0,21189800.0,50.03355060155113
9.8,-0.0,21188750.0,50.03355272910027
9.81,-0.0,21187690.0,50.03355485361865
9.82,-0.0,21186630.0,50.03355697508284
9.83,-0.0,21185570.0,50.03355909344129
9.84,-0.0,21184500.0,50.03356120863038
9.85,-0.0,21183430.0,50.03356332064315
9.86,-0.0,21182360.0,50.0335654295186
9.87,-0.0,21181290.0,50.03356753519246
9.88,-0.0,21180210.0,50.03356963760941
9.89,-0.0,21179130.0,50.03357173677326
9.9,-0.0,21178050.0,50.03357383260839
9.91,-0.0,21176960.0,50.03357592505283
9.92,-0.0,21175870.0,50.03357801412185
9.93,-0.0,21174780.0,50.03358009982244
9.94,-0.0,21173680.0,50.033582182095635
9.95,-0.0,21172590.0,50.03358426090655
9.96,-0.0,21171480.0,50.03358633623517
9.97,-0.0,21170380.0,50.03358840801293
9.98,-0.0,21169270.0,50.03359047620909
9.99,-0.0,21168160.0,50.03359254081865
10.0,-0.0,21167040.0,50.03359460179689
10.01,-0.0,21165920.0,50.03359665914399
10.02,-0.0,21164800.0,50.03359871282076
10.03,-0.0,21163670.0,50.0336007627767
10.04,-0.0,21162540.0,50.03360280901359
10.05,-0.0,21161410.0,50.03360485158483
10.06,-0.0,21160270.0,50.03360689051021
10.07,-0.0,21159130.0,50.03360892573207
10.08,-0.0,21157990.0,50.0336109572727
10.09,-0.0,21156840.0,50.033612985141865
10.1,-0.0,21155690.0,50.03361500935881
10.11,-0.0,21154530.0,50.03361702994078
10.12,-0.0,21153370.0,50.033619046851506
10.13,-0.0,21152200.0,50.033621060153465
10.14,-0.0,21151030.0,50.03362306991125
10.15,-0.0,21149860.0,50.03362507613974
10.16,-0.0,21148680.0,50.03362707881386
10.17,-0.0,21147500.0,50.03362907796064
10.18,-0.0,21146310.0,50.03363107363761
10.19,-0.0,21145120.0,50.03363306587409
10.2,-0.0,21143920.0,50.03363505467622
10.21,-0.0,21142720.0,50.03363704004442
10.22,-0.0,21141510.0,50.03363902204375
10.23,-0.0,21140300.0,50.033641000722774
10.24,-0.0,21139080.0,50.03364297613025
10.25,-0.0,21137860.0,50.03364494831314
10.26,-0.0,21136630.0,50.03364691732934
10.27,-0.0,21135400.0,50.033648883243146
10.28,-0.0,21134160.0,50.033650846065015
10.29,-0.0,21132920.0,50.03365280584027
10.3,-0.0,21131670.0,50.03365476263858
10.31,-0.0,21130420.0,50.03365671648948
10.32,-0.0,21129160.0,50.03365866739685
10.33,-0.0,21127900.0,50.03366061542073
10.34,-0.0,21126620.0,50.033662560590805
10.35,-0.0,21125350.0,50.033664502932794
10.36,-0.0,21124070.0,50.033666442531086
10.37,-0.0,21122780.0,50.03366837938484
10.38,-0.0,21121480.0,50.033670313511244
10.39,-0.0,21120180.0,50.03367224500261
10.4,-0.0,21118870.0,50.03367417387855
10.41,-0.0,21117560.0,50.03367610011544
10.42,-0.0,21116240.0,50.03367802372497
10.43,-0.0,21114910.0,50.03367994475043
10.44,-0.0,21113580.0,50.033681863264235
10.45,-0.0,21112240.0,50.0336837792953
10.46,-0.0,21110890.0,50.033685692780296
10.47,-0.0,21109540.0,50.03368760373223
10.48,-0.0,21108180.0,50.03368951221269
10.49,-0.0,21106810.0,50.03369141819762
10.5,-0.0,21105440.0,50.0336933216741
10.51,-0.0,21104060.0,50.03369522263509
10.52,-0.0,21102670.0,50.03369712109027
10.53,-0.0,21101270.0,50.03369901706009
10.54,-0.0,21099870.0,50.03370091058553
10.55,-0.0,21098460.0,50.03370280165035
10.56,-0.0,21097040.0,50.03370469021377
10.57,-0.0,21095620.0,50.03370657634903
10.58,-0.0,21094180.0,50.033708460079204
10.59,-0.0,21092740.0,50.033710341337446
10.6,-0.0,21091290.0,50.03371222012814
10.61,-0.0,21089840.0,50.033714096507296
10.62,-0.0,21088370.0,50.03371597044038
10.63,-0.0,21086900.0,50.033717841906956
10.64,-0.0,21085420.0,50.03371971095858
10.65,-0.0,21083930.0,50.033721577571455
10.66,-0.0,21082430.0,50.033723441747334
10.67,-0.0,21080930.0,50.033725303497654
10.68,-0.0,21079410.0,50.03372716278888
10.69,-0.0,21077890.0,50.03372901962162
10.7,-0.0,21076360.0,50.03373087402703
10.71,-0.0,21074820.0,50.03373272599286
10.72,-0.0,21073280.0,50.03373457555672
10.73,-0.0,21071720.0,50.03373642278422
10.74,-0.0,21070150.0,50.03373826763882
10.75,-0.0,21068580.0,50.03374011008138
10.76,-0.0,21067000.0,50.03374195013844
10.77,-0.0,21065410.0,50.033743787819574
10.78,-0.0,21063810.0,50.03374562313277
10.79,-0.0,21062200.0,50.03374745615313
10.8,-0.0,21060580.0,50.03374928693967
10.81,-0.0,21058950.0,50.03375111547928
10.82,-0.0,21057320.0,50.03375294177847
10.83,-0.0,21055670.0,50.03375476585483
10.84,-0.0,21054020.0,50.033756587744925
10.85,-0.0,21052350.0,50.033758407496144
10.86,-0.0,21050680.0,50.03376022510334
10.87,-0.0,21049000.0,50.03376204059569
10.88,-0.0,21047300.0,50.03376385402408
10.89,-0.0,21045600.0,50.033765665394846
10.9,-0.0,21043890.0,50.03376747468305
10.91,-0.0,21042170.0,50.03376928191338
10.92,-0.0,21040440.0,50.0337710871436
10.93,-0.0,21038700.0,50.03377289046642
10.94,-0.0,21036950.0,50.033774691925416
10.95,-0.0,21035190.0,50.03377649154294
10.96,-0.0,21033430.0,50.03377828938385
10.97,-0.0,21031650.0,50.033780085482704
10.98,-0.0,21029860.0,50.033781879852604
10.99,-0.0,21028060.0,50.03378367249138
11.0,-0.0,21026260.0,50.033785463457626
11.01,-0.0,21024440.0,50.033787252779085
11.02,-0.0,21022610.0,50.033789040475355
11.03,-0.0,21020780.0,50.03379082661796
11.04,-0.0,21018930.0,50.033792611254626
11.05,-0.0,21017070.0,50.0337943944159
11.06,-0.0,21015210.0,50.033796176119715
11.07,-0.0,21013330.0,50.03379795637471
11.08,-0.0,21011450.0,50.03379973525407
11.09,-0.0,21009550.0,50.03380151280198
11.1,-0.0,21007650.0,50.03380328898387
11.11,-0.0,21005730.0,50.033805063840575
11.12,-0.0,21003810.0,50.03380683739146
11.13,-0.0,21001870.0,50.03380860965393
11.14,-0.0,20999930.0,50.03381038070073
11.15,-0.0,20997970.0,50.033812150582335
11.16,-0.0,20996010.0,50.03381391926044
11.17,-0.0,20994030.0,50.03381568670673
11.18,-0.0,20992050.0,50.03381745295634
11.19,-0.0,20990060.0,50.03381921802767
11.2,-0.0,20988050.0,50.03382098199729
11.21,-0.0,20986040.0,50.03382274490659
11.22,-0.0,20984020.0,50.03382450671193
11.23,-0.0,20981980.0,50.03382626743906
11.24,-0.0,20979940.0,50.0338280270861
11.25,-0.0,20977890.0,50.03382978564299
11.26,-0.0,20975830.0,50.033831543148956
11.27,-0.0,20973750.0,50.03383329961479
11.28,-0.0,20971670.0,50.03383505509954
11.29,-0.0,20969580.0,50.03383680961846
11.3,-0.0,20967480.0,50.033838563165865
11.31,-0.0,20965370.0,50.03384031577491
11.32,-0.0,20963250.0,50.03384206744166
11.33,-0.0,20961120.0,50.033843818131515
11.34,-0.0,20958980.0,50.03384556785559
11.35,-0.0,20956840.0,50.033847316649926
11.36,-0.0,20954680.0,50.03384906450299
11.37,-0.0,20952510.0,50.033850811435975
11.38,-0.0,20950330.0,50.033852557413475
11.39,-0.0,20948150.0,50.03385430243986
11.4,-0.0,20945950.0,50.033856046525415
11.41,-0.0,20943750.0,50.03385778963184
11.42,-0.0,20941540.0,50.03385953180967
11.43,-0.0,20939320.0,50.033861273102346
11.44,-0.0,20937090.0,50.033863013552235
11.45,-0.0,20934850.0,50.033864753190386
11.46,-0.0,20932600.0,50.033866491971004
11.47,-0.0,20930340.0,50.033868229857326
11.48,-0.0,20928070.0,50.033869966879685
11.49,-0.0,20925800.0,50.03387170311569
11.5,-0.0,20923510.0,50.03387343860385
11.51,-0.0,20921220.0,50.03387517328435
11.52,-0.0,20918920.0,50.033876907161066
11.53,-0.0,20916610.0,50.033878640267304
11.54,-0.0,20914290.0,50.03388037259696
11.55,-0.0,20911970.0,50.03388210417411
11.56,-0.0,20909630.0,50.033883835040946
11.57,-0.0,20907290.0,50.03388556524888
11.58,-0.0,20904940.0,50.033887294779746
11.59,-0.0,20902580.0,50.03388902363609
11.6,-0.0,20900210.0,50.03389075181632
11.61,-0.0,20897840.0,50.03389247932476
11.62,-0.0,20895460.0,50.03389420622233
11.63,-0.0,20893070.0,50.033895932543224
11.64,-0.0,20890670.0,50.033897658296034
11.65,-0.0,20888260.0,50.033899383464
11.66,-0.0,20885850.0,50.03390110800496
11.67,-0.0,20883430.0,50.03390283192307
11.68,-0.0,20881000.0,50.03390455524468
11.69,-0.0,20878570.0,50.03390627801456
11.7,-0.0,20876120.0,50.03390800027859
11.71,-0.0,20873680.0,50.033909722084665
11.72,-0.0,20871220.0,50.033911443468845
11.73,-0.0,20868760.0,50.03391316438689
11.74,-0.0,20866290.0,50.03391488479827
11.75,-0.0,20863810.0,50.033916604722904
11.76,-0.0,20861330.0,50.033918324220025
11.77,-0.0,20858840.0,50.033920043300704
11.78,-0.0,20856340.0,50.03392176193967
11.79,-0.0,20853840.0,50.03392348014138
11.8,-0.0,20851330.0,50.03392519792585
11.81,-0.0,20848820.0,50.033926915317736
11.82,-0.0,20846300.0,50.03392863233827
11.83,-0.0,20843770.0,50.033930348998744
11.84,-0.0,20841240.0,50.0339320652955
11.85,-0.0,20838700.0,50.03393378120584
11.86,-0.0,20836160.0,50.03393549675679
11.87,-0.0,20833610.0,50.03393721192656
11.88,-0.0,20831060.0,50.033938926734955
11.89,-0.0,20828500.0,50.033940641204275
11.9,-0.0,20825930.0,50.03394235530054
11.91,-0.0,20823360.0,50.033944068996774
11.92,-0.0,20820790.0,50.03394578227031
11.93,-0.0,20818210.0,50.033947495158735
11.94,-0.0,20815630.0,50.03394920766592
11.95,-0.0,20813040.0,50.033950919769396
11.96,-0.0,20810450.0,50.03395263148354
11.97,-0.0,20807850.0,50.03395434284247
11.98,-0.0,20805250.0,50.033956053815466
11.99,-0.0,20802650.0,50.03395776439341
12.0,-0.0,20800040.0,50.03395947463281
12.01,-0.0,20797420.0,50.03396118449507
12.02,-0.0,20794810.0,50.0339628939401
12.03,-0.0,20792190.0,50.03396460297552
12.04,-0.0,20789560.0,50.03396631157189
12.05,-0.0,20786940.0,50.033968019735276
12.06,-0.0,20784310.0,50.03396972748314
12.07,-0.0,20781670.0,50.0339714347682
12.08,-0.0,20779040.0,50.03397314155742
12.09,-0.0,20776400.0,50.03397484788458
12.1,-0.0,20773760.0,50.03397655375389
12.11,-0.0,20771110.0,50.03397825914573
12.12,-0.0,20768470.0,50.03397996407868
12.13,-0.0,20765820.0,50.03398166851927
12.14,-0.0,20763170.0,50.03398337239292
12.15,-0.0,20760510.0,50.03398507572182
12.16,-0.0,20757860.0,50.03398677851375
12.17,-0.0,20755200.0,50.03398848077158
12.18,-0.0,20752540.0,50.03399018247148
12.19,-0.0,20749880.0,50.03399188357457
12.2,-0.0,20747220.0,50.033993584079624
12.21,-0.0,20744560.0,50.03399528401234
12.22,-0.0,20741890.0,50.03399698340326
12.23,-0.0,20739230.0,50.033998682212896
12.24,-0.0,20736560.0,50.034000380411655
12.25,-0.0,20733890.0,50.03400207796097
12.26,-0.0,20731230.0,50.0340037748135
12.27,-0.0,20728560.0,50.034005470971444
12.28,-0.0,20725890.0,50.03400716646588
12.29,-0.0,20723220.0,50.03400886134136
12.3,-0.0,20720550.0,50.034010555571626
12.31,-0.0,20717880.0,50.034012249146855
12.32,-0.0,20715210.0,50.03401394204594
12.33,-0.0,20712550.0,50.03401563424418
12.34,-0.0,20709880.0,50.03401732576302
12.35,-0.0,20707210.0,50.03401901658457
12.36,-0.0,20704540.0,50.03402070665206
12.37,-0.0,20701880.0,50.03402239594181
12.38,-0.0,20699210.0,50.03402408451133
12.39,-0.0,20696550.0,50.03402577232608
12.4,-0.0,20693880.0,50.034027459359365
12.41,-0.0,20691220.0,50.034029145631564
12.42,-0.0,20688560.0,50.03403083113164
12.43,-0.0,20685900.0,50.03403251588071
12.44,-0.0,20683250.0,50.03403419984258
12.45,-0.0,20680590.0,50.03403588300767
12.46,-0.0,20677940.0,50.034037565362596
12.47,-0.0,20675290.0,50.0340392468963
12.48,-0.0,20672640.0,50.03404092757552
12.49,-0.0,20669990.0,50.034042607355154
12.5,-0.0,20667350.0,50.03404428622966
12.51,-0.0,20664710.0,50.03404596422158
12.52,-0.0,20662070.0,50.034047641358505
12.53,-0.0,20659430.0,50.03404931759753
12.54,-0.0,20656800.0,50.03405099290502
12.55,-0.0,20654170.0,50.034052667237425
12.56,-0.0,20651550.0,50.03405434061398
12.57,-0.0,20648930.0,50.034056013078164
12.58,-0.0,20646310.0,50.03405768455217
12.59,-0.0,20643690.0,50.03405935500162
12.6,-0.0,20641080.0,50.0340610244009
12.61,-0.0,20638470.0,50.03406269273641
12.62,-0.0,20635870.0,50.03406435998021
12.63,-0.0,20633270.0,50.0340660260988
12.64,-0.0,20630680.0,50.034067691103616
12.65,-0.0,20628090.0,50.03406935496596
12.66,-0.0,20625500.0,50.03407101769057
12.67,-0.0,20622920.0,50.03407267929153
12.68,-0.0,20620350.0,50.034074339715986
12.69,-0.0,20617780.0,50.03407599892405
12.7,-0.0,20615210.0,50.0340776568696
12.71,-0.0,20612650.0,50.03407931350053
12.72,-0.0,20610100.0,50.03408096881744
12.73,-0.0,20607550.0,50.03408262278041
12.74,-0.0,20605000.0,50.034084275318214
12.75,-0.0,20602470.0,50.0340859263933
12.76,-0.0,20599930.0,50.03408757598622
12.77,-0.0,20597410.0,50.03408922408417
12.78,-0.0,20594890.0,50.03409087067244
12.79,-0.0,20592370.0,50.03409251572808
12.8,-0.0,20589870.0,50.034094159214845
12.81,-0.0,20587360.0,50.03409580107985
12.82,-0.0,20584870.0,50.034097441323574
12.83,-0.0,20582380.0,50.03409907997377
12.84,-0.0,20579900.0,50.034100717007654
12.85,-0.0,20577420.0,50.034102352357955
12.86,-0.0,20574950.0,50.03410398591739
12.87,-0.0,20572490.0,50.03410561768784
12.88,-0.0,20570040.0,50.03410724766164
12.89,-0.0,20567590.0,50.034108875768034
12.9,-0.0,20565150.0,50.03411050201456
12.91,-0.0,20562720.0,50.03411212639058
12.92,-0.0,20560290.0,50.03411374887451
12.93,-0.0,20557870.0,50.03411536942474
12.94,-0.0,20555460.0,50.03411698798716
12.95,-0.0,20553050.0,50.03411860455957
12.96,-0.0,20550660.0,50.03412021910242
12.97,-0.0,20548270.0,50.034121831551346
12.98,-0.0,20545880.0,50.0341234418851
12.99,-0.0,20543510.0,50.0341250501118
13.0,-0.0,20541140.0,50.03412665618602
13.01,-0.0,20538780.0,50.03412826009892
13.02,-0.0,20536430.0,50.03412986185193
13.03,-0.0,20534090.0,50.034131461393294
13.04,-0.0,20531750.0,50.03413305869386
13.05,-0.0,20529420.0,50.03413465373904
13.06,-0.0,20527100.0,50.03413624652321
13.07,-0.0,20524790.0,50.034137837045634
13.08,-0.0,20522490.0,50.03413942530748
13.09,-0.0,20520190.0,50.03414101130963
13.1,-0.0,20517900.0,50.03414259505109
13.11,-0.0,20515620.0,50.034144176454646
13.12,-0.0,20513350.0,50.03414575546382
13.13,-0.0,20511090.0,50.03414733209477
13.14,-0.0,20508830.0,50.034148906352286
13.15,-0.0,20506580.0,50.03415047823205
13.16,-0.0,20504340.0,50.034152047722024
13.17,-0.0,20502110.0,50.03415361480348
13.18,-0.0,20499890.0,50.034155179451986
13.19,-0.0,20497670.0,50.0341567416382
13.2,-0.0,20495460.0,50.03415830132872
13.21,-0.0,20493260.0,50.034159858559946
13.22,-0.0,20491070.0,50.0341614133412
13.23,-0.0,20488890.0,50.03416296560304
13.24,-0.0,20486710.0,50.03416451535488
13.25,-0.0,20484550.0,50.034166062585975
13.26,-0.0,20482390.0,50.03416760721217
13.27,-0.0,20480240.0,50.034169149232966
13.28,-0.0,20478090.0,50.034170688631676
13.29,-0.0,20475960.0,50.034172225395025
13.3,-0.0,20473830.0,50.03417375949901
13.31,-0.0,20471710.0,50.03417529092711
13.32,-0.0,20469600.0,50.03417681972855
13.33,-0.0,20467500.0,50.03417834586506
13.34,-0.0,20465400.0,50.034179869313945
13.35,-0.0,20463320.0,50.03418139005109
13.36,-0.0,20461240.0,50.03418290799424
13.37,-0.0,20459170.0,50.03418442315798
13.38,-0.0,20457100.0,50.03418593555209
13.39,-0.0,20455050.0,50.03418744512656
13.4,-0.0,20453000.0,50.03418895185434
13.41,-0.0,20450960.0,50.03419045572785
13.42,-0.0,20448930.0,50.03419195675727
13.43,-0.0,20446900.0,50.03419345489568
13.44,-0.0,20444880.0,50.03419495006282
13.45,-0.0,20442870.0,50.034196442294984
13.46,-0.0,20440870.0,50.03419793156647
13.47,-0.0,20438880.0,50.03419941782982
13.48,-0.0,20436890.0,50.0342009010756
13.49,-0.0,20434910.0,50.034202381268024
13.5,-0.0,20432940.0,50.034203858420945
13.51,-0.0,20430970.0,50.0342053325164
13.52,-0.0,20429010.0,50.03420680352353
13.53,-0.0,20427060.0,50.034208271471506
13.54,-0.0,20425120.0,50.034209736365874
13.55,-0.0,20423180.0,50.03421119820586
13.56,-0.0,20421250.0,50.03421265698263
13.57,-0.0,20419330.0,50.03421411261919
13.58,-0.0,20417410.0,50.03421556506405
13.59,-0.0,20415500.0,50.03421701435546
13.6,-0.0,20413600.0,50.03421846053141
13.61,-0.0,20411710.0,50.034219903568754
13.62,-0.0,20409820.0,50.03422134340247
13.63,-0.0,20407930.0,50.03422278001336
13.64,-0.0,20406060.0,50.03422421341446
13.65,-0.0,20404190.0,50.03422564358243
13.66,-0.0,20402330.0,50.03422707054489
13.67,-0.0,20400470.0,50.034228494292584
13.68,-0.0,20398620.0,50.03422991480805
13.69,-0.0,20396770.0,50.03423133213154
13.7,-0.0,20394930.0,50.03423274621276
13.71,-0.0,20393100.0,50.03423415701865
13.72,-0.0,20391280.0,50.03423556459323
13.73,-0.0,20389460.0,50.034236968978504
13.74,-0.0,20387640.0,50.034238370147534
13.75,-0.0,20385830.0,50.03423976810698
13.76,-0.0,20384030.0,50.03424116287982
13.77,-0.0,20382230.0,50.03424255444821
13.78,-0.0,20380440.0,50.03424394283523
13.79,-0.0,20378650.0,50.03424532802694
13.8,-0.0,20376870.0,50.03424670999448
13.81,-0.0,20375090.0,50.03424808876949
13.82,-0.0,20373320.0,50.034249464361935
13.83,-0.0,20371550.0,50.034250836778874
13.84,-0.0,20369790.0,50.0342522060237
13.85,-0.0,20368030.0,50.03425357203661
13.86,-0.0,20366280.0,50.03425493478919
13.87,-0.0,20364540.0,50.034256294349014
13.88,-0.0,20362790.0,50.03425765071612
13.89,-0.0,20361050.0,50.034259003860384
13.9,-0.0,20359320.0,50.03426035379363
13.91,-0.0,20357590.0,50.03426170057319
13.92,-0.0,20355870.0,50.034263044216644
13.93,-0.0,20354150.0,50.03426438473253
13.94,-0.0,20352430.0,50.034265722113915
13.95,-0.0,20350720.0,50.03426705636292
13.96,-0.0,20349010.0,50.034268387480154
13.97,-0.0,20347300.0,50.03426971548609
13.98,-0.0,20345600.0,50.03427104040821
13.99,-0.0,20343900.0,50.03427236222676
14.0,-0.0,20342210.0,50.0342736809589
14.01,-0.0,20340520.0,50.03427499658236
14.02,-0.0,20338830.0,50.034276309058725
14.03,-0.0,20337140.0,50.03427761841004
14.04,-0.0,20335460.0,50.03427892471098
14.05,-0.0,20333790.0,50.03428022800984
14.06,-0.0,20332110.0,50.03428152827518
14.07,-0.0,20330440.0,50.03428282549501
14.08,-0.0,20328770.0,50.034284119670794
14.09,-0.0,20327100.0,50.03428541082832
14.1,-0.0,20325440.0,50.034286698937514
14.11,-0.0,20323770.0,50.03428798394711
14.12,-0.0,20322120.0,50.034289265928976
14.13,-0.0,20320460.0,50.03429054490813
14.14,-0.0,20318800.0,50.03429182089595
14.15,-0.0,20317150.0,50.03429309388524
14.16,-0.0,20315500.0,50.034294363875986
14.17,-0.0,20313850.0,50.03429563093938
14.18,-0.0,20312200.0,50.034296895067406
14.19,-0.0,20310560.0,50.03429815620601
14.2,-0.0,20308920.0,50.034299414412494
14.21,-0.0,20307270.0,50.034300669680675
14.22,-0.0,20305630.0,50.03430192198503
14.23,-0.0,20303990.0,50.03430317134361
14.24,-0.0,20302350.0,50.03430441775506
14.25,-0.0,20300720.0,50.034305661276704
14.26,-0.0,20299080.0,50.034306901943424
14.27,-0.0,20297450.0,50.03430813978736
14.28,-0.0,20295810.0,50.03430937483765
14.29,-0.0,20294180.0,50.03431060706098
14.3,-0.0,20292550.0,50.034311836456745
14.31,-0.0,20290920.0,50.03431306304793
14.32,-0.0,20289290.0,50.03431428688949
14.33,-0.0,20287650.0,50.03431550798616
14.34,-0.0,20286020.0,50.03431672632562
14.35,-0.0,20284390.0,50.034317941947805
14.36,-0.0,20282760.0,50.03431915487218
14.37,-0.0,20281130.0,50.03432036510909
14.38,-0.0,20279500.0,50.03432157266809
14.39,-0.0,20277870.0,50.0343227775643
14.4,-0.0,20276240.0,50.03432397982316
14.41,-0.0,20274610.0,50.03432517948424
14.42,-0.0,20272980.0,50.03432637653009
14.43,-0.0,20271350.0,50.03432757098708
14.44,-0.0,20269720.0,50.034328762906064
14.45,-0.0,20268090.0,50.0343299523035
14.46,-0.0,20266450.0,50.03433113916821
14.47,-0.0,20264820.0,50.03433232348087
14.48,-0.0,20263190.0,50.03433350528821
14.49,-0.0,20261550.0,50.03433468461904
14.5,-0.0,20259910.0,50.03433586150193
14.51,-0.0,20258280.0,50.03433703596356
14.52,-0.0,20256640.0,50.03433820804203
14.53,-0.0,20255000.0,50.03433937778233
14.54,-0.0,20253360.0,50.034340545173386
14.55,-0.0,20251710.0,50.03434171024068
14.56,-0.0,20250070.0,50.03434287303521
14.57,-0.0,20248420.0,50.03434403356599
14.58,-0.0,20246780.0,50.03434519188937
14.59,-0.0,20245130.0,50.034346348021174
14.6,-0.0,20243480.0,50.034347501966124
14.61,-0.0,20241820.0,50.0343486537103
14.62,-0.0,20240170.0,50.034349803244936
14.63,-0.0,20238510.0,50.03435095062909
14.64,-0.0,20236860.0,50.034352095911686
14.65,-0.0,20235200.0,50.03435323913886
14.66,-0.0,20233530.0,50.03435438035925
14.67,-0.0,20231870.0,50.03435551955345
14.68,-0.0,20230200.0,50.03435665673589
14.69,-0.0,20228530.0,50.03435779193571
14.7,-0.0,20226860.0,50.03435892513814
14.71,-0.0,20225190.0,50.034360056365635
14.72,-0.0,20223510.0,50.03436118567291
14.73,-0.0,20221830.0,50.03436231306914
14.74,-0.0,20220150.0,50.03436343854006
14.75,-0.0,20218460.0,50.034364562123734
14.76,-0.0,20216780.0,50.03436568390162
14.77,-0.0,20215090.0,50.03436680391794
14.78,-0.0,20213400.0,50.034367922199586
14.79,-0.0,20211700.0,50.03436903875581
14.8,-0.0,20210000.0,50.03437015359277
14.81,-0.0,20208300.0,50.03437126670966
14.82,-0.0,20206600.0,50.034372378110724
14.83,-0.0,20204890.0,50.034373487799435
14.84,-0.0,20203180.0,50.03437459578899
14.85,-0.0,20201470.0,50.034375702169676
14.86,-0.0,20199750.0,50.034376806945026
14.87,-0.0,20198030.0,50.034377910144315
14.88,-0.0,20196310.0,50.0343790117964
14.89,-0.0,20194580.0,50.03438011188008
14.9,-0.0,20192850.0,50.03438121039755
14.91,-0.0,20191120.0,50.03438230737818
14.92,-0.0,20189380.0,50.03438340286678
14.93,-0.0,20187640.0,50.03438449692963
14.94,-0.0,20185900.0,50.034385589569716
14.95,-0.0,20184150.0,50.03438668075808
14.96,-0.0,20182410.0,50.03438777057651
14.97,-0.0,20180650.0,50.03438885904392
14.98,-0.0,20178900.0,50.03438994614784
14.99,-0.0,20177140.0,50.034391031912186
15.0,-0.0,20175370.0,50.03439211639704
15.01,-0.0,20173610.0,50.03439319968371
15.02,-0.0,20171840.0,50.03439428180386
15.03,-0.0,20170060.0,50.03439536275201
15.04,-0.0,20168290.0,50.034396442494234
15.05,-0.0,20166510.0,50.03439752104939
15.06,-0.0,20164720.0,50.03439859846907
15.07,-0.0,20162930.0,50.034399674763364
15.08,-0.0,20161140.0,50.03440074998529
15.09,-0.0,20159350.0,50.034401824138506
15.1,-0.0,20157550.0,50.0344028972036
15.11,-0.0,20155750.0,50.03440396927687
15.12,-0.0,20153940.0,50.03440504039348
15.13,-0.0,20152140.0,50.03440611055654
15.14,-0.0,20150320.0,50.03440717980314
15.15,-0.0,20148510.0,50.034408248128
15.16,-0.0,20146690.0,50.03440931556682
15.17,-0.0,20144870.0,50.034410382177605
15.18,-0.0,20143040.0,50.03441144796713
15.19,-0.0,20141210.0,50.03441251290145
15.2,-0.0,20139380.0,50.03441357698792
15.21,-0.0,20137540.0,50.03441464025579
15.22,-0.0,20135710.0,50.034415702756654
15.23,-0.0,20133860.0,50.03441676454982
15.24,-0.0,20132020.0,50.03441782563123
15.25,-0.0,20130170.0,50.034418886020596
15.26,-0.0,20128320.0,50.03441994574517
15.27,-0.0,20126460.0,50.0344210048428
15.28,-0.0,20124610.0,50.03442206334904
15.29,-0.0,20122740.0,50.03442312122767
15.3,-0.0,20120880.0,50.03442417845879
15.31,-0.0,20119010.0,50.0344252350985
15.32,-0.0,20117140.0,50.034426291183095
15.33,-0.0,20115270.0,50.03442734673813
15.34,-0.0,20113400.0,50.03442840177006
15.35,-0.0,20111520.0,50.034429456274346
15.36,-0.0,20109640.0,50.0344305103014
15.37,-0.0,20107750.0,50.0344315638652
15.38,-0.0,20105870.0,50.034432616955584
15.39,-0.0,20103980.0,50.03443366960724
15.4,-0.0,20102090.0,50.03443472181027
15.41,-0.0,20100190.0,50.0344357735244
15.42,-0.0,20098300.0,50.03443682474907
15.43,-0.0,20096400.0,50.034437875509916
15.44,-0.0,20094500.0,50.0344389258489
15.45,-0.0,20092600.0,50.03443997581666
15.46,-0.0,20090690.0,50.0344410253921
15.47,-0.0,20088790.0,50.03444207457731
15.48,-0.0,20086880.0,50.03444312337285
15.49,-0.0,20084970.0,50.03444417178897
15.5,-0.0,20083050.0,50.03444521982436
15.51,-0.0,20081140.0,50.034446267479936
15.52,-0.0,20079220.0,50.03444731473932
15.53,-0.0,20077300.0,50.03444836158384
15.54,-0.0,20075380.0,50.03444940804894
15.55,-0.0,20073460.0,50.0344504541402
15.56,-0.0,20071540.0,50.03445149983678
15.57,-0.0,20069610.0,50.03445254516843
15.58,-0.0,20067690.0,50.03445359019209
15.59,-0.0,20065760.0,50.03445463491456
15.6,-0.0,20063830.0,50.03445567930053
15.61,-0.0,20061900.0,50.0344567233531
15.62,-0.0,20059970.0,50.03445776709299
15.63,-0.0,20058030.0,50.03445881048321
15.64,-0.0,20056100.0,50.03445985351374
15.65,-0.0,20054160.0,50.034460896258196
15.66,-0.0,20052230.0,50.034461938700915
15.67,-0.0,20050290.0,50.03446298084412
15.68,-0.0,20048350.0,50.03446402275189
15.69,-0.0,20046410.0,50.03446506439695
15.7,-0.0,20044470.0,50.03446610575326
15.71,-0.0,20042530.0,50.03446714685864
15.72,-0.0,20040590.0,50.03446818772082
15.73,-0.0,20038650.0,50.03446922832823
15.74,-0.0,20036710.0,50.03447026871797
15.75,-0.0,20034760.0,50.03447130888519
15.76,-0.0,20032820.0,50.03447234879664
15.77,-0.0,20030870.0,50.03447338846053
15.78,-0.0,20028930.0,50.03447442791246
15.79,-0.0,20026990.0,50.0344754672051
15.8,-0.0,20025040.0,50.034476506325475
15.81,-0.0,20023100.0,50.03447754528867
15.82,-0.0,20021150.0,50.034478584111795
15.83,-0.0,20019200.0,50.034479622749316
15.84,-0.0,20017260.0,50.034480661245915
15.85,-0.0,20015310.0,50.03448169962829
15.86,-0.0,20013370.0,50.03448273792041
15.87,-0.0,20011420.0,50.03448377612499
15.88,-0.0,20009480.0,50.03448481423891
15.89,-0.0,20007530.0,50.034485852235136
15.9,-0.0,20005590.0,50.03448689007867
15.91,-0.0,20003650.0,50.034487927783935
15.92,-0.0,20001700.0,50.03448896540604
15.93,-0.0,19999760.0,50.03449000294465
15.94,-0.0,19997820.0,50.03449104036779
15.95,-0.0,19995880.0,50.034492077674585
15.96,-0.0,19993940.0,50.034493114890545
15.97,-0.0,19992000.0,50.03449415204949
15.98,-0.0,19990060.0,50.03449518911969
15.99,-0.0,19988120.0,50.034496226089686
16.0,-0.0,19986180.0,50.03449726295107
16.01,-0.0,19984240.0,50.034498299700616
16.02,-0.0,19982310.0,50.034499336326896
16.03,-0.0,19980370.0,50.03450037281516
16.04,-0.0,19978440.0,50.03450140921092
16.05,-0.0,19976510.0,50.034502445526144
16.06,-0.0,19974580.0,50.03450348175016
16.07,-0.0,19972650.0,50.034504517842706
16.08,-0.0,19970720.0,50.034505553818455
16.09,-0.0,19968800.0,50.034506589714255
16.1,-0.0,19966870.0,50.03450762551916
16.11,-0.0,19964950.0,50.03450866117368
16.12,-0.0,19963030.0,50.034509696658716
16.13,-0.0,19961110.0,50.034510731965895
16.14,-0.0,19959190.0,50.03451176710553
16.15,-0.0,19957280.0,50.03451280208255
16.16,-0.0,19955360.0,50.03451383683303
16.17,-0.0,19953450.0,50.03451487137849
16.18,-0.0,19951540.0,50.03451590571797
16.19,-0.0,19949640.0,50.034516939843975
16.2,-0.0,19947730.0,50.03451797372428
16.21,-0.0,19945830.0,50.034519007317904
16.22,-0.0,19943930.0,50.0345200406324
16.23,-0.0,19942030.0,50.03452107371529
16.24,-0.0,19940140.0,50.03452210655735
16.25,-0.0,19938250.0,50.034523139116494
16.26,-0.0,19936360.0,50.034524171380745
16.27,-0.0,19934470.0,50.03452520336341
16.28,-0.0,19932590.0,50.03452623508499
16.29,-0.0,19930700.0,50.034527266499055
16.3,-0.0,19928830.0,50.0345282975784
16.31,-0.0,19926950.0,50.034529328372976
16.32,-0.0,19925080.0,50.034530358911745
16.33,-0.0,19923210.0,50.034531389135196
16.34,-0.0,19921340.0,50.03453241898649
16.35,-0.0,19919480.0,50.03453344847307
16.36,-0.0,19917620.0,50.03453447764644
16.37,-0.0,19915770.0,50.03453550651199
16.38,-0.0,19913920.0,50.0345365350426
16.39,-0.0,19912070.0,50.034537563248946
16.4,-0.0,19910220.0,50.034538591089984
16.41,-0.0,19908380.0,50.03453961856298
16.42,-0.0,19906540.0,50.0345406456742
16.43,-0.0,19904710.0,50.03454167244698
16.44,-0.0,19902880.0,50.034542698897745
16.45,-0.0,19901060.0,50.0345437249723
16.46,-0.0,19899230.0,50.03454475062532
16.47,-0.0,19897420.0,50.03454577588802
16.48,-0.0,19895600.0,50.03454680076218
16.49,-0.0,19893800.0,50.034547825237695
16.5,-0.0,19891990.0,50.03454884935054
16.51,-0.0,19890190.0,50.03454987309899
16.52,-0.0,19888400.0,50.03455089644772
16.53,-0.0,19886600.0,50.03455191933037
16.54,-0.0,19884820.0,50.03455294172704
16.55,-0.0,19883040.0,50.034553963640526
16.56,-0.0,19881260.0,50.034554985093905
16.57,-0.0,19879490.0,50.03455600611343
16.58,-0.0,19877720.0,50.03455702665518
16.59,-0.0,19875960.0,50.034558046692034
16.6,-0.0,19874200.0,50.034559066272344
16.61,-0.0,19872450.0,50.03456008534626
16.62,-0.0,19870700.0,50.03456110387472
16.63,-0.0,19868960.0,50.03456212187459
16.64,-0.0,19867220.0,50.03456313934005
16.65,-0.0,19865490.0,50.0345641563113
16.66,-0.0,19863770.0,50.03456517278345
16.67,-0.0,19862050.0,50.034566188719886
16.68,-0.0,19860330.0,50.03456720412278
16.69,-0.0,19858620.0,50.034568218943164
16.7,-0.0,19856920.0,50.03456923317147
16.71,-0.0,19855220.0,50.03457024680811
16.72,-0.0,19853530.0,50.03457125979616
16.73,-0.0,19851850.0,50.0345722720983
16.74,-0.0,19850170.0,50.0345732837628
16.75,-0.0,19848490.0,50.034574294815926
16.76,-0.0,19846830.0,50.03457530520253
16.77,-0.0,19845160.0,50.03457631486871
16.78,-0.0,19843510.0,50.03457732383211
16.79,-0.0,19841860.0,50.03457833207749
16.8,-0.0,19840220.0,50.0345793395754
16.81,-0.0,19838580.0,50.03458034634174
16.82,-0.0,19836950.0,50.034581352354564
16.83,-0.0,19835330.0,50.03458235763457
16.84,-0.0,19833710.0,50.03458336214743
16.85,-0.0,19832100.0,50.03458436582785
16.86,-0.0,19830500.0,50.03458536871842
16.87,-0.0,19828900.0,50.034586370788716
16.88,-0.0,19827310.0,50.034587372039496
16.89,-0.0,19825730.0,50.034588372468555
16.9,-0.0,19824150.0,50.03458937201432
16.91,-0.0,19822590.0,50.03459037070207
16.92,-0.0,19821020.0,50.034591368543616
16.93,-0.0,19819470.0,50.034592365468725
16.94,-0.0,19817920.0,50.03459336149191
16.95,-0.0,19816380.0,50.03459435659758
16.96,-0.0,19814850.0,50.03459535076614
16.97,-0.0,19813320.0,50.03459634402433
16.98,-0.0,19811800.0,50.03459733629424
16.99,-0.0,19810290.0,50.034598327565995
17.0,-0.0,19808790.0,50.03459931786244
17.01,-0.0,19807290.0,50.03460030716778
17.02,-0.0,19805800.0,50.03460129542576
17.03,-0.0,19804320.0,50.03460228262896
17.04,-0.0,19802850.0,50.034603268788615
17.05,-0.0,19801380.0,50.034604253866554
17.06,-0.0,19799920.0,50.034605237851906
17.07,-0.0,19798470.0,50.03460622075133
17.08,-0.0,19797030.0,50.03460720258194
17.09,-0.0,19795600.0,50.03460818329003
17.1,-0.0,19794170.0,50.03460916284816
17.11,-0.0,19792750.0,50.03461014123054
17.12,-0.0,19791340.0,50.034611118424785
17.13,-0.0,19789940.0,50.03461209448672
17.14,-0.0,19788540.0,50.034613069377656
17.15,-0.0,19787160.0,50.03461404306757
17.16,-0.0,19785780.0,50.0346150155907
17.17,-0.0,19784410.0,50.03461598688348
17.18,-0.0,19783040.0,50.03461695688871
17.19,-0.0,19781690.0,50.03461792561173
17.2,-0.0,19780340.0,50.03461889303485
17.21,-0.0,19779010.0,50.03461985919664
17.22,-0.0,19777680.0,50.03462082409295
17.23,-0.0,19776360.0,50.034621787700075
17.24,-0.0,19775050.0,50.034622750037684
17.25,-0.0,19773740.0,50.0346237110879
17.26,-0.0,19772450.0,50.03462467080212
17.27,-0.0,19771160.0,50.034625629181775
17.28,-0.0,19769880.0,50.03462658625675
17.29,-0.0,19768610.0,50.034627542008614
17.3,-0.0,19767350.0,50.03462849638024
17.31,-0.0,19766100.0,50.03462944935858
17.32,-0.0,19764850.0,50.03463040095466
17.33,-0.0,19763620.0,50.03463135112798
17.34,-0.0,19762390.0,50.034632299873
17.35,-0.0,19761170.0,50.034633247201555
17.36,-0.0,19759960.0,50.03463419306877
17.37,-0.0,19758760.0,50.03463513746112
17.38,-0.0,19757570.0,50.034636080379634
17.39,-0.0,19756390.0,50.03463702184271
17.4,-0.0,19755220.0,50.034637961873294
17.41,-0.0,19754050.0,50.034638900428284
17.42,-0.0,19752890.0,50.034639837488726
17.43,-0.0,19751750.0,50.034640773044956
17.44,-0.0,19750610.0,50.0346417071009
17.45,-0.0,19749480.0,50.034642639662344
17.46,-0.0,19748360.0,50.03464357066716
17.47,-0.0,19747240.0,50.034644500076375
17.48,-0.0,19746140.0,50.03464542793594
17.49,-0.0,19745050.0,50.034646354204014
17.5,-0.0,19743960.0,50.034647278862664
17.51,-0.0,19742890.0,50.034648201964636
17.52,-0.0,19741820.0,50.03464912347925
17.53,-0.0,19740760.0,50.03465004338808
17.54,-0.0,19739710.0,50.03465096167368
17.55,-0.0,19738670.0,50.03465187825037
17.56,-0.0,19737640.0,50.03465279313216
17.57,-0.0,19736610.0,50.034653706317414
17.58,-0.0,19735600.0,50.034654617739726
17.59,-0.0,19734600.0,50.03465552741999
17.6,-0.0,19733600.0,50.03465643536953
17.61,-0.0,19732610.0,50.03465734160041
17.62,-0.0,19731640.0,50.03465824611789
17.63,-0.0,19730670.0,50.03465914892963
17.64,-0.0,19729710.0,50.034660050037715
17.65,-0.0,19728760.0,50.03466094937149
17.66,-0.0,19727810.0,50.03466184688088
17.67,-0.0,19726880.0,50.03466274259969
17.68,-0.0,19725960.0,50.03466363655029
17.69,-0.0,19725040.0,50.03466452875463
17.7,-0.0,19724140.0,50.03466541922739
17.71,-0.0,19723240.0,50.03466630790937
17.72,-0.0,19722350.0,50.03466719476142
17.73,-0.0,19721470.0,50.034668079828016
17.74,-0.0,19720600.0,50.03466896314214
17.75,-0.0,19719740.0,50.03466984466043
17.76,-0.0,19718890.0,50.03467072435791
17.77,-0.0,19718050.0,50.03467160221615
17.78,-0.0,19717210.0,50.03467247822988
17.79,-0.0,19716390.0,50.03467335239715
17.8,-0.0,19715570.0,50.03467422472683
17.81,-0.0,19714760.0,50.03467509522939
17.82,-0.0,19713960.0,50.03467596384888
17.83,-0.0,19713170.0,50.03467683055541
17.84,-0.0,19712390.0,50.034677695408
17.85,-0.0,19711620.0,50.03467855838251
17.86,-0.0,19710860.0,50.03467941948381
17.87,-0.0,19710100.0,50.03468027871693
17.88,-0.0,19709350.0,50.034681136034585
17.89,-0.0,19708620.0,50.03468199148755
17.9,-0.0,19707890.0,50.034682845050106
17.91,-0.0,19707170.0,50.03468369673079
17.92,-0.0,19706460.0,50.03468454654241
17.93,-0.0,19705760.0,50.03468454654241
17.94,-0.0,19705060.0,50.03468536803094
17.95,-0.0,19704380.0,50.034686143977765
17.96,-0.0,19703700.0,50.03468688514694
17.97,-0.0,19703030.0,50.03468759963613
17.98,-0.0,19702380.0,50.03468829381323
17.99,-0.0,19701720.0,50.03468897272104
18.0,-0.0,19701080.0,50.03468964042901
18.01,-0.0,19700450.0,50.03469030040095
18.02,-0.0,19699830.0,50.03469095555262
18.03,-0.0,19699210.0,50.034691608222694
18.04,-0.0,19698600.0,50.03469226045114
18.05,-0.0,19698000.0,50.03469291400656
18.06,-0.0,19697410.0,50.03469357037582
18.07,-0.0,19696830.0,50.034694230793676
18.08,-0.0,19696250.0,50.03469489629513
18.09,-0.0,19695690.0,50.03469556780136
18.1,-0.0,19695130.0,50.03469624605646
18.11,-0.0,19694580.0,50.03469693172509
18.12,-0.0,19694040.0,50.0346976253076
18.13,-0.0,19693510.0,50.034698327099626
18.14,-0.0,19692980.0,50.03469903736726
18.15,-0.0,19692460.0,50.03469975625367
18.16,-0.0,19691960.0,50.03470048380883
18.17,-0.0,19691450.0,50.03470121998285
18.18,-0.0,19690960.0,50.03470196465294
18.19,-0.0,19690480.0,50.034702717614955
18.2,-0.0,19690000.0,50.03470347853267
18.21,-0.0,19689530.0,50.034704247030106
18.22,-0.0,19689070.0,50.03470502269485
18.23,-0.0,19688610.0,50.034705805082325
18.24,-0.0,19688160.0,50.034706593644884
18.25,-0.0,19687720.0,50.03470738776261
18.26,-0.0,19687290.0,50.03470818682906
18.27,-0.0,19686870.0,50.03470899017361
18.28,-0.0,19686450.0,50.03470979708792
18.29,-0.0,19686040.0,50.03471060690829
18.3,-0.0,19685630.0,50.03471141893537
18.31,-0.0,19685240.0,50.034712232458524
18.32,-0.0,19684850.0,50.034713046760146
18.33,-0.0,19684470.0,50.034713861135636
18.34,-0.0,19684090.0,50.03471467489457
18.35,-0.0,19683720.0,50.03471548730215
18.36,-0.0,19683360.0,50.03471629768017
18.37,-0.0,19683000.0,50.03471710540134
18.38,-0.0,19682650.0,50.03471790982533
18.39,-0.0,19682310.0,50.034718710319616
18.4,-0.0,19681970.0,50.034719506275714
18.41,-0.0,19681640.0,50.03472029719867
18.42,-0.0,19681320.0,50.03472108269238
18.43,-0.0,19681000.0,50.03472186231236
18.44,-0.0,19680680.0,50.03472263568188
18.45,-0.0,19680380.0,50.034723402481376
18.46,-0.0,19680080.0,50.03472416247099
18.47,-0.0,19679780.0,50.03472491547774
18.48,-0.0,19679490.0,50.03472566133965
18.49,-0.0,19679200.0,50.034726399916174
18.5,-0.0,19678920.0,50.03472713111057
18.51,-0.0,19678650.0,50.03472785494753
18.52,-0.0,19678380.0,50.03472857156359
18.53,-0.0,19678120.0,50.03472928112327
18.54,-0.0,19677860.0,50.03472998376189
18.55,-0.0,19677600.0,50.034730679685204
18.56,-0.0,19677350.0,50.03473136916029
18.57,-0.0,19677110.0,50.034732052523346
18.58,-0.0,19676870.0,50.03473273016954
18.59,-0.0,19676630.0,50.03473340248312
18.6,-0.0,19676400.0,50.034734069851524
18.61,-0.0,19676180.0,50.034734732750906
18.62,-0.0,19675950.0,50.0347353916502
18.63,-0.0,19675730.0,50.03473604703642
18.64,-0.0,19675520.0,50.0347366994021
18.65,-0.0,19675310.0,50.03473734918886
18.66,-0.0,19675100.0,50.03473799694912
18.67,-0.0,19674890.0,50.034738643163834
18.68,-0.0,19674690.0,50.03473928828569
18.69,-0.0,19674500.0,50.03473993287785
18.7,-0.0,19674300.0,50.034740577444445
18.71,-0.0,19674110.0,50.034741222377676
18.72,-0.0,19673930.0,50.034741868136855
18.73,-0.0,19673740.0,50.03474251514054
18.74,-0.0,19673560.0,50.03474316379874
18.75,-0.0,19673380.0,50.03474381449122
18.76,-0.0,19673200.0,50.03474446752003
18.77,-0.0,19673030.0,50.03474512318746
18.78,-0.0,19672860.0,50.034745781801504
18.79,-0.0,19672690.0,50.03474644358924
18.8,-0.0,19672520.0,50.03474710872943
18.81,-0.0,19672360.0,50.03474777742299
18.82,-0.0,19672200.0,50.03474844974117
18.83,-0.0,19672040.0,50.034749125738564
18.84,-0.0,19671880.0,50.03474980551646
18.85,-0.0,19671720.0,50.034750489065914
18.86,-0.0,19671570.0,50.034751176377426
18.87,-0.0,19671410.0,50.03475186742538
18.88,-0.0,19671260.0,50.034752562034754
18.89,-0.0,19671110.0,50.034753260069586
18.9,-0.0,19670960.0,50.034753961409116
18.91,-0.0,19670810.0,50.03475466580895
18.92,-0.0,19670660.0,50.03475537300913
18.93,-0.0,19670510.0,50.03475608280912
18.94,-0.0,19670370.0,50.03475679498129
18.95,-0.0,19670220.0,50.034757509213556
18.96,-0.0,19670080.0,50.03475822521074
18.97,-0.0,19669930.0,50.03475894268846
18.98,-0.0,19669790.0,50.03475966130847
18.99,-0.0,19669650.0,50.034760380698664
19.0,-0.0,19669500.0,50.03476110046861
19.01,-0.0,19669360.0,50.034761820298336
19.02,-0.0,19669220.0,50.03476253984703
19.03,-0.0,19669070.0,50.03476325870692
19.04,-0.0,19668930.0,50.03476397657418
19.05,-0.0,19668790.0,50.034764693151146
19.06,-0.0,19668640.0,50.03476540809538
19.07,-0.0,19668500.0,50.03476612103438
19.08,-0.0,19668350.0,50.034766831668065
19.09,-0.0,19668210.0,50.03476753974845
19.1,-0.0,19668060.0,50.03476824501904
19.11,-0.0,19667910.0,50.03476894722218
19.12,-0.0,19667760.0,50.03476964611953
19.13,-0.0,19667620.0,50.0347703415687
19.14,-0.0,19667470.0,50.03477103343715
19.15,-0.0,19667310.0,50.03477172154432
19.16,-0.0,19667160.0,50.034772405761416
19.17,-0.0,19667010.0,50.03477308600372
19.18,-0.0,19666850.0,50.0347737622397
19.19,-0.0,19666700.0,50.03477443440668
19.2,-0.0,19666540.0,50.03477510244482
19.21,-0.0,19666380.0,50.0347757664448
19.22,-0.0,19666220.0,50.034776426470316
19.23,-0.0,19666050.0,50.03477708251438
19.24,-0.0,19665890.0,50.034777734670634
19.25,-0.0,19665720.0,50.034778383110854
19.26,-0.0,19665550.0,50.034779027930945
19.27,-0.0,19665380.0,50.034779669261376
19.28,-0.0,19665210.0,50.0347803072514
19.29,-0.0,19665040.0,50.034780942087096
19.3,-0.0,19664860.0,50.034781573974485
19.31,-0.0,19664680.0,50.03478220308013
19.32,-0.0,19664500.0,50.03478282961507
19.33,-0.0,19664310.0,50.03478345382925
19.34,-0.0,19664120.0,50.03478407593103
19.35,-0.0,19663930.0,50.03478469610898
19.36,-0.0,19663740.0,50.03478531460861
19.37,-0.0,19663550.0,50.034785931722006
19.38,-0.0,19663350.0,50.03478654770357
19.39,-0.0,19663150.0,50.034787162788966
19.4,-0.0,19662950.0,50.03478777719349
19.41,-0.0,19662740.0,50.03478839112554
19.42,-0.0,19662530.0,50.0347890048574
19.43,-0.0,19662320.0,50.034789618634456
19.44,-0.0,19662100.0,50.03479023261313
19.45,-0.0,19661890.0,50.03479084695781
19.46,-0.0,19661660.0,50.03479146183015
19.47,-0.0,19661440.0,50.03479207739646
19.48,-0.0,19661210.0,50.034792693818
19.49,-0.0,19660980.0,50.034793311258696
19.5,-0.0,19660750.0,50.034793929799385
19.51,-0.0,19660510.0,50.03479454954736
19.52,-0.0,19660270.0,50.03479517060555
19.53,-0.0,19660020.0,50.0347957930186
19.54,-0.0,19659780.0,50.03479641684613
19.55,-0.0,19659520.0,50.03479704208888
19.56,-0.0,19659270.0,50.034797668777465
19.57,-0.0,19659010.0,50.03479829695622
19.58,-0.0,19658750.0,50.03479892661029
19.59,-0.0,19658480.0,50.03479955767875
19.6,-0.0,19658210.0,50.034800190064196
19.61,-0.0,19657940.0,50.034800823716644
19.62,-0.0,19657670.0,50.03480145861401
19.63,-0.0,19657390.0,50.03480209468697
19.64,-0.0,19657100.0,50.034802731830155
19.65,-0.0,19656810.0,50.034803369910584
19.66,-0.0,19656520.0,50.03480400885045
19.67,-0.0,19656230.0,50.03480464853054
19.68,-0.0,19655930.0,50.03480528881609
19.69,-0.0,19655630.0,50.03480592962217
19.7,-0.0,19655320.0,50.03480657083431
19.71,-0.0,19655010.0,50.034807212316636
19.72,-0.0,19654700.0,50.03480785391818
19.73,-0.0,19654380.0,50.03480849547758
19.74,-0.0,19654060.0,50.03480913682685
19.75,-0.0,19653730.0,50.03480977787081
19.76,-0.0,19653400.0,50.034810418487766
19.77,-0.0,19653070.0,50.03481105855314
19.78,-0.0,19652740.0,50.03481169800323
19.79,-0.0,19652400.0,50.03481233675395
19.8,-0.0,19652050.0,50.034812974707954
19.81,-0.0,19651700.0,50.03481361175945
19.82,-0.0,19651350.0,50.03481424779803
19.83,-0.0,19651000.0,50.03481488278756
19.84,-0.0,19650640.0,50.034815516666654
19.85,-0.0,19650280.0,50.034816149371785
19.86,-0.0,19649910.0,50.03481678090053
19.87,-0.0,19649540.0,50.03481741115344
19.88,-0.0,19649170.0,50.03481804011882
19.89,-0.0,19648790.0,50.0348186678299
19.9,-0.0,19648410.0,50.034819294225706
19.91,-0.0,19648020.0,50.0348199193195
19.92,-0.0,19647630.0,50.03482054317375
19.93,-0.0,19647240.0,50.03482116582039
19.94,-0.0,19646850.0,50.03482178734482
19.95,-0.0,19646450.0,50.034822407789015
19.96,-0.0,19646050.0,50.03482302717654
19.97,-0.0,19645640.0,50.034823645576964
19.98,-0.0,19645230.0,50.03482426310112
19.99,-0.0,19644820.0,50.0348248798826
20.0,-0.0,19644400.0,50.03482549600206
20.01,-0.0,19643980.0,50.03482599131166
20.02,-0.0,19643560.0,50.03482484569983
20.03,-0.0,19643140.0,50.03481803345714
20.04,-0.0,19642710.0,50.03479920109313
20.05,-0.0,19642280.0,50.034759972705366
20.06,-0.0,19641840.0,50.03469026299069
20.07,-0.0,19641410.0,50.03457859582118
20.08,0.0,19640960.0,50.03441242455079
20.09,0.0,19640520.0,50.03417845053734
20.1,0.0,19640070.0,50.03386293664707
20.11,0.0,19639630.0,50.033452013207835
20.12,0.0,19639170.0,50.03293197413671
20.13,0.0,19638720.0,50.032289561114915
20.14,0.0,19638260.0,50.0315122341994
20.15,0.0,19637800.0,50.0305884270796
20.16,0.0,19637340.0,50.02950778536861
20.17,0.0,19636880.0,50.028261385674035
20.18,0.0,19636410.0,50.026841934161105
20.19,0.0,19635940.0,50.02524394253335
20.2,0.0,19635470.0,50.02346387908143
20.21,0.0,19635000.0,50.02150026053731
20.22,0.0,19634530.0,50.01935366446265
20.23,0.0,19634050.0,50.01702668233254
20.24,0.0,19633570.0,50.01452385684687
20.25,0.0,19633090.0,50.011851615858205
20.26,0.0,19632610.0,50.00901820149689
20.27,0.0,19632130.0,50.00603358722533
20.28,0.0,19631650.0,50.00290937915697
20.29,0.0,19631170.0,49.99965869996523
20.3,0.0,19630690.0,49.99629605490829
20.31,0.0,19630200.0,49.99283718049205
20.32,0.0,19629720.0,49.98929887656563
20.33,0.0,19629240.0,49.9856988233396
20.34,0.0,19628750.0,49.98205538521414
20.35,0.0,19628270.0,49.97838740314057
20.36,0.0,19627790.0,49.974713977418986
20.37,0.0,19627310.0,49.97105424300472
20.38,0.0,19626830.0,49.96742713955271
20.39,0.0,19626350.0,49.96385117786061
20.4,0.0,19625870.0,49.96034420462707
20.41,0.0,19625390.0,49.95692316718199
20.42,0.0,19624920.0,49.95360387942587
20.43,0.0,19624450.0,49.95040079018211
20.44,0.0,19623980.0,49.94732675477407
20.45,0.0,19623510.0,49.94439280684125
20.46,0.0,19623040.0,49.94160787775298
20.47,0.0,19622580.0,49.93897848474701
20.48,0.0,19622120.0,49.936508444013676
20.49,0.0,19621660.0,49.934198624539036
20.5,0.0,19621210.0,49.93204672894367
20.51,0.0,19620760.0,49.93004720233981
20.52,0.0,19620320.0,49.92819230254398
20.53,0.0,19619880.0,49.92647334368096
20.54,0.0,19619440.0,49.924880896620884
20.55,0.0,19619010.0,49.92340486414377
20.56,0.0,19618580.0,49.92203456295733
20.57,0.0,19618160.0,49.920758812163456
20.58,0.0,19617740.0,49.91956602541306
20.59,0.0,19617330.0,49.91844430539271
20.6,0.0,19616920.0,49.917381539650705
20.61,0.0,19616520.0,49.91636549684614
20.62,0.0,19616130.0,49.91538392283517
20.63,0.0,19615740.0,49.91442463627682
20.64,0.0,19615360.0,49.91347562335418
20.65,0.0,19614980.0,49.9125251308625
20.66,0.0,19614610.0,49.91156175736235
20.67,0.0,19614250.0,49.91057454208027
20.68,0.0,19613890.0,49.90955305103721
20.69,0.0,19613540.0,49.90848745966947
20.7,0.0,19613200.0,49.907368631453764
20.71,0.0,19612860.0,49.90618819185041
20.72,0.0,19612540.0,49.90493859294243
20.73,0.0,19612220.0,49.90361312164104
20.74,0.0,19611910.0,49.90220588105683
20.75,0.0,19611600.0,49.90071178791341
20.76,0.0,19611310.0,49.899126589200506
20.77,0.0,19611020.0,49.89744688740772
20.78,0.0,19610740.0,49.89567016777078
20.79,0.0,19610470.0,49.89379482344232
20.8,0.0,19610220.0,49.891820175759335
20.81,0.0,19609960.0,49.88974648728512
20.82,0.0,19609720.0,49.88757496688099
20.83,0.0,19609490.0,49.885307766051014
20.84,0.0,19609270.0,49.882947966191765
20.85,0.0,19609060.0,49.88049955677636
20.86,0.0,19608860.0,49.87796740466332
20.87,0.0,19608670.0,49.87535721517787
20.88,0.0,19608490.0,49.87267546512366
20.89,0.0,19608320.0,49.869929296908886
20.9,0.0,19608160.0,49.8671264024222
20.91,0.0,19608010.0,49.86427491999881
20.92,0.0,19607880.0,49.86138334160152
20.93,0.0,19607750.0,49.858460428561926
20.94,0.0,19607640.0,49.85551513456634
20.95,0.0,19607540.0,49.852556534836914
20.96,0.0,19607450.0,49.84959376092578
20.97,0.0,19607380.0,49.846635940589245
20.98,0.0,19607320.0,49.84369214238303
20.99,0.0,19607270.0,49.84077132443043
21.0,0.0,19607230.0,49.8378822871719
21.01,0.0,19607210.0,49.83503362980112
21.02,0.0,19607200.0,49.83223371019483
21.03,0.0,19607200.0,49.829490608200906
21.04,0.0,19607220.0,49.82681209198452
21.05,0.0,19607250.0,49.82420558740272
21.06,0.0,19607300.0,49.8216781503107
21.07,0.0,19607360.0,49.819236425428855
21.08,0.0,19607430.0,49.81688656574412
21.09,0.0,19607520.0,49.81463414766379
21.1,0.0,19607630.0,49.81248411519234
21.11,0.0,19607750.0,49.81044074908141
21.12,0.0,19607880.0,49.80850765335403
21.13,0.0,19608030.0,49.806687754007875
21.14,0.0,19608200.0,49.80498330683062
21.15,0.0,19608390.0,49.80339591211147
21.16,0.0,19608590.0,49.80192653470308
21.17,0.0,19608800.0,49.80057552831383
21.18,0.0,19609040.0,49.79934266325283
21.19,0.0,19609290.0,49.798227156759886
21.2,0.0,19609550.0,49.79722770537576
21.21,0.0,19609840.0,49.7963425190595
21.22,0.0,19610140.0,49.79556935639315
21.23,0.0,19610460.0,49.7949055581644
21.24,0.0,19610790.0,49.79434804928732
21.25,0.0,19611150.0,49.79389331906645
21.26,0.0,19611520.0,49.7935374089838
21.27,0.0,19611910.0,49.79327591634268
21.28,0.0,19612320.0,49.79310400981289
21.29,0.0,19612740.0,49.793016454466006
21.3,0.0,19613190.0,49.79300764447628
21.31,0.0,19613650.0,49.793071642115805
21.32,0.0,19614130.0,49.79320222165888
21.33,0.0,19614630.0,49.7933929171902
21.34,0.0,19615150.0,49.79363707352433
21.35,0.0,19615690.0,49.793927899362096
21.36,0.0,19616250.0,49.794258521782176
21.37,0.0,19616820.0,49.79462204118343
21.38,0.0,19617420.0,49.79501158616637
21.39,0.0,19618030.0,49.7954203679128
21.4,0.0,19618670.0,49.79584173301123
21.41,0.0,19619320.0,49.79626921425442
21.42,0.0,19619990.0,49.79669657927449
21.43,0.0,19620680.0,49.7971178762761
21.44,0.0,19621390.0,49.797527476402095
21.45,0.0,19622130.0,49.79792011246389
21.46,0.0,19622880.0,49.798290913651364
21.47,0.0,19623650.0,49.79863543614373
21.48,0.0,19624440.0,49.79894968937166
21.49,0.0,19625250.0,49.799230157623285
21.5,0.0,19626080.0,49.799473816972636
21.51,0.0,19626930.0,49.799678147465656
21.52,0.0,19627790.0,49.79984114046634
21.53,0.0,19628680.0,49.79996130144484
21.54,0.0,19629590.0,49.80003764797717
21.55,0.0,19630520.0,49.80006970321699
21.56,0.0,19631470.0,49.80005748492993
21.57,0.0,19632440.0,49.800001490338566
21.58,0.0,19633430.0,49.79990267694341
21.59,0.0,19634440.0,49.79976243963777
21.6,0.0,19635470.0,49.79958258434707
21.61,0.0,19636520.0,49.79936529856961
21.62,0.0,19637580.0,49.79911311910196
21.63,0.0,19638670.0,49.79882889737168
21.64,0.0,19639780.0,49.79851576269872
21.65,0.0,19640910.0,49.798177083938505
21.66,0.0,19642060.0,49.797816429849334
21.67,0.0,19643230.0,49.79743752865021
21.68,0.0,19644420.0,49.79704422719395
21.69,0.0,19645630.0,49.796640449959824
21.7,0.0,19646860.0,49.79623015842055
21.71,0.0,19648110.0,49.79581731097322
21.72,0.0,19649380.0,49.79540581862746
21.73,0.0,19650670.0,49.794999499520806
21.74,0.0,19651980.0,49.79460203833375
21.75,0.0,19653310.0,49.79421695248652
21.76,0.0,19654660.0,49.793847563859735
21.77,0.0,19656030.0,49.79349697528399
21.78,0.0,19657410.0,49.793168051458494
21.79,0.0,19658820.0,49.79286340405544
21.8,0.0,19660250.0,49.79258538044346
21.81,0.0,19661700.0,49.79233605554008
21.82,0.0,19663170.0,49.79211722451856
21.83,0.0,19664660.0,49.79193039165674
21.84,0.0,19666170.0,49.79177675881943
21.85,0.0,19667700.0,49.79165721784577
21.86,0.0,19669240.0,49.79157234671609
21.87,0.0,19670810.0,49.79152240914576
21.88,0.0,19672400.0,49.791507357603955
21.89,0.0,19674000.0,49.791526839235715
21.9,0.0,19675630.0,49.79158020455047
21.91,0.0,19677270.0,49.791666518790734
21.92,0.0,19678940.0,49.791784575714345
21.93,0.0,19680620.0,49.79193291362691
21.94,0.0,19682320.0,49.792109833221346
21.95,0.0,19684040.0,49.792313417191096
21.96,0.0,19685790.0,49.792541551599854
21.97,0.0,19687540.0,49.79279194825257
21.98,0.0,19689320.0,49.79306216817122
21.99,0.0,19691120.0,49.793349646092395
22.0,0.0,19692930.0,49.79365171521104
22.01,0.0,19694770.0,49.79396563247308
22.02,0.0,19696620.0,49.79428860402791
22.03,0.0,19698490.0,49.794617810423475
22.04,0.0,19700380.0,49.79495043164546
22.05,0.0,19702290.0,49.795283671450434
22.06,0.0,19704210.0,49.79561478101694
22.07,0.0,19706150.0,49.79594108191408
22.08,0.0,19708110.0,49.79625998772194
22.09,0.0,19710090.0,49.796569024454016
22.1,0.0,19712090.0,49.7968658497409
22.11,0.0,19714100.0,49.797148270327945
22.12,0.0,19716130.0,49.79741425803687
22.13,0.0,19718180.0,49.797661964047116
22.14,0.0,19720240.0,49.79788973118452
22.15,0.0,19722320.0,49.798096104336736
22.16,0.0,19724420.0,49.798279839076834
22.17,0.0,19726530.0,49.79843990818921
22.18,0.0,19728670.0,49.79857550619719
22.19,0.0,19730810.0,49.7986860518577
22.2,0.0,19732980.0,49.79877118851017
22.21,0.0,19735160.0,49.798830782712585
22.22,0.0,19737350.0,49.79886492090097
22.23,0.0,19739560.0,49.79887390402803
22.24,0.0,19741790.0,49.79885824041943
22.25,0.0,19744030.0,49.79881863702726
22.26,0.0,19746290.0,49.798755989145526
22.27,0.0,19748560.0,49.79867136855901
22.28,0.0,19750850.0,49.79856601026958
22.29,0.0,19753160.0,49.798441298119364
22.3,0.0,19755470.0,49.79829874934278
22.31,0.0,19757810.0,49.79813999815927
22.32,0.0,19760150.0,49.797966778798184
22.33,0.0,19762510.0,49.79778090778162
22.34,0.0,19764890.0,49.79758426593554
22.35,0.0,19767280.0,49.79737878023255
22.36,0.0,19769680.0,49.797166405443605
22.37,0.0,19772100.0,49.796949106008285
22.38,0.0,19774530.0,49.79672883820035
22.39,0.0,19776980.0,49.796507532672784
22.4,0.0,19779440.0,49.79628707771375
22.41,0.0,19781910.0,49.79606930331653
22.42,0.0,19784390.0,49.79585596597333
22.43,0.0,19786890.0,49.79564873450588
22.44,0.0,19789400.0,49.79544917717843
22.45,0.0,19791920.0,49.795258750000464
22.46,0.0,19794460.0,49.79507878608959
22.47,0.0,19797000.0,49.794910486606106
22.48,0.0,19799560.0,49.79475491307389
22.49,0.0,19802130.0,49.79461298118381
22.5,0.0,19804720.0,49.79448545612131
22.51,0.0,19807310.0,49.79437294915245
22.52,0.0,19809920.0,49.79427591587592
22.53,0.0,19812540.0,49.79419465598766
22.54,0.0,19815160.0,49.79412931429971
22.55,0.0,19817800.0,49.79407988323291
22.56,0.0,19820460.0,49.79404620668244
22.57,0.0,19823120.0,49.7940279848859
22.58,0.0,19825790.0,49.79402478065827
22.59,0.0,19828470.0,49.79403602674591
22.6,0.0,19831160.0,49.79406103408796
22.61,0.0,19833870.0,49.79409900086855
22.62,0.0,19836580.0,49.7941490223833
22.63,0.0,19839300.0,49.794210101717546
22.64,0.0,19842030.0,49.79428116088895
22.65,0.0,19844770.0,49.794361052355036
22.66,0.0,19847520.0,49.794448571026436
22.67,0.0,19850280.0,49.794542466301785
22.68,0.0,19853050.0,49.794641454261395
22.69,0.0,19855830.0,49.79474423006505
22.7,0.0,19858610.0,49.794849479911704
22.71,0.0,19861410.0,49.79495589299234
22.72,0.0,19864210.0,49.795062173179375
22.73,0.0,19867020.0,49.7951670501667
22.74,0.0,19869840.0,49.795269290212175
22.75,0.0,19872660.0,49.79536770631328
22.76,0.0,19875490.0,49.795461167667085
22.77,0.0,19878340.0,49.795548608601706
22.78,0.0,19881180.0,49.7956290365494
22.79,0.0,19884040.0,49.79570153933432
22.8,0.0,19886900.0,49.7957652915548
22.81,0.0,19889770.0,49.795819560111894
22.82,0.0,19892640.0,49.795863708769396
22.83,0.0,19895520.0,49.79589720165924
22.84,0.0,19898410.0,49.795919606139805
22.85,0.0,19901300.0,49.79593059442462
22.86,0.0,19904200.0,49.79592994437049
22.87,0.0,19907110.0,49.79591753928944
22.88,0.0,19910020.0,49.79589336678582
22.89,0.0,19912930.0,49.795857516841046
22.9,0.0,19915850.0,49.795810178867434
22.91,0.0,19918780.0,49.79575163803859
22.92,0.0,19921710.0,49.79568227090253
22.93,0.0,19924640.0,49.79560254003163
22.94,0.0,19927580.0,49.79551298821039
22.95,0.0,19930530.0,49.79541423206648
22.96,0.0,19933480.0,49.79530695509639
22.97,0.0,19936430.0,49.79519190014267
22.98,0.0,19939390.0,49.79506986152686
22.99,0.0,19942350.0,49.79494167702241
23.0,0.0,19945310.0,49.79480821951156
23.01,0.0,19948280.0,49.7946703884971
23.02,0.0,19951250.0,49.794529101472904
23.03,0.0,19954220.0,49.79438528540921
23.04,0.0,19957200.0,49.794239868389774
23.05,0.0,19960180.0,49.79409377125397
23.06,0.0,19963160.0,49.79394789950555
23.07,0.0,19966150.0,49.79380313561515
23.08,0.0,19969130.0,49.79366033176973
23.09,0.0,19972120.0,49.793520302953745
23.1,0.0,19975120.0,49.793383820458686
23.11,0.0,19978110.0,49.793251606092035
23.12,0.0,19981110.0,49.79312432678738
23.13,0.0,19984110.0,49.79300258986852
23.14,0.0,19987110.0,49.79288693910206
23.15,0.0,19990110.0,49.79277785124934
23.16,0.0,19993110.0,49.79267573347465
23.17,0.0,19996110.0,49.792580921324806
23.18,0.0,19999120.0,49.792493677276504
23.19,0.0,20002120.0,49.79241419021564
23.2,0.0,20005130.0,49.79234257556133
23.21,0.0,20008140.0,49.79227887588411
23.22,0.0,20011150.0,49.79222306218378
23.23,0.0,20014160.0,49.792175035932516
23.24,0.0,20017170.0,49.79213463158731
23.25,0.0,20020180.0,49.792101619576535
23.26,0.0,20023190.0,49.7920757098667
23.27,0.0,20026200.0,49.79205655597704
23.28,0.0,20029210.0,49.79204375939575
23.29,0.0,20032220.0,49.79203687434976
23.3,0.0,20035230.0,49.79203541287744
23.31,0.0,20038240.0,49.79203885015288
23.32,0.0,20041250.0,49.79204663000903
23.33,0.0,20044260.0,49.79205817053079
23.34,0.0,20047260.0,49.79207286984057
23.35,0.0,20050270.0,49.79209011198325
23.36,0.0,20053280.0,49.79210927263766
23.37,0.0,20056280.0,49.792129724792495
23.38,0.0,20059290.0,49.792150844548736
23.39,0.0,20062290.0,49.79217201648819
23.4,0.0,20065290.0,49.79219263889878
23.41,0.0,20068290.0,49.79221212889148
23.42,0.0,20071290.0,49.79222992708877
23.43,0.0,20074290.0,49.79224550216183
23.44,0.0,20077280.0,49.792258354844726
23.45,0.0,20080280.0,49.792268021690646
23.46,0.0,20083270.0,49.792274078475494
23.47,0.0,20086260.0,49.792276142959665
23.48,0.0,20089240.0,49.79227387747681
23.49,0.0,20092230.0,49.792266990956705
23.5,0.0,20095210.0,49.7922552405205
23.51,0.0,20098190.0,49.79223843258642
23.52,0.0,20101170.0,49.79221642339119
23.53,0.0,20104140.0,49.79218911937478
23.54,0.0,20107120.0,49.79215647691086
23.55,0.0,20110080.0,49.7921185014768
23.56,0.0,20113050.0,49.792075246646746
23.57,0.0,20116010.0,49.79202681257467
23.58,0.0,20118970.0,49.79197334410755
23.59,0.0,20121930.0,49.79191502852508
23.6,0.0,20124880.0,49.791852092962294
23.61,0.0,20127830.0,49.791784801440755
23.62,0.0,20130780.0,49.79171345174417
23.63,0.0,20133720.0,49.79163837210299
23.64,0.0,20136660.0,49.79155991753122
23.65,0.0,20139590.0,49.79147846608694
23.66,0.0,20142520.0,49.7913944150053
23.67,0.0,20145450.0,49.79130817674239
23.68,0.0,20148370.0,49.79122017496846
23.69,0.0,20151290.0,49.79113084054765
23.7,0.0,20154200.0,49.791040607466044
23.71,0.0,20157110.0,49.790949908993305
23.72,0.0,20160010.0,49.7908591738221
23.73,0.0,20162910.0,49.79076882221199
23.74,0.0,20165800.0,49.79067926253577
23.75,0.0,20168690.0,49.79059088798235
23.76,0.0,20171580.0,49.790504073386
23.77,0.0,20174460.0,49.7904191721423
23.78,0.0,20177330.0,49.790336513655134
23.79,0.0,20180200.0,49.79025640092568
23.8,0.0,20183070.0,49.790179108397176
23.81,0.0,20185930.0,49.79010488030814
23.82,0.0,20188780.0,49.7900339290325
23.83,0.0,20191630.0,49.789966433937586
23.84,0.0,20194470.0,49.789902540605354
23.85,0.0,20197300.0,49.78984236022497
23.86,0.0,20200140.0,49.78978596946392
23.87,0.0,20202960.0,49.78973341047447
23.88,0.0,20205780.0,49.789684691242606
23.89,0.0,20208590.0,49.78963978644899
23.9,0.0,20211400.0,49.789598638347
23.91,0.0,20214200.0,49.789561157946316
23.92,0.0,20216990.0,49.78952722658887
23.93,0.0,20219780.0,49.78949669766586
23.94,0.0,20222560.0,49.78946939854399
23.95,0.0,20225340.0,49.7894451326792
23.96,0.0,20228110.0,49.78942368181937
23.97,0.0,20230870.0,49.78940480844596
23.98,0.0,20233620.0,49.78938825838963
23.99,0.0,20236370.0,49.78937376337476
24.0,0.0,20239110.0,49.789361043729755
24.01,0.0,20241850.0,49.78934981112118
24.02,0.0,20244580.0,49.789339771391454
24.03,0.0,20247300.0,49.789330627198126
24.04,0.0,20250010.0,49.78932208067358
24.05,0.0,20252720.0,49.78931383623306
24.06,0.0,20255420.0,49.789305603055986
24.07,0.0,20258110.0,49.7892970975691
24.08,0.0,20260800.0,49.78928804571957
24.09,0.0,20263480.0,49.789278185297505
24.1,0.0,20266150.0,49.78926726797358
24.11,0.0,20268810.0,49.78925506113525
24.12,0.0,20271470.0,49.7892413496719
24.13,0.0,20274120.0,49.78922593749359
24.14,0.0,20276760.0,49.78920864875895
24.15,0.0,20279390.0,49.78918932900619
24.16,0.0,20282020.0,49.78916784611348
24.17,0.0,20284640.0,49.78914409096939
24.18,0.0,20287250.0,49.789117977836675
24.19,0.0,20289850.0,49.789089444611506
24.2,0.0,20292450.0,49.789058452836485
24.21,0.0,20295030.0,49.789024987529515
24.22,0.0,20297610.0,49.78898905685407
24.23,0.0,20300190.0,49.78895069144726
24.24,0.0,20302750.0,49.788909943647944
24.25,0.0,20305310.0,49.78886688654796
24.26,0.0,20307860.0,49.78882161295449
24.27,0.0,20310400.0,49.788774234029006
24.28,0.0,20312930.0,49.78872487783107
24.29,0.0,20315450.0,49.78867368788611
24.3,0.0,20317970.0,49.78862082156173
24.31,0.0,20320480.0,49.7885664483576
24.32,0.0,20322980.0,49.7885107482008
24.33,0.0,20325470.0,49.78845390951602
24.34,0.0,20327950.0,49.788396127301134
24.35,0.0,20330430.0,49.78833760132888
24.36,0.0,20332900.0,49.78827853426046
24.37,0.0,20335360.0,49.788219129700366
24.38,0.0,20337810.0,49.788159590456786
24.39,0.0,20340250.0,49.788100116809844
24.4,0.0,20342690.0,49.78804090469888
24.41,0.0,20345110.0,49.787982143999095
24.42,0.0,20347530.0,49.787924017060234
24.43,0.0,20349940.0,49.78786669723135
24.44,0.0,20352350.0,49.787810347451554
24.45,0.0,20354740.0,49.78775511918274
24.46,0.0,20357130.0,49.78770115121283
24.47,0.0,20359510.0,49.78764856863734
24.48,0.0,20361880.0,49.787597482127985
24.49,0.0,20364240.0,49.78754798726091
24.5,0.0,20366590.0,49.787500163995176
24.51,0.0,20368940.0,49.78745407622794
24.52,0.0,20371270.0,49.78740977167325
24.53,0.0,20373600.0,49.78736728185072
24.54,0.0,20375920.0,49.787326622002595
24.55,0.0,20378240.0,49.78728779141397
24.56,0.0,20380540.0,49.78725077383027
24.57,0.0,20382840.0,49.78721553778748
24.58,0.0,20385130.0,49.78718203732628
24.59,0.0,20387410.0,49.787150212706365
24.6,0.0,20389680.0,49.78711999125589
24.61,0.0,20391950.0,49.78709128828986
24.62,0.0,20394210.0,49.78706400814282
24.63,0.0,20396450.0,49.78703804524859
24.64,0.0,20398700.0,49.78701328531165
24.65,0.0,20400930.0,49.786989606502004
24.66,0.0,20403150.0,49.786966880717856
24.67,0.0,20405370.0,49.78694497492232
24.68,0.0,20407580.0,49.78692375235165
24.69,0.0,20409780.0,49.78690307381346
24.7,0.0,20411980.0,49.78688279897639
24.71,0.0,20414160.0,49.786862787639336
24.72,0.0,20416340.0,49.786842901045254
24.73,0.0,20418520.0,49.7868230030564
24.74,0.0,20420680.0,49.78680296114726
24.75,0.0,20422830.0,49.78678264759617
24.76,0.0,20424980.0,49.78676194064269
24.77,0.0,20427120.0,49.786740725253644
24.78,0.0,20429260.0,49.78671889400906
24.79,0.0,20431380.0,49.78669634794579
24.8,0.0,20433500.0,49.78667299716369
24.81,0.0,20435610.0,49.78664876149643
24.82,0.0,20437720.0,49.78662357098448
24.83,0.0,20439820.0,49.78659736626337
24.84,0.0,20441900.0,49.78657009876288
24.85,0.0,20443990.0,49.78654173099126
24.86,0.0,20446060.0,49.7865122365899
24.87,0.0,20448130.0,49.78648160025706
24.88,0.0,20450190.0,49.78644981777955
24.89,0.0,20452250.0,49.78641689572613
24.9,0.0,20454290.0,49.786382851152474
24.91,0.0,20456330.0,49.786347711206176
24.92,0.0,20458370.0,49.786311512665314
24.93,0.0,20460390.0,49.786274301388126
24.94,0.0,20462410.0,49.78623613170823
24.95,0.0,20464430.0,49.786197065754195
24.96,0.0,20466430.0,49.78615717280337
24.97,0.0,20468430.0,49.78611652847758
24.98,0.0,20470430.0,49.786075213782084
24.99,0.0,20472410.0,49.78603331443158
25.0,0.0,20474390.0,49.78599091995422
25.01,0.0,20476370.0,49.78594812273756
25.02,0.0,20478340.0,49.78590501721417
25.03,0.0,20480300.0,49.78586169896406
25.04,0.0,20482250.0,49.78581826375431
25.05,0.0,20484200.0,49.78577480676912
25.06,0.0,20486140.0,49.78573142175129
25.07,0.0,20488080.0,49.78568820020479
25.08,0.0,20490010.0,49.785645230608914
25.09,0.0,20491940.0,49.785602597630906
25.1,0.0,20493860.0,49.785560381607276
25.11,0.0,20495770.0,49.785518657896596
25.12,0.0,20497680.0,49.785477496161114
25.13,0.0,20499580.0,49.78543695996908
25.14,0.0,20501470.0,49.78539710642211
25.15,0.0,20503370.0,49.78535798578208
25.16,0.0,20505250.0,49.78531964108284
25.17,0.0,20507130.0,49.78528210792669
25.18,0.0,20509000.0,49.7852454143971
25.19,0.0,20510870.0,49.78520958089806
25.2,0.0,20512740.0,49.78517462022346
25.21,0.0,20514590.0,49.785140537596575
25.22,0.0,20516450.0,49.785107330792336
25.23,0.0,20518300.0,49.78507499031093
25.24,0.0,20520140.0,49.78504349955277
25.25,0.0,20521980.0,49.78501283520894
25.26,0.0,20523810.0,49.78498296760457
25.27,0.0,20525640.0,49.784953861180796
25.28,0.0,20527460.0,49.7849254748359
25.29,0.0,20529280.0,49.7848977623598
25.3,0.0,20531090.0,49.784870673105644
25.31,0.0,20532900.0,49.78484415251988
25.32,0.0,20534710.0,49.78481814262486
25.33,0.0,20536510.0,49.784792582618245
25.34,0.0,20538300.0,49.78476740954333
25.35,0.0,20540090.0,49.784742558881575
25.36,0.0,20541880.0,49.78471796514843
25.37,0.0,20543660.0,49.784693562412116
25.38,0.0,20545440.0,49.78466928490079
25.39,0.0,20547220.0,49.784645067653045
25.4,0.0,20548990.0,49.78462084713858
25.41,0.0,20550750.0,49.78459656168583
25.42,0.0,20552520.0,49.78457215192283
25.43,0.0,20554270.0,49.78454756132961
25.44,0.0,20556030.0,49.78452273674356
25.45,0.0,20557780.0,49.78449762865614
25.46,0.0,20559530.0,49.7844721915092
25.47,0.0,20561270.0,49.78444638416499
25.48,0.0,20563010.0,49.7844201701476
25.49,0.0,20564750.0,49.78439351778181
25.5,0.0,20566480.0,49.78436640044423
25.51,0.0,20568210.0,49.784338796594106
25.52,0.0,20569930.0,49.78431068986951
25.53,0.0,20571660.0,49.78428206925437
25.54,0.0,20573380.0,49.784252928883646
25.55,0.0,20575090.0,49.78422326800172
25.56,0.0,20576810.0,49.78419309099479
25.57,0.0,20578520.0,49.78416240713932
25.58,0.0,20580220.0,49.784131230338325
25.59,0.0,20581930.0,49.78409957897771
25.6,0.0,20583630.0,49.78406747572271
25.61,0.0,20585330.0,49.78403494712702
25.62,0.0,20587020.0,49.78400202324069
25.63,0.0,20588710.0,49.78396873735
25.64,0.0,20590400.0,49.78393512567057
25.65,0.0,20592090.0,49.783901226941516
25.66,0.0,20593770.0,49.78386708193602
25.67,0.0,20595460.0,49.78383273306212
25.68,0.0,20597130.0,49.783798223943066
25.69,0.0,20598810.0,49.78376359908335
25.7,0.0,20600490.0,49.78372890342572
25.71,0.0,20602160.0,49.78369418187085
25.72,0.0,20603830.0,49.7836594788772
25.73,0.0,20605490.0,49.78362483816001
25.74,0.0,20607160.0,49.78359030236871
25.75,0.0,20608820.0,49.78355591256853
25.76,0.0,20610480.0,49.783521707928166
25.77,0.0,20612140.0,49.78348772556282
25.78,0.0,20613800.0,49.78345400014813
25.79,0.0,20615450.0,49.78342056360364
25.8,0.0,20617110.0,49.78338744502333
25.81,0.0,20618760.0,49.78335467038087
25.82,0.0,20620410.0,49.78332226238169
25.83,0.0,20622050.0,49.783290240319964
25.84,0.0,20623700.0,49.78325861999632
25.85,0.0,20625340.0,49.78322741371489
25.86,0.0,20626980.0,49.783196630170615
25.87,0.0,20628620.0,49.78316627445483
25.88,0.0,20630260.0,49.783136348091645
25.89,0.0,20631900.0,49.78310684917846
25.9,0.0,20633540.0,49.78307777245896
25.91,0.0,20635170.0,49.78304910936686
25.92,0.0,20636800.0,49.78302084818072
25.93,0.0,20638430.0,49.78299297427551
25.94,0.0,20640060.0,49.78296547029882
25.95,0.0,20641690.0,49.78293831638351
25.96,0.0,20643320.0,49.782911490292136
25.97,0.0,20644950.0,49.782884967762506
25.98,0.0,20646570.0,49.782858722739356
25.99,0.0,20648200.0,49.78283272758593
26.0,0.0,20649820.0,49.78280695350702
26.01,0.0,20651440.0,49.78278137073565
26.02,0.0,20653060.0,49.78275594874958
26.03,0.0,20654680.0,49.78273065664441
26.04,0.0,20656300.0,49.78270546347846
26.05,0.0,20657920.0,49.78268033845711
26.06,0.0,20659540.0,49.78265525113638
26.07,0.0,20661150.0,49.782630171846534
26.08,0.0,20662770.0,49.78260507183388
26.09,0.0,20664380.0,49.78257992351702
26.1,0.0,20666000.0,49.78255470075917
26.11,0.0,20667610.0,49.782529378920806
26.12,0.0,20669220.0,49.78250393520936
26.13,0.0,20670830.0,49.78247834873826
26.14,0.0,20672450.0,49.782452600692736
26.15,0.0,20674060.0,49.78242667450532
26.16,0.0,20675670.0,49.782400555880095
26.17,0.0,20677270.0,49.78237423286574
26.18,0.0,20678880.0,49.782347695918524
26.19,0.0,20680490.0,49.78232093800167
26.2,0.0,20682100.0,49.782293954505555
26.21,0.0,20683700.0,49.782266743318715
26.22,0.0,20685310.0,49.78223930469246
26.23,0.0,20686910.0,49.782211641211354
26.24,0.0,20688520.0,49.78218375777486
26.25,0.0,20690120.0,49.78215566143112
26.26,0.0,20691720.0,49.782127361264585
26.27,0.0,20693330.0,49.782098868280286
26.28,0.0,20694930.0,49.782070195332885
26.29,0.0,20696530.0,49.782041356886054
26.3,0.0,20698130.0,49.78201236885991
26.31,0.0,20699730.0,49.7819832484541
26.32,0.0,20701330.0,49.781954014049894
26.33,0.0,20702920.0,49.781924684922345
26.34,0.0,20704520.0,49.781895281001226
26.35,0.0,20706110.0,49.78186582283078
26.36,0.0,20707710.0,49.781836331286414
26.37,0.0,20709300.0,49.78180682739254
26.38,0.0,20710900.0,49.78177733220233
26.39,0.0,20712490.0,49.78174786645188
26.4,0.0,20714080.0,49.78171845041555
26.41,0.0,20715670.0,49.78168910388415
26.42,0.0,20717250.0,49.78165984591043
26.43,0.0,20718840.0,49.78163069459135
26.44,0.0,20720430.0,49.78160166701695
26.45,0.0,20722010.0,49.78157277913226
26.46,0.0,20723590.0,49.78154404555291
26.47,0.0,20725170.0,49.781515479551004
26.48,0.0,20726750.0,49.7814870929566
26.49,0.0,20728330.0,49.78145889601521
26.5,0.0,20729910.0,49.78143089734359
26.51,0.0,20731480.0,49.781403103898185
26.52,0.0,20733050.0,49.78137552095702
26.53,0.0,20734630.0,49.781348152189075
26.54,0.0,20736190.0,49.78132099956796
26.55,0.0,20737760.0,49.78129406333896
26.56,0.0,20739330.0,49.7812673422144
26.57,0.0,20740890.0,49.78124083332645
26.58,0.0,20742450.0,49.78121453223234
26.59,0.0,20744010.0,49.78118843307268
26.6,0.0,20745560.0,49.78116252865484
26.61,0.0,20747110.0,49.78113681047327
26.62,0.0,20748660.0,49.78111126883502
26.63,0.0,20750210.0,49.78108589304983
26.64,0.0,20751760.0,49.7810606715426
26.65,0.0,20753300.0,49.78103559189927
26.66,0.0,20754840.0,49.781010640940465
26.67,0.0,20756370.0,49.780985804951165
26.68,0.0,20757910.0,49.780961069885024
26.69,0.0,20759440.0,49.78093642141268
26.7,0.0,20760960.0,49.78091184499478
26.71,0.0,20762490.0,49.78088732610726
26.72,0.0,20764010.0,49.78086285029032
26.73,0.0,20765520.0,49.78083840330279
26.74,0.0,20767040.0,49.780813971387886
26.75,0.0,20768540.0,49.780789541219136
26.76,0.0,20770050.0,49.780765099962345
26.77,0.0,20771550.0,49.7807406354684
26.78,0.0,20773050.0,49.78071613644367
26.79,0.0,20774540.0,49.780691592441045
26.8,0.0,20776030.0,49.780666993879926
26.81,0.0,20777510.0,49.78064233219685
26.82,0.0,20778990.0,49.78061759989917
26.83,0.0,20780460.0,49.78059279053487
26.84,0.0,20781930.0,49.78056789874731
26.85,0.0,20783400.0,49.78054292030231
26.86,0.0,20784860.0,49.7805178521893
26.87,0.0,20786310.0,49.78049269252687
26.88,0.0,20787760.0,49.780467440509966
26.89,0.0,20789210.0,49.78044209654646
26.9,0.0,20790650.0,49.78041666206825
26.91,0.0,20792080.0,49.780391139528135
26.92,0.0,20793510.0,49.78036553250275
26.93,0.0,20794930.0,49.78033984547355
26.94,0.0,20796350.0,49.78031408372243
26.95,0.0,20797760.0,49.78028825343229
26.96,0.0,20799170.0,49.78026236159785
26.97,0.0,20800570.0,49.780236415800545
26.98,0.0,20801960.0,49.78021042423142
26.99,0.0,20803350.0,49.78018439559566
27.0,0.0,20804730.0,49.7801583389676
27.01,0.0,20806100.0,49.78013226371147
27.02,0.0,20807470.0,49.78010617948439
27.03,0.0,20808830.0,49.78008009612689
27.04,0.0,20810180.0,49.78005402343591
27.05,0.0,20811520.0,49.78002797117716
27.06,0.0,20812860.0,49.78000194907136
27.07,0.0,20814200.0,49.77997596662691
27.08,0.0,20815520.0,49.77995003300072
27.09,0.0,20816840.0,49.779924156943586
27.1,0.0,20818150.0,49.77989834681915
27.11,0.0,20819450.0,49.77987261052931
27.12,0.0,20820740.0,49.77984695538654
27.13,0.0,20822030.0,49.77982138807478
27.14,0.0,20823310.0,49.779795914613864
27.15,0.0,20824580.0,49.77977054032866
27.16,0.0,20825840.0,49.779745269823394
27.17,0.0,20827090.0,49.779720106888604
27.18,0.0,20828340.0,49.779695054583115
27.19,0.0,20829570.0,49.77967011520985
27.2,0.0,20830800.0,49.77964529025317
27.21,0.0,20832020.0,49.77962058046461
27.22,0.0,20833230.0,49.77959598579708
27.23,0.0,20834430.0,49.77957150536859
27.24,0.0,20835620.0,49.779547137584586
27.25,0.0,20836810.0,49.77952288023854
27.26,0.0,20837980.0,49.779498730462144
27.27,0.0,20839140.0,49.77947468470535
27.28,0.0,20840300.0,49.779450738801444
27.29,0.0,20841440.0,49.77942688810494
27.3,0.0,20842580.0,49.77940312746092
27.31,0.0,20843700.0,49.77937945128736
27.32,0.0,20844820.0,49.77935585370291
27.33,0.0,20845930.0,49.779332328513014
27.34,0.0,20847020.0,49.77930886928062
27.35,0.0,20848110.0,49.77928546939565
27.36,0.0,20849180.0,49.779262122069426
27.37,0.0,20850250.0,49.779238820496325
27.38,0.0,20851300.0,49.77921555790098
27.39,0.0,20852350.0,49.779192327538155
27.4,0.0,20853380.0,49.779169122831995
27.41,0.0,20854400.0,49.779145937354485
27.42,0.0,20855410.0,49.77912276489726
27.43,0.0,20856410.0,49.77909959952359
27.44,0.0,20857400.0,49.7790764356285
27.45,0.0,20858380.0,49.77905326805268
27.46,0.0,20859350.0,49.779030092036145
27.47,0.0,20860310.0,49.77900690319184
27.48,0.0,20861250.0,49.778983697554594
27.49,0.0,20862190.0,49.778960471694056
27.5,0.0,20863110.0,49.7789372227239
27.51,0.0,20864020.0,49.778913948247066
27.52,0.0,20864920.0,49.778890646451615
27.53,0.0,20865800.0,49.77886731602976
27.54,0.0,20866680.0,49.778843956202245
27.55,0.0,20867540.0,49.77882056678111
27.56,0.0,20868400.0,49.77879714808461
27.57,0.0,20869230.0,49.77877370085795
27.58,0.0,20870060.0,49.77875022635644
27.59,0.0,20870880.0,49.77872672638377
27.6,0.0,20871680.0,49.7787032031121
27.61,0.0,20872470.0,49.77867965907865
27.62,0.0,20873250.0,49.77865609730769
27.63,0.0,20874020.0,49.77863252117618
27.64,0.0,20874770.0,49.77860893424401
27.65,0.0,20875510.0,49.77858534039171
27.66,0.0,20876240.0,49.778561743758964
27.67,0.0,20876950.0,49.77853814863801
27.68,0.0,20877660.0,49.77851455943505
27.69,0.0,20878350.0,49.77849098071589
27.7,0.0,20879020.0,49.77846741706744
27.71,0.0,20879690.0,49.778443873084385
27.72,0.0,20880340.0,49.77842035331349
27.73,0.0,20880980.0,49.778396862238885
27.74,0.0,20881610.0,49.77837340429967
27.75,0.0,20882220.0,49.77834998370808
27.76,0.0,20882820.0,49.7783266045087
27.77,0.0,20883400.0,49.778303270540114
27.78,0.0,20883980.0,49.778279985412695
27.79,0.0,20884540.0,49.77825675247527
27.8,0.0,20885080.0,49.77823357472524
27.81,0.0,20885620.0,49.778210454876366
27.82,0.0,20886140.0,49.778187395331095
27.83,0.0,20886650.0,49.778164398170595
27.84,0.0,20887140.0,49.77814146506185
27.85,0.0,20887620.0,49.778118597277455
27.86,0.0,20888090.0,49.77809579583456
27.87,0.0,20888540.0,49.778073061398544
27.88,0.0,20888980.0,49.778050394143875
27.89,0.0,20889410.0,49.77802779394146
27.9,0.0,20889820.0,49.77800526033833
27.91,0.0,20890220.0,49.777982792510166
27.92,0.0,20890600.0,49.777960389345054
27.93,0.0,20890980.0,49.777938049386506
27.94,0.0,20891330.0,49.77791577086189
27.95,0.0,20891680.0,49.77789355178401
27.96,0.0,20892010.0,49.777871389957625
27.97,0.0,20892330.0,49.77784928293031
27.98,0.0,20892630.0,49.777827228027746
27.99,0.0,20892930.0,49.77780522246118
28.0,0.0,20893200.0,49.777783263265576
28.01,0.0,20893470.0,49.77776134734963
28.02,0.0,20893720.0,49.77773947166298
28.03,0.0,20893950.0,49.77771763305302
28.04,0.0,20894180.0,49.777695828317476
28.05,0.0,20894390.0,49.77767405422669
28.06,0.0,20894580.0,49.77765230757088
28.07,0.0,20894770.0,49.777630585324076
28.08,0.0,20894930.0,49.777608884496274
28.09,0.0,20895090.0,49.777587202180776
28.1,0.0,20895230.0,49.77756553564349
28.11,0.0,20895360.0,49.77754388234074
28.12,0.0,20895480.0,49.777522239850676
28.13,0.0,20895580.0,49.77750060591312
28.14,0.0,20895670.0,49.77747897858384
28.15,0.0,20895740.0,49.77745735607581
28.16,0.0,20895800.0,49.77743573679419
28.17,0.0,20895850.0,49.777414119485094
28.18,0.0,20895890.0,49.77739250307084
28.19,0.0,20895910.0,49.77737088675188
28.2,0.0,20895920.0,49.77734926998074
28.21,0.0,20895920.0,49.77732765240328
28.22,0.0,20895900.0,49.77730603399893
28.23,0.0,20895870.0,49.77728441498011
28.24,0.0,20895830.0,49.777262795716524
28.25,0.0,20895770.0,49.77724117681235
28.26,0.0,20895700.0,49.77721955915656
28.27,0.0,20895620.0,49.777197943817825
28.28,0.0,20895530.0,49.77717633203745
28.29,0.0,20895420.0,49.77715472520682
28.3,0.0,20895300.0,49.777133124857464
28.31,0.0,20895170.0,49.777111532709355
28.32,0.0,20895020.0,49.77708995063696
28.33,0.0,20894860.0,49.777068380564685
28.34,0.0,20894690.0,49.77704682445981
28.35,0.0,20894510.0,49.77702528438302
28.36,0.0,20894320.0,49.77700376245649
28.37,0.0,20894110.0,49.77698226083439
28.38,0.0,20893890.0,49.77696078160275
28.39,0.0,20893660.0,49.77693932684951
28.4,0.0,20893420.0,49.77691789862394
28.41,0.0,20893160.0,49.77689649892621
28.42,0.0,20892900.0,49.77687512974466
28.43,0.0,20892620.0,49.77685379295422
28.44,0.0,20892330.0,49.77683249030162
28.45,0.0,20892030.0,49.77681122339155
28.46,0.0,20891710.0,49.776789993674065
28.47,0.0,20891390.0,49.776768802506645
28.48,0.0,20891050.0,49.77674765112222
28.49,0.0,20890710.0,49.77672654061608
28.5,0.0,20890350.0,49.77670547192289
28.51,0.0,20889980.0,49.776684445737956
28.52,0.0,20889600.0,49.77666346259629
28.53,0.0,20889210.0,49.7766425229289
28.54,0.0,20888810.0,49.77662162696783
28.55,0.0,20888400.0,49.77660077475261
28.56,0.0,20887970.0,49.77657996612467
28.57,0.0,20887540.0,49.77655920081041
28.58,0.0,20887100.0,49.77653847839673
28.59,0.0,20886640.0,49.776517798265694
28.6,0.0,20886180.0,49.77649715967405
28.61,0.0,20885700.0,49.776476561751146
28.62,0.0,20885220.0,49.77645600350002
28.63,0.0,20884730.0,49.77643548380148
28.64,0.0,20884220.0,49.776415001493405
28.65,0.0,20883710.0,49.776394555283396
28.66,0.0,20883190.0,49.776374143775136
28.67,0.0,20882660.0,49.77635376561395
28.68,0.0,20882120.0,49.77633341932305
28.69,0.0,20881570.0,49.77631310341039
28.7,0.0,20881010.0,49.776292816351095
28.71,0.0,20880440.0,49.776272556613286
28.72,0.0,20879870.0,49.77625232271715
28.73,0.0,20879280.0,49.7762321131679
28.74,0.0,20878690.0,49.77621192653351
28.75,0.0,20878090.0,49.77619176136719
28.76,0.0,20877480.0,49.776171616301184
28.77,0.0,20876860.0,49.77615149003002
28.78,0.0,20876240.0,49.77613138132325
28.79,0.0,20875610.0,49.77611128908544
28.8,0.0,20874970.0,49.77609121227563
28.81,0.0,20874320.0,49.77607114991228
28.82,0.0,20873660.0,49.776051101150635
28.83,0.0,20873000.0,49.77603106533725
28.84,0.0,20872330.0,49.776011041838906
28.85,0.0,20871660.0,49.775991030140595
28.86,0.0,20870980.0,49.77597102989079
28.87,0.0,20870290.0,49.77595104082021
28.88,0.0,20869590.0,49.77593106273229
28.89,0.0,20868890.0,49.77591109558009
28.9,0.0,20868190.0,49.77589113943331
28.91,0.0,20867470.0,49.77587119447583
28.92,0.0,20866750.0,49.77585126097749
28.93,0.0,20866030.0,49.77583133929486
28.94,0.0,20865300.0,49.77581142991882
28.95,0.0,20864560.0,49.77579153338152
28.96,0.0,20863820.0,49.775771650322255
28.97,0.0,20863080.0,49.77575178145736
28.98,0.0,20862330.0,49.77573192749368
28.99,0.0,20861570.0,49.77571208927247
29.0,0.0,20860810.0,49.77569226772098
29.01,0.0,20860050.0,49.77567246369058
29.02,0.0,20859280.0,49.77565267803575
29.03,0.0,20858500.0,49.7756329117409
29.04,0.0,20857730.0,49.7756131657979
29.05,0.0,20856940.0,49.77559344112697
29.06,0.0,20856160.0,49.77557373864131
29.07,0.0,20855370.0,49.77555405922889
29.08,0.0,20854580.0,49.775534403809985
29.09,0.0,20853780.0,49.775514773228394
29.1,0.0,20852980.0,49.775495168256775
29.11,0.0,20852180.0,49.77547558972214
29.12,0.0,20851370.0,49.77545603832197
29.13,0.0,20850560.0,49.77543651471227
29.14,0.0,20849750.0,49.77541701947173
29.15,0.0,20848930.0,49.77539755311043
29.16,0.0,20848110.0,49.77537811611287
29.17,0.0,20847290.0,49.77535870878248
29.18,0.0,20846470.0,49.77533933140139
29.19,0.0,20845640.0,49.77531998419667
29.2,0.0,20844820.0,49.77530066726582
29.21,0.0,20843990.0,49.77528138064755
29.22,0.0,20843150.0,49.775262124310665
29.23,0.0,20842320.0,49.77524289814645
29.24,0.0,20841480.0,49.7752237019638
29.25,0.0,20840650.0,49.77520453548658
29.26,0.0,20839810.0,49.77518539842627
29.27,0.0,20838970.0,49.77516629038719
29.28,0.0,20838120.0,49.77514721088572
29.29,0.0,20837280.0,49.775128159415566
29.3,0.0,20836440.0,49.77510913544534
29.31,0.0,20835590.0,49.77509013840598
29.32,0.0,20834740.0,49.77507116762139
29.33,0.0,20833890.0,49.77505222239643
29.34,0.0,20833040.0,49.77503330200754
29.35,0.0,20832190.0,49.77501440570944
29.36,0.0,20831340.0,49.774995532802905
29.37,0.0,20830490.0,49.77497668254864
29.38,0.0,20829640.0,49.77495785418078
29.39,0.0,20828790.0,49.774939046979945
29.4,0.0,20827930.0,49.77492026019084
29.41,0.0,20827080.0,49.774901493112004
29.42,0.0,20826230.0,49.774882745075054
29.43,0.0,20825370.0,49.77486401538078
29.44,0.0,20824520.0,49.77484530337826
29.45,0.0,20823670.0,49.774826608460224
29.46,0.0,20822810.0,49.774807930133484
29.47,0.0,20821960.0,49.77478926792159
29.48,0.0,20821110.0,49.7747706213074
29.49,0.0,20820250.0,49.774751989817
29.5,0.0,20819400.0,49.77473337309138
29.51,0.0,20818550.0,49.77471477086316
29.52,0.0,20817700.0,49.77469618287721
29.53,0.0,20816840.0,49.77467760889552
29.54,0.0,20815990.0,49.77465904877447
29.55,0.0,20815140.0,49.77464050244481
29.56,0.0,20814290.0,49.77462196983476
29.57,0.0,20813450.0,49.774603450949954
29.58,0.0,20812600.0,49.77458494585558
29.59,0.0,20811750.0,49.774566454600794
29.6,0.0,20810900.0,49.774547977299406
29.61,0.0,20810060.0,49.774529514186206
29.62,0.0,20809220.0,49.77451106551929
29.63,0.0,20808370.0,49.77449263158251
29.64,0.0,20807530.0,49.77447421267408
29.65,0.0,20806690.0,49.77445580910903
29.66,0.0,20805850.0,49.774437421207864
29.67,0.0,20805020.0,49.77441904937254
29.68,0.0,20804180.0,49.77440069405314
29.69,0.0,20803340.0,49.77438235559837
29.7,0.0,20802510.0,49.77436403434624
29.71,0.0,20801680.0,49.77434573076124
29.72,0.0,20800850.0,49.77432744524688
29.73,0.0,20800020.0,49.77430917817033
29.74,0.0,20799190.0,49.77429092999074
29.75,0.0,20798370.0,49.77427270108981
29.76,0.0,20797540.0,49.77425449178569
29.77,0.0,20796720.0,49.77423630240464
29.78,0.0,20795900.0,49.77421813326918
29.79,0.0,20795080.0,49.774199984688735
29.8,0.0,20794270.0,49.77418185695197
29.81,0.0,20793450.0,49.77416375024718
29.82,0.0,20792640.0,49.77414566475317
29.83,0.0,20791830.0,49.77412760069181
29.84,0.0,20791020.0,49.774109558167105
29.85,0.0,20790210.0,49.774091537260176
29.86,0.0,20789410.0,49.77407353801176
29.87,0.0,20788610.0,49.77405556043333
29.88,0.0,20787810.0,49.7740376045653
29.89,0.0,20787010.0,49.77401967032058
29.9,0.0,20786210.0,49.77400175758359
29.91,0.0,20785420.0,49.7739838662697
29.92,0.0,20784620.0,49.7739659962435
29.93,0.0,20783830.0,49.773948147323146
29.94,0.0,20783050.0,49.77393031928435
29.95,0.0,20782260.0,49.77391251186411
29.96,0.0,20781480.0,49.77389472483806
29.97,0.0,20780700.0,49.77387695792827
29.98,0.0,20779920.0,49.77385921082407
29.99,0.0,20779140.0,49.773841483174444
30.0,0.0,20778370.0,49.77382377460742
30.01,0.0,20777590.0,49.773806084795005
30.02,0.0,20776820.0,49.77378841337607
30.03,0.0,20776060.0,49.77377075996414
30.04,0.0,20775290.0,49.773753124228
30.05,0.0,20774530.0,49.773735505801795
30.06,0.0,20773770.0,49.77371790430764
30.07,0.0,20773010.0,49.77370031934912
30.08,0.0,20772250.0,49.77368275053159
30.09,0.0,20771500.0,49.77366519752741
30.1,0.0,20770750.0,49.77364766007236
30.11,0.0,20770000.0,49.773630137877475
30.12,0.0,20769250.0,49.77361263065237
30.13,0.0,20768510.0,49.773595138099196
30.14,0.0,20767760.0,49.77357765993271
30.15,0.0,20767020.0,49.77356019594522
30.16,0.0,20766290.0,49.773542745928665
30.17,0.0,20765550.0,49.773525309681396
30.18,0.0,20764820.0,49.77350788708709
30.19,0.0,20764090.0,49.77349047802295
30.2,0.0,20763360.0,49.77347308238003
30.21,0.0,20762630.0,49.77345570005431
30.22,0.0,20761910.0,49.77343833096425
30.23,0.0,20761180.0,49.77342097511323
30.24,0.0,20760460.0,49.77340363250945
30.25,0.0,20759750.0,49.773386303170454
30.26,0.0,20759030.0,49.773368987126425
30.27,0.0,20758320.0,49.77335168442239
30.28,0.0,20757600.0,49.77333439511947
30.29,0.0,20756890.0,49.77331711929578
30.3,0.0,20756190.0,49.77329985704652
30.31,0.0,20755480.0,49.77328260848383
30.32,0.0,20754780.0,49.773265373736386
30.33,0.0,20754070.0,49.773248152948455
30.34,0.0,20753380.0,49.77323094635279
30.35,0.0,20752680.0,49.77321375417336
30.36,0.0,20751980.0,49.773196576567706
30.37,0.0,20751290.0,49.773179413710025
30.38,0.0,20750590.0,49.77316226571471
30.39,0.0,20749900.0,49.77314513272967
30.4,0.0,20749220.0,49.7731280149906
30.41,0.0,20748530.0,49.773110912660556
30.42,0.0,20747840.0,49.773093825851795
30.43,0.0,20747160.0,49.77307675470387
30.44,0.0,20746480.0,49.773059699376944
30.45,0.0,20745800.0,49.77304266004653
30.46,0.0,20745120.0,49.77302563682555
30.47,0.0,20744440.0,49.77300862985686
30.48,0.0,20743760.0,49.772991639293274
30.49,0.0,20743090.0,49.77297466515911
30.5,0.0,20742420.0,49.772957707524625
30.51,0.0,20741740.0,49.77294076648241
30.52,0.0,20741070.0,49.77292384200651
30.53,0.0,20740400.0,49.77290693405118
30.54,0.0,20739730.0,49.77289004262207
30.55,0.0,20739070.0,49.77287316776468
30.56,0.0,20738400.0,49.772856309481675
30.57,0.0,20737740.0,49.772839467674984
30.58,0.0,20737070.0,49.77282264224171
30.59,0.0,20736410.0,49.772805833143416
30.6,0.0,20735750.0,49.77278904031927
30.61,0.0,20735090.0,49.772772263624695
30.62,0.0,20734430.0,49.77275550292511
30.63,0.0,20733770.0,49.77273875808941
30.64,0.0,20733110.0,49.77272202899791
30.65,0.0,20732450.0,49.77270531553634
30.66,0.0,20731790.0,49.77268861753023
30.67,0.0,20731130.0,49.77267193476146
30.68,0.0,20730480.0,49.77265526705539
30.69,0.0,20729820.0,49.77263861426936
30.7,0.0,20729170.0,49.77262197622258
30.71,0.0,20728510.0,49.772605352709455
30.72,0.0,20727860.0,49.77258874358393
30.73,0.0,20727200.0,49.77257214867193
30.74,0.0,20726550.0,49.77255556779569
30.75,0.0,20725890.0,49.77253900084197
30.76,0.0,20725240.0,49.772522447612644
30.77,0.0,20724580.0,49.77250590792982
30.78,0.0,20723930.0,49.77248938169922
30.79,0.0,20723270.0,49.77247286875736
30.8,0.0,20722620.0,49.7724563689735
30.81,0.0,20721960.0,49.77243988223706
30.82,0.0,20721310.0,49.77242340847264
30.83,0.0,20720650.0,49.772406947627104
30.84,0.0,20720000.0,49.77239049961032
30.85,0.0,20719340.0,49.77237406430408
30.86,0.0,20718680.0,49.77235764165528
30.87,0.0,20718020.0,49.77234123165617
30.88,0.0,20717360.0,49.77232483420613
30.89,0.0,20716710.0,49.772308449286484
30.9,0.0,20716050.0,49.7722920769368
30.91,0.0,20715380.0,49.77227571711349
30.92,0.0,20714720.0,49.77225936978828
30.93,0.0,20714060.0,49.77224303501869
30.94,0.0,20713400.0,49.77222671286148
30.95,0.0,20712730.0,49.77221040338503
30.96,0.0,20712060.0,49.77219410659233
30.97,0.0,20711400.0,49.77217782252696
30.98,0.0,20710730.0,49.77216155132463
30.99,0.0,20710060.0,49.77214529306275
31.0,0.0,20709390.0,49.77212904777801
31.01,0.0,20708720.0,49.77211281555358
31.02,0.0,20708040.0,49.772096596433194
31.03,0.0,20707360.0,49.77208039044629
31.04,0.0,20706690.0,49.7720641977505
31.05,0.0,20706010.0,49.7720480184597
31.06,0.0,20705330.0,49.772031852595795
31.07,0.0,20704640.0,49.77201570025379
31.08,0.0,20703960.0,49.7719995615829
31.09,0.0,20703270.0,49.77198343663634
31.1,0.0,20702580.0,49.77196732547531
31.11,0.0,20701890.0,49.77195122815775
31.12,0.0,20701200.0,49.771935144754146
31.13,0.0,20700500.0,49.77191907533518
31.14,0.0,20699810.0,49.771903019986546
31.15,0.0,20699110.0,49.771886978795926
31.16,0.0,20698410.0,49.77187095179349
31.17,0.0,20697700.0,49.771854938960594
31.18,0.0,20696990.0,49.771838940322866
31.19,0.0,20696280.0,49.77182295593053
31.2,0.0,20695570.0,49.77180698579387
31.21,0.0,20694860.0,49.7717910298882
31.22,0.0,20694140.0,49.77177508817016
31.23,0.0,20693420.0,49.771759160651904
31.24,0.0,20692690.0,49.77174324731772
31.25,0.0,20691970.0,49.7717273481389
31.26,0.0,20691240.0,49.771711463147064
31.27,0.0,20690510.0,49.77169559227587
31.28,0.0,20689770.0,49.771679735471544
31.29,0.0,20689030.0,49.77166389274832
31.3,0.0,20688290.0,49.77164806404109
31.31,0.0,20687550.0,49.77163224922569
31.32,0.0,20686800.0,49.771616448208924
31.33,0.0,20686050.0,49.77160066099261
31.34,0.0,20685290.0,49.77158488750837
31.35,0.0,20684530.0,49.77156912764883
31.36,0.0,20683770.0,49.771553381341086
31.37,0.0,20683010.0,49.77153764854892
31.38,0.0,20682240.0,49.7715219292622
31.39,0.0,20681470.0,49.77150622342712
31.4,0.0,20680690.0,49.77149053095927
31.41,0.0,20679910.0,49.77147485175396
31.42,0.0,20679130.0,49.77145918569418
31.43,0.0,20678340.0,49.7714435327309
31.44,0.0,20677550.0,49.77142789279173
31.45,0.0,20676760.0,49.771412265802155
31.46,0.0,20675960.0,49.77139665175127
31.47,0.0,20675160.0,49.7713810506137
31.48,0.0,20674350.0,49.77136546235641
31.49,0.0,20673540.0,49.771349886943774
31.5,0.0,20672730.0,49.771334324341545
31.51,0.0,20671910.0,49.771318774519735
31.52,0.0,20671090.0,49.77130323745486
31.53,0.0,20670260.0,49.77128771313162
31.54,0.0,20669430.0,49.771272201470026
31.55,0.0,20668590.0,49.771256702422605
31.56,0.0,20667760.0,49.77124121603171
31.57,0.0,20666910.0,49.77122574234477
31.58,0.0,20666070.0,49.77121028134194
31.59,0.0,20665220.0,49.77119483303338
31.6,0.0,20664360.0,49.77117939744268
31.61,0.0,20663500.0,49.771163974544486
31.62,0.0,20662640.0,49.77114856434515
31.63,0.0,20661770.0,49.77113316687786
31.64,0.0,20660900.0,49.77111778219873
31.65,0.0,20660020.0,49.77110241038373
31.66,0.0,20659140.0,49.77108705145204
31.67,0.0,20658250.0,49.771071705386355
31.68,0.0,20657360.0,49.77105637221022
31.69,0.0,20656470.0,49.771041051980575
31.7,0.0,20655570.0,49.77102574478201
31.71,0.0,20654670.0,49.77101045064812
31.72,0.0,20653760.0,49.77099516958025
31.73,0.0,20652850.0,49.770979901623605
31.74,0.0,20651930.0,49.770964646859056
31.75,0.0,20651010.0,49.77094940532249
31.76,0.0,20650080.0,49.77093417702213
31.77,0.0,20649150.0,49.77091896201366
31.78,0.0,20648220.0,49.77090376031696
31.79,0.0,20647280.0,49.77088857193144
31.8,0.0,20646330.0,49.77087339690958
31.81,0.0,20645380.0,49.77085823527263
31.82,0.0,20644430.0,49.77084308702488
31.83,0.0,20643470.0,49.770827952226725
31.84,0.0,20642510.0,49.770812830909684
31.85,0.0,20641540.0,49.770797723016216
31.86,0.0,20640560.0,49.770782628568924
31.87,0.0,20639580.0,49.77076754756795
31.88,0.0,20638600.0,49.77075248001626
31.89,0.0,20637610.0,49.77073742590204
31.9,0.0,20636620.0,49.77072238522236
31.91,0.0,20635620.0,49.77070735803857
31.92,0.0,20634620.0,49.77069234432831
31.93,0.0,20633610.0,49.77067734400578
31.94,0.0,20632600.0,49.77066235708578
31.95,0.0,20631580.0,49.7706473835773
31.96,0.0,20630550.0,49.77063242343136
31.97,0.0,20629520.0,49.770617476617815
31.98,0.0,20628490.0,49.77060254312956
31.99,0.0,20627450.0,49.77058762297373
32.0,0.0,20626400.0,49.770572716103075
32.01,0.0,20625350.0,49.77055782250446
32.02,0.0,20624300.0,49.77054294218764
32.03,0.0,20623230.0,49.77052807511487
32.04,0.0,20622170.0,49.77051322121383
32.05,0.0,20621090.0,49.77049838046197
32.06,0.0,20620020.0,49.77048355287194
32.07,0.0,20618930.0,49.770468738418735
32.08,0.0,20617840.0,49.77045393705059
32.09,0.0,20616750.0,49.770439148771686
32.1,0.0,20615650.0,49.7704243735522
32.11,0.0,20614540.0,49.77040961135092
32.12,0.0,20613430.0,49.77039486218213
32.13,0.0,20612310.0,49.77038012603814
32.14,0.0,20611190.0,49.77036540289688
32.15,0.0,20610060.0,49.77035069272752
32.16,0.0,20608920.0,49.770335995494975
32.17,0.0,20607780.0,49.7703213111634
32.18,0.0,20606630.0,49.77030663969884
32.19,0.0,20605480.0,49.77029198114556
32.2,0.0,20604320.0,49.770277335531034
32.21,0.0,20603150.0,49.7702627028102
32.22,0.0,20601980.0,49.77024808295161
32.23,0.0,20600800.0,49.770233475936614
32.24,0.0,20599620.0,49.77021888183301
32.25,0.0,20598430.0,49.7702043006978
32.26,0.0,20597230.0,49.77018973251972
32.27,0.0,20596030.0,49.77017517722975
32.28,0.0,20594820.0,49.77016063479591
32.29,0.0,20593610.0,49.77014610527857
32.3,0.0,20592390.0,49.770131588744
32.31,0.0,20591160.0,49.77011708519022
32.32,0.0,20589930.0,49.770102594569586
32.33,0.0,20588690.0,49.770088116942304
32.34,0.0,20587440.0,49.77007365237347
32.35,0.0,20586190.0,49.770059200871266
32.36,0.0,20584930.0,49.77004476239411
32.37,0.0,20583670.0,49.770030336942725
32.38,0.0,20582390.0,49.770015924539265
32.39,0.0,20581120.0,49.77000152516137
32.4,0.0,20579830.0,49.76998713882066
32.41,0.0,20578540.0,49.769972765555806
32.42,0.0,20577250.0,49.769958405427126
32.43,0.0,20575940.0,49.76994405843788
32.44,0.0,20574630.0,49.769929724627595
32.45,0.0,20573320.0,49.769915404051744
32.46,0.0,20571990.0,49.76990109664201
32.47,0.0,20570670.0,49.76988680238203
32.48,0.0,20569330.0,49.76987252135769
32.49,0.0,20567990.0,49.76985825359213
32.5,0.0,20566640.0,49.76984399906549
32.51,0.0,20565290.0,49.76982975779198
32.52,0.0,20563930.0,49.769815529737556
32.53,0.0,20562560.0,49.76980131483619
32.54,0.0,20561190.0,49.76978711313875
32.55,0.0,20559810.0,49.76977292470628
32.56,0.0,20558420.0,49.76975874947079
32.57,0.0,20557030.0,49.76974458741148
32.58,0.0,20555630.0,49.769730438531
32.59,0.0,20554220.0,49.76971630286193
32.6,0.0,20552810.0,49.76970218044677
32.61,0.0,20551390.0,49.76968807127281
32.62,0.0,20549970.0,49.76967397527661
32.63,0.0,20548540.0,49.769659892434525
32.64,0.0,20547100.0,49.769645822740095
32.65,0.0,20545660.0,49.769631766211425
32.66,0.0,20544210.0,49.769617722871914
32.67,0.0,20542750.0,49.76960369268564
32.68,0.0,20541290.0,49.76958967563688
32.69,0.0,20539820.0,49.769575671724006
32.7,0.0,20538350.0,49.76956168095469
32.71,0.0,20536860.0,49.769547703267484
32.72,0.0,20535380.0,49.769533738625924
32.73,0.0,20533890.0,49.76951978707306
32.74,0.0,20532390.0,49.76950584856936
32.75,0.0,20530880.0,49.76949192308959
32.76,0.0,20529370.0,49.76947801067955
32.77,0.0,20527850.0,49.769464111295555
32.78,0.0,20526330.0,49.76945022490263
32.79,0.0,20524800.0,49.76943635153219
32.8,0.0,20523270.0,49.769422491122334
32.81,0.0,20521730.0,49.76940864361656
32.82,0.0,20520180.0,49.76939480902209
32.83,0.0,20518630.0,49.76938098739956
32.84,0.0,20517070.0,49.76936717876796
32.85,0.0,20515510.0,49.76935338304891
32.86,0.0,20513940.0,49.76933960022778
32.87,0.0,20512370.0,49.76932583033047
32.88,0.0,20510790.0,49.76931207334322
32.89,0.0,20509200.0,49.76929832929254
32.9,0.0,20507610.0,49.76928459815246
32.91,0.0,20506020.0,49.7692708798649
32.92,0.0,20504420.0,49.76925717447994
32.93,0.0,20502810.0,49.769243481979444
32.94,0.0,20501200.0,49.769229802375335
32.95,0.0,20499580.0,49.76921613568061
32.96,0.0,20497960.0,49.76920248184925
32.97,0.0,20496330.0,49.76918884092203
32.98,0.0,20494700.0,49.769175212854094
32.99,0.0,20493060.0,49.76916159761679
33.0,0.0,20491420.0,49.769147995245724
33.01,0.0,20489770.0,49.7691344057604
33.02,0.0,20488120.0,49.76912082915712
33.03,0.0,20486470.0,49.76910726541588
33.04,0.0,20484810.0,49.769093714567745
33.05,0.0,20483140.0,49.769080176604454
33.06,0.0,20481470.0,49.76906665148845
33.07,0.0,20479800.0,49.76905313922307
33.08,0.0,20478120.0,49.76903963983858
33.09,0.0,20476430.0,49.76902615330682
33.1,0.0,20474750.0,49.769012679555175
33.11,0.0,20473060.0,49.76899921861438
33.12,0.0,20471360.0,49.76898577050986
33.13,0.0,20469660.0,49.76897233519557
33.14,0.0,20467960.0,49.7689589127076
33.15,0.0,20466250.0,49.76894550305985
33.16,0.0,20464540.0,49.76893210618131
33.17,0.0,20462820.0,49.768918722072364
33.18,0.0,20461110.0,49.768905350777395
33.19,0.0,20459380.0,49.768891992301064
33.2,0.0,20457660.0,49.768878646611455
33.21,0.0,20455930.0,49.76886531364222
33.22,0.0,20454200.0,49.76885199336914
33.23,0.0,20452460.0,49.76883868586358
33.24,0.0,20450720.0,49.76882539111634
33.25,0.0,20448980.0,49.76881210906186
33.26,0.0,20447240.0,49.76879883972166
33.27,0.0,20445490.0,49.76878558310452
33.28,0.0,20443740.0,49.768772339134635
33.29,0.0,20441980.0,49.768759107813786
33.3,0.0,20440230.0,49.76874588918565
33.31,0.0,20438470.0,49.76873268318348
33.32,0.0,20436710.0,49.768719489722905
33.33,0.0,20434940.0,49.76870630876814
33.34,0.0,20433180.0,49.768693140315214
33.35,0.0,20431410.0,49.768679984378956
33.36,0.0,20429640.0,49.76866684098277
33.37,0.0,20427860.0,49.768653710075625
33.38,0.0,20426090.0,49.768640591623274
33.39,0.0,20424310.0,49.768627485660545
33.4,0.0,20422530.0,49.76861439212637
33.41,0.0,20420750.0,49.768601310959546
33.42,0.0,20418970.0,49.768588242154784
33.43,0.0,20417190.0,49.76857518575023
33.44,0.0,20415400.0,49.7685621417305
33.45,0.0,20413620.0,49.76854911004438
33.46,0.0,20411830.0,49.768536090668576
33.47,0.0,20410040.0,49.76852308360119
33.48,0.0,20408250.0,49.76851008884427
33.49,0.0,20406460.0,49.768497106327686
33.5,0.0,20404670.0,49.768484135993205
33.51,0.0,20402880.0,49.76847117785391
33.52,0.0,20401080.0,49.768458231897064
33.53,0.0,20399290.0,49.76844529808941
33.54,0.0,20397490.0,49.76843237644374
33.55,0.0,20395700.0,49.76841946692704
33.56,0.0,20393900.0,49.76840656947015
33.57,0.0,20392110.0,49.768393684037626
33.58,0.0,20390310.0,49.76838081061352
33.59,0.0,20388510.0,49.76836794919058
33.6,0.0,20386720.0,49.76835509976149
33.61,0.0,20384920.0,49.768342262312174
33.62,0.0,20383130.0,49.76832943681647
33.63,0.0,20381330.0,49.768316623231904
33.64,0.0,20379540.0,49.76830382157137
33.65,0.0,20377740.0,49.76829103180293
33.66,0.0,20375950.0,49.768278253865105
33.67,0.0,20374150.0,49.7682654878041
33.68,0.0,20372360.0,49.768252733593094
33.69,0.0,20370570.0,49.76823999122896
33.7,0.0,20368780.0,49.76822726070123
33.71,0.0,20366990.0,49.76821454193033
33.72,0.0,20365200.0,49.7682018349134
33.73,0.0,20363410.0,49.7681891396253
33.74,0.0,20361630.0,49.768176456022914
33.75,0.0,20359840.0,49.76816378411088
33.76,0.0,20358060.0,49.76815112392429
33.77,0.0,20356280.0,49.76813847543991
33.78,0.0,20354500.0,49.76812583858834
33.79,0.0,20352720.0,49.7681132133259
33.8,0.0,20350940.0,49.76810059962211
33.81,0.0,20349170.0,49.76808799744998
33.82,0.0,20347400.0,49.76807540677839
33.83,0.0,20345630.0,49.76806282764146
33.84,0.0,20343860.0,49.76805026003606
33.85,0.0,20342100.0,49.76803770393579
33.86,0.0,20340330.0,49.76802515927662
33.87,0.0,20338570.0,49.768012625970904
33.88,0.0,20336820.0,49.76800010404365
33.89,0.0,20335060.0,49.76798759352597
33.9,0.0,20333310.0,49.7679750943782
33.91,0.0,20331560.0,49.767962606498706
33.92,0.0,20329820.0,49.767950129881115
33.93,0.0,20328070.0,49.767937664499016
33.94,0.0,20326340.0,49.767925210322666
33.95,0.0,20324600.0,49.76791276736948
33.96,0.0,20322870.0,49.767900335624496
33.97,0.0,20321140.0,49.76788791503449
33.98,0.0,20319410.0,49.76787550551607
33.99,0.0,20317690.0,49.7678631070246
34.0,0.0,20315970.0,49.76785071953923
34.01,0.0,20314260.0,49.76783834305122
34.02,0.0,20312550.0,49.76782597755488
34.03,0.0,20310840.0,49.76781362304051
34.04,0.0,20309140.0,49.7678012794888
34.05,0.0,20307440.0,49.767788946866446
34.06,0.0,20305750.0,49.76777662512277
34.07,0.0,20304060.0,49.767764314262344
34.08,0.0,20302370.0,49.767752014244905
34.09,0.0,20300690.0,49.7677397250013
34.1,0.0,20299020.0,49.767727446496195
34.11,0.0,20297350.0,49.76771517872065
34.12,0.0,20295680.0,49.76770292167374
34.13,0.0,20294020.0,49.76769067536081
34.14,0.0,20292370.0,49.76767843977959
34.15,0.0,20290710.0,49.767666214846294
34.16,0.0,20289070.0,49.76765400048255
34.17,0.0,20287430.0,49.767641796676955
34.18,0.0,20285790.0,49.76762960338873
34.19,0.0,20284160.0,49.76761742055431
34.2,0.0,20282540.0,49.76760524815533
34.21,0.0,20280920.0,49.76759308620249
34.22,0.0,20279310.0,49.76758093472326
34.23,0.0,20277700.0,49.76756879367661
34.24,0.0,20276100.0,49.76755666296816
34.25,0.0,20274500.0,49.76754454260034
34.26,0.0,20272910.0,49.76753243256335
34.27,0.0,20271330.0,49.767520332769095
34.28,0.0,20269750.0,49.76750824320703
34.29,0.0,20268180.0,49.76749616391505
34.3,0.0,20266620.0,49.76748409481856
34.31,0.0,20265060.0,49.767472035831176
34.32,0.0,20263510.0,49.76745998691457
34.33,0.0,20261960.0,49.767447948068934
34.34,0.0,20260430.0,49.76743591931289
34.35,0.0,20258890.0,49.76742390060527
34.36,0.0,20257370.0,49.767411891853115
34.37,0.0,20255850.0,49.76739989299351
34.38,0.0,20254340.0,49.76738790405154
34.39,0.0,20252830.0,49.767375924965506
34.4,0.0,20251340.0,49.767363955689696
34.41,0.0,20249850.0,49.767351996243356
34.42,0.0,20248360.0,49.76734004655393
34.43,0.0,20246890.0,49.76732810654897
34.44,0.0,20245420.0,49.7673161762216
34.45,0.0,20243960.0,49.76730425553724
34.46,0.0,20242500.0,49.7672923444428
34.47,0.0,20241060.0,49.76728044286133
34.48,0.0,20239620.0,49.76726855077634
34.49,0.0,20238180.0,49.76725666812779
34.5,0.0,20236760.0,49.767244794838184
34.51,0.0,20235340.0,49.76723293094646
34.52,0.0,20233930.0,49.76722107643575
34.53,0.0,20232530.0,49.767209231250106
34.54,0.0,20231140.0,49.76719739537079
34.55,0.0,20229750.0,49.767185568730895
34.56,0.0,20228370.0,49.767173751231105
34.57,0.0,20227000.0,49.76716194289057
34.58,0.0,20225640.0,49.76715014373825
34.59,0.0,20224280.0,49.76713835367155
34.6,0.0,20222930.0,49.76712657263593
34.61,0.0,20221590.0,49.767114800677
34.62,0.0,20220260.0,49.76710303777354
34.63,0.0,20218930.0,49.76709128385854
34.64,0.0,20217610.0,49.76707953889872
34.65,0.0,20216300.0,49.7670678028874
34.66,0.0,20215000.0,49.76705607576365
34.67,0.0,20213700.0,49.76704435750685
34.68,0.0,20212420.0,49.76703264811602
34.69,0.0,20211140.0,49.76702094754363
34.7,0.0,20209860.0,49.76700925577624
34.71,0.0,20208600.0,49.76699757282848
34.72,0.0,20207340.0,49.76698589866258
34.73,0.0,20206090.0,49.76697423328357
34.74,0.0,20204850.0,49.766962576718896
34.75,0.0,20203620.0,49.76695092887661
34.76,0.0,20202390.0,49.766939289724846
34.77,0.0,20201170.0,49.766927659268134
34.78,0.0,20199960.0,49.766916037478595
34.79,0.0,20198750.0,49.76690442429917
34.8,0.0,20197560.0,49.766892819734586
34.81,0.0,20196360.0,49.766881223752115
34.82,0.0,20195180.0,49.766869636311625
34.83,0.0,20194010.0,49.76685805742692
34.84,0.0,20192840.0,49.76684648709389
34.85,0.0,20191680.0,49.76683492529141
34.86,0.0,20190520.0,49.76682337199455
34.87,0.0,20189370.0,49.766811827172546
34.88,0.0,20188230.0,49.76680029079995
34.89,0.0,20187100.0,49.76678876285267
34.9,0.0,20185970.0,49.76677724331788
34.91,0.0,20184850.0,49.766765732189086
34.92,0.0,20183740.0,49.766754229399275
34.93,0.0,20182630.0,49.7667427349141
34.94,0.0,20181530.0,49.76673124872258
34.95,0.0,20180440.0,49.7667197708428
34.96,0.0,20179350.0,49.76670830123785
34.97,0.0,20178270.0,49.766696839845174
34.98,0.0,20177200.0,49.76668538664994
34.99,0.0,20176130.0,49.76667394160994
35.0,0.0,20175070.0,49.76666250474236
35.01,0.0,20174020.0,49.766651076033654
35.02,0.0,20172970.0,49.76663965546411
35.03,0.0,20171920.0,49.76662824300174
35.04,0.0,20170890.0,49.766616838622824
35.05,0.0,20169860.0,49.76660544230288
35.06,0.0,20168830.0,49.766594054035004
35.07,0.0,20167810.0,49.766582673818874
35.08,0.0,20166800.0,49.76657130160189
35.09,0.0,20165790.0,49.76655993736579
35.1,0.0,20164790.0,49.76654858104918
35.11,0.0,20163790.0,49.7665372326451
35.12,0.0,20162800.0,49.76652589218254
35.13,0.0,20161810.0,49.76651455958573
35.14,0.0,20160830.0,49.76650323477912
35.15,0.0,20159850.0,49.766491917763254
35.16,0.0,20158880.0,49.7664806085287
35.17,0.0,20157910.0,49.76646930707121
35.18,0.0,20156950.0,49.76645801339089
35.19,0.0,20156000.0,49.766446727504274
35.2,0.0,20155040.0,49.766435449365204
35.21,0.0,20154090.0,49.766424178898
35.22,0.0,20153150.0,49.76641291614982
35.23,0.0,20152210.0,49.766401661118806
35.24,0.0,20151280.0,49.76639041378458
35.25,0.0,20150350.0,49.76637917418237
35.26,0.0,20149420.0,49.76636794232821
35.27,0.0,20148500.0,49.7663567181542
35.28,0.0,20147580.0,49.76634550161608
35.29,0.0,20146670.0,49.76633429275823
35.3,0.0,20145750.0,49.76632309155581
35.31,0.0,20144850.0,49.766311898019374
35.32,0.0,20143940.0,49.76630071218144
35.33,0.0,20143040.0,49.76628953403553
35.34,0.0,20142150.0,49.76627836354546
35.35,0.0,20141250.0,49.76626720066522
35.36,0.0,20140360.0,49.7662560454178
35.37,0.0,20139470.0,49.76624489781136
35.38,0.0,20138590.0,49.766233757856085
35.39,0.0,20137710.0,49.766222625564495
35.4,0.0,20136830.0,49.766211500888595
35.41,0.0,20135950.0,49.76620038381626
35.42,0.0,20135080.0,49.7661892743642
35.43,0.0,20134210.0,49.76617817258543
35.44,0.0,20133340.0,49.766167078486156
35.45,0.0,20132470.0,49.76615599205606
35.46,0.0,20131610.0,49.76614491326642
35.47,0.0,20130740.0,49.76613384209397
35.48,0.0,20129880.0,49.76612277859036
35.49,0.0,20129030.0,49.76611172280333
35.5,0.0,20128170.0,49.766100674708916
35.51,0.0,20127310.0,49.766089634240686
35.52,0.0,20126460.0,49.766078601451845
35.53,0.0,20125610.0,49.76606757641393
35.54,0.0,20124760.0,49.76605655908076
35.55,0.0,20123910.0,49.766045549397354
35.56,0.0,20123060.0,49.76603454737864
35.57,0.0,20122210.0,49.76602355302525
35.58,0.0,20121360.0,49.76601256634033
35.59,0.0,20120520.0,49.766001587329754
35.6,0.0,20119670.0,49.765990616015095
35.61,0.0,20118830.0,49.765979652430914
35.62,0.0,20117990.0,49.76596869655939
35.63,0.0,20117140.0,49.76595774842483
35.64,0.0,20116300.0,49.76594680800906
35.65,0.0,20115460.0,49.76593587528038
35.66,0.0,20114620.0,49.76592495026686
35.67,0.0,20113770.0,49.76591403298052
35.68,0.0,20112930.0,49.765903123427826
35.69,0.0,20112090.0,49.765892221617854
35.7,0.0,20111250.0,49.76588132756853
35.71,0.0,20110410.0,49.76587044131159
35.72,0.0,20109560.0,49.765859562820296
35.73,0.0,20108720.0,49.76584869203527
35.74,0.0,20107870.0,49.76583782894814
35.75,0.0,20107030.0,49.76582697359706
35.76,0.0,20106180.0,49.76581612598735
35.77,0.0,20105340.0,49.76580528611167
35.78,0.0,20104490.0,49.765794454029255
35.79,0.0,20103640.0,49.76578362978187
35.8,0.0,20102790.0,49.765772813334415
35.81,0.0,20101940.0,49.765762004674215
35.82,0.0,20101090.0,49.76575120380619
35.83,0.0,20100240.0,49.76574041076169
35.84,0.0,20099390.0,49.76572962559264
35.85,0.0,20098530.0,49.765718848303585
35.86,0.0,20097670.0,49.76570807886815
35.87,0.0,20096810.0,49.765697317241866
35.88,0.0,20095950.0,49.76568656344819
35.89,0.0,20095090.0,49.765675817563356
35.9,0.0,20094220.0,49.76566507956486
35.91,0.0,20093360.0,49.765654349441455
35.92,0.0,20092490.0,49.76564362725982
35.93,0.0,20091620.0,49.76563291300728
35.94,0.0,20090750.0,49.76562220669731
35.95,0.0,20089870.0,49.765611508356635
35.96,0.0,20088990.0,49.765600817964284
35.97,0.0,20088110.0,49.76559013553728
35.98,0.0,20087230.0,49.76557946105144
35.99,0.0,20086340.0,49.76556879453814
36.0,0.0,20085460.0,49.76555813606478
36.01,0.0,20084560.0,49.76554748559228
36.02,0.0,20083670.0,49.765536843155864
36.03,0.0,20082770.0,49.76552620876474
36.04,0.0,20081880.0,49.76551558243176
36.05,0.0,20080970.0,49.76550496423449
36.06,0.0,20080070.0,49.765494354166115
36.07,0.0,20079160.0,49.765483752234566
36.08,0.0,20078250.0,49.765473158457404
36.09,0.0,20077330.0,49.76546257279415
36.1,0.0,20076410.0,49.76545199523952
36.11,0.0,20075490.0,49.765441425889755
36.12,0.0,20074570.0,49.765430864772156
36.13,0.0,20073640.0,49.76542031187694
36.14,0.0,20072710.0,49.76540976723274
36.15,0.0,20071770.0,49.76539923083203
36.16,0.0,20070830.0,49.76538870271898
36.17,0.0,20069890.0,49.76537818289909
36.18,0.0,20068940.0,49.76536767136393
36.19,0.0,20067990.0,49.76535716816101
36.2,0.0,20067040.0,49.76534667331492
36.21,0.0,20066080.0,49.76533618683558
36.22,0.0,20065120.0,49.765325708724475
36.23,0.0,20064150.0,49.76531523897942
36.24,0.0,20063190.0,49.76530477767445
36.25,0.0,20062210.0,49.7652943248633
36.26,0.0,20061230.0,49.76528388052293
36.27,0.0,20060250.0,49.765273444642666
36.28,0.0,20059270.0,49.7652630172238
36.29,0.0,20058280.0,49.76525259827919
36.3,0.0,20057280.0,49.76524218783297
36.31,0.0,20056280.0,49.765231785920086
36.32,0.0,20055280.0,49.765221392586
36.33,0.0,20054280.0,49.765211007886116
36.34,0.0,20053260.0,49.76520063180897
36.35,0.0,20052250.0,49.76519026429874
36.36,0.0,20051230.0,49.765179905412424
36.37,0.0,20050210.0,49.76516955521388
36.38,0.0,20049180.0,49.7651592137099
36.39,0.0,20048140.0,49.76514888085749
36.4,0.0,20047110.0,49.76513855665815
36.41,0.0,20046070.0,49.76512824113639
36.42,0.0,20045020.0,49.76511793427176
36.43,0.0,20043970.0,49.765107636079414
36.44,0.0,20042920.0,49.76509734660291
36.45,0.0,20041860.0,49.76508706590845
36.46,0.0,20040790.0,49.76507679400401
36.47,0.0,20039730.0,49.76506653085859
36.48,0.0,20038650.0,49.765056276480856
36.49,0.0,20037580.0,49.76504603091026
36.5,0.0,20036500.0,49.76503579413401
36.51,0.0,20035410.0,49.765025566180945
36.52,0.0,20034320.0,49.76501534709936
36.53,0.0,20033230.0,49.765005136888625
36.54,0.0,20032130.0,49.764994935503005
36.55,0.0,20031030.0,49.76498474294347
36.56,0.0,20029920.0,49.764974559233906
36.57,0.0,20028810.0,49.76496438435157
36.58,0.0,20027690.0,49.7649542183064
36.59,0.0,20026570.0,49.76494406113264
36.6,0.0,20025450.0,49.764933912882306
36.61,0.0,20024320.0,49.764923773543565
36.62,0.0,20023180.0,49.76491364313589
36.63,0.0,20022050.0,49.76490352168861
36.64,0.0,20020910.0,49.76489340924974
36.65,0.0,20019760.0,49.76488330586704
36.66,0.0,20018610.0,49.76487321152215
36.67,0.0,20017460.0,49.76486312621273
36.68,0.0,20016300.0,49.76485304994629
36.69,0.0,20015140.0,49.76484298273537
36.7,0.0,20013970.0,49.76483292459363
36.71,0.0,20012800.0,49.76482287553268
36.72,0.0,20011630.0,49.76481283555941
36.73,0.0,20010450.0,49.76480280467381
36.74,0.0,20009270.0,49.76479278286711
36.75,0.0,20008080.0,49.76478277019663
36.76,0.0,20006890.0,49.76477276668486
36.77,0.0,20005700.0,49.764762772336084
36.78,0.0,20004500.0,49.76475278712363
36.79,0.0,20003300.0,49.76474281108171
36.8,0.0,20002100.0,49.76473284426871
36.81,0.0,20000890.0,49.764722886623694
36.82,0.0,19999680.0,49.76471293813462
36.83,0.0,19998470.0,49.76470299881642
36.84,0.0,19997250.0,49.76469306870676
36.85,0.0,19996030.0,49.76468314784979
36.86,0.0,19994810.0,49.764673236296005
36.87,0.0,19993580.0,49.76466333401268
36.88,0.0,19992350.0,49.76465344098585
36.89,0.0,19991120.0,49.764643557267966
36.9,0.0,19989890.0,49.76463368289387
36.91,0.0,19988650.0,49.76462381787239
36.92,0.0,19987410.0,49.76461396219247
36.93,0.0,19986170.0,49.76460411581489
36.94,0.0,19984920.0,49.76459427875512
36.95,0.0,19983670.0,49.76458445105226
36.96,0.0,19982420.0,49.764574632693765
36.97,0.0,19981170.0,49.76456482369047
36.98,0.0,19979920.0,49.76455502398831
36.99,0.0,19978660.0,49.764545233558906
37.0,0.0,19977400.0,49.76453545245112
37.01,0.0,19976140.0,49.764525680620814
37.02,0.0,19974880.0,49.76451591802757
37.03,0.0,19973610.0,49.76450616469106
37.04,0.0,19972350.0,49.764496420601056
37.05,0.0,19971080.0,49.764486685794054
37.06,0.0,19969810.0,49.764476960253454
37.07,0.0,19968540.0,49.7644672439274
37.08,0.0,19967270.0,49.76445753687023
37.09,0.0,19966000.0,49.76444783905957
37.1,0.0,19964730.0,49.76443815049598
37.11,0.0,19963450.0,49.76442847117221
37.12,0.0,19962170.0,49.76441880101105
37.13,0.0,19960900.0,49.76440914001463
37.14,0.0,19959620.0,49.76439948824083
37.15,0.0,19958340.0,49.7643898457081
37.16,0.0,19957060.0,49.7643802123277
37.17,0.0,19955790.0,49.764370588074144
37.18,0.0,19954510.0,49.76436097295237
37.19,0.0,19953230.0,49.76435136692118
37.2,0.0,19951950.0,49.76434176996763
37.21,0.0,19950670.0,49.764332182094876
37.22,0.0,19949390.0,49.764322603312834
37.23,0.0,19948110.0,49.764313033630806
37.24,0.0,19946830.0,49.76430347305185
37.25,0.0,19945550.0,49.76429392156824
37.26,0.0,19944270.0,49.764284379158056
37.27,0.0,19942990.0,49.76427484578249
37.28,0.0,19941710.0,49.76426532138372
37.29,0.0,19940430.0,49.764255805960204
37.3,0.0,19939150.0,49.764246299542336
37.31,0.0,19937870.0,49.76423680210965
37.32,0.0,19936600.0,49.76422731367317
37.33,0.0,19935320.0,49.76421783425657
37.34,0.0,19934040.0,49.764208363817595
37.35,0.0,19932770.0,49.76419890233378
37.36,0.0,19931500.0,49.76418944978613
37.37,0.0,19930220.0,49.7641800061594
37.38,0.0,19928950.0,49.76417057142956
37.39,0.0,19927680.0,49.76416114556679
37.4,0.0,19926410.0,49.76415172860182
37.41,0.0,19925150.0,49.764142320607526
37.42,0.0,19923880.0,49.764132921607676
37.43,0.0,19922620.0,49.76412353151204
37.44,0.0,19921350.0,49.764114150289544
37.45,0.0,19920090.0,49.76410477801394
37.46,0.0,19918830.0,49.76409541468857
37.47,0.0,19917580.0,49.764086060262926
37.48,0.0,19916320.0,49.76407671470959
37.49,0.0,19915070.0,49.7640673780139
37.5,0.0,19913810.0,49.76405805016608
37.51,0.0,19912560.0,49.764048731154965
37.52,0.0,19911320.0,49.76403942096332
37.53,0.0,19910070.0,49.764030119640864
37.54,0.0,19908830.0,49.764020827201364
37.55,0.0,19907590.0,49.76401154356137
37.56,0.0,19906350.0,49.76400226870368
37.57,0.0,19905110.0,49.76399300265132
37.58,0.0,19903880.0,49.76398374538334
37.59,0.0,19902650.0,49.76397449691635
37.6,0.0,19901420.0,49.763965257208
37.61,0.0,19900190.0,49.763956026254604
37.62,0.0,19898970.0,49.76394680405857
37.63,0.0,19897750.0,49.76393759056443
37.64,0.0,19896530.0,49.76392838573076
37.65,0.0,19895320.0,49.76391918952861
37.66,0.0,19894110.0,49.76391000192766
37.67,0.0,19892900.0,49.76390082289831
37.68,0.0,19891690.0,49.763891652477284
37.69,0.0,19890490.0,49.763882490671755
37.7,0.0,19889290.0,49.763873337467565
37.71,0.0,19888100.0,49.76386419282296
37.72,0.0,19886910.0,49.76385505667636
37.73,0.0,19885720.0,49.76384592901669
37.74,0.0,19884530.0,49.763836809790995
37.75,0.0,19883350.0,49.76382769891558
37.76,0.0,19882170.0,49.763818596426
37.77,0.0,19881000.0,49.763809502286364
37.78,0.0,19879830.0,49.76380041642018
37.79,0.0,19878660.0,49.76379133884975
37.8,0.0,19877500.0,49.76378226959994
37.81,0.0,19876340.0,49.763773208616655
37.82,0.0,19875190.0,49.76376415586357
37.83,0.0,19874030.0,49.76375511130126
37.84,0.0,19872890.0,49.76374607489685
37.85,0.0,19871740.0,49.76373704660587
37.86,0.0,19870610.0,49.7637280263838
37.87,0.0,19869470.0,49.763719014246455
37.88,0.0,19868340.0,49.763710010182564
37.89,0.0,19867220.0,49.76370101415594
37.9,0.0,19866090.0,49.763692026107286
37.91,0.0,19864980.0,49.76368304603252
37.92,0.0,19863870.0,49.763674073960665
37.93,0.0,19862760.0,49.76366510987241
37.94,0.0,19861650.0,49.76365615370707
37.95,0.0,19860560.0,49.763647205445025
37.96,0.0,19859460.0,49.76363826508861
37.97,0.0,19858370.0,49.76362933258326
37.98,0.0,19857290.0,49.76362040790334
37.99,0.0,19856210.0,49.76361149103597
38.0,0.0,19855130.0,49.76360258198113
38.01,0.0,19854060.0,49.76359368073899
38.02,0.0,19853000.0,49.763584787312915
38.03,0.0,19851940.0,49.763575901698786
38.04,0.0,19850890.0,49.763567023889735
38.05,0.0,19849840.0,49.76355815386677
38.06,0.0,19848790.0,49.763549291604434
38.07,0.0,19847750.0,49.76354043706247
38.08,0.0,19846720.0,49.76353159019199
38.09,0.0,19845690.0,49.76352275100482
38.1,0.0,19844670.0,49.76351391947998
38.11,0.0,19843650.0,49.763505095573976
38.12,0.0,19842640.0,49.76349627929341
38.13,0.0,19841630.0,49.763487470603756
38.14,0.0,19840630.0,49.763478669441795
38.15,0.0,19839630.0,49.76346987578952
38.16,0.0,19838640.0,49.763461089661405
38.17,0.0,19837660.0,49.76345231109436
38.18,0.0,19836680.0,49.76344354006299
38.19,0.0,19835700.0,49.76343477649668
38.2,0.0,19834730.0,49.76342602035736
38.21,0.0,19833770.0,49.76341727162957
38.22,0.0,19832820.0,49.76340853031282
38.23,0.0,19831870.0,49.763399796415726
38.24,0.0,19830920.0,49.76339106995133
38.25,0.0,19829980.0,49.76338235093366
38.26,0.0,19829050.0,49.763373639297534
38.27,0.0,19828120.0,49.76336493499706
38.28,0.0,19827200.0,49.7633562379858
38.29,0.0,19826290.0,49.76334754822747
38.3,0.0,19825380.0,49.76333886575552
38.31,0.0,19824480.0,49.76333019050783
38.32,0.0,19823580.0,49.76332152242892
38.33,0.0,19822690.0,49.76331286153069
38.34,0.0,19821810.0,49.763304207804794
38.35,0.0,19820930.0,49.76329556122508
38.36,0.0,19820060.0,49.7632869217495
38.37,0.0,19819190.0,49.76327828939882
38.38,0.0,19818330.0,49.763269664157406
38.39,0.0,19817480.0,49.763261045992174
38.4,0.0,19816630.0,49.76325243484176
38.41,0.0,19815790.0,49.76324383063384
38.42,0.0,19814960.0,49.76323523335019
38.43,0.0,19814130.0,49.76322664301978
38.44,0.0,19813310.0,49.76321805962341
38.45,0.0,19812500.0,49.76320948311573
38.46,0.0,19811690.0,49.76320091349391
38.47,0.0,19810890.0,49.763192350716174
38.48,0.0,19810090.0,49.76318379478633
38.49,0.0,19809300.0,49.76317524565887
38.5,0.0,19808520.0,49.76316670326152
38.51,0.0,19807740.0,49.763158167564306
38.52,0.0,19806980.0,49.763149638575776
38.53,0.0,19806210.0,49.763141116327205
38.54,0.0,19805460.0,49.763132600795984
38.55,0.0,19804710.0,49.76312409191653
38.56,0.0,19803970.0,49.76311558966608
38.57,0.0,19803230.0,49.763107094048046
38.58,0.0,19802500.0,49.763098605014854
38.59,0.0,19801780.0,49.763090122555695
38.6,0.0,19801060.0,49.76308164668144
38.61,0.0,19800350.0,49.7630731773486
38.62,0.0,19799650.0,49.76306471454799
38.63,0.0,19798950.0,49.76305625829027
38.64,0.0,19798260.0,49.76304780853053
38.65,0.0,19797580.0,49.763039365257285
38.66,0.0,19796910.0,49.763030928478436
38.67,0.0,19796240.0,49.76302249814603
38.68,0.0,19795570.0,49.76301407416826
38.69,0.0,19794920.0,49.76300565649623
38.7,0.0,19794270.0,49.76299724518548
38.71,0.0,19793620.0,49.76298884021865
38.72,0.0,19792990.0,49.76298044153459
38.73,0.0,19792360.0,49.76297204917984
38.74,0.0,19791740.0,49.76296366313064
38.75,0.0,19791120.0,49.76295528332155
38.76,0.0,19790510.0,49.76294690979662
38.77,0.0,19789910.0,49.762938542608445
38.78,0.0,19789310.0,49.762930181745894
38.79,0.0,19788720.0,49.76292182714845
38.8,0.0,19788140.0,49.7629134787947
38.81,0.0,19787570.0,49.76290513668767
38.82,0.0,19787000.0,49.762896800779274
38.83,0.0,19786430.0,49.762888471059426
38.84,0.0,19785880.0,49.76288014746451
38.85,0.0,19785330.0,49.76287182998022
38.86,0.0,19784780.0,49.762863518612164
38.87,0.0,19784250.0,49.7628552133245
38.88,0.0,19783720.0,49.76284691411442
38.89,0.0,19783200.0,49.762838621012406
38.9,0.0,19782680.0,49.762830333992184
38.91,0.0,19782170.0,49.76282205299719
38.92,0.0,19781660.0,49.76281377801266
38.93,0.0,19781170.0,49.76280550906413
38.94,0.0,19780680.0,49.76279724612611
38.95,0.0,19780190.0,49.762788989147424
38.96,0.0,19779710.0,49.76278073812249
38.97,0.0,19779240.0,49.76277249308925
38.98,0.0,19778780.0,49.762764254037215
38.99,0.0,19778320.0,49.76275602093242
39.0,0.0,19777870.0,49.76274779378844
39.01,0.0,19777420.0,49.76273957258645
39.02,0.0,19776980.0,49.762731357283954
39.03,0.0,19776550.0,49.762723147898804
39.04,0.0,19776120.0,49.76271494441378
39.05,0.0,19775700.0,49.762706746798905
39.06,0.0,19775290.0,49.762698555080355
39.07,0.0,19774880.0,49.76269036925897
39.08,0.0,19774480.0,49.762682189317715
39.09,0.0,19774080.0,49.76267401522735
39.1,0.0,19773690.0,49.762665846950924
39.11,0.0,19773310.0,49.76265768444749
39.12,0.0,19772930.0,49.762649527674874
39.13,0.0,19772560.0,49.76264137666964
39.14,0.0,19772190.0,49.76263323144811
39.15,0.0,19771830.0,49.76262509194862
39.16,0.0,19771480.0,49.762616958121825
39.17,0.0,19771130.0,49.7626088300076
39.18,0.0,19770790.0,49.762600707634085
39.19,0.0,19770460.0,49.7625925909583
39.2,0.0,19770130.0,49.762584479954896
39.21,0.0,19769800.0,49.762576374614845
39.22,0.0,19769480.0,49.762568274944236
39.23,0.0,19769170.0,49.76256018088607
39.24,0.0,19768860.0,49.76255209242052
39.25,0.0,19768560.0,49.76254400954637
39.26,0.0,19768270.0,49.762535932215066
39.27,0.0,19767980.0,49.7625278604147
39.28,0.0,19767690.0,49.76251979416465
39.29,0.0,19767410.0,49.76251173351133
39.3,0.0,19767140.0,49.762503678447715
39.31,0.0,19766870.0,49.762495628933955
39.32,0.0,19766610.0,49.76248758497815
39.33,0.0,19766350.0,49.762479546628406
39.34,0.0,19766100.0,49.76247151388923
39.35,0.0,19765860.0,49.76246348674015
39.36,0.0,19765610.0,49.762455465137165
39.37,0.0,19765380.0,49.762447449026865
39.38,0.0,19765150.0,49.76243943842193
39.39,0.0,19764920.0,49.76243143338933
39.4,0.0,19764700.0,49.76242343396366
39.41,0.0,19764490.0,49.76241544008585
39.42,0.0,19764280.0,49.76240745170347
39.43,0.0,19764070.0,49.76239946884274
39.44,0.0,19763870.0,49.7623914915164
39.45,0.0,19763680.0,49.76238351973566
39.46,0.0,19763490.0,49.76237555350661
39.47,0.0,19763310.0,49.76236759284017
39.48,0.0,19763130.0,49.76235963774708
39.49,0.0,19762950.0,49.76235168816922
39.5,0.0,19762780.0,49.7623437440745
39.51,0.0,19762610.0,49.76233580544708
39.52,0.0,19762450.0,49.76232787229261
39.53,0.0,19762300.0,49.76231994462954
39.54,0.0,19762150.0,49.76231202249521
39.55,0.0,19762000.0,49.76230410593763
39.56,0.0,19761860.0,49.762296194944476
39.57,0.0,19761720.0,49.762288289458546
39.58,0.0,19761590.0,49.762280389467215
39.59,0.0,19761460.0,49.762272494988416
39.6,0.0,19761340.0,49.762264605995476
39.61,0.0,19761220.0,49.76225672250654
39.62,0.0,19761110.0,49.76224884457079
39.63,0.0,19761000.0,49.76224097219309
39.64,0.0,19760890.0,49.76223310534614
39.65,0.0,19760790.0,49.76222524397993
39.66,0.0,19760690.0,49.76221738802925
39.67,0.0,19760600.0,49.762209537497036
39.68,0.0,19760510.0,49.762201692435944
39.69,0.0,19760430.0,49.76219385286936
39.7,0.0,19760340.0,49.76218601872343
39.71,0.0,19760270.0,49.76217818993529
39.72,0.0,19760200.0,49.762170366518276
39.73,0.0,19760130.0,49.76216254847764
39.74,0.0,19760060.0,49.762154735815884
39.75,0.0,19760000.0,49.762146928536936
39.76,0.0,19759950.0,49.76213912664959
39.77,0.0,19759900.0,49.76213133017014
39.78,0.0,19759850.0,49.762123539047245
39.79,0.0,19759800.0,49.762115753264574
39.8,0.0,19759760.0,49.7621079728243
39.81,0.0,19759720.0,49.76210019768282
39.82,0.0,19759690.0,49.762092427836095
39.83,0.0,19759660.0,49.762084663315534
39.84,0.0,19759630.0,49.762076904107374
39.85,0.0,19759610.0,49.7620691501738
39.86,0.0,19759590.0,49.76206140153391
39.87,0.0,19759570.0,49.76205365817875
39.88,0.0,19759550.0,49.7620459200889
39.89,0.0,19759540.0,49.762038187312804
39.9,0.0,19759540.0,49.76203045987968
39.91,0.0,19759530.0,49.762022737737944
39.92,0.0,19759530.0,49.76201502085556
39.93,0.0,19759530.0,49.76200730929206
39.94,0.0,19759530.0,49.7619996030291
39.95,0.0,19759540.0,49.76199190208336
39.96,0.0,19759550.0,49.761984206485
39.97,0.0,19759560.0,49.761976516222354
39.98,0.0,19759570.0,49.761968831321184
39.99,0.0,19759590.0,49.76196115177112
40.0,0.0,19759610.0,49.76195347753945
40.01,0.0,19759630.0,49.76194580865915
40.02,0.0,19759650.0,49.76193814513648
40.03,0.0,19759680.0,49.76193048697576
40.04,0.0,19759700.0,49.76192283417278
40.05,0.0,19759730.0,49.76191518673565
40.06,0.0,19759760.0,49.761907544675225
40.07,0.0,19759800.0,49.76189990802347
40.08,0.0,19759830.0,49.761892276822145
40.09,0.0,19759870.0,49.761884651062196
40.1,0.0,19759910.0,49.761877030772
40.11,0.0,19759940.0,49.761869415937774
40.12,0.0,19759980.0,49.761861806525474
40.13,0.0,19760030.0,49.76185420256232
40.14,0.0,19760070.0,49.761846604052096
40.15,0.0,19760110.0,49.7618390109931
40.16,0.0,19760160.0,49.761831423456506
40.17,0.0,19760200.0,49.76182384142177
40.18,0.0,19760250.0,49.76181626489337
40.19,0.0,19760300.0,49.76180869388202
40.2,0.0,19760340.0,49.76180112835156
40.21,0.0,19760390.0,49.76179356837731
40.22,0.0,19760440.0,49.76178601397309
40.23,0.0,19760490.0,49.76177846512378
40.24,0.0,19760540.0,49.76177092186245
40.25,0.0,19760590.0,49.761763384194836
40.26,0.0,19760640.0,49.761755852111555
40.27,0.0,19760690.0,49.761748325597615
40.28,0.0,19760740.0,49.761740804717114
40.29,0.0,19760790.0,49.76173328951824
40.3,0.0,19760840.0,49.7617257799784
40.31,0.0,19760890.0,49.76171827609674
40.32,0.0,19760940.0,49.76171077781789
40.33,0.0,19760990.0,49.761703285133905
40.34,0.0,19761040.0,49.76169579806698
40.35,0.0,19761090.0,49.76168831660458
40.36,0.0,19761140.0,49.76168084078403
40.37,0.0,19761180.0,49.76167337061036
40.38,0.0,19761230.0,49.76166590607588
40.39,0.0,19761270.0,49.761658447239924
40.4,0.0,19761320.0,49.761650994142734
40.41,0.0,19761360.0,49.76164354674469
40.42,0.0,19761400.0,49.76163610502704
40.43,0.0,19761440.0,49.76162866898662
40.44,0.0,19761480.0,49.76162123864486
40.45,0.0,19761520.0,49.76161381404171
40.46,0.0,19761560.0,49.76160639516658
40.47,0.0,19761590.0,49.761598981975006
40.48,0.0,19761620.0,49.76159157447931
40.49,0.0,19761650.0,49.761584172657905
40.5,0.0,19761680.0,49.761576776481384
40.51,0.0,19761710.0,49.76156938598441
40.52,0.0,19761740.0,49.761562001186405
40.53,0.0,19761760.0,49.7615546221005
40.54,0.0,19761780.0,49.76154724874042
40.55,0.0,19761800.0,49.76153988112581
40.56,0.0,19761820.0,49.76153251928627
40.57,0.0,19761840.0,49.76152516326439
40.58,0.0,19761850.0,49.76151781304063
40.59,0.0,19761860.0,49.76151046863593
40.6,0.0,19761870.0,49.76150313009472
40.61,0.0,19761880.0,49.76149579742022
40.62,0.0,19761880.0,49.761488470581746
40.63,0.0,19761880.0,49.76148114961069
40.64,0.0,19761880.0,49.7614738345786
40.65,0.0,19761870.0,49.76146652545103
40.66,0.0,19761860.0,49.76145922219256
40.67,0.0,19761850.0,49.76145192484235
40.68,0.0,19761840.0,49.76144463342459
40.69,0.0,19761820.0,49.761437347962584
40.7,0.0,19761800.0,49.761430068476606
40.71,0.0,19761780.0,49.76142279499503
40.72,0.0,19761760.0,49.76141552755002
40.73,0.0,19761730.0,49.761408266187004
40.74,0.0,19761690.0,49.761401010881606
40.75,0.0,19761660.0,49.761393761648826
40.76,0.0,19761620.0,49.76138651851853
40.77,0.0,19761580.0,49.76137928147767
40.78,0.0,19761530.0,49.76137205054748
40.79,0.0,19761480.0,49.7613648257857
40.8,0.0,19761430.0,49.761357607197965
40.81,0.0,19761370.0,49.76135039476516
40.82,0.0,19761310.0,49.761343188516285
40.83,0.0,19761250.0,49.76133598844985
40.84,0.0,19761180.0,49.761328794620795
40.85,0.0,19761110.0,49.761321607046966
40.86,0.0,19761040.0,49.76131442573272
40.87,0.0,19760960.0,49.76130725073891
40.88,0.0,19760880.0,49.761300082101826
40.89,0.0,19760790.0,49.761292919840855
40.9,0.0,19760700.0,49.76128576396427
40.91,0.0,19760610.0,49.76127861447356
40.92,0.0,19760510.0,49.761271471366854
40.93,0.0,19760410.0,49.76126433464138
40.94,0.0,19760300.0,49.76125720429545
40.95,0.0,19760190.0,49.76125008032983
40.96,0.0,19760080.0,49.761242962748895
40.97,0.0,19759960.0,49.76123585156128
40.98,0.0,19759840.0,49.76122874678048
40.99,0.0,19759710.0,49.76122164842508
41.0,0.0,19759580.0,49.76121455651906
41.01,0.0,19759450.0,49.76120747109159
41.02,0.0,19759310.0,49.76120039217714
41.03,0.0,19759170.0,49.76119331973773
41.04,0.0,19759020.0,49.7611862537635
41.05,0.0,19758870.0,49.76117919425437
41.06,0.0,19758710.0,49.76117214123153
41.07,0.0,19758550.0,49.76116509472047
41.08,0.0,19758390.0,49.76115805468609
41.09,0.0,19758220.0,49.761151021194735
41.1,0.0,19758050.0,49.76114399430844
41.11,0.0,19757880.0,49.76113697402158
41.12,0.0,19757690.0,49.76112996026919
41.13,0.0,19757510.0,49.76112295302377
41.14,0.0,19757320.0,49.76111595235144
41.15,0.0,19757130.0,49.7611089582428
41.16,0.0,19756930.0,49.76110197071324
41.17,0.0,19756730.0,49.76109498978408
41.18,0.0,19756520.0,49.76108801541621
41.19,0.0,19756320.0,49.76108104767123
41.2,0.0,19756100.0,49.761074086604644
41.21,0.0,19755880.0,49.761067132201944
41.22,0.0,19755660.0,49.7610601844639
41.23,0.0,19755440.0,49.76105324340205
41.24,0.0,19755210.0,49.761046309035144
41.25,0.0,19754970.0,49.76103938138628
41.26,0.0,19754730.0,49.76103246040307
41.27,0.0,19754490.0,49.76102554605662
41.28,0.0,19754240.0,49.76101863839923
41.29,0.0,19753990.0,49.76101173747413
41.3,0.0,19753740.0,49.761004843315725
41.31,0.0,19753480.0,49.76099795594971
41.32,0.0,19753220.0,49.760991075315495
41.33,0.0,19752950.0,49.760984201366824
41.34,0.0,19752680.0,49.76097733413098
41.35,0.0,19752410.0,49.76097047369702
41.36,0.0,19752130.0,49.760963620115994
41.37,0.0,19751850.0,49.76095677334239
41.38,0.0,19751570.0,49.76094993340105
41.39,0.0,19751280.0,49.76094310028503
41.4,0.0,19750980.0,49.760936273972774
41.41,0.0,19750690.0,49.76092945449292
41.42,0.0,19750390.0,49.760922641839336
41.43,0.0,19750090.0,49.76091583605326
41.44,0.0,19749780.0,49.76090903712572
41.45,0.0,19749470.0,49.76090224501833
41.46,0.0,19749160.0,49.76089545980828
41.47,0.0,19748840.0,49.760888681504746
41.48,0.0,19748520.0,49.76088191007316
41.49,0.0,19748190.0,49.760875145505715
41.5,0.0,19747870.0,49.76086838781816
41.51,0.0,19747540.0,49.76086163703444
41.52,0.0,19747210.0,49.760854893187556
41.53,0.0,19746870.0,49.76084815630709
41.54,0.0,19746530.0,49.76084142634486
41.55,0.0,19746190.0,49.7608347032652
41.56,0.0,19745840.0,49.760827987108904
41.57,0.0,19745500.0,49.76082127789472
41.58,0.0,19745150.0,49.76081457562627
41.59,0.0,19744790.0,49.76080788028436
41.6,0.0,19744440.0,49.76080119183383
41.61,0.0,19744080.0,49.76079451029335
41.62,0.0,19743720.0,49.76078783571892
41.63,0.0,19743350.0,49.76078116811347
41.64,0.0,19742990.0,49.76077450743992
41.65,0.0,19742620.0,49.76076785369597
41.66,0.0,19742250.0,49.760761206901336
41.67,0.0,19741880.0,49.76075456701028
41.68,0.0,19741500.0,49.76074793400471
41.69,0.0,19741130.0,49.760741307947356
41.7,0.0,19740750.0,49.760734688810274
41.71,0.0,19740370.0,49.760728076573315
41.72,0.0,19739980.0,49.76072147128142
41.73,0.0,19739600.0,49.760714872953855
41.74,0.0,19739210.0,49.76070828158425
41.75,0.0,19738830.0,49.760701697140405
41.76,0.0,19738440.0,49.7606951195643
41.77,0.0,19738050.0,49.760688548849345
41.78,0.0,19737650.0,49.7606819850169
41.79,0.0,19737260.0,49.76067542803337
41.8,0.0,19736870.0,49.76066887789386
41.81,0.0,19736470.0,49.76066233460352
41.82,0.0,19736070.0,49.760655798175875
41.83,0.0,19735680.0,49.76064926861854
41.84,0.0,19735280.0,49.76064274585729
41.85,0.0,19734880.0,49.760636229902886
41.86,0.0,19734480.0,49.76062972081326
41.87,0.0,19734080.0,49.76062321853492
41.88,0.0,19733670.0,49.76061672299848
41.89,0.0,19733270.0,49.760610234186714
41.9,0.0,19732870.0,49.76060375211672
41.91,0.0,19732470.0,49.76059727682602
41.92,0.0,19732070.0,49.76059080836153
41.93,0.0,19731660.0,49.76058434669337
41.94,0.0,19731260.0,49.76057789180883
41.95,0.0,19730860.0,49.760571443688804
41.96,0.0,19730450.0,49.760565002315126
41.97,0.0,19730050.0,49.76055856772805
41.98,0.0,19729650.0,49.76055213993532
41.99,0.0,19729250.0,49.760545718912184
42.0,0.0,19728850.0,49.76053930460127
42.01,0.0,19728450.0,49.76053289698995
42.02,0.0,19728050.0,49.76052649608684
42.03,0.0,19727650.0,49.76052010191629
42.04,0.0,19727250.0,49.76051371450115
42.05,0.0,19726850.0,49.76050733378452
42.06,0.0,19726460.0,49.76050095971722
42.07,0.0,19726060.0,49.76049459231954
42.08,0.0,19725670.0,49.7604882315809
42.09,0.0,19725280.0,49.76048187746548
42.1,0.0,19724890.0,49.760475529981115
42.11,0.0,19724500.0,49.76046918916197
42.12,0.0,19724110.0,49.760462854977455
42.13,0.0,19723730.0,49.76045652742259
42.14,0.0,19723340.0,49.76045020649138
42.15,0.0,19722960.0,49.760443892104504
42.16,0.0,19722580.0,49.76043758426598
42.17,0.0,19722210.0,49.76043128303039
42.18,0.0,19721830.0,49.76042498833513
42.19,0.0,19721460.0,49.760418700179635
42.2,0.0,19721090.0,49.7604124185841
42.21,0.0,19720720.0,49.76040614351877
42.22,0.0,19720360.0,49.76039987497123
42.23,0.0,19720000.0,49.760393612863325
42.24,0.0,19719640.0,49.76038735713498
42.25,0.0,19719290.0,49.76038110780326
42.26,0.0,19718930.0,49.76037486485988
42.27,0.0,19718590.0,49.760368628275344
42.28,0.0,19718240.0,49.76036239806682
42.29,0.0,19717900.0,49.760356174202414
42.3,0.0,19717560.0,49.76034995661058
42.31,0.0,19717230.0,49.76034374525223
42.32,0.0,19716900.0,49.760337540105915
42.33,0.0,19716570.0,49.76033134115661
42.34,0.0,19716250.0,49.76032514838693
42.35,0.0,19715930.0,49.76031896177048
42.36,0.0,19715620.0,49.760312781344254
42.37,0.0,19715310.0,49.76030660710375
42.38,0.0,19715000.0,49.76030043894041
42.39,0.0,19714700.0,49.76029427680639
42.4,0.0,19714410.0,49.76028812068807
42.41,0.0,19714120.0,49.76028197059866
42.42,0.0,19713830.0,49.76027582648205
42.43,0.0,19713550.0,49.76026968823473
42.44,0.0,19713270.0,49.76026355585253
42.45,0.0,19713000.0,49.760257429325414
42.46,0.0,19712730.0,49.76025130863977
42.47,0.0,19712470.0,49.760245193767226
42.48,0.0,19712220.0,49.760239084669024
42.49,0.0,19711960.0,49.76023298128669
42.5,0.0,19711720.0,49.76022688362529
42.51,0.0,19711480.0,49.760220791644194
42.52,0.0,19711240.0,49.760214705281705
42.53,0.0,19711010.0,49.760208624513346
42.54,0.0,19710790.0,49.76020254935217
42.55,0.0,19710570.0,49.76019647982337
42.56,0.0,19710360.0,49.760190415892815
42.57,0.0,19710150.0,49.76018435746939
42.58,0.0,19709950.0,49.760178304497664
42.59,0.0,19709760.0,49.76017225701085
42.6,0.0,19709570.0,49.760166214959085
42.61,0.0,19709390.0,49.76016017830824
42.62,0.0,19709210.0,49.76015414709783
42.63,0.0,19709040.0,49.76014812127278
42.64,0.0,19708880.0,49.76014210078526
42.65,0.0,19708720.0,49.76013608565465
42.66,0.0,19708570.0,49.76013007587883
42.67,0.0,19708420.0,49.7601240714362
42.68,0.0,19708280.0,49.76011807228726
42.69,0.0,19708150.0,49.760112078375954
42.7,0.0,19708020.0,49.760106089708586
42.71,0.0,19707900.0,49.76010010633136
42.72,0.0,19707780.0,49.760094128170785
42.73,0.0,19707680.0,49.76008815514201
42.74,0.0,19707580.0,49.7600821872915
42.75,0.0,19707480.0,49.760076224611396
42.76,0.0,19707390.0,49.7600702670627
42.77,0.0,19707310.0,49.76006431464518
42.78,0.0,19707230.0,49.760058367316226
42.79,0.0,19707170.0,49.7600524250765
42.8,0.0,19707100.0,49.76004648787502
42.81,0.0,19707050.0,49.760040555709935
42.82,0.0,19707000.0,49.760034628597374
42.83,0.0,19706960.0,49.76002870650834
42.84,0.0,19706920.0,49.76002278936488
42.85,0.0,19706890.0,49.76001687714058
42.86,0.0,19706870.0,49.7600109698293
42.87,0.0,19706850.0,49.760005067382124
42.88,0.0,19706840.0,49.759999169781075
42.89,0.0,19706840.0,49.759993277038674
42.9,0.0,19706840.0,49.75998738910704
42.91,0.0,19706850.0,49.75998150590408
42.92,0.0,19706870.0,49.75997562746352
42.93,0.0,19706890.0,49.7599697537544
42.94,0.0,19706920.0,49.759963884708725
42.95,0.0,19706960.0,49.75995802037239
42.96,0.0,19707000.0,49.759952160725504
42.97,0.0,19707050.0,49.75994630571058
42.98,0.0,19707110.0,49.75994045530617
42.99,0.0,19707170.0,49.75993460944869
43.0,0.0,19707240.0,49.75992876812044
43.01,0.0,19707310.0,49.759922931334174
43.02,0.0,19707400.0,49.75991709905667
43.03,0.0,19707480.0,49.759911271220254
43.04,0.0,19707580.0,49.75990544780944
43.05,0.0,19707680.0,49.759899628844664
43.06,0.0,19707790.0,49.75988799942714
43.07,0.0,19707900.0,49.759882181157515
43.08,0.0,19708020.0,49.75987636066107
43.09,0.0,19708150.0,49.75987053882373
43.1,0.0,19708280.0,49.759864716417695
43.11,0.0,19708420.0,49.759858894132066
43.12,0.0,19708570.0,49.759853072530106
43.13,0.0,19708720.0,49.75984725208527
43.14,0.0,19708880.0,49.759841433207825
43.15,0.0,19709040.0,49.75983561626421
43.16,0.0,19709210.0,49.759829801591124
43.17,0.0,19709390.0,49.75982398950528
43.18,0.0,19709570.0,49.7598181803103
43.19,0.0,19709760.0,49.75981237437866
43.2,0.0,19709960.0,49.75980657205339
43.21,0.0,19710160.0,49.759800773589916
43.22,0.0,19710360.0,49.75979497924575
43.23,0.0,19710570.0,49.75978918927883
43.24,0.0,19710790.0,49.75978340394587
43.25,0.0,19711020.0,49.75977762350069
43.26,0.0,19711240.0,49.75977184811501
43.27,0.0,19711480.0,49.7597660779006
43.28,0.0,19711720.0,49.75976031306861
43.29,0.0,19711960.0,49.759754553743825
43.3,0.0,19712220.0,49.759748800000814
43.31,0.0,19712470.0,49.75974305193111
43.32,0.0,19712730.0,49.759737309573275
43.33,0.0,19713000.0,49.75973157299424
43.34,0.0,19713280.0,49.759725842282485
43.35,0.0,19713550.0,49.759720117387616
43.36,0.0,19713840.0,49.75971439824163
43.37,0.0,19714120.0,49.75970868482148
43.38,0.0,19714420.0,49.759702977075904
43.39,0.0,19714720.0,49.75969727492694
43.4,0.0,19715020.0,49.759691578207054
43.41,0.0,19715330.0,49.75968588675909
43.42,0.0,19715640.0,49.75968020043099
43.43,0.0,19715960.0,49.75967451908508
43.44,0.0,19716280.0,49.75966884259283
43.45,0.0,19716600.0,49.75966317076653
43.46,0.0,19716940.0,49.75965750345493
43.47,0.0,19717270.0,49.75965184053426
43.48,0.0,19717610.0,49.75964618183667
43.49,0.0,19717960.0,49.75964052716594
43.5,0.0,19718300.0,49.75963487630961
43.51,0.0,19718660.0,49.75962922912656
43.52,0.0,19719010.0,49.75962358545386
43.53,0.0,19719380.0,49.75961794513133
43.54,0.0,19719740.0,49.75961230799505
43.55,0.0,19720110.0,49.75960667389819
43.56,0.0,19720480.0,49.75960104270191
43.57,0.0,19720860.0,49.75959541429417
43.58,0.0,19721240.0,49.759589788578815
43.59,0.0,19721620.0,49.75958416541563
43.6,0.0,19722010.0,49.75957854463182
43.61,0.0,19722400.0,49.759572926121756
43.62,0.0,19722800.0,49.759567309828164
43.63,0.0,19723190.0,49.75956169567606
43.64,0.0,19723590.0,49.7595560835795
43.65,0.0,19724000.0,49.759550473459804
43.66,0.0,19724410.0,49.75954486532459
43.67,0.0,19724820.0,49.759539259181004
43.68,0.0,19725230.0,49.75953365505185
43.69,0.0,19725650.0,49.759528052975234
43.7,0.0,19726060.0,49.759522452939486
43.71,0.0,19726490.0,49.75951685498069
43.72,0.0,19726910.0,49.7595112591747
43.73,0.0,19727340.0,49.759505665566
43.74,0.0,19727770.0,49.75950007426056
43.75,0.0,19728200.0,49.75949448541378
43.76,0.0,19728630.0,49.75948889907874
43.77,0.0,19729070.0,49.75948331531972
43.78,0.0,19729510.0,49.759477734358605
43.79,0.0,19729950.0,49.75947215639164
43.8,0.0,19730390.0,49.75946658153644
43.81,0.0,19730830.0,49.75946100992562
43.82,0.0,19731280.0,49.75945544170854
43.83,0.0,19731730.0,49.7594498770523
43.84,0.0,19732170.0,49.7594443160648
43.85,0.0,19732630.0,49.759438758895826
43.86,0.0,19733080.0,49.75943320571894
43.87,0.0,19733530.0,49.75942765666557
43.88,0.0,19733990.0,49.759422111831476
43.89,0.0,19734440.0,49.75941657129466
43.9,0.0,19734900.0,49.759411035194
43.91,0.0,19735360.0,49.75940550364215
43.92,0.0,19735820.0,49.75939997674154
43.93,0.0,19736280.0,49.75939445458405
43.94,0.0,19736740.0,49.75938893718615
43.95,0.0,19737200.0,49.75938342458694
43.96,0.0,19737660.0,49.75937791691848
43.97,0.0,19738130.0,49.75937241423464
43.98,0.0,19738590.0,49.75936691654563
43.99,0.0,19739050.0,49.75936142389655
44.0,0.0,19739520.0,49.759355936293126
44.01,0.0,19739980.0,49.759350453715015
44.02,0.0,19740450.0,49.75934497612606
44.03,0.0,19740910.0,49.75933950355999
44.04,0.0,19741380.0,49.759334036026004
44.05,0.0,19741840.0,49.75932857345434
44.06,0.0,19742300.0,49.75932311578951
44.07,0.0,19742770.0,49.75931766299194
44.08,0.0,19743230.0,49.75931221503945
44.09,0.0,19743700.0,49.759306771928586
44.1,0.0,19744160.0,49.75930133359804
44.11,0.0,19744620.0,49.759295899952846
44.12,0.0,19745080.0,49.759290470948045
44.13,0.0,19745540.0,49.7592850465055
44.14,0.0,19746000.0,49.7592796265331
44.15,0.0,19746460.0,49.75927421100451
44.16,0.0,19746920.0,49.759268799873055
44.17,0.0,19747380.0,49.759263393011125
44.18,0.0,19747830.0,49.759257990311575
44.19,0.0,19748290.0,49.759252591760436
44.2,0.0,19748740.0,49.75924719726818
44.21,0.0,19749190.0,49.75924180670592
44.22,0.0,19749640.0,49.75923642006289
44.23,0.0,19750090.0,49.75923103727259
44.24,0.0,19750540.0,49.75922565824519
44.25,0.0,19750990.0,49.75922028294427
44.26,0.0,19751430.0,49.759214911311425
44.27,0.0,19751870.0,49.75920954327836
44.28,0.0,19752310.0,49.75920417877634
44.29,0.0,19752750.0,49.75919881774351
44.3,0.0,19753190.0,49.75919346013063
44.31,0.0,19753620.0,49.75918810598289
44.32,0.0,19754050.0,49.75918275534237
44.33,0.0,19754480.0,49.75917740819108
44.34,0.0,19754910.0,49.75917206454152
44.35,0.0,19755340.0,49.75916672435899
44.36,0.0,19755760.0,49.75916138766181
44.37,0.0,19756180.0,49.759156054502704
44.38,0.0,19756600.0,49.75915072490249
44.39,0.0,19757010.0,49.75914539885599
44.4,0.0,19757430.0,49.75914007642695
44.41,0.0,19757840.0,49.75913475772495
44.42,0.0,19758240.0,49.75912944275835
44.43,0.0,19758650.0,49.75912413153845
44.44,0.0,19759050.0,49.75911882415425
44.45,0.0,19759450.0,49.75911352068227
44.46,0.0,19759840.0,49.7591082211999
44.47,0.0,19760230.0,49.75910292578278
44.48,0.0,19760620.0,49.75909763451536
44.49,0.0,19761010.0,49.759092347486245
44.5,0.0,19761390.0,49.759087064719765
44.51,0.0,19761770.0,49.75908178627082
44.52,0.0,19762150.0,49.759076512215024
44.53,0.0,19762520.0,49.759071242653675
44.54,0.0,19762890.0,49.759065977704815
44.55,0.0,19763260.0,49.759060717431396
44.56,0.0,19763620.0,49.759055461856
44.57,0.0,19763980.0,49.75905021097209
44.58,0.0,19764330.0,49.75904496483007
44.59,0.0,19764690.0,49.75903972352068
44.6,0.0,19765030.0,49.75903448709724
44.61,0.0,19765380.0,49.759029255585865
44.62,0.0,19765720.0,49.75902402899312
44.63,0.0,19766060.0,49.759018807389225
44.64,0.0,19766390.0,49.75901359081173
44.65,0.0,19766720.0,49.759008379286826
44.66,0.0,19767040.0,49.75900317289747
44.67,0.0,19767370.0,49.75899797170095
44.68,0.0,19767680.0,49.75899277565788
44.69,0.0,19768000.0,49.75898758473787
44.7,0.0,19768310.0,49.758982398982546
44.71,0.0,19768610.0,49.75897721841942
44.72,0.0,19768910.0,49.75897204306549
44.73,0.0,19769210.0,49.75896687285259
44.74,0.0,19769500.0,49.75896170773028
44.75,0.0,19769790.0,49.75895654772679
44.76,0.0,19770080.0,49.75895139286144
44.77,0.0,19770360.0,49.75894624306962
44.78,0.0,19770640.0,49.758941098305556
44.79,0.0,19770910.0,49.75893595860305
44.8,0.0,19771180.0,49.75893082391028
44.81,0.0,19771450.0,49.75892569419298
44.82,0.0,19771710.0,49.75892056941808
44.83,0.0,19771960.0,49.758915449566906
44.84,0.0,19772220.0,49.75891033461958
44.85,0.0,19772460.0,49.75890522449133
44.86,0.0,19772710.0,49.758900119118024
44.87,0.0,19772950.0,49.75889501845203
44.88,0.0,19773190.0,49.758889922536426
44.89,0.0,19773420.0,49.75888483140174
44.9,0.0,19773650.0,49.758879745004506
44.91,0.0,19773870.0,49.75887466323714
44.92,0.0,19774090.0,49.7588695860258
44.93,0.0,19774300.0,49.758864513387394
44.94,0.0,19774520.0,49.758859445338985
44.95,0.0,19774720.0,49.758854381897656
44.96,0.0,19774930.0,49.75884932308052
44.97,0.0,19775130.0,49.75884426882698
44.98,0.0,19775320.0,49.75883921909929
44.99,0.0,19775510.0,49.758834173941686
45.0,0.0,19775700.0,49.758829133313775
45.01,0.0,19775880.0,49.758824097192665
45.02,0.0,19776060.0,49.758819065633205
45.03,0.0,19776240.0,49.75881403860238
45.04,0.0,19776410.0,49.758809016082054
45.05,0.0,19776580.0,49.75880399812993
45.06,0.0,19776740.0,49.75879898479172
45.07,0.0,19776900.0,49.75879397602618
45.08,0.0,19777060.0,49.7587889718077
45.09,0.0,19777210.0,49.75878397218693
45.1,0.0,19777360.0,49.758778977203065
45.11,0.0,19777500.0,49.758773986886155
45.12,0.0,19777640.0,49.758769001258784
45.13,0.0,19777780.0,49.75876402033743
45.14,0.0,19777910.0,49.75875904413342
45.15,0.0,19778040.0,49.75875407265364
45.16,0.0,19778160.0,49.758749105901146
45.17,0.0,19778280.0,49.758744143952796
45.18,0.0,19778400.0,49.75873918685888
45.19,0.0,19778510.0,49.75873423466123
45.2,0.0,19778620.0,49.75872928738143
45.21,0.0,19778730.0,49.75872434503731
45.22,0.0,19778830.0,49.758719407707346
45.23,0.0,19778920.0,49.7587144753681
45.24,0.0,19779020.0,49.758709547999366
45.25,0.0,19779110.0,49.7587046256467
45.26,0.0,19779200.0,49.75869970841246
45.27,0.0,19779280.0,49.75869479635844
45.28,0.0,19779360.0,49.75868988944915
45.29,0.0,19779430.0,49.758684987719995
45.3,0.0,19779500.0,49.75868009117658
45.31,0.0,19779570.0,49.75867519981289
45.32,0.0,19779630.0,49.75867031367705
45.33,0.0,19779690.0,49.75866543278729
45.34,0.0,19779750.0,49.75866055713728
45.35,0.0,19779800.0,49.75865568670032
45.36,0.0,19779850.0,49.75865082150997
45.37,0.0,19779900.0,49.75864596163923
45.38,0.0,19779940.0,49.75864110704266
45.39,0.0,19779980.0,49.75863625766497
45.4,0.0,19780010.0,49.75863141350645
45.41,0.0,19780040.0,49.75862657461627
45.42,0.0,19780070.0,49.75862174099702
45.43,0.0,19780090.0,49.7586169126268
45.44,0.0,19780110.0,49.75861208952797
45.45,0.0,19780130.0,49.75860727168551
45.46,0.0,19780140.0,49.75860245905409
45.47,0.0,19780150.0,49.75859765156361
45.48,0.0,19780150.0,49.75859284920085
45.49,0.0,19780160.0,49.758588051989534
45.5,0.0,19780150.0,49.75858325991025
45.51,0.0,19780150.0,49.75857847290888
45.52,0.0,19780140.0,49.75857369098037
45.53,0.0,19780130.0,49.75856891415033
45.54,0.0,19780110.0,49.7585641423963
45.55,0.0,19780090.0,49.758559375657036
45.56,0.0,19780070.0,49.75855461391704
45.57,0.0,19780040.0,49.75854985718884
45.58,0.0,19780010.0,49.758545105434656
45.59,0.0,19779980.0,49.758540358653526
45.6,0.0,19779950.0,49.75853561686544
45.61,0.0,19779910.0,49.75853088003455
45.62,0.0,19779860.0,49.75852614815733
45.63,0.0,19779820.0,49.75852142117033
45.64,0.0,19779770.0,49.75851669905214
45.65,0.0,19779710.0,49.75851198179344
45.66,0.0,19779660.0,49.75850726933505
45.67,0.0,19779600.0,49.75850256171926
45.68,0.0,19779540.0,49.758497858988996
45.69,0.0,19779470.0,49.75849316111536
45.7,0.0,19779400.0,49.758488468089254
45.71,0.0,19779330.0,49.75848377990899
45.72,0.0,19779260.0,49.75847909658356
45.73,0.0,19779180.0,49.75847441812217
45.74,0.0,19779100.0,49.75846974446165
45.75,0.0,19779010.0,49.758465075557744
45.76,0.0,19778930.0,49.758460411450145
45.77,0.0,19778840.0,49.758455752164885
45.78,0.0,19778750.0,49.75845109772192
45.79,0.0,19778650.0,49.75844644812796
45.8,0.0,19778550.0,49.75844180338363
45.81,0.0,19778450.0,49.758437163476074
45.82,0.0,19778350.0,49.758432528386024
45.83,0.0,19778240.0,49.75842789815763
45.84,0.0,19778130.0,49.7584232728047
45.85,0.0,19778020.0,49.75841865232132
45.86,0.0,19777900.0,49.758414036754296
45.87,0.0,19777790.0,49.75840942611153
45.88,0.0,19777670.0,49.75840482037406
45.89,0.0,19777540.0,49.75840021956999
45.9,0.0,19777420.0,49.75839562368375
45.91,0.0,19777290.0,49.758391032746516
45.92,0.0,19777160.0,49.75838644680993
45.93,0.0,19777030.0,49.75838186587411
45.94,0.0,19776890.0,49.7583772898892
45.95,0.0,19776760.0,49.7583727188469
45.96,0.0,19776620.0,49.75836815275516
45.97,0.0,19776480.0,49.758363591566955
45.98,0.0,19776330.0,49.758359035337364
45.99,0.0,19776190.0,49.75835448411413
46.0,0.0,19776040.0,49.758349937871536
46.01,0.0,19775890.0,49.75834539659401
46.02,0.0,19775740.0,49.75834086027041
46.03,0.0,19775580.0,49.75833632888962
46.04,0.0,19775430.0,49.75833180243704
46.05,0.0,19775270.0,49.75832728089191
46.06,0.0,19775110.0,49.75832276430241
46.07,0.0,19774950.0,49.75831825268334
46.08,0.0,19774790.0,49.7583137460326
46.09,0.0,19774620.0,49.75830924431831
46.1,0.0,19774460.0,49.758304747494535
46.11,0.0,19774290.0,49.75830025556487
46.12,0.0,19774120.0,49.75829576849707
46.13,0.0,19773950.0,49.75829128630442
46.14,0.0,19773780.0,49.758286809025584
46.15,0.0,19773600.0,49.758282336644264
46.16,0.0,19773430.0,49.75827786909737
46.17,0.0,19773250.0,49.75827340635874
46.18,0.0,19773070.0,49.75826894842058
46.19,0.0,19772890.0,49.7582644952148
46.2,0.0,19772710.0,49.75826004669969
46.21,0.0,19772530.0,49.75825560292126
46.22,0.0,19772350.0,49.75825116391294
46.23,0.0,19772170.0,49.758246729623664
46.24,0.0,19771980.0,49.75824230000985
46.25,0.0,19771800.0,49.758237875023426
46.26,0.0,19771610.0,49.75823345469284
46.27,0.0,19771420.0,49.758229039012186
46.28,0.0,19771240.0,49.758224627886996
46.29,0.0,19771050.0,49.758220221291616
46.3,0.0,19770860.0,49.75821581925027
46.31,0.0,19770670.0,49.75821142174511
46.32,0.0,19770480.0,49.75820702880545
46.33,0.0,19770290.0,49.75820264040331
46.34,0.0,19770100.0,49.758198256481414
46.35,0.0,19769910.0,49.75819387709111
46.36,0.0,19769720.0,49.75818950221624
46.37,0.0,19769530.0,49.758185131790505
46.38,0.0,19769340.0,49.75818076585271
46.39,0.0,19769140.0,49.75817640443575
46.4,0.0,19768950.0,49.75817204749956
46.41,0.0,19768760.0,49.758167695013775
46.42,0.0,19768570.0,49.758163346951335
46.43,0.0,19768380.0,49.758159003283744
46.44,0.0,19768180.0,49.758154663977145
46.45,0.0,19767990.0,49.758150329066765
46.46,0.0,19767800.0,49.75814599855387
46.47,0.0,19767610.0,49.758141672421914
46.48,0.0,19767420.0,49.758137350623386
46.49,0.0,19767230.0,49.75813303309524
46.5,0.0,19767040.0,49.758128719900036
46.51,0.0,19766850.0,49.75812441103953
46.52,0.0,19766660.0,49.75812010647679
46.53,0.0,19766480.0,49.758115806205
46.54,0.0,19766290.0,49.75811151024307
46.55,0.0,19766100.0,49.75810721861947
46.56,0.0,19765920.0,49.75810293129495
46.57,0.0,19765730.0,49.758098648250574
46.58,0.0,19765550.0,49.75809436947255
46.59,0.0,19765370.0,49.75809009495338
46.6,0.0,19765190.0,49.75808582467985
46.61,0.0,19765010.0,49.758081558636555
46.62,0.0,19764830.0,49.758077296873154
46.63,0.0,19764650.0,49.758073039408565
46.64,0.0,19764470.0,49.75806878616253
46.65,0.0,19764300.0,49.758064537127886
46.66,0.0,19764120.0,49.758060292337355
46.67,0.0,19763950.0,49.75805605178619
46.68,0.0,19763780.0,49.75805181542972
46.69,0.0,19763610.0,49.758047583194276
46.7,0.0,19763440.0,49.75804335512775
46.71,0.0,19763280.0,49.75803913120757
46.72,0.0,19763110.0,49.75803491137139
46.73,0.0,19762950.0,49.75803069565728
46.74,0.0,19762790.0,49.758026484029166
46.75,0.0,19762630.0,49.75802227647302
46.76,0.0,19762470.0,49.7580180729751
46.77,0.0,19762320.0,49.7580138735308
46.78,0.0,19762160.0,49.7580096781258
46.79,0.0,19762010.0,49.75800548674723
46.8,0.0,19761860.0,49.758001299366505
46.81,0.0,19761720.0,49.75799711595179
46.82,0.0,19761570.0,49.75799293652942
46.83,0.0,19761430.0,49.75798876109646
46.84,0.0,19761290.0,49.75798458962329
46.85,0.0,19761150.0,49.75798042205565
46.86,0.0,19761020.0,49.757976258316354
46.87,0.0,19760890.0,49.75797209838394
46.88,0.0,19760760.0,49.75796794227051
46.89,0.0,19760630.0,49.7579637899399
46.9,0.0,19760500.0,49.757959641392155
46.91,0.0,19760380.0,49.757955496645636
46.92,0.0,19760260.0,49.75795135565855
46.93,0.0,19760150.0,49.75794721841605
46.94,0.0,19760030.0,49.75794308491432
46.95,0.0,19759920.0,49.757938955083766
46.96,0.0,19759810.0,49.757934828877346
46.97,0.0,19759710.0,49.757930706333234
46.98,0.0,19759610.0,49.757926587475424
46.99,0.0,19759510.0,49.75792247224257
47.0,0.0,19759410.0,49.75791836058079
47.01,0.0,19759320.0,49.75791425250967
47.02,0.0,19759230.0,49.75791014802556
47.03,0.0,19759140.0,49.757906047110005
47.04,0.0,19759060.0,49.75790194972338
47.05,0.0,19758980.0,49.757897855812864
47.06,0.0,19758900.0,49.75789376538329
47.07,0.0,19758830.0,49.7578896784041
47.08,0.0,19758760.0,49.75788559482076
47.09,0.0,19758690.0,49.757881514628075
47.1,0.0,19758630.0,49.757877437856656
47.11,0.0,19758570.0,49.757873364484894
47.12,0.0,19758510.0,49.75786929445424
47.13,0.0,19758460.0,49.75786522774536
47.14,0.0,19758410.0,49.757861164367064
47.15,0.0,19758370.0,49.7578571043474
47.16,0.0,19758330.0,49.75785304764948
47.17,0.0,19758290.0,49.75784899426691
47.18,0.0,19758260.0,49.75784494420153
47.19,0.0,19758230.0,49.757840897394495
47.2,0.0,19758200.0,49.75783685380787
47.21,0.0,19758180.0,49.7578328134949
47.22,0.0,19758160.0,49.757828776493646
47.23,0.0,19758150.0,49.75782474276316
47.24,0.0,19758140.0,49.75782071226922
47.25,0.0,19758130.0,49.757816684980114
47.26,0.0,19758130.0,49.7578126608635
47.27,0.0,19758130.0,49.75780863988403
47.28,0.0,19758140.0,49.75780462207897
47.29,0.0,19758150.0,49.757800607455934
47.3,0.0,19758170.0,49.7577965960099
47.31,0.0,19758190.0,49.757792587710505
47.32,0.0,19758210.0,49.75778858251812
47.33,0.0,19758240.0,49.75778458044785
47.34,0.0,19758270.0,49.7577805814842
47.35,0.0,19758310.0,49.757776585585454
47.36,0.0,19758350.0,49.75777259276443
47.37,0.0,19758390.0,49.757768603067774
47.38,0.0,19758440.0,49.75776461649531
47.39,0.0,19758500.0,49.75776063300787
47.4,0.0,19758560.0,49.757756652533494
47.41,0.0,19758620.0,49.75775267504966
47.42,0.0,19758690.0,49.75774870056372
47.43,0.0,19758760.0,49.75774472903322
47.44,0.0,19758840.0,49.757740760452094
47.45,0.0,19758920.0,49.75773679483409
47.46,0.0,19759010.0,49.75773283213527
47.47,0.0,19759100.0,49.75772887234209
47.48,0.0,19759190.0,49.75772491545612
47.49,0.0,19759290.0,49.757720961417725
47.5,0.0,19759400.0,49.75771701019494
47.51,0.0,19759510.0,49.7577130618464
47.52,0.0,19759630.0,49.75770911634484
47.53,0.0,19759750.0,49.757705173607015
47.54,0.0,19759870.0,49.75770123364605
47.55,0.0,19760000.0,49.75769729647123
47.56,0.0,19760140.0,49.75769336209381
47.57,0.0,19760280.0,49.75768943051859
47.58,0.0,19760420.0,49.757685501672896
47.59,0.0,19760570.0,49.757681575499674
47.6,0.0,19760730.0,49.75767765194633
47.61,0.0,19760890.0,49.75767373096927
47.62,0.0,19761050.0,49.75766981260213
47.63,0.0,19761220.0,49.757665896860864
47.64,0.0,19761400.0,49.75766198367616
47.65,0.0,19761580.0,49.75765807298927
47.66,0.0,19761760.0,49.75765416482038
47.67,0.0,19761950.0,49.75765025917396
47.68,0.0,19762150.0,49.75764635597148
47.69,0.0,19762350.0,49.75764245514737
47.7,0.0,19762550.0,49.75763855671765
47.71,0.0,19762760.0,49.75763466068542
47.72,0.0,19762980.0,49.75763076705111
47.73,0.0,19763200.0,49.757626875807766
47.74,0.0,19763420.0,49.75762298687279
47.75,0.0,19763650.0,49.75761910018331
47.76,0.0,19763890.0,49.75761521576435
47.77,0.0,19764130.0,49.75761133363395
47.78,0.0,19764370.0,49.757607453735645
47.79,0.0,19764620.0,49.75760357603426
47.8,0.0,19764880.0,49.75759970050691
47.81,0.0,19765140.0,49.7575958271491
47.82,0.0,19765400.0,49.75759195596679
47.83,0.0,19765670.0,49.75758808698316
47.84,0.0,19765940.0,49.757584220231166
47.85,0.0,19766220.0,49.75758035568322
47.86,0.0,19766500.0,49.75757649326737
47.87,0.0,19766790.0,49.757572632957384
47.88,0.0,19767080.0,49.75756877475948
47.89,0.0,19767380.0,49.75756491863763
47.9,0.0,19767680.0,49.75756106460377
47.91,0.0,19767990.0,49.75755721270454
47.92,0.0,19768300.0,49.7575533629464
47.93,0.0,19768610.0,49.757549515308355
47.94,0.0,19768930.0,49.75754566975177
47.95,0.0,19769250.0,49.7575418263057
47.96,0.0,19769580.0,49.75753798497236
47.97,0.0,19769910.0,49.757534145750164
47.98,0.0,19770250.0,49.757530308626016
47.99,0.0,19770590.0,49.757526473595185
48.0,0.0,19770930.0,49.75752264065113
48.01,0.0,19771280.0,49.7575188098034
48.02,0.0,19771630.0,49.757514981066045
48.03,0.0,19771980.0,49.75751115439696
48.04,0.0,19772340.0,49.757507329786
48.05,0.0,19772700.0,49.757503507253034
48.06,0.0,19773060.0,49.757499686769094
48.07,0.0,19773430.0,49.757495868356145
48.08,0.0,19773810.0,49.757492052068244
48.09,0.0,19774180.0,49.757488237848065
48.1,0.0,19774560.0,49.75748442563406
48.11,0.0,19774940.0,49.75748061543766
48.12,0.0,19775330.0,49.75747680733294
48.13,0.0,19775710.0,49.75747300129385
48.14,0.0,19776100.0,49.75746919731219
48.15,0.0,19776500.0,49.75746539537995
48.16,0.0,19776890.0,49.757461595437185
48.17,0.0,19777290.0,49.75745779753104
48.18,0.0,19777690.0,49.757454001643595
48.19,0.0,19778100.0,49.757450207725164
48.2,0.0,19778500.0,49.75744641584915
48.21,0.0,19778910.0,49.75744262603662
48.22,0.0,19779320.0,49.75743883820956
48.23,0.0,19779740.0,49.757435052367185
48.24,0.0,19780150.0,49.75743126849143
48.25,0.0,19780570.0,49.757427486570194
48.26,0.0,19780990.0,49.75742370666705
48.27,0.0,19781410.0,49.75741992876296
48.28,0.0,19781830.0,49.75741615278748
48.29,0.0,19782250.0,49.75741237870755
48.3,0.0,19782680.0,49.75740860652601
48.31,0.0,19783110.0,49.75740483628061
48.32,0.0,19783540.0,49.757401067965965
48.33,0.0,19783970.0,49.757397301556466
48.34,0.0,19784400.0,49.75739353708842
48.35,0.0,19784830.0,49.757389774576176
48.36,0.0,19785260.0,49.75738601395311
48.37,0.0,19785700.0,49.757382255173646
48.38,0.0,19786130.0,49.75737849828662
48.39,0.0,19786570.0,49.75737474334447
48.4,0.0,19787000.0,49.75737099033877
48.41,0.0,19787440.0,49.75736723922072
48.42,0.0,19787880.0,49.757363489994454
48.43,0.0,19788320.0,49.7573597427061
48.44,0.0,19788750.0,49.75735599729367
48.45,0.0,19789190.0,49.75735225370176
48.46,0.0,19789630.0,49.75734851195166
48.47,0.0,19790070.0,49.75734477206106
48.48,0.0,19790500.0,49.7573410340522
48.49,0.0,19790940.0,49.75733729795819
48.5,0.0,19791380.0,49.757333563827835
48.51,0.0,19791820.0,49.75732983165214
48.52,0.0,19792250.0,49.757326101390504
48.53,0.0,19792690.0,49.757322373055565
48.54,0.0,19793120.0,49.75731864670864
48.55,0.0,19793560.0,49.757314922378896
48.56,0.0,19793990.0,49.757311200006576
48.57,0.0,19794420.0,49.757307479624025
48.58,0.0,19794850.0,49.757303761252246
48.59,0.0,19795280.0,49.757300044852485
48.6,0.0,19795710.0,49.75729633048791
48.61,0.0,19796140.0,49.757292618153606
48.62,0.0,19796570.0,49.7572889078113
48.63,0.0,19796990.0,49.757285199545244
48.64,0.0,19797410.0,49.75728149338752
48.65,0.0,19797840.0,49.75727778934932
48.66,0.0,19798250.0,49.75727408741921
48.67,0.0,19798670.0,49.757270387587674
48.68,0.0,19799090.0,49.75726668991765
48.69,0.0,19799500.0,49.75726299446453
48.7,0.0,19799910.0,49.757259301207014
48.71,0.0,19800320.0,49.757255610154196
48.72,0.0,19800730.0,49.75725192133232
48.73,0.0,19801130.0,49.75724823472304
48.74,0.0,19801530.0,49.75724455035047
48.75,0.0,19801930.0,49.7572408682008
48.76,0.0,19802330.0,49.757237188320744
48.77,0.0,19802720.0,49.75723351072029
48.78,0.0,19803110.0,49.75722983540636
48.79,0.0,19803500.0,49.75722616244752
48.8,0.0,19803890.0,49.757222491824905
48.81,0.0,19804270.0,49.75721882353465
48.82,0.0,19804650.0,49.75721515758408
48.83,0.0,19805020.0,49.75721149400157
48.84,0.0,19805390.0,49.757207832831384
48.85,0.0,19805760.0,49.75720417406524
48.86,0.0,19806130.0,49.75720051765945
48.87,0.0,19806490.0,49.75719686362563
48.88,0.0,19806850.0,49.757193212017775
48.89,0.0,19807200.0,49.75718956285779
48.9,0.0,19807550.0,49.757185916148124
48.91,0.0,19807900.0,49.75718227188145
48.92,0.0,19808240.0,49.75717863004817
48.93,0.0,19808580.0,49.757174990719506
48.94,0.0,19808910.0,49.7571713539514
48.95,0.0,19809240.0,49.757167719728756
48.96,0.0,19809570.0,49.75716408805685
48.97,0.0,19809890.0,49.75716045896178
48.98,0.0,19810210.0,49.75715683241366
48.99,0.0,19810520.0,49.757153208427425
49.0,0.0,19810830.0,49.75714958704487
49.01,0.0,19811130.0,49.75714596826934
49.02,0.0,19811430.0,49.757142352072265
49.03,0.0,19811730.0,49.75713873848852
49.04,0.0,19812010.0,49.75713512751685
49.05,0.0,19812300.0,49.75713151915167
49.06,0.0,19812580.0,49.75712791344636
49.07,0.0,19812860.0,49.75712431044027
49.08,0.0,19813130.0,49.757120710159576
49.09,0.0,19813390.0,49.75711711263077
49.1,0.0,19813650.0,49.75711351787804
49.11,0.0,19813910.0,49.75710992585685
49.12,0.0,19814160.0,49.757106336549995
49.13,0.0,19814400.0,49.757102750036054
49.14,0.0,19814640.0,49.757099166317644
49.15,0.0,19814870.0,49.7570955853546
49.16,0.0,19815100.0,49.757092007218226
49.17,0.0,19815330.0,49.7570884319931
49.18,0.0,19815550.0,49.75708485970669
49.19,0.0,19815760.0,49.75708129034493
49.2,0.0,19815960.0,49.757077723864256
49.21,0.0,19816170.0,49.75707416027807
49.22,0.0,19816360.0,49.75707059964075
49.23,0.0,19816550.0,49.75706704197055
49.24,0.0,19816740.0,49.757063487260346
49.25,0.0,19816920.0,49.7570599355628
49.26,0.0,19817090.0,49.75705638689617
49.27,0.0,19817260.0,49.75705284126691
49.28,0.0,19817420.0,49.757049298738956
49.29,0.0,19817570.0,49.757045759352344
49.3,0.0,19817720.0,49.757042223130455
49.31,0.0,19817870.0,49.757038690085494
49.32,0.0,19818010.0,49.75703516022257
49.33,0.0,19818140.0,49.757031633542866
49.34,0.0,19818260.0,49.75702811004597
49.35,0.0,19818380.0,49.75702458973167
49.36,0.0,19818500.0,49.757021072601255
49.37,0.0,19818610.0,49.75701755873565
49.38,0.0,19818710.0,49.757014048195586
49.39,0.0,19818810.0,49.75701054096267
49.4,0.0,19818900.0,49.757007037028394
49.41,0.0,19818980.0,49.75700353639264
49.42,0.0,19819060.0,49.75700003906249
49.43,0.0,19819130.0,49.75699654505139
49.44,0.0,19819200.0,49.75699305437809
49.45,0.0,19819260.0,49.75698956706607
49.46,0.0,19819310.0,49.75698608314271
49.47,0.0,19819360.0,49.756982602638686
49.48,0.0,19819400.0,49.7569791255872
49.49,0.0,19819440.0,49.75697565202343
49.5,0.0,19819470.0,49.7569721819838
49.51,0.0,19819490.0,49.756968715428116
49.52,0.0,19819510.0,49.756965252339484
49.53,0.0,19819520.0,49.756961792782825
49.54,0.0,19819520.0,49.756958336815615
49.55,0.0,19819520.0,49.75695488441147
49.56,0.0,19819520.0,49.75695143556113
49.57,0.0,19819500.0,49.75694799033199
49.58,0.0,19819480.0,49.75694454870208
49.59,0.0,19819460.0,49.75694111066203
49.6,0.0,19819430.0,49.75693767627516
49.61,0.0,19819390.0,49.7569342455121
49.62,0.0,19819350.0,49.75693081835314
49.63,0.0,19819300.0,49.75692739484864
49.64,0.0,19819250.0,49.756923975031164
49.65,0.0,19819190.0,49.75692055891752
49.66,0.0,19819120.0,49.756917146510126
49.67,0.0,19819050.0,49.75691373779801
49.68,0.0,19818970.0,49.75691033283467
49.69,0.0,19818890.0,49.75690693163801
49.7,0.0,19818800.0,49.756903534208526
49.71,0.0,19818710.0,49.75690014051769
49.72,0.0,19818610.0,49.75689675052451
49.73,0.0,19818500.0,49.75689336431699
49.74,0.0,19818390.0,49.7568899819268
49.75,0.0,19818270.0,49.75688660335153
49.76,0.0,19818150.0,49.75688322862345
49.77,0.0,19818020.0,49.75687985772794
49.78,0.0,19817890.0,49.75687649061037
49.79,0.0,19817750.0,49.756873127258736
49.8,0.0,19817610.0,49.75686976776154
49.81,0.0,19817460.0,49.75686641212791
49.82,0.0,19817310.0,49.756863060314174
49.83,0.0,19817150.0,49.75685971237308
49.84,0.0,19816980.0,49.75685636835148
49.85,0.0,19816810.0,49.756853028216824
49.86,0.0,19816640.0,49.75684969194749
49.87,0.0,19816460.0,49.7568463595967
49.88,0.0,19816280.0,49.75684303119455
49.89,0.0,19816090.0,49.75683970675489
49.9,0.0,19815900.0,49.756836386267715
49.91,0.0,19815700.0,49.75683306970581
49.92,0.0,19815500.0,49.75682975709443
49.93,0.0,19815290.0,49.75682644849455
49.94,0.0,19815080.0,49.7568231439128
49.95,0.0,19814860.0,49.756819843314304
49.96,0.0,19814640.0,49.75681654669709
49.97,0.0,19814420.0,49.75681325407922
49.98,0.0,19814190.0,49.756809965488756
49.99,0.0,19813960.0,49.75680668095576
50.0,0.0,19813720.0,49.75680340050589
50.01,0.0,19813480.0,49.75680012415528
50.02,0.0,19813240.0,49.75679685190635
50.03,0.0,19812990.0,49.756793583744404
50.04,0.0,19812740.0,49.75679031963488
50.05,0.0,19812480.0,49.75678705959827
50.06,0.0,19812220.0,49.75678380360778
50.07,0.0,19811960.0,49.75678055160578
50.08,0.0,19811700.0,49.75677730364529
50.09,0.0,19811430.0,49.75677405978166
50.1,0.0,19811160.0,49.75677081999424
50.11,0.0,19810880.0,49.7567675842731
50.12,0.0,19810610.0,49.756764352602914
50.13,0.0,19810330.0,49.75676112504047
50.14,0.0,19810040.0,49.75675790160127
50.15,0.0,19809760.0,49.7567546822804
50.16,0.0,19809470.0,49.75675146710719
50.17,0.0,19809180.0,49.75674825606563
50.18,0.0,19808890.0,49.756745049089965
50.19,0.0,19808590.0,49.75674184615149
50.2,0.0,19808300.0,49.75673864730689
50.21,0.0,19808000.0,49.756735452523735
50.22,0.0,19807700.0,49.7567322617759
50.23,0.0,19807400.0,49.75672907509871
50.24,0.0,19807090.0,49.75672589249683
50.25,0.0,19806790.0,49.75672271394325
50.26,0.0,19806480.0,49.75671953937837
50.27,0.0,19806170.0,49.756716368786705
50.28,0.0,19805860.0,49.756713202173025
50.29,0.0,19805550.0,49.75671003947962
50.3,0.0,19805240.0,49.75670688066982
50.31,0.0,19804920.0,49.75670372578667
50.32,0.0,19804610.0,49.75670057485108
50.33,0.0,19804290.0,49.756697427788524
50.34,0.0,19803980.0,49.756694284597344
50.35,0.0,19803660.0,49.75669114531268
50.36,0.0,19803350.0,49.7566880098498
50.37,0.0,19803030.0,49.75668487817796
50.38,0.0,19802710.0,49.75668175028872
50.39,0.0,19802400.0,49.756678626197356
50.4,0.0,19802080.0,49.756675505918054
50.41,0.0,19801760.0,49.75667238939327
50.42,0.0,19801440.0,49.75666927657367
50.43,0.0,19801130.0,49.75666616748714
50.44,0.0,19800810.0,49.756663062131885
50.45,0.0,19800490.0,49.75665996048956
50.46,0.0,19800180.0,49.756656862587036
50.47,0.0,19799860.0,49.756653768409564
50.48,0.0,19799540.0,49.75665067790372
50.49,0.0,19799230.0,49.75664759105718
50.5,0.0,19798920.0,49.75664450787719
50.51,0.0,19798600.0,49.75664142830966
50.52,0.0,19798290.0,49.75663835232413
50.53,0.0,19797980.0,49.75663527989639
50.54,0.0,19797670.0,49.756632211007975
50.55,0.0,19797360.0,49.75662914571036
50.56,0.0,19797050.0,49.75662608402685
50.57,0.0,19796740.0,49.75662302588258
50.58,0.0,19796440.0,49.7566199712752
50.59,0.0,19796140.0,49.756616920240745
50.6,0.0,19795830.0,49.75661387277568
50.61,0.0,19795530.0,49.7566108288339
50.62,0.0,19795230.0,49.75660778841471
50.63,0.0,19794940.0,49.75660475153485
50.64,0.0,19794640.0,49.756601718155316
50.65,0.0,19794350.0,49.756598688259515
50.66,0.0,19794050.0,49.756595661843484
50.67,0.0,19793760.0,49.75659263890825
50.68,0.0,19793480.0,49.756589619454175
50.69,0.0,19793190.0,49.75658660339896
50.7,0.0,19792900.0,49.75658359067495
50.71,0.0,19792620.0,49.75658058136311
50.72,0.0,19792340.0,49.756577575501495
50.73,0.0,19792070.0,49.75657457302587
50.74,0.0,19791790.0,49.75657157393592
50.75,0.0,19791520.0,49.756568578193075
50.76,0.0,19791250.0,49.756565585737526
50.77,0.0,19790980.0,49.7565625965531
50.78,0.0,19790720.0,49.756559610660084
50.79,0.0,19790450.0,49.75655662809677
50.8,0.0,19790190.0,49.756553648840764
50.81,0.0,19789940.0,49.75655067281828
50.82,0.0,19789680.0,49.756547699988666
50.83,0.0,19789430.0,49.75654473040432
50.84,0.0,19789180.0,49.75654176403188
50.85,0.0,19788940.0,49.75653880085763
50.86,0.0,19788690.0,49.756535840860174
50.87,0.0,19788450.0,49.75653288395053
50.88,0.0,19788220.0,49.75652993012532
50.89,0.0,19787980.0,49.75652697936717
50.9,0.0,19787750.0,49.75652403165112
50.91,0.0,19787530.0,49.756521087013915
50.92,0.0,19787300.0,49.75651814546006
50.93,0.0,19787080.0,49.75651520689495
50.94,0.0,19786870.0,49.756512271298064
50.95,0.0,19786650.0,49.75650933869092
50.96,0.0,19786440.0,49.75650640898327
50.97,0.0,19786230.0,49.75650348214945
50.98,0.0,19786030.0,49.756500558198674
50.99,0.0,19785830.0,49.75649763710036
51.0,0.0,19785630.0,49.75649471878397
51.01,0.0,19785440.0,49.75649180322901
51.02,0.0,19785250.0,49.756488890438995
51.03,0.0,19785060.0,49.75648598036937
51.04,0.0,19784880.0,49.75648307300693
51.05,0.0,19784700.0,49.756480168283424
51.06,0.0,19784530.0,49.756477266169405
51.07,0.0,19784360.0,49.756474366650906
51.08,0.0,19784190.0,49.75647146973714
51.09,0.0,19784030.0,49.756468575440785
51.1,0.0,19783870.0,49.756465683710985
51.11,0.0,19783710.0,49.75646279451645
51.12,0.0,19783560.0,49.7564599078395
51.13,0.0,19783410.0,49.75645702367141
51.14,0.0,19783260.0,49.75645414193158
51.15,0.0,19783120.0,49.756451262565584
51.16,0.0,19782990.0,49.75644838560248
51.17,0.0,19782860.0,49.75644551106429
51.18,0.0,19782730.0,49.756442638966384
51.19,0.0,19782600.0,49.75643976924025
51.2,0.0,19782480.0,49.756436901834384
51.21,0.0,19782370.0,49.75643403677375
51.22,0.0,19782250.0,49.75643117407107
51.23,0.0,19782150.0,49.75642831372845
51.24,0.0,19782040.0,49.75642545566122
51.25,0.0,19781940.0,49.756422599799805
51.26,0.0,19781840.0,49.75641974614979
51.27,0.0,19781750.0,49.75641689478119
51.28,0.0,19781670.0,49.75641404572986
51.29,0.0,19781580.0,49.756411198939716
51.3,0.0,19781500.0,49.756408354353034
51.31,0.0,19781430.0,49.75640551198733
51.32,0.0,19781360.0,49.756402671834515
51.33,0.0,19781290.0,49.75639983387882
51.34,0.0,19781230.0,49.756396998085066
51.35,0.0,19781170.0,49.75639416441537
51.36,0.0,19781110.0,49.756391332893784
51.37,0.0,19781060.0,49.75638850352156
51.38,0.0,19781020.0,49.75638567628187
51.39,0.0,19780980.0,49.756382851143556
51.4,0.0,19780940.0,49.75638002806406
51.41,0.0,19780900.0,49.75637720699179
51.42,0.0,19780880.0,49.75637438794553
51.43,0.0,19780850.0,49.75637157091516
51.44,0.0,19780830.0,49.75636875588121
51.45,0.0,19780810.0,49.75636594288142
51.46,0.0,19780800.0,49.756363131927586
51.47,0.0,19780790.0,49.75636032293407
51.48,0.0,19780790.0,49.75635751582323
51.49,0.0,19780790.0,49.75635471066579
51.5,0.0,19780790.0,49.75635190749408
51.51,0.0,19780800.0,49.75634910624663
51.52,0.0,19780810.0,49.75634630686008
51.53,0.0,19780830.0,49.75634350934746
51.54,0.0,19780850.0,49.756340713698414
51.55,0.0,19780880.0,49.75633791989798
51.56,0.0,19780910.0,49.75633512791554
51.57,0.0,19780940.0,49.75633233772204
51.58,0.0,19780980.0,49.75632954935511
51.59,0.0,19781020.0,49.75632676275713
51.6,0.0,19781060.0,49.75632397788116
51.61,0.0,19781110.0,49.75632119475408
51.62,0.0,19781170.0,49.756318413313444
51.63,0.0,19781220.0,49.756315633512216
51.64,0.0,19781290.0,49.756312855381246
51.65,0.0,19781350.0,49.75631007894276
51.66,0.0,19781420.0,49.75630730413654
51.67,0.0,19781490.0,49.75630453092321
51.68,0.0,19781570.0,49.75630175934579
51.69,0.0,19781650.0,49.75629898936509
51.7,0.0,19781740.0,49.7562962209632
51.71,0.0,19781830.0,49.75629345412776
51.72,0.0,19781920.0,49.756290688865334
51.73,0.0,19782020.0,49.75628792518637
51.74,0.0,19782120.0,49.7562851630417
51.75,0.0,19782220.0,49.756282402408466
51.76,0.0,19782330.0,49.75627964328625
51.77,0.0,19782440.0,49.75627688569431
51.78,0.0,19782550.0,49.75627412959195
51.79,0.0,19782670.0,49.756271374977636
51.8,0.0,19782800.0,49.75626862186962
51.81,0.0,19782920.0,49.75626587023941
51.82,0.0,19783050.0,49.7562631200178
51.83,0.0,19783180.0,49.7562603711899
51.84,0.0,19783320.0,49.756257623772726
51.85,0.0,19783460.0,49.756254877746265
51.86,0.0,19783600.0,49.75625213313502
51.87,0.0,19783750.0,49.75624938992353
51.88,0.0,19783900.0,49.75624664807409
51.89,0.0,19784050.0,49.75624390760518
51.9,0.0,19784210.0,49.756241168504445
51.91,0.0,19784370.0,49.756238430744666
51.92,0.0,19784530.0,49.75623569436064
51.93,0.0,19784700.0,49.75623295936107
51.94,0.0,19784870.0,49.75623022574355
51.95,0.0,19785040.0,49.75622749349331
51.96,0.0,19785220.0,49.756224762595295
51.97,0.0,19785400.0,49.75622203303057
51.98,0.0,19785580.0,49.75621930478653
51.99,0.0,19785760.0,49.75621657785215
52.0,0.0,19785950.0,49.756213852227006
52.01,0.0,19786140.0,49.7562111279156
52.02,0.0,19786330.0,49.75620840493589
52.03,0.0,19786530.0,49.756205683312935
52.04,0.0,19786730.0,49.75620296300965
52.05,0.0,19786930.0,49.75620024402076
52.06,0.0,19787130.0,49.75619752636261
52.07,0.0,19787340.0,49.75619481000065
52.08,0.0,19787550.0,49.7561920949412
52.09,0.0,19787760.0,49.756189381141915
52.1,0.0,19787970.0,49.75618666853867
52.11,0.0,19788190.0,49.75618395719541
52.12,0.0,19788410.0,49.75618124712492
52.13,0.0,19788630.0,49.75617853831638
52.14,0.0,19788860.0,49.75617583080836
52.15,0.0,19789080.0,49.75617312461056
52.16,0.0,19789310.0,49.75617041971354
52.17,0.0,19789540.0,49.7561677160962
52.18,0.0,19789770.0,49.75616501373178
52.19,0.0,19790010.0,49.75616231259249
52.2,0.0,19790240.0,49.756159612653164
52.21,0.0,19790480.0,49.756156913971616
52.22,0.0,19790720.0,49.75615421659019
52.23,0.0,19790960.0,49.75615152047834
52.24,0.0,19791210.0,49.7561488256229
52.25,0.0,19791450.0,49.75614613202775
52.26,0.0,19791700.0,49.756143439713604
52.27,0.0,19791950.0,49.75614074864049
52.28,0.0,19792200.0,49.75613805880846
52.29,0.0,19792450.0,49.75613537023938
52.3,0.0,19792710.0,49.75613268291135
52.31,0.0,19792960.0,49.75612999684284
52.32,0.0,19793220.0,49.756127312010065
52.33,0.0,19793480.0,49.75612462836637
52.34,0.0,19793740.0,49.75612194592172
52.35,0.0,19794000.0,49.756119264734
52.36,0.0,19794260.0,49.756116584825044
52.37,0.0,19794530.0,49.756113906198614
52.38,0.0,19794790.0,49.75611122884156
52.39,0.0,19795060.0,49.75610855273755
52.4,0.0,19795320.0,49.75610587786501
52.41,0.0,19795590.0,49.75610320420829
52.42,0.0,19795860.0,49.756100531753575
52.43,0.0,19796130.0,49.75609786049878
52.44,0.0,19796400.0,49.75609519052536
52.45,0.0,19796670.0,49.756092521829274
52.46,0.0,19796940.0,49.75608985435616
52.47,0.0,19797220.0,49.756087188157565
52.48,0.0,19797490.0,49.75608452321672
52.49,0.0,19797760.0,49.756081859557284
52.5,0.0,19798040.0,49.756079197218526
52.51,0.0,19798310.0,49.75607653619751
52.52,0.0,19798590.0,49.75607387652602
52.53,0.0,19798870.0,49.75607121819543
52.54,0.0,19799140.0,49.75606856116882
52.55,0.0,19799420.0,49.756065905467665
52.56,0.0,19799700.0,49.75606325107851
52.57,0.0,19799970.0,49.756060597976735
52.58,0.0,19800250.0,49.75605794619656
52.59,0.0,19800530.0,49.7560552957505
52.6,0.0,19800810.0,49.75605264663719
52.61,0.0,19801090.0,49.756049998847516
52.62,0.0,19801370.0,49.7560473524466
52.63,0.0,19801640.0,49.75604470747669
52.64,0.0,19801920.0,49.75604206390068
52.65,0.0,19802200.0,49.75603942169311
52.66,0.0,19802480.0,49.75603678084017
52.67,0.0,19802760.0,49.756034141417196
52.68,0.0,19803040.0,49.75603150348808
52.69,0.0,19803310.0,49.75602886704595
52.7,0.0,19803590.0,49.756026232101924
52.71,0.0,19803870.0,49.756023598606156
52.72,0.0,19804150.0,49.75602096654716
52.73,0.0,19804420.0,49.75601833593277
52.74,0.0,19804700.0,49.75601570680108
52.75,0.0,19804980.0,49.75601307920307
52.76,0.0,19805250.0,49.75601045313761
52.77,0.0,19805530.0,49.7560078285584
52.78,0.0,19805800.0,49.756005205469485
52.79,0.0,19806080.0,49.756002583903246
52.8,0.0,19806350.0,49.755999963851856
52.81,0.0,19806620.0,49.75599734534872
52.82,0.0,19806900.0,49.75599472838406
52.83,0.0,19807170.0,49.75599211292266
52.84,0.0,19807440.0,49.75598949898201
52.85,0.0,19807710.0,49.75598688662263
52.86,0.0,19807980.0,49.755984275863234
52.87,0.0,19808250.0,49.75598166669818
52.88,0.0,19808520.0,49.755979059098124
52.89,0.0,19808790.0,49.75597645310069
52.9,0.0,19809060.0,49.75597384870749
52.91,0.0,19809320.0,49.75597124591339
52.92,0.0,19809590.0,49.75596864476771
52.93,0.0,19809850.0,49.75596604522276
52.94,0.0,19810120.0,49.75596344723435
52.95,0.0,19810380.0,49.75596085083398
52.96,0.0,19810640.0,49.755958256037154
52.97,0.0,19810910.0,49.75595566285584
52.98,0.0,19811170.0,49.75595307129505
52.99,0.0,19811420.0,49.75595048128611
53.0,0.0,19811680.0,49.75594789278245
53.01,0.0,19811940.0,49.75594530582825
53.02,0.0,19812200.0,49.75594272046408
53.03,0.0,19812450.0,49.755940136659895
53.04,0.0,19812700.0,49.75593755441051
53.05,0.0,19812960.0,49.7559349737267
53.06,0.0,19813210.0,49.75593239464116
53.07,0.0,19813460.0,49.755929817200325
53.08,0.0,19813710.0,49.75592724139376
53.09,0.0,19813950.0,49.75592466716959
53.1,0.0,19814200.0,49.755922094524024
53.11,0.0,19814440.0,49.75591952348758
53.12,0.0,19814680.0,49.7559169540501
53.13,0.0,19814930.0,49.755914386250346
53.14,0.0,19815160.0,49.7559118200849
53.15,0.0,19815400.0,49.75590925553377
53.16,0.0,19815640.0,49.755906692631804
53.17,0.0,19815870.0,49.75590413138932
53.18,0.0,19816100.0,49.75590157180105
53.19,0.0,19816340.0,49.75589901393029
53.2,0.0,19816560.0,49.755896457813776
53.21,0.0,19816790.0,49.75589390340666
53.22,0.0,19817020.0,49.75589135075192
53.23,0.0,19817240.0,49.755888799880914
53.24,0.0,19817460.0,49.75588625075522
53.25,0.0,19817680.0,49.75588370343339
53.26,0.0,19817890.0,49.755881157969675
53.27,0.0,19818110.0,49.75587861435418
53.28,0.0,19818320.0,49.755876072601204
53.29,0.0,19818530.0,49.75587353267023
53.3,0.0,19818740.0,49.755870994565065
53.31,0.0,19818940.0,49.75586845831487
53.32,0.0,19819140.0,49.75586592390786
53.33,0.0,19819340.0,49.7558633913747
53.34,0.0,19819540.0,49.75586086078273
53.35,0.0,19819730.0,49.755858332154375
53.36,0.0,19819930.0,49.75585580548692
53.37,0.0,19820120.0,49.75585328083216
53.38,0.0,19820300.0,49.755850758210734
53.39,0.0,19820490.0,49.75584823762873
53.4,0.0,19820670.0,49.75584571907773
53.41,0.0,19820840.0,49.75584320254777
53.42,0.0,19821020.0,49.75584068802449
53.43,0.0,19821190.0,49.755838175499875
53.44,0.0,19821360.0,49.75583566504497
53.45,0.0,19821530.0,49.75583315671867
53.46,0.0,19821690.0,49.75583065050298
53.47,0.0,19821850.0,49.755828146400134
53.48,0.0,19822000.0,49.75582564442484
53.49,0.0,19822160.0,49.755823144533906
53.5,0.0,19822310.0,49.7558206467192
53.51,0.0,19822450.0,49.755818150996625
53.52,0.0,19822600.0,49.75581565741044
53.53,0.0,19822740.0,49.75581316602371
53.54,0.0,19822870.0,49.7558106768464
53.55,0.0,19823000.0,49.755808189850015
53.56,0.0,19823130.0,49.75580570497872
53.57,0.0,19823260.0,49.75580322223541
53.58,0.0,19823380.0,49.75580074166523
53.59,0.0,19823500.0,49.75579826327856
53.6,0.0,19823610.0,49.755795787061345
53.61,0.0,19823720.0,49.75579331298331
53.62,0.0,19823830.0,49.755790841081335
53.63,0.0,19823930.0,49.75578837136392
53.64,0.0,19824030.0,49.75578590383301
53.65,0.0,19824130.0,49.75578343855228
53.66,0.0,19824220.0,49.75578097548835
53.67,0.0,19824310.0,49.75577851461816
53.68,0.0,19824390.0,49.75577605599343
53.69,0.0,19824470.0,49.75577359957878
53.7,0.0,19824540.0,49.755771145356924
53.71,0.0,19824620.0,49.755768693391175
53.72,0.0,19824680.0,49.75576624366237
53.73,0.0,19824750.0,49.755763796172694
53.74,0.0,19824800.0,49.755761350930285
53.75,0.0,19824860.0,49.755758907962935
53.76,0.0,19824910.0,49.75575646730299
53.77,0.0,19824960.0,49.755754028923846
53.78,0.0,19825000.0,49.75575159282562
53.79,0.0,19825040.0,49.75574915903088
53.8,0.0,19825070.0,49.75574672758157
53.81,0.0,19825100.0,49.755744298459135
53.82,0.0,19825120.0,49.75574187168293
53.83,0.0,19825140.0,49.75573944729045
53.84,0.0,19825160.0,49.75573702527038
53.85,0.0,19825170.0,49.75573460564523
53.86,0.0,19825180.0,49.755732188465124
53.87,0.0,19825180.0,49.75572977372561
53.88,0.0,19825180.0,49.755727361386946
53.89,0.0,19825170.0,49.75572495145345
53.9,0.0,19825160.0,49.755722543964666
53.91,0.0,19825150.0,49.755720138988444
53.92,0.0,19825130.0,49.75571773653825
53.93,0.0,19825110.0,49.75571533659202
53.94,0.0,19825080.0,49.75571293917117
53.95,0.0,19825040.0,49.75571054425414
53.96,0.0,19825010.0,49.75570815186984
53.97,0.0,19824970.0,49.755705762073944
53.98,0.0,19824920.0,49.75570337487888
53.99,0.0,19824870.0,49.75570099025699
54.0,0.0,19824810.0,49.75569860823283
54.01,0.0,19824750.0,49.755696228858746
54.02,0.0,19824690.0,49.75569385214439
54.03,0.0,19824620.0,49.755691478059234
54.04,0.0,19824550.0,49.75568910662472
54.05,0.0,19824470.0,49.75568673788949
54.06,0.0,19824390.0,49.75568437185863
54.07,0.0,19824300.0,49.75568200849612
54.08,0.0,19824210.0,49.755679647816834
54.09,0.0,19824110.0,49.755677289861616
54.1,0.0,19824010.0,49.75567493462656
54.11,0.0,19823910.0,49.75567258206544
54.12,0.0,19823800.0,49.75567023218158
54.13,0.0,19823690.0,49.75566788500296
54.14,0.0,19823570.0,49.755665540511686
54.15,0.0,19823450.0,49.7556631987234
54.16,0.0,19823320.0,49.75566085967879
54.17,0.0,19823190.0,49.75565852343683
54.18,0.0,19823050.0,49.755656189992095
54.19,0.0,19822910.0,49.755653859293766
54.2,0.0,19822770.0,49.75565153140184
54.21,0.0,19822620.0,49.75564920637752
54.22,0.0,19822470.0,49.75564688413969
54.23,0.0,19822310.0,49.755644564648584
54.24,0.0,19822150.0,49.755642247959045
54.25,0.0,19821990.0,49.75563993412719
54.26,0.0,19821820.0,49.75563762313093
54.27,0.0,19821650.0,49.755635314968636
54.28,0.0,19821470.0,49.755633009639524
54.29,0.0,19821290.0,49.75563070707688
54.3,0.0,19821100.0,49.755628407308144
54.31,0.0,19820910.0,49.75562611034835
54.32,0.0,19820720.0,49.75562381621336
54.33,0.0,19820520.0,49.7556215249043
54.34,0.0,19820320.0,49.755619236421204
54.35,0.0,19820120.0,49.75561695082485
54.36,0.0,19819910.0,49.75561466807278
54.37,0.0,19819700.0,49.75561238812279
54.38,0.0,19819480.0,49.75561011099416
54.39,0.0,19819260.0,49.755607836680646
54.4,0.0,19819040.0,49.755605565230205
54.41,0.0,19818810.0,49.75560329664655
54.42,0.0,19818580.0,49.755601030908494
54.43,0.0,19818350.0,49.75559876803654
54.44,0.0,19818110.0,49.755596508009646
54.45,0.0,19817870.0,49.75559425084818
54.46,0.0,19817630.0,49.755591996595015
54.47,0.0,19817380.0,49.75558974523633
54.48,0.0,19817130.0,49.75558749678765
54.49,0.0,19816870.0,49.75558525127731
54.5,0.0,19816620.0,49.755583008669134
54.51,0.0,19816360.0,49.75558076895
54.52,0.0,19816090.0,49.75557853211438
54.53,0.0,19815830.0,49.75557629816541
54.54,0.0,19815560.0,49.755574067102486
54.55,0.0,19815280.0,49.7555718389247
54.56,0.0,19815010.0,49.75556961362039
54.57,0.0,19814730.0,49.75556739117187
54.58,0.0,19814450.0,49.755565171623466
54.59,0.0,19814170.0,49.75556295498654
54.6,0.0,19813880.0,49.75556074124893
54.61,0.0,19813590.0,49.75555853044661
54.62,0.0,19813300.0,49.755556322571486
54.63,0.0,19813010.0,49.75555411758304
54.64,0.0,19812710.0,49.755551915481696
54.65,0.0,19812410.0,49.755549716295356
54.66,0.0,19812110.0,49.7555475199915
54.67,0.0,19811810.0,49.75554532656958
54.68,0.0,19811500.0,49.755543136036366
54.69,0.0,19811200.0,49.75554094841256
54.7,0.0,19810890.0,49.75553876371212
54.71,0.0,19810570.0,49.755536581874495
54.72,0.0,19810260.0,49.75553440292415
54.73,0.0,19809950.0,49.75553222686327
54.74,0.0,19809630.0,49.75553005368462
54.75,0.0,19809310.0,49.75552788343298
54.76,0.0,19808990.0,49.75552571611787
54.77,0.0,19808670.0,49.75552355171617
54.78,0.0,19808350.0,49.755521390173996
54.79,0.0,19808020.0,49.755519231485465
54.8,0.0,19807700.0,49.75551707567046
54.81,0.0,19807370.0,49.755514922693
54.82,0.0,19807040.0,49.75551277254544
54.83,0.0,19806710.0,49.7555106252304
54.84,0.0,19806380.0,49.75550848075975
54.85,0.0,19806050.0,49.75550633914068
54.86,0.0,19805720.0,49.755504200377736
54.87,0.0,19805380.0,49.755502064461425
54.88,0.0,19805050.0,49.755499931372185
54.89,0.0,19804710.0,49.75549780107059
54.9,0.0,19804380.0,49.755495673502395
54.91,0.0,19804040.0,49.755493548667125
54.92,0.0,19803700.0,49.75549142660069
54.93,0.0,19803370.0,49.75548930728466
54.94,0.0,19803030.0,49.755487190736226
54.95,0.0,19802690.0,49.755485076981884
54.96,0.0,19802350.0,49.755482965985244
54.97,0.0,19802020.0,49.75548085772602
54.98,0.0,19801680.0,49.75547875219054
54.99,0.0,19801340.0,49.755476649364695
55.0,0.0,19801000.0,49.755474549228204
55.01,0.0,19800670.0,49.75547245182758
55.02,0.0,19800330.0,49.75547035717195
55.03,0.0,19799990.0,49.7554682651711
55.04,0.0,19799650.0,49.75546617579951
55.05,0.0,19799320.0,49.755464089069854
55.06,0.0,19798980.0,49.75546200502535
55.07,0.0,19798650.0,49.75545992364363
55.08,0.0,19798310.0,49.75545784485803
55.09,0.0,19797980.0,49.75545576870314
55.1,0.0,19797650.0,49.755453695209454
55.11,0.0,19797320.0,49.7554516243275
55.12,0.0,19796990.0,49.755449556016714
55.13,0.0,19796660.0,49.75544749030833
55.14,0.0,19796330.0,49.755445427206354
55.15,0.0,19796010.0,49.75544336669407
55.16,0.0,19795680.0,49.755441308726
55.17,0.0,19795360.0,49.75543925331191
55.18,0.0,19795040.0,49.755437200485716
55.19,0.0,19794710.0,49.75543515015241
55.2,0.0,19794400.0,49.75543310226479
55.21,0.0,19794080.0,49.755431056871224
55.22,0.0,19793760.0,49.75542901394053
55.23,0.0,19793450.0,49.75542697345709
55.24,0.0,19793140.0,49.75542493547568
55.25,0.0,19792830.0,49.75542289995178
55.26,0.0,19792530.0,49.755420866840836
55.27,0.0,19792220.0,49.75541883615644
55.28,0.0,19791920.0,49.75541680788044
55.29,0.0,19791620.0,49.75541478196379
55.3,0.0,19791320.0,49.75541275840429
55.31,0.0,19791030.0,49.755410737223634
55.32,0.0,19790740.0,49.75540871838509
55.33,0.0,19790450.0,49.75540670187738
55.34,0.0,19790160.0,49.75540468769618
55.35,0.0,19789880.0,49.755402675842916
55.36,0.0,19789600.0,49.755400666310564
55.37,0.0,19789330.0,49.75539865908569
55.38,0.0,19789050.0,49.755396654136916
55.39,0.0,19788780.0,49.75539465141895
55.4,0.0,19788520.0,49.75539265094011
55.41,0.0,19788250.0,49.75539065266684
55.42,0.0,19787990.0,49.75538865661039
55.43,0.0,19787740.0,49.75538666279781
55.44,0.0,19787490.0,49.755384671197675
55.45,0.0,19787240.0,49.755382681797435
55.46,0.0,19786990.0,49.755380694515644
55.47,0.0,19786750.0,49.75537870929448
55.48,0.0,19786520.0,49.75537672615296
55.49,0.0,19786280.0,49.75537474509308
55.5,0.0,19786060.0,49.75537276609771
55.51,0.0,19785830.0,49.755370789128825
55.52,0.0,19785610.0,49.755368814126236
55.53,0.0,19785400.0,49.75536684108404
55.54,0.0,19785190.0,49.75536487002679
55.55,0.0,19784980.0,49.75536290092638
55.56,0.0,19784780.0,49.755360933708346
55.57,0.0,19784580.0,49.75535896833403
55.58,0.0,19784390.0,49.75535700485857
55.59,0.0,19784210.0,49.75535504325081
55.6,0.0,19784020.0,49.75535308342041
55.61,0.0,19783850.0,49.755351125367866
55.62,0.0,19783680.0,49.755349169082855
55.63,0.0,19783510.0,49.755347214548856
55.64,0.0,19783350.0,49.75534526173392
55.65,0.0,19783190.0,49.75534331059663
55.66,0.0,19783040.0,49.755341361077896
55.67,0.0,19782890.0,49.75533941310768
55.68,0.0,19782750.0,49.755337466675066
55.69,0.0,19782620.0,49.755335521812086
55.7,0.0,19782490.0,49.75533357850407
55.71,0.0,19782370.0,49.755331636703545
55.72,0.0,19782250.0,49.755329696405575
55.73,0.0,19782130.0,49.755327757558526
55.74,0.0,19782030.0,49.75532582015577
55.75,0.0,19781930.0,49.75532388421066
55.76,0.0,19781830.0,49.75532194968574
55.77,0.0,19781740.0,49.7553200164954
55.78,0.0,19781650.0,49.755318084598485
55.79,0.0,19781570.0,49.75531615397411
55.8,0.0,19781500.0,49.755314224628684
55.81,0.0,19781430.0,49.755312296576015
55.82,0.0,19781370.0,49.75531036977002
55.83,0.0,19781320.0,49.755308444187854
55.84,0.0,19781270.0,49.755306519823975
55.85,0.0,19781220.0,49.755304596685605
55.86,0.0,19781180.0,49.75530267478951
55.87,0.0,19781150.0,49.75530075408206
55.88,0.0,19781120.0,49.75529883453807
55.89,0.0,19781100.0,49.755296916141525
55.9,0.0,19781090.0,49.755294998896375
55.91,0.0,19781080.0,49.75529308280942
55.92,0.0,19781070.0,49.755291167825476
55.93,0.0,19781080.0,49.75528925391211
55.94,0.0,19781080.0,49.755287341055194
55.95,0.0,19781100.0,49.75528542925548
55.96,0.0,19781120.0,49.75528351852622
55.97,0.0,19781140.0,49.7552816088912
55.98,0.0,19781170.0,49.755279700306204
55.99,0.0,19781210.0,49.7552777927586
56.0,0.0,19781250.0,49.755275886248704
56.01,0.0,19781300.0,49.755273980723835
56.02,0.0,19781360.0,49.75527207616215
56.03,0.0,19781420.0,49.755270172567435
56.04,0.0,19781480.0,49.755268269965164
56.05,0.0,19781550.0,49.7552663683222
56.06,0.0,19781630.0,49.75526446756785
56.07,0.0,19781710.0,49.755262567675
56.08,0.0,19781800.0,49.755260668652554
56.09,0.0,19781890.0,49.75525877053996
56.1,0.0,19781990.0,49.755256873325415
56.11,0.0,19782090.0,49.75525497696597
56.12,0.0,19782200.0,49.75525308146773
56.13,0.0,19782320.0,49.755251186800265
56.14,0.0,19782440.0,49.75524929291381
56.15,0.0,19782560.0,49.75524739981718
56.16,0.0,19782690.0,49.7552455074905
56.17,0.0,19782830.0,49.75524361590109
56.18,0.0,19782970.0,49.75524172500283
56.19,0.0,19783120.0,49.755239834748934
56.2,0.0,19783270.0,49.75523794516635
56.21,0.0,19783420.0,49.75523605626581
56.22,0.0,19783580.0,49.75523416797816
56.23,0.0,19783750.0,49.755232280252905
56.24,0.0,19783920.0,49.75523039312876
56.25,0.0,19784100.0,49.755228506640776
56.26,0.0,19784280.0,49.755226620754286
56.27,0.0,19784460.0,49.755224735384225
56.28,0.0,19784650.0,49.755222850487606
56.29,0.0,19784850.0,49.755220966052164
56.3,0.0,19785050.0,49.75521908210055
56.31,0.0,19785250.0,49.75521719860343
56.32,0.0,19785460.0,49.75521531550844
56.33,0.0,19785670.0,49.75521343281435
56.34,0.0,19785890.0,49.755211550571076
56.35,0.0,19786110.0,49.75520966878963
56.36,0.0,19786330.0,49.75520778739109
56.37,0.0,19786560.0,49.75520590637944
56.38,0.0,19786790.0,49.75520402574453
56.39,0.0,19787030.0,49.75520214548334
56.4,0.0,19787270.0,49.75520026559053
56.41,0.0,19787520.0,49.755198386077154
56.42,0.0,19787760.0,49.75519650695934
56.43,0.0,19788020.0,49.75519462819806
56.44,0.0,19788270.0,49.755192749787405
56.45,0.0,19788530.0,49.75519087175262
56.46,0.0,19788790.0,49.75518899407134
56.47,0.0,19789060.0,49.75518711669601
56.48,0.0,19789330.0,49.75518523963564
56.49,0.0,19789600.0,49.75518336287164
56.5,0.0,19789880.0,49.75518148637605
56.51,0.0,19790160.0,49.75517961019
56.52,0.0,19790440.0,49.75517773433701
56.53,0.0,19790720.0,49.75517585876182
56.54,0.0,19791010.0,49.75517398343053
56.55,0.0,19791300.0,49.755172108402654
56.56,0.0,19791600.0,49.755170233739236
56.57,0.0,19791890.0,49.755168359437484
56.58,0.0,19792190.0,49.75516648545062
56.59,0.0,19792490.0,49.75516461178059
56.6,0.0,19792800.0,49.755162738466815
56.61,0.0,19793100.0,49.755160865513055
56.62,0.0,19793410.0,49.75515899290125
56.63,0.0,19793720.0,49.75515712060213
56.64,0.0,19794030.0,49.75515524858376
56.65,0.0,19794350.0,49.75515337681812
56.66,0.0,19794670.0,49.75515150536378
56.67,0.0,19794980.0,49.75514963426934
56.68,0.0,19795300.0,49.75514776351742
56.69,0.0,19795630.0,49.75514589311621
56.7,0.0,19795950.0,49.75514402302256
56.71,0.0,19796270.0,49.755142153243234
56.72,0.0,19796600.0,49.7551402838172
56.73,0.0,19796930.0,49.75513841475055
56.74,0.0,19797260.0,49.75513654602334
56.75,0.0,19797590.0,49.75513467760806
56.76,0.0,19797920.0,49.75513280954837
56.77,0.0,19798250.0,49.75513094187236
56.78,0.0,19798580.0,49.75512907453161
56.79,0.0,19798920.0,49.75512720750132
56.8,0.0,19799250.0,49.75512534085232
56.81,0.0,19799590.0,49.75512347458183
56.82,0.0,19799920.0,49.755121608648864
56.83,0.0,19800260.0,49.755119743053164
56.84,0.0,19800600.0,49.75511787783914
56.85,0.0,19800930.0,49.75511601300858
56.86,0.0,19801270.0,49.75511414854933
56.87,0.0,19801610.0,49.755112284508904
56.88,0.0,19801950.0,49.755110420917006
56.89,0.0,19802280.0,49.755108557718266
56.9,0.0,19802620.0,49.75510669488099
56.91,0.0,19802960.0,49.75510483246246
56.92,0.0,19803290.0,49.755102970447666
56.93,0.0,19803630.0,49.7551011088553
56.94,0.0,19803970.0,49.755099247723564
56.95,0.0,19804300.0,49.75509738704787
56.96,0.0,19804640.0,49.755095526867215
56.97,0.0,19804970.0,49.75509366718348
56.98,0.0,19805310.0,49.755091807982176
56.99,0.0,19805640.0,49.75508994923563
57.0,0.0,19805970.0,49.755088090918434
57.01,0.0,19806300.0,49.75508623308384
57.02,0.0,19806630.0,49.75508437577545
57.03,0.0,19806960.0,49.75508251896464
57.04,0.0,19807290.0,49.75508066264963
57.05,0.0,19807620.0,49.755078806849134
57.06,0.0,19807940.0,49.75507695161027
57.07,0.0,19808260.0,49.75507509692469
57.08,0.0,19808590.0,49.75507324275939
57.09,0.0,19808910.0,49.75507138913236
57.1,0.0,19809230.0,49.755069536113744
57.11,0.0,19809540.0,49.755067683736456
57.12,0.0,19809860.0,49.75506583194577
57.13,0.0,19810170.0,49.75506398077228
57.14,0.0,19810480.0,49.75506213023497
57.15,0.0,19810790.0,49.755060280362414
57.16,0.0,19811100.0,49.755058431183336
57.17,0.0,19811400.0,49.75505658266769
57.18,0.0,19811700.0,49.75505473481577
57.19,0.0,19812000.0,49.75505288765698
57.2,0.0,19812300.0,49.75505104124889
57.21,0.0,19812590.0,49.755049195599156
57.22,0.0,19812890.0,49.75504735068817
57.23,0.0,19813180.0,49.755045506551
57.24,0.0,19813460.0,49.755043663193305
57.25,0.0,19813750.0,49.75504182060931
57.26,0.0,19814030.0,49.75503997886024
57.27,0.0,19814310.0,49.75503813798727
57.28,0.0,19814580.0,49.755036297950184
57.29,0.0,19814850.0,49.75503445872715
57.3,0.0,19815120.0,49.75503262038629
57.31,0.0,19815390.0,49.755030782916215
57.32,0.0,19815650.0,49.755028946338385
57.33,0.0,19815910.0,49.755027110685084
57.34,0.0,19816160.0,49.75502527594375
57.35,0.0,19816420.0,49.755023442135666
57.36,0.0,19816670.0,49.75502160931929
57.37,0.0,19816910.0,49.75501977750291
57.38,0.0,19817150.0,49.75501794667268
57.39,0.0,19817390.0,49.75501611686603
57.4,0.0,19817620.0,49.75501428809369
57.41,0.0,19817850.0,49.75501246034962
57.42,0.0,19818080.0,49.75501063369579
57.43,0.0,19818300.0,49.75500880816755
57.44,0.0,19818520.0,49.755006983718914
57.45,0.0,19818740.0,49.75500516039194
57.46,0.0,19818950.0,49.755003338217406
57.47,0.0,19819160.0,49.7550015172337
57.48,0.0,19819360.0,49.75499969747568
57.49,0.0,19819560.0,49.75499787891433
57.5,0.0,19819750.0,49.75499606154473
57.51,0.0,19819940.0,49.75499424538383
57.52,0.0,19820130.0,49.75499243046869
57.53,0.0,19820310.0,49.7549906168551
57.54,0.0,19820480.0,49.75498880453913
57.55,0.0,19820660.0,49.754986993556564
57.56,0.0,19820830.0,49.75498518396391
57.57,0.0,19820990.0,49.75498337577215
57.58,0.0,19821150.0,49.754981568952566
57.59,0.0,19821300.0,49.75497976353149
57.6,0.0,19821450.0,49.75497795956748
57.61,0.0,19821600.0,49.75497615700509
57.62,0.0,19821740.0,49.75497435585625
57.63,0.0,19821880.0,49.75497255617472
57.64,0.0,19822010.0,49.75497075798456
57.65,0.0,19822130.0,49.75496896128217
57.66,0.0,19822260.0,49.75496716605059
57.67,0.0,19822370.0,49.75496537233483
57.68,0.0,19822490.0,49.7549635801528
57.69,0.0,19822590.0,49.75496178950925
57.7,0.0,19822700.0,49.754960000470916
57.71,0.0,19822800.0,49.75495821307704
57.72,0.0,19822890.0,49.75495642727583
57.73,0.0,19822980.0,49.75495464302275
57.74,0.0,19823060.0,49.75495286035052
57.75,0.0,19823140.0,49.75495107935332
57.76,0.0,19823210.0,49.754949300019746
57.77,0.0,19823280.0,49.75494752234677
57.78,0.0,19823350.0,49.75494574639625
57.79,0.0,19823400.0,49.7549439721397
57.8,0.0,19823460.0,49.75494219963279
57.81,0.0,19823510.0,49.7549404289069
57.82,0.0,19823550.0,49.75493865991677
57.83,0.0,19823590.0,49.75493689269854
57.84,0.0,19823630.0,49.75493512727462
57.85,0.0,19823660.0,49.75493336366279
57.86,0.0,19823680.0,49.754931601870354
57.87,0.0,19823700.0,49.754929841902296
57.88,0.0,19823720.0,49.75492808383184
57.89,0.0,19823730.0,49.754926327707516
57.9,0.0,19823730.0,49.75492457356398
57.91,0.0,19823730.0,49.75492282141752
57.92,0.0,19823730.0,49.75492107127504
57.93,0.0,19823720.0,49.75491932312831
57.94,0.0,19823700.0,49.75491757696192
57.95,0.0,19823690.0,49.754915832824096
57.96,0.0,19823660.0,49.75491409073368
57.97,0.0,19823630.0,49.75491235069107
57.98,0.0,19823600.0,49.75491061267381
57.99,0.0,19823560.0,49.75490887672295
58.0,0.0,19823520.0,49.75490714291402
58.01,0.0,19823470.0,49.7549054112055
58.02,0.0,19823420.0,49.75490368161628
58.03,0.0,19823370.0,49.754901954196654
58.04,0.0,19823310.0,49.75490022895438
58.05,0.0,19823240.0,49.754898505854484
58.06,0.0,19823170.0,49.754896784909086
58.07,0.0,19823100.0,49.754895066150944
58.08,0.0,19823020.0,49.75489334956128
58.09,0.0,19822940.0,49.754891635148454
58.1,0.0,19822850.0,49.7548899229384
58.11,0.0,19822760.0,49.75488821296718
58.12,0.0,19822670.0,49.7548865052751
58.13,0.0,19822570.0,49.754884799824715
58.14,0.0,19822470.0,49.754883096597545
58.15,0.0,19822360.0,49.754881395650266
58.16,0.0,19822250.0,49.754879697023505
58.17,0.0,19822140.0,49.75487800074135
58.18,0.0,19822020.0,49.754876306733586
58.19,0.0,19821900.0,49.75487461501305
58.2,0.0,19821770.0,49.75487292563392
58.21,0.0,19821640.0,49.75487123854352
58.22,0.0,19821510.0,49.754869553749536
58.23,0.0,19821370.0,49.75486787129626
58.24,0.0,19821230.0,49.75486619118176
58.25,0.0,19821090.0,49.75486451336394
58.26,0.0,19820940.0,49.75486283784246
58.27,0.0,19820790.0,49.75486116463922
58.28,0.0,19820640.0,49.75485949371875
58.29,0.0,19820480.0,49.75485782507415
58.3,0.0,19820320.0,49.754856158710545
58.31,0.0,19820160.0,49.754854494567894
58.32,0.0,19820000.0,49.754852832686005
58.33,0.0,19819830.0,49.754851173088966
58.34,0.0,19819650.0,49.75484951572701
58.35,0.0,19819480.0,49.75484786063077
58.36,0.0,19819300.0,49.75484620781278
58.37,0.0,19819120.0,49.754844557274424
58.38,0.0,19818940.0,49.75484290899841
58.39,0.0,19818750.0,49.75484126295578
58.4,0.0,19818560.0,49.754839619175755
58.41,0.0,19818370.0,49.754837977652414
58.42,0.0,19818180.0,49.754836338355396
58.43,0.0,19817980.0,49.75483470130272
58.44,0.0,19817780.0,49.75483306654678
58.45,0.0,19817580.0,49.75483143408637
58.46,0.0,19817380.0,49.75482980388145
58.47,0.0,19817170.0,49.754828175929134
58.48,0.0,19816960.0,49.75482655025214
58.49,0.0,19816750.0,49.75482492689001
58.5,0.0,19816540.0,49.754823305892145
58.51,0.0,19816330.0,49.754821687235115
58.52,0.0,19816110.0,49.754820070918946
58.53,0.0,19815890.0,49.754818456945706
58.54,0.0,19815670.0,49.75481684532867
58.55,0.0,19815450.0,49.75481523607364
58.56,0.0,19815220.0,49.754813629113
58.57,0.0,19814990.0,49.75481202446656
58.58,0.0,19814770.0,49.754810422212664
58.59,0.0,19814530.0,49.75480882232429
58.6,0.0,19814300.0,49.75480722477255
58.61,0.0,19814070.0,49.754805629588155
58.62,0.0,19813830.0,49.754804036774395
58.63,0.0,19813590.0,49.754802446309945
58.64,0.0,19813360.0,49.754800858228215
58.65,0.0,19813110.0,49.75479927251853
58.66,0.0,19812870.0,49.754797689145455
58.67,0.0,19812630.0,49.75479610811528
58.68,0.0,19812380.0,49.75479452947015
58.69,0.0,19812140.0,49.75479295319338
58.7,0.0,19811890.0,49.7547913793092
58.71,0.0,19811640.0,49.75478980785122
58.72,0.0,19811390.0,49.75478823879921
58.73,0.0,19811140.0,49.75478667215191
58.74,0.0,19810880.0,49.754785107848754
58.75,0.0,19810630.0,49.754783545856775
58.76,0.0,19810380.0,49.75478198623214
58.77,0.0,19810120.0,49.754780428942915
58.78,0.0,19809860.0,49.754778873975376
58.79,0.0,19809600.0,49.75477732138463
58.8,0.0,19809340.0,49.75477577113483
58.81,0.0,19809080.0,49.75477422319305
58.82,0.0,19808820.0,49.75477267751898
58.83,0.0,19808560.0,49.754771134069806
58.84,0.0,19808300.0,49.754769592868406
58.85,0.0,19808030.0,49.754768053908705
58.86,0.0,19807770.0,49.754766517165386
58.87,0.0,19807510.0,49.75476498266582
58.88,0.0,19807240.0,49.75476345039825
58.89,0.0,19806970.0,49.754761920323695
58.9,0.0,19806710.0,49.75476039244961
58.91,0.0,19806440.0,49.75475886681675
58.92,0.0,19806170.0,49.75475734341147
58.93,0.0,19805910.0,49.75475582218108
58.94,0.0,19805640.0,49.75475430311005
58.95,0.0,19805370.0,49.75475278620882
58.96,0.0,19805100.0,49.754751271427835
58.97,0.0,19804830.0,49.75474975875145
58.98,0.0,19804560.0,49.75474824817456
58.99,0.0,19804290.0,49.754746739633
59.0,0.0,19804020.0,49.75474523316169
59.01,0.0,19803750.0,49.75474372878629
59.02,0.0,19803480.0,49.754742226457985
59.03,0.0,19803210.0,49.75474072613766
59.04,0.0,19802950.0,49.754739227868114
59.05,0.0,19802680.0,49.75473773166942
59.06,0.0,19802410.0,49.75473623747672
59.07,0.0,19802140.0,49.754734745303764
59.08,0.0,19801870.0,49.754733255139065
59.09,0.0,19801600.0,49.754731766961314
59.1,0.0,19801330.0,49.75473028072564
59.11,0.0,19801060.0,49.75472879637861
59.12,0.0,19800800.0,49.75472731399889
59.13,0.0,19800530.0,49.75472583361078
59.14,0.0,19800260.0,49.75472435512881
59.15,0.0,19799990.0,49.75472287852683
59.16,0.0,19799730.0,49.75472140381548
59.17,0.0,19799460.0,49.75471993103767
59.18,0.0,19799200.0,49.754718460174836
59.19,0.0,19798930.0,49.75471699117017
59.2,0.0,19798670.0,49.75471552407573
59.21,0.0,19798410.0,49.75471405894818
59.22,0.0,19798150.0,49.75471259577399
59.23,0.0,19797890.0,49.75471113448164
59.24,0.0,19797630.0,49.75470967502842
59.25,0.0,19797370.0,49.75470821746191
59.26,0.0,19797110.0,49.75470676181986
59.27,0.0,19796850.0,49.75470530805855
59.28,0.0,19796600.0,49.75470385614478
59.29,0.0,19796340.0,49.75470240604402
59.3,0.0,19796090.0,49.75470095772422
59.31,0.0,19795830.0,49.75469951122302
59.32,0.0,19795580.0,49.75469806655239
59.33,0.0,19795330.0,49.75469662370772
59.34,0.0,19795080.0,49.75469518266201
59.35,0.0,19794830.0,49.75469374337427
59.36,0.0,19794590.0,49.75469230586038
59.37,0.0,19794340.0,49.7546908701005
59.38,0.0,19794100.0,49.754689436050334
59.39,0.0,19793860.0,49.754688003714556
59.4,0.0,19793620.0,49.7546865731331
59.41,0.0,19793380.0,49.754685144293354
59.42,0.0,19793140.0,49.75468371714521
59.43,0.0,19792900.0,49.75468229167726
59.44,0.0,19792670.0,49.75468086790539
59.45,0.0,19792440.0,49.75467944586407
59.46,0.0,19792200.0,49.754678025522075
59.47,0.0,19791970.0,49.754676606800565
59.48,0.0,19791750.0,49.75467518972879
59.49,0.0,19791520.0,49.75467377433389
59.5,0.0,19791300.0,49.75467236057429
59.51,0.0,19791080.0,49.75467094842287
59.52,0.0,19790860.0,49.75466953786109
59.53,0.0,19790640.0,49.75466812887446
59.54,0.0,19790420.0,49.754666721449084
59.55,0.0,19790210.0,49.75466531556895
59.56,0.0,19790000.0,49.75466391121394
59.57,0.0,19789790.0,49.75466250835817
59.58,0.0,19789580.0,49.754661106968854
59.59,0.0,19789370.0,49.75465970700537
59.6,0.0,19789170.0,49.75465830841868
59.61,0.0,19788970.0,49.75465691122822
59.62,0.0,19788770.0,49.754655515420836
59.63,0.0,19788570.0,49.754654120968745
59.64,0.0,19788380.0,49.75465272789493
59.65,0.0,19788190.0,49.75465133618892
59.66,0.0,19788000.0,49.754649945812005
59.67,0.0,19787810.0,49.75464855677856
59.68,0.0,19787620.0,49.754647169058444
59.69,0.0,19787440.0,49.754645782597514
59.7,0.0,19787260.0,49.75464439746262
59.71,0.0,19787090.0,49.75464301365827
59.72,0.0,19786910.0,49.75464163115126
59.73,0.0,19786740.0,49.75464024994115
59.74,0.0,19786570.0,49.75463886998018
59.75,0.0,19786400.0,49.75463749125894
59.76,0.0,19786240.0,49.75463611378946
59.77,0.0,19786080.0,49.754634737527795
59.78,0.0,19785920.0,49.75463336246172
59.79,0.0,19785760.0,49.75463198859538
59.8,0.0,19785610.0,49.75463061587309
59.81,0.0,19785460.0,49.75462924426798
59.82,0.0,19785310.0,49.75462787376749
59.83,0.0,19785170.0,49.75462650437509
59.84,0.0,19785030.0,49.75462513609868
59.85,0.0,19784890.0,49.75462376895455
59.86,0.0,19784750.0,49.75462240295751
59.87,0.0,19784620.0,49.754621038048654
59.88,0.0,19784490.0,49.754619674187346
59.89,0.0,19784360.0,49.7546183114165
59.9,0.0,19784240.0,49.75461694976552
59.91,0.0,19784120.0,49.75461558918089
59.92,0.0,19784000.0,49.75461422962024
59.93,0.0,19783880.0,49.754612871119335
59.94,0.0,19783770.0,49.75461151369623
59.95,0.0,19783660.0,49.75461015728297
59.96,0.0,19783560.0,49.75460880182036
59.97,0.0,19783450.0,49.75460744732571
59.98,0.0,19783350.0,49.75460609379751
59.99,0.0,19783260.0,49.75460474122494
60.0,0.0,19783170.0,49.754603389659636
60.01,0.0,19783080.0,49.7546020391236
60.02,0.0,19782990.0,49.75460068954367
60.03,0.0,19782910.0,49.75459934092591
60.04,0.0,19782820.0,49.754597993246854
60.05,0.0,19782750.0,49.75459664647838
60.06,0.0,19782670.0,49.75459530064574
60.07,0.0,19782600.0,49.75459395567307
60.08,0.0,19782540.0,49.754592611559474
60.09,0.0,19782470.0,49.75459126834879
60.1,0.0,19782410.0,49.754589925977236
60.11,0.0,19782350.0,49.75458858445093
60.12,0.0,19782300.0,49.754587243816914
60.13,0.0,19782250.0,49.75458590401167
60.14,0.0,19782200.0,49.75458456496198
60.15,0.0,19782160.0,49.75458322665728
60.16,0.0,19782120.0,49.75458188913532
60.17,0.0,19782080.0,49.75458055239381
60.18,0.0,19782040.0,49.75457921640513
60.19,0.0,19782010.0,49.754577881192276
60.2,0.0,19781990.0,49.75457654673994
60.21,0.0,19781960.0,49.75457521300895
60.22,0.0,19781940.0,49.7545738800119
60.23,0.0,19781920.0,49.754572547724166
60.24,0.0,19781910.0,49.75457121609816
60.25,0.0,19781900.0,49.75456988513903
60.26,0.0,19781890.0,49.754568554815485
60.27,0.0,19781890.0,49.75456722507422
60.28,0.0,19781890.0,49.754565895915476
60.29,0.0,19781890.0,49.75456456738136
60.3,0.0,19781900.0,49.75456323946939
60.31,0.0,19781910.0,49.754561912148745
60.32,0.0,19781920.0,49.75456058543749
60.33,0.0,19781940.0,49.754559259314426
60.34,0.0,19781960.0,49.754557933734425
60.35,0.0,19781980.0,49.75455660870453
60.36,0.0,19782010.0,49.754555284195476
60.37,0.0,19782040.0,49.754553960233565
60.38,0.0,19782070.0,49.75455263687596
60.39,0.0,19782110.0,49.75455131406224
60.4,0.0,19782150.0,49.75454999171782
60.41,0.0,19782190.0,49.75454866982801
60.42,0.0,19782240.0,49.75454734842529
60.43,0.0,19782290.0,49.75454602750198
60.44,0.0,19782350.0,49.754544707103214
60.45,0.0,19782400.0,49.754543387225475
60.46,0.0,19782470.0,49.75454206784683
60.47,0.0,19782530.0,49.75454074898926
60.48,0.0,19782600.0,49.754539430644854
60.49,0.0,19782670.0,49.75453811277617
60.5,0.0,19782740.0,49.754536795329344
60.51,0.0,19782820.0,49.75453547830903
60.52,0.0,19782900.0,49.75453416176581
60.53,0.0,19782990.0,49.754532845709285
60.54,0.0,19783070.0,49.75453153012382
60.55,0.0,19783160.0,49.75453021496788
60.56,0.0,19783260.0,49.754528900263864
60.57,0.0,19783360.0,49.754527586071475
60.58,0.0,19783460.0,49.754526272338076
60.59,0.0,19783560.0,49.75452495900095
60.6,0.0,19783670.0,49.75452364606062
60.61,0.0,19783780.0,49.754522333567294
60.62,0.0,19783900.0,49.754521021533094
60.63,0.0,19784010.0,49.754519709947076
60.64,0.0,19784130.0,49.754518398774096
60.65,0.0,19784260.0,49.754517087966796
60.66,0.0,19784390.0,49.754515777539396
60.67,0.0,19784520.0,49.75451446755454
60.68,0.0,19784650.0,49.75451315803566
60.69,0.0,19784790.0,49.7545118489049
60.7,0.0,19784930.0,49.75451054016019
60.71,0.0,19785070.0,49.75450923184586
60.72,0.0,19785220.0,49.75450792390103
60.73,0.0,19785370.0,49.75450661633759
60.74,0.0,19785520.0,49.754505309134224
60.75,0.0,19785680.0,49.75450400226343
60.76,0.0,19785840.0,49.754502695751185
60.77,0.0,19786010.0,49.75450138960123
60.78,0.0,19786170.0,49.75450008379393
60.79,0.0,19786340.0,49.75449877829839
60.8,0.0,19786520.0,49.75449747314627
60.81,0.0,19786690.0,49.75449616834146
60.82,0.0,19786870.0,49.75449486387327
60.83,0.0,19787050.0,49.75449355971398
60.84,0.0,19787240.0,49.75449225582981
60.85,0.0,19787430.0,49.75449095217679
60.86,0.0,19787620.0,49.75448964871054
60.87,0.0,19787820.0,49.75448834545856
60.88,0.0,19788010.0,49.75448704242861
60.89,0.0,19788220.0,49.75448573962105
60.9,0.0,19788420.0,49.75448443702571
60.91,0.0,19788630.0,49.7544831346323
60.92,0.0,19788840.0,49.75448183242604
60.93,0.0,19789050.0,49.75448053039693
60.94,0.0,19789270.0,49.75447922853451
60.95,0.0,19789490.0,49.754477926836664
60.96,0.0,19789710.0,49.75447662530382
60.97,0.0,19789940.0,49.75447532394737
60.98,0.0,19790160.0,49.75447402270612
60.99,0.0,19790390.0,49.75447272155529
61.0,0.0,19790630.0,49.754471420559376
61.01,0.0,19790860.0,49.754470119714
61.02,0.0,19791100.0,49.75446881896422
61.03,0.0,19791340.0,49.754467518296096
61.04,0.0,19791590.0,49.754466217724755
61.05,0.0,19791830.0,49.75446491722064
61.06,0.0,19792080.0,49.75446361680038
61.07,0.0,19792330.0,49.75446231643657
61.08,0.0,19792590.0,49.75446101608429
61.09,0.0,19792840.0,49.754459715753306
61.1,0.0,19793100.0,49.75445841550663
61.11,0.0,19793360.0,49.75445711536941
61.12,0.0,19793630.0,49.75445581527702
61.13,0.0,19793890.0,49.75445451524722
61.14,0.0,19794160.0,49.754453215282616
61.15,0.0,19794430.0,49.75445191539154
61.16,0.0,19794700.0,49.75445061565566
61.17,0.0,19794970.0,49.754449316070435
61.18,0.0,19795250.0,49.754448016575076
61.19,0.0,19795520.0,49.75444671721767
61.2,0.0,19795800.0,49.75444541805233
61.21,0.0,19796080.0,49.75444411900109
61.22,0.0,19796360.0,49.754442820042264
61.23,0.0,19796640.0,49.75444152119019
61.24,0.0,19796930.0,49.754440222505316
61.25,0.0,19797210.0,49.754438923999125
61.26,0.0,19797500.0,49.75443762566939
61.27,0.0,19797790.0,49.754436327566296
61.28,0.0,19798080.0,49.75443502964445
61.29,0.0,19798370.0,49.75443373186637
61.3,0.0,19798660.0,49.75443243427695
61.31,0.0,19798950.0,49.754431136913446
61.32,0.0,19799250.0,49.75442983981914
61.33,0.0,19799540.0,49.75442854296368
61.34,0.0,19799830.0,49.75442724635484
61.35,0.0,19800130.0,49.7544259500162
61.36,0.0,19800420.0,49.75442465393129
61.37,0.0,19800720.0,49.75442335812226
61.38,0.0,19801020.0,49.754422062576175
61.39,0.0,19801310.0,49.75442076725822
61.4,0.0,19801610.0,49.75441947219949
61.41,0.0,19801910.0,49.75441817740444
61.42,0.0,19802200.0,49.754416882875354
61.43,0.0,19802500.0,49.75441558860573
61.44,0.0,19802800.0,49.7544142946008
61.45,0.0,19803090.0,49.7544130008678
61.46,0.0,19803390.0,49.7544117074343
61.47,0.0,19803690.0,49.75441041433669
61.48,0.0,19803980.0,49.754409121559576
61.49,0.0,19804280.0,49.754407829046535
61.5,0.0,19804570.0,49.754406536798584
61.51,0.0,19804870.0,49.75440524485447
61.52,0.0,19805160.0,49.75440395322408
61.53,0.0,19805450.0,49.75440266189416
61.54,0.0,19805750.0,49.7544013708457
61.55,0.0,19806040.0,49.75440008013197
61.56,0.0,19806330.0,49.75439878971397
61.57,0.0,19806620.0,49.75439749957686
61.58,0.0,19806900.0,49.75439620978842
61.59,0.0,19807190.0,49.75439492034531
61.6,0.0,19807470.0,49.754393631194596
61.61,0.0,19807760.0,49.75439234232777
61.62,0.0,19808040.0,49.754391053770426
61.63,0.0,19808320.0,49.75438976551006
61.64,0.0,19808600.0,49.75438847758763
61.65,0.0,19808880.0,49.75438719000804
61.66,0.0,19809150.0,49.75438590276687
61.67,0.0,19809430.0,49.75438461592266
61.68,0.0,19809700.0,49.754383329440806
61.69,0.0,19809970.0,49.7543820433035
61.7,0.0,19810230.0,49.754380757576115
61.71,0.0,19810500.0,49.75437947224657
61.72,0.0,19810760.0,49.754378187331824
61.73,0.0,19811020.0,49.75437690286404
61.74,0.0,19811280.0,49.75437561882855
61.75,0.0,19811540.0,49.75437433525031
61.76,0.0,19811790.0,49.75437305211345
61.77,0.0,19812040.0,49.754371769381976
61.78,0.0,19812290.0,49.75437048708031
61.79,0.0,19812530.0,49.75436920528543
61.8,0.0,19812770.0,49.754367924043365
61.81,0.0,19813010.0,49.75436664331039
61.82,0.0,19813250.0,49.75436536313216
61.83,0.0,19813480.0,49.754364083538974
61.84,0.0,19813710.0,49.754362804496196
61.85,0.0,19813940.0,49.754361526064905
61.86,0.0,19814160.0,49.75436024830849
61.87,0.0,19814380.0,49.754358971226125
61.88,0.0,19814600.0,49.75435769477149
61.89,0.0,19814810.0,49.754356418944425
61.9,0.0,19815020.0,49.75435514377896
61.91,0.0,19815230.0,49.754353869346815
61.92,0.0,19815430.0,49.754352595669985
61.93,0.0,19815630.0,49.75435132274887
61.94,0.0,19815830.0,49.75435005063557
61.95,0.0,19816020.0,49.754348779355944
61.96,0.0,19816210.0,49.754347508919466
61.97,0.0,19816390.0,49.75434623932679
61.98,0.0,19816570.0,49.75434497057562
61.99,0.0,19816750.0,49.7543437026652
62.0,0.0,19816920.0,49.75434243559979
62.01,0.0,19817090.0,49.754341169391374
62.02,0.0,19817250.0,49.75433990406171
62.03,0.0,19817410.0,49.75433863964385
62.04,0.0,19817570.0,49.75433737618323
62.05,0.0,19817720.0,49.75433611373847
62.06,0.0,19817870.0,49.75433485230455
62.07,0.0,19818010.0,49.75433359183647
62.08,0.0,19818150.0,49.75433233240909
62.09,0.0,19818280.0,49.75433107403309
62.1,0.0,19818410.0,49.75432981669138
62.11,0.0,19818540.0,49.75432856040599
62.12,0.0,19818660.0,49.75432730516805
62.13,0.0,19818770.0,49.75432605101814
62.14,0.0,19818880.0,49.75432479796093
62.15,0.0,19818990.0,49.754323545982224
62.16,0.0,19819090.0,49.754322295126435
62.17,0.0,19819190.0,49.75432104540898
62.18,0.0,19819280.0,49.754319796831645
62.19,0.0,19819370.0,49.75431854945859
62.2,0.0,19819450.0,49.754317303327745
62.21,0.0,19819520.0,49.75431605838799
62.22,0.0,19819600.0,49.75431481467504
62.23,0.0,19819660.0,49.754313572204275
62.24,0.0,19819730.0,49.754312330919234
62.25,0.0,19819780.0,49.75431109085077
62.26,0.0,19819840.0,49.75430985202235
62.27,0.0,19819880.0,49.75430861446003
62.28,0.0,19819930.0,49.75430737818693
62.29,0.0,19819960.0,49.75430614323192
62.3,0.0,19820000.0,49.75430490962328
62.31,0.0,19820020.0,49.75430367731928
62.32,0.0,19820040.0,49.75430244630197
62.33,0.0,19820060.0,49.75430121664377
62.34,0.0,19820070.0,49.754299988411574
62.35,0.0,19820080.0,49.75429876159815
62.36,0.0,19820080.0,49.75429753621635
62.37,0.0,19820080.0,49.75429631228885
62.38,0.0,19820070.0,49.75429508977585
62.39,0.0,19820050.0,49.75429386866641
62.4,0.0,19820030.0,49.75429264896608
62.41,0.0,19820010.0,49.75429143070013
62.42,0.0,19819980.0,49.754290213903154
62.43,0.0,19819950.0,49.75428899862366
62.44,0.0,19819910.0,49.75428778491467
62.45,0.0,19819860.0,49.754286572761956
62.46,0.0,19819810.0,49.75428536217571
62.47,0.0,19819750.0,49.75428415317843
62.48,0.0,19819690.0,49.75428294573116
62.49,0.0,19819630.0,49.75428173982361
62.5,0.0,19819550.0,49.75428053546093
62.51,0.0,19819480.0,49.754279332666286
62.52,0.0,19819400.0,49.754278131469746
62.53,0.0,19819310.0,49.754276931912635
62.54,0.0,19819220.0,49.75427573403763
62.55,0.0,19819120.0,49.754274537816826
62.56,0.0,19819020.0,49.75427334324321
62.57,0.0,19818910.0,49.754272150395636
62.58,0.0,19818800.0,49.754270959264325
62.59,0.0,19818680.0,49.754269769858965
62.6,0.0,19818560.0,49.75426858226083
62.61,0.0,19818430.0,49.75426739646389
62.62,0.0,19818300.0,49.75426621246934
62.63,0.0,19818160.0,49.754265030275796
62.64,0.0,19818020.0,49.75426384988417
62.65,0.0,19817870.0,49.754262671288764
62.66,0.0,19817720.0,49.75426149448307
62.67,0.0,19817560.0,49.754260319528484
62.68,0.0,19817400.0,49.754259146460036
62.69,0.0,19817240.0,49.75425797529625
62.7,0.0,19817060.0,49.75425680603376
62.71,0.0,19816890.0,49.7542556386559
62.72,0.0,19816710.0,49.75425447320371
62.73,0.0,19816520.0,49.75425330968329
62.74,0.0,19816330.0,49.754252148076986
62.75,0.0,19816140.0,49.75425098841641
62.76,0.0,19815940.0,49.75424983069136
62.77,0.0,19815730.0,49.75424867486223
62.78,0.0,19815530.0,49.75424752093407
62.79,0.0,19815310.0,49.754246368943434
62.8,0.0,19815100.0,49.75424521894817
62.81,0.0,19814880.0,49.754244070942136
62.82,0.0,19814650.0,49.7542429249492
62.83,0.0,19814420.0,49.75424178100001
62.84,0.0,19814190.0,49.75424063906238
62.85,0.0,19813950.0,49.75423949912187
62.86,0.0,19813710.0,49.75423836117388
62.87,0.0,19813460.0,49.75423722521744
62.88,0.0,19813210.0,49.75423609132754
62.89,0.0,19812960.0,49.7542349595508
62.9,0.0,19812700.0,49.75423382984287
62.91,0.0,19812440.0,49.754232702154845
62.92,0.0,19812180.0,49.754231576506925
62.93,0.0,19811910.0,49.754230452962375
62.94,0.0,19811640.0,49.754229331542795
62.95,0.0,19811360.0,49.75422821223267
62.96,0.0,19811080.0,49.754227094982625
62.97,0.0,19810800.0,49.75422597978931
62.98,0.0,19810510.0,49.754224866674036
62.99,0.0,19810220.0,49.754223755601714
63.0,0.0,19809930.0,49.754222646565516
63.01,0.0,19809630.0,49.75422153956931
63.02,0.0,19809340.0,49.754220434626646
63.03,0.0,19809030.0,49.754219331747194
63.04,0.0,19808730.0,49.754218230938754
63.05,0.0,19808420.0,49.754217132195976
63.06,0.0,19808110.0,49.75421603550424
63.07,0.0,19807800.0,49.75421494090709
63.08,0.0,19807480.0,49.754213848410544
63.09,0.0,19807170.0,49.754212757992256
63.1,0.0,19806850.0,49.75421166967263
63.11,0.0,19806520.0,49.754210583422385
63.12,0.0,19806200.0,49.75420949925118
63.13,0.0,19805870.0,49.75420841718019
63.14,0.0,19805540.0,49.754207337169106
63.15,0.0,19805210.0,49.75420625927154
63.16,0.0,19804880.0,49.754205183524434
63.17,0.0,19804540.0,49.75420410988099
63.18,0.0,19804200.0,49.75420303829332
63.19,0.0,19803860.0,49.75420196878343
63.2,0.0,19803520.0,49.75420090141481
63.21,0.0,19803180.0,49.754199836205956
63.22,0.0,19802840.0,49.75419877313341
63.23,0.0,19802490.0,49.75419771213404
63.24,0.0,19802150.0,49.75419665318396
63.25,0.0,19801800.0,49.75419559635379
63.26,0.0,19801450.0,49.754194541626426
63.27,0.0,19801100.0,49.754193488999235
63.28,0.0,19800750.0,49.75419243853169
63.29,0.0,19800400.0,49.75419139018263
63.3,0.0,19800050.0,49.75419034390233
63.31,0.0,19799700.0,49.75418929969748
63.32,0.0,19799340.0,49.75418825761149
63.33,0.0,19798990.0,49.754187217631504
63.34,0.0,19798640.0,49.75418617969956
63.35,0.0,19798280.0,49.75418514378549
63.36,0.0,19797930.0,49.75418410995046
63.37,0.0,19797580.0,49.754183078235435
63.38,0.0,19797220.0,49.75418204859343
63.39,0.0,19796870.0,49.7541810209716
63.4,0.0,19796520.0,49.75417999538195
63.41,0.0,19796160.0,49.75417897179535
63.42,0.0,19795810.0,49.75417795015561
63.43,0.0,19795460.0,49.75417693051929
63.44,0.0,19795110.0,49.75417591286841
63.45,0.0,19794760.0,49.75417489720932
63.46,0.0,19794410.0,49.75417388354012
63.47,0.0,19794060.0,49.754172871786665
63.48,0.0,19793720.0,49.754171861952386
63.49,0.0,19793370.0,49.7541708540163
63.5,0.0,19793030.0,49.75416984793728
63.51,0.0,19792680.0,49.754168843721835
63.52,0.0,19792340.0,49.75416784140635
63.53,0.0,19792000.0,49.75416684096597
63.54,0.0,19791670.0,49.754165842327254
63.55,0.0,19791330.0,49.75416484544247
63.56,0.0,19791000.0,49.754163850354445
63.57,0.0,19790670.0,49.75416285708608
63.58,0.0,19790340.0,49.75416186557369
63.59,0.0,19790010.0,49.75416087575019
63.6,0.0,19789680.0,49.75415988761659
63.61,0.0,19789360.0,49.75415890113711
63.62,0.0,19789040.0,49.754157916253924
63.63,0.0,19788720.0,49.75415693295041
63.64,0.0,19788410.0,49.75415595124277
63.65,0.0,19788090.0,49.754154971083324
63.66,0.0,19787790.0,49.754153992459145
63.67,0.0,19787480.0,49.754153015359535
63.68,0.0,19787170.0,49.7541520397123
63.69,0.0,19786870.0,49.75415106553359
63.7,0.0,19786580.0,49.75415009282619
63.71,0.0,19786280.0,49.754149121583865
63.72,0.0,19785990.0,49.75414815178197
63.73,0.0,19785700.0,49.754147183383076
63.74,0.0,19785420.0,49.75414621640592
63.75,0.0,19785140.0,49.754145250831094
63.76,0.0,19784860.0,49.75414428661142
63.77,0.0,19784580.0,49.754143323744444
63.78,0.0,19784310.0,49.75414236218098
63.79,0.0,19784050.0,49.754141401915
63.8,0.0,19783780.0,49.75414044295724
63.81,0.0,19783520.0,49.754139485263146
63.82,0.0,19783270.0,49.754138528812064
63.83,0.0,19783010.0,49.75413757359822
63.84,0.0,19782770.0,49.754136619623935
63.85,0.0,19782520.0,49.754135666894264
63.86,0.0,19782280.0,49.75413471541305
63.87,0.0,19782050.0,49.7541337651798
63.88,0.0,19781810.0,49.754132816109944
63.89,0.0,19781580.0,49.754131868133875
63.9,0.0,19781360.0,49.754130921332425
63.91,0.0,19781140.0,49.75412997574631
63.92,0.0,19780930.0,49.75412903131766
63.93,0.0,19780710.0,49.754128087979666
63.94,0.0,19780510.0,49.75412714573314
63.95,0.0,19780310.0,49.75412620462263
63.96,0.0,19780110.0,49.75412526465346
63.97,0.0,19779910.0,49.75412432579791
63.98,0.0,19779720.0,49.75412338799998
63.99,0.0,19779540.0,49.7541224512566
64.0,0.0,19779360.0,49.75412151552002
64.01,0.0,19779180.0,49.75412058071839
64.02,0.0,19779010.0,49.75411964690094
64.03,0.0,19778840.0,49.754118714054826
64.04,0.0,19778680.0,49.754117782129946
64.05,0.0,19778520.0,49.75411685110989
64.06,0.0,19778370.0,49.754115921009316
64.07,0.0,19778220.0,49.75411499185932
64.08,0.0,19778080.0,49.75411406363139
64.09,0.0,19777940.0,49.754113136249174
64.1,0.0,19777810.0,49.75411220967491
64.11,0.0,19777680.0,49.75411128389335
64.12,0.0,19777550.0,49.75411035891236
64.13,0.0,19777430.0,49.7541094347504
64.14,0.0,19777320.0,49.75410851136249
64.15,0.0,19777200.0,49.754107588653326
64.16,0.0,19777100.0,49.754106666564915
64.17,0.0,19777000.0,49.75410574513887
64.18,0.0,19776900.0,49.754104824339414
64.19,0.0,19776810.0,49.75410390416049
64.2,0.0,19776720.0,49.75410298459956
64.21,0.0,19776640.0,49.7541020655988
64.22,0.0,19776560.0,49.754101147121574
64.23,0.0,19776490.0,49.7541002291543
64.24,0.0,19776420.0,49.75409931169516
64.25,0.0,19776360.0,49.75409839468092
64.26,0.0,19776300.0,49.754097478078116
64.27,0.0,19776250.0,49.75409656187049
64.28,0.0,19776200.0,49.754095646062396
64.29,0.0,19776150.0,49.754094730668406
64.3,0.0,19776110.0,49.75409381564103
64.31,0.0,19776080.0,49.754092900962284
64.32,0.0,19776050.0,49.754091986631785
64.33,0.0,19776020.0,49.75409107259281
64.34,0.0,19776000.0,49.754090158823
64.35,0.0,19775990.0,49.75408924532152
64.36,0.0,19775980.0,49.7540883320346
64.37,0.0,19775970.0,49.75408741894568
64.38,0.0,19775970.0,49.75408650606224
64.39,0.0,19775970.0,49.754085593418296
64.4,0.0,19775980.0,49.75408468098631
64.41,0.0,19775990.0,49.7540837687049
64.42,0.0,19776010.0,49.75408285655231
64.43,0.0,19776030.0,49.75408194454566
64.44,0.0,19776050.0,49.75408103272777
64.45,0.0,19776080.0,49.75408012109225
64.46,0.0,19776120.0,49.75407920959605
64.47,0.0,19776160.0,49.754078298169105
64.48,0.0,19776200.0,49.75407738679955
64.49,0.0,19776250.0,49.75407647551634
64.5,0.0,19776300.0,49.754075564311535
64.51,0.0,19776360.0,49.75407465315042
64.52,0.0,19776420.0,49.75407374205684
64.53,0.0,19776480.0,49.754072831018746
64.54,0.0,19776550.0,49.75407192001114
64.55,0.0,19776630.0,49.75407100906569
64.56,0.0,19776700.0,49.754070098189736
64.57,0.0,19776790.0,49.75406918737389
64.58,0.0,19776870.0,49.7540682765982
64.59,0.0,19776960.0,49.75406736583677
64.6,0.0,19777060.0,49.754066455061654
64.61,0.0,19777150.0,49.75406554424579
64.62,0.0,19777260.0,49.754064633365516
64.63,0.0,19777360.0,49.754063722402606
64.64,0.0,19777470.0,49.75406281134584
64.65,0.0,19777590.0,49.75406190019244
64.66,0.0,19777700.0,49.75406098894916
64.67,0.0,19777830.0,49.7540600776332
64.68,0.0,19777950.0,49.75405916627288
64.69,0.0,19778080.0,49.754058254830994
64.7,0.0,19778210.0,49.75405734330584
64.71,0.0,19778350.0,49.754056431713714
64.72,0.0,19778490.0,49.754055520023634
64.73,0.0,19778630.0,49.75405460824166
64.74,0.0,19778780.0,49.75405369632877
64.75,0.0,19778930.0,49.754052784220306
64.76,0.0,19779080.0,49.75405187190594
64.77,0.0,19779240.0,49.754050959421264
64.78,0.0,19779400.0,49.7540500467638
64.79,0.0,19779570.0,49.75404913391154
64.8,0.0,19779730.0,49.75404822090161
64.81,0.0,19779900.0,49.75404730774361
64.82,0.0,19780080.0,49.75404639443576
64.83,0.0,19780250.0,49.754045480964535
64.84,0.0,19780430.0,49.75404456731742
64.85,0.0,19780620.0,49.75404365347993
64.86,0.0,19780800.0,49.75404273936889
64.87,0.0,19780990.0,49.75404182500608
64.88,0.0,19781180.0,49.75404091040887
64.89,0.0,19781370.0,49.75403999553731
64.9,0.0,19781570.0,49.75403908037508
64.91,0.0,19781770.0,49.75403816493487
64.92,0.0,19781970.0,49.75403724924972
64.93,0.0,19782180.0,49.754036333301734
64.94,0.0,19782380.0,49.754035417037464
64.95,0.0,19782590.0,49.7540345004571
64.96,0.0,19782800.0,49.75403358360053
64.97,0.0,19783020.0,49.75403266647201
64.98,0.0,19783230.0,49.75403174905219
64.99,0.0,19783450.0,49.754030831307595
65.0,0.0,19783670.0,49.75402991327522
65.01,0.0,19783900.0,49.7540289949677
65.02,0.0,19784120.0,49.754028076395876
65.03,0.0,19784350.0,49.75402715756056
65.04,0.0,19784580.0,49.75402623839463
65.05,0.0,19784810.0,49.75402531893044
65.06,0.0,19785040.0,49.7540243991987
65.07,0.0,19785270.0,49.75402347916876
65.08,0.0,19785510.0,49.75402255883742
65.09,0.0,19785750.0,49.75402163822732
65.1,0.0,19785990.0,49.75402071730842
65.11,0.0,19786230.0,49.75401979609786
65.12,0.0,19786470.0,49.75401887464114
65.13,0.0,19786710.0,49.754017952946064
65.14,0.0,19786960.0,49.75401703098901
65.15,0.0,19787200.0,49.75401610873271
65.16,0.0,19787450.0,49.75401518620466
65.17,0.0,19787700.0,49.75401426341005
65.18,0.0,19787950.0,49.75401334034778
65.19,0.0,19788200.0,49.754012417009875
65.2,0.0,19788450.0,49.75401149339403
65.21,0.0,19788700.0,49.75401056950049
65.22,0.0,19788960.0,49.754009645342464
65.23,0.0,19789210.0,49.754008720941535
65.24,0.0,19789470.0,49.754007796259444
65.25,0.0,19789720.0,49.75400687129308
65.26,0.0,19789980.0,49.75400594606498
65.27,0.0,19790240.0,49.75400502062863
65.28,0.0,19790490.0,49.754004094982676
65.29,0.0,19790750.0,49.75400316910014
65.3,0.0,19791010.0,49.7540022430031
65.31,0.0,19791270.0,49.75400131668547
65.32,0.0,19791530.0,49.75400039020103
65.33,0.0,19791780.0,49.753999463570985
65.34,0.0,19792040.0,49.753998536808524
65.35,0.0,19792300.0,49.753997609911934
65.36,0.0,19792560.0,49.75399668288519
65.37,0.0,19792820.0,49.75399575572807
65.38,0.0,19793080.0,49.75399482845439
65.39,0.0,19793340.0,49.75399390108024
65.4,0.0,19793600.0,49.75399297356341
65.41,0.0,19793850.0,49.753992045891295
65.42,0.0,19794110.0,49.753991118078645
65.43,0.0,19794370.0,49.75399019016595
65.44,0.0,19794630.0,49.75398926214066
65.45,0.0,19794880.0,49.75398833403686
65.46,0.0,19795140.0,49.75398740591633
65.47,0.0,19795390.0,49.75398647772475
65.48,0.0,19795650.0,49.75398554947598
65.49,0.0,19795900.0,49.75398462122802
65.5,0.0,19796160.0,49.75398369293579
65.51,0.0,19796410.0,49.75398276455492
65.52,0.0,19796660.0,49.75398183611631
65.53,0.0,19796910.0,49.75398090763647
65.54,0.0,19797160.0,49.75397997913099
65.55,0.0,19797410.0,49.75397905061231
65.56,0.0,19797660.0,49.7539781221007
65.57,0.0,19797900.0,49.753977193619995
65.58,0.0,19798150.0,49.75397626512973
65.59,0.0,19798390.0,49.753975336620286
65.6,0.0,19798630.0,49.75397440818075
65.61,0.0,19798870.0,49.75397347982648
65.62,0.0,19799110.0,49.753972551531774
65.63,0.0,19799350.0,49.75397162330697
65.64,0.0,19799590.0,49.75397069512307
65.65,0.0,19799820.0,49.753969767001344
65.66,0.0,19800060.0,49.75396883899926
65.67,0.0,19800290.0,49.75396791113532
65.68,0.0,19800520.0,49.75396698340088
65.69,0.0,19800750.0,49.753966055846746
65.7,0.0,19800980.0,49.753965128489504
65.71,0.0,19801200.0,49.75396420133511
65.72,0.0,19801420.0,49.75396327437138
65.73,0.0,19801650.0,49.753962347587716
65.74,0.0,19801870.0,49.75396142104212
65.75,0.0,19802080.0,49.753960494700955
65.76,0.0,19802300.0,49.75395956854543
65.77,0.0,19802510.0,49.75395864263557
65.78,0.0,19802720.0,49.75395771702467
65.79,0.0,19802930.0,49.753956791686235
65.8,0.0,19803140.0,49.7539558666175
65.81,0.0,19803350.0,49.753954941901036
65.82,0.0,19803550.0,49.753954017540195
65.83,0.0,19803750.0,49.75395309348516
65.84,0.0,19803950.0,49.75395216979472
65.85,0.0,19804140.0,49.753951246530775
65.86,0.0,19804340.0,49.75395032369522
65.87,0.0,19804530.0,49.75394940123844
65.88,0.0,19804720.0,49.753948479155966
65.89,0.0,19804900.0,49.75394755746732
65.9,0.0,19805090.0,49.753946636225315
65.91,0.0,19805270.0,49.75394571549731
65.92,0.0,19805450.0,49.75394479529916
65.93,0.0,19805630.0,49.753943875601195
65.94,0.0,19805800.0,49.753942956422904
65.95,0.0,19805980.0,49.75394203781036
65.96,0.0,19806150.0,49.75394111976692
65.97,0.0,19806310.0,49.75394020225695
65.98,0.0,19806480.0,49.75393928529871
65.99,0.0,19806640.0,49.75393836894042
66.0,0.0,19806800.0,49.753937453189764
66.01,0.0,19806960.0,49.75393653809422
66.02,0.0,19807110.0,49.753935623655316
66.03,0.0,19807260.0,49.753934709845424
66.04,0.0,19807410.0,49.75393379668512
66.05,0.0,19807560.0,49.75393288415549
66.06,0.0,19807710.0,49.753931972290594
66.07,0.0,19807850.0,49.7539310611531
66.08,0.0,19807990.0,49.753930150763566
66.09,0.0,19808120.0,49.753929241103265
66.1,0.0,19808260.0,49.753928332128986
66.11,0.0,19808390.0,49.753927423849134
66.12,0.0,19808520.0,49.753926516312255
66.13,0.0,19808650.0,49.75392560952102
66.14,0.0,19808770.0,49.75392470344859
66.15,0.0,19808890.0,49.75392379811592
66.16,0.0,19809010.0,49.75392289358106
66.17,0.0,19809130.0,49.753921989853986
66.18,0.0,19809240.0,49.75392108691341
66.19,0.0,19809350.0,49.75392018470724
66.2,0.0,19809460.0,49.75391928324303
66.21,0.0,19809570.0,49.75391838256223
66.22,0.0,19809670.0,49.753917482668555
66.23,0.0,19809770.0,49.75391658353019
66.24,0.0,19809870.0,49.75391568517152
66.25,0.0,19809970.0,49.75391478764828
66.26,0.0,19810060.0,49.75391389089946
66.27,0.0,19810150.0,49.753912994927916
66.28,0.0,19810240.0,49.7539120997738
66.29,0.0,19810330.0,49.75391120544273
66.3,0.0,19810410.0,49.75391031190744
66.31,0.0,19810490.0,49.75390941912197
66.32,0.0,19810570.0,49.75390852709729
66.33,0.0,19810640.0,49.753907635889576
66.34,0.0,19810710.0,49.75390674551383
66.35,0.0,19810780.0,49.75390585596023
66.36,0.0,19810850.0,49.75390496727106
66.37,0.0,19810920.0,49.75390407945286
66.38,0.0,19810980.0,49.753903192491514
66.39,0.0,19811040.0,49.753902306351094
66.4,0.0,19811090.0,49.75390142106315
66.41,0.0,19811150.0,49.7539005366999
66.42,0.0,19811200.0,49.753899653224714
66.43,0.0,19811250.0,49.75389877059398
66.44,0.0,19811290.0,49.7538978888303
66.45,0.0,19811340.0,49.75389700800895
66.46,0.0,19811380.0,49.75389612817
66.47,0.0,19811410.0,49.753895249333475
66.48,0.0,19811450.0,49.75389437149803
66.49,0.0,19811480.0,49.7538934946529
66.5,0.0,19811510.0,49.753892618851495
66.51,0.0,19811540.0,49.75389174412098
66.52,0.0,19811560.0,49.75389087047519
66.53,0.0,19811580.0,49.753889997911905
66.54,0.0,19811600.0,49.75388912642348
66.55,0.0,19811610.0,49.753888255992315
66.56,0.0,19811620.0,49.75388738660021
66.57,0.0,19811630.0,49.75388651830005
66.58,0.0,19811640.0,49.753885651123845
66.59,0.0,19811640.0,49.75388478509446
66.6,0.0,19811640.0,49.7538839202219
66.61,0.0,19811640.0,49.75388305651313
66.62,0.0,19811640.0,49.753882194044195
66.63,0.0,19811630.0,49.753881332791146
66.64,0.0,19811620.0,49.753880472742566
66.65,0.0,19811600.0,49.75387961395513
66.66,0.0,19811590.0,49.753878756397626
66.67,0.0,19811570.0,49.75387790004778
66.68,0.0,19811540.0,49.75387704496155
66.69,0.0,19811520.0,49.753876191179096
66.7,0.0,19811490.0,49.75387533865787
66.71,0.0,19811460.0,49.753874487368236
66.72,0.0,19811420.0,49.753873637361686
66.73,0.0,19811380.0,49.75387278867619
66.74,0.0,19811340.0,49.7538719412686
66.75,0.0,19811300.0,49.75387109510988
66.76,0.0,19811250.0,49.75387025025299
66.77,0.0,19811200.0,49.75386940673786
66.78,0.0,19811150.0,49.75386856452372
66.79,0.0,19811090.0,49.753867723584015
66.8,0.0,19811030.0,49.75386688389694
66.81,0.0,19810970.0,49.75386604545095
66.82,0.0,19810910.0,49.7538652083134
66.83,0.0,19810840.0,49.75386437253625
66.84,0.0,19810770.0,49.75386353808857
66.85,0.0,19810690.0,49.753862704951906
66.86,0.0,19810610.0,49.75386187311104
66.87,0.0,19810530.0,49.7538610425595
66.88,0.0,19810450.0,49.75386021329122
66.89,0.0,19810360.0,49.753859385306775
66.9,0.0,19810270.0,49.75385855860534
66.91,0.0,19810180.0,49.753857733191374
66.92,0.0,19810090.0,49.7538569090668
66.93,0.0,19809990.0,49.75385608623779
66.94,0.0,19809890.0,49.753855264707205
66.95,0.0,19809780.0,49.75385444440414
66.96,0.0,19809670.0,49.75385362535428
66.97,0.0,19809560.0,49.75385280756828
66.98,0.0,19809450.0,49.75385199098675
66.99,0.0,19809330.0,49.753851175636875
67.0,0.0,19809210.0,49.753850361535676
67.01,0.0,19809090.0,49.75384954869828
67.02,0.0,19808960.0,49.75384873713122
67.03,0.0,19808840.0,49.753847926840265
67.04,0.0,19808710.0,49.753847117900456
67.05,0.0,19808570.0,49.75384631028577
67.06,0.0,19808430.0,49.75384550398033
67.07,0.0,19808290.0,49.7538446990331
67.08,0.0,19808150.0,49.753843895401
67.09,0.0,19808010.0,49.75384309312242
67.1,0.0,19807860.0,49.75384229220799
67.11,0.0,19807710.0,49.75384149266483
67.12,0.0,19807550.0,49.75384069455378
67.13,0.0,19807390.0,49.75383989783473
67.14,0.0,19807230.0,49.75383910246434
67.15,0.0,19807070.0,49.7538383084661
67.16,0.0,19806910.0,49.75383751583685
67.17,0.0,19806740.0,49.75383672463477
67.18,0.0,19806570.0,49.75383593487421
67.19,0.0,19806400.0,49.75383514655288
67.2,0.0,19806220.0,49.75383435971162
67.21,0.0,19806040.0,49.75383357435874
67.22,0.0,19805860.0,49.75383279046868
67.23,0.0,19805680.0,49.75383200799398
67.24,0.0,19805490.0,49.75383122693878
67.25,0.0,19805300.0,49.75383044734551
67.26,0.0,19805110.0,49.75382966920729
67.27,0.0,19804920.0,49.75382889256035
67.28,0.0,19804720.0,49.753828117459484
67.29,0.0,19804520.0,49.75382734383013
67.3,0.0,19804320.0,49.7538265716489
67.31,0.0,19804120.0,49.75382580091702
67.32,0.0,19803910.0,49.75382503166557
67.33,0.0,19803710.0,49.75382426393373
67.34,0.0,19803500.0,49.75382349770006
67.35,0.0,19803280.0,49.75382273296422
67.36,0.0,19803070.0,49.75382196973961
67.37,0.0,19802850.0,49.753821208047846
67.38,0.0,19802630.0,49.75382044783692
67.39,0.0,19802410.0,49.753819689078405
67.4,0.0,19802190.0,49.753818931823844
67.41,0.0,19801970.0,49.75381817603646
67.42,0.0,19801740.0,49.75381742169148
67.43,0.0,19801510.0,49.753816668835
67.44,0.0,19801280.0,49.75381591749494
67.45,0.0,19801050.0,49.75381516760478
67.46,0.0,19800810.0,49.75381441910511
67.47,0.0,19800580.0,49.75381367200345
67.48,0.0,19800340.0,49.753812926363196
67.49,0.0,19800100.0,49.75381218220479
67.5,0.0,19799860.0,49.753811439525
67.51,0.0,19799620.0,49.753810698286216
67.52,0.0,19799370.0,49.75380995843366
67.53,0.0,19799130.0,49.753809219960395
67.54,0.0,19798880.0,49.75380848290025
67.55,0.0,19798630.0,49.75380774730934
67.56,0.0,19798380.0,49.75380701318724
67.57,0.0,19798130.0,49.75380628048605
67.58,0.0,19797880.0,49.75380554919473
67.59,0.0,19797630.0,49.75380481932126
67.6,0.0,19797370.0,49.7538040908142
67.61,0.0,19797110.0,49.75380336364976
67.62,0.0,19796860.0,49.753802637815795
67.63,0.0,19796600.0,49.753801913312465
67.64,0.0,19796340.0,49.75380119021696
67.65,0.0,19796080.0,49.75380046850868
67.66,0.0,19795820.0,49.753799748177336
67.67,0.0,19795560.0,49.753799029275044
67.68,0.0,19795290.0,49.753798311757336
67.69,0.0,19795030.0,49.75379759557797
67.7,0.0,19794760.0,49.753796880756504
67.71,0.0,19794500.0,49.75379616728281
67.72,0.0,19794230.0,49.753795455126514
67.73,0.0,19793970.0,49.75379474430852
67.74,0.0,19793700.0,49.75379403480883
67.75,0.0,19793430.0,49.75379332665552
67.76,0.0,19793160.0,49.75379261989764
67.77,0.0,19792890.0,49.753791914455086
67.78,0.0,19792630.0,49.753791210297685
67.79,0.0,19792360.0,49.75379050749481
67.8,0.0,19792090.0,49.75378980604166
67.81,0.0,19791820.0,49.753789105878056
67.82,0.0,19791550.0,49.7537884069676
67.83,0.0,19791280.0,49.75378770936589
67.84,0.0,19791010.0,49.75378701311276
67.85,0.0,19790740.0,49.753786318167464
67.86,0.0,19790470.0,49.7537856244933
67.87,0.0,19790200.0,49.7537849320526
67.88,0.0,19789930.0,49.75378424088049
67.89,0.0,19789660.0,49.7537835509811
67.9,0.0,19789390.0,49.75378286234351
67.91,0.0,19789130.0,49.75378217500538
67.92,0.0,19788860.0,49.75378148896753
67.93,0.0,19788590.0,49.75378080419788
67.94,0.0,19788320.0,49.75378012063464
67.95,0.0,19788060.0,49.753779438265994
67.96,0.0,19787790.0,49.75377875710883
67.97,0.0,19787520.0,49.75377807712748
67.98,0.0,19787260.0,49.7537773983187
67.99,0.0,19787000.0,49.75377672069404
68.0,0.0,19786730.0,49.75377604427922
68.01,0.0,19786470.0,49.7537753691004
68.02,0.0,19786210.0,49.75377469510932
68.03,0.0,19785950.0,49.75377402227266
68.04,0.0,19785690.0,49.75377335063564
68.05,0.0,19785430.0,49.75377268022338
68.06,0.0,19785180.0,49.75377201097027
68.07,0.0,19784920.0,49.7537713428131
68.08,0.0,19784670.0,49.75377067575718
68.09,0.0,19784410.0,49.75377000978003
68.1,0.0,19784160.0,49.753769344917146
68.11,0.0,19783910.0,49.75376868115517
68.12,0.0,19783660.0,49.75376801845778
68.13,0.0,19783410.0,49.75376735682474
68.14,0.0,19783170.0,49.75376669621541
68.15,0.0,19782920.0,49.75376603662454
68.16,0.0,19782680.0,49.753765378070526
68.17,0.0,19782440.0,49.75376472058626
68.18,0.0,19782200.0,49.753764064134664
68.19,0.0,19781970.0,49.753763408703755
68.2,0.0,19781730.0,49.75376275428425
68.21,0.0,19781500.0,49.75376210080055
68.22,0.0,19781270.0,49.75376144826958
68.23,0.0,19781040.0,49.7537607966928
68.24,0.0,19780810.0,49.7537601460688
68.25,0.0,19780580.0,49.75375949637705
68.26,0.0,19780360.0,49.753758847591264
68.27,0.0,19780140.0,49.75375819974119
68.28,0.0,19779920.0,49.753757552825746
68.29,0.0,19779710.0,49.753756906815894
68.3,0.0,19779490.0,49.75375626165696
68.31,0.0,19779280.0,49.75375561734784
68.32,0.0,19779070.0,49.753754973841616
68.33,0.0,19778870.0,49.753754331142275
68.34,0.0,19778670.0,49.75375368927043
68.35,0.0,19778470.0,49.753753048198085
68.36,0.0,19778270.0,49.753752407919976
68.37,0.0,19778070.0,49.753751768374
68.38,0.0,19777880.0,49.753751129527366
68.39,0.0,19777690.0,49.753750491437344
68.4,0.0,19777510.0,49.75374985415064
68.41,0.0,19777320.0,49.75374921763114
68.42,0.0,19777140.0,49.75374858185162
68.43,0.0,19776960.0,49.75374794678159
68.44,0.0,19776790.0,49.75374731239065
68.45,0.0,19776620.0,49.75374667871581
68.46,0.0,19776450.0,49.753746045765496
68.47,0.0,19776290.0,49.75374541352873
68.48,0.0,19776130.0,49.75374478196907
68.49,0.0,19775970.0,49.753744151032905
68.5,0.0,19775810.0,49.753743520720334
68.51,0.0,19775660.0,49.75374289106983
68.52,0.0,19775520.0,49.7537422620687
68.53,0.0,19775370.0,49.753741633667104
68.54,0.0,19775230.0,49.75374100585333
68.55,0.0,19775100.0,49.753740378641716
68.56,0.0,19774960.0,49.75373975198592
68.57,0.0,19774830.0,49.75373912587229
68.58,0.0,19774710.0,49.75373850029613
68.59,0.0,19774590.0,49.75373787526894
68.6,0.0,19774470.0,49.75373725079832
68.61,0.0,19774360.0,49.753736626898
68.62,0.0,19774250.0,49.75373600356986
68.63,0.0,19774140.0,49.753735380738235
68.64,0.0,19774040.0,49.75373475841146
68.65,0.0,19773940.0,49.75373413657587
68.66,0.0,19773850.0,49.753733515209895
68.67,0.0,19773760.0,49.75373289434659
68.68,0.0,19773680.0,49.7537322739871
68.69,0.0,19773600.0,49.75373165410412
68.7,0.0,19773520.0,49.753731034644396
68.71,0.0,19773450.0,49.75373041560835
68.72,0.0,19773390.0,49.753729796951006
68.73,0.0,19773320.0,49.75372917860149
68.74,0.0,19773270.0,49.75372856060745
68.75,0.0,19773210.0,49.75372794295107
68.76,0.0,19773170.0,49.75372732557354
68.77,0.0,19773120.0,49.7537267084455
68.78,0.0,19773080.0,49.75372609156426
68.79,0.0,19773050.0,49.75372547493897
68.8,0.0,19773020.0,49.75372485859203
68.81,0.0,19773000.0,49.75372424246991
68.82,0.0,19772980.0,49.753723626547874
68.83,0.0,19772960.0,49.75372301080213
68.84,0.0,19772950.0,49.75372239514969
68.85,0.0,19772950.0,49.753721779601406
68.86,0.0,19772950.0,49.753721164162585
68.87,0.0,19772950.0,49.753720548839205
68.88,0.0,19772960.0,49.75371993363018
68.89,0.0,19772980.0,49.75371931845679
68.9,0.0,19773000.0,49.75371870325617
68.91,0.0,19773020.0,49.753718088047954
68.92,0.0,19773050.0,49.7537174728383
68.93,0.0,19773090.0,49.7537168575516
68.94,0.0,19773130.0,49.75371624212559
68.95,0.0,19773170.0,49.75371562657919
68.96,0.0,19773220.0,49.75371501091763
68.97,0.0,19773280.0,49.75371439514225
68.98,0.0,19773340.0,49.753713779245274
68.99,0.0,19773400.0,49.75371316314152
69.0,0.0,19773480.0,49.75371254684076
69.01,0.0,19773550.0,49.753711930337474
69.02,0.0,19773630.0,49.75371131355727
69.03,0.0,19773720.0,49.75371069651499
69.04,0.0,19773810.0,49.75371007921911
69.05,0.0,19773900.0,49.75370946168109
69.06,0.0,19774000.0,49.75370884390983
69.07,0.0,19774110.0,49.75370822592038
69.08,0.0,19774220.0,49.75370760772788
69.09,0.0,19774330.0,49.75370698927839
69.1,0.0,19774450.0,49.75370637054336
69.11,0.0,19774580.0,49.75370575150973
69.12,0.0,19774710.0,49.753705132185125
69.13,0.0,19774840.0,49.75370451258936
69.14,0.0,19774980.0,49.75370389268326
69.15,0.0,19775120.0,49.75370327246164
69.16,0.0,19775270.0,49.75370265194196
69.17,0.0,19775420.0,49.75370203109134
69.18,0.0,19775580.0,49.75370140991793
69.19,0.0,19775740.0,49.75370078838096
69.2,0.0,19775910.0,49.75370016649507
69.21,0.0,19776080.0,49.7536995443019
69.22,0.0,19776250.0,49.75369892173224
69.23,0.0,19776430.0,49.75369829878195
69.24,0.0,19776620.0,49.75369767549484
69.25,0.0,19776800.0,49.75369705188477
69.26,0.0,19777000.0,49.753696427946025
69.27,0.0,19777190.0,49.75369580366126
69.28,0.0,19777390.0,49.75369517900779
69.29,0.0,19777600.0,49.75369455396274
69.3,0.0,19777800.0,49.753693928506976
69.31,0.0,19778020.0,49.75369330262853
69.32,0.0,19778230.0,49.75369267632513
69.33,0.0,19778450.0,49.75369204960648
69.34,0.0,19778680.0,49.75369142249602
69.35,0.0,19778900.0,49.75369079495494
69.36,0.0,19779130.0,49.75369016698425
69.37,0.0,19779370.0,49.75368953860761
69.38,0.0,19779610.0,49.7536889098066
69.39,0.0,19779850.0,49.753688280528245
69.4,0.0,19780090.0,49.75368765078111
69.41,0.0,19780340.0,49.753687020613874
69.42,0.0,19780590.0,49.75368638996964
69.43,0.0,19780840.0,49.753685758791484
69.44,0.0,19781100.0,49.753685127098436
69.45,0.0,19781360.0,49.75368449489666
69.46,0.0,19781630.0,49.753683862194116
69.47,0.0,19781890.0,49.75368322899901
69.48,0.0,19782160.0,49.75368259525423
69.49,0.0,19782430.0,49.75368196093446
69.5,0.0,19782710.0,49.75368132603824
69.51,0.0,19782980.0,49.753680690594884
69.52,0.0,19783260.0,49.75368005457963
69.53,0.0,19783540.0,49.753679417944156
69.54,0.0,19783830.0,49.753678780691935
69.55,0.0,19784120.0,49.75367814287929
69.56,0.0,19784400.0,49.753677504525925
69.57,0.0,19784690.0,49.75367686556449
69.58,0.0,19784990.0,49.75367622601381
69.59,0.0,19785280.0,49.75367558588221
69.6,0.0,19785580.0,49.75367494511143
69.61,0.0,19785880.0,49.7536743036682
69.62,0.0,19786180.0,49.75367366154493
69.63,0.0,19786480.0,49.75367301876032
69.64,0.0,19786780.0,49.75367237535993
69.65,0.0,19787090.0,49.753671731339274
69.66,0.0,19787390.0,49.75367108666745
69.67,0.0,19787700.0,49.75367044137006
69.68,0.0,19788010.0,49.75366979552309
69.69,0.0,19788320.0,49.75366914909344
69.7,0.0,19788630.0,49.75366850205934
69.71,0.0,19788940.0,49.75366785447188
69.72,0.0,19789250.0,49.75366720630358
69.73,0.0,19789570.0,49.753666557549096
69.74,0.0,19789880.0,49.75366590822011
69.75,0.0,19790200.0,49.75366525835428
69.76,0.0,19790510.0,49.75366460793199
69.77,0.0,19790830.0,49.75366395690797
69.78,0.0,19791150.0,49.75366330536489
69.79,0.0,19791460.0,49.7536626533369
69.8,0.0,19791780.0,49.753662000762084
69.81,0.0,19792100.0,49.753661347657804
69.82,0.0,19792410.0,49.75366069402577
69.83,0.0,19792730.0,49.75366003987453
69.84,0.0,19793050.0,49.75365938528868
69.85,0.0,19793360.0,49.75365873027013
69.86,0.0,19793680.0,49.75365807476889
69.87,0.0,19794000.0,49.753657418771255
69.88,0.0,19794310.0,49.75365676229806
69.89,0.0,19794630.0,49.7536561054032
69.9,0.0,19794940.0,49.75365544809531
69.91,0.0,19795260.0,49.753654790360144
69.92,0.0,19795570.0,49.753654132242524
69.93,0.0,19795880.0,49.753653473762085
69.94,0.0,19796190.0,49.75365281493125
69.95,0.0,19796500.0,49.75365215575628
69.96,0.0,19796810.0,49.75365149625096
69.97,0.0,19797120.0,49.75365083643437
69.98,0.0,19797430.0,49.75365017626468
69.99,0.0,19797730.0,49.753649515735674
70.0,0.0,19798040.0,49.753648854868224
70.01,0.0,19798340.0,49.753648193716685
70.02,0.0,19798640.0,49.753647532283686
70.03,0.0,19798940.0,49.75364687054998
70.04,0.0,19799240.0,49.75364620854938
70.05,0.0,19799540.0,49.753645546291935
70.06,0.0,19799830.0,49.753644883774726
70.07,0.0,19800120.0,49.75364422099035
70.08,0.0,19800410.0,49.753643558010715
70.09,0.0,19800700.0,49.753642894891456
70.1,0.0,19800990.0,49.75364223161664
70.11,0.0,19801270.0,49.75364156819055
70.12,0.0,19801550.0,49.75364090456129
70.13,0.0,19801830.0,49.75364024072207
70.14,0.0,19802110.0,49.753639576693814
70.15,0.0,19802380.0,49.75363891253724
70.16,0.0,19802650.0,49.75363824825933
70.17,0.0,19802920.0,49.753637583849624
70.18,0.0,19803190.0,49.753636919347095
70.19,0.0,19803450.0,49.75363625476995
70.2,0.0,19803710.0,49.75363559011889
70.21,0.0,19803970.0,49.75363492539216
70.22,0.0,19804230.0,49.7536342605847
70.23,0.0,19804480.0,49.75363359570001
70.24,0.0,19804730.0,49.75363293074677
70.25,0.0,19804970.0,49.753632265748884
70.26,0.0,19805210.0,49.75363160074047
70.27,0.0,19805450.0,49.75363093577467
70.28,0.0,19805690.0,49.75363027091764
70.29,0.0,19805920.0,49.75362960617928
70.3,0.0,19806150.0,49.7536289415299
70.31,0.0,19806370.0,49.753628276912956
70.32,0.0,19806600.0,49.753627612332465
70.33,0.0,19806810.0,49.75362694783749
70.34,0.0,19807030.0,49.75362628344561
70.35,0.0,19807240.0,49.75362561923127
70.36,0.0,19807450.0,49.753624955233576
70.37,0.0,19807650.0,49.75362429140357
70.38,0.0,19807850.0,49.75362362777531
70.39,0.0,19808040.0,49.75362296436771
70.4,0.0,19808230.0,49.75362230120435
70.41,0.0,19808420.0,49.75362163830327
70.42,0.0,19808600.0,49.75362097561719
70.43,0.0,19808780.0,49.753620313199406
70.44,0.0,19808960.0,49.753619651101396
70.45,0.0,19809130.0,49.7536189893122
70.46,0.0,19809290.0,49.753618327846155
70.47,0.0,19809450.0,49.75361766674037
70.48,0.0,19809610.0,49.753617006052906
70.49,0.0,19809760.0,49.75361634578378
70.5,0.0,19809910.0,49.75361568589703
70.51,0.0,19810060.0,49.753615026402024
70.52,0.0,19810200.0,49.75361436734631
70.53,0.0,19810330.0,49.7536137087326
70.54,0.0,19810460.0,49.753613050614874
70.55,0.0,19810590.0,49.753612392999436
70.56,0.0,19810710.0,49.75361173587702
70.57,0.0,19810820.0,49.753611079286344
70.58,0.0,19810940.0,49.753610423241426
70.59,0.0,19811040.0,49.75360976780982
70.6,0.0,19811150.0,49.75360911302569
70.61,0.0,19811240.0,49.75360845890533
70.62,0.0,19811340.0,49.75360780544641
70.63,0.0,19811420.0,49.753607152639944
70.64,0.0,19811510.0,49.753606500467
70.65,0.0,19811590.0,49.75360584898586
70.66,0.0,19811660.0,49.753605198226545
70.67,0.0,19811730.0,49.75360454814029
70.68,0.0,19811790.0,49.753603898759714
70.69,0.0,19811850.0,49.75360325010473
70.7,0.0,19811900.0,49.75360260219296
70.71,0.0,19811950.0,49.75360195511185
70.72,0.0,19811990.0,49.75360130884976
70.73,0.0,19812030.0,49.753600663408434
70.74,0.0,19812070.0,49.75360001885852
70.75,0.0,19812100.0,49.75359937518319
70.76,0.0,19812120.0,49.75359873237497
70.77,0.0,19812140.0,49.75359809042732
70.78,0.0,19812150.0,49.753597449341044
70.79,0.0,19812160.0,49.753596809193574
70.8,0.0,19812170.0,49.75359617004489
70.81,0.0,19812160.0,49.75359553187048
70.82,0.0,19812160.0,49.7535948946567
70.83,0.0,19812150.0,49.75359425846881
70.84,0.0,19812130.0,49.753593623356
70.85,0.0,19812110.0,49.75359298928356
70.86,0.0,19812080.0,49.7535923562278
70.87,0.0,19812050.0,49.75359172416636
70.88,0.0,19812020.0,49.75359109316092
70.89,0.0,19811980.0,49.75359046324777
70.9,0.0,19811930.0,49.75358983438458
70.91,0.0,19811880.0,49.75358920660814
70.92,0.0,19811820.0,49.753588579938715
70.93,0.0,19811760.0,49.75358795438879
70.94,0.0,19811700.0,49.75358732995711
70.95,0.0,19811630.0,49.7535867066366
70.96,0.0,19811550.0,49.753586084484944
70.97,0.0,19811470.0,49.75358546353155
70.98,0.0,19811390.0,49.75358484378841
70.99,0.0,19811300.0,49.753584225245554
71.0,0.0,19811210.0,49.75358360788022
71.01,0.0,19811110.0,49.753582991728386
71.02,0.0,19811000.0,49.75358237679235
71.03,0.0,19810900.0,49.75358176312955
71.04,0.0,19810780.0,49.75358115074786
71.05,0.0,19810670.0,49.75358053963319
71.06,0.0,19810550.0,49.753579929809455
71.07,0.0,19810420.0,49.75357932126296
71.08,0.0,19810290.0,49.75357871401857
71.09,0.0,19810160.0,49.75357810812818
71.1,0.0,19810020.0,49.753577503661575
71.11,0.0,19809870.0,49.75357690062192
71.12,0.0,19809730.0,49.75357629896331
71.13,0.0,19809570.0,49.75357569866852
71.14,0.0,19809420.0,49.753575099738995
71.15,0.0,19809260.0,49.75357450226424
71.16,0.0,19809100.0,49.75357390631495
71.17,0.0,19808930.0,49.75357331187866
71.18,0.0,19808760.0,49.753572718944554
71.19,0.0,19808580.0,49.75357212749852
71.2,0.0,19808400.0,49.753571537519456
71.21,0.0,19808220.0,49.753570948976126
71.22,0.0,19808030.0,49.753570361902035
71.23,0.0,19807840.0,49.753569776370085
71.24,0.0,19807650.0,49.753569192408285
71.25,0.0,19807450.0,49.75356861000459
71.26,0.0,19807250.0,49.753568029110426
71.27,0.0,19807040.0,49.753567449720634
71.28,0.0,19806830.0,49.753566871852136
71.29,0.0,19806620.0,49.75356629554019
71.3,0.0,19806410.0,49.75356572082234
71.31,0.0,19806190.0,49.7535651476615
71.32,0.0,19805970.0,49.75356457603375
71.33,0.0,19805750.0,49.753564005990434
71.34,0.0,19805520.0,49.753563437558434
71.35,0.0,19805300.0,49.75356287074616
71.36,0.0,19805060.0,49.75356230553493
71.37,0.0,19804830.0,49.75356174188524
71.38,0.0,19804590.0,49.75356117980599
71.39,0.0,19804360.0,49.7535606193377
71.4,0.0,19804120.0,49.753560060539456
71.41,0.0,19803870.0,49.753559503401426
71.42,0.0,19803630.0,49.75355894786008
71.43,0.0,19803380.0,49.75355839387448
71.44,0.0,19803130.0,49.75355784149242
71.45,0.0,19802880.0,49.75355729074119
71.46,0.0,19802620.0,49.753556741561574
71.47,0.0,19802370.0,49.75355619396892
71.48,0.0,19802110.0,49.75355564794699
71.49,0.0,19801850.0,49.75355510346192
71.5,0.0,19801590.0,49.753554560524556
71.51,0.0,19801330.0,49.75355401910408
71.52,0.0,19801070.0,49.753553479208804
71.53,0.0,19800800.0,49.75355294078811
71.54,0.0,19800540.0,49.75355240383017
71.55,0.0,19800270.0,49.753551868328586
71.56,0.0,19800000.0,49.75355133421787
71.57,0.0,19799740.0,49.75355080152295
71.58,0.0,19799470.0,49.753550270256824
71.59,0.0,19799200.0,49.75354974042456
71.6,0.0,19798920.0,49.75354921201361
71.61,0.0,19798650.0,49.75354868499895
71.62,0.0,19798380.0,49.75354815941177
71.63,0.0,19798110.0,49.75354763524497
71.64,0.0,19797830.0,49.75354711246303
71.65,0.0,19797560.0,49.753546591074354
71.66,0.0,19797280.0,49.753546071116794
71.67,0.0,19797010.0,49.75354555256923
71.68,0.0,19796730.0,49.75354503536625
71.69,0.0,19796460.0,49.753544519474005
71.7,0.0,19796180.0,49.75354400495606
71.71,0.0,19795910.0,49.75354349186392
71.72,0.0,19795630.0,49.75354298017082
71.73,0.0,19795350.0,49.75354246985529
71.74,0.0,19795080.0,49.753541960895504
71.75,0.0,19794800.0,49.75354145326504
71.76,0.0,19794530.0,49.7535409469296
71.77,0.0,19794250.0,49.75354044192184
71.78,0.0,19793980.0,49.75353993823891
71.79,0.0,19793700.0,49.753539435859025
71.8,0.0,19793430.0,49.753538934806016
71.81,0.0,19793150.0,49.753538435064456
71.82,0.0,19792880.0,49.75353793666167
71.83,0.0,19792610.0,49.75353743964792
71.84,0.0,19792340.0,49.75353694401666
71.85,0.0,19792070.0,49.75353644971298
71.86,0.0,19791800.0,49.75353595671758
71.87,0.0,19791530.0,49.75353546502864
71.88,0.0,19791260.0,49.7535349746607
71.89,0.0,19790990.0,49.75353448563088
71.9,0.0,19790720.0,49.753533997883736
71.91,0.0,19790460.0,49.753533511380766
71.92,0.0,19790190.0,49.75353302616394
71.93,0.0,19789930.0,49.75353254225715
71.94,0.0,19789670.0,49.75353205967316
71.95,0.0,19789400.0,49.753531578406
71.96,0.0,19789140.0,49.75353109843792
71.97,0.0,19788880.0,49.753530619731976
71.98,0.0,19788630.0,49.753530142239164
71.99,0.0,19788370.0,49.75352966596857
72.0,0.0,19788110.0,49.75352919089391
72.01,0.0,19787860.0,49.753528716964546
72.02,0.0,19787610.0,49.75352824417847
72.03,0.0,19787360.0,49.753527772568454
72.04,0.0,19787110.0,49.75352730211418
72.05,0.0,19786860.0,49.753526832757125
72.06,0.0,19786610.0,49.753526364476784
72.07,0.0,19786370.0,49.75352589727946
72.08,0.0,19786130.0,49.75352543118943
72.09,0.0,19785890.0,49.75352496616487
72.1,0.0,19785650.0,49.75352450219331
72.11,0.0,19785410.0,49.75352403926942
72.12,0.0,19785180.0,49.75352357740367
72.13,0.0,19784940.0,49.75352311660325
72.14,0.0,19784710.0,49.75352265680564
72.15,0.0,19784480.0,49.75352265680564
72.16,0.0,19784250.0,49.753521716242226
72.17,0.0,19784030.0,49.753521716242226
72.18,0.0,19783800.0,49.7535212388394
72.19,0.0,19783580.0,49.753520750317655
72.2,0.0,19783360.0,49.753520253536124
72.21,0.0,19783140.0,49.753519750686806
72.22,0.0,19782930.0,49.7535192436042
72.23,0.0,19782720.0,49.75351873376709
72.24,0.0,19782510.0,49.753518222392046
72.25,0.0,19782300.0,49.75351771055435
72.26,0.0,19782090.0,49.753517199144426
72.27,0.0,19781890.0,49.75351668890243
72.28,0.0,19781690.0,49.75351618044358
72.29,0.0,19781490.0,49.75351567435397
72.3,0.0,19781290.0,49.753515171103416
72.31,0.0,19781100.0,49.75351467107353
72.32,0.0,19780900.0,49.75351417463088
72.33,0.0,19780720.0,49.753513682125984
72.34,0.0,19780530.0,49.7535131938024
72.35,0.0,19780340.0,49.75351270982245
72.36,0.0,19780160.0,49.753512230339126
72.37,0.0,19779980.0,49.753511755494536
72.38,0.0,19779810.0,49.75351128540633
72.39,0.0,19779630.0,49.75351082009284
72.4,0.0,19779460.0,49.75351035948603
72.41,0.0,19779290.0,49.75350990351939
72.42,0.0,19779130.0,49.753509452113306
72.43,0.0,19778960.0,49.7535090050998
72.44,0.0,19778800.0,49.753508562312604
72.45,0.0,19778650.0,49.753508123574264
72.46,0.0,19778490.0,49.75350768869974
72.47,0.0,19778340.0,49.75350725748673
72.48,0.0,19778190.0,49.75350682964444
72.49,0.0,19778040.0,49.75350640488685
72.5,0.0,19777900.0,49.75350598292219
72.51,0.0,19777760.0,49.753505563458674
72.52,0.0,19777620.0,49.753505146196545
72.53,0.0,19777490.0,49.75350473075814
72.54,0.0,19777350.0,49.75350431678233
72.55,0.0,19777230.0,49.753503903992446
72.56,0.0,19777100.0,49.7535034921019
72.57,0.0,19776980.0,49.75350308074743
72.58,0.0,19776860.0,49.753502669586005
72.59,0.0,19776740.0,49.753502258287085
72.6,0.0,19776620.0,49.75350184654026
72.61,0.0,19776510.0,49.7535014340488
72.62,0.0,19776400.0,49.75350102053801
72.63,0.0,19776300.0,49.75350060582669
72.64,0.0,19776200.0,49.753500189657515
72.65,0.0,19776100.0,49.75349977180997
72.66,0.0,19776000.0,49.753499352156254
72.67,0.0,19775910.0,49.75349893050534
72.68,0.0,19775820.0,49.75349850670035
72.69,0.0,19775730.0,49.75349808061081
72.7,0.0,19775650.0,49.753497652139316
72.71,0.0,19775570.0,49.75349722129116
72.72,0.0,19775490.0,49.75349678808026
72.73,0.0,19775410.0,49.75349635253895
72.74,0.0,19775340.0,49.753495914712516
72.75,0.0,19775270.0,49.75349547466719
72.76,0.0,19775210.0,49.75349503248311
72.77,0.0,19775150.0,49.75349458826114
72.78,0.0,19775090.0,49.75349414211487
72.79,0.0,19775030.0,49.75349369417669
72.8,0.0,19774980.0,49.75349324466659
72.81,0.0,19774930.0,49.75349279379698
72.82,0.0,19774880.0,49.75349234170435
72.83,0.0,19774840.0,49.75349188854351
72.84,0.0,19774800.0,49.75349143455445
72.85,0.0,19774760.0,49.75349097996566
72.86,0.0,19774720.0,49.75349052500233
72.87,0.0,19774690.0,49.75349006995647
72.88,0.0,19774660.0,49.75348961501588
72.89,0.0,19774640.0,49.75348916037501
72.9,0.0,19774620.0,49.75348870628913
72.91,0.0,19774600.0,49.75348825299379
72.92,0.0,19774580.0,49.75348780069977
72.93,0.0,19774570.0,49.75348734952442
72.94,0.0,19774560.0,49.753486899586065
72.95,0.0,19774550.0,49.75348645107137
72.96,0.0,19774550.0,49.7534860041395
72.97,0.0,19774550.0,49.753485558931246
72.98,0.0,19774550.0,49.75348511556295
72.99,0.0,19774560.0,49.75348467413492
73.0,0.0,19774570.0,49.753484234802244
73.01,0.0,19774580.0,49.75348379760456
73.02,0.0,19774590.0,49.7534833625782
73.03,0.0,19774610.0,49.7534829298116
73.04,0.0,19774630.0,49.75348249928866
73.05,0.0,19774660.0,49.75348207098612
73.06,0.0,19774680.0,49.75348164486564
73.07,0.0,19774710.0,49.753481220881
73.08,0.0,19774740.0,49.75348079897099
73.09,0.0,19774780.0,49.75348037906711
73.1,0.0,19774820.0,49.75347996108703
73.11,0.0,19774860.0,49.75347954486522
73.12,0.0,19774900.0,49.75347913024757
73.13,0.0,19774950.0,49.7534787171592
73.14,0.0,19775000.0,49.753478305509574
73.15,0.0,19775050.0,49.7534778951252
73.16,0.0,19775110.0,49.75347748576838
73.17,0.0,19775170.0,49.75347707730698
73.18,0.0,19775230.0,49.753476669602435
73.19,0.0,19775290.0,49.75347626245502
73.2,0.0,19775360.0,49.75347585568395
73.21,0.0,19775430.0,49.75347544913228
73.22,0.0,19775500.0,49.75347504265821
73.23,0.0,19775570.0,49.75347463606408
73.24,0.0,19775650.0,49.75347422911221
73.25,0.0,19775730.0,49.753473821614826
73.26,0.0,19775810.0,49.75347341342087
73.27,0.0,19775900.0,49.75347300441886
73.28,0.0,19775980.0,49.75347259452637
73.29,0.0,19776070.0,49.753472183617475
73.3,0.0,19776170.0,49.753471771537
73.31,0.0,19776260.0,49.75347135818904
73.32,0.0,19776360.0,49.75347094352228
73.33,0.0,19776460.0,49.753470527454176
73.34,0.0,19776560.0,49.75347010988248
73.35,0.0,19776670.0,49.75346969077155
73.36,0.0,19776770.0,49.753469270058595
73.37,0.0,19776880.0,49.75346884767692
73.38,0.0,19777000.0,49.753468423625705
73.39,0.0,19777110.0,49.7534679978889
73.4,0.0,19777230.0,49.75346757052006
73.41,0.0,19777350.0,49.753467141547375
73.42,0.0,19777470.0,49.75346671099579
73.43,0.0,19777590.0,49.75346627895581
73.44,0.0,19777720.0,49.753465845501594
73.45,0.0,19777850.0,49.753465410697714
73.46,0.0,19777980.0,49.75346497460414
73.47,0.0,19778110.0,49.75346453727999
73.48,0.0,19778240.0,49.753464098786274
73.49,0.0,19778380.0,49.753463659187865
73.5,0.0,19778520.0,49.753463218554934
73.51,0.0,19778660.0,49.75346277696385
73.52,0.0,19778800.0,49.75346233457527
73.53,0.0,19778940.0,49.753461891533604
73.54,0.0,19779090.0,49.7534614479077
73.55,0.0,19779240.0,49.75346100377973
73.56,0.0,19779390.0,49.753460559243315
73.57,0.0,19779540.0,49.75346011440211
73.58,0.0,19779690.0,49.753459669368446
73.59,0.0,19779850.0,49.753459224262194
73.6,0.0,19780010.0,49.75345877913226
73.61,0.0,19780170.0,49.75345833405637
73.62,0.0,19780330.0,49.75345788912211
73.63,0.0,19780490.0,49.75345744436051
73.64,0.0,19780650.0,49.75345699982945
73.65,0.0,19780820.0,49.75345655560789
73.66,0.0,19780990.0,49.75345611179126
73.67,0.0,19781160.0,49.75345566848789
73.68,0.0,19781330.0,49.75345522573876
73.69,0.0,19781500.0,49.75345478353855
73.7,0.0,19781670.0,49.753454341916445
73.71,0.0,19781850.0,49.75345390085118
73.72,0.0,19782020.0,49.753453460288476
73.73,0.0,19782200.0,49.75345302021935
73.74,0.0,19782380.0,49.75345258067044
73.75,0.0,19782560.0,49.753452141619356
73.76,0.0,19782740.0,49.75345170301239
73.77,0.0,19782930.0,49.75345126484292
73.78,0.0,19783110.0,49.75345082706465
73.79,0.0,19783300.0,49.75345038960754
73.8,0.0,19783480.0,49.75344995245518
73.81,0.0,19783670.0,49.75344951555674
73.82,0.0,19783860.0,49.75344907884246
73.83,0.0,19784050.0,49.75344864222271
73.84,0.0,19784240.0,49.75344820560043
73.85,0.0,19784440.0,49.75344776894531
73.86,0.0,19784630.0,49.753447332203734
73.87,0.0,19784830.0,49.7534468953123
73.88,0.0,19785020.0,49.75344645819543
73.89,0.0,19785220.0,49.75344602077655
73.9,0.0,19785420.0,49.753445582973924
73.91,0.0,19785620.0,49.753445144710405
73.92,0.0,19785820.0,49.753444705985494
73.93,0.0,19786020.0,49.75344426678345
73.94,0.0,19786230.0,49.75344382700802
73.95,0.0,19786430.0,49.75344338657951
73.96,0.0,19786630.0,49.75344294542691
73.97,0.0,19786840.0,49.753442503494675
73.98,0.0,19787050.0,49.753442060735196
73.99,0.0,19787250.0,49.75344161711587
74.0,0.0,19787460.0,49.75344117261168
74.01,0.0,19787670.0,49.753440727212435
74.02,0.0,19787880.0,49.75344028091539
74.03,0.0,19788090.0,49.75343983373243
74.04,0.0,19788310.0,49.75343938568272
74.05,0.0,19788520.0,49.75343893672256
74.06,0.0,19788730.0,49.753438486838725
74.07,0.0,19788950.0,49.753438036037565
74.08,0.0,19789160.0,49.75343758427223
74.09,0.0,19789380.0,49.753437131533914
74.1,0.0,19789590.0,49.75343667791689
74.11,0.0,19789810.0,49.753436223443614
74.12,0.0,19790030.0,49.753435768095876
74.13,0.0,19790250.0,49.753435311890314
74.14,0.0,19790470.0,49.75343485487969
74.15,0.0,19790690.0,49.7534343971408
74.16,0.0,19790910.0,49.7534339387008
74.17,0.0,19791130.0,49.75343347962755
74.18,0.0,19791350.0,49.753433019939294
74.19,0.0,19791570.0,49.753432559630454
74.2,0.0,19791790.0,49.753432098820944
74.21,0.0,19792020.0,49.75343163757616
74.22,0.0,19792240.0,49.75343117593408
74.23,0.0,19792460.0,49.753430713900464
74.24,0.0,19792690.0,49.75343025147088
74.25,0.0,19792910.0,49.7534297887769
74.26,0.0,19793140.0,49.75342932590387
74.27,0.0,19793360.0,49.753428862838895
74.28,0.0,19793590.0,49.753428399642694
74.29,0.0,19793810.0,49.75342793635186
74.3,0.0,19794040.0,49.7534274729994
74.31,0.0,19794260.0,49.75342700968221
74.32,0.0,19794490.0,49.75342654640128
74.33,0.0,19794710.0,49.75342608316891
74.34,0.0,19794940.0,49.753425619995724
74.35,0.0,19795160.0,49.753425156906566
74.36,0.0,19795390.0,49.75342469392709
74.37,0.0,19795610.0,49.75342423109936
74.38,0.0,19795840.0,49.753423768468124
74.39,0.0,19796060.0,49.753423306018824
74.4,0.0,19796280.0,49.75342284376432
74.41,0.0,19796510.0,49.75342238166469
74.42,0.0,19796730.0,49.75342191972565
74.43,0.0,19796950.0,49.75342145797902
74.44,0.0,19797170.0,49.75342099641593
74.45,0.0,19797390.0,49.75342053499279
74.46,0.0,19797620.0,49.753420073726176
74.47,0.0,19797830.0,49.75341961259305
74.48,0.0,19798050.0,49.753419151562554
74.49,0.0,19798270.0,49.75341869065941
74.5,0.0,19798490.0,49.75341822981401
74.51,0.0,19798710.0,49.753417769041576
74.52,0.0,19798920.0,49.7534173083374
74.53,0.0,19799130.0,49.753416847627385
74.54,0.0,19799350.0,49.753416386929075
74.55,0.0,19799560.0,49.75341592625849
74.56,0.0,19799770.0,49.75341546556393
74.57,0.0,19799980.0,49.75341500482237
74.58,0.0,19800190.0,49.75341454403112
74.59,0.0,19800390.0,49.753414083136875
74.6,0.0,19800600.0,49.75341362212858
74.61,0.0,19800800.0,49.75341316102625
74.62,0.0,19801010.0,49.75341269980787
74.63,0.0,19801210.0,49.753412238423145
74.64,0.0,19801400.0,49.75341177680429
74.65,0.0,19801600.0,49.75341131495171
74.66,0.0,19801800.0,49.75341085291733
74.67,0.0,19801990.0,49.753410390727225
74.68,0.0,19802180.0,49.75340992831465
74.69,0.0,19802370.0,49.753409465628636
74.7,0.0,19802560.0,49.7534090026995
74.71,0.0,19802750.0,49.75340853955482
74.72,0.0,19802930.0,49.75340807622463
74.73,0.0,19803110.0,49.75340761274543
74.74,0.0,19803290.0,49.7534071490858
74.75,0.0,19803470.0,49.753406685249395
74.76,0.0,19803640.0,49.753406221258516
74.77,0.0,19803810.0,49.75340575708992
74.78,0.0,19803980.0,49.75340529275976
74.79,0.0,19804150.0,49.75340482831911
74.8,0.0,19804320.0,49.75340436377308
74.81,0.0,19804480.0,49.75340389910132
74.82,0.0,19804640.0,49.75340343433834
74.83,0.0,19804800.0,49.75340296956533
74.84,0.0,19804950.0,49.75340250482649
74.85,0.0,19805100.0,49.75340204014733
74.86,0.0,19805250.0,49.75340157553575
74.87,0.0,19805400.0,49.75340111099587
74.88,0.0,19805540.0,49.75340064660311
74.89,0.0,19805680.0,49.75340018241462
74.9,0.0,19805820.0,49.753399718405824
74.91,0.0,19805950.0,49.75339925456865
74.92,0.0,19806080.0,49.753398790981926
74.93,0.0,19806210.0,49.75339832771811
74.94,0.0,19806330.0,49.753397864777014
74.95,0.0,19806460.0,49.75339740218169
74.96,0.0,19806570.0,49.753396939969804
74.97,0.0,19806690.0,49.75339647819956
74.98,0.0,19806800.0,49.753396016864144
74.99,0.0,19806910.0,49.75339555592139
75.0,0.0,19807010.0,49.75339509544568
75.01,0.0,19807120.0,49.75339463552763
75.02,0.0,19807210.0,49.75339417612483
75.03,0.0,19807310.0,49.753393717254276
75.04,0.0,19807400.0,49.7533932589622
75.05,0.0,19807490.0,49.753392801261825
75.06,0.0,19807570.0,49.753392344207185
75.07,0.0,19807650.0,49.75339188781532
75.08,0.0,19807730.0,49.7533914320763
75.09,0.0,19807800.0,49.753390976961015
75.1,0.0,19807870.0,49.75339052242716
75.11,0.0,19807930.0,49.75339006850127
75.12,0.0,19807990.0,49.75338961525903
75.13,0.0,19808050.0,49.75338916266836
75.14,0.0,19808100.0,49.753388710698445
75.15,0.0,19808150.0,49.75338825938552
75.16,0.0,19808200.0,49.753387808749075
75.17,0.0,19808240.0,49.75338735879723
75.18,0.0,19808280.0,49.75338690953078
75.19,0.0,19808310.0,49.75338646094637
75.2,0.0,19808340.0,49.75338601303887
75.21,0.0,19808370.0,49.753385565803256
75.22,0.0,19808390.0,49.75338511923596
75.23,0.0,19808410.0,49.75338467333595
75.24,0.0,19808420.0,49.75338422810557
75.25,0.0,19808430.0,49.75338378355099
75.26,0.0,19808440.0,49.753383339682706
75.27,0.0,19808440.0,49.753382896438424
75.28,0.0,19808440.0,49.75338245378382
75.29,0.0,19808430.0,49.75338201177185
75.3,0.0,19808420.0,49.75338157045389
75.31,0.0,19808410.0,49.753381129803884
75.32,0.0,19808390.0,49.75338068981971
75.33,0.0,19808360.0,49.75338025050588
75.34,0.0,19808340.0,49.75337981188559
75.35,0.0,19808310.0,49.753379373984345
75.36,0.0,19808270.0,49.75337893676563
75.37,0.0,19808230.0,49.75337850021562
75.38,0.0,19808190.0,49.75337806433858
75.39,0.0,19808140.0,49.75337762915321
75.4,0.0,19808090.0,49.753377194689676
75.41,0.0,19808030.0,49.75337676098731
75.42,0.0,19807970.0,49.75337632801528
75.43,0.0,19807900.0,49.753375895771626
75.44,0.0,19807840.0,49.75337546434108
75.45,0.0,19807760.0,49.75337503372781
75.46,0.0,19807680.0,49.753374603879145
75.47,0.0,19807600.0,49.75337417484558
75.48,0.0,19807520.0,49.753373746673965
75.49,0.0,19807430.0,49.75337331934332
75.5,0.0,19807330.0,49.75337289284978
75.51,0.0,19807240.0,49.753372467202055
75.52,0.0,19807130.0,49.75337204241772
75.53,0.0,19807030.0,49.75337161852044
75.54,0.0,19806920.0,49.75337119553752
75.55,0.0,19806800.0,49.75337077349802
75.56,0.0,19806690.0,49.75337035243111
75.57,0.0,19806560.0,49.75336993236468
75.58,0.0,19806440.0,49.75336951332413
75.59,0.0,19806310.0,49.75336909533136
75.6,0.0,19806170.0,49.75336867840376
75.61,0.0,19806040.0,49.753368262553465
75.62,0.0,19805900.0,49.75336784786384
75.63,0.0,19805750.0,49.753367434388224
75.64,0.0,19805600.0,49.75336702209001
75.65,0.0,19805450.0,49.75336661093087
75.66,0.0,19805290.0,49.75336620094609
75.67,0.0,19805130.0,49.75336579214242
75.68,0.0,19804960.0,49.75336538451489
75.69,0.0,19804800.0,49.75336497811134
75.7,0.0,19804620.0,49.753364572947554
75.71,0.0,19804450.0,49.753364169011775
75.72,0.0,19804270.0,49.753363766268
75.73,0.0,19804090.0,49.75336336473602
75.74,0.0,19803900.0,49.753362964469964
75.75,0.0,19803710.0,49.753362565477296
75.76,0.0,19803520.0,49.753362167726245
75.77,0.0,19803320.0,49.75336177122872
75.78,0.0,19803120.0,49.75336137602134
75.79,0.0,19802920.0,49.753360982086285
75.8,0.0,19802710.0,49.75336058936018
75.81,0.0,19802500.0,49.75336019781817
75.82,0.0,19802280.0,49.753359807456036
75.83,0.0,19802070.0,49.75335941828902
75.84,0.0,19801850.0,49.75335903033808
75.85,0.0,19801630.0,49.7533586436319
75.86,0.0,19801400.0,49.753358258195526
75.87,0.0,19801170.0,49.75335787397698
75.88,0.0,19800940.0,49.75335749093794
75.89,0.0,19800700.0,49.75335710911809
75.9,0.0,19800470.0,49.75335672853732
75.91,0.0,19800230.0,49.753356349202946
75.92,0.0,19799980.0,49.75335597110241
75.93,0.0,19799740.0,49.75335559421032
75.94,0.0,19799490.0,49.75335521855832
75.95,0.0,19799240.0,49.7533548441415
75.96,0.0,19798980.0,49.753354470928976
75.97,0.0,19798730.0,49.753354098936455
75.98,0.0,19798470.0,49.753353728134734
75.99,0.0,19798210.0,49.753353358539236
76.0,0.0,19797940.0,49.753352990183224
76.01,0.0,19797680.0,49.75335262304543
76.02,0.0,19797410.0,49.753352257128405
76.03,0.0,19797140.0,49.75335189244919
76.04,0.0,19796870.0,49.7533515290316
76.05,0.0,19796590.0,49.753351166823045
76.06,0.0,19796310.0,49.75335080579049
76.07,0.0,19796040.0,49.75335044597598
76.08,0.0,19795760.0,49.75335008740481
76.09,0.0,19795470.0,49.753349730084594
76.1,0.0,19795190.0,49.753349374004415
76.11,0.0,19794900.0,49.7533490191341
76.12,0.0,19794620.0,49.75334866550091
76.13,0.0,19794330.0,49.75334831308834
76.14,0.0,19794040.0,49.75334796185382
76.15,0.0,19793750.0,49.753347611793785
76.16,0.0,19793450.0,49.75334726293681
76.17,0.0,19793160.0,49.75334691532512
76.18,0.0,19792860.0,49.75334656893577
76.19,0.0,19792570.0,49.75334622376718
76.2,0.0,19792270.0,49.75334587982284
76.21,0.0,19791970.0,49.75334553711148
76.22,0.0,19791670.0,49.75334519563421
76.23,0.0,19791370.0,49.753344855387496
76.24,0.0,19791070.0,49.75334451635227
76.25,0.0,19790770.0,49.7533441784985
76.26,0.0,19790470.0,49.753343841853045
76.27,0.0,19790160.0,49.753343506481826
76.28,0.0,19789860.0,49.75334317239845
76.29,0.0,19789560.0,49.753342839576646
76.3,0.0,19789250.0,49.753342508024055
76.31,0.0,19788950.0,49.75334217769183
76.32,0.0,19788640.0,49.75334184856499
76.33,0.0,19788340.0,49.75334152063635
76.34,0.0,19788030.0,49.75334119391196
76.35,0.0,19787730.0,49.75334086838957
76.36,0.0,19787420.0,49.753340544067484
76.37,0.0,19787120.0,49.753340221003036
76.38,0.0,19786810.0,49.75333989914544
76.39,0.0,19786510.0,49.75333957843729
76.4,0.0,19786200.0,49.753339258874355
76.41,0.0,19785900.0,49.753338940494395
76.42,0.0,19785600.0,49.753338623355404
76.43,0.0,19785300.0,49.75333830745433
76.44,0.0,19785000.0,49.75333799273408
76.45,0.0,19784700.0,49.753337679166435
76.46,0.0,19784400.0,49.75333736673289
76.47,0.0,19784100.0,49.75333705542274
76.48,0.0,19783800.0,49.75333674521861
76.49,0.0,19783500.0,49.75333643609801
76.5,0.0,19783210.0,49.75333612809909
76.51,0.0,19782920.0,49.7533358212235
76.52,0.0,19782620.0,49.753335515444526
76.53,0.0,19782330.0,49.753335210777614
76.54,0.0,19782040.0,49.75333490718717
76.55,0.0,19781760.0,49.753334604675075
76.56,0.0,19781470.0,49.75333430325284
76.57,0.0,19781190.0,49.753334002868485
76.58,0.0,19780910.0,49.75333370348461
76.59,0.0,19780630.0,49.753333405068574
76.6,0.0,19780350.0,49.753333107662165
76.61,0.0,19780070.0,49.753332811274916
76.62,0.0,19779800.0,49.75333251589744
76.63,0.0,19779530.0,49.753332221486026
76.64,0.0,19779260.0,49.75333192797631
76.65,0.0,19779000.0,49.75333163534573
76.66,0.0,19778730.0,49.75333134360424
76.67,0.0,19778470.0,49.75333105277437
76.68,0.0,19778220.0,49.75333076281117
76.69,0.0,19777960.0,49.75333047368799
76.7,0.0,19777710.0,49.75333018537967
76.71,0.0,19777460.0,49.75332989786258
76.72,0.0,19777220.0,49.753329611179005
76.73,0.0,19776980.0,49.75332932533951
76.74,0.0,19776740.0,49.753329040252915
76.75,0.0,19776500.0,49.75332875589758
76.76,0.0,19776270.0,49.75332847228751
76.77,0.0,19776040.0,49.75332818939456
76.78,0.0,19775820.0,49.75332790714587
76.79,0.0,19775600.0,49.7533276255122
76.8,0.0,19775380.0,49.75332734448038
76.81,0.0,19775160.0,49.75332706398046
76.82,0.0,19774960.0,49.75332678404176
76.83,0.0,19774750.0,49.75332650468269
76.84,0.0,19774550.0,49.753326225844305
76.85,0.0,19774350.0,49.75332594747384
76.86,0.0,19774160.0,49.753325669519114
76.87,0.0,19773970.0,49.753325392001926
76.88,0.0,19773780.0,49.75332511491414
76.89,0.0,19773600.0,49.753324838233475
76.9,0.0,19773420.0,49.753324561910254
76.91,0.0,19773250.0,49.7533242858828
76.92,0.0,19773090.0,49.753324010218684
76.93,0.0,19772920.0,49.753323734928614
76.94,0.0,19772760.0,49.75332345998879
76.95,0.0,19772610.0,49.75332318533261
76.96,0.0,19772460.0,49.75332291094755
76.97,0.0,19772310.0,49.75332263684129
76.98,0.0,19772170.0,49.753322362976746
76.99,0.0,19772040.0,49.753322089344074
77.0,0.0,19771910.0,49.75332181595885
77.01,0.0,19771780.0,49.75332154284797
77.02,0.0,19771660.0,49.75332126997421
77.03,0.0,19771540.0,49.75332099732568
77.04,0.0,19771430.0,49.75332072490205
77.05,0.0,19771320.0,49.75332045263926
77.06,0.0,19771220.0,49.75332018049939
77.07,0.0,19771120.0,49.75331990845704
77.08,0.0,19771030.0,49.753319636501764
77.09,0.0,19770940.0,49.75331936462732
77.1,0.0,19770860.0,49.75331909283617
77.11,0.0,19770780.0,49.753318821130335
77.12,0.0,19770710.0,49.75331854951708
77.13,0.0,19770640.0,49.75331827800072
77.14,0.0,19770580.0,49.75331800658899
77.15,0.0,19770520.0,49.75331773528541
77.16,0.0,19770470.0,49.75331746401865
77.17,0.0,19770420.0,49.75331719273612
77.18,0.0,19770380.0,49.75331692147036
77.19,0.0,19770340.0,49.753316650243114
77.2,0.0,19770310.0,49.7533163789967
77.21,0.0,19770280.0,49.75331610768891
77.22,0.0,19770260.0,49.75331583636078
77.23,0.0,19770240.0,49.75331556504123
77.24,0.0,19770230.0,49.75331529367928
77.25,0.0,19770220.0,49.753315022239356
77.26,0.0,19770210.0,49.75331475069197
77.27,0.0,19770220.0,49.75331447901955
77.28,0.0,19770220.0,49.753314207208206
77.29,0.0,19770230.0,49.75331393525433
77.3,0.0,19770250.0,49.75331366315691
77.31,0.0,19770270.0,49.75331339084711
77.32,0.0,19770300.0,49.75331311828175
77.33,0.0,19770330.0,49.75331284551
77.34,0.0,19770360.0,49.75331257249977
77.35,0.0,19770400.0,49.75331229917003
77.36,0.0,19770450.0,49.75331202554502
77.37,0.0,19770500.0,49.75331175165555
77.38,0.0,19770550.0,49.75331147746849
77.39,0.0,19770610.0,49.7533112029027
77.4,0.0,19770670.0,49.75331092791887
77.41,0.0,19770740.0,49.753310652506045
77.42,0.0,19770820.0,49.75331037668419
77.43,0.0,19770890.0,49.753310100493366
77.44,0.0,19770980.0,49.75330982392078
77.45,0.0,19771060.0,49.75330954691491
77.46,0.0,19771150.0,49.75330926939639
77.47,0.0,19771250.0,49.75330899134415
77.48,0.0,19771350.0,49.75330871277901
77.49,0.0,19771450.0,49.75330843368649
77.5,0.0,19771560.0,49.75330815402755
77.51,0.0,19771670.0,49.75330787374699
77.52,0.0,19771790.0,49.753307592857546
77.53,0.0,19771910.0,49.7533073113444
77.54,0.0,19772040.0,49.75330702918751
77.55,0.0,19772170.0,49.753306746430596
77.56,0.0,19772300.0,49.75330646302226
77.57,0.0,19772440.0,49.75330617892424
77.58,0.0,19772580.0,49.753305894176385
77.59,0.0,19772720.0,49.753305608812326
77.6,0.0,19772870.0,49.75330532278704
77.61,0.0,19773030.0,49.753305036081535
77.62,0.0,19773180.0,49.75330474868793
77.63,0.0,19773340.0,49.75330446054619
77.64,0.0,19773510.0,49.75330417170777
77.65,0.0,19773670.0,49.75330388215377
77.66,0.0,19773850.0,49.753303591833664
77.67,0.0,19774020.0,49.753303300811545
77.68,0.0,19774200.0,49.75330300909674
77.69,0.0,19774380.0,49.753302716666184
77.7,0.0,19774570.0,49.753302423546586
77.71,0.0,19774760.0,49.753302129730024
77.72,0.0,19774950.0,49.75330183519215
77.73,0.0,19775140.0,49.75330153989334
77.74,0.0,19775340.0,49.75330124379276
77.75,0.0,19775540.0,49.75330094692369
77.76,0.0,19775750.0,49.753300649304364
77.77,0.0,19775950.0,49.753300350952074
77.78,0.0,19776160.0,49.75330005188134
77.79,0.0,19776380.0,49.75329975211532
77.8,0.0,19776590.0,49.75329945160446
77.81,0.0,19776810.0,49.75329915033716
77.82,0.0,19777030.0,49.75329884831648
77.83,0.0,19777260.0,49.753298545503526
77.84,0.0,19777480.0,49.753298241973006
77.85,0.0,19777710.0,49.753297937738274
77.86,0.0,19777940.0,49.7532976327823
77.87,0.0,19778180.0,49.753297327133374
77.88,0.0,19778410.0,49.75329702078889
77.89,0.0,19778650.0,49.753296713726684
77.9,0.0,19778890.0,49.753296405914
77.91,0.0,19779130.0,49.75329609731449
77.92,0.0,19779380.0,49.753295787971176
77.93,0.0,19779630.0,49.75329547791001
77.94,0.0,19779870.0,49.75329516708405
77.95,0.0,19780120.0,49.753294855465235
77.96,0.0,19780380.0,49.75329454304501
77.97,0.0,19780630.0,49.75329422983506
77.98,0.0,19780890.0,49.753293915867864
77.99,0.0,19781140.0,49.75329360119719
78.0,0.0,19781400.0,49.75329328582104
78.01,0.0,19781660.0,49.753292969705214
78.02,0.0,19781920.0,49.75329265286623
78.03,0.0,19782190.0,49.75329233528778
78.04,0.0,19782450.0,49.7532920169394
78.05,0.0,19782720.0,49.75329169785547
78.06,0.0,19782980.0,49.75329137804875
78.07,0.0,19783250.0,49.75329105744933
78.08,0.0,19783520.0,49.753290736005134
78.09,0.0,19783790.0,49.75329041375405
78.1,0.0,19784060.0,49.75329009073215
78.11,0.0,19784330.0,49.75328976698579
78.12,0.0,19784600.0,49.753289442490775
78.13,0.0,19784870.0,49.75328911718583
78.14,0.0,19785140.0,49.75328879112765
78.15,0.0,19785420.0,49.75328846431553
78.16,0.0,19785690.0,49.75328813672205
78.17,0.0,19785960.0,49.753287808368526
78.18,0.0,19786240.0,49.753287479248584
78.19,0.0,19786510.0,49.753287149416764
78.2,0.0,19786790.0,49.7532868188965
78.21,0.0,19787060.0,49.753286487704955
78.22,0.0,19787340.0,49.753286155846496
78.23,0.0,19787610.0,49.75328582325608
78.24,0.0,19787890.0,49.75328548996761
78.25,0.0,19788160.0,49.75328515601352
78.26,0.0,19788440.0,49.7532848213657
78.27,0.0,19788710.0,49.75328448602469
78.28,0.0,19788980.0,49.75328415001828
78.29,0.0,19789260.0,49.753283813400664
78.3,0.0,19789530.0,49.75328347617421
78.31,0.0,19789800.0,49.753283138312206
78.32,0.0,19790070.0,49.75328279984092
78.33,0.0,19790340.0,49.753282460755536
78.34,0.0,19790610.0,49.753282121038275
78.35,0.0,19790880.0,49.75328178073695
78.36,0.0,19791150.0,49.75328143987811
78.37,0.0,19791420.0,49.75328109840566
78.38,0.0,19791690.0,49.7532807563583
78.39,0.0,19791950.0,49.753280413763335
78.4,0.0,19792210.0,49.75328007058592
78.41,0.0,19792480.0,49.75327972688915
78.42,0.0,19792740.0,49.75327938266257
78.43,0.0,19793000.0,49.75327903793319
78.44,0.0,19793260.0,49.75327869274248
78.45,0.0,19793520.0,49.75327834708973
78.46,0.0,19793770.0,49.753278001010266
78.47,0.0,19794030.0,49.75327765450092
78.48,0.0,19794280.0,49.753277307532976
78.49,0.0,19794530.0,49.75327696013929
78.5,0.0,19794780.0,49.75327661232139
78.51,0.0,19795030.0,49.75327626407354
78.52,0.0,19795270.0,49.753275915452974
78.53,0.0,19795510.0,49.753275566422175
78.54,0.0,19795760.0,49.7532752169575
78.55,0.0,19796000.0,49.753274867114726
78.56,0.0,19796230.0,49.7532745169449
78.57,0.0,19796470.0,49.75327416642214
78.58,0.0,19796700.0,49.75327381554827
78.59,0.0,19796930.0,49.75327346433766
78.6,0.0,19797160.0,49.75327311283133
78.61,0.0,19797390.0,49.75327276108203
78.62,0.0,19797610.0,49.75327240909102
78.63,0.0,19797830.0,49.75327205689381
78.64,0.0,19798050.0,49.753271704478955
78.65,0.0,19798270.0,49.753271351808124
78.66,0.0,19798480.0,49.753270998896355
78.67,0.0,19798690.0,49.75327064580375
78.68,0.0,19798900.0,49.75327029255165
78.69,0.0,19799110.0,49.75326993914091
78.7,0.0,19799310.0,49.75326958563032
78.71,0.0,19799510.0,49.75326923204981
78.72,0.0,19799710.0,49.75326887833879
78.73,0.0,19799900.0,49.753268524523556
78.74,0.0,19800090.0,49.75326817061093
78.75,0.0,19800280.0,49.7532678166147
78.76,0.0,19800470.0,49.75326746261493
78.77,0.0,19800650.0,49.75326710860442
78.78,0.0,19800830.0,49.75326675458787
78.79,0.0,19801010.0,49.75326640057525
78.8,0.0,19801180.0,49.75326604651236
78.81,0.0,19801350.0,49.75326569237465
78.82,0.0,19801520.0,49.75326533823405
78.83,0.0,19801680.0,49.753264984163046
78.84,0.0,19801840.0,49.75326463016609
78.85,0.0,19802000.0,49.753264276196845
78.86,0.0,19802150.0,49.7532639222486
78.87,0.0,19802300.0,49.753263568341346
78.88,0.0,19802450.0,49.75326321452439
78.89,0.0,19802590.0,49.75326286086562
78.9,0.0,19802730.0,49.753262507378444
78.91,0.0,19802870.0,49.75326215403546
78.92,0.0,19803000.0,49.75326180085633
78.93,0.0,19803130.0,49.75326144789251
78.94,0.0,19803260.0,49.75326109515096
78.95,0.0,19803380.0,49.75326074260524
78.96,0.0,19803500.0,49.75326039028138
78.97,0.0,19803620.0,49.753260038241045
78.98,0.0,19803730.0,49.753259686504066
78.99,0.0,19803840.0,49.75325933505849
79.0,0.0,19803940.0,49.75325898386838
79.01,0.0,19804040.0,49.753258632957035
79.02,0.0,19804140.0,49.75325828238828
79.03,0.0,19804240.0,49.75325793218737
79.04,0.0,19804330.0,49.75325758234987
79.05,0.0,19804410.0,49.75325723284847
79.06,0.0,19804500.0,49.75325688371547
79.07,0.0,19804580.0,49.75325653502342
79.08,0.0,19804650.0,49.75325618680551
79.09,0.0,19804720.0,49.7532558390641
79.1,0.0,19804790.0,49.753255491777175
79.11,0.0,19804860.0,49.75325514498048
79.12,0.0,19804920.0,49.75325479867074
79.13,0.0,19804980.0,49.75325445282645
79.14,0.0,19805030.0,49.75325410747562
79.15,0.0,19805080.0,49.75325376261328
79.16,0.0,19805130.0,49.753253418285155
79.17,0.0,19805170.0,49.75325307456913
79.18,0.0,19805210.0,49.753252731496225
79.19,0.0,19805250.0,49.7532523890596
79.2,0.0,19805280.0,49.753252047221245
79.21,0.0,19805310.0,49.753251705994536
79.22,0.0,19805340.0,49.7532513654248
79.23,0.0,19805360.0,49.753251025509826
79.24,0.0,19805380.0,49.753250686285654
79.25,0.0,19805390.0,49.753250347809804
79.26,0.0,19805410.0,49.75325001008358
79.27,0.0,19805410.0,49.753249673062285
79.28,0.0,19805420.0,49.75324933674011
79.29,0.0,19805420.0,49.75324900113287
79.3,0.0,19805420.0,49.753248666277386
79.31,0.0,19805420.0,49.75324833221802
79.32,0.0,19805410.0,49.75324799893177
79.33,0.0,19805400.0,49.753247666417714
79.34,0.0,19805390.0,49.75324733468319
79.35,0.0,19805370.0,49.75324700374573
79.36,0.0,19805350.0,49.75324667362195
79.37,0.0,19805330.0,49.75324634433157
79.38,0.0,19805300.0,49.753246015887726
79.39,0.0,19805270.0,49.75324568822491
79.4,0.0,19805240.0,49.753245361368236
79.41,0.0,19805210.0,49.753245035320894
79.42,0.0,19805170.0,49.753244710085866
79.43,0.0,19805130.0,49.753244385721516
79.44,0.0,19805090.0,49.75324406218542
79.45,0.0,19805040.0,49.75324373943138
79.46,0.0,19804990.0,49.753243417478714
79.47,0.0,19804940.0,49.75324309631844
79.48,0.0,19804890.0,49.753242775923816
79.49,0.0,19804830.0,49.75324245632301
79.5,0.0,19804770.0,49.75324213750766
79.51,0.0,19804710.0,49.75324181944557
79.52,0.0,19804640.0,49.75324150215463
79.53,0.0,19804580.0,49.75324118569005
79.54,0.0,19804510.0,49.75324087005718
79.55,0.0,19804440.0,49.75324055522686
79.56,0.0,19804360.0,49.75324024121214
79.57,0.0,19804280.0,49.753239927979756
79.58,0.0,19804210.0,49.753239615542405
79.59,0.0,19804120.0,49.75323930393394
79.6,0.0,19804040.0,49.753238993138815
79.61,0.0,19803950.0,49.75323868317197
79.62,0.0,19803870.0,49.75323837407058
79.63,0.0,19803770.0,49.75323806581014
79.64,0.0,19803680.0,49.75323775840017
79.65,0.0,19803590.0,49.75323745186216
79.66,0.0,19803490.0,49.753237146161005
79.67,0.0,19803390.0,49.753236841286586
79.68,0.0,19803290.0,49.75323653724677
79.69,0.0,19803180.0,49.75323623406194
79.7,0.0,19803080.0,49.75323593176082
79.71,0.0,19802970.0,49.75323563037714
79.72,0.0,19802860.0,49.75323532994702
79.73,0.0,19802740.0,49.75323503042962
79.74,0.0,19802630.0,49.753234731806124
79.75,0.0,19802510.0,49.75323443413775
79.76,0.0,19802400.0,49.75323413747582
79.77,0.0,19802270.0,49.75323384178524
79.78,0.0,19802150.0,49.75323354704539
79.79,0.0,19802030.0,49.75323325330988
79.8,0.0,19801900.0,49.75323296054049
79.81,0.0,19801770.0,49.75323266870948
79.82,0.0,19801640.0,49.753232377860165
79.83,0.0,19801510.0,49.7532320880189
79.84,0.0,19801380.0,49.75323179919734
79.85,0.0,19801240.0,49.75323151139401
79.86,0.0,19801100.0,49.75323122459561
79.87,0.0,19800960.0,49.75323093885516
79.88,0.0,19800820.0,49.75323065419216
79.89,0.0,19800680.0,49.753230370611156
79.9,0.0,19800530.0,49.7532300880904
79.91,0.0,19800390.0,49.75322980659867
79.92,0.0,19800240.0,49.753229526160055
79.93,0.0,19800090.0,49.75322924676935
79.94,0.0,19799940.0,49.75322896839664
79.95,0.0,19799790.0,49.75322869106848
79.96,0.0,19799630.0,49.75322841476998
79.97,0.0,19799470.0,49.75322813946511
79.98,0.0,19799320.0,49.75322786516412
79.99,0.0,19799160.0,49.7532275919181
80.0,0.0,19799000.0,49.7532273197247
80.01,0.0,19798830.0,49.75322704855103
80.02,0.0,19798670.0,49.75322677840295
80.03,0.0,19798500.0,49.75322650924404
80.04,0.0,19798340.0,49.7532262410804
80.05,0.0,19798170.0,49.75322597394324
80.06,0.0,19798000.0,49.75322570781082
80.07,0.0,19797830.0,49.75322544261835
80.08,0.0,19797660.0,49.75322517834298
80.09,0.0,19797480.0,49.75322491498647
80.1,0.0,19797310.0,49.753224652574715
80.11,0.0,19797130.0,49.753224391144336
80.12,0.0,19796950.0,49.753224130667974
80.13,0.0,19796780.0,49.75322387114377
80.14,0.0,19796600.0,49.753223612581664
80.15,0.0,19796410.0,49.75322335492823
80.16,0.0,19796230.0,49.75322309815613
80.17,0.0,19796050.0,49.75322284225021
80.18,0.0,19795860.0,49.75322258720966
80.19,0.0,19795680.0,49.75322233303668
80.2,0.0,19795490.0,49.75322207974078
80.21,0.0,19795300.0,49.753221827328844
80.22,0.0,19795120.0,49.7532215758105
80.23,0.0,19794930.0,49.753221325189315
80.24,0.0,19794730.0,49.75322107539133
80.25,0.0,19794540.0,49.75322082643484
80.26,0.0,19794350.0,49.75322057831806
80.27,0.0,19794160.0,49.75322033104113
80.28,0.0,19793960.0,49.753220084661685
80.29,0.0,19793770.0,49.753219839138666
80.3,0.0,19793570.0,49.75321959442914
80.31,0.0,19793380.0,49.75321935055766
80.32,0.0,19793180.0,49.75321910752197
80.33,0.0,19792980.0,49.75321886530348
80.34,0.0,19792780.0,49.753218623939475
80.35,0.0,19792580.0,49.75321838343158
80.36,0.0,19792380.0,49.7532181437578
80.37,0.0,19792180.0,49.753217904869096
80.38,0.0,19791980.0,49.753217666776855
80.39,0.0,19791780.0,49.75321742952456
80.4,0.0,19791580.0,49.753217193114295
80.41,0.0,19791370.0,49.753216957507014
80.42,0.0,19791170.0,49.75321672271312
80.43,0.0,19790970.0,49.75321648876644
80.44,0.0,19790760.0,49.7532162556524
80.45,0.0,19790560.0,49.75321602338715
80.46,0.0,19790350.0,49.75321579193121
80.47,0.0,19790150.0,49.753215561282985
80.48,0.0,19789940.0,49.753215331455245
80.49,0.0,19789740.0,49.75321510240514
80.5,0.0,19789530.0,49.753214874192295
80.51,0.0,19789330.0,49.75321464687006
80.52,0.0,19789120.0,49.7532144204202
80.53,0.0,19788910.0,49.753214194836815
80.54,0.0,19788710.0,49.7532139700437
80.55,0.0,19788500.0,49.75321374599101
80.56,0.0,19788290.0,49.75321352271141
80.57,0.0,19788090.0,49.75321330022861
80.58,0.0,19787880.0,49.75321307855699
80.59,0.0,19787680.0,49.753212857701165
80.6,0.0,19787470.0,49.75321263765548
80.61,0.0,19787260.0,49.753212418403756
80.62,0.0,19787060.0,49.753212199918934
80.63,0.0,19786850.0,49.753211982162924
80.64,0.0,19786650.0,49.753211765163805
80.65,0.0,19786440.0,49.753211548914955
80.66,0.0,19786240.0,49.753211333393196
80.67,0.0,19786030.0,49.753211118624186
80.68,0.0,19785830.0,49.75321090459837
80.69,0.0,19785630.0,49.75321069127619
80.7,0.0,19785420.0,49.753210478669374
80.71,0.0,19785220.0,49.753210266820794
80.72,0.0,19785020.0,49.75321005572427
80.73,0.0,19784820.0,49.75320984533268
80.74,0.0,19784620.0,49.753209635564424
80.75,0.0,19784420.0,49.75320942638571
80.76,0.0,19784220.0,49.75320921786861
80.77,0.0,19784020.0,49.75320901001076
80.78,0.0,19783820.0,49.753208802762245
80.79,0.0,19783620.0,49.753208596097934
80.8,0.0,19783430.0,49.75320839001612
80.81,0.0,19783230.0,49.753208184524446
80.82,0.0,19783040.0,49.753207979642035
80.83,0.0,19782840.0,49.75320777538808
80.84,0.0,19782650.0,49.753207571708444
80.85,0.0,19782460.0,49.75320736856666
80.86,0.0,19782260.0,49.75320716593102
80.87,0.0,19782070.0,49.75320696377767
80.88,0.0,19781890.0,49.75320676215741
80.89,0.0,19781700.0,49.75320656109968
80.9,0.0,19781510.0,49.75320636054394
80.91,0.0,19781320.0,49.75320616043432
80.92,0.0,19781140.0,49.75320596078705
80.93,0.0,19780960.0,49.753205761595034
80.94,0.0,19780770.0,49.75320556283702
80.95,0.0,19780590.0,49.753205364549395
80.96,0.0,19780410.0,49.75320516673386
80.97,0.0,19780240.0,49.753204969369136
80.98,0.0,19780060.0,49.75320477240718
80.99,0.0,19779880.0,49.753204575860565
81.0,0.0,19779710.0,49.75320437977398
81.01,0.0,19779540.0,49.75320418407308
81.02,0.0,19779370.0,49.75320398874306
81.03,0.0,19779200.0,49.75320379380035
81.04,0.0,19779030.0,49.75320359921916
81.05,0.0,19778860.0,49.75320340500935
81.06,0.0,19778700.0,49.75320321120649
81.07,0.0,19778530.0,49.75320301778663
81.08,0.0,19778370.0,49.75320282468352
81.09,0.0,19778210.0,49.753202631943914
81.1,0.0,19778060.0,49.753202439616835
81.11,0.0,19777900.0,49.75320224768641
81.12,0.0,19777740.0,49.75320205607739
81.13,0.0,19777590.0,49.75320186474973
81.14,0.0,19777440.0,49.753201673753054
81.15,0.0,19777290.0,49.75320148305675
81.16,0.0,19777150.0,49.75320129264919
81.17,0.0,19777000.0,49.75320110259596
81.18,0.0,19776860.0,49.75320091287257
81.19,0.0,19776720.0,49.75320072346586
81.2,0.0,19776580.0,49.75320053435647
81.21,0.0,19776440.0,49.75320034553102
81.22,0.0,19776310.0,49.753200156965704
81.23,0.0,19776170.0,49.75319996863954
81.24,0.0,19776040.0,49.7531997805962
81.25,0.0,19775920.0,49.75319959285688
81.26,0.0,19775790.0,49.7531994053459
81.27,0.0,19775660.0,49.75319921799372
81.28,0.0,19775540.0,49.75319903087539
81.29,0.0,19775420.0,49.753198844022315
81.3,0.0,19775310.0,49.753198657365395
81.31,0.0,19775190.0,49.753198470903435
81.32,0.0,19775080.0,49.75319828467984
81.33,0.0,19774970.0,49.75319809862263
81.34,0.0,19774860.0,49.7531979127291
81.35,0.0,19774760.0,49.753197727029324
81.36,0.0,19774650.0,49.753197541441814
81.37,0.0,19774550.0,49.75319735594444
81.38,0.0,19774450.0,49.75319717055316
81.39,0.0,19774360.0,49.753196985241196
81.4,0.0,19774270.0,49.75319680002402
81.41,0.0,19774180.0,49.75319661494208
81.42,0.0,19774090.0,49.75319642998277
81.43,0.0,19774000.0,49.75319624509034
81.44,0.0,19773920.0,49.753196060251184
81.45,0.0,19773840.0,49.753195875476436
81.46,0.0,19773760.0,49.7531956907242
81.47,0.0,19773690.0,49.753195505987044
81.48,0.0,19773620.0,49.753195321276536
81.49,0.0,19773550.0,49.75319513654674
81.5,0.0,19773480.0,49.75319495178282
81.51,0.0,19773420.0,49.75319476698637
81.52,0.0,19773360.0,49.75319458217704
81.53,0.0,19773300.0,49.75319439738076
81.54,0.0,19773240.0,49.75319421255614
81.55,0.0,19773190.0,49.75319402768524
81.56,0.0,19773140.0,49.75319384276064
81.57,0.0,19773090.0,49.75319365778824
81.58,0.0,19773050.0,49.75319347277668
81.59,0.0,19773010.0,49.75319328766444
81.6,0.0,19772970.0,49.75319310241132
81.61,0.0,19772940.0,49.75319291706346
81.62,0.0,19772900.0,49.75319273157837
81.63,0.0,19772870.0,49.753192545933544
81.64,0.0,19772850.0,49.7531923601788
81.65,0.0,19772820.0,49.753192174277416
81.66,0.0,19772800.0,49.75319198820124
81.67,0.0,19772790.0,49.75319180199849
81.68,0.0,19772770.0,49.753191615698455
81.69,0.0,19772760.0,49.753191429243394
81.7,0.0,19772750.0,49.75319124258374
81.71,0.0,19772750.0,49.75319105574585
81.72,0.0,19772750.0,49.753190868736866
81.73,0.0,19772750.0,49.75319068155401
81.74,0.0,19772750.0,49.75319049417915
81.75,0.0,19772760.0,49.75319030658728
81.76,0.0,19772770.0,49.753190118817635
81.77,0.0,19772790.0,49.75318993088102
81.78,0.0,19772810.0,49.75318974277112
81.79,0.0,19772830.0,49.753189554460455
81.8,0.0,19772850.0,49.753189365910075
81.81,0.0,19772880.0,49.75318917714159
81.82,0.0,19772910.0,49.75318898814521
81.83,0.0,19772940.0,49.75318879889174
81.84,0.0,19772980.0,49.753188609406315
81.85,0.0,19773020.0,49.753188419755276
81.86,0.0,19773070.0,49.753188229958226
81.87,0.0,19773110.0,49.75318803992598
81.88,0.0,19773160.0,49.753187849637534
81.89,0.0,19773220.0,49.75318765911085
81.9,0.0,19773280.0,49.75318746832833
81.91,0.0,19773340.0,49.75318727731432
81.92,0.0,19773400.0,49.75318708604709
81.93,0.0,19773470.0,49.75318689447412
81.94,0.0,19773540.0,49.75318670258844
81.95,0.0,19773620.0,49.75318651041747
81.96,0.0,19773700.0,49.75318631793705
81.97,0.0,19773780.0,49.75318612516548
81.98,0.0,19773870.0,49.75318593214031
81.99,0.0,19773950.0,49.753185738771336
82.0,0.0,19774050.0,49.7531855450225
82.01,0.0,19774140.0,49.75318535088626
82.02,0.0,19774250.0,49.753185156389826
82.03,0.0,19774350.0,49.75318496157411
82.04,0.0,19774460.0,49.75318476634858
82.05,0.0,19774570.0,49.75318457067458
82.06,0.0,19774680.0,49.7531843745408
82.07,0.0,19774800.0,49.75318417797045
82.08,0.0,19774920.0,49.75318398100099
82.09,0.0,19775050.0,49.753183783539484
82.1,0.0,19775180.0,49.75318358554654
82.11,0.0,19775310.0,49.753183387012086
82.12,0.0,19775450.0,49.75318318788553
82.13,0.0,19775590.0,49.75318298815649
82.14,0.0,19775730.0,49.75318278784726
82.15,0.0,19775880.0,49.75318258692958
82.16,0.0,19776030.0,49.75318238542115
82.17,0.0,19776180.0,49.75318218336412
82.18,0.0,19776340.0,49.75318198067964
82.19,0.0,19776500.0,49.753181777350946
82.2,0.0,19776660.0,49.753181573398706
82.21,0.0,19776830.0,49.75318136881043
82.22,0.0,19777000.0,49.753181163543616
82.23,0.0,19777180.0,49.75318095754094
82.24,0.0,19777350.0,49.75318075080702
82.25,0.0,19777540.0,49.7531805433974
82.26,0.0,19777720.0,49.75318033533286
82.27,0.0,19777910.0,49.75318012661628
82.28,0.0,19778100.0,49.753179917233005
82.29,0.0,19778290.0,49.753179707163994
82.3,0.0,19778490.0,49.75317949638337
82.31,0.0,19778690.0,49.75317928486954
82.32,0.0,19778890.0,49.75317907267846
82.33,0.0,19779100.0,49.75317885977531
82.34,0.0,19779310.0,49.75317864614816
82.35,0.0,19779520.0,49.75317843186446
82.36,0.0,19779730.0,49.75317821691551
82.37,0.0,19779950.0,49.7531780013142
82.38,0.0,19780170.0,49.753177785010166
82.39,0.0,19780390.0,49.75317756799779
82.4,0.0,19780620.0,49.75317735029084
82.41,0.0,19780840.0,49.75317713186442
82.42,0.0,19781070.0,49.753176912731895
82.43,0.0,19781310.0,49.75317669294726
82.44,0.0,19781540.0,49.7531764725166
82.45,0.0,19781780.0,49.753176251425884
82.46,0.0,19782020.0,49.75317602971401
82.47,0.0,19782260.0,49.75317580739477
82.48,0.0,19782510.0,49.75317558446662
82.49,0.0,19782750.0,49.753175360920636
82.5,0.0,19783000.0,49.75317513674646
82.51,0.0,19783250.0,49.7531749119372
82.52,0.0,19783500.0,49.75317468649334
82.53,0.0,19783760.0,49.75317446042576
82.54,0.0,19784010.0,49.75317423375827
82.55,0.0,19784270.0,49.75317400652955
82.56,0.0,19784530.0,49.7531737787173
82.57,0.0,19784790.0,49.75317355026298
82.58,0.0,19785050.0,49.75317332115537
82.59,0.0,19785310.0,49.753173091425296
82.6,0.0,19785580.0,49.75317286106401
82.61,0.0,19785840.0,49.753172630043586
82.62,0.0,19786110.0,49.75317239839701
82.63,0.0,19786380.0,49.75317216613275
82.64,0.0,19786650.0,49.753171933251814
82.65,0.0,19786920.0,49.75317169974814
82.66,0.0,19787190.0,49.75317146562184
82.67,0.0,19787460.0,49.75317123087674
82.68,0.0,19787740.0,49.753170995531285
82.69,0.0,19788010.0,49.753170759614335
82.7,0.0,19788290.0,49.753170523097296
82.71,0.0,19788560.0,49.75317028591213
82.72,0.0,19788840.0,49.75317004804272
82.73,0.0,19789110.0,49.753169809512556
82.74,0.0,19789390.0,49.75316957031085
82.75,0.0,19789670.0,49.75316933048303
82.76,0.0,19789940.0,49.7531690900403
82.77,0.0,19790220.0,49.753168848985666
82.78,0.0,19790500.0,49.7531686073085
82.79,0.0,19790770.0,49.753168365006026
82.8,0.0,19791050.0,49.75316812207436
82.81,0.0,19791330.0,49.753167878450014
82.82,0.0,19791600.0,49.75316763417686
82.83,0.0,19791880.0,49.75316738930465
82.84,0.0,19792150.0,49.75316714375167
82.85,0.0,19792430.0,49.75316689749404
82.86,0.0,19792700.0,49.75316665054574
82.87,0.0,19792980.0,49.7531664028918
82.88,0.0,19793250.0,49.75316615457131
82.89,0.0,19793520.0,49.753165905594
82.9,0.0,19793800.0,49.753165655958945
82.91,0.0,19794070.0,49.75316540573343
82.92,0.0,19794340.0,49.75316515496631
82.93,0.0,19794610.0,49.753164903626725
82.94,0.0,19794870.0,49.75316465170435
82.95,0.0,19795140.0,49.75316439920384
82.96,0.0,19795410.0,49.753164146153395
82.97,0.0,19795670.0,49.753163892598565
82.98,0.0,19795930.0,49.75316363853297
82.99,0.0,19796190.0,49.753163383992224
83.0,0.0,19796450.0,49.75316312896622
83.01,0.0,19796710.0,49.75316287342724
83.02,0.0,19796970.0,49.753162617403305
83.03,0.0,19797220.0,49.75316236090034
83.04,0.0,19797470.0,49.75316210398952
83.05,0.0,19797720.0,49.753161846714164
83.06,0.0,19797970.0,49.75316158903665
83.07,0.0,19798220.0,49.75316133093178
83.08,0.0,19798460.0,49.7531610724663
83.09,0.0,19798710.0,49.75316081369989
83.1,0.0,19798950.0,49.75316055462726
83.11,0.0,19799180.0,49.753160295267875
83.12,0.0,19799420.0,49.75316003558808
83.13,0.0,19799650.0,49.75315977560089
83.14,0.0,19799880.0,49.753159515347726
83.15,0.0,19800110.0,49.75315925483231
83.16,0.0,19800330.0,49.75315899402707
83.17,0.0,19800560.0,49.75315873296825
83.18,0.0,19800780.0,49.75315847173347
83.19,0.0,19800990.0,49.75315821029547
83.2,0.0,19801210.0,49.75315794862663
83.21,0.0,19801420.0,49.75315768677419
83.22,0.0,19801630.0,49.753157424770706
83.23,0.0,19801830.0,49.75315716264801
83.24,0.0,19802040.0,49.753156900434966
83.25,0.0,19802230.0,49.75315663809125
83.26,0.0,19802430.0,49.75315637560373
83.27,0.0,19802620.0,49.75315611297795
83.28,0.0,19802810.0,49.753155850244354
83.29,0.0,19803000.0,49.75315558745032
83.3,0.0,19803180.0,49.75315532458938
83.31,0.0,19803360.0,49.75315506169401
83.32,0.0,19803540.0,49.75315479882425
83.33,0.0,19803710.0,49.75315453599445
83.34,0.0,19803880.0,49.753154273186645
83.35,0.0,19804040.0,49.75315401036104
83.36,0.0,19804200.0,49.75315374754135
83.37,0.0,19804360.0,49.75315348479778
83.38,0.0,19804510.0,49.75315322209208
83.39,0.0,19804660.0,49.75315295938814
83.4,0.0,19804810.0,49.75315269671907
83.41,0.0,19804950.0,49.75315243410432
83.42,0.0,19805090.0,49.75315217155574
83.43,0.0,19805220.0,49.75315190908226
83.44,0.0,19805350.0,49.75315164669347
83.45,0.0,19805480.0,49.753151384479445
83.46,0.0,19805600.0,49.75315112251229
83.47,0.0,19805720.0,49.753150860710974
83.48,0.0,19805830.0,49.75315059903181
83.49,0.0,19805940.0,49.75315033752706
83.5,0.0,19806050.0,49.753150076255444
83.51,0.0,19806150.0,49.753149815205866
83.52,0.0,19806250.0,49.75314955439869
83.53,0.0,19806340.0,49.75314929386794
83.54,0.0,19806430.0,49.75314903359608
83.55,0.0,19806510.0,49.75314877359797
83.56,0.0,19806590.0,49.753148513915704
83.57,0.0,19806660.0,49.75314825453718
83.58,0.0,19806740.0,49.75314799549338
83.59,0.0,19806800.0,49.753147736837704
83.6,0.0,19806860.0,49.75314747850091
83.61,0.0,19806920.0,49.753147220474006
83.62,0.0,19806970.0,49.753146962783475
83.63,0.0,19807020.0,49.75314670549791
83.64,0.0,19807060.0,49.753146448629806
83.65,0.0,19807100.0,49.75314619216852
83.66,0.0,19807140.0,49.75314593614422
83.67,0.0,19807170.0,49.75314568055553
83.68,0.0,19807190.0,49.75314542544825
83.69,0.0,19807210.0,49.753145170828546
83.7,0.0,19807230.0,49.753144916678735
83.71,0.0,19807240.0,49.75314466303406
83.72,0.0,19807250.0,49.75314440997148
83.73,0.0,19807250.0,49.75314415752396
83.74,0.0,19807250.0,49.753143905696696
83.75,0.0,19807240.0,49.75314365446696
83.76,0.0,19807230.0,49.753143403796734
83.77,0.0,19807210.0,49.75314315370685
83.78,0.0,19807190.0,49.75314290426418
83.79,0.0,19807170.0,49.75314265549417
83.8,0.0,19807140.0,49.7531424073963
83.81,0.0,19807100.0,49.75314216002011
83.82,0.0,19807060.0,49.75314191337669
83.83,0.0,19807020.0,49.75314166745288
83.84,0.0,19806970.0,49.753141422209644
83.85,0.0,19806920.0,49.75314117767066
83.86,0.0,19806860.0,49.75314093389499
83.87,0.0,19806800.0,49.75314069090422
83.88,0.0,19806730.0,49.75314044868332
83.89,0.0,19806660.0,49.75314020719402
83.9,0.0,19806580.0,49.75313996644958
83.91,0.0,19806500.0,49.75313972650243
83.92,0.0,19806420.0,49.75313948743431
83.93,0.0,19806330.0,49.753139249271285
83.94,0.0,19806230.0,49.7531390120008
83.95,0.0,19806140.0,49.7531387756493
83.96,0.0,19806030.0,49.75313854019454
83.97,0.0,19805920.0,49.753138305580876
83.98,0.0,19805810.0,49.753138071872705
83.99,0.0,19805700.0,49.75313783914249
84.0,0.0,19805580.0,49.75313760732533
84.01,0.0,19805450.0,49.753137376401405
84.02,0.0,19805320.0,49.75313714644812
84.03,0.0,19805190.0,49.75313691746844
84.04,0.0,19805050.0,49.75313668948858
84.05,0.0,19804910.0,49.753136462537356
84.06,0.0,19804770.0,49.753136236578804
84.07,0.0,19804620.0,49.75313601159424
84.08,0.0,19804460.0,49.7531357875759
84.09,0.0,19804300.0,49.75313556452163
84.1,0.0,19804140.0,49.75313534250819
84.11,0.0,19803980.0,49.75313512158736
84.12,0.0,19803810.0,49.753134901724074
84.13,0.0,19803630.0,49.753134682882994
84.14,0.0,19803460.0,49.753134465102704
84.15,0.0,19803280.0,49.75313424839245
84.16,0.0,19803090.0,49.75313403274823
84.17,0.0,19802900.0,49.753133818216604
84.18,0.0,19802710.0,49.75313360480935
84.19,0.0,19802520.0,49.75313339250735
84.2,0.0,19802320.0,49.75313318126378
84.21,0.0,19802110.0,49.75313297108349
84.22,0.0,19801910.0,49.75313276200155
84.23,0.0,19801700.0,49.75313255400186
84.24,0.0,19801490.0,49.753132347101705
84.25,0.0,19801270.0,49.75313214133386
84.26,0.0,19801050.0,49.75313193666819
84.27,0.0,19800830.0,49.753131733098456
84.28,0.0,19800600.0,49.75313153062612
84.29,0.0,19800370.0,49.75313132926076
84.3,0.0,19800140.0,49.75313112908451
84.31,0.0,19799910.0,49.753130930077
84.32,0.0,19799670.0,49.753130732223134
84.33,0.0,19799430.0,49.75313053556494
84.34,0.0,19799190.0,49.75313034011966
84.35,0.0,19798940.0,49.75313014587356
84.36,0.0,19798700.0,49.75312995279
84.37,0.0,19798450.0,49.75312976087983
84.38,0.0,19798190.0,49.75312957018576
84.39,0.0,19797940.0,49.75312938069255
84.4,0.0,19797680.0,49.75312919241791
84.41,0.0,19797420.0,49.75312900538673
84.42,0.0,19797160.0,49.75312881955933
84.43,0.0,19796900.0,49.75312863498787
84.44,0.0,19796630.0,49.75312845170648
84.45,0.0,19796360.0,49.75312826966484
84.46,0.0,19796100.0,49.75312808888858
84.47,0.0,19795820.0,49.75312790937257
84.48,0.0,19795550.0,49.753127731094295
84.49,0.0,19795280.0,49.75312755407557
84.5,0.0,19795000.0,49.75312737829552
84.51,0.0,19794730.0,49.75312720377066
84.52,0.0,19794450.0,49.753127030533676
84.53,0.0,19794170.0,49.75312685855225
84.54,0.0,19793890.0,49.753126687813825
84.55,0.0,19793610.0,49.753126518385315
84.56,0.0,19793320.0,49.75312635023412
84.57,0.0,19793040.0,49.75312618333324
84.58,0.0,19792760.0,49.753126017710954
84.59,0.0,19792470.0,49.75312585336731
84.6,0.0,19792190.0,49.75312569026679
84.61,0.0,19791900.0,49.753125528345585
84.62,0.0,19791620.0,49.75312536765886
84.63,0.0,19791330.0,49.75312520818677
84.64,0.0,19791040.0,49.75312504986332
84.65,0.0,19790760.0,49.753124892714865
84.66,0.0,19790470.0,49.75312473676221
84.67,0.0,19790190.0,49.75312458201514
84.68,0.0,19789900.0,49.7531244284681
84.69,0.0,19789610.0,49.75312427609686
84.7,0.0,19789330.0,49.753124124856015
84.71,0.0,19789040.0,49.75312397467705
84.72,0.0,19788760.0,49.753123825544385
84.73,0.0,19788470.0,49.75312367747108
84.74,0.0,19788190.0,49.75312353041568
84.75,0.0,19787910.0,49.75312338436546
84.76,0.0,19787630.0,49.75312323931785
84.77,0.0,19787350.0,49.75312309527886
84.78,0.0,19787070.0,49.75312295224912
84.79,0.0,19786790.0,49.753122810148504
84.8,0.0,19786510.0,49.753122668905704
84.81,0.0,19786230.0,49.75312252852179
84.82,0.0,19785960.0,49.75312238904915
84.83,0.0,19785680.0,49.75312225049798
84.84,0.0,19785410.0,49.7531221128468
84.85,0.0,19785140.0,49.75312197603804
84.86,0.0,19784870.0,49.75312184006473
84.87,0.0,19784600.0,49.75312170494172
84.88,0.0,19784340.0,49.753121570631855
84.89,0.0,19784070.0,49.7531214371235
84.9,0.0,19783810.0,49.75312130442056
84.91,0.0,19783550.0,49.753121172457206
84.92,0.0,19783290.0,49.753121041192585
84.93,0.0,19783040.0,49.753120910665636
84.94,0.0,19782780.0,49.753120780902584
84.95,0.0,19782530.0,49.753120651915665
84.96,0.0,19782280.0,49.75312052370226
84.97,0.0,19782030.0,49.75312039624403
84.98,0.0,19781790.0,49.75312026950655
84.99,0.0,19781540.0,49.75312014343884
85.0,0.0,19781300.0,49.75312001805074
85.01,0.0,19781060.0,49.75311989338947
85.02,0.0,19780830.0,49.75311976945705
85.03,0.0,19780590.0,49.75311964621674
85.04,0.0,19780360.0,49.7531195236754
85.05,0.0,19780130.0,49.75311940178677
85.06,0.0,19779910.0,49.75311928055001
85.07,0.0,19779690.0,49.75311915997732
85.08,0.0,19779470.0,49.75311904002989
85.09,0.0,19779250.0,49.753118920690525
85.1,0.0,19779030.0,49.7531188019624
85.11,0.0,19778820.0,49.753118683855256
85.12,0.0,19778610.0,49.75311856638761
85.13,0.0,19778410.0,49.75311844957558
85.14,0.0,19778200.0,49.753118333359794
85.15,0.0,19778000.0,49.753118217696446
85.16,0.0,19777810.0,49.75311810262231
85.17,0.0,19777610.0,49.753117988157065
85.18,0.0,19777420.0,49.753117874233745
85.19,0.0,19777230.0,49.75311776079264
85.2,0.0,19777050.0,49.753117647848214
85.21,0.0,19776870.0,49.7531175353933
85.22,0.0,19776690.0,49.75311742340821
85.23,0.0,19776520.0,49.75311731193233
85.24,0.0,19776340.0,49.75311720097172
85.25,0.0,19776180.0,49.75311709051097
85.26,0.0,19776010.0,49.75311698050943
85.27,0.0,19775850.0,49.753116870911306
85.28,0.0,19775690.0,49.75311676171808
85.29,0.0,19775530.0,49.75311665289691
85.3,0.0,19775380.0,49.753116544393066
85.31,0.0,19775230.0,49.75311643620416
85.32,0.0,19775090.0,49.75311632836728
85.33,0.0,19774950.0,49.75311622087172
85.34,0.0,19774810.0,49.75311611367465
85.35,0.0,19774670.0,49.75311600670046
85.36,0.0,19774540.0,49.75311589993057
85.37,0.0,19774420.0,49.75311579337715
85.38,0.0,19774290.0,49.75311568701097
85.39,0.0,19774170.0,49.75311558076326
85.4,0.0,19774050.0,49.753115474617445
85.41,0.0,19773940.0,49.75311536858414
85.42,0.0,19773830.0,49.753115262630295
85.43,0.0,19773720.0,49.75311515675915
85.44,0.0,19773620.0,49.75311505092449
85.45,0.0,19773520.0,49.75311494504759
85.46,0.0,19773420.0,49.75311483909501
85.47,0.0,19773330.0,49.75311473306846
85.48,0.0,19773240.0,49.75311462699714
85.49,0.0,19773160.0,49.75311452085438
85.5,0.0,19773080.0,49.75311441465366
85.51,0.0,19773000.0,49.753114308426966
85.52,0.0,19772920.0,49.753114202078905
85.53,0.0,19772850.0,49.75311409556944
85.54,0.0,19772790.0,49.75311398896633
85.55,0.0,19772720.0,49.75311388227346
85.56,0.0,19772660.0,49.753113775451524
85.57,0.0,19772610.0,49.75311366842119
85.58,0.0,19772550.0,49.75311356115603
85.59,0.0,19772500.0,49.75311345365834
85.6,0.0,19772460.0,49.75311334596627
85.61,0.0,19772420.0,49.753113238133615
85.62,0.0,19772380.0,49.75311313008499
85.63,0.0,19772340.0,49.75311302179938
85.64,0.0,19772310.0,49.75311291328577
85.65,0.0,19772280.0,49.75311280451274
85.66,0.0,19772260.0,49.75311269548889
85.67,0.0,19772240.0,49.75311258617736
85.68,0.0,19772220.0,49.75311247659039
85.69,0.0,19772210.0,49.75311236676646
85.7,0.0,19772200.0,49.7531122567009
85.71,0.0,19772190.0,49.753112146349714
85.72,0.0,19772190.0,49.753112035645444
85.73,0.0,19772190.0,49.75311192457423
85.74,0.0,19772190.0,49.75311181316503
85.75,0.0,19772200.0,49.753111701481515
85.76,0.0,19772210.0,49.753111589538115
85.77,0.0,19772220.0,49.75311147731841
85.78,0.0,19772240.0,49.753111364776466
85.79,0.0,19772260.0,49.75311125185086
85.8,0.0,19772280.0,49.75311113854018
85.81,0.0,19772310.0,49.75311102489121
85.82,0.0,19772340.0,49.7531109109124
85.83,0.0,19772370.0,49.75311079659003
85.84,0.0,19772410.0,49.75311068188805
85.85,0.0,19772450.0,49.753110566760725
85.86,0.0,19772490.0,49.75311045122724
85.87,0.0,19772540.0,49.75311033528161
85.88,0.0,19772590.0,49.75311021890626
85.89,0.0,19772640.0,49.753110102069776
85.9,0.0,19772700.0,49.75310998473804
85.91,0.0,19772760.0,49.753109866947504
85.92,0.0,19772820.0,49.75310974871423
85.93,0.0,19772890.0,49.75310963004662
85.94,0.0,19772950.0,49.75310951094251
85.95,0.0,19773030.0,49.75310939139974
85.96,0.0,19773100.0,49.753109271411624
85.97,0.0,19773180.0,49.753109150898865
85.98,0.0,19773260.0,49.75310902980483
85.99,0.0,19773340.0,49.753108908163604
86.0,0.0,19773430.0,49.75310878600496
86.01,0.0,19773510.0,49.75310866328655
86.02,0.0,19773610.0,49.75310853998949
86.03,0.0,19773700.0,49.75310841610885
86.04,0.0,19773800.0,49.753108291659544
86.05,0.0,19773900.0,49.75310816666782
86.06,0.0,19774000.0,49.75310804110027
86.07,0.0,19774110.0,49.753107914956736
86.08,0.0,19774210.0,49.75310778825881
86.09,0.0,19774320.0,49.75310766097679
86.1,0.0,19774440.0,49.75310753304317
86.11,0.0,19774550.0,49.753107404440975
86.12,0.0,19774670.0,49.7531072751887
86.13,0.0,19774790.0,49.75310714526433
86.14,0.0,19774910.0,49.75310701469432
86.15,0.0,19775040.0,49.753106883461825
86.16,0.0,19775170.0,49.75310675153175
86.17,0.0,19775300.0,49.75310661892205
86.18,0.0,19775430.0,49.753106485623846
86.19,0.0,19775560.0,49.75310635168757
86.2,0.0,19775700.0,49.7531062171289
86.21,0.0,19775840.0,49.753106081874705
86.22,0.0,19775980.0,49.75310594593353
86.23,0.0,19776120.0,49.75310580929671
86.24,0.0,19776270.0,49.75310567195794
86.25,0.0,19776420.0,49.75310553398011
86.26,0.0,19776560.0,49.75310539533484
86.27,0.0,19776720.0,49.75310525600915
86.28,0.0,19776870.0,49.753105115992135
86.29,0.0,19777020.0,49.75310497529032
86.3,0.0,19777180.0,49.75310483391396
86.31,0.0,19777340.0,49.753104691814755
86.32,0.0,19777500.0,49.7531045489726
86.33,0.0,19777660.0,49.75310440539252
86.34,0.0,19777820.0,49.75310426110224
86.35,0.0,19777990.0,49.75310411615043
86.36,0.0,19778160.0,49.75310397052786
86.37,0.0,19778320.0,49.75310382418955
86.38,0.0,19778490.0,49.753103677136664
86.39,0.0,19778670.0,49.75310352940944
86.4,0.0,19778840.0,49.75310338100437
86.41,0.0,19779010.0,49.7531032318935
86.42,0.0,19779190.0,49.75310308210362
86.43,0.0,19779360.0,49.7531029316302
86.44,0.0,19779540.0,49.75310278045369
86.45,0.0,19779720.0,49.75310262861694
86.46,0.0,19779900.0,49.75310247613732
86.47,0.0,19780080.0,49.75310232302185
86.48,0.0,19780270.0,49.7531021692661
86.49,0.0,19780450.0,49.75310201486626
86.5,0.0,19780630.0,49.75310185981559
86.51,0.0,19780820.0,49.75310170411467
86.52,0.0,19781010.0,49.75310154776639
86.53,0.0,19781190.0,49.75310139078507
86.54,0.0,19781380.0,49.75310123319062
86.55,0.0,19781570.0,49.75310107493945
86.56,0.0,19781760.0,49.75310091601893
86.57,0.0,19781950.0,49.75310075643711
86.58,0.0,19782140.0,49.7531005962279
86.59,0.0,19782330.0,49.75310043544202
86.6,0.0,19782530.0,49.75310027407552
86.61,0.0,19782720.0,49.753100112084745
86.62,0.0,19782910.0,49.75309994947531
86.63,0.0,19783110.0,49.753099786287926
86.64,0.0,19783300.0,49.7530996225227
86.65,0.0,19783490.0,49.7530994581511
86.66,0.0,19783690.0,49.75309929320248
86.67,0.0,19783880.0,49.75309912767056
86.68,0.0,19784080.0,49.75309896153701
86.69,0.0,19784280.0,49.75309879484158
86.7,0.0,19784470.0,49.75309862760134
86.71,0.0,19784670.0,49.75309845981862
86.72,0.0,19784860.0,49.75309829148705
86.73,0.0,19785060.0,49.75309812259641
86.74,0.0,19785260.0,49.753097953136276
86.75,0.0,19785450.0,49.75309778309895
86.76,0.0,19785650.0,49.75309761248177
86.77,0.0,19785840.0,49.7530974412889
86.78,0.0,19786040.0,49.75309726953278
86.79,0.0,19786240.0,49.753097097235134
86.8,0.0,19786430.0,49.753096924427844
86.81,0.0,19786630.0,49.753096751153535
86.82,0.0,19786820.0,49.7530965773886
86.83,0.0,19787020.0,49.753096403066785
86.84,0.0,19787210.0,49.75309622823945
86.85,0.0,19787410.0,49.7530960529686
86.86,0.0,19787600.0,49.75309587726282
86.87,0.0,19787790.0,49.75309570108508
86.88,0.0,19787980.0,49.75309552437149
86.89,0.0,19788180.0,49.75309534718797
86.9,0.0,19788370.0,49.75309516954305
86.91,0.0,19788560.0,49.75309499142229
86.92,0.0,19788750.0,49.75309481285359
86.93,0.0,19788940.0,49.7530946338358
86.94,0.0,19789130.0,49.75309445441817
86.95,0.0,19789320.0,49.75309427461414
86.96,0.0,19789510.0,49.7530940944177
86.97,0.0,19789690.0,49.75309391380315
86.98,0.0,19789880.0,49.75309373281513
86.99,0.0,19790060.0,49.753093551464886
87.0,0.0,19790250.0,49.75309336975874
87.01,0.0,19790430.0,49.75309318775893
87.02,0.0,19790620.0,49.75309300543124
87.03,0.0,19790800.0,49.753092822744996
87.04,0.0,19790980.0,49.753092639744686
87.05,0.0,19791160.0,49.75309245645768
87.06,0.0,19791340.0,49.75309227290581
87.07,0.0,19791520.0,49.75309208910148
87.08,0.0,19791700.0,49.75309190505736
87.09,0.0,19791870.0,49.753091720781015
87.1,0.0,19792050.0,49.75309153628348
87.11,0.0,19792220.0,49.75309135157303
87.12,0.0,19792400.0,49.75309116666317
87.13,0.0,19792570.0,49.75309098156576
87.14,0.0,19792740.0,49.75309079629866
87.15,0.0,19792910.0,49.75309061087856
87.16,0.0,19793080.0,49.75309042525099
87.17,0.0,19793250.0,49.753090239383724
87.18,0.0,19793410.0,49.753090053333246
87.19,0.0,19793580.0,49.75308986714856
87.2,0.0,19793740.0,49.75308968080239
87.21,0.0,19793910.0,49.75308949428558
87.22,0.0,19794070.0,49.753089307674244
87.23,0.0,19794230.0,49.75308912103401
87.24,0.0,19794390.0,49.753088934351766
87.25,0.0,19794550.0,49.75308874755291
87.26,0.0,19794710.0,49.75308856066949
87.27,0.0,19794870.0,49.75308837372678
87.28,0.0,19795020.0,49.75308818668703
87.29,0.0,19795180.0,49.75308799960513
87.3,0.0,19795330.0,49.7530878124539
87.31,0.0,19795490.0,49.75308762523259
87.32,0.0,19795640.0,49.75308743794195
87.33,0.0,19795790.0,49.753087250603656
87.34,0.0,19795940.0,49.75308706323674
87.35,0.0,19796080.0,49.753086875800676
87.36,0.0,19796230.0,49.753086688273356
87.37,0.0,19796380.0,49.75308650065401
87.38,0.0,19796520.0,49.753086312952874
87.39,0.0,19796660.0,49.75308612519594
87.4,0.0,19796810.0,49.753085937415996
87.41,0.0,19796950.0,49.75308574958114
87.42,0.0,19797090.0,49.753085561687115
87.43,0.0,19797220.0,49.75308537374591
87.44,0.0,19797360.0,49.75308518571233
87.45,0.0,19797500.0,49.75308499757508
87.46,0.0,19797630.0,49.75308480934404
87.47,0.0,19797760.0,49.753084621053524
87.48,0.0,19797900.0,49.753084432751905
87.49,0.0,19798030.0,49.75308424442909
87.5,0.0,19798160.0,49.753084056108094
87.51,0.0,19798280.0,49.753083867755414
87.52,0.0,19798410.0,49.75308367930786
87.53,0.0,19798530.0,49.75308349082231
87.54,0.0,19798660.0,49.75308330237375
87.55,0.0,19798780.0,49.753083113904985
87.56,0.0,19798900.0,49.753082925418234
87.57,0.0,19799020.0,49.753082736944535
87.58,0.0,19799140.0,49.75308254848122
87.59,0.0,19799250.0,49.753082360065534
87.6,0.0,19799370.0,49.753082171696875
87.61,0.0,19799480.0,49.75308198334687
87.62,0.0,19799590.0,49.75308179504462
87.63,0.0,19799700.0,49.753081606859595
87.64,0.0,19799810.0,49.75308141874651
87.65,0.0,19799910.0,49.75308123065616
87.66,0.0,19800020.0,49.753081042679796
87.67,0.0,19800120.0,49.75308085486586
87.68,0.0,19800220.0,49.75308066716686
87.69,0.0,19800320.0,49.75308047961054
87.7,0.0,19800420.0,49.75308029220148
87.71,0.0,19800510.0,49.75308010494108
87.72,0.0,19800610.0,49.753079917894624
87.73,0.0,19800700.0,49.75307973110838
87.74,0.0,19800790.0,49.753079544538416
87.75,0.0,19800870.0,49.753079358155986
87.76,0.0,19800960.0,49.753079172010345
87.77,0.0,19801040.0,49.753078986142896
87.78,0.0,19801130.0,49.75307880059071
87.79,0.0,19801200.0,49.75307861531216
87.8,0.0,19801280.0,49.75307843028963
87.81,0.0,19801360.0,49.7530782455904
87.82,0.0,19801430.0,49.7530780612019
87.83,0.0,19801500.0,49.753077877134665
87.84,0.0,19801570.0,49.75307769340618
87.85,0.0,19801640.0,49.75307750997678
87.86,0.0,19801700.0,49.75307732691195
87.87,0.0,19801760.0,49.75307714427743
87.88,0.0,19801820.0,49.753076961999156
87.89,0.0,19801880.0,49.7530767800501
87.9,0.0,19801940.0,49.753076598506
87.91,0.0,19801990.0,49.75307641737637
87.92,0.0,19802040.0,49.7530762366272
87.93,0.0,19802090.0,49.753076056262906
87.94,0.0,19802130.0,49.75307587631944
87.95,0.0,19802170.0,49.753075696781764
87.96,0.0,19802210.0,49.75307551760305
87.97,0.0,19802250.0,49.75307533878397
87.98,0.0,19802290.0,49.75307516036396
87.99,0.0,19802320.0,49.75307498233696
88.0,0.0,19802350.0,49.7530748046695
88.01,0.0,19802380.0,49.753074627378965
88.02,0.0,19802400.0,49.753074450524075
88.03,0.0,19802430.0,49.753074274120024
88.04,0.0,19802450.0,49.75307409815593
88.05,0.0,19802460.0,49.75307392259551
88.06,0.0,19802480.0,49.75307374739032
88.07,0.0,19802490.0,49.753073572554754
88.08,0.0,19802500.0,49.75307339815364
88.09,0.0,19802500.0,49.75307322421538
88.1,0.0,19802510.0,49.7530730506704
88.11,0.0,19802510.0,49.75307287752845
88.12,0.0,19802510.0,49.75307270484946
88.13,0.0,19802500.0,49.7530725325922
88.14,0.0,19802490.0,49.75307236071488
88.15,0.0,19802480.0,49.75307218924715
88.16,0.0,19802470.0,49.753072018198274
88.17,0.0,19802450.0,49.753071847569224
88.18,0.0,19802430.0,49.75307167734897
88.19,0.0,19802410.0,49.75307150752452
88.2,0.0,19802390.0,49.75307133815306
88.21,0.0,19802360.0,49.75307116927022
88.22,0.0,19802330.0,49.753071000901926
88.23,0.0,19802290.0,49.75307083306076
88.24,0.0,19802260.0,49.75307066575582
88.25,0.0,19802220.0,49.75307049898749
88.26,0.0,19802180.0,49.75307033275612
88.27,0.0,19802130.0,49.75307016705591
88.28,0.0,19802080.0,49.753070001883046
88.29,0.0,19802030.0,49.75306983722894
88.3,0.0,19801980.0,49.75306967308804
88.31,0.0,19801920.0,49.7530695095281
88.32,0.0,19801860.0,49.753069346597016
88.33,0.0,19801800.0,49.753069184256375
88.34,0.0,19801730.0,49.75306902247749
88.35,0.0,19801660.0,49.75306886131005
88.36,0.0,19801590.0,49.75306870078747
88.37,0.0,19801520.0,49.75306854093674
88.38,0.0,19801440.0,49.75306838177308
88.39,0.0,19801360.0,49.753068223231324
88.4,0.0,19801270.0,49.753068065337565
88.41,0.0,19801190.0,49.75306790809859
88.42,0.0,19801100.0,49.75306775152495
88.43,0.0,19801010.0,49.75306759568759
88.44,0.0,19800910.0,49.753067440562305
88.45,0.0,19800810.0,49.75306728612722
88.46,0.0,19800710.0,49.75306713243222
88.47,0.0,19800610.0,49.75306697950528
88.48,0.0,19800500.0,49.75306682728542
88.49,0.0,19800390.0,49.753066675795914
88.5,0.0,19800280.0,49.75306652503455
88.51,0.0,19800160.0,49.75306637499764
88.52,0.0,19800050.0,49.75306622573714
88.53,0.0,19799920.0,49.753066077205766
88.54,0.0,19799800.0,49.75306592943203
88.55,0.0,19799670.0,49.75306578241224
88.56,0.0,19799550.0,49.75306563613565
88.57,0.0,19799410.0,49.75306549064257
88.58,0.0,19799280.0,49.75306534594747
88.59,0.0,19799140.0,49.75306520203672
88.6,0.0,19799000.0,49.75306505887972
88.61,0.0,19798860.0,49.75306491650184
88.62,0.0,19798710.0,49.75306477489336
88.63,0.0,19798570.0,49.75306463402199
88.64,0.0,19798420.0,49.753064493907004
88.65,0.0,19798260.0,49.75306435460635
88.66,0.0,19798110.0,49.75306421612914
88.67,0.0,19797950.0,49.75306407845103
88.68,0.0,19797790.0,49.75306394159051
88.69,0.0,19797630.0,49.753063805520284
88.7,0.0,19797460.0,49.75306367018179
88.71,0.0,19797290.0,49.75306353563818
88.72,0.0,19797120.0,49.75306340188473
88.73,0.0,19796950.0,49.75306326888101
88.74,0.0,19796780.0,49.753063136691786
88.75,0.0,19796600.0,49.75306300531383
88.76,0.0,19796420.0,49.75306287469497
88.77,0.0,19796240.0,49.75306274489071
88.78,0.0,19796050.0,49.75306261595463
88.79,0.0,19795870.0,49.75306248787199
88.8,0.0,19795680.0,49.75306236056586
88.81,0.0,19795490.0,49.75306223399181
88.82,0.0,19795300.0,49.75306210819279
88.83,0.0,19795100.0,49.75306198320663
88.84,0.0,19794910.0,49.75306185906467
88.85,0.0,19794710.0,49.753061735713295
88.86,0.0,19794510.0,49.75306161311351
88.87,0.0,19794300.0,49.75306149129952
88.88,0.0,19794100.0,49.753061370289004
88.89,0.0,19793890.0,49.753061250084116
88.9,0.0,19793690.0,49.75306113067202
88.91,0.0,19793480.0,49.75306101202532
88.92,0.0,19793270.0,49.75306089417965
88.93,0.0,19793050.0,49.75306077713317
88.94,0.0,19792840.0,49.7530606608648
88.95,0.0,19792620.0,49.75306054539977
88.96,0.0,19792400.0,49.75306043072559
88.97,0.0,19792190.0,49.75306031687458
88.98,0.0,19791970.0,49.75306020390446
88.99,0.0,19791740.0,49.75306009181876
89.0,0.0,19791520.0,49.75305998057535
89.01,0.0,19791300.0,49.75305987017043
89.02,0.0,19791070.0,49.75305976062028
89.03,0.0,19790840.0,49.7530596518826
89.04,0.0,19790610.0,49.75305954394334
89.05,0.0,19790380.0,49.75305943680056
89.06,0.0,19790150.0,49.75305933046492
89.07,0.0,19789920.0,49.753059224946995
89.08,0.0,19789690.0,49.753059120260325
89.09,0.0,19789460.0,49.75305901641081
89.1,0.0,19789220.0,49.7530589134012
89.11,0.0,19788990.0,49.75305881122182
89.12,0.0,19788750.0,49.753058709856
89.13,0.0,19788510.0,49.753058609271534
89.14,0.0,19788270.0,49.75305850942682
89.15,0.0,19788040.0,49.753058410340174
89.16,0.0,19787800.0,49.75305831207305
89.17,0.0,19787560.0,49.7530582146396
89.18,0.0,19787320.0,49.75305811801976
89.19,0.0,19787080.0,49.75305802215643
89.2,0.0,19786840.0,49.7530579270434
89.21,0.0,19786590.0,49.75305783269756
89.22,0.0,19786350.0,49.75305773908551
89.23,0.0,19786110.0,49.75305764620161
89.24,0.0,19785870.0,49.75305755405801
89.25,0.0,19785630.0,49.753057462676836
89.26,0.0,19785380.0,49.753057372084086
89.27,0.0,19785140.0,49.75305728230475
89.28,0.0,19784900.0,49.75305719328163
89.29,0.0,19784660.0,49.75305710497288
89.3,0.0,19784410.0,49.75305701740911
89.31,0.0,19784170.0,49.7530569306024
89.32,0.0,19783930.0,49.75305684454631
89.33,0.0,19783690.0,49.75305675921579
89.34,0.0,19783450.0,49.753056674567134
89.35,0.0,19783210.0,49.75305659061514
89.36,0.0,19782970.0,49.753056507409866
89.37,0.0,19782720.0,49.75305642487646
89.38,0.0,19782490.0,49.75305634299957
89.39,0.0,19782250.0,49.75305626178678
89.4,0.0,19782010.0,49.753056181201444
89.41,0.0,19781770.0,49.753056101232794
89.42,0.0,19781530.0,49.753056021892625
89.43,0.0,19781300.0,49.75305594319978
89.44,0.0,19781060.0,49.753055865181025
89.45,0.0,19780830.0,49.75305578785866
89.46,0.0,19780600.0,49.75305571117645
89.47,0.0,19780360.0,49.75305563508984
89.48,0.0,19780130.0,49.753055559630035
89.49,0.0,19779900.0,49.75305548480593
89.5,0.0,19779670.0,49.75305541053382
89.51,0.0,19779450.0,49.75305533680812
89.52,0.0,19779220.0,49.75305526366721
89.53,0.0,19779000.0,49.753055191115045
89.54,0.0,19778770.0,49.75305511911808
89.55,0.0,19778550.0,49.75305504761558
89.56,0.0,19778330.0,49.75305497659215
89.57,0.0,19778110.0,49.753054906063575
89.58,0.0,19777900.0,49.75305483606572
89.59,0.0,19777680.0,49.7530547665685
89.6,0.0,19777470.0,49.75305469756977
89.61,0.0,19777260.0,49.75305462907187
89.62,0.0,19777050.0,49.75305456108919
89.63,0.0,19776840.0,49.75305449362813
89.64,0.0,19776640.0,49.753054426619855
89.65,0.0,19776430.0,49.75305436008065
89.66,0.0,19776230.0,49.75305429400474
89.67,0.0,19776030.0,49.753054228377714
89.68,0.0,19775840.0,49.75305416323822
89.69,0.0,19775640.0,49.75305409859093
89.7,0.0,19775450.0,49.75305403440926
89.71,0.0,19775260.0,49.753053970637666
89.72,0.0,19775080.0,49.75305390727056
89.73,0.0,19774890.0,49.75305384433032
89.74,0.0,19774710.0,49.753053781785546
89.75,0.0,19774530.0,49.75305371963565
89.76,0.0,19774360.0,49.753053657892856
89.77,0.0,19774180.0,49.75305359650375
89.78,0.0,19774010.0,49.75305353543634
89.79,0.0,19773850.0,49.75305347474156
89.8,0.0,19773680.0,49.753053414452964
89.81,0.0,19773520.0,49.75305335451491
89.82,0.0,19773360.0,49.7530532948747
89.83,0.0,19773210.0,49.75305323554796
89.84,0.0,19773060.0,49.75305317652158
89.85,0.0,19772910.0,49.75305311776185
89.86,0.0,19772760.0,49.75305305928516
89.87,0.0,19772620.0,49.75305300114237
89.88,0.0,19772490.0,49.753052943329365
89.89,0.0,19772350.0,49.75305288580082
89.9,0.0,19772220.0,49.75305282854558
89.91,0.0,19772090.0,49.753052771497266
89.92,0.0,19771970.0,49.75305271462576
89.93,0.0,19771850.0,49.75305265791216
89.94,0.0,19771740.0,49.75305260135504
89.95,0.0,19771630.0,49.75305254494979
89.96,0.0,19771520.0,49.75305248862092
89.97,0.0,19771420.0,49.753052432382184
89.98,0.0,19771320.0,49.753052376229526
89.99,0.0,19771220.0,49.75305232007705
90.0,0.0,19771130.0,49.75305226392001
90.0,0.0,19771130.0,49.75305226392001
