t_rosco,torque_offset_nm,gen_tq_meas_nm,f_grid_hz
0.0,0.0,0.0,50.0
0.0,0.0,0.0,50.0
0.0,0.0,0.0,50.0
0.01,-0.0,19786770.0,50.00038926170256
0.02,-0.0,19786770.0,50.000808392159946
0.03,-0.0,19786770.0,50.00133225309409
0.04,-0.0,19786780.0,50.00193631593043
0.05,-0.0,19786780.0,50.00193631593043
0.06,-0.0,19786800.0,50.00331005314389
0.07,-0.0,19786810.0,50.00331005314389
0.08,-0.0,19786830.0,50.00481102911765
0.09,-0.0,19786860.0,50.005582350365216
0.1,-0.0,19786890.0,50.006356352640665
0.11,-0.0,19786930.0,50.00712607061894
0.12,-0.0,19786970.0,50.00788545990348
0.13,-0.0,19787020.0,50.00862926308501
0.14,-0.0,19787080.0,50.009352910658265
0.15,-0.0,19787140.0,50.01005244720464
0.16,-0.0,19787220.0,50.01072447582152
0.17,-0.0,19787300.0,50.01072447582152
0.18,-0.0,19787390.0,50.01197497602977
0.19,-0.0,19787490.0,50.01197497602977
0.2,-0.0,19787600.0,50.01254910355117
0.21,-0.0,19787720.0,50.01308699183029
0.22,-0.0,19787850.0,50.013587537786066
0.23,-0.0,19787990.0,50.01405003024529
0.24,-0.0,19788140.0,50.01447413154351
0.25,-0.0,19788310.0,50.014859859382476
0.26,-0.0,19788480.0,50.01520756856337
0.27,-0.0,19788670.0,50.01551793224426
0.28,-0.0,19788870.0,50.01579192245161
0.29,-0.0,19789090.0,50.016030789788125
0.3,-0.0,19789320.0,50.01623604251327
0.31,-0.0,19789560.0,50.01640942481348
0.32,-0.0,19789810.0,50.01655289417967
0.33,-0.0,19790080.0,50.016668598311206
0.34,-0.0,19790370.0,50.01675885149981
0.35,-0.0,19790670.0,50.01682611026542
0.36,-0.0,19790980.0,50.01687294898648
0.37,-0.0,19791310.0,50.0169020353198
0.38,-0.0,19791660.0,50.01691610549959
0.39,-0.0,19792020.0,50.016917939942765
0.4,-0.0,19792400.0,50.01691033915658
0.41,-0.0,19792790.0,50.01689609993697
0.42,-0.0,19793210.0,50.016877992304146
0.43,-0.0,19793640.0,50.01685873731228
0.44,-0.0,19794080.0,50.016840985508345
0.45,-0.0,19794550.0,50.016827296524745
0.46,-0.0,19795030.0,50.01682011987902
0.47,-0.0,19795530.0,50.016821776952455
0.48,-0.0,19796050.0,50.016834444418144
0.49,-0.0,19796580.0,50.01686013896283
0.5,-0.0,19797140.0,50.016900703689245
0.51,-0.0,19797710.0,50.01695779619627
0.52,-0.0,19798310.0,50.01703287829744
0.53,-0.0,19798920.0,50.01712720756697
0.54,-0.0,19799550.0,50.01724183054047
0.55,-0.0,19800210.0,50.01737757786924
0.56,-0.0,19800880.0,50.01753506140088
0.57,-0.0,19801570.0,50.01771467305131
0.58,-0.0,19802280.0,50.017916585548974
0.59,-0.0,19803010.0,50.018140755025776
0.6,-0.0,19803770.0,50.01838692541426
0.61,-0.0,19804540.0,50.01865463466928
0.62,-0.0,19805330.0,50.01894322256396
0.63,-0.0,19806150.0,50.01925184001613
0.64,-0.0,19806980.0,50.019579460055084
0.65,-0.0,19807840.0,50.01992489011724
0.66,-0.0,19808720.0,50.02028678540685
0.67,-0.0,19809620.0,50.02066366343666
0.68,-0.0,19810540.0,50.02105391946622
0.69,-0.0,19811480.0,50.0214558427056
0.7,-0.0,19812450.0,50.021867633153086
0.71,-0.0,19813430.0,50.022287418749166
0.72,-0.0,19814440.0,50.022713272682196
0.73,-0.0,19815470.0,50.02314323092128
0.74,-0.0,19816520.0,50.023575309507365
0.75,-0.0,19817590.0,50.02400752152059
0.76,-0.0,19818690.0,50.02443789382828
0.77,-0.0,19819800.0,50.0248644829888
0.78,-0.0,19820940.0,50.02528539056888
0.79,-0.0,19822100.0,50.02569877760096
0.8,-0.0,19823290.0,50.02610287814877
0.81,-0.0,19824490.0,50.026496011829245
0.82,-0.0,19825720.0,50.026876595290034
0.83,-0.0,19826970.0,50.02724315259807
0.84,-0.0,19828240.0,50.02759432431721
0.85,-0.0,19829540.0,50.02792887555738
0.86,-0.0,19830850.0,50.028245702643005
0.87,-0.0,19832190.0,50.028543838624316
0.88,-0.0,19833550.0,50.028822457812915
0.89,-0.0,19834940.0,50.0290808789536
0.9,-0.0,19836340.0,50.029318567194835
0.91,-0.0,19837770.0,50.02953513502854
0.92,-0.0,19839220.0,50.02973034222076
0.93,-0.0,19840690.0,50.02990409451883
0.94,-0.0,19842190.0,50.03005644147396
0.95,-0.0,19843710.0,50.03018757333746
0.96,-0.0,19845250.0,50.03029781681379
0.97,-0.0,19846810.0,50.03038763019556
0.98,-0.0,19848390.0,50.03045759768756
0.99,-0.0,19850000.0,50.03050842261902
1.0,-0.0,19851630.0,50.03054092004453
1.01,-0.0,19853280.0,50.030556008788075
1.02,-0.0,19854950.0,50.030554702754294
1.03,-0.0,19856650.0,50.03053810173037
1.04,-0.0,19858360.0,50.03050738148851
1.05,-0.0,19860100.0,50.03046378347936
1.06,-0.0,19861860.0,50.030408604284496
1.07,-0.0,19863640.0,50.03034318467694
1.08,-0.0,19865450.0,50.03026889846483
1.09,-0.0,19867270.0,50.03018714120746
1.1,-0.0,19869120.0,50.030099318822586
1.11,-0.0,19870990.0,50.03000683643457
1.12,-0.0,19872880.0,50.029911087265056
1.13,-0.0,19874790.0,50.02981344174909
1.14,-0.0,19876720.0,50.02971523708416
1.15,-0.0,19878680.0,50.029617767254855
1.16,-0.0,19880650.0,50.02952227366914
1.17,-0.0,19882650.0,50.02942993627584
1.18,-0.0,19884670.0,50.02934186550685
1.19,-0.0,19886700.0,50.029259094990465
1.2,-0.0,19888760.0,50.02918257512956
1.21,-0.0,19890840.0,50.029113167558315
1.22,-0.0,19892940.0,50.029051640471366
1.23,-0.0,19895070.0,50.028998665064385
1.24,-0.0,19897210.0,50.02895481283189
1.25,-0.0,19899370.0,50.02892055376649
1.26,-0.0,19901550.0,50.028896255659795
1.27,-0.0,19903760.0,50.02888218413938
1.28,-0.0,19905980.0,50.028878503702245
1.29,-0.0,19908220.0,50.02888527954249
1.3,-0.0,19910490.0,50.02890248018789
1.31,-0.0,19912770.0,50.028929980818134
1.32,-0.0,19915070.0,50.02896756726884
1.33,-0.0,19917390.0,50.029014940586194
1.34,-0.0,19919740.0,50.02907172205675
1.35,-0.0,19922100.0,50.02913745882673
1.36,-0.0,19924480.0,50.0292116297392
1.37,-0.0,19926880.0,50.029293651588645
1.38,-0.0,19929300.0,50.02938288560881
1.39,-0.0,19931730.0,50.02947864417017
1.4,-0.0,19934190.0,50.02958019759938
1.41,-0.0,19936670.0,50.029686781104296
1.42,-0.0,19939160.0,50.029797601723956
1.43,-0.0,19941670.0,50.02991184521982
1.44,-0.0,19944200.0,50.03002868308432
1.45,-0.0,19946750.0,50.03014727929217
1.46,-0.0,19949320.0,50.03026679705711
1.47,-0.0,19951900.0,50.030386405404755
1.48,-0.0,19954510.0,50.03050528559769
1.49,-0.0,19957130.0,50.03062263731365
1.5,-0.0,19959770.0,50.030737684537684
1.51,-0.0,19962420.0,50.030849681244085
1.52,-0.0,19965090.0,50.03095791685676
1.53,-0.0,19967780.0,50.031061721248435
1.54,-0.0,19970490.0,50.03116046925179
1.55,-0.0,19973210.0,50.03125358500684
1.56,-0.0,19975950.0,50.03134054576318
1.57,-0.0,19978710.0,50.03142088515576
1.58,-0.0,19981480.0,50.03149419614328
1.59,-0.0,19984270.0,50.03156013324727
1.6,-0.0,19987080.0,50.03161841436875
1.61,-0.0,19989900.0,50.03166882208638
1.62,-0.0,19992740.0,50.03171120416865
1.63,-0.0,19995590.0,50.03174547369993
1.64,-0.0,19998460.0,50.03177160868735
1.65,-0.0,20001340.0,50.03178965101789
1.66,-0.0,20004240.0,50.031799704794864
1.67,-0.0,20007150.0,50.03180193417496
1.68,-0.0,20010080.0,50.031796560863114
1.69,-0.0,20013020.0,50.03178386103907
1.7,-0.0,20015980.0,50.031764161879124
1.71,-0.0,20018950.0,50.03173783760991
1.72,-0.0,20021930.0,50.03170530535132
1.73,-0.0,20024930.0,50.03166702064641
1.74,-0.0,20027950.0,50.03162347280116
1.75,-0.0,20030970.0,50.031575180022344
1.76,-0.0,20034010.0,50.03152268440152
1.77,-0.0,20037060.0,50.03146654690609
1.78,-0.0,20040130.0,50.031407342375935
1.79,-0.0,20043210.0,50.031345654541816
1.8,-0.0,20046300.0,50.031282071070706
1.81,-0.0,20049400.0,50.03121717889496
1.82,-0.0,20052520.0,50.03115155960089
1.83,-0.0,20055650.0,50.03108578495629
1.84,-0.0,20058790.0,50.03102041274445
1.85,-0.0,20061940.0,50.030955982766066
1.86,-0.0,20065100.0,50.03089301327706
1.87,-0.0,20068270.0,50.03083199758321
1.88,-0.0,20071460.0,50.030773400884364
1.89,-0.0,20074660.0,50.030717657482384
1.9,-0.0,20077860.0,50.030665168230925
1.91,-0.0,20081080.0,50.03061629844668
1.92,-0.0,20084310.0,50.03057137602405
1.93,-0.0,20087550.0,50.03053068980161
1.94,-0.0,20090790.0,50.03049448832123
1.95,-0.0,20094050.0,50.03046297896603
1.96,-0.0,20097320.0,50.0304363271551
1.97,-0.0,20100600.0,50.03041465606282
1.98,-0.0,20103880.0,50.03039804665952
1.99,-0.0,20107180.0,50.03038653792663
2.0,-0.0,20110480.0,50.03038012743735
2.01,-0.0,20113800.0,50.03037877217076
2.02,-0.0,20117120.0,50.03038238976936
2.03,-0.0,20120450.0,50.03039085997273
2.04,-0.0,20123790.0,50.030404026266126
2.05,-0.0,20127130.0,50.03042169787155
2.06,-0.0,20130480.0,50.0304436519062
2.07,-0.0,20133850.0,50.03049924537658
2.08,-0.0,20137210.0,50.03053209309375
2.09,-0.0,20140590.0,50.030567902500486
2.1,-0.0,20143970.0,50.03060636738231
2.11,-0.0,20147360.0,50.030647159002065
2.12,-0.0,20150760.0,50.03068993165245
2.13,-0.0,20154160.0,50.03073432739733
2.14,-0.0,20157570.0,50.030779980450504
2.15,-0.0,20160980.0,50.03082652123475
2.16,-0.0,20164400.0,50.03087358025231
2.17,-0.0,20167830.0,50.030920791544176
2.18,-0.0,20171260.0,50.03096779596512
2.19,-0.0,20174700.0,50.03101424429286
2.2,-0.0,20178140.0,50.03105980011382
2.21,-0.0,20181590.0,50.031104142520974
2.22,-0.0,20185040.0,50.031146968329175
2.23,-0.0,20188500.0,50.031187994308915
2.24,-0.0,20191960.0,50.031226959019605
2.25,-0.0,20195420.0,50.03126362428014
2.26,-0.0,20198890.0,50.031297776670726
2.27,-0.0,20202360.0,50.031329228508056
2.28,-0.0,20205840.0,50.03135781868148
2.29,-0.0,20209320.0,50.03138341320202
2.3,-0.0,20212800.0,50.031405905467544
2.31,-0.0,20216290.0,50.0314252163613
2.32,-0.0,20219780.0,50.0314412941433
2.33,-0.0,20223270.0,50.03145411411568
2.34,-0.0,20226770.0,50.031463678110285
2.35,-0.0,20230260.0,50.031470013704784
2.36,-0.0,20233770.0,50.03147317346199
2.37,-0.0,20237270.0,50.031473233879865
2.38,-0.0,20240770.0,50.031470294104594
2.39,-0.0,20244280.0,50.03146447473825
2.4,-0.0,20247790.0,50.03145591643988
2.41,-0.0,20251290.0,50.03144477834609
2.42,-0.0,20254810.0,50.031431236568395
2.43,-0.0,20258320.0,50.03141548248483
2.44,-0.0,20261830.0,50.03139772084286
2.45,-0.0,20265340.0,50.031378168035154
2.46,-0.0,20268860.0,50.03135705028755
2.47,-0.0,20272370.0,50.03133460157133
2.48,-0.0,20275890.0,50.03131106168334
2.49,-0.0,20279410.0,50.031286674339036
2.5,-0.0,20282920.0,50.0312616851147
2.51,-0.0,20286440.0,50.0312363394787
2.52,-0.0,20289950.0,50.03121088084017
2.53,-0.0,20293470.0,50.03118554863168
2.54,-0.0,20296990.0,50.03116057644251
2.55,-0.0,20300500.0,50.03113619021945
2.56,-0.0,20304020.0,50.03111260647795
2.57,-0.0,20307530.0,50.03109003071239
2.58,-0.0,20311040.0,50.0310686559018
2.59,-0.0,20314550.0,50.03104866116027
2.6,-0.0,20318060.0,50.03103021051321
2.61,-0.0,20321570.0,50.031013451770875
2.62,-0.0,20325080.0,50.03099851572203
2.63,-0.0,20328590.0,50.03098551539734
2.64,-0.0,20332090.0,50.03097454545471
2.65,-0.0,20335590.0,50.03096568190117
2.66,-0.0,20339090.0,50.030958981819786
2.67,-0.0,20342590.0,50.030954483317416
2.68,-0.0,20346090.0,50.030952205781354
2.69,-0.0,20349580.0,50.0309521502877
2.7,-0.0,20353070.0,50.03095429992068
2.71,-0.0,20356560.0,50.03095862045473
2.72,-0.0,20360050.0,50.030965061187196
2.73,-0.0,20363530.0,50.03097355576433
2.74,-0.0,20367020.0,50.03098402325211
2.75,-0.0,20370490.0,50.03099636913787
2.76,-0.0,20373970.0,50.031010486506574
2.77,-0.0,20377440.0,50.03102625725702
2.78,-0.0,20380910.0,50.03104355330432
2.79,-0.0,20384380.0,50.031062237967696
2.8,-0.0,20387840.0,50.03108216727389
2.81,-0.0,20391300.0,50.03110319128542
2.82,-0.0,20394750.0,50.03112515533608
2.83,-0.0,20398200.0,50.0311479013689
2.84,-0.0,20401650.0,50.0311712692904
2.85,-0.0,20405100.0,50.0311950981563
2.86,-0.0,20408540.0,50.03121922740801
2.87,-0.0,20411970.0,50.03124349806794
2.88,-0.0,20415400.0,50.031267753889885
2.89,-0.0,20418830.0,50.03129184246134
2.9,-0.0,20422260.0,50.031315616253934
2.91,-0.0,20425680.0,50.03133893361886
2.92,-0.0,20429090.0,50.031361659723785
2.93,-0.0,20432500.0,50.03138366735417
2.94,-0.0,20435910.0,50.03140483774674
2.95,-0.0,20439310.0,50.03142506140561
2.96,-0.0,20442710.0,50.03144423868691
2.97,-0.0,20446100.0,50.03146228040515
2.98,-0.0,20449490.0,50.031479108410814
2.99,-0.0,20452870.0,50.03149465599758
3.0,-0.0,20456250.0,50.03150886814799
3.01,-0.0,20459620.0,50.031521701710844
3.02,-0.0,20462990.0,50.03153312563191
3.03,-0.0,20466350.0,50.03154312105408
3.04,-0.0,20469710.0,50.031551681161666
3.05,-0.0,20473060.0,50.031558810951296
3.06,-0.0,20476410.0,50.031564527054826
3.07,-0.0,20479750.0,50.03156885736042
3.08,-0.0,20483090.0,50.03157184055607
3.09,-0.0,20486420.0,50.031573525566465
3.1,-0.0,20489750.0,50.03157397084955
3.11,-0.0,20493070.0,50.03157324377092
3.12,-0.0,20496390.0,50.03157141980861
3.13,-0.0,20499700.0,50.03156858164449
3.14,-0.0,20503000.0,50.03156481836268
3.15,-0.0,20506300.0,50.031560224509754
3.16,-0.0,20509600.0,50.03155489907434
3.17,-0.0,20512880.0,50.03154894453413
3.18,-0.0,20516170.0,50.03154246596928
3.19,-0.0,20519440.0,50.03153557001008
3.2,-0.0,20522720.0,50.03152836391877
3.21,-0.0,20525980.0,50.03152095473561
3.22,-0.0,20529240.0,50.03151344839384
3.23,-0.0,20532500.0,50.03150594879069
3.24,-0.0,20535750.0,50.03149855702301
3.25,-0.0,20538990.0,50.031491370713574
3.26,-0.0,20542230.0,50.031484483256115
3.27,-0.0,20545460.0,50.03147798320434
3.28,-0.0,20548690.0,50.031471953794124
3.29,-0.0,20551910.0,50.03146647235669
3.3,-0.0,20555130.0,50.031461609911865
3.31,-0.0,20558340.0,50.031457430861636
3.32,-0.0,20561540.0,50.031453992606146
3.33,-0.0,20564740.0,50.03145134530348
3.34,-0.0,20567930.0,50.03144953168531
3.35,-0.0,20571120.0,50.03144858700011
3.36,-0.0,20574300.0,50.03144853883954
3.37,-0.0,20577470.0,50.031449407134446
3.38,-0.0,20580640.0,50.03145120423971
3.39,-0.0,20583810.0,50.031453934930056
3.4,-0.0,20586970.0,50.03145759652804
3.41,-0.0,20590120.0,50.03146217914962
3.42,-0.0,20593270.0,50.03146766589738
3.43,-0.0,20596410.0,50.031474032972646
3.44,-0.0,20599540.0,50.031481250084155
3.45,-0.0,20602680.0,50.03148928092437
3.46,-0.0,20605800.0,50.03149808337999
3.47,-0.0,20608920.0,50.031507609983684
3.48,-0.0,20612030.0,50.03151780843987
3.49,-0.0,20615140.0,50.0315286220459
3.5,-0.0,20618250.0,50.031539990300764
3.51,-0.0,20621340.0,50.031551849368974
3.52,-0.0,20624430.0,50.03156413268357
3.53,-0.0,20627520.0,50.031576771677265
3.54,-0.0,20630600.0,50.03158969621796
3.55,-0.0,20633680.0,50.03160283525235
3.56,-0.0,20636750.0,50.03161611755874
3.57,-0.0,20639820.0,50.03162947225821
3.58,-0.0,20642880.0,50.03164282934447
3.59,-0.0,20645930.0,50.03165612027587
3.6,-0.0,20648980.0,50.031669278611226
3.61,-0.0,20652030.0,50.031682240588204
3.62,-0.0,20655060.0,50.03169494544248
3.63,-0.0,20658100.0,50.03170733595792
3.64,-0.0,20661130.0,50.031719358837734
3.65,-0.0,20664150.0,50.03173096507783
3.66,-0.0,20667170.0,50.03174211031383
3.67,-0.0,20670190.0,50.03175275492371
3.68,-0.0,20673200.0,50.03176286431531
3.69,-0.0,20676200.0,50.03177240913168
3.7,-0.0,20679200.0,50.03178136525238
3.71,-0.0,20682200.0,50.03178971384592
3.72,-0.0,20685190.0,50.03179744135681
3.73,-0.0,20688180.0,50.03180453946317
3.74,-0.0,20691160.0,50.03181100504809
3.75,-0.0,20694140.0,50.03181684005193
3.76,-0.0,20697110.0,50.031822051221354
3.77,-0.0,20700080.0,50.03182664999877
3.78,-0.0,20703040.0,50.03183065226923
3.79,-0.0,20706000.0,50.031834078046266
3.8,-0.0,20708960.0,50.03183695120288
3.81,-0.0,20711910.0,50.03183929927102
3.82,-0.0,20714850.0,50.031841153111564
3.83,-0.0,20717800.0,50.03184254660762
3.84,-0.0,20720740.0,50.03184351631709
3.85,-0.0,20723670.0,50.03184410115091
3.86,-0.0,20726600.0,50.0318443420133
3.87,-0.0,20729530.0,50.03184428147029
3.88,-0.0,20732450.0,50.031843963382805
3.89,-0.0,20735370.0,50.0318434325704
3.9,-0.0,20738290.0,50.031842734514484
3.91,-0.0,20741200.0,50.031841914926076
3.92,-0.0,20744110.0,50.03184101940025
3.93,-0.0,20747010.0,50.031840093145554
3.94,-0.0,20749910.0,50.03183918054982
3.95,-0.0,20752810.0,50.03183832487025
3.96,-0.0,20755710.0,50.03183756804391
3.97,-0.0,20758600.0,50.0318369502054
3.98,-0.0,20761490.0,50.03183650941991
3.99,-0.0,20764370.0,50.03183628154313
4.0,-0.0,20767250.0,50.03183629986726
4.01,-0.0,20770130.0,50.03183659482192
4.02,-0.0,20773010.0,50.0318371938535
4.03,-0.0,20775880.0,50.03183812123273
4.04,-0.0,20778750.0,50.031839397911135
4.05,-0.0,20781620.0,50.03184104146631
4.06,-0.0,20784480.0,50.03184306592943
4.07,-0.0,20787340.0,50.03184548174811
4.08,-0.0,20790200.0,50.03184829583856
4.09,-0.0,20793060.0,50.031851511519754
4.1,-0.0,20795910.0,50.03185512858143
4.11,-0.0,20798770.0,50.03185914343867
4.12,-0.0,20801620.0,50.03186354923653
4.13,-0.0,20804460.0,50.03186833598663
4.14,-0.0,20807310.0,50.03187349065996
4.15,-0.0,20810150.0,50.03187899747249
4.16,-0.0,20812990.0,50.0318848380753
4.17,-0.0,20815830.0,50.03189099172415
4.18,-0.0,20818670.0,50.03189743567103
4.19,-0.0,20821500.0,50.03190414531473
4.2,-0.0,20824340.0,50.031911094476264
4.21,-0.0,20827170.0,50.031918255717
4.22,-0.0,20830000.0,50.0319256005219
4.23,-0.0,20832830.0,50.031933099564355
4.24,-0.0,20835650.0,50.03194072296537
4.25,-0.0,20838480.0,50.03194844054521
4.26,-0.0,20841300.0,50.03195622213844
4.27,-0.0,20844120.0,50.031964037803014
4.28,-0.0,20846940.0,50.03197185803874
4.29,-0.0,20849760.0,50.031979653908756
4.3,-0.0,20852580.0,50.03198739726297
4.31,-0.0,20855400.0,50.031995061057714
4.32,-0.0,20858210.0,50.032002619429946
4.33,-0.0,20861030.0,50.03201004778989
4.34,-0.0,20863840.0,50.03201732305307
4.35,-0.0,20866650.0,50.03202442376019
4.36,-0.0,20869470.0,50.032031330202386
4.37,-0.0,20872280.0,50.032038024518265
4.38,-0.0,20875090.0,50.0320444907952
4.39,-0.0,20877900.0,50.03205071521296
4.4,-0.0,20880700.0,50.03205668602273
4.41,-0.0,20883510.0,50.03206239354011
4.42,-0.0,20886320.0,50.03206783034527
4.43,-0.0,20889120.0,50.032072991271384
4.44,-0.0,20891930.0,50.03207787327095
4.45,-0.0,20894730.0,50.032082475499884
4.46,-0.0,20897540.0,50.03208679935464
4.47,-0.0,20900340.0,50.032090848341205
4.48,-0.0,20903140.0,50.03209462802678
4.49,-0.0,20905940.0,50.032098146028446
4.5,-0.0,20908740.0,50.03210141190466
4.51,-0.0,20911540.0,50.03210443696261
4.52,-0.0,20914340.0,50.03210723414827
4.53,-0.0,20917140.0,50.03210981790369
4.54,-0.0,20919940.0,50.03211220402658
4.55,-0.0,20922740.0,50.03211440957327
4.56,-0.0,20925540.0,50.032116452672646
4.57,-0.0,20928330.0,50.03211835226507
4.58,-0.0,20931130.0,50.03212012793444
4.59,-0.0,20933920.0,50.03212179971921
4.6,-0.0,20936720.0,50.03212338800951
4.61,-0.0,20939510.0,50.032124913333675
4.62,-0.0,20942300.0,50.032126396041576
4.63,-0.0,20945100.0,50.03212785622685
4.64,-0.0,20947890.0,50.03212931362667
4.65,-0.0,20950680.0,50.03213078745182
4.66,-0.0,20953470.0,50.03213229616035
4.67,-0.0,20956260.0,50.0321338573413
4.68,-0.0,20959050.0,50.03213548759328
4.69,-0.0,20961840.0,50.03213720243126
4.7,-0.0,20964620.0,50.03213901619041
4.71,-0.0,20967410.0,50.03214094195938
4.72,-0.0,20970190.0,50.0321429915823
4.73,-0.0,20972980.0,50.03214517545156
4.74,-0.0,20975760.0,50.03214750257972
4.75,-0.0,20978540.0,50.032149980621675
4.76,-0.0,20981320.0,50.03215261571876
4.77,-0.0,20984100.0,50.032155412587976
4.78,-0.0,20986880.0,50.03215837452012
4.79,-0.0,20989660.0,50.032161503403984
4.8,-0.0,20992430.0,50.03216479974309
4.81,-0.0,20995210.0,50.032168262625106
4.82,-0.0,20997980.0,50.03217188977784
4.83,-0.0,21000750.0,50.03217567769933
4.84,-0.0,21003520.0,50.03217962169661
4.85,-0.0,21006290.0,50.03218371587741
4.86,-0.0,21009060.0,50.03218795329961
4.87,-0.0,21011820.0,50.032192325956736
4.88,-0.0,21014590.0,50.0321968248821
4.89,-0.0,21017350.0,50.03220144022348
4.9,-0.0,21020110.0,50.03220616135312
4.91,-0.0,21022860.0,50.03221097702063
4.92,-0.0,21025620.0,50.03221587537505
4.93,-0.0,21028370.0,50.03222084400224
4.94,-0.0,21031120.0,50.03222587013022
4.95,-0.0,21033870.0,50.03223094072089
4.96,-0.0,21036620.0,50.03223604259662
4.97,-0.0,21039360.0,50.032241162535975
4.98,-0.0,21042110.0,50.03224628733041
4.99,-0.0,21044840.0,50.03225140390304
5.0,-0.0,21047580.0,50.03225649943291
5.01,-0.0,21050310.0,50.032261561420555
5.02,-0.0,21053050.0,50.03226657739671
5.03,-0.0,21055770.0,50.03227153446075
5.04,-0.0,21058500.0,50.03227641884801
5.05,-0.0,21061220.0,50.03228121565476
5.06,-0.0,21063940.0,50.03228590847567
5.07,-0.0,21066650.0,50.032290479073694
5.08,-0.0,21069370.0,50.032294907052474
5.09,-0.0,21072070.0,50.032299169494586
5.1,-0.0,21074780.0,50.032303240772535
5.11,-0.0,21077480.0,50.032307092214054
5.12,-0.0,21080180.0,50.03231069190592
5.13,-0.0,21082870.0,50.03231400456081
5.14,-0.0,21085560.0,50.03231699127636
5.15,-0.0,21088250.0,50.03231960940515
5.16,-0.0,21090930.0,50.032321812451904
5.17,-0.0,21093610.0,50.032323549928535
5.18,-0.0,21096280.0,50.0323247674047
5.19,-0.0,21098950.0,50.03232540647308
5.2,-0.0,21101610.0,50.03232540470696
5.21,-0.0,21104270.0,50.0323246957818
5.22,-0.0,21106930.0,50.032323209472196
5.23,-0.0,21109580.0,50.032320871773074
5.24,-0.0,21112220.0,50.03231760502865
5.25,-0.0,21114860.0,50.03231332810054
5.26,-0.0,21117490.0,50.032307956541935
5.27,-0.0,21120120.0,50.03230140273748
5.28,-0.0,21122750.0,50.032293576211615
5.29,-0.0,21125360.0,50.03228438385502
5.3,-0.0,21127980.0,50.03227373011201
5.31,-0.0,21130580.0,50.03226151725983
5.32,-0.0,21133180.0,50.03224764569438
5.33,-0.0,21135780.0,50.032232014221314
5.34,-0.0,21138360.0,50.032214520350635
5.35,-0.0,21140950.0,50.03219506059352
5.36,-0.0,21143520.0,50.03217353075864
5.37,-0.0,21146090.0,50.032149826176045
5.38,-0.0,21148650.0,50.0321238420118
5.39,-0.0,21151210.0,50.03209547362837
5.4,-0.0,21153760.0,50.03206461685681
5.41,-0.0,21156300.0,50.032031168121435
5.42,-0.0,21158830.0,50.0319950248165
5.43,-0.0,21161360.0,50.031956085538894
5.44,-0.0,21163880.0,50.03191425028618
5.45,-0.0,21166390.0,50.03186942083072
5.46,-0.0,21168900.0,50.03182150077811
5.47,0.0,21171400.0,50.031770395807094
5.48,0.0,21173880.0,50.031716013859665
5.49,0.0,21176370.0,50.03165826534697
5.5,0.0,21178840.0,50.031597063307686
5.51,0.0,21181300.0,50.03153232358392
5.52,0.0,21183760.0,50.03146396495053
5.53,0.0,21186210.0,50.031391909191825
5.54,0.0,21188650.0,50.03131608129795
5.55,0.0,21191080.0,50.03123640956537
5.56,0.0,21193500.0,50.031152825615166
5.57,0.0,21195910.0,50.03106526442297
5.58,0.0,21198320.0,50.03097366448246
5.59,0.0,21200710.0,50.030877967926834
5.6,0.0,21203100.0,50.030778120418795
5.61,0.0,21205470.0,50.030674071221945
5.62,0.0,21207840.0,50.030565773365396
5.63,0.0,21210200.0,50.03045318349677
5.64,0.0,21212540.0,50.03033626184914
5.65,0.0,21214880.0,50.03021497239922
5.66,0.0,21217210.0,50.03008928276738
5.67,0.0,21219530.0,50.02995916422477
5.68,0.0,21221830.0,50.029824591661054
5.69,0.0,21224130.0,50.02968554350724
5.7,0.0,21226410.0,50.02954200178758
5.71,0.0,21228690.0,50.02939395201522
5.72,0.0,21230950.0,50.02924138318223
5.73,0.0,21233210.0,50.02908428780073
5.74,0.0,21235450.0,50.02892266179406
5.75,0.0,21237680.0,50.02875650448696
5.76,0.0,21239900.0,50.02858581858045
5.77,0.0,21242110.0,50.028410610075056
5.78,0.0,21244310.0,50.028230888346656
5.79,0.0,21246490.0,50.02804666605917
5.8,0.0,21248660.0,50.02785795919422
5.81,0.0,21250830.0,50.02766478712343
5.82,0.0,21252980.0,50.027467172623034
5.83,0.0,21255120.0,50.0272651418119
5.84,0.0,21257240.0,50.02705872413801
5.85,0.0,21259360.0,50.026847952501754
5.86,0.0,21261460.0,50.02663286323212
5.87,0.0,21263550.0,50.02641349623384
5.88,0.0,21265620.0,50.02618989502688
5.89,0.0,21267690.0,50.02596210675354
5.9,0.0,21269740.0,50.0257301823242
5.91,0.0,21271780.0,50.025494176414455
5.92,0.0,21273800.0,50.025254147561206
5.93,0.0,21275810.0,50.02501015824245
5.94,0.0,21277810.0,50.024762274972154
5.95,0.0,21279800.0,50.02451056837861
5.96,0.0,21281770.0,50.02425511322704
5.97,0.0,21283730.0,50.02399598858869
5.98,0.0,21285680.0,50.0237332779097
5.99,0.0,21287610.0,50.023467069023496
6.0,0.0,21289530.0,50.0231974542381
6.01,0.0,21291430.0,50.022924530415615
6.02,0.0,21293320.0,50.022648399114544
6.03,0.0,21295200.0,50.0223691665607
6.04,0.0,21297060.0,50.02208694372361
6.05,0.0,21298910.0,50.02180184635251
6.06,0.0,21300750.0,50.021513994964
6.07,0.0,21302570.0,50.02122351495326
6.08,0.0,21304370.0,50.02093053661354
6.09,0.0,21306160.0,50.02063519514691
6.1,0.0,21307940.0,50.02033763066531
6.11,0.0,21309700.0,50.02003798811041
6.12,0.0,21311450.0,50.019736417256155
6.13,0.0,21313180.0,50.019433072679846
6.14,0.0,21314900.0,50.01912811380434
6.15,0.0,21316610.0,50.0188217047458
6.16,0.0,21318300.0,50.0185140142756
6.17,0.0,21319970.0,50.018205215719505
6.18,0.0,21321630.0,50.01789548688792
6.19,0.0,21323270.0,50.017585009944135
6.2,0.0,21324900.0,50.017273971233756
6.21,0.0,21326510.0,50.01696256128672
6.22,0.0,21328110.0,50.0166509745741
6.23,0.0,21329690.0,50.016339409278665
6.24,0.0,21331260.0,50.01602806712897
6.25,0.0,21332810.0,50.01571715328561
6.26,0.0,21334350.0,50.01540687611809
6.27,0.0,21335870.0,50.01509744698656
6.28,0.0,21337370.0,50.01478907992689
6.29,0.0,21338860.0,50.014481991435
6.3,0.0,21340340.0,50.01417640027653
6.31,0.0,21341790.0,50.01387252715259
6.32,0.0,21343240.0,50.01357059443775
6.33,0.0,21344660.0,50.01327082590843
6.34,0.0,21346070.0,50.012973446534104
6.35,0.0,21347470.0,50.012678682098574
6.36,0.0,21348850.0,50.01238675892946
6.37,0.0,21350210.0,50.01209790359217
6.38,0.0,21351560.0,50.01181234261177
6.39,0.0,21352890.0,50.011530302232785
6.4,0.0,21354200.0,50.011252007975415
6.41,0.0,21355500.0,50.01097768443836
6.42,0.0,21356790.0,50.01070755505943
6.43,0.0,21358060.0,50.01044184174661
6.44,0.0,21359310.0,50.01018076452443
6.45,0.0,21360540.0,50.00992454134735
6.46,0.0,21361760.0,50.00967338787486
6.47,0.0,21362960.0,50.00942751705
6.48,0.0,21364150.0,50.009187138930365
6.49,0.0,21365320.0,50.008952460482384
6.5,0.0,21366480.0,50.00872368518048
6.51,0.0,21367620.0,50.00850101286052
6.52,0.0,21368740.0,50.008284639467405
6.53,0.0,21369850.0,50.00807475684349
6.54,0.0,21370940.0,50.007871552495565
6.55,0.0,21372010.0,50.00767520940295
6.56,0.0,21373070.0,50.00748590580475
6.57,0.0,21374120.0,50.00730381502879
6.58,0.0,21375140.0,50.007129105300585
6.59,0.0,21376150.0,50.006961939524196
6.6,0.0,21377150.0,50.006802475277745
6.61,0.0,21378130.0,50.00665086457492
6.62,0.0,21379090.0,50.00650725375301
6.63,0.0,21380040.0,50.00637178334109
6.64,0.0,21380970.0,50.006244587971594
6.65,0.0,21381880.0,50.006125796343156
6.66,0.0,21382780.0,50.0060155309928
6.67,0.0,21383670.0,50.005913908325994
6.68,0.0,21384530.0,50.00582103861502
6.69,0.0,21385390.0,50.00573702587726
6.7,0.0,21386220.0,50.0056619678477
6.71,0.0,21387040.0,50.005595955961866
6.72,0.0,21387850.0,50.00553907542006
6.73,0.0,21388640.0,50.005491405168726
6.74,0.0,21389410.0,50.00545301777177
6.75,0.0,21390170.0,50.00542397960669
6.76,0.0,21390910.0,50.00540435086256
6.77,0.0,21391640.0,50.005394185528516
6.78,0.0,21392350.0,50.005393531511544
6.79,0.0,21393050.0,50.005402430629196
6.8,0.0,21393730.0,50.00542091876249
6.81,0.0,21394400.0,50.005449025922225
6.82,0.0,21395050.0,50.005486776342714
6.83,0.0,21395680.0,50.00553418857051
6.84,0.0,21396300.0,50.0055912755087
6.85,0.0,21396910.0,50.00565804461915
6.86,0.0,21397500.0,50.00573449810719
6.87,0.0,21398080.0,50.00582063296909
6.88,0.0,21398640.0,50.005916441147356
6.89,0.0,21399190.0,50.00602190967896
6.9,0.0,21399720.0,50.00613702086862
6.91,0.0,21400240.0,50.006261752526036
6.92,0.0,21400740.0,50.006396078135
6.93,0.0,21401230.0,50.00653996696618
6.94,0.0,21401700.0,50.00669338429597
6.95,0.0,21402160.0,50.00685629175824
6.96,0.0,21402610.0,50.00702864746355
6.97,0.0,21403040.0,50.00721040617485
6.98,0.0,21403460.0,50.00740151962676
6.99,0.0,21403860.0,50.00760193677427
7.0,0.0,21404250.0,50.0078116041461
7.01,0.0,21404630.0,50.008030467149325
7.02,0.0,21404990.0,50.00825847099123
7.03,0.0,21405340.0,50.008495560662155
7.04,0.0,21405680.0,50.00874168082884
7.05,0.0,21406000.0,50.00899677563401
7.06,0.0,21406310.0,50.00926078838541
7.07,0.0,21406610.0,50.009533661403324
7.08,0.0,21406890.0,50.00981533572199
7.09,0.0,21407160.0,50.0101057508267
7.1,0.0,21407420.0,50.01040484433579
7.11,0.0,21407670.0,50.01071255172508
7.12,0.0,21407900.0,50.01102880607462
7.13,0.0,21408120.0,50.01135353770157
7.14,0.0,21408320.0,50.011686673865164
7.15,0.0,21408520.0,50.01202813856539
7.16,0.0,21408700.0,50.012377852243986
7.17,0.0,21408870.0,50.012735731465355
7.18,0.0,21409030.0,50.01310168874964
7.19,0.0,21409180.0,50.01347563234562
7.2,0.0,21409310.0,50.01385746609846
7.21,0.0,21409430.0,50.01424708917942
7.22,0.0,21409540.0,50.014644395885576
7.23,0.0,21409640.0,50.01504927566781
7.24,0.0,21409730.0,50.015461613011404
7.25,0.0,21409810.0,50.01588128729624
7.26,0.0,21409870.0,50.01630817276737
7.27,0.0,21409930.0,50.01674213860301
7.28,0.0,21409970.0,50.01718304891768
7.29,-0.0,21410000.0,50.01763076281327
7.3,-0.0,21410020.0,50.018085134445
7.31,-0.0,21410030.0,50.01854601313232
7.32,-0.0,21410030.0,50.0190132434818
7.33,-0.0,21410020.0,50.01948666555196
7.34,-0.0,21409990.0,50.01996611509723
7.35,-0.0,21409960.0,50.02045142368697
7.36,-0.0,21409920.0,50.02094241894341
7.37,-0.0,21409860.0,50.02143892485158
7.38,-0.0,21409800.0,50.021940761938225
7.39,-0.0,21409720.0,50.02244774763296
7.4,-0.0,21409640.0,50.02295969653163
7.41,-0.0,21409540.0,50.02347642070533
7.42,-0.0,21409440.0,50.02399772998841
7.43,-0.0,21409320.0,50.02452343223649
7.44,-0.0,21409200.0,50.02505333379147
7.45,-0.0,21409060.0,50.025587239704436
7.46,-0.0,21408920.0,50.026124954074355
7.47,-0.0,21408760.0,50.02666628042256
7.48,-0.0,21408600.0,50.02721102193186
7.49,-0.0,21408420.0,50.02775898176126
7.5,-0.0,21408240.0,50.0283099633519
7.51,-0.0,21408050.0,50.02886377079242
7.52,-0.0,21407850.0,50.02942020907935
7.53,-0.0,21407640.0,50.029979084384316
7.54,-0.0,21407410.0,50.030540204223584
7.55,-0.0,21407190.0,50.031103377793265
7.56,-0.0,21406950.0,50.03166841615947
7.57,-0.0,21406700.0,50.03223513241111
7.58,-0.0,21406440.0,50.03280334198119
7.59,-0.0,21406180.0,50.03337286272077
7.6,-0.0,21405900.0,50.033943515052606
7.61,-0.0,21405620.0,50.03451512208874
7.62,-0.0,21405330.0,50.03508750974368
7.63,-0.0,21405030.0,50.035660506881094
7.64,-0.0,21404720.0,50.03623394529274
7.65,-0.0,21404400.0,50.03680765975494
7.66,-0.0,21404070.0,50.03738148811785
7.67,-0.0,21403740.0,50.03795527129713
7.68,-0.0,21403390.0,50.03852885318077
7.69,-0.0,21403040.0,50.03910208061404
7.7,-0.0,21402680.0,50.039674803418976
7.71,-0.0,21402310.0,50.04024687431931
7.72,-0.0,21401940.0,50.040818148853695
7.73,-0.0,21401550.0,50.04138848520749
7.74,-0.0,21401160.0,50.04195774419756
7.75,-0.0,21400760.0,50.04252578913333
7.76,-0.0,21400350.0,50.04309248570298
7.77,-0.0,21399930.0,50.043657701890886
7.78,-0.0,21399510.0,50.0442213076882
7.79,-0.0,21399080.0,50.04478317504428
7.8,-0.0,21398640.0,50.04534317777004
7.81,-0.0,21398190.0,50.04590119130873
7.82,-0.0,21397730.0,50.04645709258841
7.83,-0.0,21397270.0,50.047010759874155
7.84,-0.0,21396800.0,50.04756207262173
7.85,-0.0,21396320.0,50.04811091140442
7.86,-0.0,21395830.0,50.04865715775051
7.87,-0.0,21395340.0,50.04920069393651
7.88,-0.0,21394840.0,50.04974140286733
7.89,-0.0,21394330.0,50.05027916803152
7.9,-0.0,21393810.0,50.05081387337022
7.91,-0.0,21393290.0,50.05134540310478
7.92,-0.0,21392760.0,50.0518736417237
7.93,-0.0,21392220.0,50.052398473883905
7.94,-0.0,21391670.0,50.05291978427165
7.95,-0.0,21391120.0,50.05343745762379
7.96,-0.0,21390560.0,50.053951378664074
7.97,-0.0,21390000.0,50.054461432069864
7.98,-0.0,21389420.0,50.0549675024357
7.99,-0.0,21388840.0,50.05546947426639
8.0,-0.0,21388250.0,50.05596723196609
8.01,-0.0,21387660.0,50.056460659786154
8.02,-0.0,21387060.0,50.05694964200218
8.03,-0.0,21386450.0,50.05743406284105
8.04,-0.0,21385830.0,50.05791380655062
8.05,-0.0,21385210.0,50.05838875750067
8.06,-0.0,21384580.0,50.058858800108176
8.07,-0.0,21383950.0,50.059323819071025
8.08,-0.0,21383310.0,50.059783699417025
8.09,-0.0,21382660.0,50.060238326457906
8.1,-0.0,21382000.0,50.06068758597835
8.11,-0.0,21381340.0,50.06113136440133
8.12,-0.0,21380670.0,50.06156954888148
8.13,-0.0,21379990.0,50.06200202733715
8.14,-0.0,21379310.0,50.06242868858255
8.15,-0.0,21378620.0,50.06284942251399
8.16,-0.0,21377930.0,50.063264120219195
8.17,-0.0,21377230.0,50.06367267402072
8.18,-0.0,21376520.0,50.06407497768528
8.19,-0.0,21375810.0,50.06447092651965
8.2,-0.0,21375090.0,50.06486041742968
8.21,-0.0,21374360.0,50.06524334911
8.22,-0.0,21373630.0,50.06561962207968
8.23,-0.0,21372890.0,50.06598913888014
8.24,-0.0,21372140.0,50.066351804155616
8.25,-0.0,21371390.0,50.06670752476327
8.26,-0.0,21370640.0,50.06705620984655
8.27,-0.0,21369870.0,50.067397770865604
8.28,-0.0,21369100.0,50.067732121753124
8.29,-0.0,21368330.0,50.06805917905167
8.3,-0.0,21367550.0,50.068378861881854
8.31,-0.0,21366760.0,50.06869109194781
8.32,-0.0,21365960.0,50.068995793665664
8.33,-0.0,21365160.0,50.06929289420163
8.34,-0.0,21364360.0,50.069582323573854
8.35,-0.0,21363550.0,50.0698640145827
8.36,-0.0,21362730.0,50.0701379027779
8.37,-0.0,21361910.0,50.070403926618035
8.38,-0.0,21361080.0,50.070662027446055
8.39,-0.0,21360240.0,50.07091214933891
8.4,-0.0,21359400.0,50.071154239194584
8.41,-0.0,21358560.0,50.071388246766055
8.42,-0.0,21357710.0,50.07161412455784
8.43,-0.0,21356850.0,50.07183182779799
8.44,-0.0,21355990.0,50.07204131447319
8.45,-0.0,21355120.0,50.07224254519357
8.46,-0.0,21354240.0,50.07243548316646
8.47,-0.0,21353360.0,50.07262009420158
8.48,-0.0,21352480.0,50.07279634657979
8.49,-0.0,21351590.0,50.07296421106964
8.5,-0.0,21350690.0,50.07312366084521
8.51,-0.0,21349790.0,50.07327467128091
8.52,-0.0,21348880.0,50.07341722005785
8.53,-0.0,21347970.0,50.07355128705831
8.54,-0.0,21347050.0,50.07367685424195
8.55,-0.0,21346120.0,50.07379390563954
8.56,-0.0,21345190.0,50.07390242721302
8.57,-0.0,21344260.0,50.07400240686681
8.58,-0.0,21343320.0,50.07409383436404
8.59,-0.0,21342380.0,50.07417670126358
8.6,-0.0,21341420.0,50.07425100077465
8.61,-0.0,21340470.0,50.07431672772529
8.62,-0.0,21339510.0,50.074373878638504
8.63,-0.0,21338540.0,50.0744224515844
8.64,-0.0,21337570.0,50.07446244606657
8.65,-0.0,21336590.0,50.07449386306077
8.66,-0.0,21335610.0,50.074516704960004
8.67,-0.0,21334620.0,50.07453097547192
8.68,-0.0,21333630.0,50.07453667966993
8.69,-0.0,21332640.0,50.07453382402181
8.7,-0.0,21331630.0,50.074522416206925
8.71,-0.0,21330630.0,50.07450246520182
8.72,-0.0,21329610.0,50.07447398123932
8.73,-0.0,21328600.0,50.07443697582229
8.74,-0.0,21327570.0,50.07439146176412
8.75,-0.0,21326550.0,50.07433745304881
8.76,-0.0,21325510.0,50.07427496492507
8.77,-0.0,21324480.0,50.07420401390561
8.78,-0.0,21323430.0,50.07412461778703
8.79,-0.0,21322390.0,50.074036795657776
8.8,-0.0,21321330.0,50.0739405679257
8.81,-0.0,21320280.0,50.0738359563327
8.82,-0.0,21319210.0,50.07372298398833
8.83,-0.0,21318150.0,50.07360167545971
8.84,-0.0,21317080.0,50.07347205671574
8.85,-0.0,21316000.0,50.07333415517077
8.86,-0.0,21314920.0,50.073187999712076
8.87,-0.0,21313830.0,50.07303362074356
8.88,-0.0,21312740.0,50.072871050283496
8.89,-0.0,21311650.0,50.0727003219142
8.9,-0.0,21310550.0,50.07252147082914
8.91,-0.0,21309440.0,50.07233453386187
8.92,-0.0,21308330.0,50.07213954952919
8.93,-0.0,21307220.0,50.07193655812671
8.94,-0.0,21306100.0,50.07172560174443
8.95,-0.0,21304970.0,50.07150672421427
8.96,-0.0,21303850.0,50.07127997115166
8.97,-0.0,21302710.0,50.07104538997629
8.98,-0.0,21301570.0,50.070803029944955
8.99,-0.0,21300430.0,50.07055294223469
9.0,-0.0,21299290.0,50.07029517994449
9.01,-0.0,21298130.0,50.07002979802685
9.02,-0.0,21296980.0,50.06975685331248
9.03,-0.0,21295820.0,50.06947640458306
9.04,-0.0,21294650.0,50.06918851249065
9.05,-0.0,21293480.0,50.06889323957046
9.06,-0.0,21292310.0,50.06859065030223
9.07,-0.0,21291130.0,50.06828081108829
9.08,-0.0,21289950.0,50.06796379016104
9.09,-0.0,21288760.0,50.06763965765286
9.1,-0.0,21287570.0,50.06730848554969
9.11,-0.0,21286370.0,50.06697034760534
9.12,-0.0,21285170.0,50.066625319315705
9.13,-0.0,21283970.0,50.06627347797308
9.14,-0.0,21282760.0,50.06591490260557
9.15,-0.0,21281540.0,50.06554967387786
9.16,-0.0,21280320.0,50.06517787412357
9.17,-0.0,21279100.0,50.0647995872236
9.18,-0.0,21277870.0,50.06441489864915
9.19,-0.0,21276640.0,50.064023895389745
9.2,-0.0,21275410.0,50.06362666591432
9.21,-0.0,21274170.0,50.06322330009988
9.22,-0.0,21272920.0,50.06281388912198
9.23,-0.0,21271670.0,50.06239852540675
9.24,-0.0,21270420.0,50.06197730266537
9.25,-0.0,21269170.0,50.06155031588639
9.26,-0.0,21267900.0,50.06111766112734
9.27,-0.0,21266640.0,50.06067943555493
9.28,0.0,21265370.0,50.06023573737105
9.29,0.0,21264100.0,50.059786665702255
9.3,0.0,21262820.0,50.05933232062372
9.31,0.0,21261540.0,50.0588728031026
9.32,0.0,21260250.0,50.058408214944684
9.33,0.0,21258960.0,50.057938658743495
9.34,0.0,21257670.0,50.05746423783186
9.35,0.0,21256370.0,50.05698505623592
9.36,0.0,21255070.0,50.05650121863131
9.37,0.0,21253760.0,50.05601283030175
9.38,0.0,21252450.0,50.05551999710014
9.39,0.0,21251130.0,50.055022825341325
9.4,0.0,21249820.0,50.054521421862155
9.41,0.0,21248490.0,50.054015894040305
9.42,0.0,21247170.0,50.05350634968424
9.43,0.0,21245840.0,50.05299289700861
9.44,0.0,21244500.0,50.052475644540465
9.45,0.0,21243160.0,50.051954701192244
9.46,0.0,21241820.0,50.05143017629325
9.47,0.0,21240480.0,50.05090217949174
9.48,0.0,21239130.0,50.05037082074203
9.49,0.0,21237770.0,50.04983621029281
9.5,0.0,21236410.0,50.04929845867674
9.51,0.0,21235050.0,50.048757676701726
9.52,0.0,21233690.0,50.04821397551422
9.53,0.0,21232320.0,50.0476674664991
9.54,0.0,21230950.0,50.04711826129511
9.55,0.0,21229570.0,50.04656647177792
9.56,0.0,21228190.0,50.04601221007559
9.57,0.0,21226800.0,50.04545558862286
9.58,0.0,21225420.0,50.04489672008297
9.59,0.0,21224020.0,50.04433571735186
9.6,0.0,21222630.0,50.04377269356112
9.61,0.0,21221230.0,50.04320776215088
9.62,0.0,21219830.0,50.042641036777034
9.63,0.0,21218420.0,50.042072631331976
9.64,0.0,21217010.0,50.04150266000214
9.65,0.0,21215600.0,50.0409312371907
9.66,0.0,21214180.0,50.040358477592086
9.67,0.0,21212760.0,50.03978449609857
9.68,0.0,21211330.0,50.039209407818916
9.69,0.0,21209910.0,50.03863332813285
9.7,0.0,21208480.0,50.038056372680195
9.71,0.0,21207040.0,50.03747865726529
9.72,0.0,21205600.0,50.03690029787203
9.73,0.0,21204160.0,50.03632141078459
9.74,0.0,21202720.0,50.03574211240659
9.75,0.0,21201270.0,50.035162519274046
9.76,0.0,21199820.0,50.034582748102295
9.77,0.0,21198360.0,50.034002915766706
9.78,0.0,21196900.0,50.03342313926823
9.79,0.0,21195440.0,50.032843535644304
9.8,0.0,21193980.0,50.03226422202835
9.81,0.0,21192510.0,50.031685315610474
9.82,0.0,21191040.0,50.03110693354359
9.83,0.0,21189560.0,50.03052919299874
9.84,0.0,21188090.0,50.02995221119269
9.85,0.0,21186610.0,50.02937610526678
9.86,0.0,21185120.0,50.02880099219331
9.87,0.0,21183640.0,50.02822698883006
9.88,0.0,21182150.0,50.02765421187523
9.89,0.0,21180660.0,50.027082777839006
9.9,0.0,21179160.0,50.02651280299926
9.91,0.0,21177660.0,50.02594440337318
9.92,0.0,21176160.0,50.02537769474414
9.93,0.0,21174660.0,50.024812792538775
9.94,0.0,21173150.0,50.02424981180288
9.95,0.0,21171640.0,50.023688867159976
9.96,0.0,21170130.0,50.023130072785484
9.97,0.0,21168610.0,50.022573542364825
9.98,0.0,21167100.0,50.022019389067566
9.99,0.0,21165580.0,50.02146772557696
10.0,0.0,21164050.0,50.02091866404154
10.01,0.0,21162530.0,50.02037231596014
10.02,0.0,21161000.0,50.01982879209379
10.03,0.0,21159470.0,50.019288202597124
10.04,0.0,21157930.0,50.018750656956676
10.05,0.0,21156400.0,50.018216263895276
10.06,0.0,21154860.0,50.017685131343114
10.07,0.0,21153320.0,50.017157366424094
10.08,0.0,21151770.0,50.01663307549718
10.09,0.0,21150230.0,50.01611236411988
10.1,0.0,21148680.0,50.01559533694496
10.11,0.0,21147120.0,50.01508209771563
10.12,0.0,21145570.0,50.01457274931461
10.13,0.0,21144010.0,50.014067393734784
10.14,0.0,21142450.0,50.0135661319825
10.15,0.0,21140890.0,50.01306906407914
10.16,0.0,21139330.0,50.01257628911628
10.17,0.0,21137760.0,50.01208790516094
10.18,0.0,21136190.0,50.01160400925906
10.19,0.0,21134620.0,50.01112469749357
10.2,0.0,21133040.0,50.01065006496326
10.21,0.0,21131470.0,50.010180205694546
10.22,0.0,21129890.0,50.00971521265054
10.23,0.0,21128300.0,50.00925517779391
10.24,0.0,21126720.0,50.00880019199864
10.25,0.0,21125130.0,50.0083503450601
10.26,0.0,21123540.0,50.007905725758704
10.27,0.0,21121950.0,50.00746642177286
10.28,0.0,21120350.0,50.00703251968957
10.29,0.0,21118750.0,50.00660410506907
10.3,0.0,21117150.0,50.00618126242935
10.31,0.0,21115550.0,50.005764075162496
10.32,0.0,21113940.0,50.005352625476526
10.33,0.0,21112330.0,50.00494699455593
10.34,0.0,21110720.0,50.00454726252729
10.35,0.0,21109100.0,50.00415350831759
10.36,0.0,21107490.0,50.00376580974416
10.37,0.0,21105870.0,50.00338424357448
10.38,0.0,21104240.0,50.00300888543548
10.39,0.0,21102620.0,50.002639809820735
10.4,0.0,21100990.0,50.00227709015122
10.41,0.0,21099350.0,50.00192079861294
10.42,0.0,21097720.0,50.0015710062581
10.43,0.0,21096080.0,50.00122778304503
10.44,0.0,21094440.0,50.000891197687594
10.45,0.0,21092800.0,50.000561317737024
10.46,0.0,21091150.0,50.00023820956333
10.47,0.0,21089500.0,49.99992193835207
10.48,0.0,21087840.0,49.99961256808491
10.49,0.0,21086190.0,49.999310161535604
10.5,0.0,21084530.0,49.99901478024937
10.51,0.0,21082860.0,49.99872648446619
10.52,0.0,21081200.0,49.99844533319403
10.53,0.0,21079530.0,49.998171384182655
10.54,0.0,21077860.0,49.99790469391408
10.55,0.0,21076180.0,49.997645317577515
10.56,0.0,21074500.0,49.997393308988805
10.57,0.0,21072820.0,49.99714872058892
10.58,0.0,21071130.0,49.99691160350982
10.59,0.0,21069440.0,49.99668200754287
10.6,0.0,21067750.0,49.99645998105364
10.61,0.0,21066050.0,49.996245570976896
10.62,0.0,21064350.0,49.99603882288019
10.63,0.0,21062640.0,49.99583978093042
10.64,0.0,21060940.0,49.99564848780753
10.65,0.0,21059220.0,49.99546498469888
10.66,0.0,21057510.0,49.99528931129126
10.67,0.0,21055790.0,49.995121505832635
10.68,0.0,21054070.0,49.99496160502671
10.69,0.0,21052340.0,49.994809644041446
10.7,0.0,21050610.0,49.99466565655616
10.71,0.0,21048870.0,49.99452967460133
10.72,0.0,21047140.0,49.99440172864769
10.73,0.0,21045390.0,49.99428184765073
10.74,0.0,21043650.0,49.9941700589611
10.75,0.0,21041900.0,49.99406638831844
10.76,0.0,21040140.0,49.9939708598448
10.77,0.0,21038390.0,49.99388349603756
10.78,0.0,21036620.0,49.99380431776268
10.79,0.0,21034860.0,49.99373334424819
10.8,0.0,21033090.0,49.99367059307804
10.81,0.0,21031310.0,49.993616080115025
10.82,0.0,21029530.0,49.99356981959075
10.83,0.0,21027750.0,49.993531824081465
10.84,0.0,21025960.0,49.99350210451732
10.85,0.0,21024170.0,49.99348067016149
10.86,0.0,21022380.0,49.993467528550376
10.87,0.0,21020580.0,49.99346268556988
10.88,0.0,21018770.0,49.99346614544915
10.89,0.0,21016960.0,49.99347791068501
10.9,0.0,21015150.0,49.99349798213436
10.91,0.0,21013330.0,49.99352635899295
10.92,0.0,21011510.0,49.99356303873637
10.93,0.0,21009680.0,49.99360801719771
10.94,0.0,21007850.0,49.993661288491516
10.95,0.0,21006020.0,49.993722845035194
10.96,0.0,21004180.0,49.99379267762368
10.97,0.0,21002330.0,49.993870775423325
10.98,0.0,21000480.0,49.99395712589714
10.99,0.0,20998630.0,49.99405171482705
11.0,0.0,20996770.0,49.99415452638967
11.01,0.0,20994910.0,49.99426554307907
11.02,0.0,20993040.0,49.99438474572798
11.03,0.0,20991170.0,49.994512113582495
11.04,0.0,20989290.0,49.994647624224584
11.05,0.0,20987410.0,49.994791253592616
11.06,0.0,20985520.0,49.994942975984415
11.07,0.0,20983630.0,49.99510276414602
11.08,0.0,20981730.0,49.995270589177245
11.09,0.0,20979830.0,49.99544642056724
11.1,0.0,20977920.0,49.99563022625234
11.11,0.0,20976010.0,49.995821972481686
11.12,0.0,20974100.0,49.996021623916604
11.13,0.0,20972180.0,49.99622914370024
11.14,0.0,20970250.0,49.996444493376366
11.15,0.0,20968320.0,49.996667632907204
11.16,0.0,20966390.0,49.99689852074562
11.17,0.0,20964450.0,49.99713711375528
11.18,0.0,20962500.0,49.99738336715788
11.19,0.0,20960550.0,49.997637234629636
11.2,0.0,20958600.0,49.99789866836918
11.21,0.0,20956640.0,49.99816761901474
11.22,0.0,20954670.0,49.9984440356611
11.23,0.0,20952700.0,49.9987278658595
11.24,0.0,20950730.0,49.999019055561014
11.25,0.0,20948750.0,49.99931754928259
11.26,0.0,20946760.0,49.999623290006156
11.27,0.0,20944770.0,49.99993621921059
11.28,0.0,20942780.0,50.00025627692675
11.29,0.0,20940780.0,50.000583401601276
11.3,0.0,20938780.0,50.00091753019539
11.31,0.0,20936770.0,50.00125859818263
11.32,0.0,20934750.0,50.00160653956357
11.33,0.0,20932730.0,50.00196128686483
11.34,0.0,20930710.0,50.00232277115474
11.35,0.0,20928680.0,50.00269092211506
11.36,0.0,20926650.0,50.00306566796174
11.37,0.0,20924610.0,50.003446935394095
11.38,0.0,20922560.0,50.0038346496943
11.39,0.0,20920510.0,50.00422873479871
11.4,0.0,20918460.0,50.004629113219245
11.41,0.0,20916400.0,50.00503570606531
11.42,0.0,20914340.0,50.00544843304905
11.43,0.0,20912270.0,50.005867212506594
11.44,0.0,20910200.0,50.00629196140336
11.45,0.0,20908120.0,50.00672259535573
11.46,0.0,20906040.0,50.007159028708834
11.47,-0.0,20903950.0,50.007601174463254
11.48,-0.0,20901850.0,50.008048944230254
11.49,-0.0,20899760.0,50.00850224840935
11.5,-0.0,20897660.0,50.00896099616995
11.51,-0.0,20895550.0,50.00942509532725
11.52,-0.0,20893440.0,50.009894452452784
11.53,-0.0,20891320.0,50.010368972955554
11.54,-0.0,20889200.0,50.010848561012544
11.55,-0.0,20887070.0,50.01133311959972
11.56,-0.0,20884940.0,50.01182255057779
11.57,-0.0,20882810.0,50.012316754626184
11.58,-0.0,20880670.0,50.01281563127689
11.59,-0.0,20878520.0,50.01331907893092
11.6,-0.0,20876370.0,50.013826994962194
11.61,-0.0,20874220.0,50.014339275709204
11.62,-0.0,20872060.0,50.01485581635924
11.63,-0.0,20869900.0,50.01537651113858
11.64,-0.0,20867730.0,50.0159012533048
11.65,-0.0,20865560.0,50.01642993510384
11.66,-0.0,20863380.0,50.01696244786545
11.67,-0.0,20861200.0,50.01749868194486
11.68,-0.0,20859010.0,50.01803852676344
11.69,-0.0,20856820.0,50.018581870974764
11.7,-0.0,20854630.0,50.01912860230995
11.71,-0.0,20852430.0,50.019678607638696
11.72,-0.0,20850230.0,50.020231773122106
11.73,-0.0,20848020.0,50.020787984076435
11.74,-0.0,20845810.0,50.0213471250197
11.75,-0.0,20843590.0,50.02190907984229
11.76,-0.0,20841370.0,50.0224737317275
11.77,-0.0,20839150.0,50.02304096311957
11.78,-0.0,20836920.0,50.02361065582724
11.79,-0.0,20834690.0,50.024182691044075
11.8,-0.0,20832450.0,50.02475694937034
11.81,-0.0,20830210.0,50.02533331083634
11.82,-0.0,20827970.0,50.02591165492648
11.83,-0.0,20825720.0,50.0264918606038
11.84,-0.0,20823470.0,50.027073806335295
11.85,-0.0,20821210.0,50.02765737011736
11.86,-0.0,20818950.0,50.02824242950169
11.87,-0.0,20816690.0,50.02882886169348
11.88,-0.0,20814420.0,50.02941654348163
11.89,-0.0,20812150.0,50.0300053512858
11.9,-0.0,20809880.0,50.03059516124158
11.91,-0.0,20807600.0,50.031185849149416
11.92,-0.0,20805320.0,50.03177729050727
11.93,-0.0,20803040.0,50.03236936061359
11.94,-0.0,20800750.0,50.03296193450106
11.95,-0.0,20798460.0,50.03355488705861
11.96,-0.0,20796160.0,50.0341480930226
11.97,-0.0,20793860.0,50.03474142694826
11.98,-0.0,20791560.0,50.03533476330222
11.99,-0.0,20789250.0,50.035927976416815
12.0,-0.0,20786950.0,50.036520940599075
12.01,-0.0,20784640.0,50.037113530212686
12.02,-0.0,20782320.0,50.03770561953873
12.03,-0.0,20780000.0,50.038297082907114
12.04,-0.0,20777680.0,50.0388877947662
12.05,-0.0,20775360.0,50.03947762956299
12.06,-0.0,20773030.0,50.04006646186047
12.07,-0.0,20770710.0,50.040654166425554
12.08,-0.0,20768370.0,50.04124061816648
12.09,-0.0,20766040.0,50.041825692171294
12.1,-0.0,20763700.0,50.04240926372914
12.11,-0.0,20761360.0,50.042991208367546
12.12,-0.0,20759020.0,50.043571401945265
12.13,-0.0,20756680.0,50.044149720665
12.14,-0.0,20754330.0,50.04472604101816
12.15,-0.0,20751980.0,50.045300239901195
12.16,-0.0,20749630.0,50.04587219461639
12.17,-0.0,20747270.0,50.046441782836645
12.18,-0.0,20744920.0,50.04700888270772
12.19,-0.0,20742560.0,50.047573372867724
12.2,-0.0,20740200.0,50.04813513239675
12.21,-0.0,20737840.0,50.04869404093709
12.22,-0.0,20735470.0,50.0492499787692
12.23,-0.0,20733110.0,50.04980282675437
12.24,-0.0,20730740.0,50.050352466363115
12.25,-0.0,20728370.0,50.050898779702905
12.26,-0.0,20726000.0,50.05144164954586
12.27,-0.0,20723620.0,50.0519809594287
12.28,-0.0,20721250.0,50.05251659358358
12.29,-0.0,20718870.0,50.05304843698685
12.3,-0.0,20716500.0,50.05357637551714
12.31,-0.0,20714120.0,50.05410029580825
12.32,-0.0,20711740.0,50.05462008530323
12.33,-0.0,20709350.0,50.0551356323441
12.34,-0.0,20706970.0,50.055646826196146
12.35,-0.0,20704590.0,50.05615355705848
12.36,-0.0,20702200.0,50.056655716020735
12.37,-0.0,20699820.0,50.05715319517346
12.38,-0.0,20697430.0,50.05764588769055
12.39,-0.0,20695040.0,50.058133687761206
12.4,-0.0,20692650.0,50.058616490624374
12.41,-0.0,20690260.0,50.05909419258543
12.42,-0.0,20687880.0,50.05956669112187
12.43,-0.0,20685480.0,50.06003388480262
12.44,-0.0,20683090.0,50.06049567334182
12.45,-0.0,20680700.0,50.060951957745445
12.46,-0.0,20678310.0,50.06140264016851
12.47,-0.0,20675920.0,50.06184762395712
12.48,-0.0,20673530.0,50.062286813742695
12.49,-0.0,20671140.0,50.06272011545357
12.5,-0.0,20668740.0,50.06314743632964
12.51,-0.0,20666350.0,50.06356868493851
12.52,-0.0,20663960.0,50.063983771192625
12.53,-0.0,20661570.0,50.06439260643955
12.54,-0.0,20659180.0,50.0647951033832
12.55,-0.0,20656790.0,50.06519117612325
12.56,-0.0,20654400.0,50.065580740232086
12.57,-0.0,20652010.0,50.06596371269501
12.58,-0.0,20649620.0,50.066340011934194
12.59,-0.0,20647230.0,50.06670955790342
12.6,-0.0,20644840.0,50.06707227208415
12.61,-0.0,20642460.0,50.06742807750197
12.62,-0.0,20640070.0,50.067776898728134
12.63,-0.0,20637680.0,50.06811866182681
12.64,-0.0,20635300.0,50.06845329452837
12.65,-0.0,20632920.0,50.068780726132275
12.66,-0.0,20630540.0,50.06910088754694
12.67,-0.0,20628160.0,50.06941371135098
12.68,-0.0,20625780.0,50.06971913173521
12.69,-0.0,20623400.0,50.070017084511996
12.7,-0.0,20621030.0,50.0703075071399
12.71,-0.0,20618650.0,50.07059033887559
12.72,-0.0,20616280.0,50.07086552067476
12.73,-0.0,20613910.0,50.0711329951425
12.74,-0.0,20611540.0,50.07139270662056
12.75,-0.0,20609180.0,50.07164460111782
12.76,-0.0,20606810.0,50.07188862641273
12.77,-0.0,20604450.0,50.072124732111114
12.78,-0.0,20602090.0,50.07235286956981
12.79,-0.0,20599730.0,50.07257299190645
12.8,-0.0,20597380.0,50.07278505408092
12.81,-0.0,20595020.0,50.07298901280648
12.82,-0.0,20592670.0,50.07318482657909
12.83,-0.0,20590330.0,50.07337245574385
12.84,-0.0,20587980.0,50.07355186242391
12.85,-0.0,20585640.0,50.07372301053362
12.86,-0.0,20583300.0,50.073885865861875
12.87,-0.0,20580960.0,50.07404039605697
12.88,-0.0,20578620.0,50.07418657063132
12.89,-0.0,20576290.0,50.074324360951486
12.9,-0.0,20573960.0,50.07445374017324
12.91,-0.0,20571640.0,50.07457468333095
12.92,-0.0,20569310.0,50.074687167398444
12.93,-0.0,20566990.0,50.074791171125376
12.94,-0.0,20564680.0,50.07488667514677
12.95,-0.0,20562360.0,50.074973662028654
12.96,-0.0,20560050.0,50.075052116122365
12.97,-0.0,20557740.0,50.075122023657414
12.98,-0.0,20555440.0,50.07518337280407
12.99,-0.0,20553140.0,50.07523615358325
13.0,-0.0,20550840.0,50.075280357878306
13.01,-0.0,20548540.0,50.075315979501234
13.02,-0.0,20546250.0,50.075343014104476
13.03,-0.0,20543960.0,50.075361459193765
13.04,-0.0,20541680.0,50.075371314194825
13.05,-0.0,20539400.0,50.07537258036508
13.06,-0.0,20537120.0,50.07536526080628
13.07,-0.0,20534850.0,50.075349360530765
13.08,-0.0,20532580.0,50.07532488644535
13.09,-0.0,20530310.0,50.07529184726558
13.1,-0.0,20528040.0,50.075250253529205
13.11,-0.0,20525780.0,50.075200117662824
13.12,-0.0,20523530.0,50.07514145389248
13.13,-0.0,20521270.0,50.07507427832787
13.14,-0.0,20519020.0,50.0749986089291
13.15,-0.0,20516780.0,50.07491446543694
13.16,-0.0,20514540.0,50.074821869441045
13.17,-0.0,20512300.0,50.07472084436423
13.18,-0.0,20510060.0,50.07461141537556
13.19,-0.0,20507830.0,50.0744936094752
13.2,-0.0,20505600.0,50.074367455461285
13.21,-0.0,20503380.0,50.07423298385899
13.22,-0.0,20501160.0,50.074090226987934
13.23,-0.0,20498940.0,50.073939218871686
13.24,-0.0,20496730.0,50.073779995320045
13.25,-0.0,20494520.0,50.0736125938932
13.26,-0.0,20492320.0,50.07343705390187
13.27,-0.0,20490110.0,50.0732534163745
13.28,-0.0,20487920.0,50.073061723985965
13.29,-0.0,20485720.0,50.072862021050526
13.3,-0.0,20483530.0,50.07265435360062
13.31,-0.0,20481340.0,50.07243876934835
13.32,-0.0,20479160.0,50.072215317682954
13.33,-0.0,20476980.0,50.0719840496358
13.34,-0.0,20474800.0,50.0717450178065
13.35,-0.0,20472630.0,50.07149827642684
13.36,-0.0,20470460.0,50.07124388133971
13.37,-0.0,20468300.0,50.07098188990614
13.38,-0.0,20466140.0,50.07071236108461
13.39,-0.0,20463980.0,50.070435355391396
13.4,-0.0,20461830.0,50.070150934823445
13.41,-0.0,20459680.0,50.06985916291943
13.42,-0.0,20457530.0,50.069560104662806
13.43,-0.0,20455390.0,50.06925382655773
13.44,-0.0,20453250.0,50.06894039658708
13.45,-0.0,20451110.0,50.06861988413287
13.46,-0.0,20448980.0,50.06829236003524
13.47,-0.0,20446850.0,50.06795789656703
13.48,-0.0,20444720.0,50.067616567336636
13.49,-0.0,20442600.0,50.06726844729027
13.5,-0.0,20440480.0,50.066913612766776
13.51,-0.0,20438370.0,50.06655214146918
13.52,-0.0,20436260.0,50.066184112438684
13.53,-0.0,20434150.0,50.06580960595684
13.54,-0.0,20432050.0,50.06542870354648
13.55,-0.0,20429950.0,50.06504148795246
13.56,-0.0,20427850.0,50.064648043210035
13.57,-0.0,20425760.0,50.06424845459675
13.58,-0.0,20423670.0,50.06384280854752
13.59,-0.0,20421580.0,50.06343119263607
13.6,-0.0,20419490.0,50.06301369556974
13.61,-0.0,20417410.0,50.06259040723933
13.62,-0.0,20415340.0,50.06216141861258
13.63,-0.0,20413260.0,50.06172682172891
13.64,-0.0,20411190.0,50.06128670974873
13.65,0.0,20409120.0,50.060841176846296
13.66,0.0,20407060.0,50.06039031820391
13.67,0.0,20405000.0,50.05993423006059
13.68,0.0,20402940.0,50.05947300960448
13.69,0.0,20400890.0,50.059006754966475
13.7,0.0,20398840.0,50.05853556519494
13.71,0.0,20396790.0,50.05805954024576
13.72,0.0,20394740.0,50.05757878095469
13.73,0.0,20392700.0,50.05709338902565
13.74,0.0,20390660.0,50.05660346700176
13.75,0.0,20388620.0,50.05610911825272
13.76,0.0,20386590.0,50.05561044694497
13.77,0.0,20384560.0,50.05510755802839
13.78,0.0,20382530.0,50.054600557206065
13.79,0.0,20380510.0,50.0540895509204
13.8,0.0,20378490.0,50.05357464632252
13.81,0.0,20376470.0,50.05305595118449
13.82,0.0,20374450.0,50.05253357396656
13.83,0.0,20372440.0,50.05200762378199
13.84,0.0,20370430.0,50.05147821037976
13.85,0.0,20368420.0,50.05094544411143
13.86,0.0,20366410.0,50.05040943584132
13.87,0.0,20364410.0,50.049870297012376
13.88,0.0,20362410.0,50.049328139609685
13.89,0.0,20360410.0,50.04878307606844
13.9,0.0,20358420.0,50.04823521933829
13.91,0.0,20356430.0,50.04768468284574
13.92,0.0,20354440.0,50.047131580401185
13.93,0.0,20352450.0,50.046576026188895
13.94,0.0,20350460.0,50.04601813482709
13.95,0.0,20348480.0,50.045458021253786
13.96,0.0,20346500.0,50.044895800730295
13.97,0.0,20344520.0,50.04433158888253
13.98,0.0,20342550.0,50.043765501675665
13.99,0.0,20340570.0,50.04319765530134
14.0,0.0,20338600.0,50.04262816618168
14.01,0.0,20336630.0,50.04205715093737
14.02,0.0,20334670.0,50.04148472638686
14.03,0.0,20332700.0,50.0409110095853
14.04,0.0,20330740.0,50.04033611772334
14.05,0.0,20328780.0,50.03976016811128
14.06,0.0,20326820.0,50.03918327816146
14.07,0.0,20324870.0,50.03860556536911
14.08,0.0,20322910.0,50.038027147292894
14.09,0.0,20320960.0,50.03744814160839
14.1,0.0,20319010.0,50.0368686659891
14.11,0.0,20317070.0,50.03628883803224
14.12,0.0,20315120.0,50.035708775322206
14.13,0.0,20313180.0,50.03512859540709
14.14,0.0,20311230.0,50.03454841577578
14.15,0.0,20309290.0,50.03396835383575
14.16,0.0,20307350.0,50.033388526816935
14.17,0.0,20305420.0,50.032809051848126
14.18,0.0,20303480.0,50.03223004591453
14.19,0.0,20301550.0,50.03165162584968
14.2,0.0,20299620.0,50.03107390829539
14.21,0.0,20297690.0,50.03049700962108
14.22,0.0,20295760.0,50.02992104598335
14.23,0.0,20293830.0,50.0293461332253
14.24,0.0,20291910.0,50.02877238687651
14.25,0.0,20289980.0,50.02819992228108
14.26,0.0,20288060.0,50.027628854395246
14.27,0.0,20286140.0,50.02705929780527
14.28,0.0,20284220.0,50.02649136676619
14.29,0.0,20282300.0,50.025925175189066
14.3,0.0,20280390.0,50.025360836523824
14.31,0.0,20278470.0,50.024798463775056
14.32,0.0,20276560.0,50.02423816953979
14.33,0.0,20274650.0,50.023680065919905
14.34,0.0,20272730.0,50.023124264503
14.35,0.0,20270820.0,50.022570876357605
14.36,0.0,20268920.0,50.022020012084525
14.37,0.0,20267010.0,50.02147178171084
14.38,0.0,20265100.0,50.02092629468615
14.39,0.0,20263200.0,50.02038365986029
14.4,0.0,20261290.0,50.01984398547648
14.41,0.0,20259390.0,50.01930737922137
14.42,0.0,20257490.0,50.01877394811832
14.43,0.0,20255590.0,50.018243798448715
14.44,0.0,20253690.0,50.01771703590234
14.45,0.0,20251790.0,50.01719376545132
14.46,0.0,20249890.0,50.01667409128595
14.47,0.0,20247990.0,50.01615811694761
14.48,0.0,20246100.0,50.01564594521819
14.49,0.0,20244200.0,50.01513767811334
14.5,0.0,20242310.0,50.01463341685852
14.51,0.0,20240420.0,50.01413326180678
14.52,0.0,20238520.0,50.013637312512984
14.53,0.0,20236630.0,50.01314566770486
14.54,0.0,20234740.0,50.01265842527213
14.55,0.0,20232850.0,50.012175682239715
14.56,0.0,20230960.0,50.011697534757936
14.57,0.0,20229070.0,50.01122407800255
14.58,0.0,20227190.0,50.01075540626435
14.59,0.0,20225300.0,50.01029161290362
14.6,0.0,20223410.0,50.00983279028078
14.61,0.0,20221530.0,50.00937902988649
14.62,0.0,20219640.0,50.008930422154826
14.63,0.0,20217760.0,50.00848705647992
14.64,0.0,20215880.0,50.00804902134445
14.65,0.0,20213990.0,50.007616404131774
14.66,0.0,20212110.0,50.00718929114206
14.67,0.0,20210230.0,50.00676776764615
14.68,0.0,20208350.0,50.006351917870695
14.69,0.0,20206470.0,50.00594182496947
14.7,0.0,20204590.0,50.00553757093806
14.71,0.0,20202710.0,50.00513923661229
14.72,0.0,20200830.0,50.0047469017376
14.73,0.0,20198950.0,50.00436064493772
14.74,0.0,20197080.0,50.00398054362775
14.75,0.0,20195200.0,50.00360667408601
14.76,0.0,20193320.0,50.00323911134971
14.77,0.0,20191450.0,50.00287792922813
14.78,0.0,20189570.0,50.00252320042965
14.79,0.0,20187700.0,50.00217499637263
14.8,0.0,20185820.0,50.001833387201785
14.81,0.0,20183950.0,50.00149844184244
14.82,0.0,20182070.0,50.00117022791215
14.83,0.0,20180200.0,50.00084881179205
14.84,0.0,20178330.0,50.00053425859707
14.85,0.0,20176460.0,50.000226632090374
14.86,0.0,20174590.0,49.999925994682414
14.87,0.0,20172710.0,49.99963240742709
14.88,0.0,20170840.0,49.99934593009078
14.89,0.0,20168970.0,49.99906662112104
14.9,0.0,20167100.0,49.99879453756057
14.91,0.0,20165240.0,49.99852973512042
14.92,0.0,20163370.0,49.99827226807728
14.93,0.0,20161500.0,49.99802218928846
14.94,0.0,20159630.0,49.997779550246605
14.95,0.0,20157760.0,49.99754440106641
14.96,0.0,20155900.0,49.997316790458264
14.97,0.0,20154030.0,49.99709676557091
14.98,0.0,20152170.0,49.99688437216691
14.99,0.0,20150300.0,49.996679654576276
15.0,0.0,20148440.0,49.99648265562835
15.01,0.0,20146570.0,49.996293416710614
15.02,0.0,20144710.0,49.996111977683974
15.03,0.0,20142850.0,49.99593837695818
15.04,0.0,20140980.0,49.99577265146557
15.05,0.0,20139120.0,49.99561483657944
15.06,0.0,20137260.0,49.99546496619146
15.07,0.0,20135400.0,49.99532307268723
15.08,0.0,20133540.0,49.99518918686597
15.09,0.0,20131680.0,49.99506333794462
15.1,0.0,20129820.0,49.99494555363373
15.11,0.0,20127970.0,49.994835860187074
15.12,0.0,20126110.0,49.994734282221906
15.13,0.0,20124250.0,49.994640842743785
15.14,0.0,20122400.0,49.99455556328393
15.15,0.0,20120540.0,49.99447846371907
15.16,0.0,20118690.0,49.99440956237116
15.17,0.0,20116840.0,49.99434887597123
15.18,0.0,20114990.0,49.994296419674214
15.19,0.0,20113140.0,49.9942522070259
15.2,0.0,20111290.0,49.99421624990518
15.21,0.0,20109440.0,49.994188558666856
15.22,0.0,20107590.0,49.994169142040164
15.23,0.0,20105740.0,49.99415800713284
15.24,0.0,20103900.0,49.99415515941865
15.25,0.0,20102050.0,49.9941606027415
15.26,0.0,20100210.0,49.994174339303434
15.27,0.0,20098370.0,49.99419636966931
15.28,0.0,20096530.0,49.99422669275552
15.29,0.0,20094690.0,49.9942653059101
15.3,0.0,20092850.0,49.99431220480262
15.31,0.0,20091010.0,49.994367383450914
15.32,0.0,20089180.0,49.994430834272144
15.33,0.0,20087340.0,49.9945025480086
15.34,0.0,20085510.0,49.99458251379878
15.35,0.0,20083680.0,49.99467071908938
15.36,0.0,20081850.0,49.99476714972487
15.37,0.0,20080020.0,49.99487178991953
15.38,0.0,20078200.0,49.994984622190806
15.39,0.0,20076370.0,49.99510562736133
15.4,0.0,20074550.0,49.995234784650044
15.41,0.0,20072730.0,49.995372071645775
15.42,0.0,20070910.0,49.99551746431717
15.43,0.0,20069090.0,49.99567093699186
15.44,0.0,20067270.0,49.99583246229551
15.45,0.0,20065460.0,49.996002011308484
15.46,0.0,20063650.0,49.99617955346184
15.47,0.0,20061840.0,49.99636505648123
15.48,0.0,20060030.0,49.996558486472196
15.49,0.0,20058230.0,49.99675980791886
15.5,0.0,20056420.0,49.99696898375936
15.51,0.0,20054620.0,49.99718597528779
15.52,0.0,20052820.0,49.99741074217789
15.53,0.0,20051030.0,49.997643242472584
15.54,0.0,20049230.0,49.997883432606905
15.55,0.0,20047440.0,49.99813126747259
15.56,0.0,20045650.0,49.99838670034145
15.57,0.0,20043860.0,49.998649682876376
15.58,0.0,20042080.0,49.99892016514113
15.59,0.0,20040290.0,49.99919809560968
15.6,0.0,20038510.0,49.99948342125036
15.61,0.0,20036730.0,49.99977608751022
15.62,0.0,20034960.0,50.00007603824527
15.63,0.0,20033180.0,50.000383215736875
15.64,0.0,20031410.0,50.00069756078109
15.65,0.0,20029650.0,50.00101901267716
15.66,0.0,20027880.0,50.00134750916116
15.67,0.0,20026120.0,50.00168298650037
15.68,0.0,20024360.0,50.0020253794105
15.69,0.0,20022600.0,50.00237462109203
15.7,0.0,20020840.0,50.00273064338143
15.71,0.0,20019090.0,50.00309337658425
15.72,0.0,20017340.0,50.00346274951597
15.73,0.0,20015590.0,50.00383868965602
15.74,0.0,20013850.0,50.00422112298351
15.75,0.0,20012110.0,50.004609974020106
15.76,0.0,20010370.0,50.00500516598597
15.77,0.0,20008630.0,50.00540662071214
15.78,0.0,20006900.0,50.005814258585026
15.79,0.0,20005170.0,50.00622799857465
15.8,0.0,20003440.0,50.00664775833449
15.81,0.0,20001710.0,50.0070734541989
15.82,0.0,19999990.0,50.007505001200514
15.83,0.0,19998270.0,50.00794231307246
15.84,-0.0,19996550.0,50.008385302268955
15.85,-0.0,19994840.0,50.00883387997004
15.86,-0.0,19993130.0,50.009287956029084
15.87,-0.0,19991420.0,50.0097474390793
15.88,-0.0,19989710.0,50.01021223653661
15.89,-0.0,19988010.0,50.01068225462144
15.9,-0.0,19986310.0,50.011157398364944
15.91,-0.0,19984620.0,50.01163757163324
15.92,-0.0,19982920.0,50.01212267713539
15.93,-0.0,19981230.0,50.0126126163741
15.94,-0.0,19979540.0,50.013107289755176
15.95,-0.0,19977860.0,50.01360659666831
15.96,-0.0,19976180.0,50.014110435411496
15.97,-0.0,19974500.0,50.014618703145864
15.98,-0.0,19972820.0,50.015131296008654
15.99,-0.0,19971150.0,50.015648109196576
16.0,-0.0,19969480.0,50.016169036892364
16.01,-0.0,19967810.0,50.01669397222184
16.02,-0.0,19966150.0,50.01722280736857
16.03,-0.0,19964480.0,50.01775543358391
16.04,-0.0,19962830.0,50.01829174121538
16.05,-0.0,19961170.0,50.0188316197942
16.06,-0.0,19959520.0,50.01937495788997
16.07,-0.0,19957870.0,50.01992164324586
16.08,-0.0,19956220.0,50.02047156284939
16.09,-0.0,19954580.0,50.02102460280472
16.1,-0.0,19952940.0,50.02158064845166
16.11,-0.0,19951300.0,50.02213958445421
16.12,-0.0,19949670.0,50.02270129473181
16.13,-0.0,19948040.0,50.02326566249593
16.14,-0.0,19946410.0,50.02383257026841
16.15,-0.0,19944790.0,50.024401899916725
16.16,-0.0,19943170.0,50.024973532671915
16.17,-0.0,19941550.0,50.02554734916346
16.18,-0.0,19939930.0,50.02612322943724
16.19,-0.0,19938320.0,50.02670105299061
16.2,-0.0,19936710.0,50.02728069886573
16.21,-0.0,19935110.0,50.02786204558439
16.22,-0.0,19933500.0,50.02844497111268
16.23,-0.0,19931900.0,50.02902935305795
16.24,-0.0,19930310.0,50.02961506858472
16.25,-0.0,19928710.0,50.03020199447059
16.26,-0.0,19927120.0,50.03079000718539
16.27,-0.0,19925540.0,50.03137898277007
16.28,-0.0,19923950.0,50.03196879696185
16.29,-0.0,19922370.0,50.032559325288105
16.3,-0.0,19920800.0,50.0331504430775
16.31,-0.0,19919220.0,50.03374202532519
16.32,-0.0,19917650.0,50.034333946837606
16.33,-0.0,19916080.0,50.03492608231078
16.34,-0.0,19914520.0,50.03551830628486
16.35,-0.0,19912960.0,50.03611049316906
16.36,-0.0,19911400.0,50.03670251728251
16.37,-0.0,19909840.0,50.03729425295216
16.38,-0.0,19908290.0,50.037885574451465
16.39,-0.0,19906740.0,50.03847635604393
16.4,-0.0,19905200.0,50.039066472082716
16.41,-0.0,19903660.0,50.03965579695062
16.42,-0.0,19902120.0,50.040244205029204
16.43,-0.0,19900580.0,50.040831570899854
16.44,-0.0,19899050.0,50.04141776933804
16.45,-0.0,19897520.0,50.0420026752718
16.46,-0.0,19896000.0,50.042586163809744
16.47,-0.0,19894480.0,50.043168110283844
16.48,-0.0,19892960.0,50.04374839034909
16.49,-0.0,19891440.0,50.04432687992346
16.5,-0.0,19889930.0,50.044903455232415
16.51,-0.0,19888420.0,50.04547799290926
16.52,-0.0,19886920.0,50.04605036993575
16.53,-0.0,19885420.0,50.04662046376216
16.54,-0.0,19883920.0,50.047188152231826
16.55,-0.0,19882420.0,50.04775331364421
16.56,-0.0,19880930.0,50.048315826838774
16.57,-0.0,19879440.0,50.048875571153395
16.58,-0.0,19877960.0,50.0494324265272
16.59,-0.0,19876480.0,50.049986273442684
16.6,-0.0,19875000.0,50.050536992971296
16.61,-0.0,19873520.0,50.05108446687447
16.62,-0.0,19872050.0,50.05162857761973
16.63,-0.0,19870590.0,50.0521692083244
16.64,-0.0,19869120.0,50.05270624280246
16.65,-0.0,19867660.0,50.05323956566602
16.66,-0.0,19866200.0,50.053769062266205
16.67,-0.0,19864750.0,50.054294618813245
16.68,-0.0,19863300.0,50.054816122375634
16.69,-0.0,19861860.0,50.05533346084158
16.7,-0.0,19860410.0,50.05584652294809
16.71,-0.0,19858970.0,50.056355198399594
16.72,-0.0,19857540.0,50.056859377866026
16.73,-0.0,19856110.0,50.05735895294329
16.74,-0.0,19854680.0,50.05785381625688
16.75,-0.0,19853250.0,50.0583438614033
16.76,-0.0,19851830.0,50.05882898306999
16.77,-0.0,19850410.0,50.05930907703385
16.78,-0.0,19849000.0,50.05978404012155
16.79,-0.0,19847590.0,50.060253770312656
16.8,-0.0,19846180.0,50.06071816675581
16.81,-0.0,19844780.0,50.06117712971134
16.82,-0.0,19843380.0,50.06163056067159
16.83,-0.0,19841990.0,50.06207836235905
16.84,-0.0,19840590.0,50.06252043868593
16.85,-0.0,19839210.0,50.06295669493175
16.86,-0.0,19837820.0,50.06338703758168
16.87,-0.0,19836440.0,50.063811374390696
16.88,-0.0,19835070.0,50.064229614541425
16.89,-0.0,19833690.0,50.064641668573515
16.9,-0.0,19832320.0,50.065047448327796
16.91,-0.0,19830960.0,50.06544686706674
16.92,-0.0,19829600.0,50.06583983947151
16.93,-0.0,19828240.0,50.066226281599945
16.94,-0.0,19826890.0,50.066606111062484
16.95,-0.0,19825540.0,50.066979246933386
16.96,-0.0,19824190.0,50.06734560971155
16.97,-0.0,19822850.0,50.067705121422016
16.98,-0.0,19821510.0,50.06805770562885
16.99,-0.0,19820180.0,50.068403287449605
17.0,-0.0,19818850.0,50.068741793569856
17.01,-0.0,19817520.0,50.06907315225825
17.02,-0.0,19816200.0,50.06939729338144
17.03,-0.0,19814880.0,50.06971414841892
17.04,-0.0,19813570.0,50.0700236504776
17.05,-0.0,19812260.0,50.070325734306266
17.06,-0.0,19810950.0,50.07062033630953
17.07,-0.0,19809650.0,50.07090739456177
17.08,-0.0,19808350.0,50.071186848820325
17.09,-0.0,19807060.0,50.0714586405386
17.1,-0.0,19805770.0,50.071722712954305
17.11,-0.0,19804480.0,50.0719790110003
17.12,-0.0,19803200.0,50.07222748126294
17.13,-0.0,19801930.0,50.07246807215549
17.14,-0.0,19800650.0,50.07270073382533
17.15,-0.0,19799380.0,50.072925418185136
17.16,-0.0,19798120.0,50.07314207890723
17.17,-0.0,19796860.0,50.07335067145215
17.18,-0.0,19795600.0,50.07355115313684
17.19,-0.0,19794350.0,50.07374348306042
17.2,-0.0,19793100.0,50.07392762211732
17.21,-0.0,19791860.0,50.07410353308421
17.22,-0.0,19790620.0,50.07427118052814
17.23,-0.0,19789390.0,50.07443053083729
17.24,-0.0,19788150.0,50.07458155221387
17.25,-0.0,19786930.0,50.07472421470064
17.26,-0.0,19785710.0,50.074858490246655
17.27,-0.0,19784490.0,50.07498435270591
17.28,-0.0,19783280.0,50.07510177774619
17.29,-0.0,19782070.0,50.07521074287915
17.3,-0.0,19780860.0,50.07531122752752
17.31,-0.0,19779660.0,50.07540321294861
17.32,-0.0,19778470.0,50.07548668224434
17.33,-0.0,19777280.0,50.07556162044446
17.34,-0.0,19776090.0,50.07562801448615
17.35,-0.0,19774910.0,50.075685853138964
17.36,-0.0,19773730.0,50.07573512701497
17.37,-0.0,19772560.0,50.07577582865148
17.38,-0.0,19771390.0,50.0758079524899
17.39,-0.0,19770230.0,50.07583149479948
17.4,-0.0,19769070.0,50.07584645368629
17.41,-0.0,19767910.0,50.07585282917448
17.42,-0.0,19766760.0,50.07585062318392
17.43,-0.0,19765620.0,50.075839839527916
17.44,-0.0,19764480.0,50.07582048389511
17.45,-0.0,19763340.0,50.07579256377408
17.46,-0.0,19762210.0,50.07575608846213
17.47,-0.0,19761090.0,50.075711069145804
17.48,-0.0,19759970.0,50.07565751895313
17.49,-0.0,19758850.0,50.07559545277258
17.5,-0.0,19757740.0,50.07552488728092
17.51,-0.0,19756630.0,50.075445841082065
17.52,-0.0,19755530.0,50.07535833459914
17.53,-0.0,19754430.0,50.07526238999862
17.54,-0.0,19753340.0,50.075158031273844
17.55,-0.0,19752250.0,50.07504528422218
17.56,-0.0,19751170.0,50.07492417644116
17.57,-0.0,19750090.0,50.07479473730777
17.58,-0.0,19749020.0,50.074656997899545
17.59,-0.0,19747950.0,50.07451099107566
17.6,-0.0,19746890.0,50.07435675152788
17.61,-0.0,19745830.0,50.074194315673125
17.62,-0.0,19744770.0,50.07402372157691
17.63,-0.0,19743730.0,50.073845009035146
17.64,-0.0,19742680.0,50.073658219625415
17.65,-0.0,19741650.0,50.07346339659914
17.66,-0.0,19740610.0,50.073260584880366
17.67,-0.0,19739590.0,50.07304983104538
17.68,-0.0,19738560.0,50.07283118331911
17.69,-0.0,19737550.0,50.072604691553344
17.7,-0.0,19736530.0,50.07237040722187
17.71,-0.0,19735530.0,50.072128383473725
17.72,-0.0,19734530.0,50.07187867502599
17.73,-0.0,19733530.0,50.07162133816231
17.74,-0.0,19732540.0,50.07135643071177
17.75,-0.0,19731550.0,50.071084012044366
17.76,-0.0,19730570.0,50.07080414312384
17.77,-0.0,19729600.0,50.07051688647598
17.78,-0.0,19728630.0,50.07022230608479
17.79,-0.0,19727660.0,50.06992046739249
17.8,-0.0,19726700.0,50.06961143727939
17.81,-0.0,19725750.0,50.06929528413521
17.82,-0.0,19724800.0,50.068972077810436
17.83,-0.0,19723860.0,50.068641889453914
17.84,-0.0,19722920.0,50.068304791672745
17.85,-0.0,19721990.0,50.06796085848178
17.86,-0.0,19721070.0,50.06761016521596
17.87,-0.0,19720150.0,50.06725278858774
17.88,-0.0,19719230.0,50.06688880665755
17.89,-0.0,19718320.0,50.06651829880687
17.9,-0.0,19717420.0,50.06614134563681
17.91,-0.0,19716520.0,50.065758028969356
17.92,-0.0,19715630.0,50.06536843190362
17.93,-0.0,19714740.0,50.06536843190362
17.94,-0.0,19713860.0,50.06497260533534
17.95,-0.0,19712990.0,50.06457061284977
17.96,-0.0,19712120.0,50.06416255450246
17.97,-0.0,19711260.0,50.06374852825447
17.98,-0.0,19710400.0,50.06332863095131
17.99,-0.0,19709550.0,50.06290295902374
18.0,-0.0,19708710.0,50.062471608919466
18.01,-0.0,19707870.0,50.06203467719331
18.02,-0.0,19707040.0,50.061592260786135
18.03,0.0,19706210.0,50.06114445712602
18.04,0.0,19705390.0,50.06069136422697
18.05,0.0,19704570.0,50.06023308072578
18.06,0.0,19703760.0,50.059769705933455
18.07,0.0,19702960.0,50.05930133991365
18.08,0.0,19702160.0,50.0588280833312
18.09,0.0,19701370.0,50.05835003755939
18.1,0.0,19700590.0,50.05786730473317
18.11,0.0,19699810.0,50.05737998765587
18.12,0.0,19699040.0,50.05688818979229
18.13,0.0,19698270.0,50.05639201525855
18.14,0.0,19697510.0,50.05589156881002
18.15,0.0,19696760.0,50.05538695582781
18.16,0.0,19696010.0,50.05487828230459
18.17,0.0,19695270.0,50.054365654905986
18.18,0.0,19694540.0,50.053849180853916
18.19,0.0,19693810.0,50.05332896793304
18.2,0.0,19693080.0,50.05280512446103
18.21,0.0,19692370.0,50.05227775929264
18.22,0.0,19691660.0,50.05174698186479
18.23,0.0,19690950.0,50.05121290209822
18.24,0.0,19690260.0,50.050675630387595
18.25,0.0,19689560.0,50.05013527758994
18.26,0.0,19688880.0,50.049591955012176
18.27,0.0,19688200.0,50.04904577439814
18.28,0.0,19687520.0,50.04849684791506
18.29,0.0,19686860.0,50.04794528813979
18.3,0.0,19686200.0,50.047391208121006
18.31,0.0,19685540.0,50.04683472126328
18.32,0.0,19684890.0,50.04627594125787
18.33,0.0,19684250.0,50.04571498223155
18.34,0.0,19683610.0,50.04515195862772
18.35,0.0,19682980.0,50.04458698513511
18.36,0.0,19682350.0,50.044020176835026
18.37,0.0,19681730.0,50.04345164908109
18.38,0.0,19681120.0,50.042881517426686
18.39,0.0,19680510.0,50.04230989769468
18.4,0.0,19679910.0,50.04173690595762
18.41,0.0,19679310.0,50.041162658518616
18.42,0.0,19678720.0,50.04058727189252
18.43,0.0,19678140.0,50.04001086278706
18.44,0.0,19677560.0,50.039433548083615
18.45,0.0,19676990.0,50.038855444741536
18.46,0.0,19676420.0,50.03827666987978
18.47,0.0,19675860.0,50.037697340735335
18.48,0.0,19675300.0,50.0371175745802
18.49,0.0,19674750.0,50.036537488782685
18.5,0.0,19674210.0,50.03595720070334
18.51,0.0,19673670.0,50.03537682777019
18.52,0.0,19673140.0,50.034796487431606
18.53,0.0,19672610.0,50.03421629699205
18.54,0.0,19672080.0,50.03363637377056
18.55,0.0,19671570.0,50.033056835047894
18.56,0.0,19671050.0,50.03247779797423
18.57,0.0,19670550.0,50.03189937954629
18.58,0.0,19670040.0,50.031321696598226
18.59,0.0,19669550.0,50.030744865849464
18.6,0.0,19669060.0,50.03016900379021
18.61,0.0,19668570.0,50.02959422659515
18.62,0.0,19668090.0,50.029020650272415
18.63,0.0,19667610.0,50.028448390526826
18.64,0.0,19667140.0,50.02787756268743
18.65,0.0,19666670.0,50.027308281836966
18.66,0.0,19666210.0,50.026740662690685
18.67,0.0,19665750.0,50.026174819582124
18.68,0.0,19665300.0,50.02561086635461
18.69,0.0,19664850.0,50.02504891644737
18.7,0.0,19664410.0,50.02448908284186
18.71,0.0,19663970.0,50.02393147798385
18.72,0.0,19663540.0,50.02337621383377
18.73,0.0,19663110.0,50.022823401769514
18.74,0.0,19662680.0,50.022273152652275
18.75,0.0,19662260.0,50.021725576788036
18.76,0.0,19661850.0,50.02118078383215
18.77,0.0,19661440.0,50.02063888278037
18.78,0.0,19661030.0,50.02009998195687
18.79,0.0,19660630.0,50.019564189077194
18.8,0.0,19660230.0,50.01903161113184
18.81,0.0,19659830.0,50.01850235439223
18.82,0.0,19659440.0,50.017976524380956
18.83,0.0,19659050.0,50.01745422587486
18.84,0.0,19658670.0,50.01693556295024
18.85,0.0,19658290.0,50.01642063880697
18.86,0.0,19657920.0,50.0159095557832
18.87,0.0,19657550.0,50.01540241550043
18.88,0.0,19657180.0,50.01489931874216
18.89,0.0,19656810.0,50.01440036538062
18.9,0.0,19656450.0,50.013905654447896
18.91,0.0,19656100.0,50.013415284117656
18.92,0.0,19655740.0,50.01292935161236
18.93,0.0,19655390.0,50.01244795321279
18.94,0.0,19655050.0,50.01197118432399
18.95,0.0,19654710.0,50.01149913945396
18.96,0.0,19654370.0,50.01103191211862
18.97,0.0,19654030.0,50.01056959485015
18.98,0.0,19653700.0,50.01011227918551
18.99,0.0,19653370.0,50.00966005566983
19.0,0.0,19653040.0,50.00921301391801
19.01,0.0,19652720.0,50.00877124251417
19.02,0.0,19652390.0,50.00833482893985
19.03,0.0,19652080.0,50.007903859661205
19.04,0.0,19651760.0,50.00747842018585
19.05,0.0,19651450.0,50.00705859495862
19.06,0.0,19651140.0,50.00664446728703
19.07,0.0,19650830.0,50.00623611942642
19.08,0.0,19650530.0,50.00583363255827
19.09,0.0,19650230.0,50.00543708670973
19.1,0.0,19649930.0,50.0050465608345
19.11,0.0,19649630.0,50.00466213278801
19.12,0.0,19649340.0,50.00428387924427
19.13,0.0,19649050.0,50.00391187569805
19.14,0.0,19648760.0,50.00354619646349
19.15,0.0,19648470.0,50.00318691474636
19.16,0.0,19648190.0,50.002834102612816
19.17,0.0,19647910.0,50.002487830901174
19.18,0.0,19647630.0,50.00214816922009
19.19,0.0,19647350.0,50.00181518594371
19.2,0.0,19647070.0,50.00148894820457
19.21,0.0,19646800.0,50.00116952188516
19.22,0.0,19646530.0,50.00085697160822
19.23,0.0,19646260.0,50.00055136072628
19.24,0.0,19645990.0,50.000252751310484
19.25,0.0,19645720.0,49.999961204138856
19.26,0.0,19645460.0,49.99967677868422
19.27,0.0,19645190.0,49.99939953302527
19.28,0.0,19644930.0,49.99912952393568
19.29,0.0,19644670.0,49.998866806850224
19.3,0.0,19644420.0,49.998611435789456
19.31,0.0,19644160.0,49.99836346342969
19.32,0.0,19643900.0,49.99812294100776
19.33,0.0,19643650.0,49.99788991840604
19.34,0.0,19643400.0,49.997664444115635
19.35,0.0,19643150.0,49.99744656515913
19.36,0.0,19642900.0,49.997236327082575
19.37,0.0,19642650.0,49.99703377396133
19.38,0.0,19642410.0,49.99683894846353
19.39,0.0,19642160.0,49.99665189175092
19.4,0.0,19641920.0,49.99647264348454
19.41,0.0,19641670.0,49.99630124181167
19.42,0.0,19641430.0,49.99613772336845
19.43,0.0,19641190.0,49.995982123264845
19.44,0.0,19640950.0,49.99583447508601
19.45,0.0,19640710.0,49.995694810953225
19.46,0.0,19640470.0,49.995563161423064
19.47,0.0,19640230.0,49.99543955541614
19.48,0.0,19640000.0,49.995324020305965
19.49,0.0,19639760.0,49.99521658190109
19.5,0.0,19639530.0,49.99511726444537
19.51,0.0,19639290.0,49.995026090525364
19.52,0.0,19639060.0,49.99494308117361
19.53,0.0,19638830.0,49.99486825583252
19.54,0.0,19638590.0,49.99480163229437
19.55,0.0,19638360.0,49.99474322684663
19.56,0.0,19638130.0,49.99469305409128
19.57,0.0,19637900.0,49.99465112697385
19.58,0.0,19637670.0,49.994617456851344
19.59,0.0,19637440.0,49.99459205341291
19.6,0.0,19637210.0,49.994574924764606
19.61,0.0,19636990.0,49.994566077409814
19.62,0.0,19636760.0,49.99456551609619
19.63,0.0,19636530.0,49.994573244004066
19.64,0.0,19636300.0,49.99458926270736
19.65,0.0,19636070.0,49.994613572035796
19.66,0.0,19635850.0,49.99464617024565
19.67,0.0,19635620.0,49.994687053997
19.68,0.0,19635400.0,49.99473621827555
19.69,0.0,19635170.0,49.99479365640175
19.7,0.0,19634940.0,49.99485936003772
19.71,0.0,19634720.0,49.99493331919268
19.72,0.0,19634490.0,49.995015522227376
19.73,0.0,19634270.0,49.995105955857994
19.74,0.0,19634040.0,49.99520460523602
19.75,0.0,19633820.0,49.99531145384958
19.76,0.0,19633590.0,49.99542648354749
19.77,0.0,19633370.0,49.99554967452794
19.78,0.0,19633140.0,49.995681005360176
19.79,0.0,19632920.0,49.99582045297172
19.8,0.0,19632690.0,49.99596799266919
19.81,0.0,19632470.0,49.99612359812507
19.82,0.0,19632240.0,49.99628724139812
19.83,0.0,19632020.0,49.99645889291999
19.84,0.0,19631790.0,49.996638521515635
19.85,0.0,19631570.0,49.99682609438996
19.86,0.0,19631340.0,49.9970215770718
19.87,0.0,19631120.0,49.99722493357912
19.88,0.0,19630890.0,49.997436126316856
19.89,0.0,19630660.0,49.997655116022564
19.9,0.0,19630440.0,49.99788186185651
19.91,0.0,19630210.0,49.99811632147867
19.92,0.0,19629990.0,49.998358450948885
19.93,0.0,19629760.0,49.998608204674575
19.94,0.0,19629540.0,49.998865535502055
19.95,0.0,19629310.0,49.9991303946418
19.96,0.0,19629080.0,49.99940273177361
19.97,0.0,19628860.0,49.999682495105965
19.98,0.0,19628630.0,49.9999696312931
19.99,0.0,19628400.0,50.000264085365956
20.0,0.0,19628180.0,50.00056580084124
20.01,0.0,19627950.0,50.00087471970714
20.02,0.0,19627720.0,50.00119078236834
20.03,0.0,19627490.0,50.00151392781269
20.04,0.0,19627270.0,50.00184409351143
20.05,0.0,19627040.0,50.00218121536808
20.06,0.0,19626810.0,50.00252522781163
20.07,0.0,19626580.0,50.00287606380098
20.08,0.0,19626350.0,50.003233654831
20.09,0.0,19626130.0,50.00359793094006
20.1,0.0,19625900.0,50.00396882071828
20.11,0.0,19625670.0,50.0043462513167
20.12,0.0,19625440.0,50.0047301484572
20.13,0.0,19625210.0,50.005120436366425
20.14,0.0,19624980.0,50.00551703788887
20.15,0.0,19624760.0,50.00591987455364
20.16,0.0,19624530.0,50.006328866498926
20.17,0.0,19624300.0,50.00674393241064
20.18,0.0,19624070.0,50.00716498963889
20.19,0.0,19623840.0,50.007591954267596
20.2,0.0,19623610.0,50.00802474096534
20.21,0.0,19623380.0,50.00846326310461
20.22,-0.0,19623160.0,50.00890743283374
20.23,-0.0,19622930.0,50.00935716092949
20.24,-0.0,19622700.0,50.00981235691818
20.25,-0.0,19622470.0,50.01027292914917
20.26,-0.0,19622240.0,50.01073878472542
20.27,-0.0,19622010.0,50.01120982952406
20.28,-0.0,19621790.0,50.011685968216334
20.29,-0.0,19621560.0,50.012167104287066
20.3,-0.0,19621330.0,50.01265314013078
20.31,-0.0,19621100.0,50.013143976969396
20.32,-0.0,19620880.0,50.013639514893725
20.33,-0.0,19620650.0,50.01413965286917
20.34,-0.0,19620420.0,50.014644288775536
20.35,-0.0,19620200.0,50.01515331948833
20.36,-0.0,19619970.0,50.01566664089276
20.37,-0.0,19619750.0,50.01618414780816
20.38,-0.0,19619520.0,50.01670573403483
20.39,-0.0,19619300.0,50.017231292440556
20.4,-0.0,19619080.0,50.0177607149021
20.41,-0.0,19618850.0,50.018293892411556
20.42,-0.0,19618630.0,50.018830715002274
20.43,-0.0,19618410.0,50.01937107179747
20.44,-0.0,19618190.0,50.019914851175095
20.45,-0.0,19617970.0,50.02046194068546
20.46,-0.0,19617750.0,50.02101222700245
20.47,-0.0,19617530.0,50.021565596036965
20.48,-0.0,19617310.0,50.02212193294464
20.49,-0.0,19617090.0,50.02268112207692
20.5,-0.0,19616880.0,50.02324304709471
20.51,-0.0,19616660.0,50.0238075909769
20.52,-0.0,19616450.0,50.02437463604845
20.53,-0.0,19616240.0,50.02494406406927
20.54,-0.0,19616020.0,50.02551575616293
20.55,-0.0,19615810.0,50.026089592776536
20.56,-0.0,19615600.0,50.026665453800675
20.57,-0.0,19615390.0,50.027243218659265
20.58,-0.0,19615190.0,50.02782276623962
20.59,-0.0,19614980.0,50.02840397500652
20.6,-0.0,19614780.0,50.02898672291931
20.61,-0.0,19614570.0,50.02957088749015
20.62,-0.0,19614370.0,50.03015634586474
20.63,-0.0,19614170.0,50.03074297477601
20.64,-0.0,19613970.0,50.03133065064532
20.65,-0.0,19613780.0,50.031919249520975
20.66,-0.0,19613580.0,50.03250864719848
20.67,-0.0,19613390.0,50.03309871921938
20.68,-0.0,19613200.0,50.03368934083158
20.69,-0.0,19613010.0,50.034280387095585
20.7,-0.0,19612820.0,50.034871732903156
20.71,-0.0,19612630.0,50.03546325299864
20.72,-0.0,19612450.0,50.03605482200225
20.73,-0.0,19612270.0,50.03664631443442
20.74,-0.0,19612080.0,50.03723760466493
20.75,-0.0,19611910.0,50.03782856704123
20.76,-0.0,19611730.0,50.038419075969806
20.77,-0.0,19611560.0,50.03900900585592
20.78,-0.0,19611380.0,50.03959823113385
20.79,-0.0,19611210.0,50.04018662629639
20.8,-0.0,19611050.0,50.04077406600047
20.81,-0.0,19610880.0,50.041360424994316
20.82,-0.0,19610720.0,50.04194557816866
20.83,-0.0,19610560.0,50.04252940057139
20.84,-0.0,19610400.0,50.04311176745654
20.85,-0.0,19610240.0,50.04369255437406
20.86,-0.0,19610090.0,50.044271637192175
20.87,-0.0,19609940.0,50.04484889202997
20.88,-0.0,19609790.0,50.04542419531271
20.89,-0.0,19609650.0,50.045997423865444
20.9,-0.0,19609500.0,50.0465684549385
20.91,-0.0,19609360.0,50.047137166142164
20.92,-0.0,19609220.0,50.04770343550352
20.93,-0.0,19609090.0,50.04826714156145
20.94,-0.0,19608960.0,50.04882816339287
20.95,-0.0,19608830.0,50.049386380624604
20.96,-0.0,19608700.0,50.04994167338837
20.97,-0.0,19608570.0,50.05049392236188
20.98,-0.0,19608450.0,50.05104300888278
20.99,-0.0,19608330.0,50.05158881495796
21.0,-0.0,19608210.0,50.05213122329374
21.01,-0.0,19608100.0,50.05267011730986
21.02,-0.0,19607990.0,50.0532053810962
21.03,-0.0,19607880.0,50.0537368995309
21.04,-0.0,19607770.0,50.05426455829256
21.05,-0.0,19607670.0,50.05478824389197
21.06,-0.0,19607570.0,50.05530784368706
21.07,-0.0,19607470.0,50.0558232458402
21.08,-0.0,19607380.0,50.05633433943652
21.09,-0.0,19607290.0,50.05684101449591
21.1,-0.0,19607200.0,50.05734316200432
21.11,-0.0,19607110.0,50.05784067392843
21.12,-0.0,19607030.0,50.05833344317199
21.13,-0.0,19606950.0,50.058821363693404
21.14,-0.0,19606870.0,50.05930433059317
21.15,-0.0,19606800.0,50.059782239965514
21.16,-0.0,19606730.0,50.060254989036245
21.17,-0.0,19606660.0,50.06072247615732
21.18,-0.0,19606590.0,50.06118460085545
21.19,-0.0,19606530.0,50.061641263827916
21.2,-0.0,19606470.0,50.06209236691534
21.21,-0.0,19606410.0,50.0625378132763
21.22,-0.0,19606360.0,50.06297750731184
21.23,-0.0,19606310.0,50.06341135462192
21.24,-0.0,19606260.0,50.06383926212171
21.25,-0.0,19606220.0,50.06426113812693
21.26,-0.0,19606170.0,50.06467689220323
21.27,-0.0,19606130.0,50.065086435301176
21.28,-0.0,19606100.0,50.06548967974778
21.29,-0.0,19606060.0,50.06588653929177
21.3,-0.0,19606030.0,50.066276929096034
21.31,-0.0,19606000.0,50.066660765706715
21.32,-0.0,19605980.0,50.06703796722404
21.33,-0.0,19605960.0,50.067408453222974
21.34,-0.0,19605940.0,50.06777214478198
21.35,-0.0,19605920.0,50.06812896441666
21.36,-0.0,19605910.0,50.06847883620898
21.37,-0.0,19605900.0,50.068821685870276
21.38,-0.0,19605890.0,50.06915744060333
21.39,-0.0,19605890.0,50.06948602921499
21.4,-0.0,19605890.0,50.069807382120466
21.41,-0.0,19605890.0,50.07012143128957
21.42,-0.0,19605890.0,50.07042811035403
21.43,-0.0,19605900.0,50.07072735468427
21.44,-0.0,19605910.0,50.07101910130677
21.45,-0.0,19605920.0,50.071303288852306
21.46,-0.0,19605940.0,50.071579857663885
21.47,-0.0,19605950.0,50.07184874979676
21.48,-0.0,19605970.0,50.072109908961
21.49,-0.0,19606000.0,50.07236328062509
21.5,-0.0,19606030.0,50.07260881208913
21.51,-0.0,19606050.0,50.07284645232228
21.52,-0.0,19606090.0,50.07307615200989
21.53,-0.0,19606120.0,50.07329786371192
21.54,-0.0,19606160.0,50.07351154177214
21.55,-0.0,19606200.0,50.073717142259774
21.56,-0.0,19606240.0,50.07391462307103
21.57,-0.0,19606290.0,50.07410394392346
21.58,-0.0,19606340.0,50.07428506629288
21.59,-0.0,19606390.0,50.074457953511555
21.6,-0.0,19606440.0,50.07462257075984
21.61,-0.0,19606500.0,50.074778885000704
21.62,-0.0,19606560.0,50.07492686507573
21.63,-0.0,19606620.0,50.075066481694854
21.64,-0.0,19606690.0,50.075197707368936
21.65,-0.0,19606750.0,50.07532051650415
21.66,-0.0,19606820.0,50.07543488531353
21.67,-0.0,19606900.0,50.07554079192654
21.68,-0.0,19606970.0,50.07563821635741
21.69,-0.0,19607050.0,50.07572714045211
21.7,-0.0,19607130.0,50.07580754796187
21.71,-0.0,19607210.0,50.07587942446947
21.72,-0.0,19607300.0,50.07594275747835
21.73,-0.0,19607380.0,50.075997536395725
21.74,-0.0,19607470.0,50.07604375245922
21.75,-0.0,19607570.0,50.07608139874915
21.76,-0.0,19607660.0,50.07611047027301
21.77,-0.0,19607760.0,50.07613096394522
21.78,-0.0,19607860.0,50.07614287851078
21.79,-0.0,19607960.0,50.07614621455474
21.8,-0.0,19608070.0,50.07614097458429
21.81,-0.0,19608170.0,50.076127162929765
21.82,-0.0,19608280.0,50.07610478576824
21.83,-0.0,19608400.0,50.07607385118501
21.84,-0.0,19608510.0,50.07603436908984
21.85,-0.0,19608630.0,50.07598635129694
21.86,-0.0,19608750.0,50.075929811423556
21.87,-0.0,19608870.0,50.075864764911046
21.88,-0.0,19608990.0,50.07579122900747
21.89,-0.0,19609120.0,50.07570922278358
21.9,-0.0,19609240.0,50.075618767188146
21.91,-0.0,19609370.0,50.07551988495902
21.92,-0.0,19609510.0,50.075412600698456
21.93,-0.0,19609640.0,50.075296940767366
21.94,-0.0,19609780.0,50.07517293322602
21.95,-0.0,19609920.0,50.0750406079914
21.96,-0.0,19610060.0,50.074899996725165
21.97,-0.0,19610200.0,50.07475113284614
21.98,-0.0,19610350.0,50.074594051582054
21.99,-0.0,19610490.0,50.07442878980039
22.0,-0.0,19610640.0,50.074255386105825
22.01,-0.0,19610800.0,50.07407388088729
22.02,-0.0,19610950.0,50.07388431622199
22.03,-0.0,19611100.0,50.07368673579151
22.04,-0.0,19611260.0,50.07348118497463
22.05,-0.0,19611420.0,50.07326771089098
22.06,-0.0,19611580.0,50.073046362225604
22.07,-0.0,19611750.0,50.07281718932117
22.08,-0.0,19611910.0,50.072580244220646
22.09,-0.0,19612080.0,50.07233558049079
22.1,-0.0,19612250.0,50.072083253313195
22.11,-0.0,19612420.0,50.07182331944947
22.12,-0.0,19612590.0,50.07155583724207
22.13,-0.0,19612770.0,50.071280866580196
22.14,-0.0,19612940.0,50.070998468824115
22.15,-0.0,19613120.0,50.07070870687307
22.16,-0.0,19613300.0,50.07041164514347
22.17,-0.0,19613480.0,50.07010734954896
22.18,-0.0,19613670.0,50.06979588748067
22.19,-0.0,19613850.0,50.069477327711596
22.2,-0.0,19614040.0,50.069151740479526
22.21,-0.0,19614230.0,50.068819197445876
22.22,-0.0,19614420.0,50.06847977161477
22.23,-0.0,19614610.0,50.0681335373962
22.24,-0.0,19614800.0,50.06778057050425
22.25,-0.0,19615000.0,50.06742094803568
22.26,-0.0,19615190.0,50.067054748425164
22.27,-0.0,19615390.0,50.066682051361596
22.28,-0.0,19615590.0,50.06630293784874
22.29,-0.0,19615790.0,50.065917490101384
22.3,-0.0,19615990.0,50.06552579162191
22.31,-0.0,19616200.0,50.065127927154094
22.32,-0.0,19616400.0,50.064723982521166
22.33,-0.0,19616610.0,50.06431404478728
22.34,-0.0,19616820.0,50.06389820220692
22.35,-0.0,19617030.0,50.06347654413622
22.36,-0.0,19617240.0,50.063049161013794
22.37,-0.0,19617450.0,50.06261614443213
22.38,-0.0,19617670.0,50.06217758708744
22.39,-0.0,19617880.0,50.06173358261488
22.4,0.0,19618100.0,50.06128422567079
22.41,0.0,19618310.0,50.06082961198204
22.42,0.0,19618530.0,50.06036983831008
22.43,0.0,19618750.0,50.0599050023424
22.44,0.0,19618970.0,50.05943520261204
22.45,0.0,19619200.0,50.05896053865162
22.46,0.0,19619420.0,50.05848111093714
22.47,0.0,19619650.0,50.057997020718595
22.48,0.0,19619870.0,50.05750837009884
22.49,0.0,19620100.0,50.05701526208015
22.5,0.0,19620330.0,50.056517800449555
22.51,0.0,19620560.0,50.05601608977038
22.52,0.0,19620790.0,50.055510235354774
22.53,0.0,19621020.0,50.05500034325217
22.54,0.0,19621250.0,50.054486520220095
22.55,0.0,19621490.0,50.05396887371146
22.56,0.0,19621720.0,50.05344751184424
22.57,0.0,19621960.0,50.05292254338808
22.58,0.0,19622190.0,50.05239407773345
22.59,0.0,19622430.0,50.05186222487783
22.6,0.0,19622670.0,50.051327095394335
22.61,0.0,19622910.0,50.05078880041766
22.62,0.0,19623150.0,50.050247451612584
22.63,0.0,19623390.0,50.04970316115956
22.64,0.0,19623630.0,50.04915604172312
22.65,0.0,19623880.0,50.04860620643735
22.66,0.0,19624120.0,50.048053768797764
22.67,0.0,19624360.0,50.04749884274862
22.68,0.0,19624610.0,50.04694154270602
22.69,0.0,19624860.0,50.046381983379376
22.7,0.0,19625100.0,50.04582027976733
22.71,0.0,19625350.0,50.04525654722504
22.72,0.0,19625600.0,50.04469090150248
22.73,0.0,19625850.0,50.044123458547304
22.74,0.0,19626100.0,50.043554334517104
22.75,0.0,19626350.0,50.04298364590508
22.76,0.0,19626600.0,50.042411509340326
22.77,0.0,19626850.0,50.041838041674836
22.78,0.0,19627110.0,50.04126335992998
22.79,0.0,19627360.0,50.0406875812192
22.8,0.0,19627610.0,50.04011082279886
22.81,0.0,19627870.0,50.03953320197113
22.82,0.0,19628120.0,50.03895483615024
22.83,0.0,19628380.0,50.0383758428235
22.84,0.0,19628640.0,50.037796339532015
22.85,0.0,19628890.0,50.03721644375899
22.86,0.0,19629150.0,50.036636272938125
22.87,0.0,19629410.0,50.0360559445007
22.88,0.0,19629670.0,50.03547557585267
22.89,0.0,19629930.0,50.03489528433748
22.9,0.0,19630190.0,50.034315187141054
22.91,0.0,19630450.0,50.03373540128301
22.92,0.0,19630710.0,50.03315604368059
22.93,0.0,19630970.0,50.03257723110893
22.94,0.0,19631240.0,50.03199908010442
22.95,0.0,19631500.0,50.031421706954916
22.96,0.0,19631760.0,50.0308452277632
22.97,0.0,19632030.0,50.030269758406796
22.98,0.0,19632290.0,50.02969541444131
22.99,0.0,19632560.0,50.02912231116707
23.0,0.0,19632820.0,50.02855056351427
23.01,0.0,19633090.0,50.02798028604973
23.02,0.0,19633350.0,50.02741159302321
23.03,0.0,19633620.0,50.026844598344326
23.04,0.0,19633890.0,50.026279415469176
23.05,0.0,19634150.0,50.02571615740773
23.06,0.0,19634420.0,50.02515493684731
23.07,0.0,19634690.0,50.02459586595185
23.08,0.0,19634960.0,50.02403905637204
23.09,0.0,19635230.0,50.0234846192943
23.1,0.0,19635500.0,50.022932665343156
23.11,0.0,19635770.0,50.02238330457133
23.12,0.0,19636040.0,50.021836646523845
23.13,0.0,19636320.0,50.02129280019885
23.14,0.0,19636590.0,50.02075187395212
23.15,0.0,19636860.0,50.0202139754885
23.16,0.0,19637130.0,50.01967921192718
23.17,0.0,19637410.0,50.01914768976336
23.18,0.0,19637680.0,50.018619514773654
23.19,0.0,19637960.0,50.01809479208488
23.2,0.0,19638230.0,50.01757362613822
23.21,0.0,19638510.0,50.01705612059645
23.22,0.0,19638790.0,50.01654237833761
23.23,0.0,19639060.0,50.01603250152231
23.24,0.0,19639340.0,50.015526591557226
23.25,0.0,19639620.0,50.01502474900228
23.26,0.0,19639900.0,50.01452707364091
23.27,0.0,19640180.0,50.014033664445904
23.28,0.0,19640460.0,50.013544619488
23.29,0.0,19640740.0,50.01306003600769
23.3,0.0,19641020.0,50.012580010305555
23.31,0.0,19641310.0,50.0121046378302
23.32,0.0,19641590.0,50.01163401312808
23.33,0.0,19641870.0,50.01116822976983
23.34,0.0,19642160.0,50.01070738040606
23.35,0.0,19642440.0,50.01025155667559
23.36,0.0,19642730.0,50.00980084927731
23.37,0.0,19643010.0,50.00935534793782
23.38,0.0,19643300.0,50.00891514132191
23.39,0.0,19643590.0,50.00848031710585
23.4,0.0,19643870.0,50.008050961946324
23.41,0.0,19644160.0,50.007627161391774
23.42,0.0,19644450.0,50.007208999956696
23.43,0.0,19644740.0,50.00679656109109
23.44,0.0,19645030.0,50.006389927092656
23.45,0.0,19645320.0,50.005989179181576
23.46,0.0,19645610.0,50.00559439739411
23.47,0.0,19645910.0,50.00520566059694
23.48,0.0,19646200.0,50.00482304661801
23.49,0.0,19646490.0,50.004446632053
23.5,0.0,19646790.0,50.00407649228226
23.51,0.0,19647080.0,50.00371270160354
23.52,0.0,19647380.0,50.003355333039835
23.53,0.0,19647670.0,50.00300445835736
23.54,0.0,19647970.0,50.00266014812269
23.55,0.0,19648260.0,50.002322471613034
23.56,0.0,19648560.0,50.00199149681396
23.57,0.0,19648860.0,50.00166729049119
23.58,0.0,19649150.0,50.00134991808265
23.59,0.0,19649450.0,50.00103944371214
23.6,0.0,19649750.0,50.000735930320296
23.61,0.0,19650050.0,50.00043943947142
23.62,0.0,19650350.0,50.000150031294744
23.63,0.0,19650650.0,49.999867764643284
23.64,0.0,19650950.0,49.99959269705998
23.65,0.0,19651250.0,49.9993248846884
23.66,0.0,19651550.0,49.999064382270994
23.67,0.0,19651850.0,49.99881124314503
23.68,0.0,19652150.0,49.99856551923713
23.69,0.0,19652450.0,49.998327261056936
23.7,0.0,19652750.0,49.998096517766506
23.71,0.0,19653050.0,49.99787333707133
23.72,0.0,19653350.0,49.99765776523356
23.73,0.0,19653650.0,49.9974498470502
23.74,0.0,19653950.0,49.99724962586377
23.75,0.0,19654250.0,49.99705714353909
23.76,0.0,19654550.0,49.996872440396565
23.77,0.0,19654860.0,49.99669555536646
23.78,0.0,19655160.0,49.9965265258757
23.79,0.0,19655460.0,49.99636538778237
23.8,0.0,19655760.0,49.99621217553047
23.81,0.0,19656060.0,49.99606692203732
23.82,0.0,19656360.0,49.99592965862848
23.83,0.0,19656660.0,49.995800415116435
23.84,0.0,19656960.0,49.99567921971381
23.85,0.0,19657260.0,49.99556609912566
23.86,0.0,19657550.0,49.9954610785203
23.87,0.0,19657850.0,49.99536418153545
23.88,0.0,19658150.0,49.99527543025219
23.89,0.0,19658450.0,49.995194845126946
23.9,0.0,19658750.0,49.99512244499212
23.91,0.0,19659040.0,49.99505824707002
23.92,0.0,19659340.0,49.995002267120434
23.93,0.0,19659630.0,49.99495451924738
23.94,0.0,19659930.0,49.994915015933096
23.95,0.0,19660220.0,49.99488376809461
23.96,0.0,19660520.0,49.99486078501035
23.97,0.0,19660810.0,49.99484607439421
23.98,0.0,19661100.0,49.99483964230567
23.99,0.0,19661400.0,49.99484149316462
24.0,0.0,19661690.0,49.9948516297468
24.01,0.0,19661980.0,49.99487005327105
24.02,0.0,19662270.0,49.99489676329081
24.03,0.0,19662560.0,49.994931757724395
24.04,0.0,19662840.0,49.994975032832926
24.05,0.0,19663130.0,49.995026583247814
24.06,0.0,19663420.0,49.99508640202343
24.07,0.0,19663700.0,49.99515448048525
24.08,0.0,19663980.0,49.99523080832823
24.09,0.0,19664270.0,49.995315373684015
24.1,0.0,19664550.0,49.99540816302748
24.11,0.0,19664830.0,49.99550916111314
24.12,0.0,19665110.0,49.995618351071506
24.13,0.0,19665390.0,49.99573571439898
24.14,0.0,19665670.0,49.99586123096563
24.15,0.0,19665940.0,49.99599487900693
24.16,0.0,19666220.0,49.996136635132736
24.17,0.0,19666490.0,49.99628647431977
24.18,0.0,19666760.0,49.99644436984504
24.19,0.0,19667040.0,49.99661029338063
24.2,0.0,19667300.0,49.99678421490656
24.21,0.0,19667570.0,49.99696610282041
24.22,0.0,19667840.0,49.997155923908124
24.23,0.0,19668110.0,49.99735364329172
24.24,0.0,19668370.0,49.99755922458185
24.25,0.0,19668630.0,49.99777262970524
24.26,0.0,19668900.0,49.99799381894169
24.27,0.0,19669160.0,49.9982227509997
24.28,0.0,19669410.0,49.99845938294523
24.29,0.0,19669670.0,49.9987036702943
24.3,0.0,19669930.0,49.99895556692491
24.31,0.0,19670180.0,49.99921502511048
24.32,0.0,19670430.0,49.999481995593
24.33,0.0,19670680.0,49.999756427587286
24.34,0.0,19670930.0,50.000038268694944
24.35,0.0,19671180.0,50.00032746493941
24.36,0.0,19671430.0,50.00062396084053
24.37,0.0,19671670.0,50.00092769934371
24.38,0.0,19671910.0,50.00123862183694
24.39,0.0,19672150.0,50.001556668165726
24.4,0.0,19672390.0,50.00188177672323
24.41,0.0,19672630.0,50.002213884361645
24.42,0.0,19672860.0,50.00255292642593
24.43,0.0,19673100.0,50.00289883682838
24.44,0.0,19673330.0,50.00325154790182
24.45,0.0,19673560.0,50.00361099051916
24.46,0.0,19673790.0,50.00397709416461
24.47,0.0,19674010.0,50.00434978686143
24.48,0.0,19674240.0,50.004728995188955
24.49,0.0,19674460.0,50.005114644374395
24.5,0.0,19674680.0,50.005506658206556
24.51,0.0,19674900.0,50.00590495899545
24.52,0.0,19675110.0,50.006309467674534
24.53,0.0,19675330.0,50.006720103889435
24.54,0.0,19675540.0,50.007136785909644
24.55,0.0,19675750.0,50.00755943066402
24.56,0.0,19675960.0,50.00798795374087
24.57,0.0,19676170.0,50.00842226934592
24.58,0.0,19676370.0,50.00886229047963
24.59,-0.0,19676580.0,50.00930792884814
24.6,-0.0,19676780.0,50.00975909489851
24.61,-0.0,19676980.0,50.010215697819525
24.62,-0.0,19677170.0,50.010677645576315
24.63,-0.0,19677370.0,50.011144844911094
24.64,-0.0,19677560.0,50.011617201301796
24.65,-0.0,19677750.0,50.01209461914093
24.66,-0.0,19677940.0,50.01257700164802
24.67,-0.0,19678130.0,50.0130642508302
24.68,-0.0,19678310.0,50.013556267662885
24.69,-0.0,19678490.0,50.01405295200324
24.7,-0.0,19678670.0,50.014554202552276
24.71,-0.0,19678850.0,50.01505991696015
24.72,-0.0,19679030.0,50.01556999191865
24.73,-0.0,19679200.0,50.016084323077415
24.74,-0.0,19679380.0,50.01660280500797
24.75,-0.0,19679550.0,50.01712533131085
24.76,-0.0,19679710.0,50.01765179463331
24.77,-0.0,19679880.0,50.01818208668859
24.78,-0.0,19680040.0,50.018716098276286
24.79,-0.0,19680210.0,50.01925371930317
24.8,-0.0,19680370.0,50.019794838804586
24.81,-0.0,19680520.0,50.02033934496652
24.82,-0.0,19680680.0,50.02088712514776
24.83,-0.0,19680830.0,50.02143806590272
24.84,-0.0,19680990.0,50.02199205300446
24.85,-0.0,19681130.0,50.0225489713919
24.86,-0.0,19681280.0,50.02310870529526
24.87,-0.0,19681430.0,50.023671138314604
24.88,-0.0,19681570.0,50.02423615335682
24.89,-0.0,19681710.0,50.02480363266258
24.9,-0.0,19681850.0,50.02537345775634
24.91,-0.0,19681990.0,50.02594550957413
24.92,-0.0,19682130.0,50.02651966854395
24.93,-0.0,19682260.0,50.027095814524515
24.94,-0.0,19682390.0,50.02767382683384
24.95,-0.0,19682520.0,50.02825358420071
24.96,-0.0,19682650.0,50.02883496489372
24.97,-0.0,19682770.0,50.029417846803085
24.98,-0.0,19682900.0,50.0300021073805
24.99,-0.0,19683020.0,50.03058762366884
25.0,-0.0,19683140.0,50.03117427233099
25.01,-0.0,19683260.0,50.03176192967811
25.02,-0.0,19683370.0,50.032350471697974
25.03,-0.0,19683490.0,50.0329397740831
25.04,-0.0,19683600.0,50.03352971225896
25.05,-0.0,19683710.0,50.034120161488374
25.06,-0.0,19683820.0,50.03471099679801
25.07,-0.0,19683930.0,50.03530209302862
25.08,-0.0,19684030.0,50.03589332484899
25.09,-0.0,19684140.0,50.03648456680383
25.1,-0.0,19684240.0,50.03707569340279
25.11,-0.0,19684340.0,50.03766657898968
25.12,-0.0,19684440.0,50.038257097954556
25.13,-0.0,19684530.0,50.038847124718636
25.14,-0.0,19684630.0,50.0394365336244
25.15,-0.0,19684720.0,50.04002519913219
25.16,-0.0,19684810.0,50.04061299574802
25.17,-0.0,19684900.0,50.04119979807528
25.18,-0.0,19684990.0,50.04178548090606
25.19,-0.0,19685070.0,50.042369919168564
25.2,-0.0,19685160.0,50.04295298803897
25.21,-0.0,19685240.0,50.04353456294932
25.22,-0.0,19685330.0,50.04411451954021
25.23,-0.0,19685410.0,50.04469273369971
25.24,-0.0,19685480.0,50.045269081599585
25.25,-0.0,19685560.0,50.04584343980558
25.26,-0.0,19685640.0,50.04641568528471
25.27,-0.0,19685710.0,50.046985695357705
25.28,-0.0,19685790.0,50.04755334781387
25.29,-0.0,19685860.0,50.04811852092127
25.3,-0.0,19685930.0,50.04868109338104
25.31,-0.0,19686000.0,50.049240944443575
25.32,-0.0,19686070.0,50.049797953919764
25.33,-0.0,19686130.0,50.050352002135824
25.34,-0.0,19686200.0,50.050902970050096
25.35,-0.0,19686260.0,50.05145073926441
25.36,-0.0,19686330.0,50.051995192055266
25.37,-0.0,19686390.0,50.05253621138871
25.38,-0.0,19686450.0,50.0530736808777
25.39,-0.0,19686510.0,50.05360748490022
25.4,-0.0,19686570.0,50.05413750868756
25.41,-0.0,19686620.0,50.054663638178155
25.42,-0.0,19686680.0,50.055185760156604
25.43,-0.0,19686740.0,50.05570376232617
25.44,-0.0,19686790.0,50.05621753318136
25.45,-0.0,19686850.0,50.056726962129986
25.46,-0.0,19686900.0,50.05723193958369
25.47,-0.0,19686950.0,50.057732356889076
25.48,-0.0,19687000.0,50.058228106365476
25.49,-0.0,19687060.0,50.058719081399715
25.5,-0.0,19687110.0,50.05920517637975
25.51,-0.0,19687160.0,50.059686286734184
25.52,-0.0,19687200.0,50.06016230895186
25.53,-0.0,19687250.0,50.06063314061796
25.54,-0.0,19687300.0,50.06109868050764
25.55,-0.0,19687350.0,50.061558828594684
25.56,-0.0,19687390.0,50.06201348598803
25.57,-0.0,19687440.0,50.06246255504857
25.58,-0.0,19687490.0,50.062905939383576
25.59,-0.0,19687530.0,50.06334354372686
25.6,-0.0,19687580.0,50.06377527414123
25.61,-0.0,19687620.0,50.06420103808507
25.62,-0.0,19687670.0,50.06462074426433
25.63,-0.0,19687710.0,50.065034302677184
25.64,-0.0,19687760.0,50.06544162471221
25.65,-0.0,19687800.0,50.06584262323559
25.66,-0.0,19687850.0,50.06623721250295
25.67,-0.0,19687890.0,50.06662530812026
25.68,-0.0,19687930.0,50.067006827146855
25.69,-0.0,19687980.0,50.067381688109094
25.7,-0.0,19688020.0,50.06774981101546
25.71,-0.0,19688070.0,50.068111117448346
25.72,-0.0,19688110.0,50.068465530478164
25.73,-0.0,19688160.0,50.06881297470158
25.74,-0.0,19688200.0,50.06915337631883
25.75,-0.0,19688250.0,50.069486662991395
25.76,-0.0,19688300.0,50.0698127640416
25.77,-0.0,19688340.0,50.070131610424205
25.78,-0.0,19688390.0,50.07044313460355
25.79,-0.0,19688440.0,50.07074727073617
25.8,-0.0,19688490.0,50.07104395473636
25.81,-0.0,19688530.0,50.071333124109685
25.82,-0.0,19688580.0,50.07161471799718
25.83,-0.0,19688630.0,50.07188867725589
25.84,-0.0,19688690.0,50.07215494446985
25.85,-0.0,19688740.0,50.0724134639463
25.86,-0.0,19688790.0,50.0726641817308
25.87,-0.0,19688850.0,50.07290704560572
25.88,-0.0,19688900.0,50.07314200503073
25.89,-0.0,19688960.0,50.07336901124398
25.9,-0.0,19689010.0,50.07358801733278
25.91,-0.0,19689070.0,50.07379897814612
25.92,-0.0,19689130.0,50.074001850314
25.93,-0.0,19689190.0,50.07419659232397
25.94,-0.0,19689260.0,50.07438316443689
25.95,-0.0,19689320.0,50.074561528708294
25.96,-0.0,19689380.0,50.074731648990245
25.97,-0.0,19689450.0,50.074893490949314
25.98,-0.0,19689520.0,50.07504702214216
25.99,-0.0,19689590.0,50.075192212006044
26.0,-0.0,19689660.0,50.07532903177731
26.01,-0.0,19689730.0,50.075457454589724
26.02,-0.0,19689810.0,50.075577455450585
26.03,-0.0,19689880.0,50.07568901117838
26.04,-0.0,19689960.0,50.075792100484726
26.05,-0.0,19690040.0,50.07588670389224
26.06,-0.0,19690120.0,50.07597280383258
26.07,-0.0,19690200.0,50.07605038462171
26.08,-0.0,19690290.0,50.07611943247247
26.09,-0.0,19690370.0,50.076179935473505
26.1,-0.0,19690460.0,50.0762318835277
26.11,-0.0,19690550.0,50.07627526850988
26.12,-0.0,19690650.0,50.07631008415812
26.13,-0.0,19690740.0,50.07633632601447
26.14,-0.0,19690840.0,50.076353991507474
26.15,-0.0,19690930.0,50.07636307994569
26.16,-0.0,19691030.0,50.07636359251219
26.17,-0.0,19691140.0,50.07635553233567
26.18,-0.0,19691240.0,50.07633890438403
26.19,-0.0,19691350.0,50.0763137154056
26.2,-0.0,19691460.0,50.07627997401127
26.21,-0.0,19691570.0,50.076237690743106
26.22,-0.0,19691680.0,50.076186877965704
26.23,-0.0,19691800.0,50.076127549881775
26.24,-0.0,19691910.0,50.07605972251089
26.25,-0.0,19692030.0,50.075983413702296
26.26,-0.0,19692150.0,50.07589864318782
26.27,-0.0,19692280.0,50.0758054324156
26.28,-0.0,19692400.0,50.075703804649464
26.29,-0.0,19692530.0,50.07559378501859
26.3,-0.0,19692660.0,50.075475400424686
26.31,-0.0,19692790.0,50.075348679537655
26.32,-0.0,19692930.0,50.07521365286544
26.33,-0.0,19693060.0,50.075070352645014
26.34,-0.0,19693200.0,50.07491881277982
26.35,-0.0,19693340.0,50.07475906899408
26.36,-0.0,19693490.0,50.07459115871882
26.37,-0.0,19693630.0,50.07441512110228
26.38,-0.0,19693780.0,50.07423099705963
26.39,-0.0,19693930.0,50.07403882910284
26.4,-0.0,19694080.0,50.0738386614363
26.41,-0.0,19694230.0,50.07363054000227
26.42,-0.0,19694390.0,50.073414512383984
26.43,-0.0,19694550.0,50.07319062779707
26.44,-0.0,19694710.0,50.07295893707906
26.45,-0.0,19694870.0,50.07271949275387
26.46,-0.0,19695040.0,50.072472348917465
26.47,-0.0,19695200.0,50.072217561170504
26.48,-0.0,19695370.0,50.07195518676772
26.49,-0.0,19695540.0,50.071685284499154
26.5,-0.0,19695710.0,50.07140791462001
26.51,-0.0,19695890.0,50.071123138997486
26.52,-0.0,19696070.0,50.07083102099031
26.53,-0.0,19696250.0,50.070531625452844
26.54,-0.0,19696430.0,50.07022501870271
26.55,-0.0,19696610.0,50.069911268522716
26.56,-0.0,19696790.0,50.0695904441272
26.57,-0.0,19696980.0,50.069262616162625
26.58,-0.0,19697170.0,50.06892785667301
26.59,-0.0,19697360.0,50.06858623909978
26.6,-0.0,19697550.0,50.06823783824642
26.61,-0.0,19697750.0,50.06788273020156
26.62,-0.0,19697940.0,50.06752099240467
26.63,-0.0,19698140.0,50.067152703698795
26.64,-0.0,19698340.0,50.06677794420704
26.65,-0.0,19698550.0,50.06639679525684
26.66,-0.0,19698750.0,50.06600933937
26.67,-0.0,19698950.0,50.065615660340804
26.68,-0.0,19699160.0,50.06521584326814
26.69,-0.0,19699370.0,50.06480997437037
26.7,-0.0,19699580.0,50.06439814106771
26.71,-0.0,19699790.0,50.063980431940266
26.72,-0.0,19700010.0,50.063556936645824
26.73,-0.0,19700220.0,50.06312774598095
26.74,-0.0,19700440.0,50.06269295177793
26.75,-0.0,19700660.0,50.06225264698087
26.76,0.0,19700880.0,50.061806925599484
26.77,0.0,19701100.0,50.06135588262342
26.78,0.0,19701320.0,50.060899614004896
26.79,0.0,19701550.0,50.06043821673104
26.8,0.0,19701780.0,50.0599717887748
26.81,0.0,19702000.0,50.05950042900735
26.82,0.0,19702230.0,50.059024237178804
26.83,0.0,19702460.0,50.05854331391313
26.84,0.0,19702690.0,50.05805776075947
26.85,0.0,19702930.0,50.057567680157945
26.86,0.0,19703160.0,50.0570731753323
26.87,0.0,19703400.0,50.056574350286375
26.88,0.0,19703630.0,50.05607130978006
26.89,0.0,19703870.0,50.055564159320696
26.9,0.0,19704110.0,50.05505300513589
26.91,0.0,19704350.0,50.05453795416256
26.92,0.0,19704590.0,50.05401911409422
26.93,0.0,19704830.0,50.05349659326704
26.94,0.0,19705080.0,50.052970500651675
26.95,0.0,19705320.0,50.052440945825694
26.96,0.0,19705570.0,50.05190803896219
26.97,0.0,19705810.0,50.05137189080051
26.98,0.0,19706060.0,50.050832612557336
26.99,0.0,19706310.0,50.05029031599797
27.0,0.0,19706560.0,50.049745113477364
27.01,0.0,19706810.0,50.04919711782216
27.02,0.0,19707060.0,50.04864644224297
27.03,0.0,19707310.0,50.04809320032982
27.04,0.0,19707560.0,50.0475375061188
27.05,0.0,19707810.0,50.04697947405419
27.06,0.0,19708070.0,50.046419218969554
27.07,0.0,19708320.0,50.045856856053106
27.08,0.0,19708570.0,50.04529250075465
27.09,0.0,19708830.0,50.04472626885366
27.1,0.0,19709080.0,50.044158276345755
27.11,0.0,19709340.0,50.04358863944953
27.12,0.0,19709600.0,50.04301747465202
27.13,0.0,19709850.0,50.04244489868485
27.14,0.0,19710110.0,50.04187102840994
27.15,0.0,19710370.0,50.041295980825474
27.16,0.0,19710630.0,50.040719873110675
27.17,0.0,19710880.0,50.04014282252528
27.18,0.0,19711140.0,50.03956494639626
27.19,0.0,19711400.0,50.03898636210208
27.2,0.0,19711660.0,50.038407187055434
27.21,0.0,19711920.0,50.037827538761135
27.22,0.0,19712180.0,50.037247534695595
27.23,0.0,19712440.0,50.036667292308415
27.24,0.0,19712690.0,50.03608692898831
27.25,0.0,19712950.0,50.035506562061585
27.26,0.0,19713210.0,50.03492630875609
27.27,0.0,19713470.0,50.034346286198584
27.28,0.0,19713730.0,50.03376661137767
27.29,0.0,19713990.0,50.03318740114058
27.3,0.0,19714250.0,50.032608772155584
27.31,0.0,19714510.0,50.032030840832306
27.32,0.0,19714760.0,50.0314537233854
27.33,0.0,19715020.0,50.030877535809424
27.34,0.0,19715280.0,50.030302393855386
27.35,0.0,19715540.0,50.029728413007845
27.36,0.0,19715790.0,50.02915570838652
27.37,0.0,19716050.0,50.02858439482581
27.38,0.0,19716310.0,50.02801458683198
27.39,0.0,19716560.0,50.027446398423656
27.4,0.0,19716820.0,50.02687994329439
27.41,0.0,19717070.0,50.02631533484107
27.42,0.0,19717330.0,50.02575268597573
27.43,0.0,19717580.0,50.02519210905327
27.44,0.0,19717830.0,50.024633716031694
27.45,0.0,19718090.0,50.024077618422716
27.46,0.0,19718340.0,50.02352392720398
27.47,0.0,19718590.0,50.0229727528773
27.48,0.0,19718840.0,50.022424205363706
27.49,0.0,19719090.0,50.02187839400234
27.5,0.0,19719340.0,50.021335427530076
27.51,0.0,19719590.0,50.02079541407621
27.52,0.0,19719830.0,50.020258461215626
27.53,0.0,19720080.0,50.01972467586035
27.54,0.0,19720330.0,50.019194164256255
27.55,0.0,19720570.0,50.01866703196097
27.56,0.0,19720810.0,50.01814338383767
27.57,0.0,19721060.0,50.01762332403119
27.58,0.0,19721300.0,50.017106955960614
27.59,0.0,19721540.0,50.01659438229458
27.6,0.0,19721780.0,50.016085704943215
27.61,0.0,19722020.0,50.01558102503319
27.62,0.0,19722250.0,50.0150804428994
27.63,0.0,19722490.0,50.0145840580597
27.64,0.0,19722720.0,50.014091969130504
27.65,0.0,19722960.0,50.013604273902814
27.66,0.0,19723190.0,50.013121069312895
27.67,0.0,19723420.0,50.012642451431276
27.68,0.0,19723650.0,50.01216851543564
27.69,0.0,19723880.0,50.01169935552515
27.7,0.0,19724110.0,50.01123506499569
27.71,0.0,19724330.0,50.01077573621009
27.72,0.0,19724560.0,50.01032146058687
27.73,0.0,19724780.0,50.009872328496876
27.74,0.0,19725000.0,50.009428429278934
27.75,0.0,19725230.0,50.0089898513706
27.76,0.0,19725440.0,50.00855668211508
27.77,0.0,19725660.0,50.00812900777763
27.78,0.0,19725880.0,50.00770691360059
27.79,0.0,19726090.0,50.00729048371192
27.8,0.0,19726310.0,50.00687980119712
27.81,0.0,19726520.0,50.006474948067314
27.82,0.0,19726730.0,50.00607600517034
27.83,0.0,19726940.0,50.00568305218812
27.84,0.0,19727140.0,50.00529616770726
27.85,0.0,19727350.0,50.00491542911008
27.86,0.0,19727550.0,50.004540912586904
27.87,0.0,19727750.0,50.00417269318851
27.88,0.0,19727950.0,50.003810844733266
27.89,0.0,19728150.0,50.00345543987821
27.9,0.0,19728350.0,50.00310655001064
27.91,0.0,19728550.0,50.002764245260586
27.92,0.0,19728740.0,50.00242859455371
27.93,0.0,19728930.0,50.002099665519
27.94,0.0,19729120.0,50.00177752448418
27.95,0.0,19729310.0,50.00146223646909
27.96,0.0,19729500.0,50.00115386525411
27.97,0.0,19729680.0,50.000852473270385
27.98,0.0,19729870.0,50.00055812161149
27.99,0.0,19730050.0,50.00027087008632
28.0,0.0,19730230.0,49.99999077712681
28.01,0.0,19730410.0,49.9997178997838
28.02,0.0,19730580.0,49.99945229372098
28.03,0.0,19730760.0,49.99919401320782
28.04,0.0,19730930.0,49.99894311111184
28.05,0.0,19731100.0,49.998699638966634
28.06,0.0,19731270.0,49.998463646862014
28.07,0.0,19731440.0,49.998235183456416
28.08,0.0,19731600.0,49.99801429603036
28.09,0.0,19731760.0,49.9978010303189
28.1,0.0,19731930.0,49.99759543060978
28.11,0.0,19732090.0,49.99739753979398
28.12,0.0,19732240.0,49.99720739927253
28.13,0.0,19732400.0,49.99702504902858
28.14,0.0,19732560.0,49.99685052752068
28.15,0.0,19732710.0,49.99668387162138
28.16,0.0,19732860.0,49.996525116774244
28.17,0.0,19733010.0,49.99637429688373
28.18,0.0,19733160.0,49.996231444327876
28.19,0.0,19733300.0,49.996096590012954
28.2,0.0,19733450.0,49.99596976328349
28.21,0.0,19733590.0,49.99585099192079
28.22,0.0,19733730.0,49.99574030213992
28.23,0.0,19733870.0,49.99563771858584
28.24,0.0,19734000.0,49.99554326432909
28.25,0.0,19734140.0,49.995456960937375
28.26,0.0,19734270.0,49.995378828445695
28.27,0.0,19734400.0,49.99530888519514
28.28,0.0,19734530.0,49.99524714793636
28.29,0.0,19734660.0,49.99519363188482
28.3,0.0,19734790.0,49.99514835070871
28.31,0.0,19734910.0,49.99511131642797
28.32,0.0,19735040.0,49.99508253943438
28.33,0.0,19735160.0,49.995062028552
28.34,0.0,19735280.0,49.99504979095282
28.35,0.0,19735400.0,49.99504583216002
28.36,0.0,19735510.0,49.99505015612579
28.37,0.0,19735630.0,49.995062765130754
28.38,0.0,19735740.0,49.99508365980467
28.39,0.0,19735860.0,49.995112839264536
28.4,0.0,19735970.0,49.99515030093008
28.41,0.0,19736080.0,49.99519604054979
28.42,0.0,19736180.0,49.99525005226625
28.43,0.0,19736290.0,49.9953123286121
28.44,0.0,19736400.0,49.995382860492285
28.45,0.0,19736500.0,49.995461637108995
28.46,0.0,19736610.0,49.995548646048945
28.47,0.0,19736710.0,49.99564387319014
28.48,0.0,19736810.0,49.995747302805455
28.49,0.0,19736910.0,49.99585891760474
28.5,0.0,19737010.0,49.995978698576685
28.51,0.0,19737100.0,49.99610662500555
28.52,0.0,19737200.0,49.9962426745599
28.53,0.0,19737290.0,49.996386823353504
28.54,0.0,19737390.0,49.99653904584858
28.55,0.0,19737480.0,49.99669931486602
28.56,0.0,19737570.0,49.996867601578955
28.57,0.0,19737660.0,49.997043875446984
28.58,0.0,19737750.0,49.99722810431169
28.59,0.0,19737840.0,49.99742025446284
28.6,0.0,19737930.0,49.99762029054607
28.61,0.0,19738020.0,49.997828175577276
28.62,0.0,19738110.0,49.99804387101575
28.63,0.0,19738190.0,49.99826733667672
28.64,0.0,19738280.0,49.998498530673515
28.65,0.0,19738360.0,49.99873740959508
28.66,0.0,19738450.0,49.998983928476164
28.67,0.0,19738530.0,49.9992380407307
28.68,0.0,19738610.0,49.99949969815615
28.69,0.0,19738700.0,49.99976885095324
28.7,0.0,19738780.0,50.0000454478039
28.71,0.0,19738860.0,50.000329435788515
28.72,0.0,19738940.0,50.00062076040835
28.73,0.0,19739020.0,50.00091936566577
28.74,0.0,19739100.0,50.00122519405926
28.75,0.0,19739180.0,50.0015381865063
28.76,0.0,19739260.0,50.001858282446236
28.77,0.0,19739330.0,50.002185419822574
28.78,0.0,19739410.0,50.00251953495002
28.79,0.0,19739490.0,50.00286056270448
28.8,0.0,19739560.0,50.003208436503385
28.81,0.0,19739640.0,50.00356308824816
28.82,0.0,19739720.0,50.00392444841258
28.83,0.0,19739790.0,50.00429244604475
28.84,0.0,19739870.0,50.00466700869559
28.85,0.0,19739940.0,50.00504806252708
28.86,0.0,19740020.0,50.00543553229912
28.87,0.0,19740090.0,50.00582934131717
28.88,0.0,19740160.0,50.00622941152509
28.89,0.0,19740240.0,50.006635663434594
28.9,0.0,19740310.0,50.00704801623472
28.91,0.0,19740380.0,50.00746638778032
28.92,0.0,19740450.0,50.007890694541445
28.93,0.0,19740530.0,50.00832085169775
28.94,0.0,19740600.0,50.00875677314593
28.95,-0.0,19740670.0,50.009198371509356
28.96,-0.0,19740740.0,50.00964555807382
28.97,-0.0,19740810.0,50.010098242901705
28.98,-0.0,19740880.0,50.01055633482452
28.99,-0.0,19740950.0,50.01101974139589
29.0,-0.0,19741020.0,50.0114883689894
29.01,-0.0,19741090.0,50.01196212280882
29.02,-0.0,19741160.0,50.01244090690101
29.03,-0.0,19741230.0,50.012924624094154
29.04,-0.0,19741300.0,50.01341317611473
29.05,-0.0,19741370.0,50.01390646358262
29.06,-0.0,19741440.0,50.014404385966614
29.07,-0.0,19741500.0,50.014906841684656
29.08,-0.0,19741570.0,50.0154137281166
29.09,-0.0,19741640.0,50.01592494161936
29.1,-0.0,19741710.0,50.01644037746766
29.11,-0.0,19741770.0,50.01695992997315
29.12,-0.0,19741840.0,50.01748349248193
29.13,-0.0,19741910.0,50.0180109573322
29.14,-0.0,19741970.0,50.018542215956884
29.15,-0.0,19742040.0,50.019077158898504
29.16,-0.0,19742100.0,50.01961567582644
29.17,-0.0,19742170.0,50.02015765555584
29.18,-0.0,19742230.0,50.020702985991626
29.19,-0.0,19742300.0,50.021251554174796
29.2,-0.0,19742360.0,50.021803246383875
29.21,-0.0,19742430.0,50.022357948149995
29.22,-0.0,19742490.0,50.0229155442747
29.23,-0.0,19742550.0,50.02347591884975
29.24,-0.0,19742620.0,50.024038955278094
29.25,-0.0,19742680.0,50.02460453622
29.26,-0.0,19742740.0,50.025172543641276
29.27,-0.0,19742800.0,50.025742858916644
29.28,-0.0,19742870.0,50.02631536284652
29.29,-0.0,19742930.0,50.0268899356766
29.3,-0.0,19742990.0,50.02746645711935
29.31,-0.0,19743050.0,50.028044806300755
29.32,-0.0,19743110.0,50.028624861809355
29.33,-0.0,19743170.0,50.02920650180055
29.34,-0.0,19743230.0,50.029789604014184
29.35,-0.0,19743290.0,50.03037404579529
29.36,-0.0,19743350.0,50.030959704116384
29.37,-0.0,19743410.0,50.0315464555253
29.38,-0.0,19743470.0,50.03213417619521
29.39,-0.0,19743520.0,50.03272274202979
29.4,-0.0,19743580.0,50.033312028681735
29.41,-0.0,19743640.0,50.03390191157434
29.42,-0.0,19743700.0,50.03449226584876
29.43,-0.0,19743750.0,50.03508296641408
29.44,-0.0,19743810.0,50.03567388805229
29.45,-0.0,19743860.0,50.03626490543718
29.46,-0.0,19743920.0,50.03685589315595
29.47,-0.0,19743980.0,50.037446725732735
29.48,-0.0,19744030.0,50.038037277577395
29.49,-0.0,19744080.0,50.03862742303684
29.5,-0.0,19744140.0,50.03921703650083
29.51,-0.0,19744190.0,50.03980599234581
29.52,-0.0,19744240.0,50.040394165058665
29.53,-0.0,19744300.0,50.040981429238975
29.54,-0.0,19744350.0,50.04156765956297
29.55,-0.0,19744400.0,50.04215273089151
29.56,-0.0,19744450.0,50.04273651829102
29.57,-0.0,19744500.0,50.04331889698052
29.58,-0.0,19744550.0,50.043899742382024
29.59,-0.0,19744600.0,50.044478930225665
29.6,-0.0,19744650.0,50.045056336568614
29.61,-0.0,19744700.0,50.045631837741254
29.62,-0.0,19744750.0,50.04620531047219
29.63,-0.0,19744800.0,50.046776631891355
29.64,-0.0,19744840.0,50.04734567941844
29.65,-0.0,19744890.0,50.047912330972665
29.66,-0.0,19744940.0,50.04847646497165
29.67,-0.0,19744990.0,50.04903796036893
29.68,-0.0,19745030.0,50.04959669658303
29.69,-0.0,19745080.0,50.05015255356412
29.7,-0.0,19745120.0,50.0507054119567
29.71,-0.0,19745170.0,50.051255152957616
29.72,-0.0,19745210.0,50.05180165836701
29.73,-0.0,19745250.0,50.05234481061752
29.74,-0.0,19745300.0,50.05288449289411
29.75,-0.0,19745340.0,50.05342058913311
29.76,-0.0,19745380.0,50.05395298398351
29.77,-0.0,19745420.0,50.05448156291249
29.78,-0.0,19745460.0,50.05500621222369
29.79,-0.0,19745500.0,50.05552681900186
29.8,-0.0,19745540.0,50.05604327116062
29.81,-0.0,19745580.0,50.0565554575448
29.82,-0.0,19745620.0,50.05706326787076
29.83,-0.0,19745660.0,50.057566592846804
29.84,-0.0,19745700.0,50.05806532417177
29.85,-0.0,19745740.0,50.0585593544954
29.86,-0.0,19745770.0,50.059048577446774
29.87,-0.0,19745810.0,50.059532887752454
29.88,-0.0,19745850.0,50.06001218123347
29.89,-0.0,19745880.0,50.06048635476424
29.9,-0.0,19745920.0,50.06095530637546
29.91,-0.0,19745950.0,50.0614189351938
29.92,-0.0,19745990.0,50.06187714148511
29.93,-0.0,19746020.0,50.062329826752986
29.94,-0.0,19746060.0,50.062776893750915
29.95,-0.0,19746090.0,50.0632182464976
29.96,-0.0,19746120.0,50.06365379021799
29.97,-0.0,19746150.0,50.06408343138682
29.98,-0.0,19746190.0,50.064507077826605
29.99,-0.0,19746220.0,50.06492463871916
30.0,-0.0,19746250.0,50.065336024543925
30.01,-0.0,19746280.0,50.06574114711925
30.02,-0.0,19746310.0,50.06613991969845
30.03,-0.0,19746340.0,50.06653225697934
30.04,-0.0,19746370.0,50.06691807504093
30.05,-0.0,19746400.0,50.067297291458615
30.06,-0.0,19746420.0,50.06766982529713
30.07,-0.0,19746450.0,50.06803559706463
30.08,-0.0,19746480.0,50.06839452873447
30.09,-0.0,19746510.0,50.06874654385645
30.1,-0.0,19746530.0,50.069091567546394
30.11,-0.0,19746560.0,50.069429526438014
30.12,-0.0,19746580.0,50.06976034877788
30.13,-0.0,19746610.0,50.07008396443317
30.14,-0.0,19746630.0,50.07040030482553
30.15,-0.0,19746660.0,50.07070930296762
30.16,-0.0,19746680.0,50.07101089355385
30.17,-0.0,19746710.0,50.07130501296481
30.18,-0.0,19746730.0,50.071591599274065
30.19,-0.0,19746750.0,50.07187059225657
30.2,-0.0,19746780.0,50.07214193332191
30.21,-0.0,19746800.0,50.07240556554945
30.22,-0.0,19746820.0,50.07266143377759
30.23,-0.0,19746840.0,50.07290948460602
30.24,-0.0,19746860.0,50.0731496664005
30.25,-0.0,19746880.0,50.07338192922308
30.26,-0.0,19746910.0,50.073606224940214
30.27,-0.0,19746930.0,50.0738225072077
30.28,-0.0,19746950.0,50.074030731416705
30.29,-0.0,19746970.0,50.074230854782684
30.3,-0.0,19746990.0,50.074422836346486
30.31,-0.0,19747000.0,50.07460663690121
30.32,-0.0,19747020.0,50.0747822190974
30.33,-0.0,19747040.0,50.07494954742495
30.34,-0.0,19747060.0,50.075108588232034
30.35,-0.0,19747080.0,50.075259309709644
30.36,-0.0,19747100.0,50.07540168183606
30.37,-0.0,19747120.0,50.07553567646348
30.38,-0.0,19747130.0,50.075661267316164
30.39,-0.0,19747150.0,50.075778429914564
30.4,-0.0,19747170.0,50.07588714167714
30.41,-0.0,19747180.0,50.07598738189901
30.42,-0.0,19747200.0,50.07607913176745
30.43,-0.0,19747220.0,50.07616237434289
30.44,-0.0,19747240.0,50.076237094575596
30.45,-0.0,19747250.0,50.07630327928714
30.46,-0.0,19747270.0,50.076360917111316
30.47,-0.0,19747280.0,50.076409998576956
30.48,-0.0,19747300.0,50.076450516102234
30.49,-0.0,19747320.0,50.07648246406598
30.5,-0.0,19747330.0,50.076505838702346
30.51,-0.0,19747350.0,50.076520638043306
30.52,-0.0,19747370.0,50.07652686200188
30.53,-0.0,19747380.0,50.07652451236573
30.54,-0.0,19747400.0,50.07651359279181
30.55,-0.0,19747410.0,50.07649410880126
30.56,-0.0,19747430.0,50.07646606777414
30.57,-0.0,19747450.0,50.07642947894417
30.58,-0.0,19747460.0,50.07638435339319
30.59,-0.0,19747480.0,50.07633070404531
30.6,-0.0,19747490.0,50.07626854566085
30.61,-0.0,19747510.0,50.07619789482981
30.62,-0.0,19747530.0,50.076118769965106
30.63,-0.0,19747540.0,50.07603119137123
30.64,-0.0,19747560.0,50.075935181135236
30.65,-0.0,19747580.0,50.075830763065
30.66,-0.0,19747590.0,50.075717962843605
30.67,-0.0,19747610.0,50.0755968079167
30.68,-0.0,19747630.0,50.07546732750405
30.69,-0.0,19747650.0,50.075329552650416
30.7,-0.0,19747660.0,50.0751835161331
30.71,-0.0,19747680.0,50.075029252457384
30.72,-0.0,19747700.0,50.07486679784934
30.73,-0.0,19747720.0,50.07469619032362
30.74,-0.0,19747740.0,50.074517469572385
30.75,-0.0,19747760.0,50.0743306769772
30.76,-0.0,19747780.0,50.07413585565922
30.77,-0.0,19747800.0,50.07393305038582
30.78,-0.0,19747820.0,50.0737223075644
30.79,-0.0,19747840.0,50.07350367530975
30.8,-0.0,19747860.0,50.073277203408175
30.81,-0.0,19747880.0,50.07304294322683
30.82,-0.0,19747910.0,50.07280094770874
30.83,-0.0,19747930.0,50.072551271364865
30.84,-0.0,19747950.0,50.07229397033973
30.85,-0.0,19747980.0,50.07202910237448
30.86,-0.0,19748000.0,50.07175672671463
30.87,-0.0,19748030.0,50.07147690417977
30.88,-0.0,19748050.0,50.07118969712858
30.89,-0.0,19748080.0,50.07089516936798
30.9,-0.0,19748110.0,50.070593386223386
30.91,-0.0,19748130.0,50.070284414504144
30.92,-0.0,19748160.0,50.069968322412684
30.93,-0.0,19748190.0,50.06964517961477
30.94,-0.0,19748220.0,50.06931505720471
30.95,-0.0,19748250.0,50.068978027614165
30.96,-0.0,19748280.0,50.06863416468206
30.97,-0.0,19748320.0,50.06828354361937
30.98,-0.0,19748350.0,50.067926240993366
30.99,-0.0,19748380.0,50.06756233469568
31.0,-0.0,19748420.0,50.06719190392839
31.01,-0.0,19748460.0,50.06681502917327
31.02,-0.0,19748490.0,50.066431792178726
31.03,-0.0,19748530.0,50.06604227592945
31.04,-0.0,19748570.0,50.065646564633745
31.05,-0.0,19748610.0,50.06524474369343
31.06,-0.0,19748650.0,50.064836899691144
31.07,-0.0,19748700.0,50.06442312036034
31.08,-0.0,19748740.0,50.06400349457256
31.09,-0.0,19748790.0,50.06357811238329
31.1,-0.0,19748830.0,50.06314706491774
31.11,-0.0,19748880.0,50.06271044436248
31.12,-0.0,19748930.0,50.062268344013894
31.13,0.0,19748980.0,50.06182085816596
31.14,0.0,19749030.0,50.06136808210299
31.15,0.0,19749090.0,50.06091011214925
31.16,0.0,19749140.0,50.060447045633225
31.17,0.0,19749200.0,50.05997898077964
31.18,0.0,19749260.0,50.05950601670512
31.19,0.0,19749310.0,50.0590282533938
31.2,0.0,19749380.0,50.05854579176445
31.21,0.0,19749440.0,50.05805873361797
31.22,0.0,19749500.0,50.0575671815469
31.23,0.0,19749570.0,50.05707123899009
31.24,0.0,19749640.0,50.056571010200315
31.25,0.0,19749710.0,50.05606660021472
31.26,0.0,19749780.0,50.05555811475089
31.27,0.0,19749850.0,50.05504566020546
31.28,0.0,19749920.0,50.05452934378383
31.29,0.0,19750000.0,50.0540092733665
31.3,0.0,19750080.0,50.053485557425006
31.31,0.0,19750160.0,50.05295830508091
31.32,0.0,19750240.0,50.05242762600104
31.33,0.0,19750320.0,50.05189363047143
31.34,0.0,19750410.0,50.05135642942582
31.35,0.0,19750490.0,50.05081613425744
31.36,0.0,19750580.0,50.050272856897806
31.37,0.0,19750670.0,50.04972670977236
31.38,0.0,19750770.0,50.0491778057916
31.39,0.0,19750860.0,50.048626258308836
31.4,0.0,19750960.0,50.04807218103669
31.41,0.0,19751060.0,50.04751568818311
31.42,0.0,19751160.0,50.046956894321795
31.43,0.0,19751260.0,50.04639591431131
31.44,0.0,19751360.0,50.04583286335658
31.45,0.0,19751470.0,50.04526785698184
31.46,0.0,19751580.0,50.044701011005
31.47,0.0,19751690.0,50.044132441513014
31.48,0.0,19751800.0,50.04356226483759
31.49,0.0,19751910.0,50.04299059753144
31.5,0.0,19752030.0,50.04241755626888
31.51,0.0,19752150.0,50.0418432579238
31.52,0.0,19752270.0,50.04126781960127
31.53,0.0,19752390.0,50.04069135845186
31.54,0.0,19752510.0,50.04011399175222
31.55,0.0,19752630.0,50.03953583686277
31.56,0.0,19752760.0,50.03895701114415
31.57,0.0,19752890.0,50.038377632017806
31.58,0.0,19753020.0,50.0377978169384
31.59,0.0,19753150.0,50.03721768336802
31.6,0.0,19753280.0,50.0366373487515
31.61,0.0,19753420.0,50.03605693041654
31.62,0.0,19753560.0,50.035476545651406
31.63,0.0,19753690.0,50.03489631166074
31.64,0.0,19753830.0,50.03431634548103
31.65,0.0,19753980.0,50.03373676404045
31.66,0.0,19754120.0,50.03315768413087
31.67,0.0,19754260.0,50.03257922230605
31.68,0.0,19754410.0,50.032001494958045
31.69,0.0,19754560.0,50.031424618272254
31.7,0.0,19754710.0,50.030848708142294
31.71,0.0,19754860.0,50.03027388015365
31.72,0.0,19755010.0,50.02970024965677
31.73,0.0,19755170.0,50.02912793172006
31.74,0.0,19755320.0,50.028557040967435
31.75,0.0,19755480.0,50.02798769173813
31.76,0.0,19755640.0,50.027419998037004
31.77,0.0,19755800.0,50.02685407344644
31.78,0.0,19755960.0,50.02629003110781
31.79,0.0,19756120.0,50.02572798371728
31.8,0.0,19756280.0,50.02516804357917
31.81,0.0,19756450.0,50.02461032249774
31.82,0.0,19756610.0,50.02405493177379
31.83,0.0,19756780.0,50.02350198218224
31.84,0.0,19756950.0,50.022951583965494
31.85,0.0,19757120.0,50.02240384680897
31.86,0.0,19757290.0,50.021858879833125
31.87,0.0,19757460.0,50.02131679164411
31.88,0.0,19757630.0,50.020777690223895
31.89,0.0,19757800.0,50.020241682849495
31.9,0.0,19757980.0,50.01970887617102
31.91,0.0,19758150.0,50.019179376259395
31.92,0.0,19758330.0,50.018653288418754
31.93,0.0,19758500.0,50.01813071728159
31.94,0.0,19758680.0,50.017611766763906
31.95,0.0,19758860.0,50.01709653999552
31.96,0.0,19759040.0,50.01658513937755
31.97,0.0,19759220.0,50.01607766656847
31.98,0.0,19759400.0,50.01557422245511
31.99,0.0,19759580.0,50.01507490706517
32.0,0.0,19759760.0,50.01457981964105
32.01,0.0,19759940.0,50.014089058532605
32.02,0.0,19760120.0,50.01360272120964
32.03,0.0,19760300.0,50.0131209043139
32.04,0.0,19760490.0,50.0126437036414
32.05,0.0,19760670.0,50.01217121403473
32.06,0.0,19760850.0,50.011703529395135
32.07,0.0,19761040.0,50.011240742733875
32.08,0.0,19761220.0,50.01078294607848
32.09,0.0,19761400.0,50.01033023046586
32.1,0.0,19761590.0,50.00988268593337
32.11,0.0,19761770.0,50.009440401508364
32.12,0.0,19761960.0,50.009003465196564
32.13,0.0,19762140.0,50.00857196404609
32.14,0.0,19762330.0,50.00814598403367
32.15,0.0,19762510.0,50.007725609996356
32.16,0.0,19762690.0,50.007310925705525
32.17,0.0,19762880.0,50.0069020139272
32.18,0.0,19763060.0,50.00649895630609
32.19,0.0,19763250.0,50.00610183329588
32.2,0.0,19763430.0,50.005710724232245
32.21,0.0,19763610.0,50.005325707240324
32.22,0.0,19763800.0,50.00494685932069
32.23,0.0,19763980.0,50.004574256389624
32.24,0.0,19764160.0,50.00420797310174
32.25,0.0,19764350.0,50.003848082863165
32.26,0.0,19764530.0,50.003494657899154
32.27,0.0,19764710.0,50.00314776923448
32.28,0.0,19764890.0,50.00280748659978
32.29,0.0,19765070.0,50.00247387844033
32.3,0.0,19765250.0,50.00214701198091
32.31,0.0,19765430.0,50.001826953128116
32.32,0.0,19765610.0,50.00151376655258
32.33,0.0,19765780.0,50.001207515574876
32.34,0.0,19765960.0,50.0009082621886
32.35,0.0,19766140.0,50.000616067106904
32.36,0.0,19766310.0,50.000330989680464
32.37,0.0,19766490.0,50.00005308788625
32.38,0.0,19766660.0,49.99978241833096
32.39,0.0,19766830.0,49.99951903623619
32.4,0.0,19767010.0,49.99926299543981
32.41,0.0,19767180.0,49.999014348455674
32.42,0.0,19767350.0,49.998773146296784
32.43,0.0,19767520.0,49.998539438580394
32.44,0.0,19767680.0,49.998313273568904
32.45,0.0,19767850.0,49.998094698008266
32.46,0.0,19768020.0,49.997883757215575
32.47,0.0,19768180.0,49.997680495060166
32.48,0.0,19768340.0,49.99748495396205
32.49,0.0,19768510.0,49.99729717487425
32.5,0.0,19768670.0,49.997117197205945
32.51,0.0,19768830.0,49.99694505890627
32.52,0.0,19768980.0,49.99678079644318
32.53,0.0,19769140.0,49.99662444472439
32.54,0.0,19769300.0,49.99647603717994
32.55,0.0,19769450.0,49.99633560574002
32.56,0.0,19769600.0,49.996203180755536
32.57,0.0,19769750.0,49.99607879108022
32.58,0.0,19769900.0,49.9959624640485
32.59,0.0,19770050.0,49.99585422539601
32.6,0.0,19770200.0,49.99575409926588
32.61,0.0,19770340.0,49.99566210821187
32.62,0.0,19770490.0,49.995578273275356
32.63,0.0,19770630.0,49.99550261396011
32.64,0.0,19770770.0,49.995435148150854
32.65,0.0,19770910.0,49.995375892118254
32.66,0.0,19771040.0,49.995324860597464
32.67,0.0,19771180.0,49.995282066687736
32.68,0.0,19771310.0,49.99524752187315
32.69,0.0,19771440.0,49.99522123608357
32.7,0.0,19771570.0,49.99520321761094
32.71,0.0,19771700.0,49.99519347311307
32.72,0.0,19771830.0,49.99519200761553
32.73,0.0,19771950.0,49.995198824512535
32.74,0.0,19772080.0,49.99521392564284
32.75,0.0,19772200.0,49.99523731118842
32.76,0.0,19772310.0,49.995268979618515
32.77,0.0,19772430.0,49.99530892785207
32.78,0.0,19772550.0,49.99535715115341
32.79,0.0,19772660.0,49.99541364315097
32.8,0.0,19772770.0,49.995478395821706
32.81,0.0,19772880.0,49.99555139950835
32.82,0.0,19772990.0,49.99563264297917
32.83,0.0,19773090.0,49.99572211326797
32.84,0.0,19773200.0,49.99581979577975
32.85,0.0,19773300.0,49.9959256742729
32.86,0.0,19773400.0,49.99603973087582
32.87,0.0,19773490.0,49.996161946070224
32.88,0.0,19773590.0,49.996292298632575
32.89,0.0,19773680.0,49.99643076579521
32.9,0.0,19773770.0,49.996577323142176
32.91,0.0,19773860.0,49.99673194455289
32.92,0.0,19773950.0,49.99689460236503
32.93,0.0,19774030.0,49.9970652672717
32.94,0.0,19774110.0,49.997243908266405
32.95,0.0,19774190.0,49.99743049273096
32.96,0.0,19774270.0,49.99762498643497
32.97,0.0,19774350.0,49.99782735353664
32.98,0.0,19774420.0,49.998037556584784
32.99,0.0,19774490.0,49.99825555644535
33.0,0.0,19774560.0,49.99848131240594
33.01,0.0,19774630.0,49.998714782158345
33.02,0.0,19774690.0,49.998955921816915
33.03,0.0,19774750.0,49.999204685904374
33.04,0.0,19774810.0,49.99946102729637
33.05,0.0,19774870.0,49.999724897386045
33.06,0.0,19774930.0,49.99999624598369
33.07,0.0,19774980.0,50.00027502126466
33.08,0.0,19775030.0,50.00056116978461
33.09,0.0,19775080.0,50.00085463658341
33.1,0.0,19775130.0,50.001155365244486
33.11,0.0,19775180.0,50.00146329781357
33.12,0.0,19775220.0,50.001778374731366
33.13,0.0,19775260.0,50.00210053486745
33.14,0.0,19775300.0,50.00242971568495
33.15,0.0,19775340.0,50.002765853141206
33.16,0.0,19775370.0,50.003108881637736
33.17,0.0,19775400.0,50.00345873411346
33.18,0.0,19775430.0,50.00381534204985
33.19,0.0,19775460.0,50.004178635478226
33.2,0.0,19775490.0,50.00454854298807
33.21,0.0,19775510.0,50.00492499173649
33.22,0.0,19775530.0,50.00530790745844
33.23,0.0,19775550.0,50.00569721440166
33.24,0.0,19775570.0,50.006092835439354
33.25,0.0,19775580.0,50.00649469213687
33.26,0.0,19775600.0,50.006902704601465
33.27,0.0,19775610.0,50.00731679159863
33.28,0.0,19775620.0,50.00773687062174
33.29,0.0,19775620.0,50.00816285774386
33.3,0.0,19775630.0,50.00859466773622
33.31,0.0,19775630.0,50.00903221406345
33.32,-0.0,19775630.0,50.00947540891419
33.33,-0.0,19775630.0,50.00992416327436
33.34,-0.0,19775630.0,50.010378386782214
33.35,-0.0,19775630.0,50.01083798784944
33.36,-0.0,19775620.0,50.0113028737348
33.37,-0.0,19775610.0,50.01177295039978
33.38,-0.0,19775600.0,50.0122481226308
33.39,-0.0,19775590.0,50.01272829411357
33.4,-0.0,19775570.0,50.01321336736587
33.41,-0.0,19775560.0,50.01370324375933
33.42,-0.0,19775540.0,50.014197823616335
33.43,-0.0,19775520.0,50.01469700612944
33.44,-0.0,19775500.0,50.01520068932751
33.45,-0.0,19775480.0,50.01570877025916
33.46,-0.0,19775450.0,50.016221144985806
33.47,-0.0,19775430.0,50.01673770852156
33.48,-0.0,19775400.0,50.01725835486061
33.49,-0.0,19775370.0,50.01778297707876
33.5,-0.0,19775340.0,50.018311467256915
33.51,-0.0,19775310.0,50.0188437165268
33.52,-0.0,19775270.0,50.01937961515647
33.53,-0.0,19775240.0,50.01991905256784
33.54,-0.0,19775200.0,50.0204619172654
33.55,-0.0,19775160.0,50.02100809688531
33.56,-0.0,19775130.0,50.021557478359945
33.57,-0.0,19775080.0,50.02210994776078
33.58,-0.0,19775040.0,50.02266539035194
33.59,-0.0,19775000.0,50.02322369075727
33.6,-0.0,19774960.0,50.02378473288156
33.61,-0.0,19774910.0,50.02434839986476
33.62,-0.0,19774860.0,50.024914574120594
33.63,-0.0,19774810.0,50.02548313744746
33.64,-0.0,19774770.0,50.02605397111153
33.65,-0.0,19774720.0,50.02662695577317
33.66,-0.0,19774670.0,50.027201971520455
33.67,-0.0,19774610.0,50.027778897885646
33.68,-0.0,19774560.0,50.028357613878946
33.69,-0.0,19774510.0,50.028937998005254
33.7,-0.0,19774450.0,50.02951992829864
33.71,-0.0,19774400.0,50.03010328233978
33.72,-0.0,19774340.0,50.030687937290985
33.73,-0.0,19774290.0,50.031273769990115
33.74,-0.0,19774230.0,50.03186065696067
33.75,-0.0,19774170.0,50.03244847435094
33.76,-0.0,19774110.0,50.03303709797725
33.77,-0.0,19774060.0,50.03362640342384
33.78,-0.0,19774000.0,50.034216266057506
33.79,-0.0,19773940.0,50.0348065609702
33.8,-0.0,19773880.0,50.035397163101116
33.81,-0.0,19773820.0,50.03598794723763
33.82,-0.0,19773760.0,50.03657878797788
33.83,-0.0,19773700.0,50.03716955983779
33.84,-0.0,19773640.0,50.037760137271036
33.85,-0.0,19773580.0,50.03835039469157
33.86,-0.0,19773520.0,50.03894020649786
33.87,-0.0,19773460.0,50.03952944709844
33.88,-0.0,19773400.0,50.0401179908624
33.89,-0.0,19773340.0,50.040705712323486
33.9,-0.0,19773280.0,50.04129248616048
33.91,-0.0,19773220.0,50.041878187084365
33.92,-0.0,19773160.0,50.04246268995603
33.93,-0.0,19773100.0,50.04304586988967
33.94,-0.0,19773040.0,50.04362760217985
33.95,-0.0,19772980.0,50.04420776235232
33.96,-0.0,19772930.0,50.04478622625419
33.97,-0.0,19772870.0,50.04536287000132
33.98,-0.0,19772810.0,50.045937570089414
33.99,-0.0,19772750.0,50.046510203326086
34.0,-0.0,19772700.0,50.04708064688514
34.01,-0.0,19772640.0,50.04764877847509
34.02,-0.0,19772590.0,50.048214476187255
34.03,-0.0,19772530.0,50.04877761855422
34.04,-0.0,19772480.0,50.049338084645555
34.05,-0.0,19772430.0,50.04989575409476
34.06,-0.0,19772380.0,50.05045050711174
34.07,-0.0,19772320.0,50.051002224438776
34.08,-0.0,19772270.0,50.05155078746737
34.09,-0.0,19772220.0,50.052096078250116
34.1,-0.0,19772170.0,50.05263797945647
34.11,-0.0,19772130.0,50.053176374489375
34.12,-0.0,19772080.0,50.05371114749705
34.13,-0.0,19772030.0,50.054242183404185
34.14,-0.0,19771990.0,50.05476936792701
34.15,-0.0,19771940.0,50.055292587606615
34.16,-0.0,19771900.0,50.055811729825216
34.17,-0.0,19771850.0,50.05632668276454
34.18,-0.0,19771810.0,50.05683733552403
34.19,-0.0,19771770.0,50.05734357820896
34.2,-0.0,19771730.0,50.057845301860624
34.21,-0.0,19771690.0,50.05834239841749
34.22,-0.0,19771650.0,50.058834760834614
34.23,-0.0,19771620.0,50.059322283172556
34.24,-0.0,19771580.0,50.05980486052771
34.25,-0.0,19771550.0,50.06028238906899
34.26,-0.0,19771510.0,50.06075476605568
34.27,-0.0,19771480.0,50.0612218897962
34.28,-0.0,19771450.0,50.06168365976593
34.29,-0.0,19771420.0,50.062139976694354
34.3,-0.0,19771390.0,50.06259074249396
34.31,-0.0,19771360.0,50.06303586029524
34.32,-0.0,19771330.0,50.063475234462864
34.33,-0.0,19771310.0,50.063908770628615
34.34,-0.0,19771280.0,50.06433637578156
34.35,-0.0,19771260.0,50.064757958198356
34.36,-0.0,19771230.0,50.06517342740333
34.37,-0.0,19771210.0,50.065582694285716
34.38,-0.0,19771190.0,50.065985671185764
34.39,-0.0,19771170.0,50.06638227182183
34.4,-0.0,19771150.0,50.06677241132337
34.41,-0.0,19771140.0,50.067156006244836
34.42,-0.0,19771120.0,50.06753297459584
34.43,-0.0,19771100.0,50.067903235852995
34.44,-0.0,19771090.0,50.068266710988716
34.45,-0.0,19771080.0,50.068623322557414
34.46,-0.0,19771070.0,50.068972994621674
34.47,-0.0,19771050.0,50.0693156527081
34.48,-0.0,19771050.0,50.06965122399622
34.49,-0.0,19771040.0,50.069979637223014
34.5,-0.0,19771030.0,50.07030082272925
34.51,-0.0,19771020.0,50.070614712451224
34.52,-0.0,19771020.0,50.070921239964406
34.53,-0.0,19771010.0,50.07122034054912
34.54,-0.0,19771010.0,50.07151195105543
34.55,-0.0,19771010.0,50.07179601001525
34.56,-0.0,19771010.0,50.07207245772206
34.57,-0.0,19771010.0,50.072341236151175
34.58,-0.0,19771010.0,50.072602288985856
34.59,-0.0,19771010.0,50.07285556162364
34.6,-0.0,19771020.0,50.07310100119925
34.61,-0.0,19771020.0,50.073338556588666
34.62,-0.0,19771030.0,50.07356817843009
34.63,-0.0,19771030.0,50.07378981912659
34.64,-0.0,19771040.0,50.07400343286568
34.65,-0.0,19771050.0,50.07420897562063
34.66,-0.0,19771060.0,50.07440640516877
34.67,-0.0,19771070.0,50.07459568109171
34.68,-0.0,19771080.0,50.07477676479246
34.69,-0.0,19771090.0,50.0749496194946
34.7,-0.0,19771110.0,50.07511421025824
34.71,-0.0,19771120.0,50.07527050397812
34.72,-0.0,19771140.0,50.07541846939858
34.73,-0.0,19771150.0,50.075558077110536
34.74,-0.0,19771170.0,50.07568929956538
34.75,-0.0,19771190.0,50.075812111071
34.76,-0.0,19771210.0,50.075926487804566
34.77,-0.0,19771230.0,50.07603240780754
34.78,-0.0,19771250.0,50.07612985099746
34.79,-0.0,19771270.0,50.07621879916188
34.8,-0.0,19771290.0,50.076299235893515
34.81,-0.0,19771320.0,50.076371146684494
34.82,-0.0,19771340.0,50.07643451891417
34.83,-0.0,19771370.0,50.07648934185581
34.84,-0.0,19771390.0,50.07653560666584
34.85,-0.0,19771420.0,50.076573306390834
34.86,-0.0,19771450.0,50.076602435956886
34.87,-0.0,19771480.0,50.07662299210042
34.88,-0.0,19771510.0,50.07663497345843
34.89,-0.0,19771540.0,50.07663838055249
34.9,-0.0,19771570.0,50.07663321571564
34.91,-0.0,19771600.0,50.076619483179684
34.92,-0.0,19771630.0,50.07659718913211
34.93,-0.0,19771670.0,50.07656634153952
34.94,-0.0,19771700.0,50.07652695017891
34.95,-0.0,19771740.0,50.07647902677944
34.96,-0.0,19771770.0,50.076422584841666
34.97,-0.0,19771810.0,50.0763576396655
34.98,-0.0,19771840.0,50.07628420848975
34.99,-0.0,19771880.0,50.07620231030887
35.0,-0.0,19771920.0,50.07611196589921
35.01,-0.0,19771960.0,50.076013197956456
35.02,-0.0,19772000.0,50.07590603098677
35.03,-0.0,19772040.0,50.07579049122977
35.04,-0.0,19772080.0,50.0756666066652
35.05,-0.0,19772120.0,50.075534407014665
35.06,-0.0,19772160.0,50.07539392381615
35.07,-0.0,19772200.0,50.07524519039481
35.08,-0.0,19772250.0,50.075088241854104
35.09,-0.0,19772290.0,50.074923115050794
35.1,-0.0,19772330.0,50.07474984851255
35.11,-0.0,19772380.0,50.07456848244007
35.12,-0.0,19772420.0,50.07437905870474
35.13,-0.0,19772470.0,50.07418162091947
35.14,-0.0,19772510.0,50.07397621440628
35.15,-0.0,19772560.0,50.07376288610826
35.16,-0.0,19772610.0,50.07354168466303
35.17,-0.0,19772650.0,50.073312660295436
35.18,-0.0,19772700.0,50.07307586483143
35.19,-0.0,19772750.0,50.072831351749336
35.2,-0.0,19772800.0,50.07257917616271
35.21,-0.0,19772850.0,50.07231939471294
35.22,-0.0,19772900.0,50.07205206558199
35.23,-0.0,19772950.0,50.07177724854285
35.24,-0.0,19773000.0,50.0714950048654
35.25,-0.0,19773050.0,50.071205397309114
35.26,-0.0,19773100.0,50.070908490188614
35.27,-0.0,19773150.0,50.07060434926033
35.28,-0.0,19773200.0,50.07029304173104
35.29,-0.0,19773250.0,50.06997463630461
35.3,-0.0,19773310.0,50.06964920308484
35.31,-0.0,19773360.0,50.06931681356546
35.32,-0.0,19773410.0,50.068977540693105
35.33,-0.0,19773460.0,50.06863145875195
35.34,-0.0,19773520.0,50.06827864336992
35.35,-0.0,19773570.0,50.067919171563666
35.36,-0.0,19773620.0,50.06755312156377
35.37,-0.0,19773680.0,50.06718057290415
35.38,-0.0,19773730.0,50.0668016065376
35.39,-0.0,19773790.0,50.06641630463206
35.4,-0.0,19773840.0,50.06602475050186
35.41,-0.0,19773900.0,50.065627028678264
35.42,-0.0,19773950.0,50.06522322496516
35.43,-0.0,19774010.0,50.064813426318146
35.44,-0.0,19774060.0,50.06439772084631
35.45,-0.0,19774120.0,50.06397619785338
35.46,-0.0,19774170.0,50.06354894765964
35.47,-0.0,19774230.0,50.063116061688326
35.48,-0.0,19774280.0,50.06267763250284
35.49,-0.0,19774340.0,50.062233753701754
35.5,0.0,19774400.0,50.06178451990204
35.51,0.0,19774450.0,50.06133002672052
35.52,0.0,19774510.0,50.06087037075449
35.53,0.0,19774560.0,50.06040564956141
35.54,0.0,19774620.0,50.05993596163827
35.55,0.0,19774680.0,50.05946140640036
35.56,0.0,19774730.0,50.05898208415994
35.57,0.0,19774790.0,50.05849809618016
35.58,0.0,19774850.0,50.05800954455201
35.59,0.0,19774900.0,50.05751653211781
35.6,0.0,19774960.0,50.05701916253575
35.61,0.0,19775010.0,50.05651754025501
35.62,0.0,19775070.0,50.056011770491715
35.63,0.0,19775130.0,50.05550195928132
35.64,0.0,19775180.0,50.054988213353866
35.65,0.0,19775240.0,50.05447064005637
35.66,0.0,19775300.0,50.053949347416314
35.67,0.0,19775350.0,50.05342444411603
35.68,0.0,19775410.0,50.05289603946809
35.69,0.0,19775460.0,50.05236424339107
35.7,0.0,19775520.0,50.05182916638569
35.71,0.0,19775580.0,50.05129091951102
35.72,0.0,19775630.0,50.05074961436088
35.73,0.0,19775690.0,50.05020536304029
35.74,0.0,19775740.0,50.049658278141806
35.75,0.0,19775800.0,50.04910847264637
35.76,0.0,19775850.0,50.048556060000834
35.77,0.0,19775910.0,50.048001154149155
35.78,0.0,19775960.0,50.04744386934612
35.79,0.0,19776020.0,50.04688432023753
35.8,0.0,19776070.0,50.04632262181686
35.81,0.0,19776130.0,50.04575888941702
35.82,0.0,19776180.0,50.04519323866874
35.83,0.0,19776240.0,50.044625785493345
35.84,0.0,19776290.0,50.0440566460618
35.85,0.0,19776350.0,50.04348593671211
35.86,0.0,19776400.0,50.04291377400989
35.87,0.0,19776460.0,50.0423402747207
35.88,0.0,19776510.0,50.04176555578397
35.89,0.0,19776560.0,50.04118973428795
35.9,0.0,19776620.0,50.04061292744518
35.91,0.0,19776670.0,50.04003525256857
35.92,0.0,19776730.0,50.03945682704766
35.93,0.0,19776780.0,50.03887776824947
35.94,0.0,19776830.0,50.03829819359639
35.95,0.0,19776880.0,50.03771822052209
35.96,0.0,19776940.0,50.03713796646287
35.97,0.0,19776990.0,50.0365575488162
35.98,0.0,19777040.0,50.03597708493371
35.99,0.0,19777100.0,50.035396692080894
36.0,0.0,19777150.0,50.03481648735503
36.01,0.0,19777200.0,50.03423658774664
36.02,0.0,19777250.0,50.03365711011274
36.03,0.0,19777300.0,50.03307817115184
36.04,0.0,19777360.0,50.032499887379835
36.05,0.0,19777410.0,50.03192237510665
36.06,0.0,19777460.0,50.03134575041355
36.07,0.0,19777510.0,50.03077012905458
36.08,0.0,19777560.0,50.03019562653574
36.09,0.0,19777610.0,50.0296223581479
36.1,0.0,19777660.0,50.029050438782185
36.11,0.0,19777720.0,50.02847998301224
36.12,0.0,19777770.0,50.02791110505302
36.13,0.0,19777820.0,50.02734391875495
36.14,0.0,19777870.0,50.02677853756477
36.15,0.0,19777920.0,50.026215074444934
36.16,0.0,19777970.0,50.02565364201236
36.17,0.0,19778020.0,50.02509435241239
36.18,0.0,19778070.0,50.02453731731627
36.19,0.0,19778120.0,50.023982647884935
36.2,0.0,19778170.0,50.0234304546901
36.21,0.0,19778220.0,50.022880847778914
36.22,0.0,19778270.0,50.02233393672621
36.23,0.0,19778320.0,50.021789830511274
36.24,0.0,19778370.0,50.02124863744166
36.25,0.0,19778430.0,50.02071046529565
36.26,0.0,19778480.0,50.02017542119884
36.27,0.0,19778530.0,50.019643611624176
36.28,0.0,19778580.0,50.019115142357684
36.29,0.0,19778630.0,50.01859011849766
36.3,0.0,19778680.0,50.01806864442001
36.31,0.0,19778730.0,50.01755082377733
36.32,0.0,19778780.0,50.01703675954029
36.33,0.0,19778840.0,50.0165265538958
36.34,0.0,19778890.0,50.01602030823368
36.35,0.0,19778940.0,50.015518123131955
36.36,0.0,19778990.0,50.01502009834161
36.37,0.0,19779050.0,50.0145263328469
36.38,0.0,19779100.0,50.014036924748396
36.39,0.0,19779150.0,50.013551971268086
36.4,0.0,19779210.0,50.013071568795375
36.41,0.0,19779260.0,50.01259581278884
36.42,0.0,19779310.0,50.012124797766056
36.43,0.0,19779370.0,50.0116586172918
36.44,0.0,19779420.0,50.01119736404117
36.45,0.0,19779480.0,50.010741129761286
36.46,0.0,19779540.0,50.0102900051775
36.47,0.0,19779590.0,50.009844079986564
36.48,0.0,19779650.0,50.00940344292335
36.49,0.0,19779710.0,50.008968181725336
36.5,0.0,19779770.0,50.008538383041135
36.51,0.0,19779820.0,50.008114132425575
36.52,0.0,19779880.0,50.00769551440808
36.53,0.0,19779940.0,50.00728261245872
36.54,0.0,19780000.0,50.006875508897984
36.55,0.0,19780060.0,50.00647428489322
36.56,0.0,19780130.0,50.00607902052804
36.57,0.0,19780190.0,50.0056897947695
36.58,0.0,19780250.0,50.005306685454954
36.59,0.0,19780320.0,50.00492976926421
36.6,0.0,19780380.0,50.00455912163404
36.61,0.0,19780440.0,50.00419481675803
36.62,0.0,19780510.0,50.00383692765909
36.63,0.0,19780580.0,50.00348552615902
36.64,0.0,19780640.0,50.00314068286754
36.65,0.0,19780710.0,50.00280246715639
36.66,0.0,19780780.0,50.00247094707548
36.67,0.0,19780850.0,50.00214618943034
36.68,0.0,19780920.0,50.001828259679094
36.69,0.0,19780990.0,50.00151722202526
36.7,0.0,19781060.0,50.00121313937327
36.71,0.0,19781130.0,50.000916073260406
36.72,0.0,19781210.0,50.00062608399332
36.73,0.0,19781280.0,50.00034323046067
36.74,0.0,19781350.0,50.000067570154485
36.75,0.0,19781430.0,49.99979915930574
36.76,0.0,19781500.0,49.999538052697
36.77,0.0,19781580.0,49.999284303683794
36.78,0.0,19781660.0,49.99903796433049
36.79,0.0,19781730.0,49.998799085223226
36.8,0.0,19781810.0,49.99856771549162
36.81,0.0,19781890.0,49.99834390286914
36.82,0.0,19781970.0,49.99812769368347
36.83,0.0,19782050.0,49.997919132832855
36.84,0.0,19782130.0,49.99771826370462
36.85,0.0,19782210.0,49.99752512817948
36.86,0.0,19782290.0,49.9973397667084
36.87,0.0,19782370.0,49.9971622182864
36.88,0.0,19782450.0,49.996992520370036
36.89,0.0,19782540.0,49.99683070895677
36.9,0.0,19782620.0,49.996676818560566
36.91,0.0,19782710.0,49.99653088213066
36.92,0.0,19782790.0,49.99639293105617
36.93,0.0,19782870.0,49.996262995167456
36.94,0.0,19782960.0,49.99614110281204
36.95,0.0,19783050.0,49.99602728082785
36.96,0.0,19783130.0,49.99592155446075
36.97,0.0,19783220.0,49.99582394736845
36.98,0.0,19783300.0,49.995734481621774
36.99,0.0,19783390.0,49.99565317778041
37.0,0.0,19783480.0,49.99558005479068
37.01,0.0,19783570.0,49.99551513000433
37.02,0.0,19783650.0,49.99545841923821
37.03,0.0,19783740.0,49.99540993668926
37.04,0.0,19783830.0,49.99536969493714
37.05,0.0,19783920.0,49.99533770494517
37.06,0.0,19784010.0,49.99531397613608
37.07,0.0,19784100.0,49.99529851629016
37.08,0.0,19784190.0,49.99529133156484
37.09,0.0,19784270.0,49.99529242647916
37.1,0.0,19784360.0,49.995301803854886
37.11,0.0,19784450.0,49.99531946497638
37.12,0.0,19784540.0,49.995345409560855
37.13,0.0,19784630.0,49.995379635598574
37.14,0.0,19784720.0,49.99542213945804
37.15,0.0,19784810.0,49.99547291586745
37.16,0.0,19784900.0,49.995531957854155
37.17,0.0,19784990.0,49.99559925690381
37.18,0.0,19785070.0,49.99567480285443
37.19,0.0,19785160.0,49.99575858383803
37.2,0.0,19785250.0,49.99585058636523
37.21,0.0,19785340.0,49.99595079532148
37.22,0.0,19785430.0,49.9960591939647
37.23,0.0,19785510.0,49.99617576392386
37.24,0.0,19785600.0,49.99630048519827
37.25,0.0,19785690.0,49.99643333608146
37.26,0.0,19785780.0,49.996574293262455
37.27,0.0,19785860.0,49.99672333180561
37.28,0.0,19785950.0,49.99688042508967
37.29,0.0,19786030.0,49.997045544815634
37.3,0.0,19786120.0,49.99721866110385
37.31,0.0,19786200.0,49.99739974247128
37.32,0.0,19786290.0,49.997588755769165
37.33,0.0,19786370.0,49.99778566626598
37.34,0.0,19786450.0,49.99799043756722
37.35,0.0,19786540.0,49.99820303171469
37.36,0.0,19786620.0,49.99842340916534
37.37,0.0,19786700.0,49.998651528654584
37.38,0.0,19786780.0,49.99888734738159
37.39,0.0,19786860.0,49.999130820985364
37.4,0.0,19786940.0,49.999381903406636
37.41,0.0,19787020.0,49.999640546996446
37.42,0.0,19787090.0,49.999906702592995
37.43,0.0,19787170.0,50.00018031951413
37.44,0.0,19787250.0,50.000461345478264
37.45,0.0,19787320.0,50.00074972662885
37.46,0.0,19787400.0,50.00104540753993
37.47,0.0,19787470.0,50.001348331237196
37.48,0.0,19787550.0,50.00165843927735
37.49,0.0,19787620.0,50.001975671666855
37.5,0.0,19787690.0,50.00229996680995
37.51,0.0,19787760.0,50.00263126161505
37.52,0.0,19787830.0,50.00296949157098
37.53,0.0,19787900.0,50.00331459066414
37.54,0.0,19787960.0,50.00366649140145
37.55,0.0,19788030.0,50.00402512481554
37.56,0.0,19788090.0,50.00439042041046
37.57,0.0,19788160.0,50.004762306267125
37.58,0.0,19788220.0,50.00514070911949
37.59,0.0,19788280.0,50.00552555427203
37.6,0.0,19788340.0,50.005916765547674
37.61,0.0,19788400.0,50.00631426539515
37.62,0.0,19788460.0,50.00671797496633
37.63,0.0,19788520.0,50.007127813959364
37.64,0.0,19788580.0,50.007543700669046
37.65,0.0,19788630.0,50.007965552149955
37.66,0.0,19788690.0,50.00839328413246
37.67,0.0,19788740.0,50.008826810970305
37.68,0.0,19788790.0,50.009266045748404
37.69,-0.0,19788840.0,50.00971090028528
37.7,-0.0,19788890.0,50.01016128507847
37.71,-0.0,19788940.0,50.01061710941105
37.72,-0.0,19788980.0,50.01107828135355
37.73,-0.0,19789030.0,50.01154470770932
37.74,-0.0,19789070.0,50.01201629412117
37.75,-0.0,19789110.0,50.012492945073625
37.76,-0.0,19789150.0,50.012974563838796
37.77,-0.0,19789190.0,50.01346105258355
37.78,-0.0,19789230.0,50.01395231237253
37.79,-0.0,19789270.0,50.014448243114664
37.8,-0.0,19789300.0,50.01494874367105
37.81,-0.0,19789340.0,50.01545371185886
37.82,-0.0,19789370.0,50.01596304439857
37.83,-0.0,19789400.0,50.016476636947004
37.84,-0.0,19789430.0,50.016994384202974
37.85,-0.0,19789460.0,50.01751617990995
37.86,-0.0,19789480.0,50.01804191680299
37.87,-0.0,19789510.0,50.0185714866418
37.88,-0.0,19789530.0,50.01910478031668
37.89,-0.0,19789550.0,50.019641687851625
37.9,-0.0,19789570.0,50.02018209835193
37.91,-0.0,19789590.0,50.02072590003793
37.92,-0.0,19789610.0,50.02127298035185
37.93,-0.0,19789620.0,50.02182322596157
37.94,-0.0,19789640.0,50.02237652270919
37.95,-0.0,19789650.0,50.02293275564579
37.96,-0.0,19789660.0,50.02349180906316
37.97,-0.0,19789670.0,50.02405356659985
37.98,-0.0,19789680.0,50.024617911244874
37.99,-0.0,19789680.0,50.025184725286444
38.0,-0.0,19789690.0,50.02575389042288
38.01,-0.0,19789690.0,50.02632528769394
38.02,-0.0,19789690.0,50.026898797533235
38.03,-0.0,19789690.0,50.02747429985946
38.04,-0.0,19789690.0,50.028051674023786
38.05,-0.0,19789690.0,50.0286307988444
38.06,-0.0,19789680.0,50.02921155271477
38.07,-0.0,19789680.0,50.02979381360936
38.08,-0.0,19789670.0,50.030377459034405
38.09,-0.0,19789660.0,50.030962366064855
38.1,-0.0,19789650.0,50.03154841137882
38.11,-0.0,19789640.0,50.03213547136575
38.12,-0.0,19789620.0,50.0327234221327
38.13,-0.0,19789610.0,50.033312139455624
38.14,-0.0,19789590.0,50.03390149881694
38.15,-0.0,19789570.0,50.03449137544048
38.16,-0.0,19789550.0,50.035081644400435
38.17,-0.0,19789530.0,50.03567218062807
38.18,-0.0,19789500.0,50.036262858863665
38.19,-0.0,19789480.0,50.03685355369474
38.2,-0.0,19789450.0,50.037444139591436
38.21,-0.0,19789420.0,50.038034491016056
38.22,-0.0,19789390.0,50.03862448243024
38.23,-0.0,19789360.0,50.03921398824732
38.24,-0.0,19789320.0,50.039802882871086
38.25,-0.0,19789290.0,50.040391040807194
38.26,-0.0,19789250.0,50.040978336671806
38.27,-0.0,19789220.0,50.041564645145144
38.28,-0.0,19789180.0,50.0421498410109
38.29,-0.0,19789140.0,50.04273379926843
38.3,-0.0,19789090.0,50.043316395066206
38.31,-0.0,19789050.0,50.04389750375688
38.32,-0.0,19789000.0,50.04447700106675
38.33,-0.0,19788960.0,50.045054762944474
38.34,-0.0,19788910.0,50.045630665620045
38.35,-0.0,19788860.0,50.04620458570087
38.36,-0.0,19788810.0,50.04677640012329
38.37,-0.0,19788750.0,50.047345986266656
38.38,-0.0,19788700.0,50.047913221963405
38.39,-0.0,19788640.0,50.04847798545353
38.4,-0.0,19788590.0,50.04904015550047
38.41,-0.0,19788530.0,50.049599611402165
38.42,-0.0,19788470.0,50.05015623294642
38.43,-0.0,19788410.0,50.05070990045145
38.44,-0.0,19788350.0,50.051260494878555
38.45,-0.0,19788280.0,50.051807897841385
38.46,-0.0,19788220.0,50.05235199163543
38.47,-0.0,19788150.0,50.052892659251945
38.48,-0.0,19788080.0,50.05342978433449
38.49,-0.0,19788020.0,50.05396325129594
38.5,-0.0,19787950.0,50.054492945330196
38.51,-0.0,19787870.0,50.05501875236755
38.52,-0.0,19787800.0,50.0555405591908
38.53,-0.0,19787730.0,50.05605825352176
38.54,-0.0,19787650.0,50.05657172387481
38.55,-0.0,19787580.0,50.05708085961843
38.56,-0.0,19787500.0,50.05758555114795
38.57,-0.0,19787420.0,50.05808568981149
38.58,-0.0,19787350.0,50.05858116794397
38.59,-0.0,19787270.0,50.05907187888315
38.6,-0.0,19787180.0,50.05955771692736
38.61,-0.0,19787100.0,50.06003857745244
38.62,-0.0,19787020.0,50.06051435699865
38.63,-0.0,19786940.0,50.06098495319937
38.64,-0.0,19786850.0,50.061450264740635
38.65,-0.0,19786770.0,50.06191019155458
38.66,-0.0,19786680.0,50.06236463472933
38.67,-0.0,19786590.0,50.06281349656082
38.68,-0.0,19786500.0,50.063256680626544
38.69,-0.0,19786410.0,50.06369409165854
38.7,-0.0,19786320.0,50.06412563566346
38.71,-0.0,19786230.0,50.064551220010536
38.72,-0.0,19786140.0,50.064970753360384
38.73,-0.0,19786050.0,50.065384145775205
38.74,-0.0,19785960.0,50.065791308632626
38.75,-0.0,19785870.0,50.0661921546793
38.76,-0.0,19785770.0,50.06658659810507
38.77,-0.0,19785680.0,50.06697455449125
38.78,-0.0,19785580.0,50.0673559409042
38.79,-0.0,19785490.0,50.067730675826795
38.8,-0.0,19785390.0,50.068098679194286
38.81,-0.0,19785300.0,50.068459872485285
38.82,-0.0,19785200.0,50.06881417872727
38.83,-0.0,19785100.0,50.06916152250515
38.84,-0.0,19785010.0,50.069501829896026
38.85,-0.0,19784910.0,50.06983502858202
38.86,-0.0,19784810.0,50.07016104784044
38.87,-0.0,19784710.0,50.070479818495464
38.88,-0.0,19784620.0,50.07079127301265
38.89,-0.0,19784520.0,50.071095345581696
38.9,-0.0,19784420.0,50.07139197202387
38.91,-0.0,19784320.0,50.071681089748424
38.92,-0.0,19784230.0,50.071962637849566
38.93,-0.0,19784130.0,50.072236557114834
38.94,-0.0,19784030.0,50.0725027900344
38.95,-0.0,19783930.0,50.07276128081104
38.96,-0.0,19783830.0,50.07301197537021
38.97,-0.0,19783740.0,50.07325482144564
38.98,-0.0,19783640.0,50.073489768488024
38.99,-0.0,19783540.0,50.07371676769679
39.0,-0.0,19783450.0,50.07393577209047
39.01,-0.0,19783350.0,50.07414673643416
39.02,-0.0,19783260.0,50.074349617254384
39.03,-0.0,19783160.0,50.074544372927186
39.04,-0.0,19783070.0,50.07473096366352
39.05,-0.0,19782970.0,50.07490935143991
39.06,-0.0,19782880.0,50.075079500090524
39.07,-0.0,19782790.0,50.07524137529459
39.08,-0.0,19782700.0,50.07539494450843
39.09,-0.0,19782610.0,50.07554017705781
39.1,-0.0,19782520.0,50.07567704412582
39.11,-0.0,19782430.0,50.07580551868448
39.12,-0.0,19782340.0,50.07592557558692
39.13,-0.0,19782250.0,50.076037191630206
39.14,-0.0,19782170.0,50.076140345460644
39.15,-0.0,19782080.0,50.07623501751021
39.16,-0.0,19782000.0,50.076321190091434
39.17,-0.0,19781920.0,50.07639884746163
39.18,-0.0,19781830.0,50.07646797572877
39.19,-0.0,19781750.0,50.07652856286368
39.2,-0.0,19781680.0,50.07658059876895
39.21,-0.0,19781600.0,50.076624075187524
39.22,-0.0,19781520.0,50.07665898571643
39.23,-0.0,19781450.0,50.07668532580068
39.24,-0.0,19781370.0,50.07670309274368
39.25,-0.0,19781300.0,50.07671228577434
39.26,-0.0,19781230.0,50.07671290602986
39.27,-0.0,19781160.0,50.076704956466656
39.28,-0.0,19781090.0,50.07668844195013
39.29,-0.0,19781030.0,50.076663369223105
39.3,-0.0,19780960.0,50.07662974675989
39.31,-0.0,19780900.0,50.07658758494122
39.32,-0.0,19780840.0,50.07653689601823
39.33,-0.0,19780780.0,50.07647769411536
39.34,-0.0,19780720.0,50.076409995200166
39.35,-0.0,19780670.0,50.07633381701376
39.36,-0.0,19780610.0,50.076249179068185
39.37,-0.0,19780560.0,50.07615610273311
39.38,-0.0,19780510.0,50.07605461127663
39.39,-0.0,19780460.0,50.075944729691045
39.4,-0.0,19780410.0,50.07582648470955
39.41,-0.0,19780370.0,50.075699904951534
39.42,-0.0,19780320.0,50.07556502080385
39.43,-0.0,19780280.0,50.075421864351846
39.44,-0.0,19780240.0,50.075270469451816
39.45,-0.0,19780200.0,50.075110871715076
39.46,-0.0,19780170.0,50.07494310849341
39.47,-0.0,19780130.0,50.074767218865105
39.48,-0.0,19780100.0,50.074583243545675
39.49,-0.0,19780070.0,50.074391224975656
39.5,-0.0,19780040.0,50.07419120736086
39.51,-0.0,19780010.0,50.073983236496424
39.52,-0.0,19779990.0,50.07376735985676
39.53,-0.0,19779960.0,50.073543626561154
39.54,-0.0,19779940.0,50.073312087375086
39.55,-0.0,19779920.0,50.07307279467702
39.56,-0.0,19779910.0,50.07282580238442
39.57,-0.0,19779890.0,50.07257116602193
39.58,-0.0,19779880.0,50.072308942776885
39.59,-0.0,19779870.0,50.07203919137925
39.6,-0.0,19779860.0,50.071761972029584
39.61,-0.0,19779850.0,50.07147734646797
39.62,-0.0,19779840.0,50.071185377953974
39.63,-0.0,19779840.0,50.07088613124754
39.64,-0.0,19779840.0,50.07057967259046
39.65,-0.0,19779840.0,50.07026606968802
39.66,-0.0,19779840.0,50.0699453916148
39.67,-0.0,19779840.0,50.06961770889758
39.68,-0.0,19779850.0,50.069283093550744
39.69,-0.0,19779850.0,50.06894161889521
39.7,-0.0,19779860.0,50.068593359643266
39.71,-0.0,19779870.0,50.068238391859246
39.72,-0.0,19779880.0,50.067876792880014
39.73,-0.0,19779900.0,50.06750864137817
39.74,-0.0,19779910.0,50.06713401733707
39.75,-0.0,19779930.0,50.06675300202762
39.76,-0.0,19779950.0,50.06636567798566
39.77,-0.0,19779970.0,50.065972128990055
39.78,-0.0,19780000.0,50.065572439965145
39.79,-0.0,19780020.0,50.06516669706033
39.8,-0.0,19780050.0,50.06475498760686
39.81,-0.0,19780080.0,50.064337400035086
39.82,-0.0,19780110.0,50.06391402393465
39.83,-0.0,19780140.0,50.063484950027245
39.84,-0.0,19780170.0,50.06305027006509
39.85,-0.0,19780210.0,50.06261007690752
39.86,0.0,19780240.0,50.06216446447542
39.87,0.0,19780280.0,50.061713527666306
39.88,0.0,19780320.0,50.06125736241284
39.89,0.0,19780360.0,50.06079606557814
39.9,0.0,19780400.0,50.06032973495424
39.91,0.0,19780450.0,50.05985846939143
39.92,0.0,19780490.0,50.059382368589176
39.93,0.0,19780540.0,50.05890153311356
39.94,0.0,19780590.0,50.05841606443475
39.95,0.0,19780640.0,50.057926064836586
39.96,0.0,19780690.0,50.057431637471424
39.97,0.0,19780740.0,50.05693288625219
39.98,0.0,19780800.0,50.05642991592422
39.99,0.0,19780850.0,50.05592283193986
40.0,0.0,19780910.0,50.05541174047144
40.0,0.0,19780910.0,50.05541174047144
