t_rosco,torque_offset_nm,gen_tq_meas_nm,f_grid_hz
0.0,0.0,0.0,50.0
0.0,0.0,0.0,50.0
0.0,0.0,0.0,50.0
0.01,-0.0,19786770.0,50.00038926170256
0.02,-0.0,19786770.0,50.000808392159946
0.03,-0.0,19786770.0,50.00133225309409
0.04,-0.0,19786780.0,50.00193631593043
0.05,-0.0,19786780.0,50.00193631593043
0.06,-0.0,19786800.0,50.00331005314389
0.07,-0.0,19786810.0,50.00331005314389
0.08,-0.0,19786830.0,50.00481102911765
0.09,-0.0,19786860.0,50.005582350365216
0.1,-0.0,19786890.0,50.006356352640665
0.11,-0.0,19786930.0,50.00712607061894
0.12,-0.0,19786970.0,50.00788545990348
0.13,-0.0,19787020.0,50.00862926308501
0.14,-0.0,19787080.0,50.009352910658265
0.15,-0.0,19787140.0,50.01005244720464
0.16,-0.0,19787220.0,50.01072447582152
0.17,-0.0,19787300.0,50.01072447582152
0.18,-0.0,19787390.0,50.01197497602977
0.19,-0.0,19787490.0,50.01197497602977
0.2,-0.0,19787600.0,50.01254910355117
0.21,-0.0,19787720.0,50.01308699183029
0.22,-0.0,19787850.0,50.013587537786066
0.23,-0.0,19787990.0,50.01405003024529
0.24,-0.0,19788140.0,50.01447413154351
0.25,-0.0,19788310.0,50.014859859382476
0.26,-0.0,19788480.0,50.01520756856337
0.27,-0.0,19788670.0,50.01551793224426
0.28,-0.0,19788870.0,50.01579192245161
0.29,-0.0,19789090.0,50.016030789788125
0.3,-0.0,19789320.0,50.01623604251327
0.31,-0.0,19789560.0,50.01640942481348
0.32,-0.0,19789810.0,50.01655289417967
0.33,-0.0,19790080.0,50.016668598311206
0.34,-0.0,19790370.0,50.01675885149981
0.35,-0.0,19790670.0,50.01682611026542
0.36,-0.0,19790980.0,50.01687294898648
0.37,-0.0,19791310.0,50.0169020353198
0.38,-0.0,19791660.0,50.01691610549959
0.39,-0.0,19792020.0,50.016917939942765
0.4,-0.0,19792400.0,50.01691033915658
0.41,-0.0,19792790.0,50.01689609993697
0.42,-0.0,19793210.0,50.016877992304146
0.43,-0.0,19793640.0,50.01685873731228
0.44,-0.0,19794080.0,50.016840985508345
0.45,-0.0,19794550.0,50.016827296524745
0.46,-0.0,19795030.0,50.01682011987902
0.47,-0.0,19795530.0,50.016821776952455
0.48,-0.0,19796050.0,50.016834444418144
0.49,-0.0,19796580.0,50.01686013896283
0.5,-0.0,19797140.0,50.016900703689245
0.51,-0.0,19797710.0,50.01695779619627
0.52,-0.0,19798310.0,50.01703287829744
0.53,-0.0,19798920.0,50.01712720756697
0.54,-0.0,19799550.0,50.01724183054047
0.55,-0.0,19800210.0,50.01737757786924
0.56,-0.0,19800880.0,50.01753506140088
0.57,-0.0,19801570.0,50.01771467305131
0.58,-0.0,19802280.0,50.017916585548974
0.59,-0.0,19803010.0,50.018140755025776
0.6,-0.0,19803770.0,50.01838692541426
0.61,-0.0,19804540.0,50.01865463466928
0.62,-0.0,19805330.0,50.01894322256396
0.63,-0.0,19806150.0,50.01925184001613
0.64,-0.0,19806980.0,50.019579460055084
0.65,-0.0,19807840.0,50.01992489011724
0.66,-0.0,19808720.0,50.02028678540685
0.67,-0.0,19809620.0,50.02066366343666
0.68,-0.0,19810540.0,50.02105391946622
0.69,-0.0,19811480.0,50.0214558427056
0.7,-0.0,19812450.0,50.021867633153086
0.71,-0.0,19813430.0,50.022287418749166
0.72,-0.0,19814440.0,50.022713272682196
0.73,-0.0,19815470.0,50.02314323092128
0.74,-0.0,19816520.0,50.023575309507365
0.75,-0.0,19817590.0,50.02400752152059
0.76,-0.0,19818690.0,50.02443789382828
0.77,-0.0,19819800.0,50.0248644829888
0.78,-0.0,19820940.0,50.02528539056888
0.79,-0.0,19822100.0,50.02569877760096
0.8,-0.0,19823290.0,50.02610287814877
0.81,-0.0,19824490.0,50.026496011829245
0.82,-0.0,19825720.0,50.026876595290034
0.83,-0.0,19826970.0,50.02724315259807
0.84,-0.0,19828240.0,50.02759432431721
0.85,-0.0,19829540.0,50.02792887555738
0.86,-0.0,19830850.0,50.028245702643005
0.87,-0.0,19832190.0,50.028543838624316
0.88,-0.0,19833550.0,50.028822457812915
0.89,-0.0,19834940.0,50.0290808789536
0.9,-0.0,19836340.0,50.029318567194835
0.91,-0.0,19837770.0,50.02953513502854
0.92,-0.0,19839220.0,50.02973034222076
0.93,-0.0,19840690.0,50.02990409451883
0.94,-0.0,19842190.0,50.03005644147396
0.95,-0.0,19843710.0,50.03018757333746
0.96,-0.0,19845250.0,50.03029781681379
0.97,-0.0,19846810.0,50.03038763019556
0.98,-0.0,19848390.0,50.03045759768756
0.99,-0.0,19850000.0,50.03050842261902
1.0,-0.0,19851630.0,50.03054092004453
1.01,-0.0,19853280.0,50.030556008788075
1.02,-0.0,19854950.0,50.030554702754294
1.03,-0.0,19856650.0,50.03053810173037
1.04,-0.0,19858360.0,50.03050738148851
1.05,-0.0,19860100.0,50.03046378347936
1.06,-0.0,19861860.0,50.030408604284496
1.07,-0.0,19863640.0,50.03034318467694
1.08,-0.0,19865450.0,50.03026889846483
1.09,-0.0,19867270.0,50.03018714120746
1.1,-0.0,19869120.0,50.030099318822586
1.11,-0.0,19870990.0,50.03000683643457
1.12,-0.0,19872880.0,50.029911087265056
1.13,-0.0,19874790.0,50.02981344174909
1.14,-0.0,19876720.0,50.02971523708416
1.15,-0.0,19878680.0,50.029617767254855
1.16,-0.0,19880650.0,50.02952227366914
1.17,-0.0,19882650.0,50.02942993627584
1.18,-0.0,19884670.0,50.02934186550685
1.19,-0.0,19886700.0,50.029259094990465
1.2,-0.0,19888760.0,50.02918257512956
1.21,-0.0,19890840.0,50.029113167558315
1.22,-0.0,19892940.0,50.029051640471366
1.23,-0.0,19895070.0,50.028998665064385
1.24,-0.0,19897210.0,50.02895481283189
1.25,-0.0,19899370.0,50.02892055376649
1.26,-0.0,19901550.0,50.028896255659795
1.27,-0.0,19903760.0,50.02888218413938
1.28,-0.0,19905980.0,50.028878503702245
1.29,-0.0,19908220.0,50.02888527954249
1.3,-0.0,19910490.0,50.02890248018789
1.31,-0.0,19912770.0,50.028929980818134
1.32,-0.0,19915070.0,50.02896756726884
1.33,-0.0,19917390.0,50.029014940586194
1.34,-0.0,19919740.0,50.02907172205675
1.35,-0.0,19922100.0,50.02913745882673
1.36,-0.0,19924480.0,50.0292116297392
1.37,-0.0,19926880.0,50.029293651588645
1.38,-0.0,19929300.0,50.02938288560881
1.39,-0.0,19931730.0,50.02947864417017
1.4,-0.0,19934190.0,50.02958019759938
1.41,-0.0,19936670.0,50.029686781104296
1.42,-0.0,19939160.0,50.029797601723956
1.43,-0.0,19941670.0,50.02991184521982
1.44,-0.0,19944200.0,50.03002868308432
1.45,-0.0,19946750.0,50.03014727929217
1.46,-0.0,19949320.0,50.03026679705711
1.47,-0.0,19951900.0,50.030386405404755
1.48,-0.0,19954510.0,50.03050528559769
1.49,-0.0,19957130.0,50.03062263731365
1.5,-0.0,19959770.0,50.030737684537684
1.51,-0.0,19962420.0,50.030849681244085
1.52,-0.0,19965090.0,50.03095791685676
1.53,-0.0,19967780.0,50.031061721248435
1.54,-0.0,19970490.0,50.03116046925179
1.55,-0.0,19973210.0,50.03125358500684
1.56,-0.0,19975950.0,50.03134054576318
1.57,-0.0,19978710.0,50.03142088515576
1.58,-0.0,19981480.0,50.03149419614328
1.59,-0.0,19984270.0,50.03156013324727
1.6,-0.0,19987080.0,50.03161841436875
1.61,-0.0,19989900.0,50.03166882208638
1.62,-0.0,19992740.0,50.03171120416865
1.63,-0.0,19995590.0,50.03174547369993
1.64,-0.0,19998460.0,50.03177160868735
1.65,-0.0,20001340.0,50.03178965101789
1.66,-0.0,20004240.0,50.031799704794864
1.67,-0.0,20007150.0,50.03180193417496
1.68,-0.0,20010080.0,50.031796560863114
1.69,-0.0,20013020.0,50.03178386103907
1.7,-0.0,20015980.0,50.031764161879124
1.71,-0.0,20018950.0,50.03173783760991
1.72,-0.0,20021930.0,50.03170530535132
1.73,-0.0,20024930.0,50.03166702064641
1.74,-0.0,20027950.0,50.03162347280116
1.75,-0.0,20030970.0,50.031575180022344
1.76,-0.0,20034010.0,50.03152268440152
1.77,-0.0,20037060.0,50.03146654690609
1.78,-0.0,20040130.0,50.031407342375935
1.79,-0.0,20043210.0,50.031345654541816
1.8,-0.0,20046300.0,50.031282071070706
1.81,-0.0,20049400.0,50.03121717889496
1.82,-0.0,20052520.0,50.03115155960089
1.83,-0.0,20055650.0,50.03108578495629
1.84,-0.0,20058790.0,50.03102041274445
1.85,-0.0,20061940.0,50.030955982766066
1.86,-0.0,20065100.0,50.03089301327706
1.87,-0.0,20068270.0,50.03083199758321
1.88,-0.0,20071460.0,50.030773400884364
1.89,-0.0,20074660.0,50.030717657482384
1.9,-0.0,20077860.0,50.030665168230925
1.91,-0.0,20081080.0,50.03061629844668
1.92,-0.0,20084310.0,50.03057137602405
1.93,-0.0,20087550.0,50.03053068980161
1.94,-0.0,20090790.0,50.03049448832123
1.95,-0.0,20094050.0,50.03046297896603
1.96,-0.0,20097320.0,50.0304363271551
1.97,-0.0,20100600.0,50.03041465606282
1.98,-0.0,20103880.0,50.03039804665952
1.99,-0.0,20107180.0,50.03038653792663
2.0,-0.0,20110480.0,50.03038012743735
2.01,-0.0,20113800.0,50.03037877217076
2.02,-0.0,20117120.0,50.03038238976936
2.03,-0.0,20120450.0,50.03039085997273
2.04,-0.0,20123790.0,50.030404026266126
2.05,-0.0,20127130.0,50.03042169787155
2.06,-0.0,20130480.0,50.0304436519062
2.07,-0.0,20133850.0,50.03049924537658
2.08,-0.0,20137210.0,50.03053209309375
2.09,-0.0,20140590.0,50.030567902500486
2.1,-0.0,20143970.0,50.03060636738231
2.11,-0.0,20147360.0,50.030647159002065
2.12,-0.0,20150760.0,50.03068993165245
2.13,-0.0,20154160.0,50.03073432739733
2.14,-0.0,20157570.0,50.030779980450504
2.15,-0.0,20160980.0,50.03082652123475
2.16,-0.0,20164400.0,50.03087358025231
2.17,-0.0,20167830.0,50.030920791544176
2.18,-0.0,20171260.0,50.03096779596512
2.19,-0.0,20174700.0,50.03101424429286
2.2,-0.0,20178140.0,50.03105980011382
2.21,-0.0,20181590.0,50.031104142520974
2.22,-0.0,20185040.0,50.031146968329175
2.23,-0.0,20188500.0,50.031187994308915
2.24,-0.0,20191960.0,50.031226959019605
2.25,-0.0,20195420.0,50.03126362428014
2.26,-0.0,20198890.0,50.031297776670726
2.27,-0.0,20202360.0,50.031329228508056
2.28,-0.0,20205840.0,50.03135781868148
2.29,-0.0,20209320.0,50.03138341320202
2.3,-0.0,20212800.0,50.031405905467544
2.31,-0.0,20216290.0,50.0314252163613
2.32,-0.0,20219780.0,50.0314412941433
2.33,-0.0,20223270.0,50.03145411411568
2.34,-0.0,20226770.0,50.031463678110285
2.35,-0.0,20230260.0,50.031470013704784
2.36,-0.0,20233770.0,50.03147317346199
2.37,-0.0,20237270.0,50.031473233879865
2.38,-0.0,20240770.0,50.031470294104594
2.39,-0.0,20244280.0,50.03146447473825
2.4,-0.0,20247790.0,50.03145591643988
2.41,-0.0,20251290.0,50.03144477834609
2.42,-0.0,20254810.0,50.031431236568395
2.43,-0.0,20258320.0,50.03141548248483
2.44,-0.0,20261830.0,50.03139772084286
2.45,-0.0,20265340.0,50.031378168035154
2.46,-0.0,20268860.0,50.03135705028755
2.47,-0.0,20272370.0,50.03133460157133
2.48,-0.0,20275890.0,50.03131106168334
2.49,-0.0,20279410.0,50.031286674339036
2.5,-0.0,20282920.0,50.0312616851147
2.51,-0.0,20286440.0,50.0312363394787
2.52,-0.0,20289950.0,50.03121088084017
2.53,-0.0,20293470.0,50.03118554863168
2.54,-0.0,20296990.0,50.03116057644251
2.55,-0.0,20300500.0,50.03113619021945
2.56,-0.0,20304020.0,50.03111260647795
2.57,-0.0,20307530.0,50.03109003071239
2.58,-0.0,20311040.0,50.0310686559018
2.59,-0.0,20314550.0,50.03104866116027
2.6,-0.0,20318060.0,50.03103021051321
2.61,-0.0,20321570.0,50.031013451770875
2.62,-0.0,20325080.0,50.03099851572203
2.63,-0.0,20328590.0,50.03098551539734
2.64,-0.0,20332090.0,50.03097454545471
2.65,-0.0,20335590.0,50.03096568190117
2.66,-0.0,20339090.0,50.030958981819786
2.67,-0.0,20342590.0,50.030954483317416
2.68,-0.0,20346090.0,50.030952205781354
2.69,-0.0,20349580.0,50.0309521502877
2.7,-0.0,20353070.0,50.03095429992068
2.71,-0.0,20356560.0,50.03095862045473
2.72,-0.0,20360050.0,50.030965061187196
2.73,-0.0,20363530.0,50.03097355576433
2.74,-0.0,20367020.0,50.03098402325211
2.75,-0.0,20370490.0,50.03099636913787
2.76,-0.0,20373970.0,50.031010486506574
2.77,-0.0,20377440.0,50.03102625725702
2.78,-0.0,20380910.0,50.03104355330432
2.79,-0.0,20384380.0,50.031062237967696
2.8,-0.0,20387840.0,50.03108216727389
2.81,-0.0,20391300.0,50.03110319128542
2.82,-0.0,20394750.0,50.03112515533608
2.83,-0.0,20398200.0,50.0311479013689
2.84,-0.0,20401650.0,50.0311712692904
2.85,-0.0,20405100.0,50.0311950981563
2.86,-0.0,20408540.0,50.03121922740801
2.87,-0.0,20411970.0,50.03124349806794
2.88,-0.0,20415400.0,50.031267753889885
2.89,-0.0,20418830.0,50.03129184246134
2.9,-0.0,20422260.0,50.031315616253934
2.91,-0.0,20425680.0,50.03133893361886
2.92,-0.0,20429090.0,50.031361659723785
2.93,-0.0,20432500.0,50.03138366735417
2.94,-0.0,20435910.0,50.03140483774674
2.95,-0.0,20439310.0,50.03142506140561
2.96,-0.0,20442710.0,50.03144423868691
2.97,-0.0,20446100.0,50.03146228040515
2.98,-0.0,20449490.0,50.031479108410814
2.99,-0.0,20452870.0,50.03149465599758
3.0,-0.0,20456250.0,50.03150886814799
3.01,-0.0,20459620.0,50.031521701710844
3.02,-0.0,20462990.0,50.03153312563191
3.03,-0.0,20466350.0,50.03154312105408
3.04,-0.0,20469710.0,50.031551681161666
3.05,-0.0,20473060.0,50.031558810951296
3.06,-0.0,20476410.0,50.031564527054826
3.07,-0.0,20479750.0,50.03156885736042
3.08,-0.0,20483090.0,50.03157184055607
3.09,-0.0,20486420.0,50.031573525566465
3.1,-0.0,20489750.0,50.03157397084955
3.11,-0.0,20493070.0,50.03157324377092
3.12,-0.0,20496390.0,50.03157141980861
3.13,-0.0,20499700.0,50.03156858164449
3.14,-0.0,20503000.0,50.03156481836268
3.15,-0.0,20506300.0,50.031560224509754
3.16,-0.0,20509600.0,50.03155489907434
3.17,-0.0,20512880.0,50.03154894453413
3.18,-0.0,20516170.0,50.03154246596928
3.19,-0.0,20519440.0,50.03153557001008
3.2,-0.0,20522720.0,50.03152836391877
3.21,-0.0,20525980.0,50.03152095473561
3.22,-0.0,20529240.0,50.03151344839384
3.23,-0.0,20532500.0,50.03150594879069
3.24,-0.0,20535750.0,50.03149855702301
3.25,-0.0,20538990.0,50.031491370713574
3.26,-0.0,20542230.0,50.031484483256115
3.27,-0.0,20545460.0,50.03147798320434
3.28,-0.0,20548690.0,50.031471953794124
3.29,-0.0,20551910.0,50.03146647235669
3.3,-0.0,20555130.0,50.031461609911865
3.31,-0.0,20558340.0,50.031457430861636
3.32,-0.0,20561540.0,50.031453992606146
3.33,-0.0,20564740.0,50.03145134530348
3.34,-0.0,20567930.0,50.03144953168531
3.35,-0.0,20571120.0,50.03144858700011
3.36,-0.0,20574300.0,50.03144853883954
3.37,-0.0,20577470.0,50.031449407134446
3.38,-0.0,20580640.0,50.03145120423971
3.39,-0.0,20583810.0,50.031453934930056
3.4,-0.0,20586970.0,50.03145759652804
3.41,-0.0,20590120.0,50.03146217914962
3.42,-0.0,20593270.0,50.03146766589738
3.43,-0.0,20596410.0,50.031474032972646
3.44,-0.0,20599540.0,50.031481250084155
3.45,-0.0,20602680.0,50.03148928092437
3.46,-0.0,20605800.0,50.03149808337999
3.47,-0.0,20608920.0,50.031507609983684
3.48,-0.0,20612030.0,50.03151780843987
3.49,-0.0,20615140.0,50.0315286220459
3.5,-0.0,20618250.0,50.031539990300764
3.51,-0.0,20621340.0,50.031551849368974
3.52,-0.0,20624430.0,50.03156413268357
3.53,-0.0,20627520.0,50.031576771677265
3.54,-0.0,20630600.0,50.03158969621796
3.55,-0.0,20633680.0,50.03160283525235
3.56,-0.0,20636750.0,50.03161611755874
3.57,-0.0,20639820.0,50.03162947225821
3.58,-0.0,20642880.0,50.03164282934447
3.59,-0.0,20645930.0,50.03165612027587
3.6,-0.0,20648980.0,50.031669278611226
3.61,-0.0,20652030.0,50.031682240588204
3.62,-0.0,20655060.0,50.03169494544248
3.63,-0.0,20658100.0,50.03170733595792
3.64,-0.0,20661130.0,50.031719358837734
3.65,-0.0,20664150.0,50.03173096507783
3.66,-0.0,20667170.0,50.03174211031383
3.67,-0.0,20670190.0,50.03175275492371
3.68,-0.0,20673200.0,50.03176286431531
3.69,-0.0,20676200.0,50.03177240913168
3.7,-0.0,20679200.0,50.03178136525238
3.71,-0.0,20682200.0,50.03178971384592
3.72,-0.0,20685190.0,50.03179744135681
3.73,-0.0,20688180.0,50.03180453946317
3.74,-0.0,20691160.0,50.03181100504809
3.75,-0.0,20694140.0,50.03181684005193
3.76,-0.0,20697110.0,50.031822051221354
3.77,-0.0,20700080.0,50.03182664999877
3.78,-0.0,20703040.0,50.03183065226923
3.79,-0.0,20706000.0,50.031834078046266
3.8,-0.0,20708960.0,50.03183695120288
3.81,-0.0,20711910.0,50.03183929927102
3.82,-0.0,20714850.0,50.031841153111564
3.83,-0.0,20717800.0,50.03184254660762
3.84,-0.0,20720740.0,50.03184351631709
3.85,-0.0,20723670.0,50.03184410115091
3.86,-0.0,20726600.0,50.0318443420133
3.87,-0.0,20729530.0,50.03184428147029
3.88,-0.0,20732450.0,50.031843963382805
3.89,-0.0,20735370.0,50.0318434325704
3.9,-0.0,20738290.0,50.031842734514484
3.91,-0.0,20741200.0,50.031841914926076
3.92,-0.0,20744110.0,50.03184101940025
3.93,-0.0,20747010.0,50.031840093145554
3.94,-0.0,20749910.0,50.03183918054982
3.95,-0.0,20752810.0,50.03183832487025
3.96,-0.0,20755710.0,50.03183756804391
3.97,-0.0,20758600.0,50.0318369502054
3.98,-0.0,20761490.0,50.03183650941991
3.99,-0.0,20764370.0,50.03183628154313
4.0,-0.0,20767250.0,50.03183629986726
4.01,-0.0,20770130.0,50.03183659482192
4.02,-0.0,20773010.0,50.0318371938535
4.03,-0.0,20775880.0,50.03183812123273
4.04,-0.0,20778750.0,50.031839397911135
4.05,-0.0,20781620.0,50.03184104146631
4.06,-0.0,20784480.0,50.03184306592943
4.07,-0.0,20787340.0,50.03184548174811
4.08,-0.0,20790200.0,50.03184829583856
4.09,-0.0,20793060.0,50.031851511519754
4.1,-0.0,20795910.0,50.03185512858143
4.11,-0.0,20798770.0,50.03185914343867
4.12,-0.0,20801620.0,50.03186354923653
4.13,-0.0,20804460.0,50.03186833598663
4.14,-0.0,20807310.0,50.03187349065996
4.15,-0.0,20810150.0,50.03187899747249
4.16,-0.0,20812990.0,50.0318848380753
4.17,-0.0,20815830.0,50.03189099172415
4.18,-0.0,20818670.0,50.03189743567103
4.19,-0.0,20821500.0,50.03190414531473
4.2,-0.0,20824340.0,50.031911094476264
4.21,-0.0,20827170.0,50.031918255717
4.22,-0.0,20830000.0,50.0319256005219
4.23,-0.0,20832830.0,50.031933099564355
4.24,-0.0,20835650.0,50.03194072296537
4.25,-0.0,20838480.0,50.03194844054521
4.26,-0.0,20841300.0,50.03195622213844
4.27,-0.0,20844120.0,50.031964037803014
4.28,-0.0,20846940.0,50.03197185803874
4.29,-0.0,20849760.0,50.031979653908756
4.3,-0.0,20852580.0,50.03198739726297
4.31,-0.0,20855400.0,50.031995061057714
4.32,-0.0,20858210.0,50.032002619429946
4.33,-0.0,20861030.0,50.03201004778989
4.34,-0.0,20863840.0,50.03201732305307
4.35,-0.0,20866650.0,50.03202442376019
4.36,-0.0,20869470.0,50.032031330202386
4.37,-0.0,20872280.0,50.032038024518265
4.38,-0.0,20875090.0,50.0320444907952
4.39,-0.0,20877900.0,50.03205071521296
4.4,-0.0,20880700.0,50.03205668602273
4.41,-0.0,20883510.0,50.03206239354011
4.42,-0.0,20886320.0,50.03206783034527
4.43,-0.0,20889120.0,50.032072991271384
4.44,-0.0,20891930.0,50.03207787327095
4.45,-0.0,20894730.0,50.032082475499884
4.46,-0.0,20897540.0,50.03208679935464
4.47,-0.0,20900340.0,50.032090848341205
4.48,-0.0,20903140.0,50.03209462802678
4.49,-0.0,20905940.0,50.032098146028446
4.5,-0.0,20908740.0,50.03210141190466
4.51,-0.0,20911540.0,50.03210443696261
4.52,-0.0,20914340.0,50.03210723414827
4.53,-0.0,20917140.0,50.03210981790369
4.54,-0.0,20919940.0,50.03211220402658
4.55,-0.0,20922740.0,50.03211440957327
4.56,-0.0,20925540.0,50.032116452672646
4.57,-0.0,20928330.0,50.03211835226507
4.58,-0.0,20931130.0,50.03212012793444
4.59,-0.0,20933920.0,50.03212179971921
4.6,-0.0,20936720.0,50.03212338800951
4.61,-0.0,20939510.0,50.032124913333675
4.62,-0.0,20942300.0,50.032126396041576
4.63,-0.0,20945100.0,50.03212785622685
4.64,-0.0,20947890.0,50.03212931362667
4.65,-0.0,20950680.0,50.03213078745182
4.66,-0.0,20953470.0,50.03213229616035
4.67,-0.0,20956260.0,50.0321338573413
4.68,-0.0,20959050.0,50.03213548759328
4.69,-0.0,20961840.0,50.03213720243126
4.7,-0.0,20964620.0,50.03213901619041
4.71,-0.0,20967410.0,50.03214094195938
4.72,-0.0,20970190.0,50.0321429915823
4.73,-0.0,20972980.0,50.03214517545156
4.74,-0.0,20975760.0,50.03214750257972
4.75,-0.0,20978540.0,50.032149980621675
4.76,-0.0,20981320.0,50.03215261571876
4.77,-0.0,20984100.0,50.032155412587976
4.78,-0.0,20986880.0,50.03215837452012
4.79,-0.0,20989660.0,50.032161503403984
4.8,-0.0,20992430.0,50.03216479974309
4.81,-0.0,20995210.0,50.032168262625106
4.82,-0.0,20997980.0,50.03217188977784
4.83,-0.0,21000750.0,50.03217567769933
4.84,-0.0,21003520.0,50.03217962169661
4.85,-0.0,21006290.0,50.03218371587741
4.86,-0.0,21009060.0,50.03218795329961
4.87,-0.0,21011820.0,50.032192325956736
4.88,-0.0,21014590.0,50.0321968248821
4.89,-0.0,21017350.0,50.03220144022348
4.9,-0.0,21020110.0,50.03220616135312
4.91,-0.0,21022860.0,50.03221097702063
4.92,-0.0,21025620.0,50.03221587537505
4.93,-0.0,21028370.0,50.03222084400224
4.94,-0.0,21031120.0,50.03222587013022
4.95,-0.0,21033870.0,50.03223094072089
4.96,-0.0,21036620.0,50.03223604259662
4.97,-0.0,21039360.0,50.032241162535975
4.98,-0.0,21042110.0,50.03224628733041
4.99,-0.0,21044840.0,50.03225140390304
5.0,-7.75770789198862,21047580.0,50.03225649943729
5.01,-30.99442873007258,21050310.0,50.03226156126943
5.02,-69.65482516149626,21053010.0,50.032266576506515
5.03,-123.68253385875065,21055700.0,50.032271532035864
5.04,-193.02010386171304,21058370.0,50.03227641473112
5.05,-277.6089442912619,21061030.0,50.03228121170148
5.06,-377.389295202544,21063660.0,50.03228591055288
5.07,-492.30022650837236,21066280.0,50.03229049953619
5.08,-622.2796656443159,21068870.0,50.03229496767072
5.09,-767.2644454486157,21071450.0,50.03229930477472
5.1,-927.1903757849641,21074010.0,50.032303501570674
5.11,-1101.9923441635542,21076550.0,50.03230754982367
5.12,-1291.6044214544625,21079080.0,50.03231144231016
5.13,-1495.9599824582183,21081580.0,50.03231517286858
5.14,-1714.991849397964,21084070.0,50.03231873648784
5.15,-1948.6324215313837,21086530.0,50.03232212923115
5.16,-2196.813811799763,21088980.0,50.03232534824552
5.17,-2459.4680032855426,21091410.0,50.03232839181327
5.18,-2736.5269731803373,21093820.0,50.03233125924251
5.19,-3027.922819300965,21096210.0,50.03233395084696
5.2,-3333.587879426482,21098580.0,50.032336467900215
5.21,-3653.454847568728,21100940.0,50.03233881259844
5.22,-3987.4568771429904,21103270.0,50.03234098800058
5.23,-4335.527678287182,21105590.0,50.03234299797966
5.24,-4697.601598130803,21107880.0,50.032344847153944
5.25,-5073.613694285227,21110160.0,50.03234654083073
5.26,-5463.499788551104,21112420.0,50.03234808493187
5.27,-5867.196464094142,21114660.0,50.03234948586217
5.28,-6284.641130289593,21116880.0,50.03235075052628
5.29,-6715.772048561044,21119080.0,50.03235188624582
5.3,-7160.528343744483,21121260.0,50.03235290069322
5.31,-7618.849922162413,21123420.0,50.032353801739106
5.32,-8090.677431123074,21125560.0,50.03235459741078
5.33,-8575.952347073497,21127690.0,50.03235529595699
5.34,-9074.616810764011,21129790.0,50.032355905611446
5.35,-9586.613527694299,21131870.0,50.03235643455275
5.36,-10111.885657552099,21133930.0,50.03235689082892
5.37,-10650.376727380484,21135980.0,50.032357282313015
5.38,-11202.030602448996,21138000.0,50.03235761669708
5.39,-11766.791296906154,21140010.0,50.03235790135355
5.4,-12344.602809136297,21141990.0,50.03235814328079
5.41,-12935.408854835641,21143950.0,50.03235834897847
5.42,-13539.15280555271,21145900.0,50.032358524490604
5.43,-14155.777660966509,21147820.0,50.03235867540794
5.44,-14785.22567995301,21149720.0,50.032358806671326
5.45,-15427.438288399162,21151610.0,50.03235892262865
5.46,-16082.355912260055,21153470.0,50.03235902698137
5.47,-16749.917700731272,21155310.0,50.0323591226992
5.48,-17430.06147445329,21157130.0,50.03235921207497
5.49,-18122.72346612761,21158930.0,50.032359296633246
5.5,-18827.83817764829,21160710.0,50.03235937714192
5.51,-19545.33842885076,21162470.0,50.03235945368291
5.52,-20275.155143189888,21164210.0,50.03235952557874
5.53,-21017.21725860382,21165930.0,50.03235959142317
5.54,-21771.451666101704,21167620.0,50.03235964910048
5.55,-22537.78321342739,21169300.0,50.03235969582573
5.56,-23316.13490134705,21170960.0,50.03235972824475
5.57,-24106.427550225904,21172590.0,50.032359742318945
5.58,-24908.5800059601,21174200.0,50.03235973347825
5.59,-25722.509432583578,21175790.0,50.03235969671663
5.6,-26548.131052117194,21177360.0,50.03235962650335
5.61,-27385.35816431269,21178910.0,50.03235951685821
5.62,-28234.102529956097,21180440.0,50.03235936149342
5.63,-29094.274834286807,21181950.0,50.032359153929974
5.64,-29965.78440253552,21183430.0,50.03235888739596
5.65,-30848.539288267188,21184900.0,50.03235855491845
5.66,-31742.44667568684,21186340.0,50.03235814944822
5.67,-32647.413169361436,21187760.0,50.03235766391766
5.68,-33563.344964733056,21189160.0,50.0323570912827
5.69,-34490.14745797164,21190540.0,50.032356424438305
5.7,-35427.72593746306,21191890.0,50.03235565644587
5.71,-36375.985844284776,21193230.0,50.03235478054593
5.72,-37334.83273067354,21194540.0,50.03235379014795
5.73,-38304.172309997106,21195830.0,50.03235267886568
5.74,-39283.91068484655,21197100.0,50.0323514405781
5.75,-40273.954831186886,21198350.0,50.032350069524476
5.76,-41274.21251885325,21199580.0,50.032348560262044
5.77,-42284.592751797136,21200780.0,50.03234690777262
5.78,-43305.00556429487,21201960.0,50.032345107399614
5.79,-44335.36213716787,21203130.0,50.03234315489479
5.8,-45375.57487462676,21204260.0,50.03234104642824
5.81,-46425.557623692104,21205380.0,50.03233877862575
5.82,-47485.225768865566,21206480.0,50.03233634857074
5.83,-48554.49643975554,21207550.0,50.03233375383424
5.84,-49633.288569821554,21208600.0,50.03233099246977
5.85,-50721.523069005016,21209630.0,50.032328063036545
5.86,-51819.12284047935,21210640.0,50.032324964587445
5.87,-52926.012916048705,21211620.0,50.03232169668534
5.88,-54042.12042430326,21212580.0,50.03231825938401
5.89,-55167.374219061916,21213520.0,50.0323146531669
5.9,-56301.70573579904,21214440.0,50.03231087908547
5.91,-57445.04862943662,21215340.0,50.03230693864702
5.92,-58597.33769554768,21216210.0,50.03230283367341
5.93,-59758.50964043925,21217060.0,50.0322985664528
5.94,-60928.50317183483,21217890.0,50.03229413969142
5.95,-62107.25848317023,21218700.0,50.032289556426015
5.96,-63294.717504883585,21219480.0,50.03228482006745
5.97,-64490.82327414001,21220240.0,50.03227993428981
5.98,-65695.52025001324,21220980.0,50.032274903083376
5.99,-66908.7535289008,21221700.0,50.03226973062262
6.0,-68130.4686517403,21222390.0,50.03226442126053
6.01,-69360.61182981815,21223060.0,50.032258979541844
6.02,-70599.12871998057,21223710.0,50.03225341002694
6.03,-71845.96459822147,21224330.0,50.03224771734486
6.04,-73101.06486759616,21224930.0,50.032241906217045
6.05,-74364.37432688748,21225510.0,50.032235981333514
6.06,-75635.8368337381,21226070.0,50.03222994732792
6.07,-76915.39499075935,21226600.0,50.03222380873723
6.08,-78202.98934130455,21227110.0,50.032217569907864
6.09,-79498.55881731509,21227590.0,50.03221123505228
6.1,-80802.04073967936,21228050.0,50.03220480820987
6.11,-82113.37079212873,21228490.0,50.03219829322777
6.12,-83432.48284320792,21228910.0,50.03219169372956
6.13,-84759.30815618309,21229300.0,50.0321850130327
6.14,-86093.77595824297,21229670.0,50.032178254217975
6.15,-87435.81277499611,21230020.0,50.032171420033734
6.16,-88785.34324658966,21230340.0,50.032164512984956
6.17,-90142.29012356121,21230640.0,50.03215753529621
6.18,-91506.5736901408,21230910.0,50.032150488856665
6.19,-92878.11310975427,21231170.0,50.032143375355645
6.2,-94256.82509394821,21231400.0,50.032136196120625
6.21,-95642.6237648328,21231600.0,50.03212895215087
6.22,-97035.42146107649,21231780.0,50.03212164418739
6.23,-98435.12912050895,21231940.0,50.03211427271983
6.24,-99841.65544770607,21232080.0,50.03210683791094
6.25,-101254.90785869207,21232190.0,50.03209933970366
6.26,-102674.7925244759,21232280.0,50.03209177780096
6.27,-104101.21377724275,21232350.0,50.03208415162591
6.28,-105534.07481055139,21232390.0,50.03207646040073
6.29,-106973.27804123213,21232410.0,50.03206870316147
6.3,-108418.72513689683,21232400.0,50.03206087875984
6.31,-109870.3162027494,21232380.0,50.03205298581285
6.32,-111327.95070739613,21232330.0,50.03204502280223
6.33,-112791.52872540617,21232250.0,50.032036988147944
6.34,-114260.94923693934,21232160.0,50.03202888006605
6.35,-115736.11101451651,21232040.0,50.032020696690026
6.36,-117216.91372940966,21231900.0,50.032012436133314
6.37,-118703.25639470413,21231730.0,50.03200409636687
6.38,-120195.03820140134,21231540.0,50.03199567532799
6.39,-121692.15990200819,21231330.0,50.03198717100129
6.4,-123194.52312762618,21231100.0,50.031978581352696
6.41,-124702.0303982593,21230840.0,50.03196990436185
6.42,-126214.58626608309,21230560.0,50.031961138107775
6.43,-127732.09654178793,21230260.0,50.03195228070545
6.44,-129254.46832937917,21229940.0,50.03194333033936
6.45,-130781.6112487796,21229590.0,50.0319342853489
6.46,-132313.43664793932,21229220.0,50.03192514416372
6.47,-133849.85878310527,21228830.0,50.03191590540506
6.48,-135390.79487020714,21228420.0,50.031906567874195
6.49,-136936.16407354598,21227980.0,50.03189713050351
6.5,-138485.88838883914,21227520.0,50.03188759243978
6.51,-140039.8928465349,21227040.0,50.03187795304472
6.52,-141598.10546108827,21226540.0,50.03186821189588
6.53,-143160.4570609248,21226020.0,50.03185836878663
6.54,-144726.88110503042,21225470.0,50.03184842372501
6.55,-146297.3134846911,21224900.0,50.031838376931084
6.56,-147871.693613473,21224320.0,50.031828228902754
6.57,-149449.9629285827,21223700.0,50.03181798031626
6.58,-151032.06324066117,21223070.0,50.031807631968285
6.59,-152617.93757927354,21222410.0,50.03179718484731
6.6,-154207.53175477884,21221740.0,50.03178664019126
6.61,-155800.79427629733,21221040.0,50.03177599945119
6.62,-157397.6746276409,21220320.0,50.03176526420412
6.63,-158998.12256178516,21219580.0,50.031754436145704
6.64,-160602.0878271958,21218810.0,50.031743517080265
6.65,-162209.5214757788,21218030.0,50.03173250897947
6.66,-163820.37577373043,21217220.0,50.031721413946514
6.67,-165434.60251304394,21216400.0,50.031710234129214
6.68,-167052.1538821052,21215550.0,50.03169897178357
6.69,-168672.98231462034,21214680.0,50.03168762924135
6.7,-170297.04032911992,21213790.0,50.03167620889651
6.71,-171924.28004351386,21212880.0,50.03166471317756
6.72,-173554.65148717826,21211940.0,50.03165314446743
6.73,-175188.1037461879,21210990.0,50.03164150517239
6.74,-176824.58660064288,21210010.0,50.031629797764666
6.75,-178464.04899628862,21209020.0,50.03161802467962
6.76,-180106.4385108862,21208000.0,50.03160618831192
6.77,-181751.70251211434,21206970.0,50.03159429106619
6.78,-183399.78654194507,21205910.0,50.03158233525964
6.79,-185050.63550926477,21204830.0,50.03157032319312
6.8,-186704.19340389973,21203730.0,50.031558257111655
6.81,-188360.39994788717,21202610.0,50.03154613906021
6.82,-190019.1932743012,21201480.0,50.03153397103771
6.83,-191680.51194074948,21200320.0,50.031521755028244
6.84,-193344.2933833233,21199140.0,50.03150949290478
6.85,-195010.47308425594,21197940.0,50.031497186417674
6.86,-196678.98414631592,21196720.0,50.03148483718417
6.87,-198349.75706890985,21195490.0,50.03147244667926
6.88,-200022.72140455042,21194230.0,50.03146001629799
6.89,-201697.80569320946,21192950.0,50.031447547325605
6.9,-203374.9372389403,21191660.0,50.031435040929026
6.91,-205054.0415113714,21190350.0,50.03142249813646
6.92,-206735.0401511022,21189010.0,50.03140991976617
6.93,-208417.85247686523,21187660.0,50.031397306505895
6.94,-210102.39761728235,21186290.0,50.03138465896735
6.95,-211788.59473762137,21184900.0,50.031371977666716
6.96,-213476.36077371112,21183490.0,50.031359262941955
6.97,-215165.61188482633,21182070.0,50.03134651503862
6.98,-216856.2633251493,21180630.0,50.03133373408626
6.99,-218548.22967116375,21179170.0,50.031320920110986
7.0,-220241.42631841433,21177690.0,50.03130807308991
7.01,-221935.76777808668,21176190.0,50.03129519287602
7.02,-223631.16911566877,21174680.0,50.03128227927704
7.03,-225327.54594287608,21173150.0,50.03126933204087
7.04,-227024.81437732032,21171600.0,50.0312563508614
7.05,-228722.89066015824,21170040.0,50.0312433353715
7.06,-230421.6911772656,21168460.0,50.03123028515398
7.07,-232121.13429649782,21166860.0,50.03121719980827
7.08,-233821.1405161404,21165250.0,50.0312040789406
7.09,-235521.63001286116,21163620.0,50.03119092208861
7.1,-237222.52430675467,21161980.0,50.03117772881257
7.11,-238923.75036295873,21160320.0,50.031164498815485
7.12,-240625.23643136112,21158640.0,50.03115123177025
7.13,-242326.91094030594,21156950.0,50.031137927343494
7.14,-244028.7038869712,21155250.0,50.03112458525605
7.15,-245730.54718836694,21153530.0,50.03111120528069
7.16,-247432.37418377993,21151790.0,50.031097787227395
7.17,-249134.12163040251,21150040.0,50.031084331016615
7.18,-250835.7291090829,21148280.0,50.031070836644766
7.19,-252537.1341772274,21146500.0,50.031057304046
7.2,-254238.27582132406,21144710.0,50.03104373325296
7.21,-255939.09704404327,21142900.0,50.03103012443504
7.22,-257639.54266410836,21141080.0,50.031016477809196
7.23,-259339.56049040263,21139250.0,50.03100279370515
7.24,-261039.09836856218,21137400.0,50.03098907246796
7.25,-262738.1036626927,21135540.0,50.03097531447417
7.26,-264436.5273583559,21133670.0,50.030961520256
7.27,-266134.3220584759,21131780.0,50.03094769039962
7.28,-267831.43874555145,21129880.0,50.030933825474655
7.29,-269527.8308492157,21127970.0,50.03091992618267
7.3,-271223.4543424539,21126050.0,50.03090599331579
7.31,-272918.26510057546,21124110.0,50.03089202768266
7.32,-274612.2201447307,21122170.0,50.0308780301706
7.33,-276305.2775756881,21120210.0,50.03086400172847
7.34,-277997.3960942333,21118230.0,50.030849943353026
7.35,-279688.53447297646,21116250.0,50.0308358560772
7.36,-281378.65111919655,21114250.0,50.030821740959965
7.37,-283067.70625402575,21112250.0,50.030807599147145
7.38,-284755.66158870596,21110230.0,50.03079343183966
7.39,-286442.4797355817,21108200.0,50.030779240281795
7.4,-288128.1231307159,21106160.0,50.03076502573683
7.41,-289812.55091086985,21104110.0,50.03075078941032
7.42,-291495.7208368446,21102050.0,50.03073653252306
7.43,-293177.59468304977,21099980.0,50.030722256427694
7.44,-294858.13285725226,21097890.0,50.03070796241662
7.45,-296537.2932278226,21095800.0,50.030693651742084
7.46,-298215.0352692556,21093700.0,50.03067932572791
7.47,-299891.3151741405,21091590.0,50.03066498560078
7.48,-301566.08741021145,21089460.0,50.03065063257086
7.49,-303239.30709945323,21087330.0,50.03063626787102
7.5,-304910.9274237443,21085190.0,50.030621892666524
7.51,-306580.90133615735,21083040.0,50.0306075081192
7.52,-308249.1811378691,21080880.0,50.030593115358165
7.53,-309915.71527115273,21078710.0,50.0305787154012
7.54,-311580.4503456841,21076530.0,50.03056430922753
7.55,-313243.33406768134,21074350.0,50.030549897826006
7.56,-314904.31240423437,21072150.0,50.03053548209911
7.57,-316563.3287546901,21069950.0,50.030521062867074
7.58,-318220.3262709217,21067730.0,50.03050664092727
7.59,-319875.24806640006,21065510.0,50.030492217036716
7.6,-321528.0367082104,21063290.0,50.03047779189957
7.61,-323178.63365404814,21061050.0,50.03046336615809
7.62,-324826.9788052896,21058810.0,50.03044894038627
7.63,-326473.01320906606,21056560.0,50.030434515155754
7.64,-328116.67883007217,21054300.0,50.03042009100954
7.65,-329757.9151205664,21052030.0,50.03040566838699
7.66,-331396.65809976705,21049760.0,50.030391247629844
7.67,-333032.84652253997,21047480.0,50.030376829127675
7.68,-334666.42215952615,21045190.0,50.03036241327523
7.69,-336297.32630487304,21042900.0,50.03034800039926
7.7,-337925.4981223876,21040600.0,50.03033359075217
7.71,-339550.87762421364,21038300.0,50.03031918459154
7.72,-341173.40540398017,21035990.0,50.03030478215016
7.73,-342793.02268981707,21033670.0,50.03029038364216
7.74,-344409.6702304554,21031350.0,50.03027598924034
7.75,-346023.2883518842,21029020.0,50.03026159908727
7.76,-347633.8192997702,21026680.0,50.03024721334671
7.77,-349241.20750015683,21024350.0,50.03023283219433
7.78,-350845.3984982682,21022000.0,50.0302184557977
7.79,-352446.33834164,21019650.0,50.030204084315656
7.8,-354043.9726500476,21017300.0,50.03018971788434
7.81,-355638.2464518133,21014940.0,50.03017535662131
7.82,-357229.1069733368,21012580.0,50.03016100068529
7.83,-358816.50043717015,21010210.0,50.03014665018942
7.84,-360400.37475764763,21007840.0,50.030132305283225
7.85,-361980.67909551814,21005470.0,50.030117966124585
7.86,-363557.363909228,21003090.0,50.03010363288719
7.87,-365130.3798280236,21000700.0,50.030089305738976
7.88,-366699.6777657436,20998320.0,50.03007498485408
7.89,-368265.21481931483,20995930.0,50.03006067053495
7.9,-369826.9476437025,20993540.0,50.030046363039425
7.91,-371384.83103301557,20991140.0,50.03003206260367
7.92,-372938.82388042763,20988740.0,50.03001776957186
7.93,-374488.8864468462,20986340.0,50.03000348429871
7.94,-376034.9758543041,20983930.0,50.029989207082394
7.95,-377577.05223205645,20981530.0,50.029974938316855
7.96,-379115.0789673088,20979120.0,50.02996067845312
7.97,-380649.0189753295,20976710.0,50.02994642792784
7.98,-382178.8365631636,20974290.0,50.029932187227985
7.99,-383704.49735703686,20971880.0,50.02991795687613
8.0,-385225.96765721065,20969460.0,50.02990373741905
8.01,-386743.2136977763,20967040.0,50.02988952941835
8.02,-388256.2010691747,20964620.0,50.02987533344282
8.03,-389764.8978967394,20962190.0,50.029861150131985
8.04,-391269.2707936538,20959770.0,50.02984698009675
8.05,-392769.2842950476,20957340.0,50.02983282393423
8.06,-394264.90726700786,20954920.0,50.029818682350765
8.07,-395756.10971029085,20952490.0,50.029804556058586
8.08,-397242.857672622,20950060.0,50.029790445703945
8.09,-398725.1158036706,20947630.0,50.029776351944655
8.1,-400202.8513085832,20945200.0,50.02976227550163
8.11,-401676.0303215786,20942770.0,50.02974821706472
8.12,-403144.6168830594,20940330.0,50.02973417729765
8.13,-404608.57601155783,20937900.0,50.02972015689783
8.14,-406067.87388397066,20935470.0,50.02970615657824
8.15,-407522.4770797619,20933040.0,50.02969217705373
8.16,-408972.34791173687,20930600.0,50.029678218960036
8.17,-410417.44768733147,20928170.0,50.02966428293912
8.18,-411857.740542026,20925740.0,50.02965036968291
8.19,-413293.1899504617,20923310.0,50.029636479847426
8.2,-414723.76117252314,20920880.0,50.02962261412084
8.21,-416149.4167650862,20918450.0,50.029608773127606
8.22,-417570.119983759,20916020.0,50.02959495751666
8.23,-418985.83396670053,20913590.0,50.02958116792316
8.24,-420396.5182128663,20911160.0,50.02956740491099
8.25,-421802.1310517309,20908730.0,50.0295536690343
8.26,-423202.6345316962,20906310.0,50.029539960905026
8.27,-424597.9897496285,20903880.0,50.02952628108323
8.28,-425988.1563276382,20901460.0,50.02951263009879
8.29,-427373.09488396667,20899040.0,50.02949900849596
8.3,-428752.76380698575,20896620.0,50.02948541676135
8.31,-430127.1219188639,20894200.0,50.02947185538918
8.32,-431496.1286820111,20891780.0,50.02945832486729
8.33,-432859.74359088513,20889370.0,50.029444825666815
8.34,-434217.925467642,20886960.0,50.02943135823451
8.35,-435570.63189233973,20884550.0,50.02941792298684
8.36,-436917.8188532474,20882140.0,50.02940452030561
8.37,-438259.44057717005,20879730.0,50.02939115053486
8.38,-439595.4536231555,20877330.0,50.029377814049106
8.39,-440925.81675736373,20874930.0,50.02936451122857
8.4,-442250.48621688323,20872530.0,50.02935124238471
8.41,-443569.4186601465,20870140.0,50.02933800783732
8.42,-444882.57117002615,20867750.0,50.02932480789617
8.43,-446189.90123299777,20865360.0,50.02931164286167
8.44,-447491.37007843656,20862980.0,50.02929851308253
8.45,-448786.93822343944,20860590.0,50.02928541886627
8.46,-450076.56435056013,20858220.0,50.02927236048906
8.47,-451360.2046892625,20855840.0,50.029259338189206
8.48,-452637.817855369,20853470.0,50.02924635224698
8.49,-453909.36467351177,20851100.0,50.029233402954674
8.5,-455174.80391438224,20848740.0,50.02922049055206
8.51,-456434.0951355425,20846380.0,50.02920761529729
8.52,-457687.19916156423,20844020.0,50.02919477745754
8.53,-458934.0777183781,20841670.0,50.029181977302486
8.54,-460174.69289338007,20839320.0,50.02916921509969
8.55,-461409.0110140838,20836980.0,50.0291564911815
8.56,-462636.99775461655,20834640.0,50.029143805848754
8.57,-463858.6173935232,20832310.0,50.02913115938872
8.58,-465073.8362084127,20829980.0,50.02911855213112
8.59,-466282.61878213787,20827650.0,50.02910598437096
8.6,-467484.93148312933,20825330.0,50.029093456443796
8.61,-468680.7424074912,20823010.0,50.029080968705664
8.62,-469870.01663199114,20820700.0,50.029068521461426
8.63,-471052.7197564181,20818400.0,50.029056115044014
8.64,-472228.82262272533,20816100.0,50.02904374986753
8.65,-473398.2967025522,20813800.0,50.02903142633449
8.66,-474561.1081631078,20811510.0,50.02901914477209
8.67,-475717.22158784367,20809220.0,50.02900690551698
8.68,-476866.6053710979,20806940.0,50.02899470897275
8.69,-478009.2276509976,20804670.0,50.02898255552027
8.7,-479145.05534868385,20802400.0,50.0289704455272
8.71,-480274.05805416626,20800130.0,50.02895837941128
8.72,-481396.2083274783,20797870.0,50.02894635762553
8.73,-482511.47616495617,20795620.0,50.02893438057655
8.74,-483619.8327459178,20793370.0,50.028922448710155
8.75,-484721.2500739785,20791130.0,50.028910562484974
8.76,-485815.6966758923,20788900.0,50.028898722309975
8.77,-486903.14109725656,20786670.0,50.028886928616615
8.78,-487983.5527171007,20784440.0,50.02887518185026
8.79,-489056.9015866105,20782220.0,50.02886348246377
8.8,-490123.15796937625,20780010.0,50.02885183091268
8.81,-491182.29190019734,20777810.0,50.02884022765135
8.82,-492234.272872957,20775610.0,50.02882867312996
8.83,-493279.0695989575,20773410.0,50.02881716779196
8.84,-494316.6499108001,20771220.0,50.02880571207212
8.85,-495346.9807050477,20769040.0,50.02879430639472
8.86,-496370.0326955232,20766870.0,50.02878295124279
8.87,-497385.7801791659,20764700.0,50.028771647133375
8.88,-498394.1906791298,20762540.0,50.02876039447164
8.89,-499395.23320013704,20760380.0,50.02874919372151
8.9,-500388.8786804236,20758230.0,50.028738045365905
8.91,-501375.0959500994,20756090.0,50.028726949848604
8.92,-502353.8545959097,20753950.0,50.028715907635636
8.93,-503325.1209828798,20751820.0,50.02870491914183
8.94,-504288.8575838586,20749700.0,50.02869398473836
8.95,-505245.0283728526,20747580.0,50.02868310482871
8.96,-506193.6043194838,20745480.0,50.02867227990004
8.97,-507134.558164216,20743370.0,50.02866151042874
8.98,-508067.85767883796,20741280.0,50.028650796815654
8.99,-508993.4645518972,20739190.0,50.02864013939974
9.0,-509911.34024551895,20737110.0,50.0286295385386
9.01,-510821.45217946643,20735030.0,50.02861899466353
9.02,-511723.768993808,20732960.0,50.0286085081878
9.03,-512618.2541873722,20730900.0,50.028598079444265
9.04,-513504.8702221355,20728850.0,50.02858770877163
9.05,-514383.58439961646,20726800.0,50.02857739657313
9.06,-515254.36429831345,20724760.0,50.02856714322772
9.07,-516117.1767054353,20722730.0,50.02855694910053
9.08,-516971.9867876664,20720700.0,50.02854681453641
9.09,-517818.758624323,20718690.0,50.028536739869246
9.1,-518657.45504639874,20716670.0,50.028526725415055
9.11,-519488.0383347576,20714670.0,50.02851677148096
9.12,-520310.47506408056,20712670.0,50.02850687842886
9.13,-521124.73138367455,20710680.0,50.02849704658999
9.14,-521930.7721097995,20708700.0,50.0284872762778
9.15,-522728.5652480958,20706730.0,50.028477567854004
9.16,-523518.0774003009,20704760.0,50.02846792164502
9.17,-524299.2730940084,20702800.0,50.028458337956
9.18,-525072.1196445308,20700850.0,50.02844881713805
9.19,-525836.5826994753,20698900.0,50.02843935950524
9.2,-526592.6308669971,20696970.0,50.02842996542005
9.21,-527340.2301483536,20695030.0,50.02842063519605
9.22,-528079.3443055742,20693110.0,50.02841136912952
9.23,-528809.9391435975,20691200.0,50.0284021675521
9.24,-529531.9842245632,20689290.0,50.02839303083554
9.25,-530245.4462413782,20687390.0,50.02838395929701
9.26,-530950.2891423065,20685500.0,50.028374953232614
9.27,-531646.4785081703,20683610.0,50.028366012971446
9.28,-532333.9782659465,20681730.0,50.0283571388106
9.29,-533012.7548146129,20679860.0,50.02834833108639
9.3,-533682.7776796262,20678000.0,50.028339590165146
9.31,-534344.0136604334,20676140.0,50.028330916365825
9.32,-534996.4314632236,20674300.0,50.0283223100494
9.33,-535640.0015479632,20672460.0,50.02831377159526
9.34,-536274.6861788401,20670620.0,50.028305301270116
9.35,-536900.4489866743,20668800.0,50.028296899396686
9.36,-537517.2565092521,20666980.0,50.02828856632669
9.37,-538125.073841683,20665170.0,50.02828030237817
9.38,-538723.8684433078,20663370.0,50.02827210790839
9.39,-539313.6107363163,20661580.0,50.02826398330548
9.4,-539894.273536981,20659790.0,50.02825592898229
9.41,-540465.8259159533,20658010.0,50.02824794530111
9.42,-541028.2327615399,20656240.0,50.02824003259351
9.43,-541581.460439912,20654470.0,50.02823219123196
9.44,-542125.4781784299,20652720.0,50.028224421620685
9.45,-542660.2524380175,20650970.0,50.02821672411828
9.46,-543185.7464452165,20649230.0,50.02820909905634
9.47,-543701.9256641336,20647490.0,50.02820154680997
9.48,-544208.7589242124,20645770.0,50.028194067787844
9.49,-544706.2179026545,20644050.0,50.028186662425114
9.5,-545194.2708204363,20642340.0,50.02817933110705
9.51,-545672.8818489917,20640630.0,50.028172074188305
9.52,-546142.0167236355,20638940.0,50.02816489206398
9.53,-546601.6440393515,20637250.0,50.028157785160055
9.54,-547051.7295029111,20635570.0,50.02815075385579
9.55,-547492.2407944821,20633890.0,50.028143798572835
9.56,-547923.147383596,20632230.0,50.02813691975129
9.57,-548344.4102665706,20630570.0,50.02813011771801
9.58,-548755.9917400868,20628920.0,50.02812339285509
9.59,-549157.8569731248,20627270.0,50.02811674557244
9.6,-549549.9694504633,20625640.0,50.02811017624469
9.61,-549932.2948818353,20624010.0,50.02810368528369
9.62,-550304.7963773245,20622390.0,50.02809727305909
9.63,-550667.4341989263,20620770.0,50.02809093991557
9.64,-551020.1712733416,20619170.0,50.02808468624256
9.65,-551362.9742158117,20617570.0,50.02807851246387
9.66,-551695.8072774535,20615980.0,50.028072418959226
9.67,-552018.6315607873,20614390.0,50.02806640608206
9.68,-552331.4104948331,20612820.0,50.02806047422972
9.69,-552634.1108548081,20611250.0,50.028054623832986
9.7,-552926.6967182156,20609690.0,50.028048855277795
9.71,-553209.1287855179,20608130.0,50.028043168923034
9.72,-553481.3699019499,20606590.0,50.028037565170635
9.73,-553743.3861076989,20605050.0,50.02803204445516
9.74,-553995.1406226871,20603520.0,50.02802660716529
9.75,-554236.5931847453,20601990.0,50.02802125366173
9.76,-554467.7055787918,20600480.0,50.028015984347064
9.77,-554688.4372549407,20598970.0,50.02801079958461
9.78,-554898.750597082,20597470.0,50.02800569978525
9.79,-555098.6051049,20595970.0,50.02800068531086
9.8,-555287.9579565127,20594490.0,50.02799575650661
9.81,-555466.7740591713,20593010.0,50.02799091382523
9.82,-555635.0166013781,20591540.0,50.027986157666234
9.83,-555792.6450397451,20590070.0,50.02798148839579
9.84,-555939.614816654,20588610.0,50.02797690634689
9.85,-556075.8842764524,20587170.0,50.02797241190463
9.86,-556201.4148803455,20585720.0,50.02796800547933
9.87,-556316.1660459568,20584290.0,50.02796368744382
9.88,-556420.093485399,20582860.0,50.02795945813537
9.89,-556513.1556291144,20581440.0,50.02795531794174
9.9,-556595.3137748659,20580030.0,50.02795126727515
9.91,-556666.5269168115,20578630.0,50.02794730651008
9.92,-556726.7501494399,20577230.0,50.02794343598539
9.93,-556775.9412302375,20575840.0,50.02793965609098
9.94,-556814.0607249669,20574460.0,50.0279359672418
9.95,-556841.0669111804,20573090.0,50.027932369815844
9.96,-556856.9142052677,20571720.0,50.02792886415654
9.97,-556861.5597235461,20570360.0,50.027925450659396
9.98,-556854.9634570505,20569010.0,50.027922129746074
9.99,-556837.0831417723,20567660.0,50.02791890180247
10.0,-556814.5675539427,20566330.0,50.02791576723495
10.01,-556794.0451987851,20564990.0,50.02791272574404
10.02,-556775.260457556,20563650.0,50.02790977450038
10.03,-556757.5956364124,20562300.0,50.02790690664186
10.04,-556740.0112012421,20560950.0,50.02790411069763
10.05,-556721.0937010713,20559590.0,50.02790137086445
10.06,-556699.2115075209,20558230.0,50.02789866823254
10.07,-556672.7842746389,20556870.0,50.027895983206385
10.08,-556640.6312298966,20555510.0,50.02789329881623
10.09,-556602.3495400429,20554150.0,50.02789060457542
10.1,-556558.6973695246,20552800.0,50.0278879008314
10.11,-556511.9123511409,20551440.0,50.02788520282908
10.12,-556465.916072284,20550090.0,50.027882544072654
10.13,-556426.3595994135,20548720.0,50.02787997845386
10.14,-556400.4924481481,20547350.0,50.0278775808791
10.15,-556396.8219539106,20545960.0,50.02787544577452
10.16,-556424.5563918746,20544540.0,50.02787368322065
10.17,-556492.8640006883,20543090.0,50.0278724128408
10.18,-556609.969394657,20541590.0,50.027871755296324
10.19,-556782.1500802949,20540030.0,50.02787182187255
10.2,-557012.7045325536,20538420.0,50.027872702655586
10.21,-557300.9725050327,20536740.0,50.02787445399191
10.22,-557641.4820724551,20535000.0,50.027877085929184
10.23,-558023.3165625259,20533200.0,50.02788055072179
10.24,-558429.8010991517,20531360.0,50.02788473361871
10.25,-558838.5491263637,20529490.0,50.027889446494946
10.26,-559221.9270370436,20527610.0,50.02789442546355
10.27,-559547.9866919107,20525750.0,50.02789933348028
10.28,-559781.8336914885,20523940.0,50.027903767989514
10.29,-559887.4128432386,20522210.0,50.027907274173536
10.3,-559829.6512731338,20520610.0,50.02790936371224
10.31,-559576.8581753192,20519170.0,50.02790953851587
10.32,-559103.2700952782,20517920.0,50.027907318788714
10.33,-558391.5879321921,20516880.0,50.02790227409275
10.34,-557435.3552610489,20516080.0,50.02789405608624
10.35,-556241.0166540132,20515510.0,50.02788243121641
10.36,-554829.4900333417,20515170.0,50.027867311395745
10.37,-553237.1051951656,20515050.0,50.02784878070287
10.38,-551515.7756165932,20515100.0,50.02782711604613
10.39,-549732.2917415203,20515270.0,50.02780279975124
10.4,-547966.704972964,20515500.0,50.027776522840874
10.41,-546309.7810088866,20515710.0,50.0277491774899
10.42,-544859.5584154245,20515800.0,50.027721837850336
10.43,-543717.1128498616,20515670.0,50.02769572909457
10.44,-542981.6681254349,20515230.0,50.0276721849371
10.45,-542745.2553888655,20514380.0,50.02765259473389
10.46,-543087.1558664305,20513020.0,50.027638341750624
10.47,-544068.4067798427,20511080.0,50.02763073498912
10.48,-545726.6508132361,20508490.0,50.027630937199355
10.49,-548071.6442180265,20505220.0,50.02763989258886
10.5,-551081.7055960615,20501250.0,50.02765825761506
10.51,-554701.3805441736,20496610.0,50.027686338731726
10.52,-558840.547010533,20491360.0,50.0277240407237
10.53,-563375.123220027,20485570.0,50.027770828988515
10.54,-568149.5125119798,20479390.0,50.02782570925679
10.55,-572980.7811512448,20472960.0,50.027887226715976
10.56,-577664.5287105003,20466460.0,50.027953486621094
10.57,-581982.3067523094,20460100.0,50.02802219715392
10.58,-585710.3546239279,20454100.0,50.02809073437034
10.59,-588629.3448885743,20448690.0,50.02815622807266
10.6,-590534.7654582734,20444070.0,50.02821566642653
10.61,-591247.4936437213,20440460.0,50.02826601589633
10.62,-590624.0858219299,20438040.0,50.02830435229464
10.63,-588566.2894139903,20436940.0,50.02832799792035
10.64,-585029.2838668741,20437270.0,50.028334659086916
10.65,-580028.1767339758,20439070.0,50.02832255786372
10.66,-573642.3015954985,20442330.0,50.028290551352384
10.67,-566016.9833051043,20446960.0,50.02823823263719
10.68,-557362.4917680318,20452830.0,50.02816600727289
10.69,-547950.0189265704,20459710.0,50.02807514006676
10.7,-538104.6453578614,20467350.0,50.027967767944205
10.71,-528195.3770362684,20475410.0,50.027846875617556
10.72,-518622.5197472529,20483520.0,50.027716232916305
10.73,-509802.7544342177,20491290.0,50.027580293522945
10.74,-502152.4163390711,20498300.0,50.02744405690201
10.75,-496069.6282996923,20504130.0,50.02731289733523
10.76,-491916.01341817534,20508390.0,50.02719236532101
10.77,-489998.7616714428,20510700.0,50.027087968066
10.78,-490553.88848458277,20510770.0,50.027004937602
10.79,-493731.53408893594,20508360.0,50.026947996178684
10.8,-499584.0401936381,20503320.0,50.026921128338195
10.81,-508057.5105527878,20495600.0,50.02692737029521
10.82,-518987.4266218904,20485240.0,50.02696862659094
10.83,-532098.7271971942,20472420.0,50.027045523269486
10.84,-547010.5870425358,20457410.0,50.02715730579962
10.85,-563245.9097604685,20440590.0,50.02730178811047
10.86,-580245.3752990296,20422440.0,50.02747535770445
10.87,-597385.6618838635,20403510.0,50.027673039316745
10.88,-614001.275803703,20384440.0,50.02788861743179
10.89,-629409.2553163483,20365880.0,50.02811481561462
10.9,-642935.8572657425,20348520.0,50.0283435280592
10.91,-653944.2398064942,20333030.0,50.02856609675976
10.92,-661862.0551014963,20320050.0,50.02877362524142
10.93,-666207.8641532809,20310150.0,50.028957318513854
10.94,-666615.2588516659,20303810.0,50.02910883687167
10.95,-662853.603839297,20301400.0,50.02922064998773
10.96,-654844.4322001517,20303160.0,50.02928637760697
10.97,-642672.6114771966,20309150.0,50.02930110229419
10.98,-626591.5546435972,20319290.0,50.02926164018705
10.99,-607021.9419436291,20333330.0,50.02916675655449
11.0,-584543.6376641545,20350860.0,50.02901731432362
11.01,-559880.7551817226,20371280.0,50.02881634600502
11.02,-533880.0791855636,20393870.0,50.02856904170957
11.03,-507483.35567845823,20417800.0,50.028282649288144
11.04,-481694.23991495627,20442110.0,50.02796628589875
11.05,-457541.0045724458,20465810.0,50.02763066452215
11.06,-436036.33861394273,20487850.0,50.02728774235885
11.07,-418135.79565697676,20507240.0,50.02695030216802
11.08,-404696.6316178637,20523020.0,50.02663148140901
11.09,-396438.7976253615,20534330.0,50.02634426627398
11.1,-393909.8895935414,20540440.0,50.02610097077176
11.11,-397455.7535512672,20540820.0,50.02591272221564
11.12,-407198.2339500808,20535110.0,50.02578897467858
11.13,-423021.313942511,20523200.0,50.025737071961274
11.14,-444566.5133151505,20505200.0,50.02576187940626
11.15,-471238.0314259679,20481460.0,50.025865501789546
11.16,-502217.6941865549,20452590.0,50.026047101107906
11.17,-536489.3153368658,20419410.0,50.026302823953
11.18,-572871.7004949157,20382920.0,50.02662584429519
11.19,-610059.1269863305,20344310.0,50.02700652254428
11.2,-646667.8252405724,20304890.0,50.027432677437254
11.21,-681286.7770770512,20266030.0,50.02788996337566
11.22,-712530.9603715416,20229160.0,50.02836234150752
11.23,-739095.0828694582,20195650.0,50.028832629485066
11.24,-759805.8429231045,20166810.0,50.02928311200369
11.25,-773670.7785113638,20143820.0,50.02969619147139
11.26,-779921.8967706211,20127660.0,50.030055056798616
11.27,-778052.3931649028,20119110.0,50.03034434654266
11.28,-767844.9415344384,20118670.0,50.030550781954084
11.29,-749390.2630389503,20126560.0,50.030663745585144
11.3,-723094.9341629893,20142690.0,50.03067578172288
11.31,-689677.6701965753,20166650.0,50.03058299616231
11.32,-650153.6731626354,20197720.0,50.030385335439966
11.33,-605807.0387629755,20234880.0,50.03008672914253
11.34,-558151.6253285191,20276870.0,50.02969508282521
11.35,-508881.27116308885,20322150.0,50.029222114582396
11.36,-459810.75523741025,20369040.0,50.02868303449854
11.37,-412809.39294750476,20415710.0,50.028096072859185
11.38,-369729.640931804,20460320.0,50.02748187022264
11.39,-332333.4536051397,20500990.0,50.02686274892532
11.4,-302219.44431786507,20535960.0,50.02626189232835
11.41,-280754.06580796314,20563650.0,50.02570246354956
11.42,-269009.97614517895,20582680.0,50.025206698970734
11.43,-267714.587481146,20591980.0,50.02479501459906
11.44,-277211.38879285887,20590830.0,50.0244851632352
11.45,-297436.1190808804,20578870.0,50.024291479258096
11.46,-327909.162143097,20556180.0,50.02422424380648
11.47,-367744.76790938317,20523230.0,50.02428919805948
11.48,-415676.92557904765,20480910.0,50.024487226071855
11.49,-470100.894306284,20430480.0,50.02481422067825
11.5,-529128.7253928097,20373560.0,50.02526113885774
11.51,-590656.4929216548,20312020.0,50.02581424481075
11.52,-652440.504189261,20247980.0,50.026455531920156
11.53,-712179.4993713635,20183670.0,50.027163308655275
11.54,-767599.7079444183,20121400.0,50.02791292773878
11.55,-816539.6645549154,20063440.0,50.028677633815654
11.56,-857031.8134513921,20011950.0,50.02942950132196
11.57,-887378.1329971635,19968900.0,50.03014043162158
11.58,-906217.2946211505,19935990.0,50.030783177015024
11.59,-912581.182908674,19914590.0,50.031332358345104
11.6,-905938.8516719545,19905650.0,50.031765441708295
11.61,-886226.2804488866,19909700.0,50.032063639936354
11.62,-853860.6346820694,19926830.0,50.03221270565468
11.63,-809738.0214522372,19956590.0,50.03220358358143
11.64,-755214.1293422238,19998110.0,50.03203289275763
11.65,-692067.5659796428,20050020.0,50.03170321290264
11.66,-622446.2630875391,20110550.0,50.03122315484154
11.67,-548797.9384739088,20177540.0,50.03060720172271
11.68,-473786.31982112693,20248560.0,50.029875316382814
11.69,-400195.59049440094,20320930.0,50.029052319942004
11.7,-330826.28142508364,20391870.0,50.02816705743486
11.71,-268386.52357383125,20458590.0,50.02725137707142
11.72,-215383.08358258655,20518370.0,50.0263389594272
11.73,-174017.00658651604,20568710.0,50.02546404267774
11.74,-146088.75115924602,20607400.0,50.02466009633005
11.75,-132917.46311849408,20632650.0,50.023958499906215
11.76,-135278.52529647696,20643140.0,50.02338728437593
11.77,-153362.67972244113,20638090.0,50.02296999149416
11.78,-186758.99240491207,20617310.0,50.02272470125835
11.79,-234462.67702140682,20581210.0,50.02266326893635
11.8,-294907.532996543,20530800.0,50.022790803302854
11.81,-366021.4888270708,20467650.0,50.02310540584185
11.82,-445302.61546839215,20393820.0,50.02359817862639
11.83,-529912.0867680087,20311820.0,50.024253497243166
11.84,-616779.8885066165,20224480.0,50.02504953409376
11.85,-702718.7498489743,20134880.0,50.02595900895184
11.86,-784541.7426369812,20046210.0,50.02695013707099
11.87,-859181.2237317318,19961650.0,50.02798776645938
11.88,-923804.4801125596,19884260.0,50.02903465101931
11.89,-975918.721697591,19816890.0,50.03005277559575
11.9,-1013459.7804089747,19762020.0,50.03100467341556
11.91,-1034863.089419967,19721720.0,50.031854713938884
11.92,-1039118.9632723391,19697560.0,50.032570361229354
11.93,-1025815.0827618894,19690540.0,50.03312340144831
11.94,-995163.6687843369,19701070.0,50.033491069416115
11.95,-948008.8594035929,19728950.0,50.0336570029971
11.96,-885812.1288737713,19773330.0,50.033611987795936
11.97,-810615.0484584906,19832750.0,50.033354459489196
11.98,-724979.6306103931,19905160.0,50.03289073607024
11.99,-631907.2584059876,19988010.0,50.0322349590501
12.0,-534738.0218366001,20078290.0,50.03140873227285
12.01,-437033.2143085376,20172660.0,50.03044045898466
12.02,-342444.41939264286,20267570.0,50.029364387266185
12.03,-254570.01841302624,20359360.0,50.02821934327748
12.04,-176806.6732341732,20444430.0,50.02704723365385
12.05,-112207.90032026137,20519390.0,50.025891435957284
12.06,-63359.1839149865,20581180.0,50.024795158131106
12.07,-32274.28322218242,20627220.0,50.02379981405306
12.08,-20315.738701260183,20655490.0,50.022943471465275
12.09,-28138.9180641055,20664630.0,50.02225939287692
12.1,-55657.264012713684,20653990.0,50.021774684149776
12.11,-102033.32288155943,20623660.0,50.02150915792851
12.12,-165701.44048514462,20574460.0,50.02147450694977
12.13,-244422.79544700353,20507970.0,50.021673816194976
12.14,-335369.9063840997,20426430.0,50.022101422790065
12.15,-435235.7696242845,20332660.0,50.02274311835345
12.16,-540361.6752037995,20229970.0,50.02357667470234
12.17,-646877.2343865266,20122020.0,50.02457266187393
12.18,-750848.1557995654,20012670.0,50.02569554456079
12.19,-848429.0819072349,19905880.0,50.026905048173
12.2,-936011.0848902629,19805470.0,50.02815767264853
12.21,-1010352.484543528,19715060.0,50.02940824229497
12.22,-1068688.9119401257,19637890.0,50.030611460782204
12.23,-1108822.2055069369,19576730.0,50.03172344569432
12.24,-1129188.5354781188,19533770.0,50.032703209847476
12.25,-1128906.050156655,19510570.0,50.03351405333657
12.26,-1107804.5572847475,19508030.0,50.034124861395135
12.27,-1066442.2729388524,19526300.0,50.034511329896006
12.28,-1006105.6721124903,19564840.0,50.03465702067227
12.29,-928784.8762632278,19622350.0,50.03455414232033
12.3,-837121.5183125038,19696840.0,50.034204017334396
12.31,-734329.3167183175,19785680.0,50.033617212603374
12.32,-624089.2627099004,19885650.0,50.03281331719885
12.33,-510422.4841986105,19993070.0,50.03182036249181
12.34,-397544.4304539567,20103910.0,50.03067388756761
12.35,-289699.54227732547,20213970.0,50.029415599120306
12.36,-190985.7094500374,20318990.0,50.02809172810401
12.37,-105184.14862757549,20414890.0,50.02675123176369
12.38,-35606.12576591177,20497870.0,50.025443928815335
12.39,15037.836373904604,20564640.0,50.02421861994062
12.4,44742.51125900075,20612470.0,50.023121258416246
12.41,52283.30239562021,20639360.0,50.02219323960661
12.42,37260.47880179511,20644090.0,50.02146987069421
12.43,117.84193717845483,20626260.0,50.020978992945864
12.44,-57864.27289378649,20586320.0,50.020739828007535
12.45,-134608.7761092396,20525540.0,50.02076218039551
12.46,-227317.64228125944,20445990.0,50.021046052942765
12.47,-332580.37444013904,20350490.0,50.021581668928384
12.48,-446508.5689129469,20242440.0,50.02234988002257
12.49,-564888.6534740455,20125720.0,50.02332292489713
12.5,-683345.2637970133,20004560.0,50.024465501261275
12.51,-797514.2831769304,19883320.0,50.02573618383606
12.52,-903214.1729022759,19766380.0,50.02708905141071
12.53,-996600.9934771698,19657910.0,50.028475378485794
12.54,-1074300.0278043386,19561750.0,50.02984533721472
12.55,-1133513.1129368518,19481290.0,50.03114968724584
12.56,-1172102.428182042,19419320.0,50.03234142122528
12.57,-1188651.586195432,19377970.0,50.033377329681564
12.58,-1182504.4589458976,19358680.0,50.03421944619966
12.59,-1153782.932751437,19362080.0,50.03483634798979
12.6,-1103391.54833711,19388060.0,50.0352043738322
12.61,-1033006.0366477844,19435710.0,50.03530865998959
12.62,-945036.6780262755,19503370.0,50.035143867505575
12.63,-842562.1038141206,19588610.0,50.03471455195335
12.64,-729233.9545817592,19688360.0,50.03403515923408
12.65,-609154.9996851581,19798980.0,50.03312963738762
12.66,-486734.6845870161,19916350.0,50.03203066668856
12.67,-366522.86099353485,20036060.0,50.03077846973226
12.68,-253025.443508355,20153570.0,50.02941922038184
12.69,-150516.86683988356,20264380.0,50.028003206121184
12.7,-62865.71578455635,20364200.0,50.02658288614601
12.71,6618.355888731545,20449170.0,50.02521089961023
12.72,55311.71999522997,20515970.0,50.02393808802063
12.73,81374.38815837936,20562000.0,50.02281160345249
12.74,83815.31031433394,20585400.0,50.02187317557889
12.75,62523.73305401916,20585180.0,50.02115760072117
12.76,18272.75467676844,20561240.0,50.02069142247551
12.77,-47303.27760483121,20514340.0,50.02049185865701
12.78,-131764.20476582303,20446130.0,50.02056610963831
12.79,-231955.9442012988,20359040.0,50.020911110746354
12.8,-344134.6988350329,20256230.0,50.0215137107739
12.81,-464115.90462511824,20141440.0,50.02235124455924
12.82,-587439.0661931304,20018850.0,50.02339245468067
12.83,-709542.9697589907,19892930.0,50.02459875132682
12.84,-825946.639762386,19768230.0,50.02592578429306
12.85,-932422.3279752271,19649250.0,50.027325171624625
12.86,-1025146.8537974629,19540190.0,50.02874625364897
12.87,-1100827.1075393008,19444900.0,50.030137842338576
12.88,-1156799.889243145,19366660.0,50.03144993912771
12.89,-1191107.2823125,19308140.0,50.032635387691336
12.9,-1202548.6517252787,19271290.0,50.033651425370785
12.91,-1190709.827849771,19257310.0,50.03446109413064
12.92,-1155971.708424499,19266620.0,50.03503449867714
12.93,-1099505.9422970237,19298840.0,50.03534996614024
12.94,-1023253.9671156434,19352790.0,50.03539500078617
12.95,-929880.2406951321,19426540.0,50.03516690947869
12.96,-822695.911248988,19517420.0,50.03467305705273
12.97,-705553.8633052553,19622110.0,50.03393073937418
12.98,-582718.2375188023,19736770.0,50.03296666919768
12.99,-458712.53925681795,19857140.0,50.0318160786787
13.0,-338145.6234760025,19978680.0,50.030521382861906
13.01,-225523.54209635966,20096790.0,50.029130485105064
13.02,-125063.94107019855,20206970.0,50.02769488764336
13.03,-40527.034488905454,20304990.0,50.02626771957933
13.04,24930.191444396274,20387100.0,50.02490173494715
13.05,68872.43695275811,20450130.0,50.02364734732121
13.06,89674.04720253474,20491660.0,50.02255077297182
13.07,86573.98604016303,20510060.0,50.02165235373464
13.08,59696.88812429033,20504560.0,50.02098511610895
13.09,10048.332680422522,20475300.0,50.020573512995895
13.1,-60516.20104428567,20423270.0,50.02043243726515
13.11,-149356.31482344388,20350340.0,50.02056664307221
13.12,-253147.36993052711,20259140.0,50.020970610138846
13.13,-368011.6628075312,20153000.0,50.02162882686749
13.14,-489672.03261739324,20035790.0,50.022516455990385
13.15,-613619.0637630571,19911800.0,50.023600336333786
13.16,-735288.2282393186,19785530.0,50.024840329750766
13.17,-850239.7781087805,19661550.0,50.02619094400864
13.18,-954326.8313498844,19544290.0,50.02760307331713
13.19,-1043839.8751013381,19437910.0,50.02902574808474
13.2,-1115625.242577222,19346110.0,50.030407873995856
13.21,-1167178.2653668704,19272050.0,50.03169993173788
13.22,-1196712.416493155,19218230.0,50.03285560375915
13.23,-1203205.4659727137,19186430.0,50.03383329148402
13.24,-1186423.1558782144,19177690.0,50.03459748455996
13.25,-1146924.3779153368,19192230.0,50.03511999357194
13.26,-1086053.5525364503,19229500.0,50.03538107010578
13.27,-1005914.8708482794,19288140.0,50.035370297167425
13.28,-909319.5702534777,19366070.0,50.0350871358845
13.29,-799703.745850169,19460450.0,50.03454110059632
13.3,-681018.1246792978,19567870.0,50.033751550564595
13.31,-557593.1695960863,19684370.0,50.03274709566311
13.32,-433983.4948891002,19805610.0,50.03156461848324
13.33,-314789.8360903338,19927050.0,50.030247845725064
13.34,-204469.6509274409,20044080.0,50.028845594670976
13.35,-107154.17031490273,20152240.0,50.02740986156091
13.36,-26483.96498939779,20247410.0,50.025993839387596
13.37,34531.201383898035,20325940.0,50.02464991919431
13.38,73624.45490430412,20384830.0,50.023427742895066
13.39,89352.82756455254,20421800.0,50.02237237997972
13.4,81144.90585712809,20435410.0,50.021522698177314
13.41,49315.55381774611,20425100.0,50.02090996786747
13.42,-4944.117610809219,20391180.0,50.02055665117783
13.43,-79604.44233261578,20334830.0,50.02047549362376
13.44,-171869.85961088794,20258090.0,50.02066904007041
13.45,-278286.5658140533,20163750.0,50.02112959063656
13.46,-394879.1284990697,20055280.0,50.0218395689345
13.47,-517307.6753055757,19936630.0,50.02277226352122
13.48,-641037.0723250523,19812160.0,50.02389289774587
13.49,-761515.7307415709,19686390.0,50.02516004974436
13.5,-874354.2931174006,19563890.0,50.026527313221955
13.51,-975489.2053486335,19449030.0,50.02794504336197
13.52,-1061321.7429168858,19345880.0,50.02936210674748
13.53,-1128831.0179442489,19258050.0,50.03072761484992
13.54,-1175661.924651776,19188540.0,50.031992611224275
13.55,-1200189.3213006686,19139720.0,50.03311167809774
13.56,-1201559.364322277,19113220.0,50.034044425256894
13.57,-1179708.5150560467,19109880.0,50.03475682408225
13.58,-1135366.062657265,19129760.0,50.03522242268797
13.59,-1070043.4169949433,19172150.0,50.03542342859916
13.6,-986003.1388457523,19235520.0,50.03535153193794
13.61,-886199.7981567569,19317620.0,50.035008372236774
13.62,-774191.4590855022,19415490.0,50.03440563142077
13.63,-654023.7619259408,19525570.0,50.0335647421476
13.64,-530090.2312814028,19643820.0,50.03251621087904
13.65,-406971.6073405459,19765840.0,50.031298543226775
13.66,-289254.2541898912,19887050.0,50.02995673360285
13.67,-181340.64053483197,20002870.0,50.02854046327574
13.68,-87269.7418345923,20108890.0,50.02710217003029
13.69,-10557.460508367862,20201080.0,50.02569505690714
13.7,45937.77476047375,20275910.0,50.02437109833778
13.71,80120.6605433569,20330530.0,50.02317911316349
13.72,90733.03622459027,20362850.0,50.022162977123344
13.73,77394.1478492312,20371600.0,50.02136004360539
13.74,40609.77684831037,20356410.0,50.02079978541656
13.75,-18243.499663261347,20317780.0,50.02050264076172
13.76,-96963.18075909687,20257090.0,50.02047918899929
13.77,-192601.3237027694,20176540.0,50.02072976240727
13.78,-301579.01345461095,20079080.0,50.021244493161745
13.79,-419828.11499366316,19968280.0,50.022003765455345
13.8,-542951.6999569751,19848220.0,50.02297903111839
13.81,-666394.8829078996,19723290.0,50.0241339458623
13.82,-785625.0154776559,19598040.0,50.025425860508896
13.83,-896308.9271266346,19477020.0,50.0268075176621
13.84,-994471.7611466665,19364550.0,50.02822880064864
13.85,-1076630.3426481846,19264600.0,50.029638481363506
13.86,-1139900.5800014222,19180670.0,50.03098594605311
13.87,-1182080.084751944,19115620.0,50.032222867682854
13.88,-1201707.2868221265,19071680.0,50.03330479000538
13.89,-1198097.870436369,19050290.0,50.03419258596493
13.9,-1171359.2421610146,19052150.0,50.03485375682555
13.91,-1122390.4873404067,19077140.0,50.03526362873847
13.92,-1052868.240953168,19124360.0,50.03540639197024
13.93,-965209.9770134786,19192140.0,50.035275849947766
13.94,-862508.4958366395,19278060.0,50.034875806898924
13.95,-748437.2689951624,19379030.0,50.03422007850757
13.96,-627129.0435986985,19491380.0,50.033332116714824
13.97,-503031.6394858366,19610970.0,50.03224425119013
13.98,-380742.1590255383,19733350.0,50.03099651494642
13.99,-264822.49161474296,19853920.0,50.029635059862244
14.0,-159610.7148499369,19968130.0,50.02821031646728
14.01,-69045.262557938,20071640.0,50.02677504669491
14.02,3489.592961626826,20160510.0,50.025382346487746
14.03,55292.23400473781,20231340.0,50.024083660374785
14.04,84442.76946265367,20281450.0,50.02292687852966
14.05,89869.93306267139,20308910.0,50.02195458872387
14.06,71383.94857350993,20312660.0,50.02120254969476
14.07,29680.17372297641,20292490.0,50.02069837165754
14.08,-33682.2703523775,20249110.0,50.02046042129389
14.09,-116332.5975336635,20184070.0,50.020497084972114
14.1,-215176.5599675979,20099750.0,50.020806477130044
14.11,-326517.4574354979,19999240.0,50.02137657733211
14.12,-446202.67472836905,19886240.0,50.02218576467071
14.13,-569786.9486596148,19764890.0,50.0232037051376
14.14,-692705.7863075045,19639650.0,50.024392568456776
14.15,-810455.8325310126,19515080.0,50.02570857191812
14.16,-918769.0766005213,19395680.0,50.027103698270125
14.17,-1013766.4231928167,19285720.0,50.02852744604178
14.18,-1092085.5081386217,19189080.0,50.02992857574788
14.19,-1150982.7279678704,19109120.0,50.031256827146684
14.2,-1188410.7706139123,19048580.0,50.032464575851535
14.21,-1203072.849793627,19009520.0,50.03350839377686
14.22,-1194454.3133297837,18993220.0,50.034350475115055
14.23,-1162832.7716414444,19000210.0,50.034959901044076
14.24,-1109275.6324382075,19030200.0,50.03531381724616
14.25,-1035622.3415350108,19082130.0,50.03539842521396
14.26,-944441.8767797969,19154160.0,50.035209656154166
14.27,-838960.8231894418,19243710.0,50.034753477815286
14.28,-722962.6087864467,19347570.0,50.03404582202432
14.29,-600660.7536140489,19461950.0,50.03311212607914
14.3,-476550.2118165401,19582630.0,50.03198649167372
14.31,-355236.6393725427,19705120.0,50.03071041189997
14.32,-241249.51145750214,19824820.0,50.0293311178175
14.33,-138855.11366722296,19937190.0,50.02789970626886
14.34,-51884.83282522566,20037970.0,50.026469178288316
14.35,16414.053158099763,20123320.0,50.02509243880859
14.36,63500.77749276196,20190010.0,50.023820323002475
14.37,87633.4067969385,20235480.0,50.022699721060626
14.38,87928.54298833519,20258000.0,50.02177187233669
14.39,64387.046334826795,20256690.0,50.02107089024918
14.4,17892.475008817506,20231540.0,50.02062248131539
14.41,-49816.1909157972,20183430.0,50.02044291568345
14.42,-136204.35959594412,20114120.0,50.02053838464607
14.43,-238037.50651850508,20026120.0,50.02090480267414
14.44,-351508.3215417275,19922680.0,50.021528032766206
14.45,-472387.5575173517,19807600.0,50.022384500478026
14.46,-596189.6745013496,19685120.0,50.02344215006781
14.47,-718348.4789278852,19559710.0,50.02466173943239
14.48,-834397.3225459047,19435950.0,50.02599843321006
14.49,-940139.8402926119,19318290.0,50.02740353674003
14.5,-1031798.162173925,19210940.0,50.02882624682184
14.51,-1106135.1466106952,19117680.0,50.03021539436111
14.52,-1160551.074074063,19041740.0,50.0315211517396
14.53,-1193156.116618197,18985720.0,50.032696672006416
14.54,-1202819.6664783892,18951510.0,50.033699623508475
14.55,-1189197.1297350898,18940240.0,50.03449358203146
14.56,-1152737.1301706177,18952250.0,50.03504927768009
14.57,-1094675.9738664106,18987100.0,50.03534573854647
14.58,-1017015.0211409708,19043560.0,50.035371221038105
14.59,-922471.9173705915,19119610.0,50.035123806542835
14.6,-814402.3733883925,19212540.0,50.03461162832507
14.61,-696693.5913746399,19319000.0,50.03385271651669
14.62,-573632.4973493344,19435090.0,50.032874456851296
14.63,-449752.7804680554,19556540.0,50.031712665816116
14.64,-329659.5120296715,19678800.0,50.03041022088451
14.65,-217840.56627892825,19797280.0,50.029015344911166
14.66,-118482.04623901268,19907480.0,50.02757970987848
14.67,-35300.973630386754,20005220.0,50.026156462093006
14.68,28598.440264330828,20086780.0,50.02479822205137
14.69,70840.94847458194,20149060.0,50.02355512611606
14.7,89865.76118858985,20189670.0,50.02247298182089
14.71,84978.95535471238,20207070.0,50.021591607651
14.72,56372.01766050473,20200560.0,50.02094341214344
14.73,5115.23629399878,20170320.0,50.02055215185018
14.74,-66875.36425544391,20117430.0,50.02043196897219
14.75,-156905.50882367772,20043810.0,50.02058684527776
14.76,-261605.70420770659,19952150.0,50.021010498247456
14.77,-377064.2983742778,19845810.0,50.021686694008174
14.78,-498982.3651133933,19728720.0,50.02258993973812
14.79,-622841.6144064437,19605160.0,50.023686509215004
14.8,-744082.0409623035,19479660.0,50.024935814147575
14.81,-858281.3771933301,19356780.0,50.02629204026539
14.82,-961321.6907045897,19240930.0,50.02770589075638
14.83,-1049532.066393664,19136250.0,50.029126336768684
14.84,-1119805.2239932236,19046390.0,50.03050235483094
14.85,-1169688.8680195757,18974470.0,50.031784622332296
14.86,-1197453.0829540829,18922930.0,50.03292713715699
14.87,-1202134.7629011942,18893510.0,50.0338887247064
14.88,-1183559.581217833,18887170.0,50.03463439418472
14.89,-1142346.2811747347,18904090.0,50.0351365660411
14.9,-1079898.0957919557,18943640.0,50.03537618033771
14.91,-998375.2333609244,19004420.0,50.03534356413499
14.92,-900639.8110935312,19084280.0,50.035038948987264
14.93,-790171.3659514108,19180340.0,50.03447261683439
14.94,-670954.5513909628,19289140.0,50.03366466189083
14.95,-547342.512211199,19406680.0,50.03264436708147
14.96,-423899.6830011335,19528620.0,50.03144919443936
14.97,-305222.29514956893,19650380.0,50.03012332434727
14.98,-195748.56264127517,19767370.0,50.0287158810659
14.99,-99576.95470702136,19875160.0,50.02727901620592
15.0,-20303.621562179876,19969640.0,50.02586592441941
15.01,39115.576391295064,20047220.0,50.02452884723822
15.02,76474.76566633221,20104950.0,50.023317133683356
15.03,90396.5455241137,20140610.0,50.0222754298964
15.04,80377.0082936362,20152830.0,50.02144206765786
15.05,46798.36976536625,20141110.0,50.02084768362687
15.06,-9083.126779917744,20105830.0,50.02051402897617
15.07,-85177.35584432929,20048240.0,50.020453089898886
15.08,-178635.60206407122,19970440.0,50.02066663645759
15.09,-285960.49670482817,19875260.0,50.02114620981977
15.1,-403144.37694078666,19766230.0,50.02187351974011
15.11,-525827.5861606896,19647320.0,50.022821211928694
15.12,-649468.2151139886,19522920.0,50.02395396095628
15.13,-769521.3212126428,19397560.0,50.02522991423691
15.14,-881617.0751217187,19275780.0,50.02660236509941
15.15,-981722.7451544957,19161960.0,50.02802150058064
15.16,-1066279.8230907929,19060130.0,50.029436151169406
15.17,-1132315.1078488664,18973840.0,50.03079552169635
15.18,-1177526.7921527321,18906070.0,50.03205087327891
15.19,-1200346.8647402958,18859120.0,50.0331571219927
15.2,-1199980.7118684328,18834560.0,50.03407431694659
15.21,-1176424.5263660317,18833190.0,50.03476896210294
15.22,-1130467.0334766447,18855000.0,50.035215226283015
15.23,-1063677.6329798265,18899210.0,50.03539601090646
15.24,-978373.3672385672,18964250.0,50.03530374655334
15.25,-877557.4911676684,19047800.0,50.0349408317298
15.26,-764828.7611414178,19146870.0,50.0343196967735
15.27,-644263.5724789617,19257840.0,50.03346248281307
15.28,-520274.67579037196,19376650.0,50.032400336178206
15.29,-397448.5889106858,19498870.0,50.031172297177505
15.3,-280362.8976890513,19619940.0,50.02982376297705
15.31,-173397.09769912733,19735260.0,50.02840467279608
15.32,-80554.43458430318,19840450.0,50.026967572655664
15.33,-5304.194801270845,19931530.0,50.02556562249787
15.34,49550.55374212132,20005000.0,50.02425060575075
15.35,81976.25072584371,20058090.0,50.02307101130151
15.36,90780.36931499746,20088730.0,50.02207025972816
15.37,75649.08063259925,20095760.0,50.02128514281944
15.38,37154.33323550265,20078850.0,50.02074448076037
15.39,-23263.888425039884,20038570.0,50.02046798894284
15.4,-103344.84551108134,19976370.0,50.02046548309795
15.41,-200090.10212361958,19894510.0,50.020736524098375
15.42,-309880.19338849175,19795980.0,50.02127049597941
15.43,-428617.9903485277,19684400.0,50.02204708640326
15.44,-551890.0929079987,19563870.0,50.02303712714262
15.45,-675138.4047652258,19438810.0,50.02420375629754
15.46,-793840.316505488,19313770.0,50.02550392734504
15.47,-903685.088237163,19193280.0,50.02689011563628
15.48,-1000730.9688677532,19081640.0,50.02831206817178
15.49,-1081536.6892021082,18982800.0,50.02971855108635
15.5,-1143267.003375867,18900200.0,50.03105907244443
15.51,-1183773.533814771,18836670.0,50.03228554918214
15.52,-1201652.1596298576,18794360.0,50.03335388275419
15.53,-1196277.7439345142,18774690.0,50.03422540611987
15.54,-1167817.0457857219,18778260.0,50.034868170486966
15.55,-1117227.9325924804,18804920.0,50.03525813672566
15.56,-1046244.1421015081,18853710.0,50.035380199540626
15.57,-957336.509586503,18922890.0,50.03522890937268
15.58,-853645.1284129533,19009990.0,50.034808831201005
15.59,-738882.4897925882,19111880.0,50.03413452585236
15.6,-617210.1590811948,19224840.0,50.033230145333285
15.61,-493093.0327290599,19344700.0,50.03212864591548
15.62,-371131.7202518608,19467010.0,50.03087057789111
15.63,-255877.0413692373,19587160.0,50.0295024750983
15.64,-151641.89951930894,19700610.0,50.02807500288592
15.65,-62326.996243188856,19803030.0,50.02664100707314
15.66,8731.704916455317,19890540.0,50.02525351627126
15.67,58889.25118158187,19959780.0,50.02396376096125
15.68,86288.35607525695,20008130.0,50.02281928052001
15.69,89923.751017706,20033720.0,50.02186219013072
15.7,69672.54111147043,20035540.0,50.02112767231607
15.71,26295.915617008985,20013480.0,50.02064267248394
15.72,-38584.32485215785,19968290.0,50.020424827075935
15.73,-122540.46200481412,19901600.0,50.02048175864488
15.74,-222429.56160809065,19815830.0,50.02081081620899
15.75,-334516.5457429269,19714130.0,50.021399242700625
15.76,-454622.2033097541,19600230.0,50.02222473706273
15.77,-578287.2829459538,19478310.0,50.02325636559611
15.78,-700946.6229381245,19352830.0,50.02445580511199
15.79,-818109.4315425318,19228360.0,50.025778903679985
15.8,-925532.3388590948,19109390.0,50.02717740472056
15.81,-1019371.1899350544,19000160.0,50.02860069821897
15.82,-1096306.9844066931,18904510.0,50.0299975661368
15.83,-1153646.075776051,18825770.0,50.031317896368876
15.84,-1189395.9413541341,18766620.0,50.03251433333546
15.85,-1202317.6928222897,18729060.0,50.03354382939309
15.86,-1191955.9834613958,18714330.0,50.034369058922024
15.87,-1158648.183123614,18722890.0,50.034959677875705
15.88,-1103520.8999550245,18754390.0,50.0352934900958
15.89,-1028470.4964132705,18807710.0,50.035357416993776
15.9,-936118.3190014854,18880960.0,50.03514814384593
15.91,-829736.5179116442,18971510.0,50.03467239845958
15.92,-713145.2119678278,19076090.0,50.033946849635825
15.93,-590583.9620028511,19190880.0,50.03299761953799
15.94,-466561.5726913996,19311630.0,50.03185941289659
15.95,-345683.6040484678,19433860.0,50.03057420853568
15.96,-232464.82923453557,19552930.0,50.02918958367006
15.97,-131143.1383396561,19664350.0,50.027756834
15.98,-45509.46036899241,19763880.0,50.026329008073965
15.99,21239.44816163578,19847720.0,50.024958907488184
16.0,66621.16453911341,19912670.0,50.023697118884236
16.01,88957.52198076237,19956260.0,50.02259014935062
16.02,87431.74259824783,19976800.0,50.02167873680386
16.03,62111.62062362494,19973480.0,50.02099639424351
16.04,13946.108722744917,19946370.0,50.02056814355353
16.05,-55264.02599634166,19896420.0,50.02040950991567
16.06,-142928.6149394677,19825430.0,50.020525912124455
16.07,-245766.2352375967,19735980.0,50.020912496821104
16.08,-359933.3561486269,19631360.0,50.0215543941532
16.09,-481176.5708708924,19515410.0,50.02242735911777
16.1,-604998.9762736366,19392390.0,50.02349875126768
16.11,-726836.3860881797,19266790.0,50.024728854784385
16.12,-842237.3001490631,19143180.0,50.0260724872622
16.13,-947032.3906307227,19026010.0,50.02748073901919
16.14,-1037480.8601212369,18919450.0,50.028902723797195
16.15,-1110390.7468789995,18827240.0,50.03028731975762
16.16,-1163213.7556734285,18752560.0,50.03158487276421
16.17,-1194115.9268964895,18697980.0,50.03274882854771
16.18,-1202025.2363722273,18665320.0,50.03373725774048
16.19,-1186656.6830636854,18655660.0,50.034514235410555
16.2,-1148518.550490599,18669270.0,50.03505108229105
16.21,-1088905.8719455886,18705660.0,50.03532749674584
16.22,-1009876.092999012,18763520.0,50.035332463031914
16.23,-914198.0345065896,18840810.0,50.03506481970514
16.24,-805271.3965565587,18934740.0,50.034533457592346
16.25,-687018.1425570366,19041930.0,50.03375713566554
16.26,-563749.0077761428,19158450.0,50.03276391081438
16.27,-440009.07549350016,19279980.0,50.031590183655915
16.28,-320400.75211559917,19401990.0,50.030279294134
16.29,-209394.64784710197,19519870.0,50.028879784588895
16.3,-111146.03221124661,19629150.0,50.02744349685821
16.31,-29329.29768286762,19725680.0,50.026023595025634
16.32,33003.662717068684,19805780.0,50.02467256702155
16.33,73537.3017176236,19866390.0,50.02344027299049
16.34,90775.41725735087,19905220.0,50.02237211288902
16.35,84090.95918300911,19920750.0,50.02150738339055
16.36,53742.22862164583,19912360.0,50.02087787457465
16.37,864.443033420248,19880310.0,50.02050664389702
16.38,-72565.6892975354,19825730.0,50.02040708213637
16.39,-163800.0251381725,19750610.0,50.02058239918895
16.4,-269424.38100735104,19657690.0,50.02102555209419
16.41,-385493.4458466696,19550380.0,50.02171958761156
16.42,-507686.891027094,19432630.0,50.022638361057126
16.43,-631477.9482086106,19308760.0,50.02374758547782
16.44,-752311.5596238011,19183300.0,50.025006227561306
16.45,-865783.3751716113,19060800.0,50.02636815676145
16.46,-967804.8232245075,18945660.0,50.027783891229696
16.47,-1054743.9372658683,18841980.0,50.029202348747546
16.48,-1123540.080621886,18753390.0,50.03057258211228
16.49,-1171793.4557336667,18682950.0,50.03184546987583
16.5,-1197830.7477339911,18633050.0,50.03297532877742
16.51,-1200747.8417989637,18605370.0,50.03392141054572
16.52,-1180430.137235702,18600820.0,50.0346492456065
16.53,-1137555.9681044165,18619510.0,50.035131865115666
16.54,-1073586.954333983,18660760.0,50.03535089606069
16.55,-990738.6193639884,18723110.0,50.0352974044802
16.56,-891923.029865008,18804340.0,50.034972384521716
16.57,-780662.0464516665,18901550.0,50.03438687508961
16.58,-660973.0129898179,19011200.0,50.03356169236811
16.59,-537230.4689936638,19129290.0,50.03252677738453
16.6,-414006.93468038447,19251440.0,50.03132014923468
16.61,-295892.1942978628,19373070.0,50.0299864166195
16.62,-187303.7211223754,19489600.0,50.02857498942741
16.63,-92306.28774383501,19596610.0,50.027138156317974
16.64,-14451.181400493835,19690030.0,50.025729097810846
16.65,43359.71218812431,19766320.0,50.02439989228401
16.66,78981.31852930342,19822560.0,50.02319958432708
16.67,91101.40696667595,19856630.0,50.022172387225275
16.68,79283.02560818655,19867190.0,50.021356089453114
16.69,43975.08913121268,19853830.0,50.02078068851547
16.7,-13501.761680102092,19816980.0,50.0204672212189
16.71,-90997.7743476117,19757970.0,50.02042691342863
16.72,-185611.99064979996,19678950.0,50.02066076158758
16.73,-293804.4667262074,19582810.0,50.02115955142653
16.74,-411536.35231467243,19473100.0,50.021904284429155
16.75,-534429.2712105254,19353860.0,50.02286697085798
16.76,-657935.5868936093,19229470.0,50.024011745348
16.77,-777517.9635134526,19104470.0,50.025296334059
16.78,-888826.9452160869,18983390.0,50.026673739833726
16.79,-987861.3404291703,18870600.0,50.02809399160996
16.8,-1071103.4335682804,18770090.0,50.029505893619294
16.81,-1135628.1528862184,18685380.0,50.030858753579544
16.82,-1179187.3167077429,18619400.0,50.032104059343894
16.83,-1200270.2638303225,18574380.0,50.033197069459135
16.84,-1198141.721577223,18551850.0,50.03409828019482
16.85,-1172857.634808424,18552540.0,50.03477473520179
16.86,-1125266.1041262227,18576380.0,50.03520123027376
16.87,-1056994.4073702074,18622550.0,50.035361366368036
16.88,-970413.9127937136,18689400.0,50.035248319416226
16.89,-868576.3270069626,18774560.0,50.034865250515715
16.9,-755120.7851253033,18874990.0,50.03422534078885
16.91,-634154.0542445126,18987050.0,50.03335144100245
16.92,-510107.66889649304,19106620.0,50.03227533731962
16.93,-387573.4652229295,19229280.0,50.03103660392638
16.94,-271119.8072093765,19350440.0,50.02968103935809
16.95,-165102.80370163114,19465520.0,50.02825883891197
16.96,-73489.59432641673,19570170.0,50.026822654585764
16.97,297.4748013218632,19660420.0,50.02542560081357
16.98,53510.948619691655,19732860.0,50.02411926776142
16.99,84179.20386553335,19784730.0,50.022951812104345
17.0,91175.45955395675,19814060.0,50.021966197489334
17.01,74252.823878336,19819730.0,50.02119865308221
17.02,34049.371818475076,19801490.0,50.020677345631924
17.03,-27931.594481098873,19759970.0,50.0204212673879
17.04,-109371.2521723042,19696690.0,50.02043947090178
17.05,-207220.89907994925,19613950.0,50.020730746996044
17.06,-317820.8218550255,19514820.0,50.02128373391205
17.07,-437045.2720878846,19402940.0,50.02207742619844
17.08,-560464.8093551903,19282440.0,50.023082039955355
17.09,-683518.7306259251,19157760.0,50.02426020267098
17.1,-801695.2624759626,19033450.0,50.02556848001974
17.11,-910706.8179471185,18914020.0,50.026959088903034
17.12,-1006645.3428495147,18803770.0,50.028381648520245
17.13,-1086111.9251570094,18706600.0,50.02978492741339
17.14,-1146320.4873883137,18625910.0,50.03111856320247
17.15,-1185176.8547942243,18564490.0,50.03233472379534
17.16,-1201334.428283094,18524430.0,50.033389674544296
17.17,-1194227.20183797,18507080.0,50.03424521354412
17.18,-1164081.1110154088,18512990.0,50.0348699457124
17.19,-1111912.4725920665,18541960.0,50.035240468520136
17.2,-1039511.5871725966,18592960.0,50.03534238036719
17.21,-949401.8939596603,18664190.0,50.035170975156696
17.22,-844769.8482541206,18753150.0,50.03473157256234
17.23,-729365.8947088423,18856630.0,50.03403947004108
17.24,-607379.2528064934,18970900.0,50.033119508823034
17.25,-483290.6089784519,19091750.0,50.032005258012425
17.26,-361702.7074063135,19214720.0,50.03073776895509
17.27,-247154.0191203931,19335190.0,50.02936394083254
17.28,-143931.282961565,19448640.0,50.02793465864834
17.29,-55896.77562690643,19550760.0,50.02650283806297
17.3,13662.281330133555,19637710.0,50.02512142741852
17.31,62157.79158925975,19706190.0,50.02384143173316
17.32,87795.04087034939,19753610.0,50.022710029957985
17.33,89634.51552124601,19778190.0,50.02176885711758
17.34,67619.74518488353,19778970.0,50.02105251444699
17.35,22577.1407655573,19755910.0,50.02058727948218
17.36,-43809.55628241855,19709830.0,50.02039005756814
17.37,-129056.56719487137,19642420.0,50.02046770913036
17.38,-229973.265218493,19556160.0,50.020816821996405
17.39,-342787.2885257121,19454230.0,50.021423909140275
17.4,-463293.9768141799,19340420.0,50.022265998071724
17.41,-587021.2412824334,19218920.0,50.023311565781945
17.42,-709404.3448698116,19094210.0,50.024521807604415
17.43,-825966.0339754188,18970860.0,50.02585221423266
17.44,-932488.373020064,18853330.0,50.027254301259084
17.45,-1025162.7335971736,18745860.0,50.02867736091463
17.46,-1100713.8387144783,18652240.0,50.030070206192214
17.47,-1156498.1194324745,18575750.0,50.031382881047826
17.48,-1190577.7155873408,18519040.0,50.03256830452876
17.49,-1201771.2659171782,18484040.0,50.03358381283913
17.5,-1189682.1401760422,18471940.0,50.034392561480544
17.51,-1154706.6692963075,18483130.0,50.0349647793049
17.52,-1098029.6634604535,18517220.0,50.0352789234095
17.53,-1021603.2500093225,18573010.0,50.03532262748307
17.54,-928099.8979583512,18648570.0,50.03509332083692
17.55,-820836.017412866,18741210.0,50.03459847898834
17.56,-703667.1000975021,18847620.0,50.033855493453174
17.57,-580857.482344486,18963940.0,50.032891155756445
17.58,-456928.6884413144,19085910.0,50.0317407578029
17.59,-336485.27540838654,19209020.0,50.030446748959235
17.6,-224026.69437489385,19328640.0,50.02905703886241
17.61,-123762.13945423596,19440290.0,50.02762311040186
17.62,-39442.12490390253,19539750.0,50.02619805072322
17.63,25786.731933455914,19623280.0,50.02483455230218
17.64,69499.65096557036,19687730.0,50.023582950893164
17.65,90081.20744884992,19730660.0,50.02248937218447
17.66,86779.94661160669,19750480.0,50.02159405820813
17.67,59729.091901687556,19746420.0,50.02092993073282
17.68,9941.316227820935,19718630.0,50.02052133991511
17.69,-60722.59201920737,19668100.0,50.020383081955885
17.7,-149618.68056649278,19596710.0,50.02051982182499
17.71,-253420.39038238706,19507090.0,50.020925959205755
17.72,-368249.63809849933,19402580.0,50.02158591378559
17.73,-489830.3506671104,19287050.0,50.022474792945204
17.74,-613655.5438918101,19164780.0,50.0235593945847
17.75,-735164.1060173626,19040270.0,50.024799552055846
17.76,-849920.4402905854,18918090.0,50.02614975698512
17.77,-953782.5594164648,18802670.0,50.02756090206891
17.78,-1043046.6072943158,18698150.0,50.028982031893264
17.79,-1114565.2681870437,18608240.0,50.030362081908784
17.8,-1165840.7678425428,18536090.0,50.03165157727002
17.81,-1195093.8059418546,18484190.0,50.0328042580893
17.82,-1201309.4578590738,18454320.0,50.033778594531086
17.83,-1184260.5947173557,18447490.0,50.0345391537275
17.84,-1144513.2258560092,18463940.0,50.03505783518919
17.85,-1083418.9975154423,18503100.0,50.03531499114749
17.86,-1003089.1693778639,18563610.0,50.035300312721354
17.87,-906341.381219527,18643360.0,50.035013370748
17.88,-796617.0191157402,18739550.0,50.034463786259984
17.89,-677870.6361096466,18848720.0,50.03367101777616
17.9,-554434.8165827472,18966910.0,50.03266376308948
17.91,-430864.40548993676,19089810.0,50.031478977290234
17.92,-311757.9795995171,19212850.0,50.03016043558198
17.93,-311757.9795995171,19331440.0,50.03016043558198
17.94,-201566.77422953112,19330920.0,50.02875695688888
17.95,-104413.84981327911,19440610.0,50.02732052169727
17.96,-23932.013436028385,19537270.0,50.02590430688388
17.97,36877.07461442787,19617260.0,50.02456066669622
17.98,75755.0147357214,19677590.0,50.023339188948235
17.99,91267.43172719271,19716000.0,50.02228487509039
18.0,82851.29517394688,19731050.0,50.02143651419022
18.01,50829.097871971084,19722180.0,50.0208252935912
18.02,-3601.612283788214,19689710.0,50.02047359262616
18.03,-78406.07831701671,19634850.0,50.02039407640114
18.04,-170784.97615774645,19559620.0,50.020589213263655
18.05,-277282.05924804666,19466820.0,50.02105123310785
18.06,-393920.7728673519,19359910.0,50.02176249794918
18.07,-516361.4503757552,19242870.0,50.02269624567772
18.08,-640070.4429787792,19120040.0,50.023817661375105
18.09,-760498.6684365626,18995950.0,50.02508529619828
18.1,-873260.1049956023,18875150.0,50.02645272846421
18.11,-974295.3168997507,18762020.0,50.027870311044154
18.12,-1060010.429516381,18660620.0,50.029286921854165
18.13,-1127390.026645734,18574560.0,50.03065169705649
18.14,-1174084.9022439648,18506840.0,50.031915716969465
18.15,-1198475.997208607,18459810.0,50.033033610792785
18.16,-1199715.4866042119,18435090.0,50.03396504345823
18.17,-1177745.5944923637,18433540.0,50.0346760479517
18.18,-1133301.23724459,18455190.0,50.03514024220175
18.19,-1067899.3203938426,18499340.0,50.03533991064525
18.2,-983807.4166037333,18564440.0,50.03526682231926
18.21,-883984.2415944731,18648250.0,50.03492269344417
18.22,-771990.8296887336,18747790.0,50.03431927669156
18.23,-651874.390396193,18859510.0,50.0334780660889
18.24,-528028.5134701283,18979370.0,50.03242961752339
18.25,-405032.1235050505,19102950.0,50.03121246729207
18.26,-287467.7017130131,19225700.0,50.02987161828211
18.27,-179732.01684959896,19343020.0,50.02845673904523
18.28,-85857.04616132006,19450520.0,50.027020236260725
18.29,-9350.919596420252,19544160.0,50.02561526592633
18.3,46936.0053822248,19620450.0,50.024293742205536
18.31,80916.37823004508,19676520.0,50.023104413451925
18.32,91339.53835705167,19710290.0,50.022091077606525
18.33,77831.50882550701,19720510.0,50.021291005960386
18.34,40903.70138832118,19706800.0,50.02073359063674
18.35,-18063.12301688461,19669690.0,50.02043919452917
18.36,-96863.7750333387,19610540.0,50.02041832880306
18.37,-192548.99749118194,19531560.0,50.02067126545825
18.38,-301539.797676915,19435710.0,50.02118808546335
18.39,-419769.0934947231,19326550.0,50.02194913220176
18.4,-542842.0377962878,19208170.0,50.02292582806261
18.41,-666206.7187792435,19084940.0,50.02408181096798
18.42,-785333.996969319,18961430.0,50.025374422919086
18.43,-895894.4847120922,18842170.0,50.0267564057178
18.44,-993917.3707328234,18731480.0,50.02817765125073
18.45,-1075923.8055728392,18633330.0,50.0295869497607
18.46,-1139034.2482218812,18551200.0,50.03093371499878
18.47,-1181050.9885629471,18487970.0,50.03216965568114
18.48,-1200517.1045931214,18445850.0,50.03325035791975
18.49,-1196752.7108865788,18426280.0,50.03413674166315
18.5,-1169869.3223403338,18429940.0,50.034796358793066
18.51,-1120770.0611257798,18456730.0,50.03520459267755
18.52,-1051135.623650279,18505740.0,50.03534569702811
18.53,-963387.2761011284,18575290.0,50.03521354048982
18.54,-860621.0056254051,18662960.0,50.03481199078611
18.55,-746512.5858617135,18765650.0,50.03415492230402
18.56,-625195.9869156659,18879680.0,50.033265838230236
18.57,-501119.1058867147,19000930.0,50.03217711031929
18.58,-378877.6274099797,19124950.0,50.03092879847117
18.59,-263030.316407001,19247130.0,50.029567062930035
18.6,-157910.64109514555,19362920.0,50.02814232539602
18.61,-67451.44776795048,19467990.0,50.026707325048335
18.62,4969.0620131100295,19558400.0,50.02531512372902
18.63,56655.41218310746,19630780.0,50.0240171229419
18.64,85693.58677893248,19682420.0,50.02286116346646
18.65,91017.68482925871,19711430.0,50.021889779568404
18.66,72442.56676534365,19716720.0,50.02113867514662
18.67,30667.1183033486,19698110.0,50.02063540954013
18.68,-32747.317084224313,19656310.0,50.020398305189374
18.69,-115428.91161104158,19592870.0,50.02043571053838
18.7,-214283.35644873744,19510170.0,50.02074570847095
18.71,-325614.70508484717,19411300.0,50.02131625383889
18.72,-445271.78997526295,19299960.0,50.02212570841624
18.73,-568811.40306826,19180290.0,50.02314372879199
18.74,-691671.4279239113,19056740.0,50.02433248079247
18.75,-809350.9878553979,18933880.0,50.02564818228159
18.76,-917584.6297454645,18816190.0,50.02704282185181
18.77,-1012495.9821855032,18707960.0,50.02846591033197
18.78,-1090725.6006492176,18613050.0,50.02986622701986
18.79,-1149532.969380734,18534830.0,50.031193536566335
18.8,-1186873.9352202793,18476030.0,50.03240024455867
18.81,-1201454.7813001755,18438690.0,50.03344295630452
18.82,-1192763.6944779414,18424120.0,50.03428390146824
18.83,-1161081.043986403,18432830.0,50.03489220088129
18.84,-1107477.030429536,18464520.0,50.03524504449081
18.85,-1033793.7796247727,18518140.0,50.03532868009833
18.86,-942602.5422574058,18591840.0,50.03513908388367
18.87,-837131.5288755217,18683050.0,50.03468226483243
18.88,-721164.9867501482,18788540.0,50.033974190288134
18.89,-598916.3618838366,18904520.0,50.03304032566499
18.9,-474879.58657501685,19026790.0,50.03191479165919
18.91,-353658.0786410099,19150850.0,50.03063908657664
18.92,-239777.79040811927,19272090.0,50.029260431518516
18.93,-137500.54036855476,19385990.0,50.027829901039425
18.94,-50652.73151581234,19488290.0,50.02640046407853
18.95,17523.460197330336,19575160.0,50.02502498611451
18.96,64492.156635696534,19643360.0,50.02375425790292
18.97,88515.87349714665,19690350.0,50.02263512216235
18.98,88715.04225358873,19714390.0,50.021708769904606
18.99,65093.569757748686,19714620.0,50.02100926779603
19.0,18536.99183250044,19691020.0,50.02056228153292
19.01,-49214.93752042367,19644480.0,50.02038404854916
19.02,-135627.90297787794,19576750.0,50.02048073489652
19.03,-237468.47608140513,19490360.0,50.020848236775684
19.04,-350931.0555769338,19388540.0,50.021472405648446
19.05,-471788.56901552324,19275100.0,50.02232966229464
19.06,-595558.0127894427,19154260.0,50.023387952964235
19.07,-717675.787410272,19030520.0,50.02460804133098
19.08,-833677.645175412,18908420.0,50.02594509979558
19.09,-939369.3920042515,18792430.0,50.02735044375528
19.1,-1030975.2089930295,18686760.0,50.02877328342562
19.11,-1105259.9465316406,18595170.0,50.03016246637709
19.12,-1159625.7929681041,18520900.0,50.031468184047704
19.13,-1192184.6870774743,18466550.0,50.032643610065755
19.14,-1201807.5699723363,18434010.0,50.0336464338372
19.15,-1188151.0857332067,18424400.0,50.034440251421294
19.16,-1151664.9684131774,18438070.0,50.034995814662295
19.17,-1093586.6629407827,18474560.0,50.035292175681775
19.18,-1015918.6294235128,18532650.0,50.035317615539235
19.19,-921379.3510060578,18610320.0,50.03507023824717
19.2,-813324.9447774717,18704860.0,50.03455819613883
19.21,-695642.4949575521,18812920.0,50.03379953379421
19.22,-572618.2495868843,18930600.0,50.032821645932835
19.23,-448784.6614629016,19053620.0,50.031660351894836
19.24,-328744.7632147241,19177450.0,50.030358521876664
19.25,-216983.52868348098,19297480.0,50.028964360593754
19.26,-117683.61342597526,19409230.0,50.02752951414136
19.27,-34558.44299063273,19508520.0,50.02610709804913
19.28,29291.168155130814,19591630.0,50.024749699603646
19.29,71492.92316047917,19655460.0,50.023507421501066
19.3,90488.38410909649,19697640.0,50.022426038780445
19.31,85585.29500253836,19716610.0,50.021545340090434
19.32,56976.05142492644,19711680.0,50.02089770852933
19.33,5730.854293160082,19683040.0,50.02050688361383
19.34,-66235.42940949096,19631770.0,50.02038700030291
19.35,-156230.50577649282,19559770.0,50.020542041053304
19.36,-260887.3732593772,19469730.0,50.02096573039697
19.37,-376297.12439142173,19365040.0,50.02164184681309
19.38,-498163.65092737065,19249580.0,50.022544914351094
19.39,-621971.3897023094,19127670.0,50.023641226895485
19.4,-743162.6179019697,19003820.0,50.02489021543749
19.41,-857316.7301524007,18882570.0,50.02624608278987
19.42,-960316.9557799839,18768360.0,50.0276595483208
19.43,-1048493.2162518707,18665310.0,50.02907959920883
19.44,-1118738.853139597,18577070.0,50.03045522781589
19.45,-1168602.0031050253,18506760.0,50.03173712654701
19.46,-1196352.9856580123,18456830.0,50.032879306934184
19.47,-1201028.6992307813,18429010.0,50.03384060593405
19.48,-1182454.5284571834,18424260.0,50.03458604120884
19.49,-1141248.8562657265,18442750.0,50.03508804128778
19.5,-1078814.6677727953,18483880.0,50.03532755511038
19.51,-997312.0004776553,18546220.0,50.03529491824435
19.52,-899602.7170624305,18627640.0,50.0349903686389
19.53,-789165.8749518468,18725250.0,50.03442419139454
19.54,-669985.3667211668,18835590.0,50.03361648030553
19.55,-546413.3005044613,18954670.0,50.032596514237724
19.56,-423012.6011130541,19078140.0,50.03140174456043
19.57,-304377.41476950294,19201430.0,50.03007633337293
19.58,-194943.45769750356,19319950.0,50.02866938081924
19.59,-98806.61538454256,19429270.0,50.02723301141692
19.6,-19560.675958790816,19525280.0,50.02582039208012
19.61,39840.41060907766,19604400.0,50.02448373788065
19.62,77192.0834762787,19663670.0,50.02327237424385
19.63,91117.6025620827,19700890.0,50.022230927608014
19.64,81113.06611317024,19714680.0,50.021397714817795
19.65,47559.84394228429,19704530.0,50.02080336597313
19.66,-8287.615134107706,19670830.0,50.02046963566712
19.67,-84341.7598865978,19614830.0,50.020408522284264
19.68,-177756.8855239455,19538630.0,50.020621814396236
19.69,-285038.7769689403,19445050.0,50.02110107648031
19.7,-402182.83560179605,19337610.0,50.0218280449169
19.71,-524832.2245004853,19220300.0,50.02277539418777
19.72,-648447.4865405005,19097480.0,50.02390782839532
19.73,-768485.4417768822,18973690.0,50.02518352095028
19.74,-880577.1878690717,18853480.0,50.026555786133706
19.75,-980690.2378452462,18741210.0,50.027974828169995
19.76,-1065265.835464031,18640910.0,50.029389491504595
19.77,-1131330.1692422815,18556140.0,50.030748991631015
19.78,-1176580.5420040921,18489890.0,50.03200459690071
19.79,-1199447.7869894132,18444440.0,50.03311122656506
19.8,-1199135.8441642816,18421370.0,50.03402892810238
19.81,-1175639.216171106,18421480.0,50.0347241993922
19.82,-1129744.9326445232,18444760.0,50.03517120127472
19.83,-1063020.8462303248,18490440.0,50.0353528261788
19.84,-977782.5231055699,18556950.0,50.03526149325719
19.85,-877031.7063098486,18641970.0,50.034899586382956
19.86,-764365.5647622318,18742490.0,50.03427951811369
19.87,-643858.8424444513,18854930.0,50.03342340897221
19.88,-519922.65018301614,18975200.0,50.03236238275941
19.89,-397141.75168914755,19098890.0,50.03113545343547
19.9,-280091.8007083071,19221430.0,50.02978798771605
19.91,-173150.34571517294,19338240.0,50.02836989249907
19.92,-80318.9463723565,19444930.0,50.02693368242848
19.93,-5065.7100889345165,19537500.0,50.02553248930916
19.94,49806.801048550056,19612500.0,50.024218073472426
19.95,82264.79353500553,19667100.0,50.02303890688987
19.96,91114.75246674154,19699300.0,50.0220384004728
19.97,76041.16431840754,19707880.0,50.02125334393469
19.98,37613.48213180865,19692530.0,50.02071256578448
19.99,-22731.662195735204,19653820.0,50.02043580133616
20.0,-102737.52247490699,19593200.0,50.02043289601663
20.01,-199409.90256461888,19512900.0,50.02070344700339
20.02,-309133.46951239347,19415940.0,50.02123687879768
20.03,-427814.8619587796,19305930.0,50.0220129217367
20.04,-551043.910148347,19186950.0,50.02300245070788
20.05,-674264.8869369454,19063430.0,50.02416864297449
20.06,-792956.4675719731,18939900.0,50.02546848441456
20.07,-902808.1261254111,18820910.0,50.02685447545867
20.08,-999877.4895769376,18710750.0,50.02827638205288
20.09,-1080722.0418489831,18613370.0,50.02968298335344
20.1,-1142504.81083109,18532210.0,50.0310237944001
20.11,-1183075.2929070797,18470110.0,50.03225073268814
20.12,-1201026.8933417944,18429220.0,50.03331969357657
20.13,-1195731.6824427776,18410950.0,50.034191996980624
20.14,-1167353.3759905882,18415920.0,50.03483567451398
20.15,-1116846.8329707778,18443970.0,50.03522666402371
20.16,-1045943.0116821385,18494140.0,50.035349835079316
20.17,-957110.1614850895,18564710.0,50.0351997099924
20.18,-853485.9468944682,18653210.0,50.03478082280738
20.19,-738780.5938500867,18756490.0,50.03410770128315
20.2,-617153.6257188953,18870860.0,50.033204463360825
20.21,-493068.21402058215,18992140.0,50.03210403163728
20.22,-371123.46578117064,19115870.0,50.03084692203649
20.23,-255868.86761621956,19237470.0,50.029479633564875
20.24,-151616.28238509572,19352370.0,50.02805279846873
20.25,-62265.909987587715,19456270.0,50.026619234272616
20.26,8846.059825678356,19545260.0,50.02523194819178
20.27,59073.607560025994,19616010.0,50.02394215787969
20.28,86557.5279792546,19665880.0,50.022797399340476
20.29,90289.86851338611,19693000.0,50.02183979393753
20.3,70144.36899600935,19696360.0,50.021104540368796
20.31,26878.052257679694,19675850.0,50.02061861309591
20.32,-37892.185513535456,19632210.0,50.0203996901383
20.33,-121743.87698427582,19567070.0,50.020455444339795
20.34,-221539.25867261123,19482850.0,50.02078328044908
20.35,-333547.9828115387,19382680.0,50.02137049962986
20.36,-453594.8649829852,19270300.0,50.022194858973215
20.37,-577223.8237703452,19149880.0,50.02322548079701
20.38,-699871.6750055279,19025870.0,50.02442409064369
20.39,-817048.2187926504,18902850.0,50.02574657515413
20.4,-924509.3996607789,18785290.0,50.02714470622587
20.41,-1018409.3770658972,18677450.0,50.02856789321455
20.42,-1095426.710042825,18583170.0,50.0299649285853
20.43,-1152864.7340710068,18505780.0,50.031285701858984
20.44,-1188727.4483671205,18447960.0,50.03248285008638
20.45,-1201772.1120496576,18411720.0,50.03351330925378
20.46,-1191539.2136477535,18398290.0,50.03433972838406
20.47,-1158361.880023396,18408140.0,50.03493173154961
20.48,-1103362.6245079387,18440940.0,50.03526708607262
20.49,-1028433.9278876481,18495550.0,50.035332672406255
20.5,-936193.4646809855,18570100.0,50.03512513064866
20.51,-829909.9527024853,18661960.0,50.034651140178724
20.52,-713400.3987117369,18767860.0,50.03392731960068
20.53,-590901.6933346012,18883990.0,50.03297974097374
20.54,-466920.53378112474,19006110.0,50.03184306083167
20.55,-346060.86969025515,19129710.0,50.030559211282146
20.56,-232836.36564776412,19250190.0,50.02917572558285
20.57,-131484.49371549644,19363030.0,50.02774386151043
20.58,-45796.63928646676,19464000.0,50.02631663827392
20.59,21028.99312949658,19549310.0,50.02494683868435
20.6,66507.52261312457,19615760.0,50.02368504232214
20.61,88957.37880384317,19660860.0,50.02257776150289
20.62,87557.57901757682,19682940.0,50.02166575145738
20.63,62371.07806177257,19681170.0,50.020982554213624
20.64,14341.284575248254,19655610.0,50.020553234883
20.65,-54737.17569308204,19607210.0,50.0203933751563
20.66,-142280.44698858255,19537760.0,50.020508459279014
20.67,-245013.12382287264,19449850.0,50.02089370431484
20.68,-359097.0115574628,19346760.0,50.02153431233711
20.69,-480283.0790272515,19232310.0,50.022406108677785
20.7,-604077.6633235816,19110760.0,50.023476518947874
20.71,-725918.3622378904,18986610.0,50.02470588380141
20.72,-841353.8212416801,18864420.0,50.02604906449592
20.73,-946213.334779527,18748630.0,50.02745718191943
20.74,-1036753.5168501849,18643420.0,50.028879368339894
20.75,-1109778.8873744262,18552530.0,50.03026450864462
20.76,-1162736.914233069,18479170.0,50.03156294364661
20.77,-1193788.8511497362,18425870.0,50.032728102472035
20.78,-1201857.453912586,18394480.0,50.033718027662886
20.79,-1186652.1739337626,18386070.0,50.034496755119775
20.8,-1148675.695603379,18400950.0,50.03503555817561
20.81,-1089217.6581314355,18438600.0,50.03531408174913
20.82,-1010330.4200145586,18497730.0,50.03532125130108
20.83,-914778.0678746279,18576290.0,50.03505584213097
20.84,-805956.0164995885,18671530.0,50.03452667921785
20.85,-687782.5181993556,18780030.0,50.03375245520656
20.86,-564565.3392805811,18897890.0,50.03276116286218
20.87,-440847.48146449553,19020800.0,50.03158914328012
20.88,-321230.10651522636,19144210.0,50.030279681655735
20.89,-210183.42653412605,19263530.0,50.02888127214945
20.9,-111863.33171402809,19374280.0,50.02744571854099
20.91,-29945.973646423663,19472300.0,50.0260261592548
20.92,32513.806448453688,19553930.0,50.024675070743804
20.93,73196.35475174594,19616100.0,50.0234423169548
20.94,90600.36198012589,19656500.0,50.02237331667926
20.95,84092.88875275757,19673630.0,50.02150739974815
20.96,53925.66789174854,19666850.0,50.02087640441051
20.97,1226.6456386798527,19636410.0,50.02050345284044
20.98,-72035.10024501896,19583450.0,50.02040201324582
20.99,-163118.90742390743,19509930.0,50.02057538096526
21.0,-268617.43257984146,19418590.0,50.021016602034116
21.01,-384591.17095045024,19312840.0,50.02170881170706
21.02,-506724.3023756754,19196620.0,50.022625949831536
21.03,-630493.0743476389,19074250.0,50.02373380644849
21.04,-751343.6025071015,18950240.0,50.02499141155282
21.05,-864870.7743136529,18829160.0,50.02635268169947
21.06,-966983.5843406064,18715410.0,50.02776816670639
21.07,-1054046.3057778594,18613080.0,50.029186801132155
21.08,-1122993.534835551,18525800.0,50.03055764013271
21.09,-1171419.9312730958,18456640.0,50.03183155024761
21.1,-1197646.037378678,18408010.0,50.032962822033355
21.11,-1200761.1622313652,18381590.0,50.03391066755742
21.12,-1180643.8542472208,18378280.0,50.03464056502498
21.13,-1137965.623815441,18398210.0,50.03512548389506
21.14,-1074181.5449680625,18440700.0,50.03534698216371
21.15,-991500.9662531776,18504310.0,50.03529605038225
21.16,-892830.270297334,18586820.0,50.03497360277171
21.17,-781686.2617637663,18685320.0,50.034390596174426
21.18,-662082.0470422511,18796300.0,50.03356776565745
21.19,-538388.9435894897,18915750.0,50.03253497522954
21.2,-415177.33179607044,19039290.0,50.03133017276522
21.21,-297035.98879797186,19162360.0,50.02999790372669
21.22,-188382.61858370155,19280360.0,50.0285875257282
21.23,-93283.60604265757,19388880.0,50.027151289424346
21.24,-15293.294546784833,19483850.0,50.025742353809534
21.25,42681.96928739012,19561720.0,50.02441279355223
21.26,78491.39181165502,19619580.0,50.02321166766187
21.27,90815.98273032333,19655270.0,50.02218322159669
21.28,79211.27659775579,19667490.0,50.02136529243487
21.29,44117.98956843809,19655790.0,50.02078794403916
21.3,-13151.979628743487,19620600.0,50.0204722964714
21.31,-90457.75206990773,19563250.0,50.02042967151256
21.32,-184906.8016516177,19485860.0,50.0206611685547
21.33,-292966.6518764619,19391340.0,50.021157678223595
21.34,-410604.56363041734,19283210.0,50.02190030440714
21.35,-533446.6597042661,19165510.0,50.022861153369966
21.36,-656948.014283893,19042610.0,50.02400444546489
21.37,-776571.8928495809,18919060.0,50.02528797595293
21.38,-887967.2617045089,18799390.0,50.02666479740652
21.39,-987129.4811063726,18687960.0,50.028084970004905
21.4,-1070535.9010662201,18588770.0,50.02949731130334
21.41,-1135255.371187944,18505340.0,50.0308511248031
21.42,-1179032.774051524,18440610.0,50.0320978771169
21.43,-1200349.8787548954,18396820.0,50.033192789017434
21.44,-1198463.3997206162,18375500.0,50.03409630325947
21.45,-1173421.0467171243,18377390.0,50.034775395917606
21.46,-1126062.7670508649,18402440.0,50.0352047841099
21.47,-1058008.0200950545,18449810.0,50.035367981391175
21.48,-971620.849526101,18517890.0,50.03525806936402
21.49,-869946.308396805,18604300.0,50.034878110600545
21.5,-756617.7533308752,18706010.0,50.03424118672461
21.51,-635737.2653235494,18819380.0,50.03337005156578
21.52,-511733.0276533755,18940300.0,50.03229640098543
21.53,-389194.9620751669,19064360.0,50.03105972795196
21.54,-272691.0117984599,19186950.0,50.02970576151704
21.55,-166578.44695594034,19303520.0,50.02828464251522
21.56,-74827.23584709445,19409710.0,50.02684898663803
21.57,-864.2218271357706,19501530.0,50.02545189227823
21.58,52557.0967081025,19575580.0,50.02414495466675
21.59,83457.71558642166,19629090.0,50.022976356714686
21.6,90702.4174009526,19660090.0,50.02198910860726
21.61,74035.17222305946,19667430.0,50.021219504403625
21.62,34084.33355210762,19650880.0,50.02069579493972
21.63,-27656.910365929827,19611040.0,50.02043707423992
21.64,-108879.77549207996,19549420.0,50.02045250928462
21.65,-206544.89767043298,19468330.0,50.020741011543976
21.66,-317000.6415770562,19370800.0,50.02129134036466
21.67,-436127.67084908794,19260480.0,50.022082606897854
21.68,-559501.0391091452,19141500.0,50.02308513503543
21.69,-682562.2108713584,19018280.0,50.02426164384887
21.7,-800799.0558166429,18895380.0,50.025568769969674
21.71,-909921.2926617669,18777310.0,50.026958779948785
21.72,-1006016.2448343758,18668370.0,50.02838132202799
21.73,-1085678.8534258576,18572450.0,50.02978517348775
21.74,-1146115.7134626398,18492980.0,50.03111996070718
21.75,-1185224.4179009572,18432730.0,50.03233782075923
21.76,-1201649.4687296597,18393820.0,50.033394969313726
21.77,-1194815.5309709366,18377600.0,50.034253137273
21.78,-1164939.051115314,18384650.0,50.03488084703388
21.79,-1113027.0355702257,18414740.0,50.03525460155955
21.8,-1040860.897760409,18466880.0,50.03535989506801
21.81,-950955.8237491975,18539270.0,50.03519191032439
21.82,-846490.8759613114,18629420.0,50.03475585228969
21.83,-731210.2149151588,18734120.0,50.034066904032805
21.84,-609298.1662261938,18849650.0,50.033149797265494
21.85,-485232.1630046974,18971810.0,50.032038000791445
21.86,-363613.4427336418,19096140.0,50.03077247782404
21.87,-248980.8018100973,19218020.0,50.02940005505906
21.88,-145623.22200682334,19332920.0,50.027971564269905
21.89,-57407.16658061801,19436560.0,50.026539890010014
21.9,12374.085466624354,19525060.0,50.02515797345779
21.91,61124.70321601187,19595120.0,50.023876836939976
21.92,87040.85246496857,19644170.0,50.02274370064761
21.93,89172.89447543066,19670380.0,50.02180026303126
21.94,67453.60097900586,19672820.0,50.02108120906094
21.95,22698.10079745017,19651410.0,50.02061292116265
21.96,-43421.3732103855,19606970.0,50.02041242760548
21.97,-128432.14260276768,19541170.0,50.02048672276709
21.98,-229153.60373562836,19456490.0,50.0208325326974
21.99,-341821.7943898717,19356100.0,50.0214365068306
22.0,-462238.4348310453,19243770.0,50.022275801872816
22.01,-585935.5643931727,19123690.0,50.02331901205604
22.02,-708349.9635727308,19000350.0,50.024527430638976
22.03,-825003.1256155807,18878290.0,50.025856622323616
22.04,-931673.3377493593,18761990.0,50.027258152351706
22.05,-1024546.124824386,18655690.0,50.028681338995305
22.06,-1100338.7218510404,18563190.0,50.030074997926924
22.07,-1156398.8116777083,18487770.0,50.03138915299736
22.08,-1190778.8609869839,18432090.0,50.032576681291
22.09,-1202287.2009427962,18398100.0,50.033594856372474
22.1,-1190516.5096098885,18386980.0,50.03440675182029
22.11,-1155852.3691390734,18399150.0,50.03498249828668
22.12,-1099469.1132206232,18434210.0,50.03530044157063
22.13,-1023308.9124876375,18491000.0,50.03534809358284
22.14,-930035.0366316545,18567570.0,50.03512275464323
22.15,-822955.7525407714,18661260.0,50.03463176849863
22.16,-705919.7865666504,18768760.0,50.03389239695374
22.17,-583186.3907940417,18886220.0,50.0329313088019
22.18,-459273.9502486491,19009380.0,50.03178368509121
22.19,-338785.9672003451,19133720.0,50.03049188000632
22.2,-226223.0036634294,19254640.0,50.029103727451194
22.21,-125797.5753115018,19367650.0,50.02767065763465
22.22,-41265.68259261176,19468520.0,50.026245730624034
22.23,24218.561945920228,19553490.0,50.02488163881205
22.24,68221.1304282014,19619430.0,50.02362874513664
22.25,89115.94025268534,19663890.0,50.02253322888305
22.26,86139.91443245794,19685240.0,50.021635409701034
22.27,59414.13734467502,19682730.0,50.02096830832025
22.28,9938.777975474659,19656470.0,50.020556395591065
22.29,-60437.91632769001,19607470.0,50.020414606513995
22.3,-149083.88999335183,19537570.0,50.02054775513483
22.31,-252683.14896169322,19449400.0,50.02095039329585
22.32,-367366.265462446,19346280.0,50.02160708913483
22.33,-488863.5220372259,19232090.0,50.02249308901347
22.34,-612671.732012843,19111080.0,50.02357531485452
22.35,-734230.6228124594,18987770.0,50.024813700817326
22.36,-849102.4043335324,18866710.0,50.026162812316
22.37,-953140.2410738796,18752330.0,50.027573589261706
22.38,-1042633.278445835,18648800.0,50.028995097475935
22.39,-1114425.5170876754,18559820.0,50.030376268079245
22.4,-1166009.2028553956,18488530.0,50.031667596829834
22.41,-1195594.1078014574,18437460.0,50.03282277045611
22.42,-1202153.7570951097,18408400.0,50.03380018335278
22.43,-1185449.1477442342,18402360.0,50.03456430643377
22.44,-1146034.4342338326,18419580.0,50.0350869256838
22.45,-1085249.76225191,18459520.0,50.035348265859156
22.46,-1005195.5577089638,18520830.0,50.03533788027641
22.47,-908679.5914366166,18601420.0,50.035055195649356
22.48,-799134.6698633886,18698460.0,50.03450968740394
22.49,-680508.416917719,18808540.0,50.03372067259051
22.5,-557128.4697647823,18927710.0,50.032716717206846
22.51,-433546.98035873624,19051620.0,50.031534659563505
22.52,-314362.2230282089,19175740.0,50.03021817729197
22.53,-204029.09822926763,19295470.0,50.0288160345142
22.54,-106676.6583608918,19406350.0,50.027380176796065
22.55,-25944.186505971244,19504250.0,50.025963753877015
22.56,35158.59131984634,19585520.0,50.02461912453939
22.57,74363.39077121287,19647180.0,50.02339591221847
22.58,90224.37134537485,19686930.0,50.0223391831782
22.59,82165.93651956704,19703340.0,50.021487817373675
22.6,50497.192501157,19695840.0,50.0208731189408
22.61,-3598.151097393071,19664730.0,50.020517607093296
22.62,-78098.96604760597,19611190.0,50.020434103143664
22.63,-170218.54928761005,19537240.0,50.020625239852166
22.64,-276511.5520476753,19445680.0,50.021083412125556
22.65,-393010.05478365015,19339950.0,50.02179114077395
22.66,-515380.4100282724,19224020.0,50.02272181021472
22.67,-639092.1497446955,19102210.0,50.02384073407994
22.68,-759596.1927460823,18979060.0,50.02510656600795
22.69,-872503.3184226383,18859120.0,50.02647295701781
22.7,-973748.1403060806,18746780.0,50.02789030378055
22.71,-1059728.6165279336,18646110.0,50.02930749966069
22.72,-1127419.4398760567,18560690.0,50.03067366850201
22.73,-1174460.233153002,18493570.0,50.03193985162012
22.74,-1199219.8611844631,18447100.0,50.03306061377726
22.75,-1200837.8480768083,18422910.0,50.03399553170604
22.76,-1179243.5386525418,18421870.0,50.03471052910861
22.77,-1135159.1027469204,18444030.0,50.03517909689118
22.78,-1070089.1564169344,18488690.0,50.03538337809811
22.79,-986289.7701041589,18554330.0,50.03531499011976
22.8,-886709.2878339773,18638700.0,50.03497549200937
22.81,-774899.8705467477,18738850.0,50.034376479215524
22.82,-654901.7338562686,18851230.0,50.03353929450144
22.83,-531103.6978938212,18971800.0,50.03249435443063
22.84,-408082.4168083962,19096160.0,50.031280073606524
22.85,-290420.7468512825,19219750.0,50.029941355530774
22.86,-182518.52563956572,19337990.0,50.02852779581912
22.87,-88413.43150018319,19446460.0,50.027091757796505
22.88,-11621.750607792987,19541130.0,50.02568638562476
22.89,44995.83499087475,19618490.0,50.02436361381817
22.9,79339.87539904518,19675670.0,50.023172242513155
22.91,90146.32167880586,19710580.0,50.02215615071244
22.92,77027.07725618564,19721950.0,50.02135271656438
22.93,40478.97081995191,19709400.0,50.020791464515646
22.94,-18131.93822492333,19673410.0,50.02049291201117
22.95,-96614.637187341,19615360.0,50.020467739739196
22.96,-192032.73864452328,19537440.0,50.02071639564238
22.97,-300818.1268642064,19442580.0,50.021229135243104
22.98,-418912.0836760212,19334360.0,50.021986467931626
22.99,-541925.2867527121,19216820.0,50.02295996737621
23.0,-665308.3264410149,19094370.0,50.02411340237466
23.01,-784531.2319313732,18971540.0,50.02540421725195
23.02,-895260.4666377134,18852870.0,50.02678522398869
23.03,-993518.2343824705,18742700.0,50.02820635350494
23.04,-1075816.4434363071,18645000.0,50.029616404802034
23.05,-1139264.5868575838,18563250.0,50.030964771013295
23.06,-1181652.717123046,18500350.0,50.03220311191631
23.07,-1201510.8194285524,18458510.0,50.03328693817871
23.08,-1198145.4435967514,18439200.0,50.034177070099275
23.09,-1171654.4301329758,18443110.0,50.034840938539496
23.1,-1122927.4612872305,18470150.0,50.03525378776732
23.11,-1053632.3746412643,18519420.0,50.03539971826121
23.12,-966178.5205545477,18589250.0,50.0352724359471
23.13,-863651.2807526919,18677240.0,50.03487564150372
23.14,-749717.5325673216,18780310.0,50.03422304399424
23.15,-628504.4605248037,18894770.0,50.03333798946774
23.16,-504455.62615496333,19016520.0,50.032252706897395
23.17,-382165.08917334327,19141100.0,50.03100713363098
23.18,-266192.83399447013,19263910.0,50.029647332482305
23.19,-160876.4011519553,19380410.0,50.02822365680398
23.2,-70155.45289385668,19486250.0,50.02678880942712
23.21,2582.4899346602615,19577490.0,50.02539584931822
23.22,54630.46546755661,19650750.0,50.024096208925705
23.23,84061.25298525288,19703310.0,50.02293779251947
23.24,89794.57228709507,19733250.0,50.02196322760296
23.25,71630.30958770099,19739500.0,50.021208337342614
23.26,30252.06773109059,19721840.0,50.02070082564285
23.27,-32794.032315800956,19680970.0,50.02045918105578
23.28,-115150.6385135348,19618430.0,50.02049193167183
23.29,-213736.3764345311,19536570.0,50.02079734467967
23.3,-324866.00430006464,19438480.0,50.02136355573176
23.31,-444396.333344199,19327850.0,50.02216909668892
23.32,-567889.1229963559,19208810.0,50.023183777414616
23.33,-690783.8140969217,19085810.0,50.024369891291265
23.34,-808577.5141258886,18963410.0,50.02568375229024
23.35,-916999.482478007,18846100.0,50.02707741268843
23.36,-1012165.3695707426,18738160.0,50.02850041556655
23.37,-1090705.634277977,18643480.0,50.02990154163706
23.38,-1149868.0376579291,18565420.0,50.03123052680557
23.39,-1187595.5175765282,18506730.0,50.03243971908336
23.4,-1202580.6711961208,18469470.0,50.03348563933232
23.41,-1194297.6009904332,18454960.0,50.0343304083391
23.42,-1163012.5591296435,18463710.0,50.03494301667825
23.43,-1109781.966497465,18495460.0,50.035300506417904
23.44,-1036434.8660821458,18549150.0,50.035388964026325
23.45,-945530.4865370392,18622950.0,50.03520419570204
23.46,-840286.4881945264,18714310.0,50.034752037709886
23.47,-724478.4536906877,18820000.0,50.03404828821078
23.48,-602313.4481473975,18936260.0,50.0331182535917
23.49,-478281.65291665227,19058870.0,50.031995912209645
23.5,-356985.60284449434,19183340.0,50.03072264252341
23.51,-242953.34525695664,19305070.0,50.029345573190284
23.52,-140451.73839087068,19419530.0,50.0279157174324
23.53,-53315.01393038838,19522460.0,50.02648601658365
23.54,15204.320673282957,19610020.0,50.02510934337414
23.55,62557.94866580074,19678960.0,50.02383653042345
23.56,86994.32223498868,19726740.0,50.02271449534656
23.57,87618.76672541909,19751590.0,50.02178453376727
23.58,64419.61821044993,19752620.0,50.0210808429129
23.59,18266.642757746624,19729830.0,50.020629244269585
23.6,-49115.94381559937,19684080.0,50.02044615143541
23.61,-135208.35044095275,19617090.0,50.020537917764464
23.62,-236789.8609371671,19531390.0,50.02090062902317
23.63,-350065.1383974807,19430200.0,50.02152032060479
23.64,-470814.47689932864,19317320.0,50.02237358438278
23.65,-594559.0940352228,19196950.0,50.023428518778466
23.66,-716736.1089772873,19073580.0,50.02464601198591
23.67,-832878.3966131812,18951780.0,50.0259813281352
23.68,-938785.6396936195,18836010.0,50.027385840887476
23.69,-1030673.2206421171,18730470.0,50.02880878596089
23.7,-1105295.1014518957,18638950.0,50.03019900457005
23.71,-1160041.0320551656,18564690.0,50.03150665126238
23.72,-1193009.4119026533,18510300.0,50.03268483360572
23.73,-1203056.9464184758,18477680.0,50.03369114781826
23.74,-1189825.742425423,18467980.0,50.03448907247634
23.75,-1153751.0562116092,18481550.0,50.03504922074099
23.76,-1096056.281635998,18517970.0,50.03535048876399
23.77,-1018730.6184585935,18575990.0,50.03538098874666
23.78,-924480.4712302445,18653650.0,50.03513864824863
23.79,-816651.4832617876,18748220.0,50.03463144167938
23.8,-699122.2948258251,18856370.0,50.0338772407957
23.81,-576173.1447280906,18974210.0,50.032903279460726
23.82,-452333.24807956093,19097470.0,50.03174523472496
23.83,-332205.40314209217,19221620.0,50.030445859030706
23.84,-220277.43630054413,19342040.0,50.02905326865701
23.85,-120737.86832538561,19454270.0,50.02761905402349
23.86,-37308.79646392132,19554100.0,50.026196309976754
23.87,26897.820991725777,19637810.0,50.024837638850514
23.88,69496.5157795928,19702300.0,50.0235931933848
23.89,88914.16818788706,19745170.0,50.02250883169851
23.9,84442.92733675987,19764860.0,50.02162445499443
23.91,56259.27077864029,19760650.0,50.02097258431195
23.92,5417.43648859713,19732730.0,50.0205771214212
23.93,-66183.27136542078,19682140.0,50.02045238260511
23.94,-155864.94797934027,19610800.0,50.02060254138886
23.95,-260273.02624743068,19521360.0,50.02102151416713
23.96,-375508.45388140297,19417190.0,50.02169326402374
23.97,-497281.9731798847,19302200.0,50.02259248522189
23.98,-621081.5889742775,19180660.0,50.023685620727775
23.99,-742349.4980263966,19057080.0,50.024932220609806
24.0,-856661.3568994186,18936040.0,50.026286572555236
24.01,-959893.5009575594,18821950.0,50.02769944741032
24.02,-1048366.3910269177,18718930.0,50.02911985081685
24.03,-1118961.9122457874,18630660.0,50.03049676142233
24.04,-1169215.2680757777,18560270.0,50.03178082706172
24.05,-1197382.80805085,18510220.0,50.032925985342814
24.06,-1202486.8383244812,18482240.0,50.03389097228867
24.07,-1184337.9321964257,18477330.0,50.034640680650234
24.08,-1143539.8102700065,18495660.0,50.03514739335787
24.09,-1081481.299874062,18536630.0,50.035391896945946
24.1,-1000309.1821573153,18598870.0,50.035364352782054
24.11,-902873.3760984777,18680210.0,50.03506481838452
24.12,-792642.737056594,18777810.0,50.03450339849436
24.13,-673593.1378830195,18888190.0,50.03370001356625
24.14,-550071.2497506507,19007400.0,50.03268378309825
24.15,-426637.4757390098,19131060.0,50.031492019836435
24.16,-307886.55077463796,19254640.0,50.03016877371175
24.17,-198257.92206652957,19373530.0,50.02876306357892
24.18,-101854.23772406502,19483290.0,50.02732696681671
24.19,-22278.840475796722,19579820.0,50.02591363931077
24.2,37502.35062161228,19659510.0,50.024575321487184
24.21,75270.87414861657,19719410.0,50.02336139935293
24.22,89634.70188949793,19757290.0,50.02231659284203
24.23,80073.88117510488,19771760.0,50.02147934119202
24.24,46953.332564842945,19762300.0,50.020880424484496
24.25,-8488.93996284483,19729270.0,50.02054177116153
24.26,-84181.14666758903,19673920.0,50.0204755695903
24.27,-177291.81900354044,19598320.0,50.02068380495799
24.28,-284338.70792201225,19505290.0,50.02115823628112
24.29,-401326.3743770822,19398320.0,50.02188078482028
24.3,-523904.00122304464,19281400.0,50.022824293559474
24.31,-647534.7939700914,19158890.0,50.02395361213425
24.32,-767674.574818593,19035320.0,50.02522702808686
24.33,-879949.8402435617,18915240.0,50.02659793481341
24.34,-980320.4045542856,18803020.0,50.02801658130787
24.35,-1065217.3347154404,18702700.0,50.0294318233408
24.36,-1131654.7483449345,18617850.0,50.03079285533241
24.37,-1177316.4754140908,18551450.0,50.032050893277436
24.38,-1200618.9328321174,18505820.0,50.0331607748184
24.39,-1200751.131087024,18482550.0,50.03408243920825
24.4,-1177692.513209706,18482450.0,50.03478225237218
24.41,-1132215.2725383418,18505530.0,50.03523422282821
24.42,-1065873.0076033238,18551020.0,50.03542107444198
24.43,-980968.0067771845,18617380.0,50.035335046648
24.44,-880490.1507707237,18702290.0,50.03497833850518
24.45,-768026.6160778492,18802770.0,50.03436317930888
24.46,-647644.4595458081,18915230.0,50.033511514817484
24.47,-523749.797090456,19035610.0,50.03245430954873
24.48,-400925.42587562656,19159490.0,50.031230440698835
24.49,-283748.24378991674,19282300.0,50.02988516641437
24.5,-176600.24363401392,19399460.0,50.028468317284734
24.51,-83490.47080522857,19506580.0,50.02703236682016
24.52,-7897.270600330317,19599660.0,50.0256304423999
24.53,47364.20189719915,19675220.0,50.024314336799506
24.54,80245.70646360226,19730450.0,50.02313258987412
24.55,89538.02693104243,19763290.0,50.02212871276308
24.56,74909.32952299161,19772540.0,50.02133962363114
24.57,36912.47359362204,19757860.0,50.02079430639974
24.58,-23032.359399263398,19719810.0,50.02051267454672
24.59,-102684.0402098195,19659810.0,50.02050476637844
24.6,-199062.33361073464,19580100.0,50.020770377237525
24.61,-308563.48879199417,19483660.0,50.02129912635994
24.62,-427102.82477628463,19374090.0,50.022070927710836
24.63,-550275.6295545726,19255480.0,50.02305682194854
24.64,-673528.091469073,19132230.0,50.02422012617473
24.65,-792337.1310351443,19008900.0,50.02551793426291
24.66,-902386.9021800875,18890010.0,50.02690281894002
24.67,-999726.7046558198,18779880.0,50.02832458396619
24.68,-1080903.3083920921,18682460.0,50.029732012664894
24.69,-1143067.2041604365,18601190.0,50.03107459155879
24.7,-1184054.0303231706,18538930.0,50.032304178433606
24.71,-1202442.455974524,18497850.0,50.033376579677565
24.72,-1197589.3630887466,18479360.0,50.0342529997562
24.73,-1169643.231984084,18484110.0,50.03490133165931
24.74,-1119543.994939745,18511960.0,50.03529735486014
24.75,-1049008.3602209073,18561950.0,50.03542576517629
24.76,-960491.4210087672,18632370.0,50.035280901277545
24.77,-857119.2286593732,18720770.0,50.03486710993048
24.78,-742592.4037032333,18824030.0,50.03419873490053
24.79,-621063.3031555903,18938440.0,50.03329972046255
24.8,-496990.7600524266,19059840.0,50.03220283308718
24.81,-374972.6742984651,19183790.0,50.030948456902415
24.82,-259560.59986035468,19305680.0,50.02958298890468
24.83,-155071.71552620846,19420960.0,50.028156993236216
24.84,-65414.58728642622,19525320.0,50.02672325573
24.85,6063.509431633633,19614840.0,50.025334789484724
24.86,56703.19949094264,19686180.0,50.02404285519956
24.87,84630.19543929072,19736680.0,50.02289506719539
24.88,88820.33450935548,19764460.0,50.0219336573022
24.89,69130.62141881936,19768510.0,50.02119396289453
24.9,26301.155619343743,19748670.0,50.020703123834295
24.91,-38067.803365103435,19705700.0,50.02047900510425
24.92,-121569.34068234934,19641180.0,50.020529478708234
24.93,-221079.33313381995,19557530.0,50.020852151387516
24.94,-332878.4907988486,19457860.0,50.02143452072158
24.95,-452799.6322207137,19345910.0,50.02225452705186
24.96,-576391.3478497565,19225840.0,50.023281456146584
24.97,-699091.4346973968,19102090.0,50.024477168255174
24.98,-816406.8776455633,18979230.0,50.02579765037657
24.99,-924087.3554576735,18861760.0,50.02719473941985
25.0,-1018277.927515133,18753920.0,50.028617875403256
25.01,-1095645.806597697,18659570.0,50.03001584757109
25.02,-1153481.2819168866,18582040.0,50.03133850951231
25.03,-1189774.091674468,18524040.0,50.032538431230634
25.04,-1203266.4516303742,18487590.0,50.03357245263176
25.05,-1193483.4488757486,18473930.0,50.034403100610284
25.06,-1160742.8168790685,18483550.0,50.034999854037245
25.07,-1106152.0442428482,18516120.0,50.0353403157381
25.08,-1031589.3533843627,18570550.0,50.03541118720418
25.09,-939659.3675901551,18644950.0,50.03520892089337
25.1,-833619.4235179789,18736710.0,50.03474000635203
25.11,-717277.2789341719,18842580.0,50.034020877169596
25.12,-594863.147483707,18958760.0,50.03307743255265
25.13,-470879.98732923024,19081000.0,50.03194417540684
25.14,-349931.23714689683,19204820.0,50.03066291031111
25.15,-236533.3996392071,19325600.0,50.02928107444794
25.16,-134930.04539036832,19438820.0,50.0278498644677
25.17,-48921.68075196154,19540260.0,50.02642227568684
25.18,18281.71320658212,19626100.0,50.02505110505879
25.19,64181.29395759094,19693130.0,50.02378698369513
25.2,87079.91568816721,19738860.0,50.022676510509456
25.21,86140.04083374684,19761600.0,50.0217605587418
25.22,61407.70504734368,19760490.0,50.02107281566026
25.23,13809.360241690243,19735590.0,50.02063851727795
25.24,-54876.8849301149,19687830.0,50.020473436362245
25.25,-142082.44345231366,19618970.0,50.020583258668026
25.26,-244545.13257214308,19531600.0,50.02096340403652
25.27,-358437.29163049115,19428980.0,50.02159927018717
25.28,-479517.2813413653,19314930.0,50.02246686334635
25.29,-603295.4454738356,19193690.0,50.023533768860915
25.3,-725209.6771179163,19069750.0,50.024760457237335
25.31,-840805.1276978177,18947680.0,50.02610188429638
25.32,-945904.1820822009,18831930.0,50.027509229477914
25.33,-1036753.7412819294,18726670.0,50.028931648491856
25.34,-1110146.4211154676,18635670.0,50.03031801544362
25.35,-1163516.1516661195,18562130.0,50.031618627459615
25.36,-1195009.4980874325,18508610.0,50.03278683872061
25.37,-1203533.8301096966,18476970.0,50.03378058805542
25.38,-1188782.9445311662,18468300.0,50.03456378198118
25.39,-1151243.9630394683,18482910.0,50.03510754181367
25.4,-1092191.419296075,18520310.0,50.035391341829914
25.41,-1013663.4384408619,18579220.0,50.0354039234008
25.42,-918411.1920744076,18657610.0,50.035143870223145
25.43,-809818.9849681413,18752730.0,50.03461981509697
25.44,-691796.231769643,18861190.0,50.03385026507026
25.45,-568644.5475503101,18979080.0,50.03286304108228
25.46,-444903.83347568533,19102100.0,50.03169433349696
25.47,-325175.4815283007,19225710.0,50.03038730477154
25.48,-213933.35320417932,19345320.0,50.02899035942783
25.49,-115340.26295003615,19456440.0,50.027555247713885
25.5,-33082.2854219015,19554910.0,50.026135092676185
25.51,29773.21801258379,19637050.0,50.02478239399936
25.52,70891.99290907045,19699800.0,50.02354707626496
25.53,88756.63474858052,19740800.0,50.02247465381496
25.54,82717.27178756619,19758560.0,50.02160458283957
25.55,53008.42339684814,19752420.0,50.020968855201694
25.56,740.8591758191469,19722610.0,50.02059077203961
25.57,-72132.85001035017,19670240.0,50.020483998202934
25.58,-162887.07909642172,19597270.0,50.02065203413441
25.59,-268127.28094898537,19506430.0,50.02108813021644
25.6,-383923.898241683,19401100.0,50.02177561692282
25.61,-505967.80335324624,19285220.0,50.0226886127791
25.62,-629738.440895379,19163100.0,50.02379306321206
25.63,-750681.302571603,19039250.0,50.02504812144999
25.64,-864386.8545318246,18918240.0,50.026407790909424
25.65,-966756.391980748,18804470.0,50.027822672585806
25.66,-1054143.8283862306,18702040.0,50.02924171704881
25.67,-1123471.3232781743,18614590.0,50.03061396106055
25.68,-1172319.5704313586,18545210.0,50.03189021992331
25.69,-1198994.0918340837,18496310.0,50.03302470190136
25.7,-1202568.56520617,18469590.0,50.0339765082939
25.71,-1182905.7331133285,18465970.0,50.03471098146005
25.72,-1140661.4735323414,18485600.0,50.035200932932554
25.73,-1077275.7671866692,18527810.0,50.03542774491054
25.74,-994943.8380930999,18591170.0,50.03538221977065
25.75,-896559.3862278024,18673480.0,50.03506507753769
25.76,-785628.4708770849,18771840.0,50.0344870819347
25.77,-666155.8479109466,18882760.0,50.03366878316717
25.78,-542507.3010616407,19002220.0,50.032639876148366
25.79,-419250.8767825528,19125860.0,50.03143816312537
25.8,-300976.43245119246,19249120.0,50.030108073555034
25.81,-192106.1825687067,19367390.0,50.028698883258535
25.82,-96714.27010098548,19476270.0,50.027262798151654
25.83,-18365.722287915647,19571680.0,50.02585297109956
25.84,40019.94202643668,19650050.0,50.024521509309075
25.85,76276.7932910882,19708460.0,50.023317541649114
25.86,89069.34657266096,19744740.0,50.02228541784098
25.87,77935.95827996073,19757570.0,50.021463109145806
25.88,43299.88621782756,19746480.0,50.020880841772495
25.89,-13544.270519857353,19711890.0,50.020559922044285
25.9,-90472.05921410635,19655090.0,50.02051187360007
25.91,-184605.64738934365,19578220.0,50.02073800339235
25.92,-292424.7969240173,19484150.0,50.021229406609955
25.93,-409906.0085943083,19376400.0,50.02196738060384
25.94,-532681.2985613417,19259000.0,50.02292420681393
25.95,-656208.0896001654,19136300.0,50.024064255882664
25.96,-775948.1840494185,19012860.0,50.02534544013309
25.97,-887545.3571686682,18893210.0,50.02672089230341
25.98,-986986.5628466038,18781710.0,50.02814071630372
25.99,-1070738.1673812773,18682380.0,50.0295537379468
26.0,-1135856.0727319887,18598740.0,50.03090923474062
26.01,-1180070.7765374796,18533740.0,50.03215861440794
26.02,-1201848.70046889,18489650.0,50.03325700800381
26.03,-1200430.6970356072,18468000.0,50.03416474054504
26.04,-1175848.5247566458,18469550.0,50.0348486457453
26.05,-1128926.4338667914,18494270.0,50.03528327687978
26.06,-1061268.802729752,18541340.0,50.03545196649407
26.07,-975225.6547812513,18609150.0,50.03534760384112
26.08,-873829.5769924483,18695350.0,50.03497305448493
26.09,-760703.5135698825,18796920.0,50.03434120559924
26.1,-639941.6439873637,18910210.0,50.03347462644426
26.11,-515967.16941463423,19031150.0,50.03240484569065
26.12,-393368.3149657419,19155310.0,50.03117121417826
26.13,-276714.81261512777,19278100.0,50.02981935004613
26.14,-170369.18060007796,19394940.0,50.02839931862313
26.15,-78309.85832691658,19501490.0,50.02696369786778
26.16,-3975.039094491047,19593750.0,50.02556558766385
26.17,49868.00196836633,19668300.0,50.024256623822495
26.18,81224.6294578237,19722360.0,50.02308506689903
26.19,88942.77342112857,19753940.0,50.022094038536714
26.2,72749.01927607064,19761890.0,50.021319973298006
26.21,33254.20546480606,19745940.0,50.02079128964239
26.22,-28065.68368505285,19706680.0,50.02052727179985
26.23,-108918.05625638098,19645610.0,50.02053729117266
26.24,-206277.89010280411,19565010.0,50.02082046796269
26.25,-316505.31886656454,19467920.0,50.0213657655807
26.26,-435489.6814663781,19357960.0,50.0221524866029
26.27,-558811.301100642,19239250.0,50.02315112675012
26.28,-681913.1001111229,19116200.0,50.02432454780647
26.29,-800280.4685517084,18993390.0,50.02562949414384
26.3,-909617.0486291333,18875310.0,50.027018303865425
26.31,-1006001.0827594737,18766270.0,50.02844066104354
26.32,-1086016.0373750285,18670190.0,50.02984534366788
26.33,-1146855.2053417135,18590490.0,50.0311819447896
26.34,-1186401.5423222894,18529960.0,50.03240253551231
26.35,-1203284.0310519543,18490740.0,50.033463235037665
26.36,-1196911.3802084564,18474180.0,50.03432565031677
26.37,-1167484.0535957878,18480890.0,50.03495815566576
26.38,-1115993.3921394572,18510650.0,50.03533708515212
26.39,-1044205.8620388065,18562490.0,50.035447748199715
26.4,-954622.8837640597,18634620.0,50.035285132905095
26.41,-850411.4334210756,18724560.0,50.03485424650835
26.42,-735305.768620968,18829130.0,50.034170078739635
26.43,-613482.9614066576,18944600.0,50.033257179945636
26.44,-489416.2383469633,19066790.0,50.03214885704029
26.45,-367706.0157938185,19191230.0,50.030885938366474
26.46,-252893.79707024829,19313320.0,50.029515148433475
26.47,-149274.70851440192,19428520.0,50.028087253177546
26.48,-60724.53610934818,19532530.0,50.02665510996614
26.49,9451.325125886826,19621470.0,50.02527167236121
26.5,58642.62282064464,19692040.0,50.023988014066326
26.51,85029.38363027351,19741640.0,50.0228514433615
26.52,87644.76546408277,19768430.0,50.021903779812874
26.53,66403.91588055476,19771460.0,50.02117985818235
26.54,22104.28491856344,19750640.0,50.02070623747442
26.55,-43599.124993598205,19706760.0,50.020500143686476
26.56,-128249.5888927349,19641480.0,50.020568780145815
26.57,-228680.36325693096,19557260.0,50.02090908367908
26.58,-341138.5823642515,19457270.0,50.021507907547225
26.59,-461433.832183071,19345250.0,50.02234259751789
26.6,-585102.5428567647,19225400.0,50.02338191559645
26.61,-707582.0704175887,19102180.0,50.02458729245652
26.62,-824390.5874426505,18980160.0,50.025914394299654
26.63,-931299.5186775912,18863800.0,50.02731485081171
26.64,-1024484.6106279828,18757360.0,50.02873800862613
26.65,-1100651.0285912962,18664640.0,50.030132676490766
26.66,-1157132.6585731371,18588940.0,50.03144883724152
26.67,-1191966.939365204,18532930.0,50.03263929450694
26.68,-1203946.4037902309,18498580.0,50.03366121836672
26.69,-1192647.6115225698,18487080.0,50.03447755213277
26.7,-1158440.0598443425,18498860.0,50.03505827219602
26.71,-1102482.3823880341,18533560.0,50.03538154990148
26.72,-1026701.8592375068,18590010.0,50.03543470780437
26.73,-933748.167201532,18666280.0,50.035214848332885
26.74,-826917.7903887975,18759730.0,50.0347291158708
26.75,-710049.9710446652,18867060.0,50.033994578739936
26.76,-587397.2128753888,18984430.0,50.03303772558976
26.77,-463474.28167184076,19107590.0,50.03189357836424
26.78,-342884.5182830788,19232020.0,50.030604360720254
26.79,-230131.89496672607,19353120.0,50.02921781003049
26.8,-129435.77503755648,19466380.0,50.02778529724109
26.81,-44562.146170593565,19567600.0,50.02635986241032
26.82,21322.171103198896,19652990.0,50.02499421774401
26.83,65768.24730577122,19719390.0,50.02373878474834
26.84,87133.51981929236,19764360.0,50.022639837381654
26.85,84637.51269606926,19786250.0,50.02173782219802
26.86,58383.64489028457,19784280.0,50.02106591437497
26.87,9354.523529406812,19758550.0,50.020648764606825
26.88,-60618.56613121531,19710050.0,50.02050150735202
26.89,-148919.13521855138,19640610.0,50.02062916596142
26.9,-252244.55162745554,19552840.0,50.021026501789535
26.91,-366735.9025820459,19450050.0,50.02167828409399
26.92,-488130.703916161,19336100.0,50.02255994432492
26.93,-611929.4855387821,19215250.0,50.02363856685017
26.94,-733571.8667382719,19091990.0,50.02487421690558
26.95,-848616.0904845375,18970890.0,50.02622155452474
26.96,-952907.8896930065,18856390.0,50.027631577018994
26.97,-1042726.1160159289,18752640.0,50.02905337102131
26.98,-1114902.243387001,18663370.0,50.03043585296973
26.99,-1166914.3360577046,18591740.0,50.03172946991795
27.0,-1196956.8356206138,18540270.0,50.032887827714035
27.01,-1203987.2583735215,18510780.0,50.03386921033569
27.02,-1187750.3606637248,18504300.0,50.034637952051206
27.03,-1148784.1938612242,18521080.0,50.035165679129
27.04,-1088413.2929876288,18560600.0,50.035432437474704
27.05,-1008723.3867396085,18621520.0,50.03542758781142
27.06,-912508.9703699629,18701760.0,50.0351503573148
27.07,-803191.4979112109,18798520.0,50.03461002193146
27.08,-684709.6532129633,18908390.0,50.03382570686128
27.09,-561384.992654174,19027420.0,50.032825801616866
27.1,-437766.8119342474,19151290.0,50.031646990836066
27.11,-318454.046850061,19275460.0,50.03033282862178
27.12,-207905.8478073362,19395320.0,50.028931990802505
27.13,-110258.91995580593,19506410.0,50.02749637268842
27.14,-29163.27238518023,19604600.0,50.026079113530486
27.15,32358.00315910799,19686250.0,50.02473260177591
27.16,72021.18546847417,19748310.0,50.02350652897884
27.17,88363.56333891954,19788520.0,50.02244606501808
27.18,80791.91200641246,19805400.0,50.021590224721926
27.19,49597.38817979302,19798370.0,50.02097047627139
27.2,-4054.102323963365,19767720.0,50.02060952768746
27.21,-78158.36715414649,19714600.0,50.020520405566415
27.22,-169943.91567369783,19641040.0,50.020705954593595
27.23,-275978.14671468816,19549790.0,50.02115877926565
27.24,-392302.85504985455,19444290.0,50.02186159926551
27.25,-514590.71708761575,19328500.0,50.02278797990213
27.26,-638313.9888411596,19206740.0,50.023903390924374
27.27,-758922.4402131357,19083550.0,50.02516660883559
27.28,-872021.8944554229,18963470.0,50.026531370277674
27.29,-973538.7151011517,18850900.0,50.02794812072413
27.3,-1059859.9525000048,18749910.0,50.02936576631745
27.31,-1127947.334312203,18664110.0,50.0307334085862
27.32,-1175426.003483199,18596550.0,50.03200203291425
27.33,-1200649.3222356087,18549590.0,50.033126116606574
27.34,-1202740.7413186133,18524880.0,50.0340651200999
27.35,-1181613.3860701532,18523300.0,50.034784825256004
27.36,-1137973.4156100287,18544940.0,50.0352585588131
27.37,-1073309.9990697145,18589090.0,50.035468281436536
27.38,-989864.7728990763,18654260.0,50.03540541578296
27.39,-890573.1701946387,18738200.0,50.035071320641286
27.4,-778976.4853742869,18838000.0,50.03447739305471
27.41,-659106.5868890713,18950090.0,50.03364478669574
27.42,-535346.8821079107,19070450.0,50.0326037458848
27.43,-412271.94875109574,19194700.0,50.0313925379945
27.44,-294466.13796642394,19318260.0,50.03005595083917
27.45,-186334.3284720285,19436550.0,50.028643500076676
27.46,-91922.55352126888,19545160.0,50.027207507369155
27.47,-14758.414313950925,19640050.0,50.02580111497487
27.48,42283.60186393233,19717680.0,50.02447629508047
27.49,77088.31754261977,19775190.0,50.02328192329237
27.5,88374.6805260912,19810460.0,50.0222619885381
27.51,75736.99653283483,19822210.0,50.02145400882492
27.52,39654.32944744843,19810020.0,50.02088767618365
27.53,-18524.736651597486,19774390.0,50.020583698807876
27.54,-96625.6689280534,19716660.0,50.0205529629578
27.55,-191726.72610100522,19639010.0,50.020796127098585
27.56,-300271.8725223224,19544350.0,50.0213036531341
27.57,-418211.3801202567,19436240.0,50.022056244720034
27.58,-541161.510315914,19318730.0,50.02302565066371
27.59,-664574.8411162,19196210.0,50.02417578905122
27.6,-783919.5573427049,19073220.0,50.02546421960038
27.61,-894856.5561329555,18954290.0,50.02684383229591
27.62,-993399.275340245,18843770.0,50.028264599160956
27.63,-1076048.2840236397,18745640.0,50.029675324213294
27.64,-1139899.7782348404,18663400.0,50.03102537085196
27.65,-1182729.095270122,18599950.0,50.03226633591292
27.66,-1203050.5860613978,18557510.0,50.03335363628235
27.67,-1200154.7054405184,18537580.0,50.034247970545145
27.68,-1174123.158084428,18540870.0,50.03491662329515
27.69,-1125829.7956708646,18567280.0,50.03533467126924
27.7,-1056927.2835152182,18615950.0,50.03548603043072
27.71,-969810.9184987915,18685220.0,50.03536421135241
27.72,-867553.6564140604,18772710.0,50.0349727154188
27.73,-753812.0830604001,18875320.0,50.034325055806676
27.74,-632705.6918286276,18989420.0,50.033444393610516
27.75,-508673.35469507537,19110880.0,50.032362791271645
27.76,-386307.8148073828,19235250.0,50.03112004593581
27.77,-270171.3151610964,19357960.0,50.029762112820144
27.78,-164607.16634704196,19474420.0,50.028339274099984
27.79,-73564.04879553139,19580320.0,50.026904200109236
27.8,-441.36096813203767,19671680.0,50.02550995701913
27.81,52039.710625609965,19745120.0,50.024208023431584
27.82,81935.96088976774,19797910.0,50.023046386645085
27.83,88150.00331897731,19828110.0,50.022067790655946
27.84,70464.19025035948,19834620.0,50.02130820359684
27.85,29544.59110390616,19817230.0,50.02079550039312
27.86,-33079.769419468066,19776600.0,50.02054836211448
27.87,-115067.5026116746,19714250.0,50.02057552233846
27.88,-213351.23853379567,19632540.0,50.02087545675551
27.89,-324257.0990006921,19534530.0,50.02143650386529
27.9,-443650.12531429017,19423890.0,50.02223738481989
27.91,-567096.8772110791,19304750.0,50.02324807828747
27.92,-690037.800751175,19181560.0,50.02443101688478
27.93,-807967.1289110901,19058860.0,50.025742618773364
27.94,-916607.724452876,18941180.0,50.02713500429342
27.95,-1012065.9010946206,18832770.0,50.02855774885393
27.96,-1090960.4408135996,18737540.0,50.02995963039408
27.97,-1150525.657483333,18658870.0,50.03129034823203
27.98,-1188689.7673568795,18599530.0,50.03250218150246
27.99,-1204129.8402173095,18561570.0,50.033551552330024
28.0,-1196304.0868208967,18546340.0,50.03440045592063
28.01,-1165462.8702988278,18554370.0,50.035017733346635
28.02,-1112647.0758203054,18585400.0,50.03538025691853
28.03,-1039670.9736614574,18638410.0,50.035473928133236
28.04,-949080.2610289544,18711560.0,50.035294359238115
28.05,-844080.8096473274,18802330.0,50.03484719044786
28.06,-728438.6515404091,18907500.0,50.03414802915876
28.07,-606353.9803429433,19023300.0,50.03322200366439
28.08,-482313.1713228032,19145540.0,50.03210293440487
28.09,-360918.34937754704,19269730.0,50.030832069607314
28.1,-246700.67726325506,19391270.0,50.029456440907126
28.11,-143933.53718383185,19505630.0,50.02802700107808
28.12,-56460.794573866995,19608520.0,50.02659666943756
28.13,12452.719328499516,19696120.0,50.02521833566785
28.14,60244.18142918614,19765150.0,50.023942887473325
28.15,85145.95109763229,19813060.0,50.02281733319066
28.16,86246.32708906324,19838060.0,50.02188309095609
28.17,63516.323128765216,19839260.0,50.02117450781196
28.18,17808.446786981367,19816630.0,50.02071758034432
28.19,-49169.77516010159,19771010.0,50.0205289166619
28.2,-134913.88167030568,19704110.0,50.02061507446419
28.21,-236216.36722114903,19618450.0,50.020972344731284
28.22,-349292.34954931436,19517220.0,50.02158696031069
28.23,-469929.38799902477,19404210.0,50.022435695273145
28.24,-593652.550069781,19283630.0,50.0234868086259
28.25,-715899.0983368633,19159960.0,50.024701319141286
28.26,-832198.2967951547,19037760.0,50.02603458634736
28.27,-938342.8259746293,18921510.0,50.02743804317677
28.28,-1030538.2837544271,18815400.0,50.02886094945814
28.29,-1105526.6738705942,18723240.0,50.030252136251164
28.3,-1160684.1571080408,18648270.0,50.031561714867046
28.31,-1194094.4006282906,18593140.0,50.03274271834721
28.32,-1204598.6980138444,18559740.0,50.03375263971018
28.33,-1191823.486753147,18549250.0,50.03455482864839
28.34,-1156188.446378996,18562030.0,50.03511974671255
28.35,-1098901.82077699,18597660.0,50.03542611938118
28.36,-1021938.4867533587,18654940.0,50.03546187421486
28.37,-927991.8445555398,18731890.0,50.03522474669227
28.38,-820396.3452750223,18825820.0,50.03472251850236
28.39,-703021.7161307896,18933400.0,50.03397287517992
28.4,-580141.9903773018,19050740.0,50.033002878254905
28.41,-456283.2400178597,19173590.0,50.031848053503566
28.42,-336048.4963027034,19297410.0,50.03055103055441
28.43,-223929.30113873392,19417600.0,50.02915983657776
28.44,-124121.20354931522,19529670.0,50.027726009278986
28.45,-40356.31215240015,19629420.0,50.02630262872534
28.46,24240.854191551683,19713130.0,50.0249423206857
28.47,67270.23608026397,19777660.0,50.02369529839713
28.48,87142.69968853064,19820620.0,50.02260751469581
28.49,83133.6081636424,19840420.0,50.02171899569278
28.5,55402.51010151638,19836340.0,50.02106241289898
28.51,4986.923695821839,19808520.0,50.02066184192642
28.52,-66229.8887996006,19758020.0,50.02053179063084
28.53,-155584.63150303403,19686720.0,50.020676632385864
28.54,-259735.17834546417,19597270.0,50.02109048282328
28.55,-374792.14852951677,19493020.0,50.02175749531548
28.56,-496472.7896094601,19377860.0,50.02265253829209
28.57,-620268.2012806522,19256070.0,50.02374220607264
28.58,-741619.9741735854,19132170.0,50.02498616902186
28.59,-856099.5058355406,19010700.0,50.026338800179374
28.6,-959575.6864957365,18896110.0,50.02775092091424
28.61,-1048358.94786794,18792510.0,50.02917155327668
28.62,-1119319.1294589657,18703600.0,50.03054965894725
28.63,-1169977.8842321,18632510.0,50.031835836668556
28.64,-1198576.9810803959,18581720.0,50.03298394481094
28.65,-1204123.5609999518,18552990.0,50.033952612636824
28.66,-1186412.8653167519,18547310.0,50.034706601771504
28.67,-1146033.4505502277,18564880.0,50.03521804255936
28.68,-1084359.4874698024,18605110.0,50.03546755139321
28.69,-1003523.9978841504,18666640.0,50.03544510697297
28.7,-906364.5197354842,18747320.0,50.0351505781458
28.71,-796339.4062428909,18844330.0,50.034593881981905
28.72,-677416.369569814,18954190.0,50.03379475937525
28.73,-553936.66263486,19072960.0,50.03278216549045
28.74,-430458.41038935864,19196270.0,50.03159327183885
28.75,-311577.4392903438,19319580.0,50.03027201639249
28.76,-201737.65723363392,19438290.0,50.02886733955315
28.77,-105049.33081130747,19547960.0,50.027431276215104
28.78,-25126.23239519936,19644470.0,50.0260169769904
28.79,35052.90048612561,19724220.0,50.024676714450514
28.8,73254.92484516115,19784220.0,50.02345994258918
28.81,88071.87874258566,19822230.0,50.02241148204275
28.82,78967.26344446285,19836870.0,50.0215699013291
28.83,46289.23943519965,19827570.0,50.02096613643848
28.84,-8740.721923814388,19794710.0,50.02062229397547
28.85,-84066.45977336791,19739480.0,50.0205507548468
28.86,-176870.4497232373,19663960.0,50.0207537020725
28.87,-283682.0335710631,19570960.0,50.02122308952044
28.88,-400514.5038603123,19463960.0,50.02194102263301
28.89,-523022.58845186635,19346920.0,50.02288051105494
28.9,-646671.6757394089,19224210.0,50.024006547434254
28.91,-766916.1940094194,19100360.0,50.02527753120442
28.92,-879377.7492052685,18979920.0,50.02664693293076
28.93,-980008.2422872637,18867250.0,50.02806504439472
28.94,-1065228.3906535434,18766410.0,50.029480730550205
28.95,-1132040.0916347275,18680980.0,50.030843162450225
28.96,-1178113.58814696,18613960.0,50.03210350158079
28.97,-1201850.7995253918,18567680.0,50.033216501940814
28.98,-1202425.7527769106,18543730.0,50.034141992636535
28.99,-1179802.8201547193,18542940.0,50.034846206107666
29.0,-1134739.3372508162,18565350.0,50.0353029967154
29.01,-1068774.5798602405,18610200.0,50.03549491739741
29.02,-984197.4892942552,18675940.0,50.03541402568573
29.03,-883986.0543473014,18760300.0,50.035062334107174
29.04,-771717.4899498374,18860290.0,50.03445188757365
29.05,-651451.2718756351,18972340.0,50.03360445673736
29.06,-527588.6887030156,19092390.0,50.03255084713582
29.07,-404710.8361362879,19216030.0,50.03132980077532
29.08,-287396.25017300434,19338680.0,50.02998647044562
29.09,-180031.86548490718,19455770.0,50.028570614984325
29.1,-86634.7445161728,19562910.0,50.02713467203754
29.11,-10693.963793733274,19656080.0,50.025731769992845
29.12,44962.33549862774,19731800.0,50.02441373913405
29.13,78271.20918453753,19787230.0,50.02322919155817
29.14,88007.6120906396,19820310.0,50.022221742307714
29.15,73823.3942467121,19829820.0,50.02142844070669
29.16,36255.018862538505,19815410.0,50.02087842682774
29.17,-23293.390044824453,19777610.0,50.0205917910613
29.18,-102595.77830501279,19717830.0,50.02057876166345
29.19,-198685.24689190698,19638300.0,50.02083932793832
29.2,-307968.9967926151,19541990.0,50.02136329894399
29.21,-426370.4259106767,19432480.0,50.022130766737384
29.22,-549489.7416298094,19313850.0,50.02311293194312
29.23,-672774.7445260589,19190500.0,50.02427324761347
29.24,-791700.4530431814,19066990.0,50.02556891216449
29.25,-901945.7138999386,18947840.0,50.02695256832639
29.26,-999551.5962056977,18837370.0,50.02837405579309
29.27,-1081054.293305553,18739540.0,50.02978216055304
29.28,-1143591.9371880258,18657820.0,50.03112633976111
29.29,-1184986.525119075,18595060.0,50.032358391317345
29.3,-1203802.2557388681,18553440.0,50.033434033329705
29.31,-1199381.1343119428,18534400.0,50.03431435634374
29.32,-1171856.7563003162,18538600.0,50.0349671170755
29.33,-1122154.4545896458,18565910.0,50.035367939067946
29.34,-1051976.953313212,18615390.0,50.035501346685564
29.35,-963766.4215514532,18685350.0,50.03536149754081
29.36,-860637.5166489229,18773340.0,50.03495255405117
29.37,-746281.4604799829,18876250.0,50.03428867912972
29.38,-624843.6509375308,18990390.0,50.03339364686848
29.39,-500778.76962606615,19111620.0,50.0323000710978
29.4,-378683.71391941764,19235470.0,50.03104820818556
29.41,-263112.35978872527,19357350.0,50.029684357953684
29.42,-158387.46294811647,19472710.0,50.028259021417576
29.43,-68426.15958512947,19577220.0,50.02682495724071
29.44,3413.0909152947133,19666980.0,50.025435188055944
29.45,54457.58954498381,19738610.0,50.024141020143766
29.46,82818.12691341143,19789440.0,50.02299014749205
29.47,87454.63362037315,19817600.0,50.02202491216322
29.48,68207.8323979429,19822030.0,50.02128078816538
29.49,25801.50756123365,19802580.0,50.02078507665012
29.5,-38179.963496312965,19759980.0,50.02055582330785
29.51,-121344.36917880777,19695800.0,50.02060109132541
29.52,-220580.3762493354,19612440.0,50.020918680580785
29.53,-332178.9726126821,19513010.0,50.0214962758319
29.54,-451980.31655118277,19401220.0,50.022311991454536
29.55,-575537.1592260655,19281230.0,50.02333526792544
29.56,-698287.9781970616,19157480.0,50.02452809279072
29.57,-815736.8959620628,19034550.0,50.02584654795219
29.58,-923627.5076022353,18916920.0,50.02724253172026
29.59,-1018096.0973855846,18808840.0,50.028665512383874
29.6,-1095798.9734924026,18714200.0,50.03006427510206
29.61,-1154013.904449916,18636320.0,50.03138863806582
29.62,-1190716.9418265538,18577930.0,50.03259110597737
29.63,-1204635.8689119543,18541060.0,50.033628425678835
29.64,-1195281.0022881075,18526970.0,50.03446300609272
29.65,-1162955.3067232373,18536160.0,50.03506418592097
29.66,-1108751.8131720494,18568320.0,50.03540940881794
29.67,-1034534.9800940941,18622360.0,50.035485202867214
29.68,-942896.8237595418,18696420.0,50.0352878388825
29.69,-837083.7091665119,18787910.0,50.03482362299435
29.7,-720894.5155475939,18893560.0,50.03410881039915
29.71,-598553.0905370378,19009600.0,50.03316913395235
29.72,-474558.90230924415,19131800.0,50.03203894927104
29.73,-353515.103839519,19255640.0,50.03075993997454
29.74,-239941.24616925925,19376550.0,50.02937945384125
29.75,-138087.13997555926,19489980.0,50.027948632400786
29.76,-51762.432509663515,19591690.0,50.026520451887144
29.77,15811.246506180614,19677880.0,50.02514772674274
29.78,62121.385701390915,19745330.0,50.02388114117283
29.79,85455.69918642833,19791510.0,50.022767380590295
29.8,84960.6610728905,19814720.0,50.021847434311674
29.81,60666.07378406217,19814100.0,50.02115513099517
29.82,13482.25390337198,19789680.0,50.02071587136642
29.83,-54828.26263793156,19742380.0,50.020545610809776
29.84,-141711.18449515477,19673960.0,50.020650226867936
29.85,-243916.61748399094,19586970.0,50.02102533158263
29.86,-357626.5954393535,19484660.0,50.021656507386524
29.87,-478606.19143803965,19370850.0,50.022519930878154
29.88,-602369.2648943523,19249770.0,50.02358333737115
29.89,-724353.7520386238,19125910.0,50.02480731905394
29.9,-840101.3447264329,19003830.0,50.02614692050773
29.91,-945427.8074222333,18888000.0,50.02755337610423
29.92,-1036570.807080809,18782590.0,50.0289758632809
29.93,-1110311.6735441687,18691370.0,50.0303632455073
29.94,-1164071.5002717637,18617550.0,50.03166577794666
29.95,-1195982.9251185737,18563720.0,50.03283674321172
29.96,-1204938.735405866,18531740.0,50.03383398138428
29.97,-1190617.8949168657,18522710.0,50.03462127594381
29.98,-1153492.7660033302,18536970.0,50.03516960354799
29.99,-1094823.4987733264,18574040.0,50.0354582754907
30.0,-1016634.6005908089,18632660.0,50.035475856827524
30.01,-921664.8668083479,18710790.0,50.035220747838316
30.02,-813287.9557910918,18805720.0,50.03470139745417
30.03,-695404.8313389185,18914050.0,50.03393613538313
30.04,-572311.261964149,19031890.0,50.03295261873415
30.05,-448544.2503871085,19154950.0,50.03178689448992
30.06,-328705.5399665018,19278680.0,50.03048200927934
30.07,-217272.6918815429,19398490.0,50.02908628434171
30.08,-118415.40430105478,19509900.0,50.027651421773946
30.09,-35829.495832419954,19608740.0,50.02623053299293
30.1,27405.49873725709,19691300.0,50.024876142684626
30.11,68941.2328927567,19754520.0,50.02363823582701
30.12,87244.86174249405,19796050.0,50.02256242000344
30.13,81650.34578387829,19814350.0,50.021688273579436
30.14,52375.93448561162,19808750.0,50.02104793476179
30.15,516.3649699806119,19779480.0,50.02066487312828
30.16,-71991.1441757995,19727620.0,50.020552938692695
30.17,-162434.9202675012,19655130.0,50.02071582469676
30.18,-267432.254915744,19564700.0,50.02114697325799
30.19,-383062.759831326,19459720.0,50.02182989779303
30.2,-505023.43503096676,19344110.0,50.02273888408963
30.21,-628796.5763591492,19222180.0,50.023840022686116
30.22,-749826.9788733117,19098440.0,50.025092581961296
30.23,-863700.9111446851,18977440.0,50.026450646779
30.24,-966312.4204950398,18863610.0,50.02786486603481
30.25,-1054005.682843581,18761040.0,50.029284205120625
30.26,-1123691.173916704,18673400.0,50.03065768331547
30.27,-1172936.446124783,18603770.0,50.03193606729718
30.28,-1200032.8744000401,18554580.0,50.033073487415216
30.29,-1204039.3968645933,18527540.0,50.03402894009017
30.3,-1184803.8254649946,18523600.0,50.034767638910814
30.31,-1142967.2297811715,18542910.0,50.035262245388026
30.32,-1079955.2280813237,18584820.0,50.03549397415609
30.33,-997949.5709483854,18647910.0,50.03545344816123
30.34,-899831.8453070575,18730000.0,50.035141202228495
30.35,-789097.8516200975,18828200.0,50.03456781603134
30.36,-669744.4077032375,18939020.0,50.03375366401808
30.37,-546132.0618045067,19058470.0,50.03272828043948
30.38,-422826.72575940355,19182180.0,50.03152932987642
30.39,-304419.4751367103,19305590.0,50.030201133507646
30.4,-195337.0728710256,19424100.0,50.02879289206352
30.41,-99661.30259834556,19533290.0,50.02735677172008
30.42,-20967.59932536469,19629080.0,50.025945922500505
30.43,37811.773046929506,19707890.0,50.024612485602624
30.44,74496.33797397069,19766790.0,50.02340565897604
30.45,87734.85049947666,19803600.0,50.022369893630604
30.46,77049.32901352836,19816970.0,50.02154329008393
30.47,42846.52364509966,19806420.0,50.020956229625234
30.48,-13595.199629818031,19772350.0,50.020630195066374
30.49,-90166.69199203787,19716050.0,50.0205769003002
30.5,-184003.74864800693,19639620.0,50.02079784752357
30.51,-291597.42283783236,19545940.0,50.02128432385727
30.52,-408932.6695455533,19438500.0,50.022017807653604
30.53,-531646.820164993,19321320.0,50.02297074392866
30.54,-655199.311489947,19198770.0,50.024107643484896
30.55,-775050.4379174074,19075380.0,50.02538652788018
30.56,-886839.0259858279,18955700.0,50.026760604702424
30.57,-986544.1216670172,18844090.0,50.028180018857086
30.58,-1070621.7882010646,18744560.0,50.02959360384794
30.59,-1136115.7657258534,18660670.0,50.030950612424704
30.6,-1180743.0270981912,18595360.0,50.03220239656703
30.61,-1202955.5581029176,18550930.0,50.033304002593205
30.62,-1201979.2877969379,18528910.0,50.03421564442234
30.63,-1177830.9554042325,18530090.0,50.03490402138128
30.64,-1131319.984654407,18554440.0,50.03534353160103
30.65,-1064036.4398093375,18601150.0,50.035517335616206
30.66,-978316.998575035,18668650.0,50.03541813976883
30.67,-877182.366846198,18754580.0,50.035048622281565
30.68,-764245.5559501001,18855930.0,50.03442148537203
30.69,-643593.2256630466,18969090.0,50.033559123033676
30.7,-519643.8494212685,19089960.0,50.032492905255545
30.71,-396984.1006334181,19214140.0,50.03126204862717
30.72,-280185.55334674235,19337030.0,50.02991206757855
30.73,-173615.91064151732,19454060.0,50.028492957902884
30.74,-81261.8982157557,19560870.0,50.02705726444224
30.75,-6572.70719410188,19653460.0,50.02565809108604
30.76,47671.15742386668,19728400.0,50.02434711426659
30.77,79460.13438176399,19782890.0,50.02317267007206
30.78,87626.14131773217,19814930.0,50.02217798724884
30.79,71879.30214888277,19823350.0,50.02139963464406
30.8,32813.96495885367,19807860.0,50.02086618967869
30.81,-28109.97260034381,19769060.0,50.02059711578808
30.82,-108614.95758424705,19708400.0,50.020601976058174
30.83,-205689.21308896696,19628160.0,50.02088008585947
30.84,-315703.6878053713,19531360.0,50.0214205990865
30.85,-434555.6265593582,19421620.0,50.022202996535945
30.86,-557830.0744977392,19303050.0,50.02319793354619
30.87,-680971.1849248488,19180050.0,50.02436840488198
30.88,-799461.9989963248,19057200.0,50.025671255917494
30.89,-909000.4762817507,18939000.0,50.027058891737354
30.9,-1005656.377289688,18829750.0,50.028481029976035
30.91,-1086002.43553914,18733390.0,50.029886449145735
30.92,-1147219.4651395762,18653340.0,50.03122471057624
30.93,-1187176.6808439076,18592430.0,50.032447823075145
30.94,-1204488.4999969453,18552770.0,50.03351181501898
30.95,-1198548.6549243317,18535770.0,50.034378176724594
30.96,-1169542.601136785,18542020.0,50.03501514314886
30.97,-1118446.9221274883,18571340.0,50.03539888889331
30.98,-1047013.9613315989,18622750.0,50.03551454864464
30.99,-957732.1146962983,18694510.0,50.035356926416576
31.0,-853756.9296502764,18784110.0,50.03493084266106
31.01,-738813.313086403,18888410.0,50.03425110459035
31.02,-617071.4952503542,19003680.0,50.033342091353106
31.03,-493000.7584120526,19125750.0,50.03223695729427
31.04,-371200.83798503276,19250150.0,50.0309764045042
31.05,-256215.96956475457,19372290.0,50.029607062973604
31.06,-152347.29983355483,19487610.0,50.0281796388509
31.07,-63479.63371504797,19591820.0,50.026746966304444
31.08,7070.011212184909,19681030.0,50.025362012954375
31.09,56677.642088561435,19751920.0,50.02407590304426
31.1,83507.99240308744,19801880.0,50.02293602961122
31.11,86577.99263436621,19829060.0,50.02198432763192
31.12,65786.24251281255,19832480.0,50.021255773633335
31.13,21913.698127698444,19812040.0,50.02077709249899
31.14,-43400.59403595165,19768530.0,50.020565694758055
31.15,-127714.60705768998,19703570.0,50.02062897823104
31.16,-227874.30571529333,19619620.0,50.020964075451225
31.17,-340136.9401774588,19519820.0,50.02155802850825
31.18,-460319.2165868064,19407930.0,50.02238835812574
31.19,-583961.4484348259,19288120.0,50.02342398101594
31.2,-706501.3531441928,19164850.0,50.02462645435586
31.21,-823453.912541169,19042680.0,50.025951537958
31.22,-930584.1470807515,18926100.0,50.0273509211812
31.23,-1024058.7217373936,18819350.0,50.028773976796046
31.24,-1100571.597467502,18726260.0,50.03016950684199
31.25,-1157443.8472292074,18650130.0,50.031487455721106
31.26,-1192698.9531709352,18593640.0,50.03268055853144
31.27,-1205114.775213095,18558770.0,50.03370588893841
31.28,-1194252.8909439957,18546750.0,50.03452626882656
31.29,-1160467.8336181606,18558000.0,50.03511153075713
31.3,-1104903.6034065566,18592180.0,50.03543968318197
31.31,-1029473.5640788998,18648130.0,50.035497871539214
31.32,-936814.6806977112,18723960.0,50.03528301325435
31.33,-830212.4168066663,18817010.0,50.03480206635326
31.34,-713497.1591446479,18924010.0,50.03407191849901
31.35,-590915.1535738183,19041130.0,50.033118890604996
31.36,-466977.8589435555,19164110.0,50.03197785675514
31.37,-346288.5936599991,19288450.0,50.030690920120605
31.38,-233354.70574586128,19409540.0,50.02930573006989
31.39,-132402.18261252978,19522870.0,50.02787360482229
31.4,-47206.55920431437,19624230.0,50.026447568407164
31.41,19053.304470352596,19709830.0,50.0250803539273
31.42,63914.44811176206,19776500.0,50.023822439714074
31.43,85718.87380431336,19821760.0,50.02272018978743
31.44,83669.88896076294,19843970.0,50.02181417023234
31.45,57854.51905032346,19842330.0,50.02113770082376
31.46,9239.159829728946,19816930.0,50.02071559960434
31.47,-60360.46574130177,19768720.0,50.020563185623935
31.48,-148342.0534744542,19699530.0,50.02068567502178
31.49,-251415.07789714984,19611960.0,50.021078021675415
31.5,-365730.0955477285,19509300.0,50.02172517930259
31.51,-487031.0697709983,19395390.0,50.0226027487476
31.52,-610821.74309246,19274500.0,50.02367796259567
31.53,-732541.476170026,19151130.0,50.024911005701775
31.54,-847744.7758391435,19029820.0,50.02625662461563
31.55,-952270.4921547368,18915030.0,50.02766586895001
31.56,-1042388.000044015,18810920.0,50.02908784421833
31.57,-1114917.2650664747,18721210.0,50.03047145318374
31.58,-1167323.3269603609,18649100.0,50.031767097934264
31.59,-1197786.5436384603,18597100.0,50.03292830974008
31.6,-1205249.716797189,18567050.0,50.03391327079617
31.61,-1189442.6885452531,18560000.0,50.03468618970043
31.62,-1150888.7047644756,18576220.0,50.035218545580065
31.63,-1090897.9004630523,18615180.0,50.035490219094
31.64,-1011542.4151930527,18675580.0,50.0354903928797
31.65,-915604.4552281268,18755350.0,50.035218109586154
31.66,-806494.973121072,18851690.0,50.034682460851045
31.67,-688144.3937112411,18961210.0,50.03390239471484
31.68,-564868.6725520424,19079960.0,50.03290613787009
31.69,-441214.5027119519,19203640.0,50.03173023340148
31.7,-321781.5095391607,19327700.0,50.03041812221355
31.71,-211032.9113120425,19447530.0,50.02901840021254
31.72,-113112.67147328332,19558680.0,50.027582918432955
31.73,-31680.892754426808,19657000.0,50.02616480859042
31.74,30226.857243083534,19738830.0,50.024816488253634
31.75,70312.51546966855,19801130.0,50.02358771346631
31.76,87097.76287180989,19841610.0,50.022523750958605
31.77,79973.1361224128,19858780.0,50.02166374067926
31.78,49213.43678864988,19852050.0,50.0210393007789
31.79,-4031.5493355800863,19821670.0,50.02067331132752
31.8,-77772.90500647062,19768810.0,50.020578985585864
31.81,-169252.84476290824,19695460.0,50.0207593609389
31.82,-275050.23690383346,19604360.0,50.021207232298856
31.83,-391215.60778227774,19498940.0,50.0219055000269
31.84,-513427.29340290034,19383150.0,50.02282789361231
31.85,-637159.9412625224,19261310.0,50.02394002430838
31.86,-757862.2180266827,19137950.0,50.02520078006223
31.87,-871135.424858886,19017620.0,50.0265639754187
31.88,-972898.442299548,18904720.0,50.02798010047373
31.89,-1059528.4242386636,18803320.0,50.029398073137074
31.9,-1127975.3181402935,18717050.0,50.03076697464749
31.91,-1175851.0915138235,18648970.0,50.032037739380684
31.92,-1201494.9864813676,18601450.0,50.0331647648536
31.93,-1204015.8180125142,18576160.0,50.03410740557087
31.94,-1183311.9499698898,18573990.0,50.0348313142795
31.95,-1140074.9293526446,18595040.0,50.03530966772259
31.96,-1075779.787633671,18638620.0,50.03552425963963
31.97,-992654.9327316047,18703260.0,50.03546633442468
31.98,-893623.9646982035,18786720.0,50.035137067615686
31.99,-782218.2245109701,18886080.0,50.03454767477603
32.0,-662461.9439487887,18997820.0,50.03371913670329
32.01,-538733.6009250698,19117900.0,50.03268154048649
32.02,-415605.9493537098,19241950.0,50.03147301975815
32.03,-297664.8414162488,19365400.0,50.03013825804338
32.04,-189319.95017899328,19483650.0,50.02872669994761
32.05,-94625.15381745563,19592310.0,50.02729063139103
32.06,-17118.58903308725,19687310.0,50.025883195241526
32.07,40312.49040691275,19765120.0,50.02455640024074
32.08,75538.4403617928,19822850.0,50.02335919278632
32.09,87262.62211693195,19858370.0,50.02233566387637
32.1,75063.26752601995,19870380.0,50.02152346047667
32.11,39403.290344029956,19858470.0,50.0209524281385
32.12,-18384.5132339939,19823090.0,50.02064344867948
32.13,-96140.41361096891,19765580.0,50.02060759471424
32.14,-190955.77176637657,19688100.0,50.02084571519014
32.15,-299285.3215100146,19593550.0,50.021348458519746
32.16,-417087.3059372552,19485480.0,50.02209670362636
32.17,-539982.8774530343,19367940.0,50.023062357021686
32.18,-663426.2729644016,19245300.0,50.02420947109607
32.19,-782883.9132448387,19122110.0,50.02549570943107
32.2,-894011.6146428903,19002900.0,50.0268740323237
32.21,-992814.8859602995,18892010.0,50.02829444900424
32.22,-1075784.068943162,18793450.0,50.02970576820902
32.23,-1140003.3625402045,18710710.0,50.03105732654378
32.24,-1183234.823958211,18646720.0,50.03230066406059
32.25,-1203978.6774229612,18603710.0,50.033391112822514
32.26,-1201510.8147222723,18583180.0,50.03428926117521
32.27,-1175898.330567372,18585860.0,50.03496226122691
32.28,-1128000.6913137673,18611680.0,50.03538503735862
32.29,-1059456.717246625,18659780.0,50.03554133725705
32.3,-972648.8451226214,18728530.0,50.03542449315476
32.31,-870638.6333424028,18815520.0,50.035037824318316
32.32,-757073.2164276836,18917720.0,50.03439466490327
32.33,-636065.0233830151,19031470.0,50.03351800704095
32.34,-512048.60464206967,19152650.0,50.03243976092128
32.35,-389615.49835571053,19276840.0,50.03119959587509
32.36,-273330.0637402841,19399430.0,50.0298433696172
32.37,-167540.97475020197,19515880.0,50.028421300401305
32.38,-76205.24801996641,19621820.0,50.02698602999065
32.39,-2733.214857951156,19713300.0,50.02559063217209
32.4,50140.88882942707,19786910.0,50.02428662858236
32.41,80459.23549117218,19839920.0,50.02312208300176
32.42,87108.84179817629,19870370.0,50.02213984600867
32.43,69856.11546337954,19877150.0,50.021376017958296
32.44,29351.21789671859,19860010.0,50.02085862940844
32.45,-32892.260309069476,19819620.0,50.020606535725385
32.46,-114547.26620791247,19757490.0,50.02062865588325
32.47,-212558.977671291,19675930.0,50.020923653664795
32.48,-323263.67423349444,19578020.0,50.02148005039832
32.49,-442533.73181575944,19467410.0,50.02227673774699
32.5,-565939.9637424911,19348220.0,50.02328384639543
32.51,-688923.6783236667,19224900.0,50.02446393451737
32.52,-806976.5194202438,19101990.0,50.0257735146034
32.53,-915815.6012967726,18984000.0,50.02716476872288
32.54,-1011538.8516222932,18875230.0,50.02858730190921
32.55,-1090754.5687743146,18779560.0,50.02998989021633
32.56,-1150684.9618251417,18700400.0,50.03132220026784
32.57,-1189244.9748969888,18640520.0,50.032536449303244
32.58,-1205097.6498822556,18602000.0,50.03358897033438
32.59,-1197686.8121975046,18586180.0,50.03444164497004
32.6,-1167248.3960724007,18593620.0,50.035063178568784
32.61,-1114809.1139727456,18624080.0,50.0354302887205
32.62,-1042169.713380832,18676540.0,50.035528708043046
32.63,-951863.4816591565,18749190.0,50.03535387160335
32.64,-847085.4643075002,18839500.0,50.03491124041728
32.65,-731592.9098854293,18944280.0,50.03421624742411
32.66,-609579.6905000682,19059770.0,50.033293858125916
32.67,-485528.66377984965,19181770.0,50.03217774849714
32.68,-364041.58534233127,19305800.0,50.030909048095516
32.69,-249652.53510806028,19427270.0,50.0295347008514
32.7,-146640.9527640621,19541630.0,50.02810560536691
32.71,-58859.61459472752,19644600.0,50.026674662076196
32.72,10415.277828860097,19732340.0,50.02529477750714
32.73,58607.564291842864,19801570.0,50.02401689084971
32.74,83934.84789420839,19849710.0,50.02288809434269
32.75,85469.84506606322,19874980.0,50.02194991893097
32.76,63167.745150391245,19876450.0,50.02123684919514
32.77,17865.355493950774,19854080.0,50.02077504161841
32.78,-48744.914796889,19808700.0,50.0205812813302
32.79,-134172.45674596756,19742010.0,50.020662311806376
32.8,-235221.6691448519,19656490.0,50.02101461030545
32.81,-348117.0715424587,19555350.0,50.02162458884798
32.82,-468652.7397227352,19442360.0,50.02246918679079
32.83,-592357.179274105,19321720.0,50.02351680889821
32.84,-714667.7527774686,19197910.0,50.02472859258703
32.85,-831110.4594798044,19075490.0,50.026059984461355
32.86,-937471.6806359568,18958930.0,50.02746247210025
32.87,-1029948.1998900343,18852450.0,50.02888533806234
32.88,-1105271.2144050943,18759840.0,50.03027740483121
32.89,-1160804.5726914688,18684390.0,50.03158874494817
32.9,-1194618.5737977354,18628720.0,50.03277232419592
32.91,-1205540.4884568825,18594760.0,50.033785541900286
32.92,-1193182.4847024754,18583690.0,50.03459163070183
32.93,-1157950.0105650765,18595890.0,50.03516091385154
32.94,-1101037.3932081473,18630970.0,50.03547196035988
32.95,-1024406.3028203938,18687720.0,50.035512528212465
32.96,-930738.1011426719,18764180.0,50.0352801760657
32.97,-823356.8470467654,18857680.0,50.03478250800898
32.98,-706123.9777887382,18964880.0,50.034037037955436
32.99,-583307.7368973044,19081930.0,50.03307066852394
33.0,-459431.2436304469,19204560.0,50.0319187860197
33.01,-339097.7222377307,19328240.0,50.030623907095595
33.02,-226802.16128441232,19448370.0,50.029233977362395
33.03,-126746.64682994294,19560470.0,50.02780048679586
33.04,-42672.59420419298,19660310.0,50.026376502858874
33.05,22283.82361307193,19744180.0,50.02501467392479
33.06,65709.0467274019,19808920.0,50.02376526978981
33.07,85999.1493892473,19852120.0,50.0226743313222
33.08,82414.01681968721,19872180.0,50.02178200029422
33.09,55097.61437988316,19868370.0,50.021121087213594
33.1,5072.11051351839,19840820.0,50.020715827781935
33.11,-65793.89866465976,19790560.0,50.02058090561431
33.12,-154850.42368831614,19719450.0,50.020720877056156
33.13,-258766.63537115333,19630150.0,50.021130039931926
33.14,-373661.9311209096,19525980.0,50.021792721782745
33.15,-495259.4539304423,19410830.0,50.02268395042545
33.16,-619053.0957346496,19288980.0,50.02377045873693
33.17,-740483.8859939962,19164930.0,50.02501202748428
33.18,-855119.35585935,19043230.0,50.02636310843081
33.19,-958821.6439221726,18928330.0,50.027774570041174
33.2,-1047892.0570527003,18824360.0,50.02919545006941
33.21,-1119189.4522863524,18735020.0,50.03057469531613
33.22,-1170223.0994734264,18663440.0,50.031862860054574
33.23,-1199221.4038715851,18612130.0,50.033013730241414
33.24,-1205177.5568052165,18582850.0,50.03398583701858
33.25,-1187872.6656884146,18576610.0,50.034743821313135
33.26,-1147881.266696473,18593620.0,50.035259672597874
33.27,-1086563.9062959915,18633320.0,50.0355138494112
33.28,-1006040.7734493226,18694350.0,50.035496160762726
33.29,-909137.8246840963,18774570.0,50.03520629996484
33.3,-799303.5559249722,18871170.0,50.0346540092043
33.31,-680497.9966418026,18980700.0,50.03385886194983
33.32,-557057.2738826941,19099200.0,50.032849660035424
33.33,-433537.3396964799,19222340.0,50.03166344336655
33.34,-314535.0438806125,19345540.0,50.03034404608939
33.35,-204498.4960399723,19464230.0,50.02894033622201
33.36,-107545.12854266487,19573950.0,50.027504309939985
33.37,-27298.513133785804,19670590.0,50.0260891139814
33.38,33250.61103593232,19750510.0,50.02474705165314
33.39,71855.38493542827,19810740.0,50.02352764099687
33.4,87092.9749673421,19849020.0,50.02247579718495
33.41,78411.47116590932,19863930.0,50.0216302095743
33.42,46143.47216712241,19854920.0,50.02102195930034
33.43,-8504.843949362228,19822320.0,50.020673318254715
33.44,-83491.72598819446,19767340.0,50.02059684557989
33.45,-176012.48567325907,19692030.0,50.02079490736803
33.46,-282607.1166233802,19599170.0,50.02125963765669
33.47,-399296.9144779515,19492240.0,50.02197331204242
33.48,-521741.67534703336,19375220.0,50.02290909416756
33.49,-645408.7728099414,19252440.0,50.02403210897797
33.5,-765751.3417102897,19128440.0,50.025300859606816
33.51,-878386.487958177,19007760.0,50.02666888839913
33.52,-979258.8484996661,18894780.0,50.028086527422765
33.53,-1064779.6275720755,18793570.0,50.02950265081413
33.54,-1131939.452625635,18707710.0,50.03086640842794
33.55,-1178396.0105262087,18640220.0,50.032128911639894
33.56,-1202537.7989300326,18593420.0,50.03324483720505
33.57,-1203524.939944292,18568940.0,50.03417391212094
33.58,-1181307.7855883264,18567610.0,50.03488224477017
33.59,-1136629.8016126107,18589490.0,50.035343545770594
33.6,-1071016.8437112435,18633830.0,50.035540208247994
33.61,-986745.3005613568,18699110.0,50.035464119274785
33.62,-886781.94427477,18783040.0,50.03511711636356
33.63,-774694.5810105099,18882660.0,50.034511071415224
33.64,-654535.5072023469,18994410.0,50.033667590619366
33.65,-530701.424752747,19114230.0,50.03261733019595
33.66,-407771.82479880436,19237730.0,50.031398905642355
33.67,-290326.8302531337,19360320.0,50.030057371712964
33.68,-182758.10877502745,19477430.0,50.02864242111977
33.69,-89090.35400837101,19584670.0,50.02720645913526
33.7,-12822.814605781343,19678000.0,50.02580261639379
33.71,43204.09882820677,19753940.0,50.024482759611935
33.72,76913.58975391043,19809630.0,50.02329556974156
33.73,87065.73636840918,19843010.0,50.02228476018908
33.74,73297.08917436062,19852840.0,50.02148750394064
33.75,36128.77454525011,19838740.0,50.02093308781884
33.76,-23050.04703606345,19801250.0,50.020641767810595
33.77,-102027.30742186605,19741750.0,50.020623949368655
33.78,-197848.43645235593,19662450.0,50.02087980243317
33.79,-306930.7277628503,19566310.0,50.021399312650225
33.8,-425205.0065190346,19456910.0,50.022162737749895
33.81,-548275.978152355,19338330.0,50.023141427091986
33.82,-671592.8701710987,19214950.0,50.02429895999691
33.83,-790628.8889632355,19091320.0,50.025592632163054
33.84,-901057.9365072993,18971980.0,50.02697515169372
33.85,-998913.4487961882,18861250.0,50.02839639217036
33.86,-1080721.8170827734,18763100.0,50.02980514256855
33.87,-1143609.697967611,18680990.0,50.03115083301891
33.88,-1185386.397432476,18617810.0,50.03238520581571
33.89,-1204602.6373242368,18575750.0,50.03346389697079
33.9,-1200586.5379459835,18556250.0,50.03434789072914
33.91,-1173457.7719461117,18559980.0,50.03500481639202
33.92,-1124127.9867764798,18586830.0,50.035410151463935
33.93,-1054286.7437970268,18635880.0,50.03554825916373
33.94,-966363.9916838062,18705450.0,50.03541312646861
33.95,-863463.5935652915,18793110.0,50.03500874205232
33.96,-749267.8698136616,18895740.0,50.03434909850696
33.97,-627915.6177407564,19009680.0,50.03345780953412
33.98,-503857.5621754761,19130770.0,50.03236734498739
33.99,-381689.6466489931,19254570.0,50.03111784109257
34.0,-265967.9767578574,19376490.0,50.02975550680435
34.01,-161020.64084710367,19491960.0,50.02833078462374
34.02,-70772.95465538767,19596670.0,50.02689640885967
34.03,1405.9831876278622,19686680.0,50.02550541235771
34.04,52830.840939444955,19758620.0,50.02420914544371
34.05,81598.30788995791,19809820.0,50.02305537800768
34.06,86653.32209017791,19838360.0,50.022086556569846
34.07,67821.30616340775,19843190.0,50.02133828404107
34.08,25810.82681653864,19824140.0,50.02083801237779
34.09,-37808.457965185866,19781920.0,50.020603955506594
34.1,-120657.95772564725,19718090.0,50.020644354928834
34.11,-219638.19970930807,19635040.0,50.02095719078289
34.12,-331049.70475773985,19535860.0,50.021530322477545
34.13,-450739.43787528854,19424260.0,50.02234202678184
34.14,-574264.0024448335,19304380.0,50.02336188853042
34.15,-697062.503891935,19180680.0,50.02455201423061
34.16,-814636.4121727592,19057700.0,50.02586857471538
34.17,-922723.6740471227,18939950.0,50.0272635259922
34.18,-1017452.4305504526,18831700.0,50.028686363335105
34.19,-1095468.8536193375,18736810.0,50.03008586860289
34.2,-1154039.0336618386,18658640.0,50.031411827114525
34.21,-1191126.2365938835,18599920.0,50.032616682712586
34.22,-1205444.7489155752,18562680.0,50.03365709534312
34.23,-1196491.0572509961,18548220.0,50.034495363580255
34.24,-1164554.258449859,18557040.0,50.03510069455805
34.25,-1110713.7607070617,18588850.0,50.03545038210589
34.26,-1036821.0130456402,18642560.0,50.03553079077422
34.27,-945456.0922336506,18716340.0,50.03533801994675
34.28,-839854.9656125753,18807590.0,50.03487820265854
34.29,-723808.1035167519,18913080.0,50.03416742584822
34.3,-601533.3303269983,19029020.0,50.033231265538404
34.31,-477526.8199625369,19151190.0,50.03210393858776
34.32,-356391.50020522904,19275110.0,50.03082701520468
34.33,-242649.88209245488,19396150.0,50.029447759873705
34.34,-140557.77872063586,19509810.0,50.028017263505895
34.35,-53933.594250313356,19611830.0,50.0265884859625
34.36,13989.932436947827,19698380.0,50.02521425974592
34.37,60687.302791801165,19766230.0,50.02394532058809
34.38,84431.90518276358,19812870.0,50.02282843656245
34.39,84355.11891417985,19836560.0,50.02190470742879
34.4,60471.438985526096,19836430.0,50.021208096069124
34.41,13676.028793792822,19812500.0,50.020764158679654
34.42,-54283.13023691659,19765670.0,50.02058902229592
34.43,-140865.04057183588,19697670.0,50.020688744132514
34.44,-242831.20532910115,19611060.0,50.02105911620433
34.45,-356372.6226165748,19509070.0,50.02168589372713
34.46,-477260.53129239596,19395520.0,50.02254541238354
34.47,-601011.9717003058,19274620.0,50.02360554739077
34.48,-723064.8433092855,19150860.0,50.024827004558425
34.49,-838957.580352616,19028810.0,50.02616491172268
34.5,-944499.7645810312,18912930.0,50.02757055495357
34.51,-1035920.4510815435,18807400.0,50.02899313238345
34.52,-1109990.433637167,18715990.0,50.030381497800036
34.53,-1164118.8086491432,18641950.0,50.03168586729914
34.54,-1196425.1842081617,18587850.0,50.03285945663595
34.55,-1205788.6755819204,18555580.0,50.03386001328415
34.56,-1191874.3273087947,18546260.0,50.03465120532034
34.57,-1155140.6162858363,18560220.0,50.0352038733108
34.58,-1096834.110161724,18597000.0,50.03549717473834
34.59,-1018966.4143486937,18655370.0,50.03551950795631
34.6,-924264.5783968348,18733300.0,50.035269099760015
34.61,-816092.13943781,18828070.0,50.03475422503092
34.62,-698342.0133838096,18936310.0,50.033993045522685
34.63,-575304.3862854446,19054140.0,50.03301306311585
34.64,-451513.4738123101,19177260.0,50.0318501888942
34.65,-331571.3519122503,19301140.0,50.03054736013024
34.66,-219959.12987199548,19421180.0,50.02915281988631
34.67,-120853.08712973009,19532890.0,50.02771822542436
34.68,-37958.33665836416,19632100.0,50.02629667797308
34.69,25633.99448886339,19715100.0,50.02494072675857
34.7,67562.16708721349,19778810.0,50.02370041470847
34.71,86278.70010924188,19820850.0,50.02262143817131
34.72,81102.26836348366,19839700.0,50.021743491342384
34.73,52235.75455186627,19834650.0,50.021098851082314
34.74,758.8057055804529,19805920.0,50.020711145872575
34.75,-71405.73107669014,19754580.0,50.020594399605166
34.76,-161559.19380929758,19682560.0,50.020752486274475
34.77,-266329.8878314558,19592560.0,50.02117902765648
34.78,-381805.9330040925,19487940.0,50.021857708462406
34.79,-503689.9884000117,19372630.0,50.02276297095604
34.8,-627466.9475988417,19250910.0,50.02386104135555
34.81,-748580.921904024,19127310.0,50.02511129602676
34.82,-862614.2599622072,19006370.0,50.026467896539984
34.83,-965454.2530760563,18892520.0,50.02788153714257
34.84,-1053435.9896731987,18789860.0,50.02930119754452
34.85,-1123459.0145658993,18702070.0,50.03067588086443
34.86,-1173078.5705472415,18632240.0,50.0319563083931
34.87,-1200572.7601066758,18582820.0,50.03309653744674
34.88,-1204986.6784800878,18555530.0,50.03405546602021
34.89,-1186154.0980266882,18551330.0,50.03479818667944
34.9,-1144702.120700841,18570380.0,50.0352972194557
34.91,-1082042.7734524547,18612050.0,50.035533620593895
34.92,-1000345.0086053718,18674930.0,50.03549784301562
34.93,-902478.8994093032,18756850.0,50.03519024617642
34.94,-791930.4857915877,18854950.0,50.034621235369336
34.95,-672689.0100821912,18965730.0,50.03381101828005
34.96,-549110.0221737796,19085210.0,50.03278897688399
34.97,-425757.4034320514,19209030.0,50.03159264550943
34.98,-307223.4100491052,19332630.0,50.03026624320377
34.99,-197939.18492061057,19451420.0,50.02885890044404
35.0,-101993.86177834973,19560960.0,50.027422747054494
35.01,-22972.837079065735,19657160.0,50.02601093149865
35.02,36179.48034671135,19736440.0,50.02467562811189
35.03,73268.77586434549,19795860.0,50.0234661012944
35.04,86928.84419529291,19833220.0,50.022426898809236
35.05,76666.22784808092,19847150.0,50.02159624416803
35.06,42872.09099654399,19837160.0,50.02100466559486
35.07,-13190.4787506258,19803650.0,50.02067381264925
35.08,-89426.69584847306,19747870.0,50.02061557861931
35.09,-182985.10477501992,19671920.0,50.020831649430576
35.1,-290367.2937615625,19578650.0,50.02131349264717
35.11,-407566.09337335674,19471560.0,50.02204275682273
35.12,-530223.7648703755,19354660.0,50.022992040682254
35.13,-653801.5727020213,19232300.0,50.02412598658819
35.14,-773758.3648890399,19109030.0,50.025402718938274
35.15,-885728.3339342214,18989380.0,50.026775516201425
35.16,-985683.129979931,18877720.0,50.02819456238357
35.17,-1070069.1696198955,18778070.0,50.02960869874515
35.18,-1135918.7883098563,18694000.0,50.03096715520078
35.19,-1180936.247903029,18628470.0,50.03222123153316
35.2,-1203559.9435847448,18583780.0,50.033325894429815
35.21,-1203001.739448528,18561480.0,50.03424125326382
35.22,-1179264.2036340004,18562360.0,50.03493388072939
35.23,-1133142.7328453958,18586430.0,50.03537802832059
35.24,-1066213.8053019356,18632880.0,50.0355566935939
35.25,-980801.3865590822,18700140.0,50.0354624091932
35.26,-879914.8373417534,18785890.0,50.035097675276084
35.27,-767157.673081173,18887110.0,50.03447501825144
35.28,-646609.3402791186,19000210.0,50.033616665278025
35.29,-522683.7639078177,19121100.0,50.03255383535373
35.3,-399966.1253987509,19245370.0,50.03132561763294
35.31,-283029.7773480305,19368430.0,50.02997742849471
35.32,-176247.4183907659,19485710.0,50.02855919849102
35.33,-83613.71888998582,19592840.0,50.027123441757716
35.34,-8588.3896963679,19685820.0,50.02572326683008
35.35,46035.42655429209,19761200.0,50.024410389648324
35.36,78233.93500954576,19816180.0,50.023233218888016
35.37,86823.80678846617,19848730.0,50.022235085772024
35.38,71499.5326833612,19857670.0,50.021452687061455
35.39,32839.83525146742,19842700.0,50.020914751254196
35.4,-27710.58632367768,19804400.0,50.020640911622
35.41,-107888.34195203747,19744210.0,50.02064091248766
35.42,-204694.0937993717,19664390.0,50.02091425350507
35.43,-314508.91438209324,19567950.0,50.02145026817955
35.44,-433237.44003231486,19458490.0,50.02222860546806
35.45,-556469.1095408374,19340130.0,50.02322007120609
35.46,-679649.2332855063,19217260.0,50.02438778611745
35.47,-798258.7264913083,19094440.0,50.025688692280056
35.48,-907990.2795643026,18976200.0,50.027075259069655
35.49,-1004905.7131306981,18866840.0,50.028497236623636
35.5,-1085567.6553211128,18770290.0,50.029903404478674
35.51,-1147145.1427945346,18689990.0,50.03124329446903
35.52,-1187494.3895193534,18628780.0,50.032468856737246
35.53,-1205216.0123196892,18588800.0,50.033536033879486
35.54,-1199689.5350342835,18571450.0,50.034406205818804
35.55,-1171086.1699834745,18577340.0,50.03504747557898
35.56,-1120368.4961901172,18606310.0,50.035435866764445
35.57,-1049275.3948870655,18657400.0,50.03555634778164
35.58,-960282.7837409774,18728860.0,50.03540354693698
35.59,-856535.2097170708,18818220.0,50.034982106030434
35.6,-741748.541539532,18922330.0,50.03430665748414
35.61,-620086.369336534,19037490.0,50.033401416412325
35.62,-496014.11385065434,19159510.0,50.03229939087021
35.63,-374130.8030077429,19283950.0,50.031041162060866
35.64,-258983.2760403179,19406200.0,50.02967326977752
35.65,-154878.45979895507,19521710.0,50.02824636334522
35.66,-65709.82272893877,19626170.0,50.02681325517687
35.67,5194.46609627502,19715700.0,50.02542692672283
35.68,55197.252023740904,19786970.0,50.024138550814854
35.69,82448.64475171745,19837330.0,50.02299560161101
35.7,85950.0771396202,19864940.0,50.02204012437548
35.71,65584.36257446685,19868800.0,50.02130723095674
35.72,22116.75949747779,19848790.0,50.02082380416145
35.73,-42828.825626262,19805670.0,50.020607429785656
35.74,-126824.26534078049,19741080.0,50.02066568998477
35.75,-226727.51549204518,19657440.0,50.020995902662136
35.76,-338805.3606783884,19557880.0,50.021585288774375
35.77,-458881.1987767423,19446150.0,50.022411534619735
35.78,-582498.9850667636,19326430.0,50.02344370344108
35.79,-705096.775188616,19203150.0,50.024643472502795
35.8,-822186.5555108113,19080900.0,50.02596669077225
35.81,-929527.3191552593,18964150.0,50.02736510465409
35.82,-1023277.1742594664,18857160.0,50.02878811227863
35.83,-1100119.5074979085,18763750.0,50.03018450987903
35.84,-1157363.2594965277,18687240.0,50.031504205643486
35.85,-1193018.659596542,18630330.0,50.03269986963586
35.86,-1205849.6137330863,18595010.0,50.03372848390413
35.87,-1195403.4520892953,18582510.0,50.03455275503046
35.88,-1162020.4457480167,18593290.0,50.03514237854835
35.89,-1106830.588461012,18627000.0,50.03547520710001
35.9,-1031733.883615047,18682510.0,50.0355382164691
35.91,-939355.0684221959,18757930.0,50.03532814673963
35.92,-832969.0032801124,18850630.0,50.03485177736846
35.93,-716397.5504572357,18957330.0,50.034125822860545
35.94,-593880.914476567,19074210.0,50.03317644318337
35.95,-469927.35672016395,19197040.0,50.03203837068153
35.96,-349140.18300661887,19321300.0,50.03075359337132
35.97,-236030.0390740264,19442390.0,50.029369677111404
35.98,-134829.3480284193,19555810.0,50.027937890568886
35.99,-49322.89179680799,19657310.0,50.02651124352675
36.0,17298.83253231051,19743110.0,50.02514249034752
36.01,62559.34509253374,19810020.0,50.023882164854136
36.02,84785.80283535086,19855570.0,50.02277671837374
36.03,83165.93694073491,19878080.0,50.02186683247424
36.04,57771.05660012644,19876750.0,50.02118596617379
36.05,9552.071509470814,19851630.0,50.020759097970505
36.06,-59690.098955435446,19803690.0,50.020601723286276
36.07,-147366.6065570836,19734720.0,50.020719242235955
36.08,-250198.38239312862,19647320.0,50.021106792215186
36.09,-364344.9115661079,19544750.0,50.02174950252169
36.1,-485556.195508973,19430870.0,50.02262313497923
36.11,-609338.9487715564,19309920.0,50.02369506305248
36.12,-731132.2220213001,19186390.0,50.0249255853192
36.13,-846486.9276749499,19064860.0,50.02626953064865
36.14,-951235.3667138956,18949750.0,50.027677998732564
36.15,-1041637.926349743,18845250.0,50.029100113539
36.16,-1114503.6555403206,18755090.0,50.030484765258166
36.17,-1167285.2196897818,18682470.0,50.03178231346379
36.18,-1198149.589082059,18629930.0,50.03294621876383
36.19,-1206025.5780745654,18599300.0,50.033934566853425
36.2,-1190628.8294097735,18591650.0,50.03471144682662
36.21,-1152468.4573336272,18607270.0,50.035248197503826
36.22,-1092840.831848122,18645660.0,50.03552454186313
36.23,-1013805.0779691058,18705500.0,50.03552949236118
36.24,-918131.5993653989,18784750.0,50.03526191498082
36.25,-809221.2556720093,18880640.0,50.03473072496936
36.26,-690996.5483259838,18989750.0,50.03395470104398
36.27,-567768.053742815,19108180.0,50.03296191414178
36.28,-444079.961277122,19231610.0,50.031788771982264
36.29,-324532.5826559801,19355490.0,50.03047860769168
36.3,-213593.09468201018,19475230.0,50.02907994158527
36.31,-115412.49064070563,19586350.0,50.02764458335547
36.32,-33660.62250296457,19684720.0,50.02622565864616
36.33,28614.926643065643,19766650.0,50.02487561395992
36.34,69102.33149111946,19829100.0,50.02364426778928
36.35,86308.33063063817,19869750.0,50.02257698011022
36.36,79607.94832780771,19887130.0,50.021713010880134
36.37,49260.42219022219,19880590.0,50.02108412136319
36.38,-3599.7351156926015,19850400.0,50.02071335516193
36.39,-76998.01751691045,19797690.0,50.02061410243509
36.4,-168189.54181440227,19724450.0,50.02078958308617
36.41,-273763.9526487749,19633400.0,50.02123277223062
36.42,-389779.94491815206,19527970.0,50.021926740899815
36.43,-511921.1159987611,19412090.0,50.02284537355337
36.44,-635664.2981619515,19290090.0,50.02395441499733
36.45,-756457.067266243,19166480.0,50.02521285847735
36.46,-869896.4303483419,19045810.0,50.02657459227208
36.47,-971894.1789301531,18932500.0,50.02799014862362
36.48,-1058818.1053959667,18830620.0,50.029408456598375
36.49,-1127607.0300429566,18743820.0,50.03077857842445
36.5,-1175860.4647370223,18675140.0,50.03205140024291
36.51,-1201904.291258254,18627000.0,50.03318124402415
36.52,-1204833.463744682,18601060.0,50.034127363882256
36.53,-1184532.3476923076,18598230.0,50.03485529004067
36.54,-1141678.6123843803,18618630.0,50.035338056739796
36.55,-1077733.8221242267,18661580.0,50.03555729872431
36.56,-994913.7643741951,18725610.0,50.03550409054586
36.57,-896130.7402900745,18808520.0,50.03517943310695
36.58,-784906.5791599415,18907380.0,50.034594368968556
36.59,-665258.2270393686,19018680.0,50.033769714332344
36.6,-541559.4624977586,19138400.0,50.03273540657214
36.61,-418381.3224943323,19262170.0,50.03152945224746
36.62,-300311.156287662,19385420.0,50.03019643637908
36.63,-191763.29236662592,19503550.0,50.02878573687168
36.64,-96799.17350983177,19612150.0,50.02734960665174
36.65,-18967.052406138275,19707170.0,50.02594119019126
36.66,38833.600193990045,19785050.0,50.02461253193534
36.67,74459.33349130093,19842890.0,50.02341264640356
36.68,86598.67505654332,19878560.0,50.02238572216856
36.69,74814.59034534154,19890740.0,50.02156952912934
36.7,39554.69240874663,19878990.0,50.02099405873618
36.71,-17863.13178604038,19843750.0,50.02068035729541
36.72,-95293.0774018775,19786360.0,50.0206396734473
36.73,-189838.78141649085,19708950.0,50.02087303567387
36.74,-297965.0380727336,19614430.0,50.021371268040795
36.75,-415637.50617043755,19506310.0,50.02211541434978
36.76,-538481.8539798378,19388650.0,50.02307752934024
36.77,-661953.8001027512,19265820.0,50.02422179155096
36.78,-781518.0593737314,19142350.0,50.025505962319286
36.79,-892825.6559901491,19022780.0,50.02688306832486
36.8,-991874.6394199752,18911470.0,50.0283031539967
36.81,-1075145.7400129682,18812420.0,50.02971503276886
36.82,-1139711.8804850718,18729130.0,50.031068016260896
36.83,-1183322.6219473921,18664550.0,50.032313591169476
36.84,-1204464.8856112673,18620920.0,50.03340700974351
36.85,-1202400.851839915,18599760.0,50.03430875665757
36.86,-1177183.86171216,18601800.0,50.03498585941223
36.87,-1129659.8154781158,18626980.0,50.03541309875175
36.88,-1061454.4410030004,18674470.0,50.035574063366504
36.89,-974937.9862954882,18742640.0,50.0354619167942
36.9,-873161.2012005396,18829110.0,50.035079806078954
36.91,-759762.246011362,18930840.0,50.03444089596063
36.92,-638846.8359128195,19044190.0,50.03356801867168
36.93,-514845.4243618181,19165050.0,50.03249294052927
36.94,-392348.4272049803,19289000.0,50.031255210318825
36.95,-275922.2464815233,19411430.0,50.029900594077304
36.96,-169920.70233873517,19527790.0,50.028479250498926
36.97,-78308.78786183556,19633720.0,50.027043795412204
36.98,-4507.243581198389,19725260.0,50.02564731064005
36.99,48737.301408559666,19798990.0,50.02434135933762
37.0,79453.15857282828,19852150.0,50.02317407833302
37.01,86512.59195500647,19882780.0,50.02218841946472
37.02,69666.95827469387,19889750.0,50.021420608334054
37.03,29551.462769562146,19872810.0,50.02089882219415
37.04,-32334.766747709713,19832600.0,50.020642080315405
37.05,-113678.0830510325,19770610.0,50.020659475836325
37.06,-211435.36273878062,19689170.0,50.02094984888762
37.07,-321952.32941160805,19591300.0,50.02150189205532
37.08,-441108.1478892259,19480680.0,50.02229465652498
37.09,-564477.5338190552,19361410.0,50.023298415075516
37.1,-687502.5489030884,19237920.0,50.02447584340503
37.11,-805672.3827460363,19114780.0,50.02578354236755
37.12,-914698.777754326,18996490.0,50.02717375221969
37.13,-1010671.8476394457,18887330.0,50.028596106285036
37.14,-1090190.0951637053,18791230.0,50.02999937909406
37.15,-1150464.4110828857,18711580.0,50.03133320695443
37.16,-1189397.3149352442,18651170.0,50.03254974931891
37.17,-1205638.6978515624,18612100.0,50.03360525575148
37.18,-1198618.89046061,18595710.0,50.03446150142674
37.19,-1168560.270853439,18602590.0,50.0350870642948
37.2,-1116476.2065660683,18632490.0,50.03545851639435
37.21,-1044154.6748067082,18684430.0,50.03556143112039
37.22,-954117.2202090392,18756590.0,50.03539107635457
37.23,-849548.6340783349,18846470.0,50.03495274399556
37.24,-734197.8327849659,18950870.0,50.03426170222347
37.25,-612252.6689473621,19066060.0,50.033342762601926
37.26,-488192.6516555851,19187830.0,50.03222946474304
37.27,-366619.1900610126,19311720.0,50.030962826410665
37.28,-252069.14695778536,19433110.0,50.02958970916791
37.29,-148827.73412499565,19547480.0,50.02816096113367
37.3,-60756.192152557196,19650540.0,50.026729465511046
37.31,8858.504498737631,19738430.0,50.025348145239846
37.32,57427.57764364628,19807850.0,50.02406798859216
37.33,83154.69666255661,19856230.0,50.02293616727284
37.34,85097.88608689047,19881760.0,50.0219943188149
37.35,63197.44259269227,19883500.0,50.02127705744107
37.36,18275.433441159315,19861400.0,50.02081068998141
37.37,-47989.8938799905,19816280.0,50.020612167748155
37.38,-133120.8778977904,19749800.0,50.02068840837885
37.39,-233933.01785798118,19664460.0,50.02103606355243
37.4,-346659.58602770965,19563440.0,50.02164171302361
37.41,-467100.7192398303,19450500.0,50.02248245093588
37.42,-590788.0906923725,19329840.0,50.02352681828353
37.43,-713159.1293239649,19205940.0,50.024736063605545
37.44,-829736.792190589,19083340.0,50.02606571543986
37.45,-936301.6045674947,18966540.0,50.02746731309785
37.46,-1029042.1474163814,18859750.0,50.02889016101724
37.47,-1104679.5477031153,18766780.0,50.03028307425551
37.48,-1160566.1651483746,18690920.0,50.0315960896229
37.49,-1194759.7963489708,18634800.0,50.03278211026975
37.5,-1206074.5784726874,18600370.0,50.03379844804178
37.51,-1194109.2822543168,18588820.0,50.03460822587509
37.52,-1159255.9717098144,18600540.0,50.03518163722801
37.53,-1102695.8636858265,18635160.0,50.03549710404206
37.54,-1026378.1361059176,18691470.0,50.0355422243276
37.55,-932972.7380288015,18767540.0,50.03531438982789
37.56,-825793.853871515,18860700.0,50.034821036799684
37.57,-708695.0295234863,18967630.0,50.034079516909266
37.58,-585938.9819823744,19084480.0,50.03311658247625
37.59,-462045.9786630273,19206980.0,50.031967487685215
37.6,-341619.4066819211,19330610.0,50.030674642573516
37.61,-229157.53511020576,19450780.0,50.02928591613136
37.62,-128868.66228858195,19562980.0,50.02785275364817
37.63,-44503.03528290265,19663010.0,50.02642821111718
37.64,20792.125523150316,19747110.0,50.02506495872346
37.65,64590.473345570965,19812140.0,50.023813320155185
37.66,85274.09211863321,19855670.0,50.02271941975914
37.67,82088.232681603,19876090.0,50.021823508936706
37.68,55162.142167938524,19872630.0,50.021158529696265
37.69,5503.528131877072,19845430.0,50.02074886875499
37.7,-65032.80158035195,19795500.0,50.02060937531052
37.71,-153809.34776894114,19724690.0,50.02074477795049
37.72,-257505.87045831032,19635640.0,50.02114954590585
37.73,-372249.97112046997,19531670.0,50.02180817035035
37.74,-493770.2947911878,19416650.0,50.02269582893712
37.75,-617563.3677725396,19294850.0,50.02377938532179
37.76,-739069.7904717172,19170780.0,50.025018725489055
37.77,-853853.6090743123,19048990.0,50.026368377001674
37.78,-957770.7325679312,18933930.0,50.02777925394353
37.79,-1047113.9608446484,18829730.0,50.02920040990968
37.8,-1118731.8362602838,18740110.0,50.030580778318225
37.81,-1170121.9582859124,18668210.0,50.0318708720355
37.82,-1199500.1166000727,18616530.0,50.03302440915615
37.83,-1205846.3319966735,18586870.0,50.03399982874638
37.84,-1188928.3537345515,18580240.0,50.03476165815122
37.85,-1149307.42376383,18596880.0,50.03528175368036
37.86,-1088331.1240091007,18636210.0,50.03554042421203
37.87,-1008107.3790342235,18696910.0,50.03552731735662
37.88,-911451.0476681395,18776840.0,50.03524195930772
37.89,-801801.1612850493,18873220.0,50.034693925629334
37.9,-683110.3290402025,18982580.0,50.03390262982169
37.91,-559709.6816617612,19100980.0,50.03289672698307
37.92,-436152.99214290304,19224100.0,50.031713130897174
37.93,-317037.99147600133,19347370.0,50.0303955760506
37.94,-206816.75422627944,19466190.0,50.02899286125113
37.95,-109613.53347756807,19576130.0,50.027556945612936
37.96,-29061.242641034536,19673040.0,50.02614097200387
37.97,31837.9311482677,19753310.0,50.02479727289819
37.98,70824.06398323434,19813920.0,50.02357542702158
37.99,86460.17146728863,19852620.0,50.02252043917029
38.0,78179.65906750364,19867970.0,50.0216711136953
38.01,46300.31005046092,19859400.0,50.02105866963201
38.02,-7986.227036889235,19827240.0,50.02070553563054
38.03,-82651.87623898179,19772670.0,50.02062443986256
38.04,-174904.1125867208,19697720.0,50.020817921880855
38.05,-281293.0258977228,19605180.0,50.021278286569704
38.06,-397847.5101742095,19498510.0,50.02198797102567
38.07,-520232.19690854015,19381680.0,50.022920285273365
38.08,-643916.3751777642,19259010.0,50.02404048005658
38.09,-764351.9961627636,19135050.0,50.02530715734773
38.1,-877151.9752017648,19014340.0,50.02667392851341
38.11,-978254.1439410411,18901260.0,50.02809116480624
38.12,-1064060.762432713,18799880.0,50.02950775006504
38.13,-1131551.82963465,18713800.0,50.03087281493836
38.14,-1178373.1450017658,18646040.0,50.032137423840005
38.15,-1202900.4516433678,18598950.0,50.03325618044173
38.16,-1204280.625224901,18574150.0,50.03418871481165
38.17,-1182450.6362034655,18572500.0,50.03490101730795
38.18,-1138140.6617634129,18594060.0,50.03536666118893
38.19,-1072863.6399857644,18638110.0,50.0355678862873
38.2,-988883.8428961481,18703120.0,50.035496415974436
38.21,-889157.1917498142,18786840.0,50.03515391950369
38.22,-777242.359252898,18886300.0,50.03455210213682
38.23,-657184.6516909763,18997960.0,50.033712411585206
38.24,-533376.282868657,19117760.0,50.0326653601185
38.25,-410395.1367967271,19241310.0,50.031449441210896
38.26,-292822.8376881474,19364040.0,50.03010961530976
38.27,-185055.61960741965,19481360.0,50.028695511780064
38.28,-91125.55286211823,19588870.0,50.02725950513106
38.29,-14541.715969355777,19682550.0,50.02585472859803
38.3,41843.63097008644,19758890.0,50.02453308443672
38.31,75940.30474477215,19815030.0,50.02334332057464
38.32,86494.0049750164,19848880.0,50.022329245884244
38.33,73126.50110262132,19859190.0,50.02152815316393
38.34,36344.12827988196,19845590.0,50.02096947103586
38.35,-22478.34568356455,19808570.0,50.02067361508063
38.36,-101142.2920760928,19749510.0,50.02065116151429
38.37,-196704.99222849886,19670620.0,50.020902454451466
38.38,-305593.43569405284,19574830.0,50.02141764970008
38.39,-423745.5740883416,19465710.0,50.02217716456682
38.4,-546770.415842865,19347340.0,50.023152491605416
38.41,-670118.5527078215,19224090.0,50.0243073318953
38.42,-789261.478709088,19100530.0,50.02559907541338
38.43,-899868.3915920358,18981170.0,50.02698049396726
38.44,-997965.445969513,18870360.0,50.02840149463452
38.45,-1080069.6588043175,18772050.0,50.02981087011856
38.46,-1143296.6875828528,18689740.0,50.03115802531612
38.47,-1185443.6491497986,18626310.0,50.03239464965111
38.48,-1205048.2722146483,18583970.0,50.033476300270486
38.49,-1201425.2752028399,18564170.0,50.03436385923805
38.5,-1174680.881962438,18567600.0,50.035024833216326
38.51,-1125713.4582248311,18594150.0,50.035434558311046
38.52,-1056199.7395107225,18642940.0,50.03557724131339
38.53,-968557.7373284674,18712270.0,50.035446703381105
38.54,-865880.7390232321,18799730.0,50.035046764044324
38.55,-751842.3037638064,18902230.0,50.03439124972393
38.56,-630574.7011339118,19016100.0,50.03350361750062
38.57,-506524.71018590766,19137190.0,50.032416196545284
38.58,-384287.2726117148,19261080.0,50.0311690056696
38.59,-268420.6379451066,19383150.0,50.029808165292465
38.6,-163258.10282599734,19498860.0,50.028384061161745
38.61,-72732.96725404635,19603860.0,50.02694940395832
38.62,-224.71520398033317,19694230.0,50.02555723665167
38.63,51568.99025747436,19766590.0,50.02425895271183
38.64,80731.07993949286,19818240.0,50.023102396180676
38.65,86191.86820593616,19847260.0,50.02213011555976
38.66,67761.88004007906,19852580.0,50.02137783926505
38.67,26134.89952618431,19834020.0,50.020873165760314
38.68,-37133.69021218835,19792260.0,50.02063447227481
38.69,-119678.49024352187,19728870.0,50.02067017326489
38.7,-218411.50136221116,19646200.0,50.020978423628584
38.71,-329642.4691408868,19547350.0,50.02154725220077
38.72,-449224.94604194054,19436000.0,50.02235509329282
38.73,-572719.2645260271,19316310.0,50.02337167181932
38.74,-695565.1462879112,19192710.0,50.02455920987112
38.75,-813261.517605993,19069770.0,50.025873964954584
38.76,-921540.901676482,18951970.0,50.027267949722756
38.77,-1016523.5998261895,18843600.0,50.028690686308984
38.78,-1094845.9897225576,18748530.0,50.03009095384719
38.79,-1153762.8532246698,18670130.0,50.031418506164236
38.8,-1191225.0440538041,18611130.0,50.03262572819691
38.81,-1205933.721110576,18573600.0,50.03366919551748
38.82,-1197371.8997634547,18558820.0,50.03451109937244
38.83,-1165815.1296193942,18567320.0,50.03512051848262
38.84,-1112329.4757107706,18598810.0,50.035474600156626
38.85,-1038753.6238462063,18652240.0,50.03555954889604
38.86,-947655.907072739,18725760.0,50.03537129598884
38.87,-842262.0481289602,18816820.0,50.03491580465187
38.88,-726354.230254749,18922170.0,50.03420899681521
38.89,-604144.327492958,19038040.0,50.03327629454849
38.9,-480125.25054612634,19160210.0,50.0321517785584
38.91,-358899.68666446744,19284200.0,50.030876907812925
38.92,-244993.06443224085,19405400.0,50.029498865436665
38.93,-142667.13270534342,19519290.0,50.02806869331915
38.94,-55748.937544027576,19621600.0,50.026639335849424
38.95,12517.834420412662,19708500.0,50.025263643871185
38.96,59594.90347192809,19776760.0,50.02399240425327
38.97,83741.56618698232,19823840.0,50.0228724668147
38.98,84074.3793163533,19847990.0,50.02194504007036
38.99,60592.84695649176,19848330.0,50.021244218594205
39.0,14177.317872946442,19824860.0,50.0207957109411
39.01,-53438.41432071454,19778460.0,50.02061581189785
39.02,-139726.28223222838,19710870.0,50.0207107540723
39.03,-241458.8384391051,19624610.0,50.02107650482868
39.04,-354835.7555930994,19522910.0,50.02169898772453
39.05,-475634.2242190298,19409580.0,50.02255469339225
39.06,-599374.3264569989,19288820.0,50.02361163316568
39.07,-721493.8937260313,19165130.0,50.024830623594454
39.08,-837528.1657442485,19043070.0,50.02616687363313
39.09,-943280.7067845266,18927090.0,50.02757171997607
39.1,-1034972.2101068071,18821410.0,50.02899438133347
39.11,-1109363.2347508464,18729790.0,50.03038370242868
39.12,-1163851.2114008188,18655470.0,50.0316898616013
39.13,-1196543.0619843951,18601070.0,50.03286600965908
39.14,-1206304.5835939827,18568460.0,50.03386980403779
39.15,-1192787.2492524893,18558790.0,50.03466480043387
39.16,-1156435.974472418,18572410.0,50.035221706621556
39.17,-1098484.047453583,18608860.0,50.03551952991154
39.18,-1020930.435570546,18666920.0,50.03554650563429
39.19,-926490.6631309112,18744590.0,50.035300690776396
39.2,-818518.3287558827,18839140.0,50.034790189850916
39.21,-700898.4333049302,18947240.0,50.03403300008799
39.22,-577915.6757716702,19064990.0,50.0330564714536
39.23,-454101.5452148665,19188100.0,50.03189638223363
39.24,-334058.45617487794,19312050.0,50.03059556290893
39.25,-222271.02941320773,19432240.0,50.02920218055738
39.26,-122922.05524464254,19544170.0,50.02776784941505
39.27,-39725.81149301515,19643670.0,50.02634566152755
39.28,24215.17923634255,19727030.0,50.024988190798894
39.29,66526.0422557696,19791130.0,50.02374553740542
39.3,85644.96888551267,19833610.0,50.02266348492574
39.31,80875.69086581311,19852900.0,50.02178184112442
39.32,52406.10238939128,19848300.0,50.02113301838879
39.33,1301.1677919871872,19820020.0,50.020740800167914
39.34,-70530.22119769506,19769100.0,50.02061937969226
39.35,-160401.9995122893,19697460.0,50.020772806617096
39.36,-264953.1003725888,19607780.0,50.021194877033594
39.37,-380279.81709347037,19503430.0,50.02186944159319
39.38,-502090.2143366036,19388310.0,50.02277109404301
39.39,-625871.6364481042,19266720.0,50.02386619197332
39.4,-747067.474503838,19143150.0,50.02511421622001
39.41,-861256.2482692779,19022180.0,50.02646940271709
39.42,-964318.695759753,18908210.0,50.027882489807574
39.43,-1052581.1025955193,18805380.0,50.0293024712157
39.44,-1122932.4410663573,18717360.0,50.030678334708035
39.45,-1172916.036163352,18647250.0,50.031960757727255
39.46,-1200797.121926323,18597510.0,50.03310372678407
39.47,-1205607.3685374483,18569870.0,50.034066044486245
39.48,-1187166.9232143888,18565320.0,50.03481268599062
39.49,-1146089.304282284,18584010.0,50.03531603374408
39.5,-1083773.2939020249,18625350.0,50.0355569897504
39.51,-1002375.3753117792,18687930.0,50.0355258415199
39.52,-904754.3853090622,18769600.0,50.035222777621435
39.53,-794386.8291622129,18867490.0,50.03465803340058
39.54,-675254.5572938087,18978140.0,50.03385165418134
39.55,-551708.2361256785,19097550.0,50.032832873567365
39.56,-428309.78594631876,19221380.0,50.031639099355566
39.57,-309652.66043047386,19345070.0,50.03031445171675
39.58,-200172.32087033382,19464010.0,50.02890799327956
39.59,-103965.10942417657,19573790.0,50.02747181905812
39.6,-24626.177872334374,19670290.0,50.026059076723726
39.61,34888.194071506616,19749930.0,50.0247219735275
39.62,72370.20849855081,19809750.0,50.023509838867994
39.63,86439.11461175804,19847540.0,50.02246731480101
39.64,76586.41817781294,19861920.0,50.0216327446466
39.65,43188.16366147407,19852380.0,50.02103679942492
39.66,-12507.326806366968,19819290.0,50.02070129009621
39.67,-88419.10304930335,19763920.0,50.02063828324964
39.68,-181707.96380483115,19688330.0,50.020849642162325
39.69,-288885.6039105004,19595370.0,50.021327008458385
39.7,-405952.38171959564,19488520.0,50.022052194647216
39.71,-528555.2403570832,19371780.0,50.022997947385214
39.72,-652157.1502431259,19249510.0,50.02412903570752
39.73,-772215.525704701,19126250.0,50.02540368303886
39.74,-884360.0806349025,19006530.0,50.02677523627621
39.75,-984555.3488431858,18894730.0,50.028193917373606
39.76,-1069238.4650762356,18794870.0,50.029608575274665
39.77,-1135430.7899891345,18710540.0,50.03096841811501
39.78,-1180824.3575326377,18644690.0,50.032224695692996
39.79,-1203844.4831365582,18599650.0,50.033332298220714
39.8,-1203689.4800648424,18576980.0,50.034251234449236
39.81,-1180348.2509517614,18577490.0,50.03494795507514
39.82,-1134602.650791077,18601190.0,50.03539657016488
39.83,-1068016.018706936,18647290.0,50.03557991984182
39.84,-982900.0138194633,18714240.0,50.0354903688978
39.85,-882253.0056919605,18799720.0,50.03513024535919
39.86,-769669.3097818907,18900730.0,50.03451190571483
39.87,-649221.3918474393,19013670.0,50.03365741598395
39.88,-525318.7695862178,19134480.0,50.03259784922574
39.89,-402545.18062249944,19258750.0,50.03137217153258
39.9,-285475.72622705926,19381890.0,50.03002570497528
39.91,-178487.9903612128,19499330.0,50.02860831774824
39.92,-85584.3838768428,19606680.0,50.02717249502005
39.93,-10234.835194634856,19699950.0,50.02577135044314
39.94,44755.26485988172,19775670.0,50.02445663868775
39.95,77348.3587076203,19831030.0,50.02327683889371
39.96,86346.40039145591,19863990.0,50.02227538145293
39.97,71428.79223405861,19873360.0,50.021489086931815
39.98,33159.20936951722,19858810.0,50.02094682954834
39.99,-27032.22989174386,19820910.0,50.02066840580156
40.0,-106895.6827682433,19761090.0,50.020663733927094
40.01,-203443.69124553507,19681590.0,50.02093249035337
40.02,-313066.98760969203,19585420.0,50.021464180856356
40.03,-431677.2287033641,19476160.0,50.022238615340854
40.04,-554868.0030914233,19357920.0,50.02322674368009
40.05,-678085.7539570667,19235100.0,50.02439180809374
40.06,-796809.4068269908,19112260.0,50.0256908440285
40.07,-906726.6632505665,18993900.0,50.02707638328562
40.08,-1003891.7645864428,18884350.0,50.02849820758593
40.09,-1084857.671743974,18787560.0,50.02990509791043
40.1,-1146782.1359245311,18706960.0,50.031246558161726
40.11,-1187508.9012347737,18645400.0,50.03247448250744
40.12,-1205625.3295552973,18605040.0,50.03354473137116
40.13,-1200497.3026659822,18587290.0,50.03441857899773
40.14,-1172282.375204041,18592780.0,50.03506400224666
40.15,-1121929.6709725272,18621360.0,50.03545687983678
40.16,-1051165.1025476754,18672080.0,50.03558202028404
40.17,-962452.5541879892,18743200.0,50.03543388292354
40.18,-858925.9517026785,18832270.0,50.03501693762592
40.19,-744292.4236444631,18936160.0,50.034345648486045
40.2,-622709.12864689,19051140.0,50.03344407261241
40.21,-498637.7254375531,19173080.0,50.03234507699532
40.22,-376676.5335529369,19297500.0,50.03108912639973
40.23,-261374.89768138516,19419810.0,50.02972267393096
40.24,-157045.3234613936,19535460.0,50.02829631441696
40.25,-67589.63316460652,19640130.0,50.0268628394688
40.26,3653.267749801744,19729930.0,50.02547524385441
40.27,54033.56774776091,19801510.0,50.024184747056374
40.28,81687.31835707929,19852230.0,50.02303890117281
40.29,85601.07293730002,19880220.0,50.02207985722723
40.3,65642.51086896652,19884460.0,50.02134285666041
40.31,22561.87198493298,19864830.0,50.020854933260765
40.32,-42031.39174925047,19822080.0,50.0206338401572
40.33,-125722.40890343575,19757810.0,50.02068733546824
40.34,-225380.55888897262,19674440.0,50.021012913955275
40.35,-337281.7086811419,19575100.0,50.02159796728781
40.36,-457255.62407199526,19463520.0,50.022420339722416
40.37,-580849.7097379755,19343860.0,50.023449234159166
40.38,-703502.3384195478,19220570.0,50.024646442543045
40.39,-820722.6579188643,19098230.0,50.02596789922139
40.4,-928263.9559278928,18981310.0,50.02736540558088
40.41,-1022276.2225657402,18874070.0,50.02878838445216
40.42,-1099432.788285072,18780360.0,50.03018562692635
40.43,-1157031.0549369156,18703500.0,50.031507007201604
40.44,-1193068.6337158913,18646190.0,50.032705133750255
40.45,-1206296.1217148216,18610440.0,50.033736901469105
40.46,-1196247.235697968,18597500.0,50.03456490697778
40.47,-1163248.5846844148,18607830.0,50.035158714752384
40.48,-1108416.7201135568,18641100.0,50.03549602822035
40.49,-1033638.8136698108,18696200.0,50.03556366065516
40.5,-941527.8382764369,18771250.0,50.03535818201604
40.51,-835348.432327152,18863630.0,50.034886200275444
40.52,-718914.2324480767,18970060.0,50.03416426366265
40.53,-596459.610335653,19086750.0,50.03321837762639
40.54,-472489.72564556054,19209460.0,50.032083138336645
40.55,-351607.85521534283,19333680.0,50.03080042329007
40.56,-238327.809402026,19454800.0,50.02941771830043
40.57,-136888.20424694492,19568320.0,50.027986244710235
40.58,-51082.72372030164,19669990.0,50.02655899894569
40.59,15886.946444089874,19756020.0,50.025188755981766
40.6,61531.324145373306,19823210.0,50.023926103263264
40.61,84163.28749232588,19869080.0,50.0228175763344
40.62,82955.6048601648,19891920.0,50.02190396781588
40.63,57964.496012170624,19890920.0,50.021218870585436
40.64,10126.020303384867,19866140.0,50.02078741716603
40.65,-58773.06149577722,19818500.0,50.02062527186882
40.66,-146156.74690696568,19749790.0,50.020738010843914
40.67,-248756.8926967383,19662600.0,50.02112094705069
40.68,-362741.4964061732,19560190.0,50.021759377793984
40.69,-483866.319312095,19446380.0,50.022629219016814
40.7,-607640.9084477396,19325430.0,50.023697979051775
40.71,-729504.0287927731,19201830.0,50.024926065591025
40.72,-845003.1938185317,19080130.0,50.02626838685181
40.73,-949964.4976303969,18964800.0,50.02767609118454
40.74,-1040639.7813784092,18859990.0,50.02909832087419
40.75,-1113827.6946504982,18769470.0,50.0304839547467
40.76,-1166969.1034835037,18696420.0,50.031783312395895
40.77,-1198218.195279973,18643420.0,50.03294978741325
40.78,-1206490.4078148464,18612310.0,50.033941373595525
40.79,-1191487.79493966,18604170.0,50.03472204609856
40.8,-1153705.9348249144,18619300.0,50.035263009770844
40.81,-1094427.9607921606,18657200.0,50.03554383634984
40.82,-1015700.438778065,18716590.0,50.03555337470651
40.83,-920282.3734435594,18795420.0,50.0352903210604
40.84,-811564.8524574465,18890940.0,50.034763420866625
40.85,-693462.6688835981,18999760.0,50.03399128951549
40.86,-570281.1431488665,19117950.0,50.03300184769714
40.87,-446561.9845798125,19241220.0,50.031831372462385
40.88,-326906.11049041647,19365020.0,50.03052309285558
40.89,-215784.4746716927,19484740.0,50.029125456207765
40.9,-117354.82535375573,19595930.0,50.027690232311315
40.91,-35296.39874133805,19694420.0,50.02627054088771
40.92,27331.65252647747,19776540.0,50.02491885620831
40.93,68204.24342732737,19839220.0,50.02368505690006
40.94,85813.72252064943,19880130.0,50.022614592625445
40.95,79520.17865403899,19897780.0,50.021746838790136
40.96,49567.912684800045,19891520.0,50.02111369374862
40.97,-2923.141510585614,19861600.0,50.02073835701574
40.98,-75992.25379514595,19809130.0,50.02063438807672
40.99,-166906.88956396352,19736070.0,50.02080518161658
41.0,-272267.02820254525,19645170.0,50.0212438855002
41.01,-388139.24190747255,19539820.0,50.021933734809195
41.02,-510212.2284952919,19423940.0,50.02284876299796
41.03,-633964.969115122,19301860.0,50.02395484335115
41.04,-754844.0564486355,19178100.0,50.0252110707087
41.05,-868442.4505904866,19057200.0,50.02657140483217
41.06,-970665.2351469349,18943580.0,50.02798641947061
41.07,-1057871.3014396278,18841330.0,50.029405055337314
41.08,-1126988.8295549648,18754090.0,50.03077635696308
41.09,-1175605.3963271799,18684940.0,50.03205116475866
41.1,-1202034.0570304971,18636280.0,50.03318372856451
41.11,-1205356.431132406,18609800.0,50.03413320625174
41.12,-1185443.403174386,18606420.0,50.03486501044505
41.13,-1142959.241817705,18626270.0,50.035352038134405
41.14,-1079352.4745383218,18668690.0,50.03557577062953
41.15,-996826.6377652588,18732220.0,50.03552711825493
41.16,-898283.0481868539,18814670.0,50.03520691297306
41.17,-787234.2711725556,18913130.0,50.034626029831074
41.18,-667690.1388033183,19024090.0,50.03380512553108
41.19,-544019.8275101412,19143540.0,50.03277399237043
41.2,-420792.6624413921,19267100.0,50.03157051365628
41.21,-302597.410327152,19390220.0,50.030239178943106
41.22,-193852.91692804726,19508310.0,50.02882930185919
41.23,-98627.98092261009,19616930.0,50.027393103776994
41.24,-20480.668092260137,19712030.0,50.02598373088251
41.25,37677.69785566442,19790050.0,50.02465326251714
41.26,73690.26884417061,19848080.0,50.023450779557564
41.27,86231.18903427327,19883950.0,50.02242056535958
41.28,74848.62345901993,19896350.0,50.02160050920239
41.29,39975.37310151663,19884810.0,50.0210207439063
41.3,-17085.08582870761,19849790.0,50.020702474955236
41.31,-94200.38547396864,19792560.0,50.02065712113575
41.32,-188485.99363546004,19715280.0,50.02088588437134
41.33,-296416.3984105721,19620830.0,50.02137975847355
41.34,-413964.39941450657,19512720.0,50.02211994653896
41.35,-536759.9990708726,19395000.0,50.023078646393685
41.36,-660260.3267991897,19272020.0,50.02422015841027
41.37,-779928.4522832935,19148330.0,50.02550233855718
41.38,-891410.8038208586,19028470.0,50.0268782781175
41.39,-990698.2817060871,18916790.0,50.02829805619706
41.4,-1074262.3879820856,18817300.0,50.02971049140872
41.41,-1139165.1972237807,18733530.0,50.03106487181198
41.42,-1183144.2289280666,18668420.0,50.03231263306348
41.43,-1204673.5747466441,18624230.0,50.03340895081537
41.44,-1203002.1619703495,18602480.0,50.03431420978753
41.45,-1178170.0107782115,18603930.0,50.03499531707034
41.46,-1131009.8618613533,18628530.0,50.03542691442642
41.47,-1063134.7059226285,18675460.0,50.03559243627258
41.48,-976902.8968786718,18743100.0,50.0354848821432
41.49,-875354.6156218676,18829090.0,50.03510723152189
41.5,-762119.2433582419,18930390.0,50.03447248436994
41.51,-641295.9032142753,19043380.0,50.03360331712406
41.52,-517310.9975745784,19163950.0,50.032531355785814
41.53,-394753.79951761785,19287680.0,50.03129603161604
41.54,-278192.6709260275,19409970.0,50.02994302135492
41.55,-171986.43470242515,19526270.0,50.028522425791
41.56,-80107.84246412292,19632210.0,50.02708683546493
41.57,-5987.761836959282,19723820.0,50.02568933997197
41.58,47615.12374555308,19797660.0,50.02438154276984
41.59,78715.65542641748,19850990.0,50.02321165152076
41.6,86171.75634353893,19881810.0,50.022222716424004
41.61,69720.14309650287,19888980.0,50.02145108486105
41.62,29981.49156521063,19872240.0,50.02092507644708
41.63,-31559.091711756133,19832210.0,50.020663869257874
41.64,-112600.92752117611,19770380.0,50.02067672496443
41.65,-210112.19332119168,19689040.0,50.020962654285114
41.66,-320447.72377643123,19591230.0,50.02151051540304
41.67,-439493.2220974125,19480590.0,50.022299513692644
41.68,-562827.1518755205,19361250.0,50.02330005925671
41.69,-685892.2981938538,19237610.0,50.02447494157164
41.7,-804175.5112717624,19114240.0,50.02578084746079
41.71,-913383.388189517,18995650.0,50.02717007402363
41.72,-1009598.5241231224,18886130.0,50.02859228236193
41.73,-1089409.9876365422,18789600.0,50.029996246076244
41.74,-1150017.744933769,18709470.0,50.03133157251967
41.75,-1189312.3039042829,18648550.0,50.03255036551466
41.76,-1205930.8420142904,18608940.0,50.03360879426394
41.77,-1199290.6277471338,18592000.0,50.03446853114079
41.78,-1169600.9178906395,18598320.0,50.03509803106202
41.79,-1117862.1399458626,18627690.0,50.03547372516124
41.8,-1045849.8588651142,18679110.0,50.03558103239649
41.81,-956074.1667869452,18750790.0,50.035415058107844
41.82,-851709.8274726075,18840240.0,50.03498092960875
41.83,-736497.6020026947,18944280.0,50.03429375478078
41.84,-614619.4422849612,19059160.0,50.03337819537011
41.85,-490551.53543459554,19180710.0,50.03226765790988
41.86,-368894.90697512595,19304450.0,50.031003051203584
41.87,-254189.11512423976,19425770.0,50.029631156761944
41.88,-150724.99348979187,19540150.0,50.028202773711506
41.89,-62372.032006582944,19643280.0,50.02677076863926
41.9,7572.305253494531,19731300.0,50.025388080507604
41.91,56506.95674672595,19800910.0,50.02410574542181
41.92,82622.02641132462,19849510.0,50.02297101252302
41.93,84961.24805785704,19875290.0,50.0220256230121
41.94,63450.43821522413,19877290.0,50.02130431718782
41.95,18897.34938653314,19855450.0,50.02083354789497
41.96,-47033.49365647498,19810560.0,50.020630427531934
41.97,-131876.94741895417,19744290.0,50.020702042340524
41.98,-232459.22668830806,19659120.0,50.02104521278149
41.99,-345022.0444898204,19558200.0,50.021646680905896
42.0,-465371.3697715097,19445300.0,50.02248369053252
42.01,-589041.9202686145,19324620.0,50.02352491449387
42.02,-711471.187571585,19200620.0,50.024731709017026
42.03,-828179.2036292059,19077860.0,50.02605968224331
42.04,-934940.8589054964,18960820.0,50.02746042395727
42.05,-1027936.8440485448,18853730.0,50.02888326036027
42.06,-1103878.5888450502,18760410.0,50.030276999913404
42.07,-1160107.3619371294,18684140.0,50.03159164523389
42.08,-1194668.8747450006,18627580.0,50.032780039215986
42.09,-1206364.5607945048,18592700.0,50.033799409380606
42.1,-1194780.2282086855,18580680.0,50.03461277282037
42.11,-1160294.9561320092,18591940.0,50.035190197266566
42.12,-1104077.2067644326,18626100.0,50.03550996188064
42.13,-1028063.9920839709,18682000.0,50.03555950933822
42.14,-934914.1311128547,18757690.0,50.035336069137784
42.15,-827932.1723412909,18850520.0,50.03484691437884
42.16,-710963.945758753,18957190.0,50.0341092388354
42.17,-588266.747183164,19073840.0,50.03314964845414
42.18,-464358.0388768526,19196220.0,50.03200326886073
42.19,-343841.336964992,19319820.0,50.0307124062369
42.2,-231218.08406264882,19440020.0,50.02932485498908
42.21,-130702.63801670051,19552340.0,50.02789201723786
42.22,-46053.86380251474,19652540.0,50.02646693810606
42.23,19570.25882501912,19736880.0,50.025102309095345
42.24,63730.94755842176,19802200.0,50.02384850629856
42.25,84796.67834348918,19846060.0,50.02275173534447
42.26,81998.47657633491,19866820.0,50.02185235422276
42.27,55451.27665424743,19863730.0,50.021183432907044
42.28,6148.741890209669,19836880.0,50.02076950478932
42.29,-64067.66813547269,19787290.0,50.02062557942797
42.3,-152572.53079491237,19716780.0,50.02075655223859
42.31,-256055.84064077647,19627980.0,50.02115705849166
42.32,-370653.1265639389,19524210.0,50.02181174787128
42.33,-492098.33624759095,19409330.0,50.02269594302719
42.34,-615890.5183766086,19287600.0,50.02377663410896
42.35,-737469.8566537173,19163530.0,50.025013809164385
42.36,-852397.0527445411,19041680.0,50.026362069594214
42.37,-956522.0208912219,18926480.0,50.02777237408187
42.38,-1046129.3668826602,18822080.0,50.029193792081436
42.39,-1118057.6987429191,18732210.0,50.03057524473999
42.4,-1169793.3588497532,18660010.0,50.03186720541265
42.41,-1199539.9446132446,18608020.0,50.03302332691971
42.42,-1206264.7225307673,18578010.0,50.03400195941305
42.43,-1189722.4989831708,18571030.0,50.034767520517995
42.44,-1150461.627638848,18587320.0,50.03529173777811
42.45,-1089817.0867216939,18626330.0,50.03555477488231
42.46,-1009884.8487034878,18686730.0,50.035546122627885
42.47,-913468.9377988987,18766410.0,50.03526514470058
42.48,-803999.1158918493,18862590.0,50.03472125434191
42.49,-685420.7170711379,18971820.0,50.03393370928242
42.5,-562059.9610238948,19090160.0,50.03293102166867
42.51,-438468.4348857585,19213290.0,50.031749982068376
42.52,-319244.64957008336,19336650.0,50.03043422731761
42.53,-208844.49294248776,19455650.0,50.02903248856039
42.54,-111398.84290561225,19565820.0,50.02759668871912
42.55,-30549.705877575674,19663050.0,50.026179966784454
42.56,30689.580197510542,19743680.0,50.02483468354417
42.57,70046.34942147054,19804710.0,50.02361047691932
42.58,86069.80657047243,19843850.0,50.022552439182334
42.59,78179.04432880832,19859670.0,50.02169948663179
42.6,46677.429750267125,19851570.0,50.02108297236016
42.61,-7257.499869745981,19819870.0,50.020725477199754
42.62,-81610.93434374087,19765740.0,50.020639893353604
42.63,-173602.14924815792,19691200.0,50.020828928802395
42.64,-279791.0145031017,19599020.0,50.02128505411599
42.65,-396213.7832402774,19492640.0,50.02199086308507
42.66,-518539.7632669884,19376040.0,50.02291980769704
42.67,-642240.1005773221,19253540.0,50.024037260845574
42.68,-762765.6248494119,19129660.0,50.02530192079113
42.69,-875725.2304015942,19008970.0,50.0266674663881
42.7,-977050.2054396502,18895840.0,50.02808430759396
42.71,-1063134.18016921,18794360.0,50.029501338219916
42.72,-1130946.881941928,18708120.0,50.030867670866655
42.73,-1178122.6023707152,18640150.0,50.032134324871706
42.74,-1203024.7227835194,18592830.0,50.03325583342658
42.75,-1204787.273636588,18567780.0,50.03419173297332
42.76,-1183334.2284981217,18565870.0,50.0349078995384
42.77,-1139382.8370361351,18587190.0,50.0353777730868
42.78,-1074433.4470330682,18631010.0,50.035583444441066
42.79,-990738.4822698524,18695830.0,50.03551647742337
42.8,-891243.2258685902,18779400.0,50.03517837710363
42.81,-779497.3851263083,18878770.0,50.03458068612658
42.82,-659539.3805726183,18990400.0,50.03374469731185
42.83,-535756.9839531765,19110240.0,50.032700782184214
42.84,-412726.46980340726,19233910.0,50.03148731502481
42.85,-295030.90100113937,19356840.0,50.03014916414759
42.86,-187070.95088123018,19474430.0,50.02873589700102
42.87,-92885.87916234706,19582290.0,50.02729985799943
42.88,-15994.361791227013,19676380.0,50.02589418297107
42.89,40739.762908807956,19753180.0,50.024570808974985
42.9,75213.24552667933,19809820.0,50.02337854923804
42.91,86157.7612671529,19844210.0,50.02236130567598
42.92,73180.64781355858,19855080.0,50.021556488115124
42.93,36773.80006049067,19842030.0,50.02099366358349
42.94,-21702.051019955135,19805550.0,50.02069340326207
42.95,-100061.36139601725,19747010.0,50.02066644964398
42.96,-195372.92315727365,19668590.0,50.020913316198644
42.97,-304073.1401104067,19573220.0,50.021424324300156
42.98,-422106.89190340886,19464460.0,50.02218004665949
42.99,-545087.3827148187,19346380.0,50.023152115402056
43.0,-668466.5461987025,19223360.0,50.02430435033036
43.01,-787714.2287796999,19099940.0,50.02559423344859
43.02,-898495.0991601567,18980650.0,50.02697459923083
43.03,-996828.2855703167,18869840.0,50.028395388082515
43.04,-1079221.7349292038,18771480.0,50.02980539701042
43.05,-1142780.441173676,18689060.0,50.03115400698125
43.06,-1205399.131894731,18625480.0,50.0334790354215
43.07,-1202401.6708167298,18562850.0,50.03437278395916
43.08,-1176241.2233458627,18565840.0,50.035039787273874
43.09,-1127760.8318652683,18591990.0,50.035455383675384
43.1,-1058625.887222681,18640470.0,50.035603722628785
43.11,-971258.6492560722,18709600.0,50.03547853551809
43.12,-868760.260926571,18796980.0,50.035083534356
43.13,-754811.4069963798,18899490.0,50.03443243028762
43.14,-633549.8565927254,19013450.0,50.03354856580917
43.15,-509426.77393361984,19134730.0,50.03246416401824
43.16,-387041.4223755747,19258870.0,50.03121915477416
43.17,-270957.2667500681,19381280.0,50.02985959312678
43.18,-165514.3065852853,19497390.0,50.0284358268586
43.19,-74654.27707661013,19602870.0,50.02700055816296
43.2,-1766.8345865008887,19693760.0,50.02560685206841
43.21,50438.628792174044,19766690.0,50.0243061544605
43.22,80032.07486607833,19818940.0,50.02314639076884
43.23,85930.0389232724,19848580.0,50.02217021711529
43.24,67928.96808900504,19854530.0,50.02141349180809
43.25,26708.61142543453,19836590.0,50.02090396327134
43.26,-36189.266168009955,19795430.0,50.02066017474307
43.27,-118411.91796599183,19732590.0,50.02069071604568
43.28,-216882.3730968501,19650440.0,50.020993918761945
43.29,-327919.2314783832,19552040.0,50.021557982656326
43.3,-447382.3296797291,19441080.0,50.022361500816444
43.31,-570835.4678251034,19321690.0,50.02337433905544
43.32,-693718.7680374767,19198330.0,50.02455883571625
43.33,-811528.4572897237,19075530.0,50.025871335762474
43.34,-919991.5327851635,18957810.0,50.027263909340334
43.35,-1015220.4028662085,18849450.0,50.02868610643666
43.36,-1093841.657992385,18754320.0,50.03008670485368
43.37,-1153098.8393208259,18675800.0,50.03141542877053
43.38,-1190930.5059957185,18616650.0,50.032624606468815
43.39,-1206024.842830239,18578930.0,50.03367073175829
43.4,-1197851.5977638166,18563950.0,50.034515891839185
43.41,-1166672.9882878338,18572240.0,50.03512904046682
43.42,-1113541.9222326898,18603540.0,50.03548718172621
43.43,-1040284.4754077753,18656790.0,50.03557636331707
43.44,-949457.3761737074,18730180.0,50.03539235182507
43.45,-844276.1928739934,18821140.0,50.03494094361708
43.46,-728514.8504232169,18926450.0,50.03423789808722
43.47,-606379.2598315679,19042350.0,50.03330848554784
43.48,-482358.99565351615,19164630.0,50.03218665206508
43.49,-361056.4094882661,19288790.0,50.03091374668639
43.5,-246999.73536534014,19410240.0,50.02953687215111
43.51,-144456.49614292453,19524450.0,50.02810702149024
43.52,-57262.16734632687,19627140.0,50.02667712305393
43.53,11328.884310421068,19714490.0,50.025300044607015
43.54,58765.90107659309,19783240.0,50.02402662208599
43.55,83294.41472040862,19830840.0,50.02290378434752
43.56,84016.48328498879,19855530.0,50.02197284558597
43.57,60916.93984270893,19856420.0,50.02126802852246
43.58,14861.666755575861,19833490.0,50.02081518966213
43.59,-52429.378155869024,19787610.0,50.02063078672329
43.6,-138440.7156069149,19720490.0,50.020721222543365
43.61,-239955.6556690252,19634660.0,50.021082634810966
43.62,-353182.3223603523,19533330.0,50.02170111067663
43.63,-473903.70952968736,19420290.0,50.022553291358996
43.64,-597642.8763127076,19299760.0,50.02360732054196
43.65,-719837.60503775,19176210.0,50.02482412244357
43.66,-836020.0635306851,19054210.0,50.02615898515056
43.67,-941988.0055635078,18938220.0,50.02756329489243
43.68,-1033954.0030889425,18832450.0,50.02898629033
43.69,-1108668.6284859315,18740690.0,50.030376806916266
43.7,-1163517.883378639,18666180.0,50.03168498532885
43.71,-1196596.2176379985,18611540.0,50.03286391173846
43.72,-1206756.2947323788,18578670.0,50.033871153981245
43.73,-1193636.1686703088,18568720.0,50.034670155879745
43.74,-1157667.2898639683,18582050.0,50.03523149262635
43.75,-1100069.6893437994,18618240.0,50.035534021064954
43.76,-1022829.6818751637,18676050.0,50.03556581314699
43.77,-928651.2153429298,18753510.0,50.03532475538689
43.78,-820877.875226981,18847910.0,50.03481878106791
43.79,-703386.6788246735,18955910.0,50.03406572211867
43.8,-580456.7503238687,19073630.0,50.03309277543239
43.81,-456616.74156927585,19196780.0,50.03193558501269
43.82,-336469.32897263183,19320850.0,50.03063687345842
43.83,-224502.60437798972,19441230.0,50.02924473097068
43.84,-124905.83932166931,19553430.0,50.02781072778602
43.85,-41402.472294466104,19653260.0,50.026387946050335
43.86,22893.56776910927,19737000.0,50.025028983717334
43.87,65594.24023732718,19801530.0,50.02378399781087
43.88,85123.36043919285,19844470.0,50.022698858946704
43.89,80769.6621388949,19864240.0,50.02181348836401
43.9,52705.9707414076,19860130.0,50.02116043428754
43.91,1982.4870713106357,19832300.0,50.02076363546964
43.92,-69505.91433543182,19781830.0,50.02063745471034
43.93,-159085.81860139815,19710580.0,50.0207861176484
43.94,-263406.84375622345,19621250.0,50.021203595191984
43.95,-378573.52421695006,19517180.0,50.0218739046452
43.96,-500299.3898341531,19402260.0,50.02277179189779
43.97,-624074.2788493853,19280790.0,50.023863746486505
43.98,-745340.9073570196,19157270.0,50.02510935446098
43.99,-859674.0212706132,19036260.0,50.02646292703632
44.0,-962947.8809353975,18922180.0,50.027875247857686
44.01,-1051480.0494094,18819160.0,50.0292953259287
44.02,-1122148.9855199456,18730890.0,50.03067213473812
44.03,-1172486.156504229,18660480.0,50.03195630914331
44.04,-1200744.0022067134,18610400.0,50.033101766357824
44.05,-1205940.849186197,18582410.0,50.034067215218556
44.06,-1187883.3136898638,18577470.0,50.03481751531409
44.07,-1147171.4409277493,18595790.0,50.03532491360667
44.08,-1085190.8730939766,18636770.0,50.03557015993755
44.09,-1004085.7022314435,18699010.0,50.03554337828571
44.1,-906703.6106431638,18780380.0,50.035244588474484
44.11,-796511.6583202055,18878030.0,50.034683858194704
44.12,-677484.3761108656,18988480.0,50.033881072528644
44.13,-553967.6044250277,19107780.0,50.03286531877629
44.14,-430521.34503933194,19231560.0,50.03167388018303
44.15,-311740.29205011914,19355270.0,50.03035078010548
44.16,-202064.26957889512,19474320.0,50.02894501540719
44.17,-105596.84650989342,19584260.0,50.027508648035926
44.18,-25942.91077218647,19680990.0,50.02609482622594
44.19,33929.44737382978,19760910.0,50.02475579106134
44.2,71799.03416114161,19821050.0,50.023540937555545
44.21,86270.65857153002,19859190.0,50.02249500238282
44.22,76820.93232998182,19873930.0,50.02165644838649
44.23,43810.96132742887,19864750.0,50.021056088519636
44.24,-11525.485209825449,19832000.0,50.02071589374655
44.25,-87121.05515193846,19776930.0,50.02064810203872
44.26,-180148.5617513715,19701610.0,50.020854751813246
44.27,-287129.56916007143,19608850.0,50.021327656209905
44.28,-404071.75831816177,19502130.0,50.02204878919345
44.29,-526626.5950067075,19385460.0,50.022991042990775
44.3,-650258.6269812536,19263170.0,50.02411931090417
44.31,-770423.7712312702,19139810.0,50.02539191351543
44.32,-882747.2743282631,19019910.0,50.02676226488041
44.33,-983186.6213924466,18907860.0,50.02818062406542
44.34,-1068169.780830569,18807690.0,50.029595847367304
44.35,-1134707.281835977,18722970.0,50.030957121174225
44.36,-1180479.0894141865,18656710.0,50.03221564567153
44.37,-1203897.599244337,18611200.0,50.033326235196796
44.38,-1204147.7303691052,18588050.0,50.03424879871544
44.39,-1181204.8790346475,18588070.0,50.0349496660806
44.4,-1135837.4921283138,18611280.0,50.035402807005056
44.41,-1069595.8714766449,18656910.0,50.035590905182595
44.42,-984779.4366068889,18723420.0,50.03550615841641
44.43,-884375.6044324314,18808500.0,50.035150723365554
44.44,-771969.5021484244,18909170.0,50.034536787198725
44.45,-651626.6023200423,19021840.0,50.033686255213794
44.46,-527751.987350169,19142440.0,50.03263005482571
44.47,-404927.91259703494,19266580.0,50.03140702923531
44.48,-287731.17143877596,19389660.0,50.03006240611194
44.49,-180544.16101397754,19507120.0,50.02864599098121
44.5,-87376.94874458492,19614570.0,50.02721023953004
44.51,-11709.58224110771,19707990.0,50.025808269742726
44.52,43640.42236529442,19783920.0,50.02449187382933
44.53,76621.89079764974,19839520.0,50.02330959983319
44.54,86022.22002804914,19872760.0,50.02230497546668
44.55,71505.89529726392,19882410.0,50.02151494293652
44.56,33621.72819247423,19868150.0,50.020968519664336
44.57,-26214.55185297219,19830520.0,50.020685662558876
44.58,-105766.45891412132,19770930.0,50.020676460749605
44.59,-202058.23002977314,19691630.0,50.02094076423634
44.6,-311490.102777985,19595590.0,50.02146824799383
44.61,-429980.65815012803,19486400.0,50.022238880227235
44.62,-553127.5722697389,19368160.0,50.02322375227415
44.63,-676378.4362904802,19245260.0,50.024386226089455
44.64,-795210.2642355596,19122250.0,50.02568342926175
44.65,-905305.8920633247,19003660.0,50.027067955263725
44.66,-1002712.1628611307,18893810.0,50.02848961743772
44.67,-1083972.5782885223,18796650.0,50.0298971986607
44.68,-1146233.8240401724,18715620.0,50.03124017576132
44.69,-1187327.4057886172,18653600.0,50.03247038827011
44.7,-1205827.6926975762,18612740.0,50.03354361651068
44.71,-1201087.1902417105,18594480.0,50.03442103144315
44.72,-1173250.0494049345,18599450.0,50.03507048640613
44.73,-1123252.1977043536,18627520.0,50.03546771838375
44.74,-1052806.8254101488,18677740.0,50.0355973793427
44.75,-964365.9995700764,18748420.0,50.0354537630048
44.76,-861053.2194774463,18837080.0,50.03504117082489
44.77,-746567.0486036055,18940620.0,50.03437390217573
44.78,-625058.3468839338,19055320.0,50.03347585951183
44.79,-500985.09625310975,19177050.0,50.032379771828914
44.8,-378944.94034270436,19301330.0,50.031125990120195
44.81,-263489.7080202523,19423590.0,50.02976088299196
44.82,-158937.42415874102,19539250.0,50.02833499260667
44.83,-69198.16332018585,19644010.0,50.02690109106397
44.84,2378.5867418027483,19733950.0,50.02551218702084
44.85,53130.56502556417,19805730.0,50.02421954643119
44.86,81180.02116061561,19856680.0,50.02307079839028
44.87,85498.91277480172,19884930.0,50.02210819816442
44.88,65940.08231499296,19889440.0,50.02136711474515
44.89,23239.071192150644,19870080.0,50.020874730134025
44.9,-41008.779845045705,19827560.0,50.02064896132976
44.91,-124401.50201720017,19763500.0,50.020697738405815
44.92,-223819.56856430948,19680290.0,50.021018728802794
44.93,-335547.6432771616,19581060.0,50.02159949070592
44.94,-455421.64496354054,19469510.0,50.02241802244295
44.95,-578992.2842950823,19349810.0,50.02344366299945
44.96,-701698.1911652001,19226410.0,50.02463831602013
44.97,-819045.7173355268,19103870.0,50.02595799916835
44.98,-926782.5801422622,18986690.0,50.02735456760576
44.99,-1021050.8663532957,18879120.0,50.02877746853983
45.0,-1098514.122329391,18785010.0,50.0301754883756
45.01,-1156458.5263343262,18707710.0,50.03149846855953
45.02,-1192869.4184645205,18649910.0,50.03269895797066
45.03,-1206484.4574947886,18613660.0,50.03373376709155
45.04,-1196824.1200501674,18600190.0,50.03456538584493
45.05,-1164201.720270303,18609990.0,50.035163251414886
45.06,-1109720.7263802928,18642760.0,50.03550492226631
45.07,-1035255.7944708714,18697370.0,50.03557705342555
45.08,-943408.4048722527,18771970.0,50.03537604907048
45.09,-837433.1961993,18863950.0,50.034908349964525
45.1,-721135.7542311761,18970050.0,50.03419034222877
45.11,-598744.7292001313,19086470.0,50.03324788054782
45.12,-474762.2152579414,19208980.0,50.03211542808015
45.13,-353791.43234927725,19333070.0,50.030834754451625
45.14,-240349.26826948667,19454150.0,50.02945326747111
45.15,-138680.37308516674,19567700.0,50.02802214231272
45.16,-52587.10025617876,19669470.0,50.02659436225033
45.17,14717.969224284403,19755660.0,50.02522272219407
45.18,60732.71264481684,19823060.0,50.02395786140945
45.19,83756.14288537274,19869170.0,50.022846396892064
45.2,82946.50234600913,19892280.0,50.02192922881362
45.21,58345.37078083708,19891550.0,50.02124007965519
45.22,10874.409989110369,19867030.0,50.02080423102508
45.23,-57693.33914719883,19819630.0,50.020637510702095
45.24,-144794.3074594466,19751130.0,50.02074566508497
45.25,-247170.9188887042,19664100.0,50.02112417690909
45.26,-360999.391723297,19561780.0,50.02175850583159
45.27,-482041.04207784816,19448010.0,50.02262471671046
45.28,-605808.1430342428,19327020.0,50.02369044819896
45.29,-727739.1843429919,19203310.0,50.02491621355624
45.3,-843378.4121511006,19081420.0,50.02625699795175
45.31,-948545.9539274144,18965820.0,50.02766399715719
45.32,-1039485.439162568,18860690.0,50.02908637173358
45.33,-1112985.506890967,18769790.0,50.030472989990436
45.34,-1166475.6400319983,18696320.0,50.03177413319374
45.35,-1198097.6782268537,18642850.0,50.03294313041785
45.36,-1206754.128408085,18611250.0,50.03393788684624
45.37,-1192133.897474547,18602610.0,50.03472226761172
45.38,-1154719.4405307993,18617240.0,50.03526734785018
45.39,-1095781.0507847804,18654670.0,50.03555255287663
45.4,-1017353.0918171247,18713610.0,50.03556657293778
45.41,-922183.4578375379,18792030.0,50.035307939259475
45.42,-813653.7043515333,18887200.0,50.034785232348526
45.43,-695671.0995432056,18995710.0,50.03401690889731
45.44,-572535.8147622956,19113680.0,50.03303074343797
45.45,-448787.10077436484,19236800.0,50.03186288575918
45.46,-329026.4241818663,19360520.0,50.03055646355222
45.47,-217728.39132074727,19480250.0,50.02915985317827
45.48,-119057.30200699175,19591510.0,50.027724785539775
45.49,-36701.502264151815,19690150.0,50.02630437448269
45.5,26268.618344694376,19772460.0,50.02495112115896
45.51,67515.11675970396,19835380.0,50.02371496222767
45.52,85516.3793749885,19876570.0,50.02264143424243
45.53,79617.98346312623,19894520.0,50.02177002472561
45.54,50049.73021666362,19888560.0,50.021132764913276
45.55,-2082.576711380447,19858920.0,50.0207530052613
45.56,-74831.54923839268,19806720.0,50.02064446918375
45.57,-165476.62409743882,19733890.0,50.020810720783395
45.58,-270627.8144209436,19643170.0,50.021245075500154
45.59,-386359.32868955587,19537930.0,50.02193092731492
45.6,-508364.8236585392,19422120.0,50.022842454253954
45.61,-632125.389296656,19300020.0,50.023945654380405
45.62,-753086.6949732366,19176160.0,50.02519972129098
45.63,-866837.8332517867,19055100.0,50.02655868467338
45.64,-969277.4523594026,18941240.0,50.02797315925239
45.65,-1056755.8781806615,18838690.0,50.029392097762994
45.66,-1126191.040707145,18751100.0,50.03076452844065
45.67,-1175159.005369844,18681550.0,50.03204124823163
45.68,-1201960.4393942792,18632460.0,50.03317643786793
45.69,-1205664.0680056084,18605530.0,50.034129162679584
45.7,-1186127.7165997957,18601700.0,50.034864721848834
45.71,-1144002.642476734,18621100.0,50.03535587959293
45.72,-1080724.6909585302,18663090.0,50.03558396855308
45.73,-998485.4646312792,18726220.0,50.0355397397755
45.74,-900175.5528821743,18808310.0,50.035223861059045
45.75,-789298.464462595,18906470.0,50.03464704467243
45.76,-669857.0502915359,19017190.0,50.03382979205089
45.77,-546215.9319001791,19136470.0,50.032801753998136
45.78,-422942.711687376,19259950.0,50.03160069377074
45.79,-304627.4951289974,19383050.0,50.030271007921726
45.8,-195693.472274083,19501190.0,50.02886194713505
45.81,-100216.5494030675,19609950.0,50.02742570166323
45.82,-21764.320437425748,19705240.0,50.02601541923991
45.83,36740.38126119063,19783510.0,50.0246832128195
45.84,73127.69830091845,19841820.0,50.02347822744966
45.85,86057.7811047642,19878010.0,50.022444838615996
45.86,75064.38967692596,19890740.0,50.02162105161193
45.87,40565.91169696319,19879550.0,50.021037136615476
45.88,-16148.186116477824,19844840.0,50.020714453647045
45.89,-92958.59964403533,19787920.0,50.02066458677965
45.9,-186992.31595599692,19710900.0,50.02088890664762
45.91,-294733.2577772678,19616650.0,50.02137857203596
45.92,-412161.18358533585,19508690.0,50.0221149409916
45.93,-534910.3382529758,19391030.0,50.02307035068988
45.94,-658439.2656346407,19268060.0,50.02420922035784
45.95,-778209.4923241016,19144300.0,50.02548949854505
45.96,-889863.0387798194,19024300.0,50.02686433999373
45.97,-989383.9253553967,18912410.0,50.02828385837792
45.98,-1073234.7496925995,18812650.0,50.02969687821312
45.99,-1138467.0902972738,18728550.0,50.03105266541489
46.0,-1182806.7934731997,18663070.0,50.03230260671309
46.01,-1204715.4713516561,18618480.0,50.033401803585875
46.02,-1203429.1444250052,18596320.0,50.03431054384245
46.03,-1178974.8352032008,18597350.0,50.03499561747664
46.04,-1132172.397759443,18621550.0,50.035431530539675
46.05,-1064622.3248220894,18668090.0,50.03560156665332
46.06,-978671.2693706669,18735380.0,50.03549856472315
46.07,-877348.9700157118,18821060.0,50.03512533965413
46.08,-764276.0939340718,18922110.0,50.03449472926788
46.09,-643545.1950443301,19034910.0,50.0336292566226
46.1,-519578.58446950954,19155360.0,50.03256040916407
46.11,-396964.3007334317,19279050.0,50.031327501883936
46.12,-280272.5475239457,19401380.0,50.02997612316874
46.13,-173866.98994717863,19517790.0,50.02855631615966
46.14,-81727.94023668219,19623900.0,50.027120645773834
46.15,-7296.1806634706445,19715750.0,50.02572220866978
46.16,46657.78600139881,19789890.0,50.02441264729691
46.17,78135.57491045794,19843550.0,50.02324023842858
46.18,85981.01269524946,19874730.0,50.02224812854269
46.19,69916.41928405483,19882270.0,50.02147278434158
46.2,30548.164102940413,19865900.0,50.02094266523035
46.21,-30652.460617289762,19826230.0,50.02067710529381
46.22,-111397.55502832291,19764720.0,50.02068553180792
46.23,-208666.43900343424,19683670.0,50.020967123201444
46.24,-318822.94850146875,19586090.0,50.021510900665454
46.25,-437759.28149855847,19475620.0,50.02229622167914
46.26,-561057.661503408,19356370.0,50.02329363197745
46.27,-684161.696835635,19232760.0,50.02446603407596
46.28,-802556.0906164454,19109340.0,50.02577020101404
46.29,-911942.5027530221,18990620.0,50.027158487095534
46.3,-1008396.2305895558,18880920.0,50.02858058203387
46.31,-1088497.1304082274,18784150.0,50.0299852596791
46.32,-1149434.4520677438,18703720.0,50.03132209980824
46.33,-1189086.8826881538,18642460.0,50.03254315218222
46.34,-1206079.0489397072,18602490.0,50.033604507240206
46.35,-1199815.304515939,18585170.0,50.03446773634034
46.36,-1170491.940408275,18591110.0,50.03510117354734
46.37,-1119096.561838496,18620100.0,50.03548111095911
46.38,-1047392.3924829655,18671170.0,50.03559281470028
46.39,-957878.1119652125,18742540.0,50.035431229075165
46.4,-853718.4602954865,18831730.0,50.03500131802055
46.41,-738645.9918832692,18935560.0,50.03431802975229
46.42,-616836.6719725638,19050300.0,50.0334058765315
46.43,-492763.27314199414,19171770.0,50.0322981320488
46.44,-371026.3369709681,19295510.0,50.031035596129726
46.45,-256168.01565767027,19416910.0,50.02966497004549
46.46,-152484.6655683127,19531440.0,50.02823700359122
46.47,-63853.9295255543,19634790.0,50.02680454624407
46.48,6416.339611069066,19723080.0,50.02542055225903
46.49,55712.90492793929,19793010.0,50.02413610460776
46.5,82212.40442507423,19841970.0,50.02299852887516
46.51,84944.35851571895,19868140.0,50.02204966902871
46.52,63820.16304283112,19870530.0,50.02132439055126
46.53,19633.314911642694,19849070.0,50.02084929124684
46.54,-45965.312681406795,19804550.0,50.02064164331516
46.55,-130523.03261837905,19738620.0,50.020708700412
46.56,-230876.74523007887,19653730.0,50.02104745087781
46.57,-343276.594784907,19553040.0,50.02164479824659
46.58,-463534.3964452036,19440310.0,50.022478135416456
46.59,-587187.9472505564,19319720.0,50.02351626666414
46.6,-709674.8584621599,19195730.0,50.02472065578002
46.61,-826512.3182591349,19072910.0,50.02604699070376
46.62,-933469.6872033463,18955750.0,50.02744691222294
46.63,-1026719.8688314825,18848460.0,50.02886976887737
46.64,-1102964.692876584,18754890.0,50.030264363212005
46.65,-1159534.4375031192,18678320.0,50.03158066456703
46.66,-1194462.8079277019,18621420.0,50.03277145635836
46.67,-1206538.5860721064,18586170.0,50.03379388243935
46.68,-1195334.654482963,18573770.0,50.03461085472814
46.69,-1161217.1195441652,18584660.0,50.035192315695475
46.7,-1105341.665450598,18618460.0,50.03551640185729
46.71,-1029633.0886834676,18674020.0,50.03557040047344
46.72,-936739.0062620519,18749410.0,50.03535137846268
46.73,-829954.250839534,18841990.0,50.03486644531344
46.74,-713116.8541360508,18948460.0,50.034132636324145
46.75,-590478.6112389877,19064990.0,50.03317641039781
46.76,-466554.11078769783,19187320.0,50.03203276393252
46.77,-345946.9410048472,19310930.0,50.03074389857528
46.78,-233161.695501766,19431240.0,50.02935753377344
46.79,-132418.7835017629,19543720.0,50.02792502809391
46.8,-47485.68989771453,19644160.0,50.02649941546362
46.81,18468.821243238053,19728800.0,50.02513340863884
46.82,62993.48776236549,19794450.0,50.02387743624405
46.83,84443.1246349396,19838690.0,50.02277778541453
46.84,82034.47211625264,19859840.0,50.021874921090934
46.85,55868.095687083376,19857150.0,50.02120204159708
46.86,6923.56491095823,19830700.0,50.020783827409275
46.87,-62971.06218162476,19781470.0,50.0206354490167
46.88,-151202.47761765774,19711300.0,50.02076196909903
46.89,-254470.93306336613,19622790.0,50.021158189332446
46.9,-368919.90563673165,19519250.0,50.021808918359476
46.91,-490288.66769974085,19404530.0,50.022689624321856
46.92,-614078.8119606443,19282900.0,50.023767424371066
46.93,-735730.1152545966,19158850.0,50.02500240899689
46.94,-850799.9497407377,19036940.0,50.0263492539464
46.95,-955132.2651165116,18921610.0,50.02775896319034
46.96,-1045003.502008335,18817030.0,50.029180622671824
46.97,-1117242.346534485,18726910.0,50.030563141720364
46.98,-1169323.8889850276,18654430.0,50.03185695462512
46.99,-1199439.5378839136,18602110.0,50.03301564938424
47.0,-1206543.797581907,18571760.0,50.03399748754015
47.01,-1190378.5050057233,18564430.0,50.034766777088855
47.02,-1151479.0685465508,18580370.0,50.03529511654206
47.03,-1091167.8075823653,18619050.0,50.035562524206554
47.04,-1011528.683638185,18679140.0,50.035558333717844
47.05,-915354.8006157051,18758560.0,50.035281745476766
47.06,-806066.5746134759,18854530.0,50.03474200974296
47.07,-687602.0002249553,18963610.0,50.03395822780353
47.08,-564282.318425573,19081880.0,50.03295876798204
47.09,-440656.88068537676,19205000.0,50.03178029690902
47.1,-321324.9555624772,19328430.0,50.030466353249146
47.11,-210746.2420723593,19447580.0,50.02906560006471
47.12,-113058.26463900559,19557970.0,50.0276299238906
47.13,-31912.173439423088,19655480.0,50.02621245995289
47.14,29667.485816681175,19736450.0,50.02486559749706
47.15,69395.2611916688,19797860.0,50.02363903369083
47.16,85806.5060736892,19837430.0,50.022577948434886
47.17,78305.94889651606,19853680.0,50.0217213703572
47.18,47182.57015380007,19846030.0,50.02110078597299
47.19,-6400.157946068852,19814750.0,50.02073892781114
47.2,-80440.63718990638,19761030.0,50.02064885153268
47.21,-172169.91680365714,19686850.0,50.020833433275826
47.22,-278157.6635102257,19594990.0,50.02128530941617
47.23,-394447.52934172505,19488870.0,50.021987230672295
47.24,-516713.5458629152,19372460.0,50.02291279128185
47.25,-640428.7494106989,19250080.0,50.02402748643764
47.26,-761042.8838559964,19126250.0,50.02529011099413
47.27,-874160.868838141,19005540.0,50.026654411782225
47.28,-975707.4847956458,18892320.0,50.02807083783352
47.29,-1062067.7655731142,18790680.0,50.0294882933796
47.3,-1130201.1967516749,18704230.0,50.03085587343155
47.31,-1177730.581812833,18636010.0,50.03212455263569
47.32,-1203006.9428499052,18588410.0,50.033248793939265
47.33,-1205151.4536892446,18563060.0,50.03418804029282
47.34,-1184075.0798229426,18560850.0,50.03490805357019
47.35,-1140482.117713288,18581870.0,50.035382140404614
47.36,-1075860.2819037677,18625400.0,50.03559224237088
47.37,-992450.1050789212,18689980.0,50.03552976351509
47.38,-893186.1972714168,18773340.0,50.03519604452528
47.39,-781609.2697552968,18872570.0,50.034602465188726
47.4,-661750.8425256289,18984110.0,50.033770163326416
47.41,-537994.2269867107,19103940.0,50.032729369465
47.42,-414914.0670026889,19227680.0,50.031518338392864
47.43,-297094.8618288804,19350740.0,50.030181846220366
47.44,-188941.75034324202,19468550.0,50.02876939868417
47.45,-94501.22824606847,19576690.0,50.0273333104743
47.46,-17301.610303972382,19671130.0,50.025926720292006
47.47,39781.65290900774,19748340.0,50.02460160027836
47.48,74632.21411468228,19805430.0,50.02340682929884
47.49,85967.69400382042,19840290.0,50.02238640269062
47.5,73380.98247896659,19851650.0,50.02157784755516
47.51,37349.535538272234,19839090.0,50.02101086943912
47.52,-20779.933859299344,19803090.0,50.02070619508865
47.53,-98834.92873591284,19745000.0,50.02067473304628
47.54,-193895.71349047075,19666990.0,50.020917165925695
47.55,-302408.0618631069,19571970.0,50.021423980319256
47.56,-420323.73472522723,19463520.0,50.022175903918495
47.57,-543260.095769703,19345660.0,50.02314470807242
47.58,-666670.3883449981,19222790.0,50.02429433090194
47.59,-786022.7993391018,19099450.0,50.025582346230294
47.6,-896977.4823487725,18980170.0,50.026961651210065
47.61,-995546.5736819773,18869300.0,50.0283822197518
47.62,-1078229.0015906119,18770820.0,50.029792853521336
47.63,-1142119.1474277973,18688230.0,50.0311429099077
47.64,-1184990.4922524765,18624440.0,50.032383976788665
47.65,-1205355.5448967556,18581670.0,50.03347145925202
47.66,-1202502.950219017,18561410.0,50.03436604134163
47.67,-1176512.6965402935,18564380.0,50.03503499124141
47.68,-1128257.1930129367,18590490.0,50.03545336968966
47.69,-1059388.02322705,18638870.0,50.03560507781829
47.7,-972299.7015044264,18707870.0,50.035483611965184
47.71,-870064.6269152304,18795090.0,50.035092459782184
47.72,-756339.0008243814,18897460.0,50.03444512129611
47.73,-635242.1003066301,19011330.0,50.03356474554978
47.74,-511212.77128526673,19132570.0,50.032483384619184
47.75,-388843.82355144044,19256750.0,50.0312408259035
47.76,-272697.5728847183,19379280.0,50.029883015004096
47.77,-167117.44521008723,19495590.0,50.02846022551005
47.78,-76052.36313484109,19601330.0,50.02702512115206
47.79,-2902.151986486162,19692560.0,50.02563076398532
47.8,49611.35997388966,19765890.0,50.02432863135042
47.81,79544.13049914013,19818580.0,50.02316671204453
47.82,85797.79295911954,19848700.0,50.02218775400939
47.83,68153.63246371789,19855140.0,50.021427731484856
47.84,27276.435631294094,19837680.0,50.02091452968087
47.85,-35306.346909096406,19797000.0,50.020666844734784
47.86,-117255.10314186342,19734620.0,50.020693428937825
47.87,-215504.2645604069,19652880.0,50.02099277872312
47.88,-326381.60994634556,19554830.0,50.021553254013625
47.89,-445753.5841589813,19444170.0,50.02235359717771
47.9,-569187.8361722307,19325020.0,50.02336380715773
47.91,-692125.3567621962,19201800.0,50.024546332657835
47.92,-810060.2383610304,19079090.0,50.02585760215781
47.93,-918714.5870083121,18961380.0,50.02724974102859
47.94,-1014193.5530829072,18852960.0,50.02867232581091
47.95,-1093114.5245428977,18757720.0,50.03007413229636
47.96,-1152710.299469511,18679040.0,50.0314048546083
47.97,-1190907.534522817,18619690.0,50.032616763998824
47.98,-1206381.7324361783,18581740.0,50.033666272131036
47.99,-1198589.5524312882,18566520.0,50.03451536137482
48.0,-1167779.9750426826,18574560.0,50.03513285958279
48.01,-1114992.7934283195,18605630.0,50.03549562662548
48.02,-1042041.4663656907,18658680.0,50.03558955214591
48.03,-951471.0789944124,18731900.0,50.03541023664204
48.04,-846487.0260076252,18822730.0,50.03496330862679
48.05,-730854.9664824759,18927990.0,50.034264364013794
48.06,-608774.8519732213,19043890.0,50.03333852052161
48.07,-484732.9671590792,19166250.0,50.0322195892757
48.08,-363331.39261295914,19290570.0,50.03094880923218
48.09,-249101.23767759773,19412250.0,50.02957320268403
48.1,-146315.9061311101,19526760.0,50.028143714331904
48.11,-58819.4513673879,19629830.0,50.026713257555855
48.12,10122.88026797655,19717610.0,50.02533471881389
48.13,57947.6147430382,19786840.0,50.02405898544774
48.14,82886.26617696602,19834960.0,50.022933068058215
48.15,84026.13985606952,19860190.0,50.02199838955178
48.16,61337.128381179355,19861630.0,50.021289304394834
48.17,15670.359770991083,19839240.0,50.020831821183876
48.18,-51268.32299658214,19793870.0,50.02064256489973
48.19,-136976.29813585914,19727240.0,50.02072811322906
48.2,-238247.86001181387,19641830.0,50.02108477864161
48.21,-351299.74428910576,19540870.0,50.021698815950934
48.22,-471920.86119637405,19428120.0,50.02254702089779
48.23,-595637.3024217808,19307810.0,50.023597673005106
48.24,-717886.8152721482,19184410.0,50.02481180736549
48.25,-834198.4761607813,19062470.0,50.02614479407613
48.26,-940364.1777803726,18946480.0,50.02754807139378
48.27,-1032588.3227033811,18840630.0,50.02897090041285
48.28,-1107611.466544087,18748720.0,50.03036210983078
48.29,-1162808.1878785472,18674020.0,50.031671805402375
48.3,-1196260.5087076193,18619140.0,50.03285301162369
48.31,-1206808.0388051565,18586010.0,50.0338632099404
48.32,-1194075.5339268772,18575790.0,50.034665735893945
48.33,-1158481.1412954421,18588840.0,50.03523103611425
48.34,-1101231.8329221122,18624760.0,50.03553782142184
48.35,-1024301.4634959716,18682340.0,50.035574004794285
48.36,-930382.5962826326,18759590.0,50.03533730689712
48.37,-822808.9883731377,18853840.0,50.03483549451113
48.38,-705449.812491568,18961740.0,50.03408623860701
48.39,-582578.7169837117,19079420.0,50.0331165871552
48.4,-458721.58091962826,19202620.0,50.03196205380724
48.41,-338481.341449827,19326800.0,50.030665256503426
48.42,-226349.50547731714,19447370.0,50.02927421127637
48.43,-126521.7301268673,19559830.0,50.02784044661514
48.44,-42730.447566471295,19659980.0,50.02641703601876
48.45,21899.234372404753,19744100.0,50.025056601941095
48.46,64966.40437658678,19809050.0,50.0238093576676
48.47,84880.84775093291,19852440.0,50.02272125939554
48.48,80916.6676806435,19872680.0,50.02183233974408
48.49,53232.01865916711,19869040.0,50.02117527976526
48.5,2862.759108475584,19841680.0,50.020774169703856
48.51,-68309.80582157924,19791640.0,50.020643537223656
48.52,-157624.4610992606,19720790.0,50.020787778658026
48.53,-261741.0978298207,19631800.0,50.02120103429182
48.54,-376772.1461646434,19528000.0,50.02186748272822
48.55,-498436.3412646202,19413290.0,50.02276201696796
48.56,-622225.8502470271,19291950.0,50.023851253966036
48.57,-743582.6731863536,19168480.0,50.0250948814528
48.58,-858077.8617189174,19047440.0,50.02644728340275
48.59,-961579.3492911938,18933260.0,50.027859286823265
48.6,-1050396.186190988,18830080.0,50.02927991483767
48.61,-1121396.5644598748,18741580.0,50.03065812613392
48.62,-1172100.3271865782,18670890.0,50.03194451260732
48.63,-1200747.3374988628,18620500.0,50.03309292211635
48.64,-1206342.7650903463,18592160.0,50.03406196977181
48.65,-1188679.8525987933,18586880.0,50.03481639976574
48.66,-1148345.2938321219,18604850.0,50.03532832372631
48.67,-1086711.6485926812,18645490.0,50.03557833905668
48.68,-1005910.5987234968,18707430.0,50.035556405373185
48.69,-908778.5682055922,18788530.0,50.03526237219569
48.7,-798773.0060983934,18885960.0,50.03470613747689
48.71,-679860.931631706,18996270.0,50.03390742369579
48.72,-556383.1519542104,19115470.0,50.03289516914129
48.73,-432897.54079263203,19239240.0,50.0317065295495
48.74,-313999.82488245994,19363020.0,50.03038542824974
48.75,-204134.00960299314,19482210.0,50.02898079318169
48.76,-107410.7495468405,19592360.0,50.02754465023587
48.77,-27444.546691725147,19689360.0,50.02613014510982
48.78,32784.784890204435,19769610.0,50.02478954986954
48.79,71042.70966747671,19830120.0,50.02357232248441
48.8,85919.62465841032,19868650.0,50.02252329176161
48.81,76877.22073524329,19883800.0,50.02168103820828
48.82,44261.60803216387,19875020.0,50.02107651509841
48.83,-10708.077867372427,19842670.0,50.020731852116526
48.84,-85978.18983126467,19787970.0,50.02065945776102
48.85,-178733.68649725794,19712960.0,50.02086154515335
48.86,-285506.1636098515,19620460.0,50.02133009907095
48.87,-402310.7972420742,19513950.0,50.02204725534316
48.88,-524803.7446914287,19397390.0,50.022986052394394
48.89,-648451.3081284554,19275150.0,50.024111508846595
48.9,-768708.08475042,19151750.0,50.02538204375677
48.91,-881195.0161091276,19031730.0,50.02675113974943
48.92,-981862.6863868026,18919490.0,50.02816909455711
48.93,-1067130.0375554115,18819060.0,50.02958477357804
48.94,-1133996.8891215099,18734020.0,50.03094734320628
48.95,-1180131.2253413503,18667390.0,50.03220795558983
48.96,-1203932.6102175866,18621480.0,50.0333213510378
48.97,-1204572.6645839964,18597900.0,50.03424734077737
48.98,-1182013.3639832544,18597480.0,50.034952135800005
48.99,-1137009.8350600242,18620260.0,50.0354095676132
49.0,-1071099.4262537898,18665470.0,50.035602165654225
49.01,-986569.4168556768,18731590.0,50.035521963207685
49.02,-886396.3725190553,18816320.0,50.03517094808182
49.03,-774156.3285009242,18916700.0,50.03456114066498
49.04,-653907.8541088297,19029130.0,50.03371428810286
49.05,-530051.6694344685,19149570.0,50.03266117462212
49.06,-407168.61583726795,19273610.0,50.03144052305516
49.07,-289837.24344875594,19396680.0,50.03009746920364
49.08,-182444.8024126977,19514190.0,50.02868175818198
49.09,-89009.03564811207,19621760.0,50.027245818293686
49.1,-13020.107409315533,19715360.0,50.02584277373367
49.11,42692.360583609436,19791520.0,50.02452445593578
49.12,76063.60920957965,19847390.0,50.02333948335558
49.13,85866.53043079935,19880920.0,50.02233148221292
49.14,71750.7658243904,19890880.0,50.02153751721898
49.15,34250.35609406547,19876910.0,50.02098674954421
49.16,-25233.248119660188,19839550.0,50.0206992967216
49.17,-104476.79504203494,19780210.0,50.02068541869127
49.18,-200516.08781310884,19701100.0,50.02094513868883
49.19,-309760.7245950693,19605190.0,50.02146830014457
49.2,-428136.0681147806,19496080.0,50.02223502867685
49.21,-551243.7677933461,19377830.0,50.023216556313734
49.22,-674532.4617785284,19254840.0,50.02437636381556
49.23,-793477.185751423,19131660.0,50.025671670200836
49.24,-903755.908170552,19012830.0,50.02705513047315
49.25,-1001408.1019060521,18902660.0,50.02847658952773
49.26,-1082967.8578052137,18805110.0,50.02988483224352
49.27,-1145570.8657370908,18723640.0,50.03122930874466
49.28,-1187036.4801076315,18661140.0,50.032461804536496
49.29,-1205926.1501994254,18619760.0,50.033538020328685
49.3,-1201579.0778015144,18600950.0,50.03441902447041
49.31,-1174126.0878889293,18605380.0,50.03507254763338
49.32,-1124489.9526927064,18632910.0,50.03547418553944
49.33,-1054371.1453028289,18682610.0,50.03560843385435
49.34,-966209.891696564,18752800.0,50.03546942073594
49.35,-863119.2178245671,18841020.0,50.035061279068884
49.36,-748789.0436154144,18944170.0,50.034398142968705
49.37,-627363.8336393947,19058550.0,50.03350375948992
49.38,-503297.76983840426,19180020.0,50.03241071847585
49.39,-381187.6575422834,19304130.0,50.03115925542121
49.4,-265587.6427312554,19426270.0,50.029795652591055
49.41,-160821.12986614084,19541900.0,50.028370397766395
49.42,-70806.33945282071,19646700.0,50.02693624191392
49.43,1096.7428008014103,19736730.0,50.025546205937644
49.44,52213.483240829315,19808650.0,50.024251600511896
49.45,80652.4000613069,19859780.0,50.023100129943074
49.46,85370.91887104162,19888230.0,50.02213415194402
49.47,66207.12607539556,19892950.0,50.021389160951856
49.48,23881.988606106373,19873790.0,50.02089248453011
49.49,-40023.14071832056,19831460.0,50.02066220097719
49.5,-123119.11533921445,19767550.0,50.020706410163825
49.51,-222297.46412828885,19684440.0,50.021022950317
49.52,-333851.6405669425,19585240.0,50.02159954444
49.53,-453623.7447102604,19473670.0,50.02241434359059
49.54,-577167.8620996842,19353870.0,50.023436821957766
49.55,-699922.9713986709,19230300.0,50.024628994265605
49.56,-817392.7381901785,19107510.0,50.02594696119811
49.57,-925319.4288762673,18990000.0,50.02734263165394
49.58,-1019837.3551886738,18882030.0,50.02876547747862
49.59,-1097600.4210682507,18787470.0,50.03016428101844
49.6,-1155883.7043642497,18709660.0,50.03148885153964
49.61,-1192660.3862062087,18651320.0,50.032691679062026
49.62,-1206655.2897291917,18614490.0,50.03372949050691
49.63,-1197375.7562306002,18600430.0,50.034564670191315
49.64,-1165121.915307414,18609640.0,50.0351665293194
49.65,-1110984.239821936,18641830.0,50.035512482549564
49.66,-1036824.9561870622,18695890.0,50.035589028026436
49.67,-945234.1401371262,18769970.0,50.03539240566079
49.68,-839456.5219275603,18861480.0,50.034928890666386
49.69,-723289.7137601019,18967180.0,50.03421470862788
49.7,-600956.7109619066,19083250.0,50.033275565056655
49.71,-476956.59884392895,19205490.0,50.03214579168112
49.72,-355892.57767392194,19329400.0,50.030867051683636
49.73,-242284.63146363688,19450360.0,50.02948667616829
49.74,-140383.44547235384,19563860.0,50.028055795289475
49.75,-54000.02369387681,19665660.0,50.026627380101594
49.76,13642.195520424051,19751930.0,50.025254246163364
49.77,60028.50656129082,19819460.0,50.023987085010816
49.78,83444.13150607969,19865720.0,50.02287259529309
49.79,83032.85932098463,19889020.0,50.02195178488985
49.8,58821.71579738852,19888480.0,50.021258505713284
49.81,11718.078503644676,19864140.0,50.02081818783947
49.82,-56518.60059919645,19816910.0,50.020646821608025
49.83,-143337.0535712556,19748540.0,50.02075032261439
49.84,-245490.136012838,19661580.0,50.02112434206515
49.85,-359162.1675002297,19559290.0,50.02175450067866
49.86,-480119.9210371101,19445470.0,50.02261701095681
49.87,-603878.3257840276,19324370.0,50.02367964071897
49.88,-725875.5568229537,19200460.0,50.024903007804745
49.89,-841652.6006269755,19078310.0,50.026242173771195
49.9,-947023.6690925512,18962380.0,50.02764838161411
49.91,-1038224.258695201,18856850.0,50.02907081022392
49.92,-1112033.1227912763,18765490.0,50.030458318059026
49.93,-1165868.5178798372,18691520.0,50.03176114912347
49.94,-1197860.0982261677,18637520.0,50.03293256921889
49.95,-1206897.612418323,18605360.0,50.03393039652732
49.96,-1192657.0000669006,18596160.0,50.034718388083455
49.97,-1155607.765363799,18610220.0,50.03526749137486
49.98,-1097007.5026477284,18647100.0,50.03555698724777
49.99,-1018878.4992019576,18705520.0,50.035575409428866
50.0,-923957.6667090904,18783470.0,50.03532112651422
50.01,-815617.1161366178,18878210.0,50.03480255605196
50.02,-697756.6449363349,18986360.0,50.03403799788182
50.03,-574671.3032249094,19104030.0,50.0330550820796
50.04,-450897.8610622707,19226930.0,50.03188983234461
50.05,-331038.26975029905,19350510.0,50.03058527579496
50.06,-219570.6986359483,19470170.0,50.02918971833247
50.07,-120665.87830734794,19581440.0,50.02775485200574
50.08,-38021.10424789006,19680140.0,50.026333784229315
50.09,25282.18510816025,19762590.0,50.02497904202755
50.1,66893.38083530625,19825680.0,50.02374061884278
50.11,85277.12138343626,19867090.0,50.022664136284
50.12,79764.71563322074,19885260.0,50.02178919154715
50.13,50571.70861572778,19879540.0,50.02114794606945
50.14,-1209.9901801359374,19850130.0,50.0207638983002
50.15,-73646.10214132053,19798140.0,50.02065093230292
50.16,-164027.80741438677,19725480.0,50.020812778040266
50.17,-268974.9553809077,19634880.0,50.02124291503871
50.18,-384569.25515887013,19529710.0,50.021924893094514
50.19,-506509.232577926,19413900.0,50.022833031870064
50.2,-630278.0556707805,19291740.0,50.02393345175156
50.21,-751320.5247734924,19167740.0,50.02518544348246
50.22,-865221.9841199201,19046470.0,50.02654310565753
50.23,-967874.7999988487,18932340.0,50.02795709335268
50.24,-1055620.9353948648,18829460.0,50.02937637148589
50.25,-1125368.305036265,18741490.0,50.030749952720534
50.26,-1174681.6985863773,18671510.0,50.03202859153772
50.27,-1201849.6363620362,18621960.0,50.033166401042784
50.28,-1205928.177220249,18594560.0,50.03412235571489
50.29,-1186762.3090665487,18590240.0,50.03486164334144
50.3,-1144990.5098013876,18609170.0,50.035356897925745
50.31,-1082036.1446945386,18650710.0,50.03558930591071
50.32,-1000079.0421449961,18713420.0,50.035549461425745
50.33,-901999.1956188703,18795140.0,50.03523787052515
50.34,-791291.151945492,18892970.0,50.03466508494161
50.35,-671950.8409410896,19003440.0,50.0338514529135
50.36,-548338.3579423854,19122530.0,50.032826485620554
50.37,-425019.5681431491,19245900.0,50.0316278277164
50.38,-306585.8517467039,19368970.0,50.0302997836876
50.39,-197464.6537317959,19487150.0,50.028891541963425
50.4,-101738.87053970114,19596020.0,50.0274552619285
50.41,-22985.46293491102,19691500.0,50.02604409245133
50.42,35861.41771135316,19770000.0,50.024710179213415
50.43,72619.11117067724,19828590.0,50.02350273016947
50.44,85933.99773571629,19865100.0,50.022466211173644
50.45,75325.64726813149,19878160.0,50.02163874160607
50.46,41198.24588780326,19867290.0,50.021050726733776
50.47,-15172.54261946329,19832910.0,50.020723678576964
50.48,-91680.29231368256,19776280.0,50.020669343904544
50.49,-185463.32947588613,19699520.0,50.02088925918255
50.5,-293014.8673784746,19605480.0,50.02137474549296
50.51,-410321.5425362759,19497670.0,50.02210731362409
50.52,-533021.8182750648,19380100.0,50.023059438246634
50.53,-656575.6584487724,19257150.0,50.024195655718785
50.54,-776443.1050035292,19133330.0,50.02547400606342
50.55,-888261.9016240169,19013210.0,50.02684770720989
50.56,-988009.363245324,18901130.0,50.02826690759806
50.57,-1072139.3843750744,18801130.0,50.0296804383058
50.58,-1137693.271694763,18716740.0,50.03103754429243
50.59,-1182385.4332652478,18650930.0,50.03228956496051
50.6,-1204665.2537787652,18605980.0,50.033391529773574
50.61,-1203756.092393011,18583440.0,50.034303632021704
50.62,-1179672.207933004,18584090.0,50.03499254725815
50.63,-1133220.7918362755,18607910.0,50.03543264875324
50.64,-1065990.0219133866,18654110.0,50.03560707210231
50.65,-980315.0101651308,18721080.0,50.03550849849731
50.66,-879215.2074964953,18806500.0,50.0351395814183
50.67,-766302.6772091688,18907340.0,50.03451299932902
50.68,-645663.4653427694,19019990.0,50.03365112438233
50.69,-521715.8102149387,19140370.0,50.032585307647516
50.7,-399046.4844927453,19264060.0,50.03135474954497
50.71,-282227.44674529193,19386470.0,50.030004951203246
50.72,-175627.07746667886,19503030.0,50.02858589875885
50.73,-83233.09755343909,19609380.0,50.02715013174864
50.74,-8496.015101851895,19701510.0,50.02575075348288
50.75,45802.06541531056,19775990.0,50.02443944445085
50.76,77649.77137396613,19830040.0,50.02326454907799
50.77,85877.08139555866,19861630.0,50.022269308227486
50.78,70192.15594820539,19869600.0,50.02149030581952
50.79,31187.28418140119,19853660.0,50.02095613865888
50.8,-29679.82776615891,19814400.0,50.020686294025495
50.81,-110133.84185226419,19753280.0,50.02069036180381
50.82,-207165.04556285666,19672580.0,50.02096768533352
50.83,-317146.144693913,19575300.0,50.02150744613694
50.84,-435975.73659880646,19465070.0,50.02228915122666
50.85,-559239.7579588023,19345990.0,50.02328347976616
50.86,-682382.6698827884,19222480.0,50.024453445849936
50.87,-800887.1552866702,19099090.0,50.02575590827162
50.88,-910450.119558505,18980340.0,50.02714327858582
50.89,-1007139.7515921933,18870540.0,50.02856527532824
50.9,-1087526.8891178952,18773610.0,50.02997067318883
50.91,-1148790.2772426885,18692980.0,50.03130902551837
50.92,-1188796.993298221,18631480.0,50.03253232943358
50.93,-1206159.3227556748,18591240.0,50.03359659836416
50.94,-1200268.9072849387,18573640.0,50.03446330466076
50.95,-1171309.2443181588,18579290.0,50.03510066349601
50.96,-1120255.2524845044,18608020.0,50.035484829823815
50.97,-1048857.9306153448,18658840.0,50.035600918945356
50.98,-959604.6151866326,18730010.0,50.035443715771244
50.99,-855650.0442694288,18819030.0,50.035018022189114
51.0,-740718.5741901497,18922760.0,50.03433862812834
51.01,-618980.1662603004,19037470.0,50.03342989743791
51.02,-494904.1133512449,19158980.0,50.03232497147234
51.03,-373090.37583207554,19282830.0,50.03106454125877
51.04,-258083.58449714968,19404430.0,50.029695227737314
51.05,-154185.48373024893,19519210.0,50.02826773090002
51.06,-65281.710191020626,19622890.0,50.02683488218154
51.07,5309.65467004769,19711580.0,50.02544965003079
51.08,54963.35346476652,19781960.0,50.02416316299526
51.09,81842.71204667515,19831400.0,50.023022821553006
51.1,84963.18761272059,19858070.0,50.022070570693046
51.11,64221.89444574836,19860980.0,50.02134139924044
51.12,20398.19351561676,19840030.0,50.02086204811764
51.13,-44870.59562839917,19796000.0,50.020649947511366
51.14,-129144.171817836,19730530.0,50.02071251680754
51.15,-229270.0720385753,19646060.0,50.021046910616704
51.16,-341506.853133335,19545730.0,50.02164019259864
51.17,-461672.18966431834,19433300.0,50.022469903654695
51.18,-585307.0029714337,19312940.0,50.023504978752264
51.19,-707849.1095132281,19189120.0,50.02470698897492
51.2,-824812.9804061229,19066390.0,50.02603170230038
51.21,-931962.5979862607,18949240.0,50.02743081111518
51.22,-1025463.2418203941,18841910.0,50.02885368718842
51.23,-1102007.2982884422,18748230.0,50.030249128180714
51.24,-1158914.19341137,18671510.0,50.03156707124251
51.25,-1194205.7534284154,18614430.0,50.03276024156873
51.26,-1206658.2193918193,18578960.0,50.03378570064029
51.27,-1195831.6351929174,18566340.0,50.03460625643184
51.28,-1162079.1927395724,18577000.0,50.03519172725029
51.29,-1106543.8321092278,18610590.0,50.035520107957176
51.3,-1031138.1402970451,18665960.0,50.03557853117352
51.31,-938498.5263236493,18741210.0,50.03536390197782
51.32,-831910.079248274,18833690.0,50.0348831667242
51.33,-715202.9798848549,18940130.0,50.03415320242532
51.34,-592623.4508254235,19056680.0,50.0332003208959
51.35,-468683.1124576975,19179110.0,50.03205938892336
51.36,-347985.5453688505,19302910.0,50.030772503373534
51.37,-235038.41559721914,19423460.0,50.029387308286964
51.38,-134068.10791811172,19536270.0,50.027955118124446
51.39,-48850.6707243938,19637100.0,50.026528955178215
51.4,17434.389471424394,19722180.0,50.025161553021455
51.41,62323.35906501452,19788330.0,50.02390339241204
51.42,84157.40982781956,19833090.0,50.02280084162629
51.43,82138.99640989985,19854800.0,50.02189447235344
51.44,56354.29470981471,19852660.0,50.02121761124643
51.45,7768.746353870665,19826750.0,50.020795085961126
51.46,-61803.02869828587,19778050.0,50.02064222803938
51.47,-149759.88280832418,19708360.0,50.020764267719265
51.48,-252812.37529394854,19620300.0,50.02115617347147
51.49,-367111.9817391725,19517140.0,50.02180291334061
51.5,-488403.3583408716,19402730.0,50.0226801016003
51.51,-612190.7033167757,19281340.0,50.023754983119474
51.52,-733913.4528773732,19157450.0,50.02498775168639
51.53,-849125.7154099023,19035640.0,50.02633315831548
51.54,-953665.5370485866,18920330.0,50.0277422532182
51.55,-1043801.2474797275,18815710.0,50.02916413979604
51.56,-1116351.6538638617,18725490.0,50.03054771648529
51.57,-1168780.6037323666,18652860.0,50.031843379100536
51.58,-1199267.2972804806,18600350.0,50.033004651197125
51.59,-1206753.4475683095,18569790.0,50.03398970604983
51.6,-1190967.877064507,18562230.0,50.03476274214055
51.61,-1152432.9862806876,18577950.0,50.03529522882327
51.62,-1092458.3278296893,18616420.0,50.035567038281705
51.63,-1013115.7092759891,18676340.0,50.035567345837016
51.64,-917187.181764564,18755620.0,50.03529518752957
51.65,-808083.671871481,18851500.0,50.03475964915045
51.66,-689735.6828405061,18960550.0,50.03397967378782
51.67,-566459.3448825644,19078850.0,50.03298348425786
51.68,-442801.61232459696,19202080.0,50.031807620903244
51.69,-323362.37117299373,19325690.0,50.03049552206497
51.7,-212605.05172938225,19445100.0,50.02909578106029
51.71,-114673.80815024115,19555820.0,50.02766024680392
51.72,-33228.956629358465,19653720.0,50.02624204973718
51.73,28693.67553640972,19735130.0,50.024893607100736
51.74,68795.71829854173,19797030.0,50.02366467550782
51.75,85598.51440038264,19837110.0,50.02260052299922
51.76,78492.25899545598,19853890.0,50.0217402913251
51.77,47751.367677725735,19846770.0,50.02111560158308
51.78,-5474.92870699591,19816020.0,50.02074933938474
51.79,-79198.41389486898,19762790.0,50.020654725449695
51.8,-170662.06601521425,19689060.0,50.02083480578007
51.81,-276445.4868228624,19597600.0,50.021282384348154
51.82,-392599.844423521,19491820.0,50.021980370599515
51.83,-514803.9936780592,19375670.0,50.02290250285215
51.84,-638532.9390427717,19253480.0,50.02401440035379
51.85,-759235.3851534631,19129760.0,50.02527495609367
51.86,-872512.2907971981,19009080.0,50.02663798617946
51.87,-974281.9205382143,18895820.0,50.028053979870215
51.88,-1060920.6746736914,18794080.0,50.029471852641905
51.89,-1129377.7135939577,18707470.0,50.03084068218187
51.9,-1177264.2411794523,18639050.0,50.03211139840319
51.91,-1202918.8000138707,18591200.0,50.033238393776756
51.92,-1205449.566169084,18565580.0,50.03418101708138
51.93,-1184754.336451416,18563100.0,50.03490491496183
51.94,-1141524.2817808301,18583840.0,50.03538325932006
51.95,-1077234.3029450686,18627120.0,50.03559784075657
51.96,-994112.8599957152,18691460.0,50.035539901561535
51.97,-895083.7045120307,18774640.0,50.035210615743445
51.98,-783678.376237891,18873730.0,50.03462119781238
51.99,-663921.3436925163,18985200.0,50.0337926281958
52.0,-540191.3457648954,19105030.0,50.03275499421004
52.01,-417061.33858463634,19228830.0,50.031546429331165
52.02,-299117.2569850411,19352030.0,50.030211616064676
52.03,-190768.73926200724,19470050.0,50.028799997260364
52.04,-96069.59111241961,19578480.0,50.027363857168524
52.05,-18557.887704160414,19673270.0,50.02595633723691
52.06,38879.15883039136,19750860.0,50.02462944492704
52.07,74111.9231663663,19808390.0,50.02343212552336
52.08,85843.76604373101,19843720.0,50.02240846905656
52.09,73652.91178413789,19855550.0,50.021596121558765
52.1,38002.16690475034,19843460.0,50.021024928952016
52.11,-19775.966892208788,19807910.0,50.020715775549505
52.12,-97522.22145458346,19750250.0,50.020679738175765
52.13,-192328.4900149233,19672610.0,50.02091767081487
52.14,-300650.0425379689,19577920.0,50.02142022745141
52.15,-418445.6126662865,19469720.0,50.02216829278942
52.16,-541336.7732895076,19352050.0,50.0231337791597
52.17,-664778.0901731872,19229280.0,50.02428074451415
52.18,-784236.0796087824,19105970.0,50.02556685584734
52.19,-895366.3438651329,18986650.0,50.02694507405939
52.2,-994173.9591790647,18875660.0,50.02836540723523
52.21,-1077148.739989693,18776990.0,50.02977666201859
52.22,-1141374.3422505488,18694160.0,50.03112817224794
52.23,-1184612.3249426717,18630090.0,50.032371474924965
52.24,-1205362.466152715,18587000.0,50.03346189867614
52.25,-1202900.2522828341,18566410.0,50.03436002795746
52.26,-1177292.433929261,18569030.0,50.0350330109503
52.27,-1129398.2932417155,18594800.0,50.03545576936488
52.28,-1060856.672544694,18642860.0,50.03561204985056
52.29,-974050.1697272076,18711570.0,50.035495184476545
52.3,-872040.5799295256,18798550.0,50.03510849296122
52.31,-758475.293867362,18900740.0,50.034465310232875
52.32,-637466.9824256678,19014480.0,50.03358862937862
52.33,-513450.4301696213,19135670.0,50.032510361942606
52.34,-391017.3186552308,19259870.0,50.031270177873665
52.35,-274731.9868145531,19382490.0,50.029913934084725
52.36,-168942.9631327276,19498970.0,50.02849184719952
52.37,-77607.05600947584,19604950.0,50.02705655693407
52.38,-4134.367084159167,19696490.0,50.02566113473444
52.39,48741.07022230083,19770160.0,50.024357100001026
52.4,79061.60388683819,19823240.0,50.02319251418995
52.41,85714.4020650718,19853770.0,50.02221022548644
52.42,68465.9942758673,19860630.0,50.02144633191941
52.43,27966.54819231131,19843590.0,50.02092886292363
52.44,-34270.544390921656,19803310.0,50.020676674858834
52.45,-115918.63613596401,19741290.0,50.0206986897091
52.46,-213923.42131515633,19659870.0,50.02099357535481
52.47,-324621.7329789897,19562090.0,50.02154985799705
52.48,-443886.48305855074,19451620.0,50.022346434641904
52.49,-567288.974400978,19332590.0,50.02335344162721
52.5,-690270.8286972851,19209420.0,50.024533441455155
52.51,-808323.726444724,19086680.0,50.02584294866477
52.52,-917164.5714834558,18968870.0,50.027234145522506
52.53,-1012890.9389805639,18860270.0,50.028656636215395
52.54,-1092110.7129661033,18764790.0,50.03005919519856
52.55,-1152045.6837680864,18685820.0,50.0313914870063
52.56,-1190610.3979941728,18626140.0,50.03260572635926
52.57,-1206467.5279625952,18587830.0,50.03365824334054
52.58,-1199060.5389513308,18572230.0,50.03451091601762
52.59,-1168625.0972642738,18579900.0,50.03513244679656
52.6,-1116187.829881261,18610600.0,50.03549955182015
52.61,-1043549.5453945289,18663300.0,50.03559796315522
52.62,-953243.6535444867,18736200.0,50.03542311553333
52.63,-848465.337337561,18826780.0,50.03498046978034
52.64,-732971.9647161507,18931830.0,50.03428545860961
52.65,-610957.5044038551,19047590.0,50.03336304732953
52.66,-486904.9062130739,19169880.0,50.032246911967924
52.67,-365415.9255879924,19294210.0,50.03097818113987
52.68,-251024.51517063245,19415980.0,50.0296037966773
52.69,-148009.9171921722,19530650.0,50.028174654632316
52.7,-60224.703700019396,19633940.0,50.02674365286207
52.71,9055.080057128682,19722010.0,50.025363695675495
52.72,57253.35508342774,19791580.0,50.02408572056483
52.73,82587.74376782717,19840060.0,50.022956818414514
52.74,84130.93605495273,19865680.0,50.02201851911936
52.75,61838.03795888927,19867520.0,50.021305306812614
52.76,16545.60951545887,19845510.0,50.02084333954837
52.77,-50054.41895312845,19800510.0,50.020649406633346
52.78,-135472.08538818266,19734210.0,50.020730257524384
52.79,-236512.49270737945,19649080.0,50.021082376394986
52.8,-349400.85669530893,19548340.0,50.021692182888344
52.81,-469931.8979280136,19435750.0,50.02253662440362
52.82,-593634.676829881,19315510.0,50.023584113766816
52.83,-715946.8927630102,19192110.0,50.024795794835285
52.84,-832394.5699984157,19070100.0,50.026127118089306
52.85,-938763.8274268734,18953950.0,50.0275295726899
52.86,-1031250.9949146057,18847890.0,50.02895244114005
52.87,-1106586.7158610574,18755700.0,50.03034454463818
52.88,-1162134.2441568817,18680670.0,50.031655953384266
52.89,-1195963.2666201778,18625430.0,50.0328396297379
52.9,-1206900.4270202084,18591900.0,50.0338529684515
52.91,-1194557.246870829,18581270.0,50.034659196381625
52.92,-1159338.6075415027,18593920.0,50.03522863110109
52.93,-1102438.4251568075,18629440.0,50.035539836691875
52.94,-1025818.092335767,18686650.0,50.03558056657592
52.95,-932158.7634939511,18763570.0,50.035348374744814
52.96,-824784.3210364446,18857540.0,50.03485086046003
52.97,-707556.060457509,18965220.0,50.03410553295152
52.98,-584742.1268073355,19082750.0,50.03313929045184
52.99,-460865.5832239626,19205860.0,50.031987515195866
53.0,-340529.59402494936,19330040.0,50.03069271955907
53.01,-228229.0542559069,19450680.0,50.02930284450899
53.02,-128165.96602225129,19563280.0,50.027869375663634
53.03,-44081.73914984742,19663650.0,50.0264453771015
53.04,20887.342823505867,19748030.0,50.02508349504752
53.05,64327.48925673636,19813300.0,50.02383399843195
53.06,84634.4337196378,19857040.0,50.02274292856842
53.07,81067.63001405098,19877640.0,50.021850428949165
53.08,53770.5377383813,19874370.0,50.02118931308336
53.09,3764.6467483883607,19847370.0,50.02078382240144
53.1,-67082.34747953538,19797650.0,50.02064864935791
53.11,-156121.48818883044,19727100.0,50.02078836115379
53.12,-260022.99584870844,19638350.0,50.02119726761305
53.13,-374907.2392514448,19534740.0,50.021859708740045
53.14,-496498.20608608564,19420150.0,50.02275072494835
53.15,-620290.4697500244,19298840.0,50.023837061360624
53.16,-741725.4289365478,19175340.0,50.025078508591555
53.17,-856370.572757547,19054190.0,50.026429524792526
53.18,-960087.6155388477,18939820.0,50.027840981556416
53.19,-1049177.1734674778,18836390.0,50.029261917250246
53.2,-1120497.2367030766,18747580.0,50.030641276957866
53.21,-1171556.1013889243,18676540.0,50.031929611113235
53.22,-1200581.1326724633,18625750.0,50.033080699771816
53.23,-1206564.4460866791,18597000.0,50.034053066263276
53.24,-1189286.0512908192,18591290.0,50.03481134182479
53.25,-1149319.451831829,18608840.0,50.03532750544848
53.26,-1088024.31113554,18649070.0,50.0355820052244
53.27,-1007520.0791610626,18710630.0,50.03556463954916
53.28,-910632.0952803503,18791400.0,50.03527509098128
53.29,-800808.3530551108,18888550.0,50.03472309106949
53.3,-682008.4846603416,18998630.0,50.03392820288526
53.31,-558568.3471924796,19117680.0,50.03291921863438
53.32,-435043.7265316972,19241370.0,50.03173316916511
53.33,-316031.39317106106,19365140.0,50.030413880211725
53.34,-205979.49715968646,19484400.0,50.02901021267513
53.35,-109005.67701146397,19594690.0,50.02757415752151
53.36,-28733.911180608673,19691900.0,50.02615885866015
53.37,31844.44780058763,19772410.0,50.024816619152034
53.38,70481.7491911843,19833220.0,50.02359695927861
53.39,85754.22397709929,19872080.0,50.02254479887578
53.4,77108.91743596666,19887580.0,50.021698834295606
53.41,44877.228940654895,19879160.0,50.021090156871665
53.42,-9736.05453259009,19847140.0,50.02074105233311
53.43,-84690.69936275098,19792740.0,50.02066409650154
53.44,-177183.5253496521,19718000.0,50.02086167368671
53.45,-283755.91657447634,19625720.0,50.02132593687022
53.46,-400430.34994908376,19519350.0,50.02203918040928
53.47,-522867.5416860712,19402880.0,50.0229745859028
53.48,-646535.4798877289,19280640.0,50.024097294657366
53.49,-766887.4441697588,19157160.0,50.02536582214099
53.5,-879540.160633577,19037000.0,50.02673371835029
53.51,-980437.4595392578,18924540.0,50.02815131902201
53.52,-1065989.4303925587,18823820.0,50.029567498370064
53.53,-1133185.3923021858,18738450.0,50.030931403179544
53.54,-1179681.597001812,18671430.0,50.0321941386644
53.55,-1203865.0129893627,18625110.0,50.03331037229815
53.56,-1204894.1866194454,18601090.0,50.03423981906931
53.57,-1182717.899889066,18600230.0,50.0349485730841
53.58,-1138078.1487154476,18622560.0,50.035410329479745
53.59,-1072499.4914957,18667360.0,50.035607465410756
53.6,-988257.1855887689,18733080.0,50.03553185140095
53.61,-888317.0261538394,18817470.0,50.03518530806039
53.62,-776246.0067573496,18917550.0,50.034579690529625
53.63,-656095.8041094908,19029760.0,50.03373658901034
53.64,-532262.7448877577,19150040.0,50.032686645376
53.65,-409326.1651366658,19274000.0,50.03146846225973
53.66,-291866.2343591172,19397060.0,50.03012708328111
53.67,-184274.898128558,19514640.0,50.028712192539984
53.68,-90577.39672730607,19622340.0,50.027276189906566
53.69,-14273.810067235143,19716150.0,50.02587220423891
53.7,41794.354916626704,19792560.0,50.02455210418132
53.71,75548.98448800482,19848720.0,50.023364576209005
53.72,85748.68461563095,19882570.0,50.02235334249872
53.73,72028.44452021417,19892860.0,50.0215555876959
53.74,34907.70412038843,19879230.0,50.02100061401934
53.75,-24226.208681936143,19842190.0,50.0207086967807
53.76,-103163.1269227541,19783130.0,50.02069026371281
53.77,-198950.30628328872,19704260.0,50.02094550852755
53.78,-308006.65444784047,19608540.0,50.021464440871476
53.79,-426264.3095411519,19499540.0,50.02222734179871
53.8,-549328.9271727741,19381340.0,50.02320558240232
53.81,-672650.2739275468,19258330.0,50.024362761184726
53.82,-791701.5395982878,19135060.0,50.02565618815089
53.83,-902155.9871336528,19016050.0,50.027038579796304
53.84,-1000045.9114770455,18905630.0,50.0284598130911
53.85,-1081896.2062601808,18807770.0,50.02986867591469
53.86,-1144831.794340155,18725950.0,50.03121459315136
53.87,-1186660.1021458032,18663040.0,50.032449297983206
53.88,-1205929.8793489658,18621230.0,50.03352841356017
53.89,-1201967.2358137001,18601970.0,50.03441290792418
53.9,-1174889.857117272,18605940.0,50.035070391418756
53.91,-1125607.5345017756,18633020.0,50.03547632107468
53.92,-1055808.1768655167,18682300.0,50.035615038849066
53.93,-967920.3093982947,18752090.0,50.03548051006225
53.94,-865046.5967109603,18839970.0,50.03507670161669
53.95,-750868.3952929234,18942820.0,50.03441758480041
53.96,-629523.8286601425,19056980.0,50.033526753580325
53.97,-505463.28380303166,19178300.0,50.03243666046464
53.98,-383282.6800430092,19302320.0,50.03118742676541
53.99,-267538.4017887631,19424460.0,50.029825249436755
54.0,-162559.13093222823,19540160.0,50.02840056256538
54.01,-72271.0901571929,19645090.0,50.02696609602604
54.02,-44.60568734596018,19735330.0,50.025574882759216
54.03,51433.47269010206,19807490.0,50.024278277732314
54.04,80258.09611934726,19858910.0,50.02312405964565
54.05,85372.32845708966,19887660.0,50.022154687518224
54.06,66599.66725376697,19892700.0,50.021405779878016
54.07,24646.6691775567,19873850.0,50.02090480824898
54.08,-38919.1179103551,19831810.0,50.020670010117385
54.09,-121721.21581351495,19768150.0,50.02070965323582
54.1,-220662.1122750643,19685260.0,50.0210217450758
54.11,-332044.0076194386,19586220.0,50.02159417220795
54.12,-451715.1645143294,19474730.0,50.022405237185765
54.13,-575233.0545132892,19354950.0,50.023424548444694
54.14,-698037.0618713534,19231320.0,50.024614231335406
54.15,-815628.2616163669,19108400.0,50.025930469514336
54.16,-923743.599856212,18990690.0,50.027325226018306
54.17,-1018509.7563333618,18882450.0,50.0287479979575
54.18,-1096571.1263274332,18787550.0,50.03014756431653
54.19,-1155191.8291452308,18709350.0,50.031473703258825
54.2,-1192333.0351909366,18650590.0,50.03267884729685
54.21,-1206706.8717980834,18613300.0,50.03371964123596
54.22,-1197807.662872891,18598780.0,50.03455836520391
54.23,-1165922.443543612,18607530.0,50.03516420576074
54.24,-1112128.7603435281,18639250.0,50.035514435080174
54.25,-1038276.436716289,18692880.0,50.035595395384114
54.26,-946944.1470908701,18766570.0,50.035403163194026
54.27,-841366.69597615,18857730.0,50.034943848870995
54.28,-725333.676064117,18963130.0,50.03423351783229
54.29,-603062.3506047844,19078980.0,50.03329772641785
54.3,-479048.69342228805,19201060.0,50.032170674602924
54.31,-357895.7773829309,19324880.0,50.03089391867624
54.32,-244126.5742681407,19445840.0,50.02951471241307
54.33,-141997.6956699022,19559410.0,50.02808414013735
54.34,-55328.68267241365,19661330.0,50.026655159637954
54.35,12646.284347232198,19747790.0,50.02528060589644
54.36,59400.010598675,19815560.0,50.02401122160695
54.37,83204.00000369933,19862090.0,50.022893785989254
54.38,83187.66034361639,19885680.0,50.021969413352764
54.39,59363.50682443532,19885440.0,50.02127208404329
54.4,12624.656102627458,19861380.0,50.0208273756811
54.41,-55283.00589978695,19814410.0,50.020651440141265
54.42,-141820.50134374126,19746270.0,50.02075036133577
54.43,-243751.1254913334,19659490.0,50.021119958264606
54.44,-357267.33380896214,19557320.0,50.021746012321444
54.45,-478141.4161080109,19443560.0,50.02260488354453
54.46,-601891.0140844334,19322430.0,50.02366446876364
54.47,-723954.0594405555,19198430.0,50.02488549056605
54.48,-839868.3657589632,19076110.0,50.02622308732179
54.49,-945442.3295737008,18959940.0,50.027628549925
54.5,-1036903.420443699,18854100.0,50.02905107644695
54.51,-1111020.5775223128,18762380.0,50.030439516041966
54.52,-1165200.8829514463,18687990.0,50.031744076033235
54.53,-1197561.8583673318,18633540.0,50.032917959712364
54.54,-1206980.52633498,18600910.0,50.03391889882723
54.55,-1193119.8677789886,18591210.0,50.0347105427153
54.56,-1156436.422727966,18604790.0,50.03526371145127
54.57,-1098175.0591643346,18641190.0,50.035557541535844
54.58,-1020345.9421693822,18699170.0,50.03558041007287
54.59,-925674.9182028066,18776710.0,50.03533052245627
54.6,-817524.5731273401,18871090.0,50.034816132772534
54.61,-699787.1515845604,18978950.0,50.034055383340316
54.62,-576752.4922539515,19096390.0,50.033075758881296
54.63,-452954.81506822235,19219120.0,50.03191315627603
54.64,-332996.50056172465,19342620.0,50.03061050131444
54.65,-221359.22932810133,19462270.0,50.029216028585324
54.66,-122220.13187287812,19573600.0,50.027781390615914
54.67,-39285.45162924135,19672440.0,50.026359687964636
54.68,24352.313252343214,19755060.0,50.02500347313409
54.69,66329.8738333924,19818380.0,50.02376279597372
54.7,85098.08487358771,19860050.0,50.02268336307687
54.71,79973.92169000127,19878500.0,50.02180488158775
54.72,51158.592559624,19873060.0,50.021159643590565
54.73,-269.9664456919418,19843920.0,50.02077129601881
54.74,-72390.66376420559,19792180.0,50.02065388419491
54.75,-162506.50954711565,19719730.0,50.02081130480139
54.76,-267247.27280619694,19629300.0,50.021237202358705
54.77,-382702.227381192,19524230.0,50.02191528327865
54.78,-504574.82744137343,19408450.0,50.02282000978314
54.79,-628350.3624151279,19286250.0,50.02391762540176
54.8,-749472.7895292516,19162150.0,50.02516751874923
54.81,-863523.7309348369,19040700.0,50.026523858162975
54.82,-966389.3045603328,18926330.0,50.02793734001697
54.83,-1054403.1226269738,18823130.0,50.02935694207484
54.84,-1124463.0777724502,18734790.0,50.03073166194736
54.85,-1174122.668000146,18664400.0,50.03201221211307
54.86,-1201658.2301619202,18614420.0,50.03315263824138
54.87,-1206113.1276264573,18586550.0,50.03411182427059
54.88,-1187319.48002289,18581770.0,50.03485484677771
54.89,-1145902.9126209961,18600230.0,50.035354209130055
54.9,-1083274.2260152746,18641320.0,50.03559095108532
54.91,-1001601.3993793323,18703620.0,50.035555509404396
54.92,-903753.755278885,18784970.0,50.035248227772435
54.93,-793216.7950272829,18882490.0,50.03467949652991
54.94,-673979.4557169852,18992700.0,50.03386950993082
54.95,-550397.2366763051,19111600.0,50.03284763860071
54.96,-427034.2003099829,19234860.0,50.031651407608116
54.97,-308482.9721117195,19357900.0,50.0303250287483
54.98,-199175.24020675285,19476120.0,50.028917627590296
54.99,-103200.89017728716,19585100.0,50.02748133209969
55.0,-24146.267994381255,19680750.0,50.026069291944694
55.01,35043.119001706946,19759480.0,50.02473368540679
55.02,72171.75834453432,19818350.0,50.02352378335006
55.03,85872.2081173166,19855160.0,50.022484142073594
55.04,75649.78924077231,19868540.0,50.02165299529165
55.05,41894.41959052457,19858000.0,50.02106088378
55.06,-14132.10362263862,19823930.0,50.020729472013294
55.07,-90336.28453387576,19767590.0,50.02067066987833
55.08,-183867.84639000692,19691070.0,50.02088618031216
55.09,-291229.3513635404,19597230.0,50.021367487397825
55.1,-408414.341752485,19489550.0,50.02209625505664
55.11,-531065.5162137055,19372060.0,50.02304509589304
55.12,-654644.2857375174,19249110.0,50.02417866403576
55.13,-774609.2287330616,19125230.0,50.02545509152038
55.14,-886593.8304469377,19004960.0,50.02682766001595
55.15,-986568.7114099856,18892680.0,50.02824655321372
55.16,-1070979.0649610478,18792410.0,50.029660609160864
55.17,-1136855.9214140582,18707710.0,50.031019052215505
55.18,-1181902.2345974678,18641540.0,50.03227317466934
55.19,-1204555.133060248,18596210.0,50.03337793404021
55.2,-1204025.2750865687,18573270.0,50.0342934290324
55.21,-1180314.112182794,18573520.0,50.034986220618016
55.22,-1134216.1165880316,18596950.0,50.035430548920424
55.23,-1067307.0915314832,18642770.0,50.03560940107076
55.24,-981910.5424876426,18709410.0,50.03551529995093
55.25,-881035.5360074976,18794530.0,50.03515073654321
55.26,-768285.4474188766,18895140.0,50.034528229049904
55.27,-647739.7388437025,19007630.0,50.03366999773068
55.28,-523812.50663185236,19127910.0,50.03260725623216
55.29,-401089.21298335335,19251580.0,50.03137908954757
55.3,-284143.5482907393,19374040.0,50.030030910798104
55.31,-177348.60760403879,19490740.0,50.02861264853223
55.32,-84699.52813232632,19597280.0,50.027176816345985
55.33,-9656.555631519761,19689680.0,50.02577652368881
55.34,44986.57512312743,19764480.0,50.024463488816885
55.35,77205.45786552748,19818890.0,50.02328612374107
55.36,85816.16643309785,19850870.0,50.02228776379081
55.37,70512.6327092098,19859250.0,50.021505110397825
55.38,31873.006907647185,19843710.0,50.02096689798594
55.39,-28658.65086980001,19804850.0,50.02069276742232
55.4,-108819.63109732256,19744090.0,50.02069247177272
55.41,-205611.23478823254,19663710.0,50.02096551966543
55.42,-315415.07660191355,19566710.0,50.02150125341818
55.43,-434136.19889690843,19456690.0,50.02227933021645
55.44,-557364.2989013431,19337770.0,50.02327056334599
55.45,-680544.7572408705,19214340.0,50.02443807947924
55.46,-799158.2861038854,19090960.0,50.02573882393647
55.47,-908897.0683705502,18972150.0,50.02712526621884
55.48,-1005822.2100095847,18862220.0,50.02854715441648
55.49,-1086495.5396379787,18765110.0,50.02995326463632
55.5,-1148085.2817736098,18684260.0,50.031293124127295
55.51,-1188446.8763601128,18622490.0,50.032518677615165
55.52,-1206180.2352113002,18581960.0,50.03358586170474
55.53,-1200664.253920794,18564060.0,50.034456049857624
55.54,-1172069.6144844205,18569410.0,50.03509733856741
55.55,-1121358.5306989627,18597840.0,50.03548574579491
55.56,-1050269.7319230277,18648400.0,50.035606235768896
55.57,-961279.1639765403,18719330.0,50.03545343377277
55.58,-857531.5188358322,18808170.0,50.035031979386225
55.59,-742742.8941757441,18911780.0,50.03435650369027
55.6,-621077.1750548225,19026430.0,50.03345122139303
55.61,-497000.1196167204,19147960.0,50.032349140953706
55.62,-375111.06065048045,19271900.0,50.0310908439855
55.63,-259957.06700491143,19393660.0,50.029722870448836
55.64,-155845.24366279994,19508690.0,50.02829586997274
55.65,-66669.21467104228,19612680.0,50.02686265556484
55.66,4242.7108639958315,19701740.0,50.025476209454986
55.67,54253.25114726822,19772550.0,50.0241877054035
55.68,81512.41390931862,19822450.0,50.023044618443045
55.69,85021.57497614488,19849610.0,50.022088994417366
55.7,64663.53386084939,19853020.0,50.02135594550331
55.71,21203.482367822842,19832570.0,50.020872355741574
55.72,-43734.84425321134,19789020.0,50.020655813336646
55.73,-127723.55046842509,19723990.0,50.020713903363855
55.74,-227620.831308813,19639920.0,50.02104394677775
55.75,-339693.68837018544,19539950.0,50.02163316760746
55.76,-459765.6982561256,19427810.0,50.02245925513616
55.77,-583380.9442424639,19307670.0,50.02349127535193
55.78,-705977.4754040914,19184000.0,50.024690906914174
55.79,-823067.0709156843,19061340.0,50.0260139981832
55.8,-930408.359152413,18944200.0,50.02741229352381
55.81,-1024159.0225799838,18836810.0,50.02883518838408
55.82,-1101002.036957909,18743020.0,50.03023147608705
55.83,-1158245.9943626376,18666140.0,50.03155106196589
55.84,-1193900.8489656355,18608860.0,50.03274661331304
55.85,-1206730.3081496805,18573180.0,50.03377510961455
55.86,-1196281.5758857634,18560320.0,50.03459925516853
55.87,-1162894.9262788137,18570750.0,50.035188744386126
55.88,-1107700.529412572,18604120.0,50.03552143044521
55.89,-1032598.7214036305,18659300.0,50.03558429115945
55.9,-940214.6547286857,18734400.0,50.035374069508386
55.91,-833823.6202203858,18826780.0,50.03489754832604
55.92,-717247.8981567614,18933170.0,50.03417144595774
55.93,-594728.085386417,19049750.0,50.03322192659617
55.94,-470772.78817123256,19172280.0,50.0320837269158
55.95,-349985.53422377026,19296250.0,50.03079883840172
55.96,-236877.0209385816,19417050.0,50.02941482907538
55.97,-135679.5824634541,19530180.0,50.02798296879597
55.98,-50177.815924316994,19631410.0,50.026556267768484
55.99,16438.03537786554,19716940.0,50.025187479981795
56.0,61691.8087372469,19783590.0,50.02392713792935
56.01,83911.02563434548,19828880.0,50.02282169074647
56.02,82283.8254408724,19851140.0,50.0219118168596
56.03,56881.95488868997,19849560.0,50.021230971314814
56.04,8656.685583285696,19824210.0,50.02080412906938
56.05,-60590.833476432075,19776040.0,50.02064678278452
56.06,-148271.64119304653,19706850.0,50.020764330342985
56.07,-251106.6427167552,19619230.0,50.02115190733046
56.08,-365255.35952789395,19516470.0,50.021794641636404
56.09,-486467.87272205536,19402390.0,50.02266829405574
56.1,-610251.0175498191,19281250.0,50.023740237536195
56.11,-732043.9319021533,19157550.0,50.02497076975841
56.12,-847397.4998369061,19035840.0,50.02631471756697
56.13,-952143.903565123,18920580.0,50.02772317804752
56.14,-1042543.396389952,18815920.0,50.02914527267892
56.15,-1115404.9301586351,18725620.0,50.030529889549136
56.16,-1168181.1361763803,18652860.0,50.0318273866587
56.17,-1199039.020025604,18600190.0,50.032991223626354
56.18,-1206907.496269003,18569440.0,50.033979485764334
56.19,-1191502.356999591,18561680.0,50.034756262309834
56.2,-1153332.970374906,18577200.0,50.03529289361924
56.21,-1093696.0936836614,18615490.0,50.03556910584881
56.22,-1014651.347395055,18675250.0,50.03557391600363
56.23,-918969.6761994987,18754420.0,50.03530619545429
56.24,-810052.4548382517,18850230.0,50.03477486511234
56.25,-691822.6338144961,18959280.0,50.03399870940524
56.26,-568591.1639532767,19077640.0,50.03300580498197
56.27,-444902.5212899008,19201020.0,50.031832565004486
56.28,-325357.1381279876,19324850.0,50.030522326665825
56.29,-214422.1018284603,19444540.0,50.029123612519875
56.3,-116248.1477213768,19555620.0,50.027688233086344
56.31,-34504.75498200988,19653950.0,50.026269313645955
56.32,27760.951252965024,19735840.0,50.024919299094925
56.33,68237.66754790093,19798270.0,50.02368800508965
56.34,85432.70366912195,19838900.0,50.02262078755012
56.35,78721.67750560085,19856260.0,50.02175690138551
56.36,48364.39925494278,19849720.0,50.02112810224537
56.37,-4504.162473800941,19819530.0,50.02075742863658
56.38,-77909.20908454899,19766840.0,50.02065826648382
56.39,-169105.70858380245,19693610.0,50.02083383211712
56.4,-274683.26800228853,19602590.0,50.021277097665596
56.41,-390700.64414530364,19497200.0,50.02197113196074
56.42,-512841.57742814894,19381360.0,50.02288981802875
56.43,-636583.0912040267,19259410.0,50.02399889979804
56.44,-757372.9030740741,19135860.0,50.02525736916637
56.45,-870808.062140122,19015260.0,50.02661911234204
56.46,-972800.3558336233,18902030.0,50.02803465954663
56.47,-1059717.5796523239,18800230.0,50.02945293821362
56.48,-1128498.5910793678,18713520.0,50.03082300941231
56.49,-1176742.9987975024,18644940.0,50.03209575884496
56.5,-1202776.8446976757,18596910.0,50.03322550877329
56.51,-1205695.2743509207,18571080.0,50.03417151399563
56.52,-1185382.8742449614,18568370.0,50.03489930599079
56.53,-1142517.6324596987,18588900.0,50.03538192175034
56.54,-1078561.560310842,18631980.0,50.03560100045693
56.55,-995730.9563419075,18696160.0,50.035547621992215
56.56,-896938.6278970563,18779210.0,50.0352227929911
56.57,-785706.859854561,18878220.0,50.03463756187028
56.58,-666052.9838441625,18989680.0,50.03381275068025
56.59,-542351.08037372,19109550.0,50.03277830242121
56.6,-419172.3337394594,19233480.0,50.0315722280536
56.61,-301104.0522931546,19356890.0,50.03023911543529
56.62,-192560.35579337116,19475190.0,50.02882834386955
56.63,-97602.36234559247,19583960.0,50.027392166546356
56.64,-19777.913420879864,19679150.0,50.02598372701361
56.65,38013.98615676386,19757210.0,50.02465506775222
56.66,73630.3784115751,19815240.0,50.02345520041593
56.67,85760.29810468177,19851090.0,50.02242830981978
56.68,73967.22397044278,19863460.0,50.02161216126547
56.69,38699.21693403856,19851910.0,50.02103674167031
56.7,-18725.53953239409,19816880.0,50.02072309375688
56.71,-96161.10241033556,19759700.0,50.0206824634571
56.72,-190711.08255526097,19682510.0,50.02091587705893
56.73,-298840.3385313363,19588200.0,50.02141415709066
56.74,-416514.66678018443,19480320.0,50.02215834650566
56.75,-539359.9258570905,19362900.0,50.02312049981508
56.76,-662832.063163322,19240300.0,50.024264795945264
56.77,-782395.9624831578,19117080.0,50.02554899608555
56.78,-893702.6939589408,18997760.0,50.02692612580102
56.79,-992750.2841420756,18886710.0,50.02834622824723
56.8,-1076019.428806316,18787920.0,50.029758115774335
56.81,-1140583.0358851913,18704900.0,50.031111099205816
56.82,-1184190.6830278311,18640590.0,50.032356664752506
56.83,-1205329.336006551,18597240.0,50.03345006443729
56.84,-1203261.2344661434,18576360.0,50.0343517828568
56.85,-1178039.7849251414,18578680.0,50.03502884755843
56.86,-1130511.030026137,18604160.0,50.035456040421266
56.87,-1062300.9413880236,18651940.0,50.0356169524349
56.88,-975780.0654597888,18720410.0,50.03550475002921
56.89,-873999.4577624454,18807190.0,50.03512258343026
56.9,-760597.5528251597,18909230.0,50.03448362058387
56.91,-639680.2814289414,19022890.0,50.03361069672842
56.92,-515678.25982598437,19144060.0,50.03253558108973
56.93,-393181.96545645036,19268320.0,50.03129782451302
56.94,-276757.7212329494,19391070.0,50.029943193809935
56.95,-170759.1560626077,19507750.0,50.028521847504656
56.96,-79150.9972556876,19614010.0,50.02708640047828
56.97,-5353.6762382828165,19705870.0,50.02568993293459
56.98,47886.49579024641,19779920.0,50.02438400597542
56.99,78598.13687060645,19833420.0,50.02321675403195
57.0,85653.80028739589,19864380.0,50.02223112621714
57.01,68805.11792343104,19871690.0,50.02146334505292
57.02,28687.485470684886,19855090.0,50.02094158532755
57.03,-33199.936960443505,19815230.0,50.020684865205446
57.04,-114543.62640400499,19753600.0,50.02070227795099
57.05,-212300.6829915659,19672500.0,50.020992664574415
57.06,-322817.1103699886,19575000.0,50.021544719183744
57.07,-441972.3823204452,19464730.0,50.02233749506472
57.08,-565341.5372468625,19345830.0,50.02334126764718
57.09,-688366.8810818244,19222710.0,50.02451871471717
57.1,-806537.6984668379,19099930.0,50.02582643806199
57.11,-915565.682327413,18982010.0,50.02721667787839
57.12,-1011540.8063671391,18873230.0,50.028639066872124
57.13,-1091061.3972734206,18777500.0,50.030042378685394
57.14,-1151338.1624336953,18698230.0,50.031376248514746
57.15,-1190273.4387348155,18638190.0,50.03259283443645
57.16,-1206516.9425534145,18599500.0,50.033648384438735
57.17,-1199498.8161791032,18583500.0,50.03450467163047
57.18,-1169441.2872226308,18590760.0,50.03513027216875
57.19,-1117357.6667619958,18621060.0,50.03550175710879
57.2,-1045035.9514626258,18673380.0,50.03560469931369
57.21,-954997.7450260455,18745940.0,50.03543436633295
57.22,-850427.8937276728,18836210.0,50.03499604961369
57.23,-735075.3546799723,18941020.0,50.0343050168435
57.24,-613128.0182169821,19056600.0,50.0333860792213
57.25,-489065.4249963305,19178780.0,50.03227277601619
57.26,-367488.96961009013,19303070.0,50.031006124156974
57.27,-252935.44381660223,19424870.0,50.029632983871565
57.28,-149689.96487486974,19539650.0,50.02820420182965
57.29,-61613.68988489767,19643120.0,50.02677265991642
57.3,8006.449404950137,19731420.0,50.02539128011642
57.31,56581.667185592465,19801250.0,50.02411105015291
57.32,82315.57229008072,19850050.0,50.022979141655824
57.33,84266.09715852444,19876000.0,50.02203719235225
57.34,62373.41351134895,19878160.0,50.02131981709951
57.35,17459.348810246913,19856480.0,50.020853324901125
57.36,-48798.230760728125,19811780.0,50.020654670888845
57.37,-133922.13622119656,19745730.0,50.0207307775942
57.38,-234728.37330483546,19660810.0,50.02107830230577
57.39,-347450.716245686,19560210.0,50.0216838309219
57.4,-467889.75793689466,19447690.0,50.022524463887876
57.41,-591577.5575930428,19327450.0,50.02356874845365
57.42,-713951.7727147462,19203960.0,50.02477793822291
57.43,-830535.3538424514,19081780.0,50.02610756477392
57.44,-937108.602183178,18965400.0,50.027509168664366
57.45,-1029859.7377196096,18859020.0,50.02893205439061
57.46,-1105509.4483735403,18766460.0,50.03032503603134
57.47,-1161409.605110443,18691000.0,50.03163814834915
57.48,-1195617.4740877922,18635280.0,50.0328242912898
57.49,-1206946.648892973,18601260.0,50.03384077263053
57.5,-1194995.338808809,18590120.0,50.03465071018353
57.51,-1160155.0770817997,18602250.0,50.035224291883765
57.52,-1103606.642697005,18637270.0,50.035539934391814
57.53,-1027298.8670032378,18693990.0,50.03558523052449
57.54,-933901.4164391339,18770470.0,50.03535756674602
57.55,-826728.2447799842,18864040.0,50.03486437405361
57.56,-709632.7080383026,18971390.0,50.03412299888611
57.57,-586877.388998752,19088650.0,50.03316018869172
57.58,-462982.50764489477,19211570.0,50.03201119356269
57.59,-342551.4428290265,19335620.0,50.030718419593526
57.6,-230082.47898551024,19456210.0,50.02932973208135
57.61,-129784.00137318147,19568840.0,50.027896573603634
57.62,-45406.435857446166,19669290.0,50.02647199855071
57.63,19902.727827321272,19753820.0,50.02510867663275
57.64,63716.776625266066,19819280.0,50.02385693240954
57.65,84417.34507369809,19863240.0,50.02276289237211
57.66,81249.18975721975,19884080.0,50.021866811022065
57.67,54341.01874168962,19881060.0,50.021201634659796
57.68,4699.899376797664,19854290.0,50.020791756253736
57.69,-65820.11649519717,19804790.0,50.020652033246705
57.7,-154582.34881884855,19734400.0,50.020787203859484
57.71,-258267.35950754944,19645770.0,50.02119174763065
57.72,-373003.4705277655,19542220.0,50.02185016622007
57.73,-494519.9273585506,19427610.0,50.02273764759495
57.74,-618313.7089447039,19306220.0,50.023821065159005
57.75,-739825.6196596834,19182550.0,50.025060312648904
57.76,-854619.5944725156,19061160.0,50.0264099226136
57.77,-958551.1357010517,18946490.0,50.027820811437294
57.78,-1047912.42598747,18842670.0,50.02924203286393
57.79,-1119551.255214023,18753430.0,50.03062251854745
57.8,-1170964.3774014264,18681900.0,50.0319127776681
57.81,-1200366.6822023527,18630600.0,50.03306652289889
57.82,-1206737.2523358474,18601300.0,50.034042186136304
57.83,-1189842.8846964443,18595040.0,50.03480428602817
57.84,-1150243.9232136938,18612030.0,50.03532466946153
57.85,-1089287.1537581915,18651730.0,50.0355836355797
57.86,-1009079.8206058284,18712790.0,50.03557082210022
57.87,-912436.2070300143,18793090.0,50.035285745184765
57.88,-802794.8631320434,18889820.0,50.03473797035197
57.89,-684108.0359225755,18999550.0,50.03394690159696
57.9,-560706.6369439655,19118320.0,50.032941185448024
57.91,-437144.3634209504,19241810.0,50.03175772818312
57.92,-318019.00968197803,19365450.0,50.03044025802396
57.93,-207782.83300549368,19484650.0,50.02903756874042
57.94,-110560.41907526704,19594960.0,50.027601616308225
57.95,-29985.180326718604,19692260.0,50.026185542636625
57.96,30940.046753308387,19772900.0,50.024841681368414
57.97,69954.56004259957,19833890.0,50.02361961453412
57.98,85620.48781170393,19872970.0,50.02256435238538
57.99,77370.29822576116,19888690.0,50.0217147063395
58.0,45520.76629263151,19880500.0,50.0211019047015
58.01,-8737.568621961575,19848700.0,50.02074838793183
58.02,-83377.8027807576,19794490.0,50.02066689801341
58.03,-175608.5512793432,19719900.0,50.0208599893114
58.04,-281980.9135483505,19627720.0,50.02131998161664
58.05,-398524.614673754,19521390.0,50.02202932663021
58.06,-520904.9040411341,19404880.0,50.022961348133975
58.07,-644591.447923699,19282540.0,50.024081309217905
58.08,-765036.226352497,19158890.0,50.025347821124235
58.09,-877851.7847857709,19038470.0,50.02671450073569
58.1,-978975.2661805097,18925690.0,50.02813172172199
58.11,-1064808.00829129,18824590.0,50.029548367457565
58.12,-1132328.944019439,18738780.0,50.03091356565197
58.13,-1179182.7062462606,18671280.0,50.03217837524505
58.14,-1203743.8031351916,18624440.0,50.033297392008144
58.15,-1205157.8555914704,18599900.0,50.03423023611525
58.16,-1183360.5774748106,18598490.0,50.03494288607067
58.17,-1139080.9684027205,18620300.0,50.03540890234791
58.18,-1073830.92344926,18664580.0,50.03561051157494
58.19,-989873.7957319429,18729840.0,50.03553942336787
58.2,-890164.7157398829,18813790.0,50.035197293037356
58.21,-778261.7113407924,18913490.0,50.03459581217832
58.22,-658209.615573775,19025390.0,50.03375641562644
58.23,-534400.3895697524,19145430.0,50.03270960437376
58.24,-411411.8672606013,19269220.0,50.031493862106736
58.25,-293825.80914820085,19392190.0,50.03015414118548
58.26,-186038.79190981755,19509760.0,50.028740065217804
58.27,-92083.4488012559,19617520.0,50.02730400567662
58.28,-15469.638572396012,19711440.0,50.02589909569364
58.29,40949.40876624663,19788030.0,50.024577240316624
58.3,75082.39452731016,19844410.0,50.02338719297911
58.31,85673.81506848236,19878500.0,50.02237277041753
58.32,72344.19722007634,19889050.0,50.02157127538661
58.33,35598.57201760821,19875680.0,50.02101214907421
58.34,-23189.66576600942,19838890.0,50.02071582224148
58.35,-101823.26702370611,19780050.0,50.02069288809108
58.36,-197360.79763314672,19701360.0,50.02094370846417
58.37,-306230.3586032757,19605760.0,50.021458456911006
58.38,-424370.7812037182,19496830.0,50.02221756778511
58.39,-547391.6847074851,19378630.0,50.02319254938027
58.4,-670743.9679927508,19255540.0,50.024347116472015
58.41,-789899.0197346425,19132120.0,50.0256386689493
58.42,-900525.499147391,19012900.0,50.02701998436234
58.43,-998648.6636561697,18902190.0,50.028440971752765
58.44,-1080784.3741053753,18803990.0,50.02985042238988
58.45,-1144046.970611021,18721780.0,50.031197736746904
58.46,-1186232.1526272786,18658430.0,50.03243459695449
58.47,-1205876.1755959122,18616160.0,50.03351655018672
58.48,-1202292.2695181847,18596420.0,50.03440446616136
58.49,-1175585.1926919196,18599910.0,50.03506583717654
58.5,-1126651.952112874,18626520.0,50.03547598397594
58.51,-1057168.089080497,18675360.0,50.03561909757105
58.52,-969550.5859828871,18744740.0,50.035488982981214
58.53,-866891.8644500319,18832250.0,50.035089443546156
58.54,-752864.8142226876,18934800.0,50.03443429019332
58.55,-631601.2587852409,19048710.0,50.03354696574676
58.56,-507547.7916598109,19169860.0,50.03245978708877
58.57,-385299.4197826261,19293790.0,50.03121276282783
58.58,-269414.69029245846,19415910.0,50.02985200547716
58.59,-164227.43974435685,19531670.0,50.02842789575299
58.6,-73671.74497151165,19636730.0,50.02699314241581
58.61,-1128.081891319598,19727150.0,50.02560078970711
58.62,50704.711250640685,19799560.0,50.02430223554589
58.63,79908.2578627792,19851250.0,50.02314533132728
58.64,85411.49642679287,19880320.0,50.02217263537765
58.65,67023.5682261177,19885670.0,50.02141988797373
58.66,25436.85201270331,19867140.0,50.02091470188539
58.67,-37794.70190102217,19825400.0,50.020675471050524
58.68,-120307.11135388742,19762020.0,50.02071062840552
58.69,-219013.66974058963,19679350.0,50.02101834781653
58.7,-330225.2067551387,19580480.0,50.02158667675541
58.71,-449796.0892609885,19469110.0,50.02239406707014
58.72,-573287.1570725973,19349370.0,50.02341025945177
58.73,-696138.2365897386,19225720.0,50.02459748843188
58.74,-813847.9040695033,19102700.0,50.02591201976877
58.75,-922147.9280449243,18984820.0,50.027305870365446
58.76,-1017157.5425733753,18876340.0,50.02872856292457
58.77,-1095511.84903151,18781160.0,50.03012887389775
58.78,-1154464.2275449988,18702620.0,50.03145655147644
58.79,-1191964.0611600168,18643490.0,50.032663972203984
58.8,-1206711.008601055,18605810.0,50.03370770070814
58.81,-1198186.5936455177,18590870.0,50.034549915081925
58.82,-1166664.956367034,18599210.0,50.03515967954794
58.83,-1113210.8956535994,18630540.0,50.03551412621583
58.84,-1039661.9978852344,18683800.0,50.03559944399258
58.85,-948585.668947625,18757150.0,50.03541154847009
58.86,-843206.8810977302,18848030.0,50.03495638743236
58.87,-727307.2629759338,18953200.0,50.034249868196625
58.88,-605098.3685459077,19068900.0,50.03331739978938
58.89,-481073.04689903,19190900.0,50.03219305195681
58.9,-359834.1703129744,19314720.0,50.03091827493543
58.91,-245907.58291799808,19435750.0,50.029540245586276
58.92,-143555.67171993962,19549460.0,50.02811000232722
58.93,-56606.33733032562,19651590.0,50.02668048914697
58.94,11695.691095331684,19738320.0,50.02530455952164
58.95,58810.94093622174,19806410.0,50.02403300588236
58.96,82997.42114145204,19853300.0,50.02291268618158
58.97,83370.36497008451,19877260.0,50.02198481923274
58.98,59927.97093139344,19877410.0,50.021283511651504
58.99,13549.274576501979,19853740.0,50.02083448626775
59.0,-54033.26141538931,19807130.0,50.020654054311386
59.01,-140292.83016264677,19739310.0,50.02074846576462
59.02,-242003.07968367392,19652820.0,50.021113705332844
59.03,-355364.5504608329,19550880.0,50.02173571321865
59.04,-476155.03240067745,19437280.0,50.022590995370074
59.05,-599894.9193648035,19316250.0,50.02364757659219
59.06,-722021.9817576462,19192270.0,50.024866283574646
59.07,-838070.981795272,19069900.0,50.02620233134082
59.08,-943844.6510498924,18953610.0,50.02760705894378
59.09,-1035562.5978864311,18847600.0,50.02902968423296
59.1,-1109984.1345520378,18755630.0,50.03041904815561
59.11,-1164505.3608053294,18680970.0,50.031725322724405
59.12,-1197231.835842539,18626200.0,50.03290165010335
59.13,-1207027.9992111702,18593220.0,50.03390567701796
59.14,-1193544.0117740082,18583180.0,50.034700946817004
59.15,-1157223.5838098829,18596410.0,50.03525815403801
59.16,-1099298.9530141428,18632480.0,50.03555629242425
59.17,-1021768.2205490749,18690150.0,50.03558358386678
59.18,-927346.2182165328,18767430.0,50.035338072109646
59.19,-819386.0233891113,18861600.0,50.03482784896681
59.2,-701772.3075018998,18969300.0,50.03407090009856
59.21,-578789.6444682655,19086660.0,50.033094565417294
59.22,-454969.6129432855,19209380.0,50.031934615078896
59.23,-334914.9216561695,19332940.0,50.03063387351566
59.24,-223110.65475568688,19452740.0,50.02924050374419
59.25,-123740.22593210917,19564280.0,50.02780611822867
59.26,-40518.691209883895,19663390.0,50.02638380973027
59.27,23450.53265285166,19746350.0,50.025026155080575
59.28,65791.59179734567,19810050.0,50.023783259524116
59.29,84941.65474173543,19852130.0,50.02270091354498
59.3,80203.44722862996,19871020.0,50.02181893308488
59.31,51763.89869216597,19866020.0,50.02116973987789
59.32,687.0099911759607,19837310.0,50.02077712839947
59.33,-71119.28815568052,19785970.0,50.020655304310246
59.34,-160969.8239830389,19713900.0,50.02080833020275
59.35,-265504.30392031826,19623780.0,50.02123001510452
59.36,-380819.62117657426,19518980.0,50.02190422193941
59.37,-502624.2230702982,19403400.0,50.022805555447015
59.38,-626405.6010690321,19281340.0,50.02390038253915
59.39,-747606.9713178518,19157290.0,50.025148190285826
59.4,-861806.3335752238,19035820.0,50.02650321739052
59.41,-964883.6564199806,18921360.0,50.027916202318735
59.42,-1053164.300589452,18818020.0,50.02933613664043
59.43,-1123536.226444319,18729480.0,50.03071200390444
59.44,-1173541.7150353356,18658850.0,50.031994475563124
59.45,-1201444.970430979,18608580.0,50.03313753069574
59.46,-1206276.6801414907,18580410.0,50.03409996332646
59.47,-1187856.0845702821,18575320.0,50.03484673921857
59.48,-1146795.9328616497,18593480.0,50.03535023145065
59.49,-1084494.4203936656,18634280.0,50.035591333224914
59.5,-1003107.6046798339,18696330.0,50.03556032365148
59.51,-905494.0341630846,18777450.0,50.03525738339349
59.52,-795130.0621356189,18874810.0,50.034692740732325
59.53,-675997.5202997705,18984920.0,50.033886434964124
59.54,-552447.2007368519,19103790.0,50.032867695076
59.55,-429041.26927476993,19227090.0,50.031673925512735
59.56,-310373.50218618196,19350240.0,50.03034924410527
59.57,-200879.75901537598,19468650.0,50.02894271245475
59.58,-104656.86046164145,19577890.0,50.02750642602128
59.59,-25300.49921250483,19673860.0,50.026093534239926
59.6,34232.458703066804,19752970.0,50.024756247380644
59.61,71733.61771348724,19812250.0,50.02354389879731
59.62,85821.64427733945,19849500.0,50.02250113525072
59.63,75987.51820919052,19863340.0,50.02166630504448
59.64,42606.783927217184,19853260.0,50.02107008494422
59.65,-13072.754952129268,19819640.0,50.02073429276116
59.66,-88970.65837182,19763720.0,50.02067100247039
59.67,-182248.170445922,19687580.0,50.02088208463684
59.68,-289417.32781814225,19594060.0,50.021359187726354
59.69,-406478.7143772666,19486660.0,50.02208413048679
59.7,-529079.3798650567,19369360.0,50.0230296650374
59.71,-652682.2654547417,19246530.0,50.02416056469578
59.72,-772744.5569103169,19122690.0,50.025435055035274
59.73,-884895.5258334819,19002400.0,50.02680648279024
59.74,-985099.1126253472,18890020.0,50.02822506799684
59.75,-1069791.7966143358,18789600.0,50.02963965654858
59.76,-1135994.287369305,18704680.0,50.03099945274619
59.77,-1181398.0092138173,18638260.0,50.032255701962534
59.78,-1204427.7256008033,18592640.0,50.03336328952501
59.79,-1204281.2734230533,18569390.0,50.034282219121884
59.8,-1180947.1687079687,18569330.0,50.034978936456696
59.81,-1135207.016379194,18592450.0,50.035427547377445
59.82,-1068624.0743836435,18637980.0,50.035610888987016
59.83,-983510.0507586137,18704360.0,50.035521323873844
59.84,-882863.4551501963,18789270.0,50.03516117858402
59.85,-770278.8130581138,18889720.0,50.034542808911496
59.86,-649828.8575035278,19002100.0,50.033688281009745
59.87,-525923.4219883208,19122360.0,50.03262866892902
59.88,-403146.5573529575,19246070.0,50.031402940052374
59.89,-286073.634177694,19368650.0,50.03005641773913
59.9,-179082.45466079417,19485540.0,50.028638971495184
59.91,-86175.61378816469,19592340.0,50.02720308797789
59.92,-10823.193005390582,19685070.0,50.02580188238973
59.93,44169.314268296584,19760240.0,50.02448711068589
59.94,76764.31160531251,19815050.0,50.02330725286128
59.95,85763.7822927658,19847470.0,50.0223057396359
59.96,70847.2241764181,19856300.0,50.021519391310754
59.97,32578.427115299157,19841220.0,50.020977081740185
59.98,-27612.412094753236,19802780.0,50.020698607414275
59.99,-107475.41684388631,19742430.0,50.0206938868095
60.0,-204023.09765283234,19662410.0,50.020962596333575
60.01,-313646.1544172892,19565710.0,50.021494241658935
60.02,-432256.2113623005,19455940.0,50.022268632529766
60.03,-555446.8114388789,19337180.0,50.02325671843562
60.04,-678664.3453708512,19213850.0,50.0244217411143
60.05,-797387.6154388607,19090490.0,50.02572073456746
60.06,-907304.0973538015,18971630.0,50.027106227989535
60.07,-1004467.7644141172,18861580.0,50.02852800011504
60.08,-1085431.3327783118,18764290.0,50.029934829044656
60.09,-1147352.372785071,18683210.0,50.03127621615246
60.1,-1188074.5175218787,18621160.0,50.03250405341787
60.11,-1206185.1015449828,18580330.0,50.03357419968748
60.12,-1201050.0621172776,18562100.0,50.03444792829927
60.13,-1172827.085441632,18567130.0,50.03509321592673
60.14,-1122465.5525281904,18595250.0,50.03548594261492
60.15,-1051691.7696976024,18645510.0,50.035610919801
60.16,-962970.0993217783,18716190.0,50.0354626108107
60.17,-859434.9842771345,18804820.0,50.03504549036361
60.18,-744794.0703760128,18908270.0,50.03437402802403
60.19,-623204.9963553132,19022830.0,50.03347228667319
60.2,-499129.8428052095,19144340.0,50.0323731392045
60.21,-377167.2305277589,19268340.0,50.031117055596155
60.22,-261866.64163993346,19390230.0,50.02975049301698
60.23,-157540.56778196886,19505460.0,50.028324049308935
60.24,-68090.68750346161,19609720.0,50.026890518016145
60.25,3144.3522212030366,19699120.0,50.02550289463866
60.26,53515.09914928931,19770300.0,50.024212398123126
60.27,81158.06529856264,19820620.0,50.02306657854504
60.28,85060.35197993962,19848220.0,50.02210758346126
60.29,65090.23508055846,19852080.0,50.02137064972424
60.3,21998.530996497604,19832070.0,50.02088280605742
60.31,-42604.80192775425,19788950.0,50.02066180042031
60.32,-126304.45567702304,19724320.0,50.02071538554645
60.33,-225969.44818299462,19640600.0,50.02104105080982
60.34,-337875.3653141852,19540920.0,50.021626182676904
60.35,-457851.7790437834,19429010.0,50.022448620596485
60.36,-581445.9944112399,19309020.0,50.02347756326447
60.37,-704096.3221067438,19185430.0,50.024674798418125
60.38,-821311.8492341919,19062780.0,50.0259962560743
60.39,-928845.8255388755,18945580.0,50.027393733626056
60.4,-1022848.2764030002,18838060.0,50.02881665082584
60.41,-1099992.6603829814,18744070.0,50.03021379671516
60.42,-1157576.6106490237,18666950.0,50.03153504464877
60.43,-1193598.0793358944,18609400.0,50.0327330036458
60.44,-1206808.0938361236,18573410.0,50.03376457040457
60.45,-1196740.8556394055,18560240.0,50.03459234437231
60.46,-1163723.5451274435,18570350.0,50.03518589452975
60.47,-1108873.4063558017,18603420.0,50.03552293087866
60.48,-1034078.3824157289,18658330.0,50.035590274772765
60.49,-941952.2206392172,18733180.0,50.035384505079506
60.5,-835760.2763901472,18825370.0,50.03491223906932
60.51,-719316.8180144536,18931630.0,50.03419003446963
60.52,-596856.7421858313,19048140.0,50.033243906113434
60.53,-472885.5935602936,19170680.0,50.03210845891552
60.54,-352006.8350990695,19294740.0,50.03082557763494
60.55,-238734.22563176265,19415700.0,50.02944275332558
60.56,-137306.10809109698,19529060.0,50.02801121056524
60.57,-51515.71069024212,19630590.0,50.0265839470862
60.58,15435.883695266792,19716480.0,50.025213737232775
60.59,61059.92537596729,19783530.0,50.02395116572684
60.6,83670.12242500018,19829270.0,50.02284276345759
60.61,82440.14186826575,19851990.0,50.02192931656151
60.62,57427.13575454644,19850880.0,50.02124440985346
60.63,9568.04759506334,19825990.0,50.02081316709622
60.64,-59349.59749914217,19778260.0,50.02065124379062
60.65,-146749.16410649323,19709480.0,50.02076420725869
60.66,-249362.0093887812,19622210.0,50.02114736183616
60.67,-363355.778075189,19519740.0,50.02178599682169
60.68,-484486.033511483,19405900.0,50.0226560210667
60.69,-608262.2838436057,19284920.0,50.023724937004076
60.7,-730123.3615556255,19161300.0,50.02495314717778
60.71,-845616.9001380729,19039600.0,50.02629555514465
60.72,-950569.173071564,18924270.0,50.027703305515516
60.73,-1041232.299443457,18819490.0,50.029125538308705
60.74,-1114405.3115868953,18729000.0,50.03051113157828
60.75,-1167529.5480085677,18656000.0,50.031810405560485
60.76,-1198759.7431044416,18603060.0,50.032976755898616
60.77,-1207011.9412214586,18572020.0,50.03396817982054
60.78,-1191988.8389968195,18563960.0,50.03474865712533
60.79,-1154186.7114412284,18579180.0,50.035289398884
60.8,-1094889.455823932,18617180.0,50.035569984760585
60.81,-1016144.4373691315,18676680.0,50.03557927284675
60.82,-920711.42533759,18755630.0,50.03531596914459
60.83,-811982.1882769668,18851270.0,50.034788829073825
60.84,-693872.0850583027,18960210.0,50.03401647783705
60.85,-570686.8633022334,19078540.0,50.03302684541776
60.86,-446968.490252811,19201940.0,50.03185621711287
60.87,-327317.92269068595,19325880.0,50.03054782839491
60.88,-216205.9164017758,19445760.0,50.02915013084902
60.89,-117789.80439377832,19557100.0,50.02771489632821
60.9,-35748.23526736337,19655750.0,50.0262952445687
60.91,26860.361594579183,19738020.0,50.02494364781372
60.92,67711.72900668485,19800870.0,50.023709980659156
60.93,85299.10269897722,19841970.0,50.02263968704267
60.94,78983.48925434396,19859800.0,50.021772135053446
60.95,49010.10800306668,19853730.0,50.02113921438532
60.96,-3500.2804681526613,19824010.0,50.020764115648255
60.97,-76586.26278462663,19771750.0,50.020660389580975
60.98,-167514.78528982727,19698920.0,50.02083142256644
60.99,-272885.4733299746,19608250.0,50.02127035481996
61.0,-388764.70208079723,19503150.0,50.02196041461111
61.01,-510841.13544193667,19387530.0,50.0228756298072
61.02,-634593.8606796534,19265720.0,50.02398186926936
61.03,-755469.6472376208,19142240.0,50.02523822401873
61.04,-869061.665703236,19021640.0,50.026598650576226
61.05,-971275.2542609838,18908320.0,50.02801372038487
61.06,-1058469.6240769296,18806390.0,50.02943237305827
61.07,-1127573.3488737429,18719480.0,50.03080365332042
61.08,-1176174.4617061056,18650660.0,50.03207840297318
61.09,-1202586.5191941226,18602340.0,50.03321087435025
61.1,-1205891.653780332,18576210.0,50.03416022861455
61.11,-1185961.2618649998,18573200.0,50.03489188247142
61.12,-1143460.1706941817,18593420.0,50.035378738427596
61.13,-1079837.5236296318,18636210.0,50.0356022846844
61.14,-997297.4724016758,18700130.0,50.035553439090286
61.15,-898741.8924984487,18782970.0,50.03523304129883
61.16,-787683.8293674571,18881820.0,50.034651974085456
61.17,-668133.4828080263,18993180.0,50.03383090143897
61.18,-544460.272359942,19113030.0,50.03279962230803
61.19,-421233.60545725236,19237000.0,50.03159602539298
61.2,-303042.14034096303,19360530.0,50.030264603911235
61.21,-194304.43992026924,19479020.0,50.02885467348235
61.22,-99088.8950613946,19588060.0,50.02741845608446
61.23,-20953.0753618296,19683580.0,50.02600909716941
61.24,37192.25889765553,19762020.0,50.02467867398013
61.25,73190.86613788852,19820470.0,50.0234762640636
61.26,85717.5155792128,19856780.0,50.02244614637748
61.27,74320.99184708926,19869610.0,50.02162620493114
61.28,39434.65138415969,19858520.0,50.0210465670878
61.29,-17637.58381406084,19823940.0,50.020728433120176
61.3,-94763.0410635019,19767180.0,50.02068321723308
61.31,-189057.0125093872,19690360.0,50.020912117339854
61.32,-296993.90421595355,19596380.0,50.02140612363849
61.33,-414546.53980522574,19488750.0,50.02214643650652
61.34,-537345.0488137819,19371510.0,50.02310525201721
61.35,-660846.7649646315,19249020.0,50.02424686959648
61.36,-780514.9654118466,19125830.0,50.02552914436077
61.37,-891996.2470808092,19006470.0,50.026905166655254
61.38,-991281.6624447905,18895300.0,50.02832501498553
61.39,-1074842.857792615,18796330.0,50.02973750765724
61.4,-1139742.0625456558,18713080.0,50.03109193288754
61.41,-1183716.9743186655,18648490.0,50.032339727031605
61.42,-1205241.8552997126,18604820.0,50.0334360665441
61.43,-1203565.785917366,18583610.0,50.034341337056965
61.44,-1178728.9229058842,18585590.0,50.03502244670264
61.45,-1131564.1604860597,18610740.0,50.035454038808346
61.46,-1063684.6838462404,18658210.0,50.03561955003669
61.47,-977449.0540178835,18726400.0,50.035511982419266
61.48,-875897.6278999257,18812940.0,50.0351343177758
61.49,-762659.9077278367,18914790.0,50.034499558093785
61.5,-641835.0923971063,19028330.0,50.03363038167422
61.51,-517849.61884035385,19149460.0,50.03255841614496
61.52,-395292.72409589717,19273740.0,50.03132309368618
61.53,-278732.65867846,19396600.0,50.02997009122371
61.54,-172528.06554585422,19513450.0,50.028549508991546
61.55,-80651.47644490597,19619950.0,50.02711393646966
61.56,-6533.543930683169,19712120.0,50.02571646206684
61.57,47067.251325623714,19786530.0,50.024408687822174
61.58,78165.93312936567,19840420.0,50.02323881984334
61.59,85620.57859234762,19871800.0,50.02224990675632
61.6,69168.0306576066,19879540.0,50.02147829435081
61.61,29429.006916460232,19863380.0,50.020952301426966
61.62,-32111.457032954204,19823920.0,50.0206911062393
61.63,-113152.86103859032,19762660.0,50.020703971614964
61.64,-210663.63662408802,19681890.0,50.020989910170066
61.65,-320998.91894998826,19584660.0,50.021537782635846
61.66,-440044.73347939795,19474600.0,50.022326797469155
61.67,-563379.8599640975,19355820.0,50.0233273681719
61.68,-686447.3287695224,19232760.0,50.02450228721109
61.69,-804734.1061138241,19109960.0,50.025808243432834
61.7,-913946.7669047872,18991940.0,50.0271975349497
61.71,-1010167.7888901456,18882990.0,50.02861982323801
61.72,-1089986.072440012,18787030.0,50.030023881840634
61.73,-1150601.377695586,18707470.0,50.03135931749026
61.74,-1189903.9603477302,18647110.0,50.03257823260494
61.75,-1206530.6971396487,18608060.0,50.03363679414997
61.76,-1199898.5183420265,18591680.0,50.03449667152139
61.77,-1170216.334339037,18598560.0,50.03512631619931
61.78,-1118484.2657331221,18628480.0,50.03550215589715
61.79,-1046477.605407222,18680460.0,50.035609605951294
61.8,-956706.1992995294,18752700.0,50.03544376786078
61.81,-852344.5891049486,18842700.0,50.035009764958026
61.82,-737133.3376592392,18947300.0,50.03432270105955
61.83,-615254.2373312849,19062730.0,50.03340723400588
61.84,-491183.37560169795,19184840.0,50.03229676685248
61.85,-369521.71845720435,19309130.0,50.03103220509389
61.86,-254808.80157949182,19431000.0,50.02966032722711
61.87,-151335.5047135183,19545930.0,50.02823193014396
61.88,-62971.45642907231,19649610.0,50.02679987923201
61.89,6985.6513004871085,19738180.0,50.025417113268865
61.9,55934.44441329164,19808340.0,50.02413466927877
61.91,82064.63636509923,19857480.0,50.02299979848217
61.92,84419.51976604958,19883800.0,50.022054245105274
61.93,62924.42454164568,19886350.0,50.02133275354392
61.94,18386.53865060117,19865040.0,50.02086178230351
61.95,-47530.25233958772,19820680.0,50.020658450895574
61.96,-132361.48147705692,19754940.0,50.02072985374946
61.97,-232934.03416853884,19670290.0,50.021072820240875
61.98,-345490.2342792647,19569890.0,50.02167410153984
61.99,-465836.5577134368,19457500.0,50.022510950357045
62.0,-589508.1041997527,19337310.0,50.023552047942275
62.01,-711942.5538347977,19213800.0,50.02475875746024
62.02,-828659.8796470214,19091520.0,50.0260866918325
62.03,-935434.6813904091,18974950.0,50.02748744353821
62.04,-1028447.1807529959,18868330.0,50.02891033963757
62.05,-1104408.2148961546,18775460.0,50.030304187786626
62.06,-1160658.3691482586,18699630.0,50.031618988119966
62.07,-1195242.602068144,18643520.0,50.032807579374364
62.08,-1206961.54284159,18609060.0,50.03382718329894
62.09,-1195400.1562707787,18597470.0,50.03464080963702
62.1,-1160936.6960798758,18609150.0,50.03521851785288
62.11,-1104738.8565757815,18643730.0,50.03553857822715
62.12,-1028742.9538893625,18700040.0,50.03558842406963
62.13,-935607.1781779958,18776150.0,50.03536527504959
62.14,-828635.5355517389,18869390.0,50.03487639439644
62.15,-711673.4127163265,18976450.0,50.03413896620932
62.16,-588977.7892360628,19093510.0,50.0331795874378
62.17,-465065.9778402683,19216290.0,50.032033375982586
62.18,-344541.49325349426,19340290.0,50.03074263141129
62.19,-231905.93239184166,19460890.0,50.02935514305711
62.2,-131373.97623073374,19573600.0,50.027922309881546
62.21,-46704.97618323774,19674200.0,50.02649717587795
62.22,18942.443505216623,19758940.0,50.025132433643236
62.23,63128.72436607652,19824640.0,50.02387846249354
62.24,84221.47696945572,19868880.0,50.02278147316045
62.25,81450.80116489524,19890030.0,50.02188183054685
62.26,54930.68286664889,19887300.0,50.02121261305682
62.27,5653.797345341009,19860820.0,50.020798364411625
62.28,-64539.43685591733,19811580.0,50.02065410649366
62.29,-153024.6198999798,19741420.0,50.020784748076665
62.3,-256492.67294948426,19652960.0,50.021184938089
62.31,-371079.9011798704,19549510.0,50.02183933965614
62.32,-492520.8386562588,19434940.0,50.022723288124794
62.33,-616314.9163156225,19313520.0,50.02380378526951
62.34,-737902.4090007247,19189730.0,50.02504082828519
62.35,-852843.7680460197,19068150.0,50.02638902455121
62.36,-956988.3596159425,18953210.0,50.0277993358358
62.37,-1046620.0094455406,18849060.0,50.02922083195962
62.38,-1118576.3751664723,18759420.0,50.03060243185217
62.39,-1170342.7365708107,18687450.0,50.03189460428917
62.4,-1200121.5508052874,18635660.0,50.03305099518738
62.41,-1206878.8973813355,18605860.0,50.03402994564324
62.42,-1190368.3762181725,18599070.0,50.0347958622677
62.43,-1151137.1775714997,18615550.0,50.035320460344714
62.44,-1090519.2188746464,18654750.0,50.03558389065358
62.45,-1010609.5191613158,18715320.0,50.03557563042473
62.46,-914211.25944895,18795190.0,50.035295029366665
62.47,-804753.5015428988,18891530.0,50.034751486970954
62.48,-686181.0631714594,19000930.0,50.03396424807632
62.49,-562819.8493968492,19119440.0,50.03296181315113
62.5,-439221.3591982378,19242740.0,50.03178096287133
62.51,-319984.2505437571,19366270.0,50.03046532632668
62.52,-209564.77185967355,19485430.0,50.029063629107526
62.53,-112094.38642783888,19595770.0,50.02762779135313
62.54,-31215.90254340833,19693160.0,50.026210952205254
62.55,30056.36629990989,19773940.0,50.02486547532684
62.56,69448.64377357939,19835120.0,50.02364100417624
62.57,85508.93329368997,19874420.0,50.0225826390028
62.58,77655.09209119395,19890380.0,50.021729306082804
62.59,46189.241262019204,19882420.0,50.02111237044841
62.6,-7712.358160369797,19850840.0,50.02075442714854
62.61,-82036.15263972816,19796820.0,50.02066838410947
62.62,-174002.58263061038,19722380.0,50.02085696575727
62.63,-280172.51945695194,19630290.0,50.02131265905059
62.64,-396583.00043398485,19524000.0,50.02201807345498
62.65,-518903.8698564894,19407460.0,50.022946675396916
62.66,-642606.527089566,19285000.0,50.02406385023542
62.67,-763141.6997477103,19161160.0,50.02532830549268
62.68,-876117.803929555,19040490.0,50.02669372560536
62.69,-977465.3323565985,18927360.0,50.0281105227133
62.7,-1063576.893266112,18825870.0,50.02952758981705
62.71,-1131421.0518653782,18739610.0,50.030894036065035
62.72,-1178630.8421889462,18671610.0,50.032160874690625
62.73,-1203568.3264688917,18624240.0,50.03328263026792
62.74,-1205366.198437024,18599140.0,50.03421882848832
62.75,-1183947.1144713473,18597170.0,50.034935332808494
62.76,-1140027.0852611077,18618420.0,50.035405569489214
62.77,-1075105.3449946211,18662170.0,50.035611615031705
62.78,-991433.3422775363,18726920.0,50.035545018522875
62.79,-891955.5371526093,18810410.0,50.03520727027906
62.8,-780220.9830913572,18909700.0,50.03460989862115
62.81,-660267.6593229199,19021250.0,50.03377418325897
62.82,-536483.1352968895,19141020.0,50.03273048431469
62.83,-413443.7151916805,19264610.0,50.03151716654752
62.84,-295732.72224659624,19387450.0,50.0301790910231
62.85,-187751.33322824386,19504970.0,50.02876582073642
62.86,-93539.5480009421,19612750.0,50.02732969866109
62.87,-16616.973544100998,19706750.0,50.02592386197566
62.88,40151.463014248526,19783470.0,50.02460025193598
62.89,74661.30926742277,19840030.0,50.023407688604436
62.9,85642.98257309891,19874320.0,50.022390082934834
62.91,72702.56479014887,19885090.0,50.02158485556995
62.92,36330.70141642116,19871930.0,50.02102158627978
62.93,-22113.123751578154,19835340.0,50.02072086090268
62.94,-100444.55905863177,19776680.0,50.02069343772681
62.95,-195733.46021838617,19698120.0,50.02093984630627
62.96,-304417.1009656535,19602610.0,50.02145042365187
62.97,-422440.9942118235,19493700.0,50.02220575707001
62.98,-545418.7262249591,19375450.0,50.02317749184654
62.99,-668802.3304372324,19252240.0,50.024329458750294
63.0,-788061.4081160019,19128620.0,50.02561914744216
63.01,-898860.0365915418,19009130.0,50.02699939649553
63.02,-997216.4759507081,18898100.0,50.02842014723209
63.03,-1079637.613542244,18799510.0,50.02983019474598
63.04,-1143227.258667258,18716850.0,50.03117891544431
63.05,-1185769.4274251948,18653020.0,50.032417940765484
63.06,-1205787.9340451704,18610240.0,50.033502742499536
63.07,-1202583.1740656402,18589980.0,50.034394092566295
63.08,-1176247.0140103793,18592940.0,50.03505936572152
63.09,-1127663.708505318,18619030.0,50.03547374697516
63.1,-1058496.4429222825,18667370.0,50.0356212767426
63.11,-971150.6638982432,18736290.0,50.03549560014024
63.12,-868708.5599116883,18823390.0,50.03510035739922
63.13,-754834.5365408816,18925590.0,50.03444919917672
63.14,-633654.0981420911,19039210.0,50.03356541731818
63.15,-509610.0180963612,19160140.0,50.032481193111856
63.16,-387296.34321535414,19283930.0,50.031236422206405
63.17,-271273.7231821138,19405990.0,50.0298771322783
63.18,-165881.08313603408,19521760.0,50.028453650160664
63.19,-75060.28181484819,19626900.0,50.027018662829846
63.2,-2201.8759610166308,19717470.0,50.02562522511804
63.21,49983.36765550927,19790070.0,50.02432477717982
63.22,79563.80450108775,19842000.0,50.0231652422596
63.23,85454.3092768048,19871330.0,50.02218927703927
63.24,67449.72101071611,19876960.0,50.02143274261692
63.25,26228.281926805677,19858700.0,50.020923392139416
63.26,-36669.62108104717,19817220.0,50.020679775113095
63.27,-118892.46833214047,19754070.0,50.02071048871538
63.28,-217364.3408331844,19671590.0,50.02101387243385
63.29,-328404.6913343066,19572860.0,50.02157813393892
63.3,-447873.99269580696,19461560.0,50.02238187373326
63.31,-571336.4781728366,19341840.0,50.02339496441406
63.32,-694232.4513861341,19218120.0,50.024579749420326
63.33,-812058.0448912291,19094970.0,50.0258925766265
63.34,-920539.9101079502,18976880.0,50.02728551689392
63.35,-1015789.899655988,18868150.0,50.02870811874482
63.36,-1094433.9020084895,18772640.0,50.03010915663818
63.37,-1153714.6516562086,18693750.0,50.03143834954882
63.38,-1191569.8269014095,18634210.0,50.03264801875499
63.39,-1206686.693455602,18596100.0,50.033694649505556
63.4,-1198534.0654517259,18580740.0,50.03454031899817
63.41,-1167373.271932737,18588640.0,50.035153970231804
63.42,-1114256.43588513,18619550.0,50.035512596357655
63.43,-1041008.9694406841,18672410.0,50.03560223411292
63.44,-950187.0642022497,18745410.0,50.03541863931529
63.45,-845005.8974947034,18835980.0,50.03496759820947
63.46,-729239.1582515807,18940910.0,50.03426486099727
63.47,-607092.6940767954,19056430.0,50.03333569017225
63.48,-483056.20493845287,19178330.0,50.03221402575869
63.49,-361732.3333737332,19302120.0,50.03094121245346
63.5,-247649.74187880743,19423200.0,50.02956435034264
63.51,-145076.51983611198,19537030.0,50.028134431842666
63.52,-57848.853795864154,19639360.0,50.02670438699636
63.53,10778.063842996722,19726340.0,50.0253270873404
63.54,58252.580734129646,19794730.0,50.02405337435732
63.55,82819.30569934112,19841960.0,50.022930183987505
63.56,83579.39028198808,19866290.0,50.02199883866086
63.57,60516.80382921256,19866810.0,50.02129357028839
63.58,14496.579341977369,19843510.0,50.020840245895236
63.59,-52762.15879169904,19797250.0,50.02065533481297
63.6,-138744.70373061922,19729750.0,50.02074525193816
63.61,-240235.01685046623,19643540.0,50.02110614677273
63.62,-353441.7018764044,19541820.0,50.02172411745237
63.63,-474148.04155565886,19428380.0,50.02257581505255
63.64,-597877.188530478,19307440.0,50.02362939169629
63.65,-720066.7882120195,19183490.0,50.02484577787146
63.66,-836248.6183049381,19061070.0,50.026180265282804
63.67,-942219.8221765598,18944670.0,50.0275842412762
63.68,-1034192.23157683,18838470.0,50.02900694380909
63.69,-1108915.62755012,18746280.0,50.03039720620643
63.7,-1163775.220729925,18671340.0,50.03170516583136
63.71,-1196864.7076974814,18616260.0,50.03288390463161
63.72,-1207036.0663773054,18582960.0,50.03389098562552
63.73,-1193926.7428193712,18572580.0,50.03468984735711
63.74,-1157967.6925964174,18585470.0,50.035251059856755
63.75,-1100378.6002316377,18621220.0,50.03555347541819
63.76,-1023145.5741816098,18678610.0,50.03558516203971
63.77,-928972.464170576,18755630.0,50.03534400275148
63.78,-821202.8575168775,18849600.0,50.0348379280628
63.79,-703713.8641526065,18957170.0,50.0340847679238
63.8,-580784.7812037679,19074460.0,50.03311171809839
63.81,-456944.51016809826,19197190.0,50.03195442243692
63.82,-336796.0190120612,19320830.0,50.03065560403787
63.83,-224827.7083490402,19440790.0,50.02926335416211
63.84,-125229.17432282487,19552560.0,50.02782924477951
63.85,-41724.18232261203,19651970.0,50.02640636027935
63.86,22573.030464889947,19735290.0,50.02504730114899
63.87,65274.15803317225,19799400.0,50.02380222697849
63.88,84802.79736230965,19841910.0,50.02271701096288
63.89,80447.52907975204,19861260.0,50.02183157662802
63.9,52381.10362281464,19856720.0,50.02117847400021
63.91,1653.6657879354316,19828480.0,50.020781643843925
63.92,-69839.95737150841,19777580.0,50.02065545098419
63.93,-159426.3740771289,19705910.0,50.020804122824345
63.94,-263755.2026564208,19616160.0,50.02122163183819
63.95,-378930.94494960515,19511660.0,50.02189199652241
63.96,-500667.06332587666,19396320.0,50.022789963559845
63.97,-624453.2957876821,19274420.0,50.02388202286736
63.98,-745732.1776225581,19150480.0,50.02512775978596
63.99,-860078.1708093374,19029040.0,50.0264814835624
64.0,-963365.1935057645,18914540.0,50.027893975153106
64.01,-1051910.456196346,18811110.0,50.02931424046791
64.02,-1122592.084315369,18722410.0,50.03069124964097
64.03,-1172941.233501744,18651590.0,50.0319756338513
64.04,-1201210.0705056777,18601090.0,50.03312130656714
64.05,-1206416.6991184554,18572690.0,50.03408697296155
64.06,-1188367.5597810834,18567340.0,50.034837489033215
64.07,-1147662.5869945006,18585260.0,50.03534509856644
64.08,-1085687.4079257026,18625830.0,50.03559054905241
64.09,-1004586.182674079,18687680.0,50.03556396278876
64.1,-907206.7042395149,18768650.0,50.035265358258904
64.11,-797016.1726326273,18865910.0,50.03470480224919
64.12,-677989.2878772457,18975970.0,50.03390217947512
64.13,-554472.0876247986,19094880.0,50.03288657743003
64.14,-431024.7657390511,19218280.0,50.03169527972104
64.15,-312242.17233134684,19341620.0,50.03037230998123
64.16,-202564.25997140934,19460290.0,50.02896666545982
64.17,-106094.70148905093,19569860.0,50.02753040853997
64.18,-26438.46055748174,19666220.0,50.02611668782998
64.19,33436.31953566766,19745770.0,50.02477774476299
64.2,71308.43320393248,19805550.0,50.023562974368254
64.21,85782.72763597174,19843320.0,50.0225171129132
64.22,76335.89545291528,19857700.0,50.021678622468244
64.23,43329.13264379173,19848160.0,50.02107831517703
64.24,-12003.727396693022,19815070.0,50.02073816143202
64.25,-87595.29757161118,19759650.0,50.02067039878234
64.26,-180618.36986332966,19683980.0,50.02087706520625
64.27,-287594.4946055892,19590870.0,50.02134997341038
64.28,-404531.33764445724,19483820.0,50.02207109686345
64.29,-527080.3511282444,19366810.0,50.02301332731158
64.3,-650706.0748521467,19244190.0,50.02414155763461
64.31,-770864.3761459473,19120500.0,50.025414107426805
64.32,-883180.3832330147,19000280.0,50.02678438901476
64.33,-983611.4299709543,18887900.0,50.028202659483945
64.34,-1068585.355825037,18787420.0,50.02961777338438
64.35,-1135112.615505684,18702390.0,50.030978915771165
64.36,-1180873.1567742513,18635810.0,50.03223728587871
64.37,-1204279.4226347245,18590000.0,50.033347697652154
64.38,-1204516.4517736663,18566550.0,50.03427006039005
64.39,-1181559.8205009834,18566280.0,50.03497070492401
64.4,-1136178.238802936,18589190.0,50.03542360303223
64.41,-1069922.3845394896,18634540.0,50.035611441954316
64.42,-985092.1340433996,18700760.0,50.03552642411946
64.43,-884675.3844821787,18785560.0,50.035170711422325
64.44,-772257.7380789224,18885950.0,50.03455649680792
64.45,-651905.1167205904,18998350.0,50.033705691735086
64.46,-528023.0062147331,19118680.0,50.03264922993912
64.47,-405193.9694028261,19242540.0,50.03142596045874
64.48,-287994.9821212813,19365350.0,50.03008111602022
64.49,-180808.48919718392,19482540.0,50.02866450623106
64.5,-87644.48597402673,19589720.0,50.027228589904304
64.51,-11982.84433330386,19682870.0,50.025826487136314
64.52,43359.20271725312,19758530.0,50.02450999094776
64.53,76330.85633781285,19813870.0,50.02332764894803
64.54,85719.97332819749,19846840.0,50.022322987069586
64.55,71191.57692854753,19856240.0,50.02153294432511
64.56,33295.03220771183,19841720.0,50.020986534211396
64.57,-26553.409175643057,19803830.0,50.02070370927758
64.58,-106116.78954692115,19744000.0,50.02069455395707
64.59,-202418.9254229967,19664450.0,50.02095891324243
64.6,-311859.6906826722,19568170.0,50.02148645696971
64.61,-430357.3859481007,19458750.0,50.02225714850277
64.62,-553509.4967866292,19340280.0,50.02324207473925
64.63,-676763.5089572613,19217160.0,50.02440459366058
64.64,-795596.3817866226,19093940.0,50.02570182907225
64.65,-905690.9329797889,18975140.0,50.027086370927734
64.66,-1003094.0430160032,18865080.0,50.0285080296915
64.67,-1084349.3221571478,18767720.0,50.029915586194164
64.68,-1146603.6514603435,18686510.0,50.03125851627901
64.69,-1187688.8115552864,18624300.0,50.032488659510385
64.7,-1206179.5096684303,18583270.0,50.033561797200306
64.71,-1201428.6534654982,18564830.0,50.034439102430426
64.72,-1173580.8318563662,18569640.0,50.035088431501904
64.73,-1123572.4616445454,18597550.0,50.03548552557865
64.74,-1053117.2868565803,18647620.0,50.03561504217016
64.75,-964667.947822589,18718140.0,50.03547128133077
64.76,-861348.4944117125,18806650.0,50.035058551318244
64.77,-746857.9744269454,18910040.0,50.03439115836059
64.78,-625347.650334651,19024600.0,50.0334930117015
64.79,-501275.81662233267,19146190.0,50.03239684687504
64.8,-379240.2852806804,19270340.0,50.03114302033854
64.81,-263792.8841328702,19392450.0,50.02977790479029
64.82,-159251.4631498031,19507980.0,50.02835204490507
64.83,-69525.77543372661,19612610.0,50.02691821381593
64.84,2035.1343883171212,19702420.0,50.02552941969787
64.85,52769.55747899192,19774070.0,50.02423692637351
64.86,80800.38516976056,19824900.0,50.02308835920164
64.87,85100.28101040231,19853020.0,50.022125968228515
64.88,65522.83267523977,19857420.0,50.021385115873976
64.89,22804.306985081057,19837940.0,50.02089297683502
64.9,-41459.301981277065,19795320.0,50.020667460526
64.91,-124865.46831939247,19731160.0,50.02071648936298
64.92,-224294.21663172852,19647860.0,50.021037723284564
64.93,-336029.8725156027,19548550.0,50.02161871329792
64.94,-455908.1386395179,19436920.0,50.02243745121678
64.95,-579479.6504323324,19317160.0,50.02346327057301
64.96,-702183.062526855,19193710.0,50.02465807022725
64.97,-819524.805723222,19071120.0,50.02597786350498
64.98,-927252.7389281602,18953900.0,50.02737450209192
64.99,-1021509.1721755884,18846300.0,50.02879743087598
65.0,-1098957.9672114665,18752170.0,50.03019543525302
65.01,-1156885.6950132747,18674850.0,50.03151835685576
65.02,-1193278.166004713,18617060.0,50.032718746123365
65.03,-1206873.5631048088,18580800.0,50.03375341625971
65.04,-1197192.9052111716,18567340.0,50.034584860784435
65.05,-1164550.1030072751,18577160.0,50.03518252199548
65.06,-1110049.2818170525,18609940.0,50.03552396493991
65.07,-1035565.7851060162,18664590.0,50.035595852332825
65.08,-943701.7643583189,18739220.0,50.03539459670997
65.09,-837712.4703479627,18831230.0,50.034926647478926
65.1,-721404.0098450732,18937360.0,50.03420839935963
65.11,-599005.4530808668,19053820.0,50.033265715446326
65.12,-475019.18547094695,19176370.0,50.03213306662077
65.13,-354048.5402780476,19300510.0,50.03085222882389
65.14,-240610.32941865502,19421640.0,50.02947061457803
65.15,-138948.95408267505,19535240.0,50.028039402130396
65.16,-52866.365652591456,19637060.0,50.02661157609584
65.17,14425.380742130685,19723300.0,50.02523993104758
65.18,60424.78565728455,19790750.0,50.023975104261
65.19,83431.55664459383,19836920.0,50.02286370917203
65.2,82604.67732353893,19860090.0,50.02194664093997
65.21,57986.48836503533,19859430.0,50.02125761577347
65.22,10499.384886524407,19834980.0,50.02082190823861
65.23,-58082.9420437722,19787660.0,50.020655338871855
65.24,-145196.38829768734,19719260.0,50.02076364694125
65.25,-247582.95451600204,19632320.0,50.02114230817764
65.26,-361418.55627679673,19530110.0,50.021776775702534
65.27,-482464.3328485689,19416450.0,50.022643108545914
65.28,-606232.5175415718,19295590.0,50.023708940574366
65.29,-728161.6614898222,19172000.0,50.02493478100649
65.3,-843796.1347599761,19050250.0,50.026275611559946
65.31,-948956.2510792855,18934810.0,50.027682625425975
65.32,-1039885.9029648239,18829830.0,50.02910498173054
65.33,-1113374.0685698828,18739090.0,50.03049154851783
65.34,-1166850.6470148256,18665800.0,50.0317926080759
65.35,-1198457.9506886592,18612510.0,50.032961491617044
65.36,-1207098.9859531987,18581100.0,50.03395610735867
65.37,-1192463.1695453005,18572650.0,50.0347403243159
65.38,-1155033.4913025282,18587480.0,50.035285222608664
65.39,-1096080.81011067,18625110.0,50.03557023365133
65.4,-1017640.0711473513,18684260.0,50.03558405469787
65.41,-922459.7202579549,18762900.0,50.035325224365835
65.42,-813921.7902685745,18858290.0,50.03480233051665
65.43,-695933.9352989937,18967030.0,50.034033837013766
65.44,-572796.6111535087,19085220.0,50.033047525161344
65.45,-449049.2290173372,19208560.0,50.03187955069905
65.46,-329293.2579036586,19332510.0,50.03057304591212
65.47,-218003.14019437612,19452480.0,50.0291763902047
65.48,-119342.86218076258,19563970.0,50.027741315968335
65.49,-37000.33345950884,19662840.0,50.02632093701925
65.5,25954.584924621857,19745390.0,50.02496775305061
65.51,67184.53716001101,19808560.0,50.02373169799279
65.52,85168.54222801584,19850000.0,50.022658304346415
65.53,79252.84308710264,19868200.0,50.021787054314025
65.54,49667.8973473864,19862500.0,50.021149973016946
65.55,-2479.9029686553404,19833130.0,50.020770404603034
65.56,-75242.67631316057,19781200.0,50.02066206618376
65.57,-165899.47975404467,19708650.0,50.020828515860046
65.58,-271060.06142895314,19618210.0,50.02126306349757
65.59,-386798.4862501098,19513270.0,50.02194909821738
65.6,-508808.3914923995,19397760.0,50.02286079410806
65.61,-632570.9509890941,19275970.0,50.02396414613918
65.62,-753531.977046283,19152430.0,50.025218345353665
65.63,-867280.7329551197,19031690.0,50.02657741932993
65.64,-969716.0586639021,18918170.0,50.0279919812285
65.65,-1057188.5141985202,18815960.0,50.0294109830946
65.66,-1126616.3087266353,18728710.0,50.0307834533259
65.67,-1175575.8149604085,18659520.0,50.03206018970494
65.68,-1202368.0195697434,18610780.0,50.033195374378934
65.69,-1206061.9600164345,18584220.0,50.034148074501
65.7,-1186515.7643943294,18580760.0,50.03488359151823
65.71,-1144381.0180788068,18600540.0,50.03537469278234
65.72,-1081093.9181431695,18642900.0,50.035602714761396
65.73,-998846.40275986,18706420.0,50.035558412533554
65.74,-900529.3568501198,18788900.0,50.03524245798145
65.75,-789646.5297819547,18887450.0,50.03466556735455
65.76,-670200.946792374,18998560.0,50.03384824578975
65.77,-546557.3386329229,19118240.0,50.032820147467504
65.78,-423283.33077547734,19242120.0,50.03161903830565
65.79,-304968.95280269376,19365630.0,50.03028931660198
65.8,-196037.23181725916,19484170.0,50.02888023392984
65.81,-100563.84507633431,19593340.0,50.02744398065424
65.82,-22116.118843354052,19689040.0,50.02603370399951
65.83,36383.40382590832,19767720.0,50.02470151581122
65.84,72765.16775103752,19826450.0,50.02349655946902
65.85,85689.62995863636,19863070.0,50.02246320827496
65.86,74690.84075195849,19876230.0,50.021639465065185
65.87,40187.43760839809,19865460.0,50.021055597540155
65.88,-16530.94202461763,19831190.0,50.020732963681844
65.89,-93344.91825658845,19774700.0,50.02068314611604
65.9,-187381.4645098418,19698120.0,50.020907514279564
65.91,-295124.5423459881,19604310.0,50.02139722615509
65.92,-412554.0125318245,19496800.0,50.02213363965661
65.93,-535304.2747192158,19379610.0,50.02308909239706
65.94,-658834.0415702352,19257090.0,50.02422800424756
65.95,-778604.9863245876,19133790.0,50.025508324347015
65.96,-890259.2250520778,19014250.0,50.02688320773502
65.97,-989780.8253979034,18902820.0,50.02830276818012
65.98,-1073632.4059705278,18803530.0,50.02971583027489
65.99,-1138865.553469209,18719910.0,50.031071660012636
66.0,-1183206.1062484593,18654900.0,50.03232164406724
66.01,-1205115.6552570018,18610790.0,50.03342088375599
66.02,-1203830.1744754955,18589110.0,50.034329666429265
66.03,-1179376.609915727,18590620.0,50.035014781287025
66.04,-1132574.749719919,18615290.0,50.03545073375223
66.05,-1065025.0387724582,18662320.0,50.035620806897974
66.06,-979074.0977284333,18730090.0,50.035517839122576
66.07,-877751.6406018042,18816260.0,50.035144644805506
66.08,-764678.2898832415,18917800.0,50.03451406091818
66.09,-643946.5485127257,19031090.0,50.03364860963253
66.1,-519978.6822233808,19152040.0,50.03257977754656
66.11,-397362.6791531606,19276220.0,50.03134687865802
66.12,-280668.6874241904,19399050.0,50.02999550025796
66.13,-174260.32574699592,19515960.0,50.028575684471264
66.14,-82117.8874659168,19622570.0,50.02713999545924
66.15,-7682.170468131313,19714920.0,50.025741529428814
66.16,46276.269432437024,19789560.0,50.02443192874074
66.17,77758.95733541308,19843720.0,50.02325947048055
66.18,85609.59724900615,19875410.0,50.022267301840216
66.19,69550.35858737177,19883460.0,50.02149189064572
66.2,30187.407944051025,19867600.0,50.0209616982122
66.21,-31008.226496218587,19828430.0,50.0206960613866
66.22,-111748.9665256539,19767430.0,50.02070441105451
66.23,-209014.48977977913,19686880.0,50.02098592991977
66.24,-319168.9881953738,19589800.0,50.0215296437733
66.25,-438104.98465475463,19479840.0,50.02231491480894
66.26,-561404.9803630733,19361090.0,50.0233122934617
66.27,-684512.7718007616,19237970.0,50.024484686373725
66.28,-802913.1330584635,19115040.0,50.02578886983681
66.29,-912307.6501591414,18996820.0,50.02717720011864
66.3,-1008771.4172752508,18887600.0,50.0285993677146
66.31,-1088884.0033319923,18791320.0,50.030004146378126
66.32,-1149834.3152356693,18711380.0,50.031341114933284
66.33,-1189500.6356722282,18650600.0,50.03256232104141
66.34,-1206507.1350857862,18611100.0,50.03362385197603
66.35,-1200257.6761181992,18594250.0,50.03448727497627
66.36,-1170948.0384323127,18600670.0,50.03512091910993
66.37,-1119565.3306369507,18630130.0,50.035501070975265
66.38,-1047872.3145169015,18681670.0,50.03561299083101
66.39,-958367.2373761961,18753520.0,50.03545161666557
66.4,-854214.4356936507,18843170.0,50.03502190573897
66.41,-739146.1198414834,18947470.0,50.034338799699405
66.42,-617337.9878388034,19062680.0,50.0334268045336
66.43,-493262.6473856318,19184630.0,50.032319188332906
66.44,-371520.57859317376,19308850.0,50.031056746058844
66.45,-256653.96864318266,19430720.0,50.02968617492955
66.46,-152959.32907289057,19545720.0,50.028258221992715
66.47,-64314.58215118025,19649540.0,50.02682573540174
66.48,5972.017705866136,19738310.0,50.02544166964788
66.49,55286.72330097621,19808710.0,50.024157109511826
66.5,81805.5781257617,19858140.0,50.023019383857125
66.51,84557.45452974935,19884780.0,50.02207034122892
66.52,63453.07604703901,19887640.0,50.02134485280977
66.53,19285.2192693103,19866640.0,50.020869523679345
66.54,-46296.01416332886,19822570.0,50.020661634846256
66.55,-130838.7097235382,19757090.0,50.02072844968367
66.56,-231180.4819045078,19672640.0,50.02106696660225
66.57,-343572.0976257985,19572400.0,50.02166409929436
66.58,-463825.8702750723,19460090.0,50.022497250462436
66.59,-587479.9418310018,19339930.0,50.023535233394675
66.6,-709972.0610520514,19216350.0,50.02473951927694
66.61,-826819.3132954163,19093940.0,50.02606580133138
66.62,-933790.731224118,18977170.0,50.02746572349038
66.63,-1027058.7101456551,18870270.0,50.02888863545461
66.64,-1103324.431497004,18777070.0,50.030283338977064
66.65,-1159917.422608147,18700870.0,50.03159980074792
66.66,-1194870.5635982677,18644340.0,50.03279079973105
66.67,-1206971.7493558323,18609440.0,50.033813473474375
66.68,-1195792.9344907738,18597390.0,50.034630725900676
66.69,-1161699.3047332095,18608620.0,50.03521249030156
66.7,-1105845.6694165955,18642760.0,50.03553689315232
66.71,-1030156.0108446103,18698650.0,50.03559121093668
66.72,-937277.2069328185,18774380.0,50.03537249932012
66.73,-830503.4494743068,18867290.0,50.03488785645226
66.74,-713672.2531231389,18974090.0,50.03415430661694
66.75,-591035.0423201792,19090950.0,50.033198298419734
66.76,-467106.21976412856,19213600.0,50.03205481931694
66.77,-346489.39481459046,19337550.0,50.03076606377499
66.78,-233689.37638061034,19458180.0,50.02937974587655
66.79,-132926.98955052503,19570980.0,50.02794722108857
66.8,-47970.334482985316,19671750.0,50.026521522755694
66.81,18011.044808308827,19756700.0,50.025155365412985
66.82,62564.972115916666,19822680.0,50.02389918182508
66.83,84045.254569215,19867220.0,50.02279926542405
66.84,81667.56739553693,19888690.0,50.02189608942502
66.85,55531.397797500365,19886300.0,50.02122286204893
66.86,6615.225801920809,19860140.0,50.02080427544273
66.87,-63253.98168832064,19811200.0,50.02065551337853
66.88,-151463.94903582177,19741300.0,50.020781652639215
66.89,-254715.8386638629,19653050.0,50.02117750916325
66.9,-369153.86612395616,19549760.0,50.021827905424686
66.91,-490517.8450365782,19435280.0,50.02270832257787
66.92,-614309.6833237932,19313870.0,50.0237858893682
66.93,-735969.1837677903,19190030.0,50.0250207054046
66.94,-851053.4311811032,19068320.0,50.026367452615325
66.95,-955405.8030450555,18953180.0,50.027777138208585
66.96,-1045301.9416144213,18848760.0,50.02919884860688
66.97,-1117569.575098101,18758800.0,50.030581491106496
66.98,-1169682.7142253304,18686470.0,50.031875495405245
66.99,-1199831.6060121926,18634280.0,50.03303444254483
67.0,-1206969.555588676,18604050.0,50.034016585056996
67.01,-1190837.190100776,18596840.0,50.03478622001484
67.02,-1151968.7388585263,18612880.0,50.035314933548825
67.03,-1091685.411032794,18651660.0,50.03558273053298
67.04,-1012070.1529004065,18711850.0,50.03557893044298
67.05,-915915.1779643336,18791370.0,50.0353027192617
67.06,-806640.1547223148,18887420.0,50.03476333290936
67.07,-688182.5083775104,18996590.0,50.03397985905337
67.08,-564863.1361008597,19114940.0,50.03298065387233
67.09,-441231.2894173242,19238140.0,50.03180237370807
67.1,-321886.3889373199,19361660.0,50.03048854920703
67.11,-211288.5348854217,19480880.0,50.029087838004784
67.12,-113575.88812243275,19591350.0,50.02765212401378
67.13,-32400.450558335287,19688930.0,50.02623454279771
67.14,29212.19037145446,19769970.0,50.024887486969206
67.15,68975.40303366969,19831450.0,50.02366065979417
67.16,85423.28867744491,19871070.0,50.022599249568486
67.17,77959.30022096762,19887370.0,50.02174229534971
67.18,46871.14977785514,19879750.0,50.02112129592832
67.19,-6678.951502814132,19848510.0,50.02075899801589
67.2,-80690.61616216338,19794800.0,50.02066847272143
67.21,-172395.9922476533,19720630.0,50.02085261216508
67.22,-278365.6721919048,19628760.0,50.02130406851178
67.23,-394644.0073097987,19522620.0,50.02200560736148
67.24,-516905.4824602469,19406180.0,50.0229308365314
67.25,-640623.3173709513,19283740.0,50.024045262855665
67.26,-761247.1079995802,19159840.0,50.02530768977071
67.27,-874381.2887298294,19039040.0,50.02667186933174
67.28,-975949.8790802832,18925720.0,50.028088252743494
67.29,-1062336.9429613696,18823970.0,50.029505743507016
67.3,-1130500.8507878063,18737390.0,50.030873433208036
67.31,-1178063.1965126223,18669030.0,50.03214229054358
67.32,-1203373.7406768496,18621270.0,50.03326677020188
67.33,-1205552.3779070908,18595760.0,50.03420630479186
67.34,-1184508.818147096,18593380.0,50.03492664417465
67.35,-1140946.1701831333,18614220.0,50.03540108177995
67.36,-1076351.0643530383,18657570.0,50.035611545208326
67.37,-992963.0771081401,18721950.0,50.03554942413317
67.38,-893716.0076759573,18805130.0,50.03521604483856
67.39,-782149.9285794684,18904150.0,50.03462277321624
67.4,-662295.9249745159,19015500.0,50.033790734293525
67.41,-538537.1135647475,19135130.0,50.03275014756701
67.42,-415448.1891535419,19258660.0,50.03153925884818
67.43,-297613.94686649216,19381520.0,50.03020283768031
67.44,-189440.05745746486,19499120.0,50.0287903859097
67.45,-94973.76303413254,19607050.0,50.02735421712953
67.46,-17744.31022839318,19701280.0,50.025947471772184
67.47,39371.76993940631,19778270.0,50.024622126450865
67.48,74256.95223869244,19835140.0,50.02342706694473
67.49,85627.64177196473,19869770.0,50.022406297514735
67.5,73075.52974096598,19880890.0,50.02159735577967
67.51,37076.89964203606,19868090.0,50.0210299594476
67.52,-21022.67757046991,19831840.0,50.0207248489471
67.53,-99051.76253514871,19773480.0,50.02069294723174
67.54,-194091.53727435792,19695190.0,50.02093495140867
67.55,-302588.50117398216,19599890.0,50.021441361973395
67.56,-420494.91549492,19491130.0,50.022192919407274
67.57,-543428.4100473432,19372960.0,50.02316140639085
67.58,-666842.2364444677,19249760.0,50.02431077026345
67.59,-786204.2969203491,19126080.0,50.02559859120098
67.6,-897174.1776151255,19006450.0,50.02697776969101
67.61,-995763.2111239722,18895210.0,50.028398280085995
67.62,-1078469.3629052788,18796350.0,50.02980892202707
67.63,-1142385.960748959,18713370.0,50.03115904870775
67.64,-1185285.3750253837,18649180.0,50.03240024164949
67.65,-1205678.9948564686,18606000.0,50.03348789785461
67.66,-1202854.3806880359,18585330.0,50.034382691938575
67.67,-1176890.4962001238,18587880.0,50.03505188153441
67.68,-1128658.8102534693,18613560.0,50.03547051606305
67.69,-1059810.0893195695,18661510.0,50.03562248514599
67.7,-972738.1668586982,18730070.0,50.03550127364201
67.71,-870514.9061642247,18816860.0,50.035110358066014
67.72,-756796.1389179018,18918800.0,50.034463228144354
67.73,-635700.9534198992,19032230.0,50.03358302383223
67.74,-511668.2036519108,19153040.0,50.03250178976523
67.75,-389290.88950823416,19276780.0,50.0312593075965
67.76,-273131.69891647,19398870.0,50.02990151923227
67.77,-167534.5975972241,19514730.0,50.028478696702585
67.78,-76449.18540520174,19620040.0,50.027043504236204
67.79,-3276.0772075055866,19710830.0,50.025649006449854
67.8,49262.03613689169,19783710.0,50.02434668506267
67.81,79220.22151159891,19835950.0,50.02318453474957
67.82,85499.2370821354,19865620.0,50.022205310477254
67.83,67879.54304200626,19871600.0,50.02144499435054
67.84,27025.15036008705,19853690.0,50.020931480336436
67.85,-35537.22340662469,19812540.0,50.02068347417459
67.86,-117468.62269663211,19749680.0,50.020709738016635
67.87,-215704.0149026271,19667460.0,50.021008777855435
67.88,-326571.5815353167,19568930.0,50.02156896270397
67.89,-445938.00510752946,19457770.0,50.02236904296195
67.9,-569370.9903859955,19338110.0,50.023379024206605
67.91,-692311.38965792,19214380.0,50.02456136000588
67.92,-810252.9441103099,19091150.0,50.025872481447934
67.93,-918917.2148932442,18972920.0,50.027264514272005
67.94,-1014408.6812234081,18863960.0,50.02868703363761
67.95,-1093343.9941236072,18768180.0,50.03008881248273
67.96,-1152955.201558942,18688960.0,50.0314195409202
67.97,-1191168.2236461407,18629060.0,50.03263148514262
67.98,-1206657.863292663,18590560.0,50.03368105094005
67.99,-1198880.1269214258,18574780.0,50.034530214117645
68.0,-1168083.4252398289,18582280.0,50.035147795803304
68.01,-1115307.0908985338,18612790.0,50.03551064931317
68.02,-1042364.234220752,18665280.0,50.03560465801711
68.03,-951799.704346149,18737950.0,50.03542541661786
68.04,-846818.7624688197,18828230.0,50.034978548378106
68.05,-731187.0463726479,18932930.0,50.03427964485623
68.06,-609104.605591183,19048290.0,50.033353820536355
68.07,-485057.9209910261,19170090.0,50.03223488430937
68.08,-363649.34488135244,19293870.0,50.03096407385775
68.09,-249410.33268297772,19415000.0,50.02958841136418
68.1,-146614.68841307418,19528970.0,50.02815884242659
68.11,-59106.904727171524,19631500.0,50.02672828229732
68.12,9847.309843117022,19718740.0,50.02534962018551
68.13,57684.036617724574,19787430.0,50.02407374662903
68.14,82634.38255408546,19835000.0,50.02294767575787
68.15,83785.29730419582,19859690.0,50.02201283417236
68.16,61106.3845677519,19860580.0,50.02130357996369
68.17,15448.533701806446,19837650.0,50.020845925445215
68.18,-51482.60929679184,19791740.0,50.020656499337456
68.19,-137184.57659239002,19724560.0,50.02074188294863
68.2,-238451.75905559462,19638610.0,50.02109839199464
68.21,-351500.92324447155,19537100.0,50.021712284028375
68.22,-472120.9366982555,19423810.0,50.02256035685322
68.23,-595837.7822503906,19302950.0,50.023610891397055
68.24,-718089.0136901097,19179000.0,50.02482492312296
68.25,-834403.4190263974,19056520.0,50.026157821299165
68.26,-940572.5360325841,18939970.0,50.02756102243377
68.27,-1032800.3838674392,18833580.0,50.0289837852132
68.28,-1107827.1531597627,18741130.0,50.030374935659175
68.29,-1163027.1003083414,18665890.0,50.03168457671472
68.3,-1196481.9808755708,18610470.0,50.03286573006418
68.31,-1207031.2144731788,18576810.0,50.03387587465089
68.32,-1194299.4309080674,18566050.0,50.03467834370229
68.33,-1158704.7275584652,18578580.0,50.0352435820512
68.34,-1101454.1195142756,18613980.0,50.03555029952385
68.35,-1024521.6069148097,18671030.0,50.035586409094016
68.36,-930599.9647500757,18747770.0,50.03534963206072
68.37,-823023.1948778804,18841500.0,50.034847736324906
68.38,-705660.7468827211,18948900.0,50.03409839465852
68.39,-582786.5702605634,19066080.0,50.033128657453986
68.4,-458926.84230506024,19188770.0,50.031974041114424
68.41,-338684.76251089113,19312460.0,50.03067716635048
68.42,-226552.03921765432,19432530.0,50.02928605175104
68.43,-126724.46717286459,19544500.0,50.02785222812305
68.44,-42934.554781912244,19644160.0,50.02642877097691
68.45,21692.590299526462,19727800.0,50.025068304159326
68.46,64756.12878258503,19792270.0,50.023821041738756
68.47,84665.99290397554,19835180.0,50.02273293990952
68.48,80696.51891558414,19854950.0,50.02184403025775
68.49,53006.160435707774,19850840.0,50.02118699196028
68.5,2631.1021060086205,19823010.0,50.02078591285547
68.51,-68547.03511299723,19772500.0,50.02065531793238
68.52,-157866.74241823883,19701200.0,50.02079960057906
68.53,-261987.6366169113,19611760.0,50.021212897827596
68.54,-377021.89646142884,19507520.0,50.021879384826896
68.55,-498688.0444702666,19392370.0,50.022773951161746
68.56,-622478.0929139729,19270590.0,50.023863210651484
68.57,-743833.9149925294,19146700.0,50.02510684779311
68.58,-858326.445276788,19025240.0,50.02645924319904
68.59,-961823.5386149785,18910660.0,50.02787122086725
68.6,-1050634.22408734,18807070.0,50.029291801430496
68.61,-1121626.746291452,18718170.0,50.03066994181411
68.62,-1172321.0903182903,18647100.0,50.03195623311577
68.63,-1200957.3370763995,18596330.0,50.033104523242876
68.64,-1206540.9383887756,18567620.0,50.03407342823418
68.65,-1188865.476462693,18561970.0,50.0348276941449
68.66,-1148518.0514253846,18579590.0,50.035339435630256
68.67,-1086871.7033181218,18619880.0,50.035589254414504
68.68,-1006058.6477139315,18681470.0,50.03556711552384
68.69,-908915.8545187395,18762240.0,50.03527287460279
68.7,-798901.2863495214,18859330.0,50.03471643606563
68.71,-679982.4314015328,18969310.0,50.033917529174
68.72,-556500.5031470305,19088190.0,50.03290509904835
68.73,-433013.66490139207,19211640.0,50.031716307572424
68.74,-314117.78875242017,19335100.0,50.03039508324956
68.75,-204256.87741942337,19453980.0,50.0289903580646
68.76,-107541.44511393254,19563820.0,50.02755416073514
68.77,-27585.7312083001,19660520.0,50.026139638499046
68.78,32630.83357762813,19740470.0,50.024799063434514
68.79,70874.20993681182,19800680.0,50.02358189191543
68.8,85735.38116107101,19838930.0,50.02253294964785
68.81,76676.70182156994,19853790.0,50.02169081246785
68.82,44044.97297032614,19844750.0,50.02108642790745
68.83,-10939.997337634908,19812130.0,50.02074191917221
68.84,-86223.92856541864,19757160.0,50.02066968765221
68.85,-178991.20509269158,19681900.0,50.02087193898945
68.86,-285772.9309486295,19589160.0,50.02134065044341
68.87,-402583.896481319,19482410.0,50.02205795063557
68.88,-525080.0005117187,19365640.0,50.0229968714455
68.89,-648727.4136283739,19243190.0,50.024122425723675
68.9,-768980.7092033444,19119590.0,50.02539302749839
68.91,-881460.9009456165,18999380.0,50.026762155227765
68.92,-982118.7379975867,18886960.0,50.02818010350802
68.93,-1067373.4322266188,18786360.0,50.02959573594197
68.94,-1134225.1790071398,18701170.0,50.030958218574305
68.95,-1180342.4367277813,18634390.0,50.03221870469251
68.96,-1204125.3139105071,18588350.0,50.03333193704355
68.97,-1204746.03330292,18564640.0,50.034257730644626
68.98,-1182167.2141181277,18564110.0,50.03496230154819
68.99,-1137144.6606651514,18586770.0,50.03541948760204
69.0,-1071216.4468243022,18631880.0,50.035611826094296
69.01,-986670.5799498592,18697910.0,50.03553135905467
69.02,-886484.3115700141,18782550.0,50.03518008354272
69.03,-774234.2848328159,18882840.0,50.034570029359536
69.04,-653979.5704230946,18995190.0,50.03372295287475
69.05,-530121.2686117023,19115560.0,50.03266964710179
69.06,-407240.42631566164,19239530.0,50.03144884238817
69.07,-289915.5957533609,19362530.0,50.03010568037951
69.08,-182533.8278798443,19479970.0,50.02868991020487
69.09,-89112.49269145727,19587480.0,50.02725396238178
69.1,-13141.235108818742,19681030.0,50.02585096147191
69.11,42550.97463282989,19757130.0,50.02453273726951
69.12,75900.14256489847,19812960.0,50.02334790457643
69.13,85680.00416954781,19846450.0,50.022340084169414
69.14,71541.08286171983,19856370.0,50.02154633379049
69.15,34018.30145593744,19842380.0,50.02099580639645
69.16,-25486.054212332703,19805010.0,50.02070861053327
69.17,-104747.9743472815,19745650.0,50.02069499666194
69.18,-200802.61616667715,19666550.0,50.020954978517494
69.19,-310059.07461398083,19570660.0,50.021478390450156
69.2,-428442.35707960627,19461560.0,50.02224534959453
69.21,-551553.919235572,19343350.0,50.0232270805043
69.22,-674842.3739074639,19220410.0,50.024387057768834
69.23,-793782.8719574895,19097290.0,50.02568249541836
69.24,-904053.6127026349,18978530.0,50.02706604469127
69.25,-1001694.4052820783,18868440.0,50.028487548104216
69.26,-1083239.7791460797,18770990.0,50.02989578970406
69.27,-1145825.9622847089,18689630.0,50.03124022044517
69.28,-1187272.914486467,18627230.0,50.032472628049916
69.29,-1206142.7371299933,18585980.0,50.03354871679965
69.3,-1201775.3209175759,18567310.0,50.034429559979884
69.31,-1174302.179119603,18571870.0,50.03508289414621
69.32,-1124646.783795003,18599550.0,50.03548432215382
69.33,-1054510.3191284433,18649410.0,50.0356183479625
69.34,-966333.6976673496,18719750.0,50.03547910870098
69.35,-863230.5700283465,18808140.0,50.03507074652003
69.36,-748891.3790713238,18911450.0,50.03440740463391
69.37,-627460.9947616094,19026000.0,50.03351283882892
69.38,-503393.86233839137,19147650.0,50.03241964686113
69.39,-381286.8718849025,19271940.0,50.03116807072641
69.4,-265694.0612342005,19394260.0,50.02980439748196
69.41,-160938.54439272278,19510080.0,50.02837911789392
69.42,-70938.09426435758,19615060.0,50.026944984098954
69.43,947.8819991482887,19705280.0,50.02555501633958
69.44,52045.430580814835,19777400.0,50.02426052287107
69.45,80463.82629754022,19828730.0,50.0231092038682
69.46,85161.30332123314,19857380.0,50.02214341131924
69.47,65976.76922879432,19862310.0,50.02139863269207
69.48,23631.98170616041,19843360.0,50.02090218772417
69.49,-40290.98695618042,19801250.0,50.02067214644074
69.5,-123402.37886848516,19737570.0,50.02071660042334
69.51,-222593.24196763997,19654700.0,50.02103337991039
69.52,-334156.6891827137,19555750.0,50.02161020047675
69.53,-453934.6148551613,19444430.0,50.02242520644059
69.54,-577481.0534041568,19324900.0,50.02344786645436
69.55,-700235.0639931048,19201600.0,50.02464019076748
69.56,-817700.4872916492,19079100.0,50.02595827649642
69.57,-925619.8567724142,18961880.0,50.027354030173754
69.58,-1020127.8370213821,18854220.0,50.028776922543216
69.59,-1097878.7459848062,18759960.0,50.03017573594233
69.6,-1156148.1301116054,18682460.0,50.031500280832084
69.61,-1192909.6966059336,18624450.0,50.032703049758844
69.62,-1206888.8122463492,18587950.0,50.03374077303191
69.63,-1197593.3521095677,18574230.0,50.034575839058306
69.64,-1165323.9841561625,18583780.0,50.0351775641088
69.65,-1111171.7228386023,18616310.0,50.03552336876819
69.66,-1036999.3161971103,18670720.0,50.03559975764732
69.67,-945397.3248823023,18745150.0,50.03540297750093
69.68,-839610.8926068941,18837020.0,50.03493931031201
69.69,-723437.9473140803,18943060.0,50.0342249880549
69.7,-601101.6985923328,19059500.0,50.03328572215771
69.71,-477101.33639067935,19182100.0,50.03215584952837
69.72,-356040.0340710322,19306360.0,50.030877037365954
69.73,-242437.61155510042,19427680.0,50.02949661945378
69.74,-140544.472160083,19541540.0,50.0280657273532
69.75,-54171.24485646258,19643700.0,50.02663733230095
69.76,13459.079192563426,19730330.0,50.02526424883143
69.77,59832.28884570685,19798230.0,50.023997166376546
69.78,83234.13137173478,19844860.0,50.02288278044473
69.79,82808.94012640615,19868520.0,50.02196209478771
69.8,58584.26710745209,19868360.0,50.02126895662976
69.81,11467.966217574896,19844390.0,50.020828791082984
69.82,-56780.11181863025,19797540.0,50.02065758355704
69.83,-143608.39672748384,19729550.0,50.020761245007606
69.84,-245769.5366150409,19642980.0,50.02113542235362
69.85,-359447.73743157496,19541080.0,50.02176573254232
69.86,-480409.75728679815,19427660.0,50.02262838504875
69.87,-604170.5941982532,19306960.0,50.02369114535402
69.88,-726168.5524579794,19183460.0,50.02491462955339
69.89,-841944.7850033138,19061720.0,50.026253897962334
69.9,-947313.6943804175,18946200.0,50.02766019283366
69.91,-1038510.9915567748,18841090.0,50.0290826929003
69.92,-1112315.6503305016,18750150.0,50.03047025684253
69.93,-1166146.158910635,18676600.0,50.031773129417765
69.94,-1198132.4188355946,18623020.0,50.03294457774437
69.95,-1207164.408559269,18591290.0,50.033942421444756
69.96,-1192918.2667094495,18582510.0,50.03473041906747
69.97,-1155863.6911380186,18597010.0,50.03527952001924
69.98,-1097258.46751096,18634310.0,50.035569007360166
69.99,-1019125.0636273383,18693160.0,50.035587417185134
70.0,-924200.5320017406,18771540.0,50.03533312025491
70.01,-815857.0876029435,18866710.0,50.03481453618729
70.02,-697994.5935539404,18975300.0,50.0340499666963
70.03,-574908.1215819851,19093400.0,50.03306704340429
70.04,-451134.43201015267,19216730.0,50.03190179134853
70.05,-331275.42096852406,19340740.0,50.03059723848108
70.06,-219809.14830714115,19460830.0,50.02920169091901
70.07,-120906.20831782318,19572540.0,50.027766840626
70.08,-38263.74463785114,19671670.0,50.026345794602356
70.09,25036.970573611674,19754540.0,50.02499107907167
70.1,66645.49091024103,19818070.0,50.02375268650524
70.11,85026.59887551272,19859910.0,50.02267623748602
70.12,79511.73029040394,19878510.0,50.02180132807763
70.13,50316.533547355095,19873220.0,50.021160118605266
70.14,-1467.0269231485436,19844240.0,50.02077610676095
70.15,-73904.6773937507,19792680.0,50.020663176311096
70.16,-164287.66687454272,19720450.0,50.020825057477104
70.17,-269235.96570946934,19630290.0,50.02125523052777
70.18,-384831.4306314895,19525550.0,50.02193724629639
70.19,-506772.7546125048,19410160.0,50.02284542584833
70.2,-630543.2720876533,19288430.0,50.023945891136165
70.21,-751587.9055169609,19164860.0,50.0251979341607
70.22,-865492.0586607176,19044020.0,50.02655565436807
70.23,-968148.1108809861,18930320.0,50.0279697074719
70.24,-1055897.9925298276,18827860.0,50.0293890586649
70.25,-1125649.5487144315,18740310.0,50.03076272055629
70.26,-1174967.4703409292,18670750.0,50.032041447245575
70.27,-1202140.1468734578,18621620.0,50.03317935100823
70.28,-1206223.4832346304,18594640.0,50.03413540513228
70.29,-1187062.282678681,18590740.0,50.03487479567939
70.3,-1145294.8231790883,18610090.0,50.035370154590844
70.31,-1082344.2807323865,18652030.0,50.03560266615427
70.32,-1000390.3096072756,18715160.0,50.035562922206445
70.33,-902312.7356349265,18797290.0,50.03525142627239
70.34,-791605.9407541302,18895540.0,50.03467872733442
70.35,-672265.7139387522,19006410.0,50.033865170966216
70.36,-548652.0484824802,19125920.0,50.03284026589851
70.37,-425330.73694058077,19249690.0,50.03164165442485
70.38,-306893.1286690143,19373170.0,50.03031363901903
70.39,-197766.69035218318,19491760.0,50.02890540659093
70.4,-102034.39269956178,19601040.0,50.027469115529065
70.41,-23273.332454334246,19696920.0,50.02605791442755
70.42,35582.136393770576,19775830.0,50.024723949525985
70.43,72349.09702187846,19834820.0,50.02351643007766
70.44,85673.63714331528,19871730.0,50.022479823880786
70.45,75075.01097832655,19885190.0,50.02165225287006
70.46,40957.05437906593,19874720.0,50.02106412571038
70.47,-15404.956569627742,19840730.0,50.020736958678
70.48,-91905.00267255993,19784500.0,50.020682503442934
70.49,-185681.8216809465,19708120.0,50.0209023019346
70.5,-293229.00757641543,19614460.0,50.02138768085903
70.51,-410533.5154716389,19507030.0,50.02212015649214
70.52,-533234.0614047345,19389840.0,50.0230722088454
70.53,-656790.7786869738,19267250.0,50.02420837914404
70.54,-776663.7567016025,19143810.0,50.025486711246224
70.55,-888490.645291215,19024040.0,50.026860425629984
70.56,-988248.5311276274,18912310.0,50.028279671957435
70.57,-1072390.9771381556,18812650.0,50.02969328136317
70.58,-1137958.889871534,18728610.0,50.03105049784116
70.59,-1182666.2200479317,18663130.0,50.0323026586914
70.6,-1204961.8472906027,18618510.0,50.03340479013843
70.61,-1204068.5858452881,18596300.0,50.034317081104476
70.62,-1180000.134074254,18597280.0,50.035006201888486
70.63,-1133563.138147377,18621420.0,50.03544651990238
70.64,-1066345.2583325144,18667940.0,50.03562116434419
70.65,-980681.1257031607,18735230.0,50.03552280959713
70.66,-879589.7492423872,18820960.0,50.03515410199482
70.67,-766682.815531643,18922110.0,50.03452771293196
70.68,-646046.0845746016,19035080.0,50.03366600789306
70.69,-522097.6141927146,19155780.0,50.03260033190724
70.7,-399424.1100433252,19279780.0,50.031369880191164
70.71,-282597.5950500995,19402510.0,50.03002014988518
70.72,-175986.64370192843,19519380.0,50.028601124448855
70.73,-83579.28891284799,19626030.0,50.027165342111246
70.74,-8826.464735720772,19718480.0,50.02576590642166
70.75,45489.196532853064,19793270.0,50.02445449967913
70.76,77355.71244520508,19847620.0,50.02327946962701
70.77,85602.3990580205,19879520.0,50.02228406177356
70.78,69936.72759690427,19887800.0,50.02150486586683
70.79,30950.287671653146,19872150.0,50.02097048564407
70.8,-29899.923927921453,19833190.0,50.02070041647284
70.81,-110339.27155881625,19772360.0,50.02070425724055
70.82,-207358.69137309227,19691940.0,50.02098136063442
70.83,-317331.4484370477,19594930.0,50.02152091751936
70.84,-436156.5785752917,19484970.0,50.022302443841696
70.85,-559420.3134253299,19366150.0,50.02329662693358
70.86,-682567.2353081068,19242890.0,50.02446648776594
70.87,-801079.9530732664,19119750.0,50.025768890301734
70.88,-910655.0892055687,19001230.0,50.027156249177786
70.89,-1007360.3809243778,18891660.0,50.02857828418668
70.9,-1087766.088122203,18794950.0,50.02998376955119
70.91,-1149050.2829354666,18714530.0,50.03132225644731
70.92,-1189079.290253655,18653240.0,50.03254573804353
70.93,-1206464.5940843092,18613190.0,50.033610222280245
70.94,-1200597.0141487275,18595790.0,50.03447717466266
70.95,-1171659.2228873544,18601640.0,50.03511480226125
70.96,-1120625.3480668713,18630560.0,50.035499251108284
70.97,-1049245.6407610925,18681560.0,50.035615626796336
70.98,-960006.7573045134,18752920.0,50.03545870412588
70.99,-856062.8515994616,18842120.0,50.03503327486554
71.0,-741137.8029486323,18946030.0,50.034354119008015
71.01,-619401.2355875961,19060920.0,50.03344559121557
71.02,-495322.2731880194,19182620.0,50.03234082484816
71.03,-373500.8814706575,19306660.0,50.031080504356865
71.04,-258481.87454818486,19428430.0,50.02971124581721
71.05,-154567.357901489,19543410.0,50.02828374632554
71.06,-65643.50446040707,19647270.0,50.02685083662318
71.07,4970.922938960488,19736140.0,50.02546548654445
71.08,54649.86689969024,19806700.0,50.024178828104645
71.09,81555.77271718951,19856320.0,50.023038267117116
71.1,84703.17409871158,19883170.0,50.02208575555672
71.11,63988.248990937136,19886250.0,50.02135629069805
71.12,20189.41773673368,19865470.0,50.02087662338186
71.13,-45056.9269892021,19821600.0,50.020664194942
71.14,-129311.3517722782,19756290.0,50.02072643656857
71.15,-229422.1641745858,19671960.0,50.021060514924066
71.16,-341648.5478836263,19571770.0,50.02165350535538
71.17,-461808.6287810144,19459470.0,50.02248295964029
71.18,-585443.5832139126,19339230.0,50.023517822391575
71.19,-707991.2448944116,19215520.0,50.024719672343
71.2,-824965.8573115969,19092890.0,50.02604428285727
71.21,-932130.9477876669,18975830.0,50.0274433493165
71.22,-1025651.1580669952,18868570.0,50.02886624424215
71.23,-1102218.1068881205,18774970.0,50.03026176400513
71.24,-1159150.3465711824,18698310.0,50.03157984230234
71.25,-1194468.7677576514,18641280.0,50.03277319904495
71.26,-1206948.6424992438,18605870.0,50.03379888870404
71.27,-1196149.0225867429,18593290.0,50.03461971051528
71.28,-1162422.1388926702,18603990.0,50.03520547298812
71.29,-1106910.0276602337,18637610.0,50.03553416030314
71.3,-1031524.4389995426,18693020.0,50.03559289365902
71.31,-938901.0356974963,18768300.0,50.03537856638659
71.32,-832324.2788622299,18860810.0,50.03489811319497
71.33,-715623.8635954417,18967280.0,50.03416839995324
71.34,-593045.6934813355,19083860.0,50.03321572828725
71.35,-469101.2691123944,19206330.0,50.032074956334895
71.36,-348394.26279108186,19330150.0,50.030788174175974
71.37,-235432.63850491698,19450740.0,50.02940302113591
71.38,-134443.2758888256,19563580.0,50.027970809253354
71.39,-49202.89786397992,19664440.0,50.02654456080432
71.4,17108.16070994304,19749550.0,50.025177011755204
71.41,62025.243039124995,19815740.0,50.02391864749194
71.42,83888.51248323778,19860520.0,50.02281584283772
71.43,81899.39491925674,19882250.0,50.021909177661406
71.44,56143.04823254724,19880130.0,50.021231988221025
71.45,7583.9109819185105,19854230.0,50.02080911322564
71.46,-61964.36233699572,19805530.0,50.02065589636061
71.47,-149901.50963286252,19735850.0,50.02077758054876
71.48,-252938.8459944438,19647770.0,50.021169146873504
71.49,-367228.43278955057,19544590.0,50.0218155753971
71.5,-488515.3129134504,19430150.0,50.022692491331924
71.51,-612303.8571209898,19308720.0,50.02376714901232
71.52,-734033.433412405,19184780.0,50.02499974959359
71.53,-849257.8283489577,19062900.0,50.02634504893969
71.54,-953814.5384275252,18947520.0,50.02775409959948
71.55,-1043971.158692766,18842810.0,50.029176004884924
71.56,-1116545.629045887,18752500.0,50.03055966092208
71.57,-1169000.8539841007,18679770.0,50.031855459303564
71.58,-1199515.0409219624,18627160.0,50.03301691743827
71.59,-1207028.883867712,18596480.0,50.03400220068458
71.6,-1191270.1980939703,18588810.0,50.0347754982341
71.61,-1152760.4236345016,18604410.0,50.035308269116506
71.62,-1092808.2275851322,18642750.0,50.03558037448158
71.63,-1013484.6209654986,18702540.0,50.03558097812234
71.64,-917570.9611307315,18781690.0,50.035309104355996
71.65,-808477.6137021637,18877440.0,50.03477382758268
71.66,-690134.6826899168,18986360.0,50.03399408030019
71.67,-566858.0873776014,19104530.0,50.032998076018444
71.68,-443194.7737753951,19227630.0,50.03182234742567
71.69,-323744.8138952781,19351120.0,50.03051032700968
71.7,-212972.01789132628,19470390.0,50.02911060437448
71.71,-115021.10741046193,19580990.0,50.02767502707384
71.72,-33553.12748340855,19678760.0,50.02625672650206
71.73,28395.241531144944,19760040.0,50.02490812303589
71.74,68524.6938489225,19821810.0,50.02367897840714
71.75,85355.59735346748,19861750.0,50.02261456748079
71.76,78277.16942925559,19878400.0,50.02175404029008
71.77,47562.877475980145,19871130.0,50.021129027381384
71.78,-5638.966325514601,19840230.0,50.020762425037944
71.79,-79341.01459004817,19786840.0,50.0206674655078
71.8,-170787.0159052011,19712950.0,50.02084720652044
71.81,-276557.1995105019,19621310.0,50.02129446343919
71.82,-392703.1847543312,19515350.0,50.021992156289215
71.83,-514904.08189148933,19399010.0,50.022914032757825
71.84,-638634.9526842565,19276620.0,50.02402571998875
71.85,-759344.3319751583,19152700.0,50.02528611670536
71.86,-872632.7732541333,19031790.0,50.026649042267046
71.87,-974417.9463350038,18918310.0,50.02806498698018
71.88,-1061075.516853553,18816330.0,50.02948286530018
71.89,-1129553.8201794198,18729470.0,50.03085175203448
71.9,-1177463.1902421764,18660800.0,50.03212257260034
71.91,-1203141.2755578372,18612690.0,50.03324971338028
71.92,-1205695.3652851882,18586820.0,50.034192515789314
71.93,-1185022.3955278252,18584060.0,50.034916617989836
71.94,-1141812.7351788934,18604540.0,50.0353951827024
71.95,-1077540.5647003604,18647550.0,50.0356099909265
71.96,-994433.7224389516,18711620.0,50.035552275211
71.97,-895415.4569032735,18794520.0,50.035223200054006
71.98,-784016.9316657851,18893340.0,50.03463397091462
71.99,-664262.383497501,19004530.0,50.03380556004131
72.0,-540530.4771306196,19124080.0,50.03276804777202
72.01,-417394.2571723798,19247610.0,50.031559562063244
72.02,-299439.9074816985,19370540.0,50.030224781564584
72.03,-191077.47374429024,19488290.0,50.02881314716055
72.04,-96361.3062429959,19596450.0,50.0273769429956
72.05,-18830.132514734636,19690960.0,50.02596931218696
72.06,38628.09914008295,19768280.0,50.0246422656131
72.07,73882.9802996231,19825530.0,50.02344475345764
72.08,85637.09274295694,19860580.0,50.02242087168602
72.09,73467.91701705928,19872120.0,50.02160827310044
72.1,37837.5390042339,19859750.0,50.02103681143566
72.11,-19922.22734466457,19823910.0,50.02072737959079
72.12,-97652.7289845231,19765940.0,50.02069106319058
72.13,-192446.37422941782,19688000.0,50.02092872492593
72.14,-300758.8304821922,19593000.0,50.02143102711152
72.15,-300758.8304821922,19484480.0,50.02143102711152
72.16,-541781.1212422841,19484280.0,50.02314857137782
72.17,-541781.1212422841,19243050.0,50.02314857137782
72.18,-665885.9125265635,19242840.0,50.024302728103386
72.19,-785916.4267203517,19118530.0,50.0255942869367
72.2,-897411.9728565433,18998300.0,50.02697661050107
72.21,-996382.3177897097,18886600.0,50.028399987029545
72.22,-1079362.7013022418,18787420.0,50.02981343833647
72.23,-1143488.1419901669,18704240.0,50.03116647076802
72.24,-1186564.105413875,18639910.0,50.03241076075149
72.25,-1207123.2057416788,18596630.0,50.03350174874968
72.26,-1204463.221588111,18575870.0,50.0344001076458
72.27,-1178664.6245211402,18578330.0,50.03507305417553
72.28,-1130594.1045347783,18603930.0,50.035495562567334
72.29,-1061893.6356227375,18651800.0,50.035651419738116
72.3,-974946.2698928755,18720300.0,50.03553398874704
72.31,-872812.7396380138,18807050.0,50.03514661343296
72.32,-759138.6671482445,18908980.0,50.03450264814976
72.33,-638034.7843819141,19022460.0,50.03362510249728
72.34,-513934.0746598881,19143360.0,50.03254590277707
72.35,-391426.6511662866,19267260.0,50.03130473200109
72.36,-275075.5305098634,19389570.0,50.02994745867036
72.37,-169228.16569912306,19505730.0,50.02852430999767
72.38,-77840.55123436567,19611380.0,50.027087935988455
72.39,-4322.214738170151,19702570.0,50.0256914182415
72.4,48593.18852365052,19775900.0,50.024386286176714
72.41,78948.22342958557,19828620.0,50.023220611285566
72.42,85630.18518967443,19858780.0,50.022237251360615
72.43,68405.70446214586,19865280.0,50.02147231332131
72.44,27925.012128687988,19847860.0,50.02095383531996
72.45,-34298.467448583804,19807190.0,50.020700682188355
72.46,-115938.04078574857,19744780.0,50.02072178366913
72.47,-213939.29770138796,19662960.0,50.021015814327505
72.48,-324638.88434369786,19564770.0,50.021571305810156
72.49,-443909.4286638528,19453890.0,50.02236715914815
72.5,-567321.8652020094,19334440.0,50.02337351338676
72.51,-690317.3599002529,19210850.0,50.02455293220473
72.52,-808387.0436339787,19087670.0,50.02586192960955
72.53,-917247.220312934,18969430.0,50.027252686107104
72.54,-1012994.8717426138,18860390.0,50.02867480336752
72.55,-1092237.3242385606,18764470.0,50.03007705271354
72.56,-1152195.8745804033,18685060.0,50.03140909524981
72.57,-1190784.6395957866,18624930.0,50.03262314196141
72.58,-1206665.9227371877,18586170.0,50.033675518988844
72.59,-1199282.889861154,18570120.0,50.03452810049972
72.6,-1168870.9729149735,18577340.0,50.035149585076475
72.61,-1116456.6056372896,18607590.0,50.035516684948576
72.62,-1043840.4401451848,18659840.0,50.035615128323194
72.63,-953555.7645720917,18732300.0,50.03544034619082
72.64,-848797.6500159437,18822430.0,50.034997795501944
72.65,-733323.3665080533,18927030.0,50.03430290516153
72.66,-611326.7974453552,19042350.0,50.033380636722626
72.67,-487290.81559964985,19164190.0,50.03226466248337
72.68,-365817.1207975292,19288070.0,50.03099610756097
72.69,-251439.62078167422,19409400.0,50.02962191035103
72.7,-148437.52820862457,19523630.0,50.02819296366108
72.71,-60663.39741266589,19626480.0,50.02676216224978
72.72,8606.758490522509,19714110.0,50.025382407169175
72.73,56796.911985766026,19783240.0,50.02410463253793
72.74,82124.74777149712,19831290.0,50.02297592585231
72.75,83663.03478096111,19856480.0,50.02203781346684
72.76,61366.971757480234,19857880.0,50.02132477586233
72.77,16073.196188875707,19835450.0,50.02086296766702
72.78,-50526.30441233853,19790020.0,50.02066917493163
72.79,-135941.53277851868,19723290.0,50.020750144057644
72.8,-236977.58898616684,19637750.0,50.02110235652406
72.81,-349859.70693530526,19536590.0,50.021712229490504
72.82,-470382.6502361424,19423590.0,50.02255670822273
72.83,-594075.5517632749,19302940.0,50.023604203836946
72.84,-716376.1807231659,19179130.0,50.02481585850852
72.85,-832810.6034998483,19056720.0,50.026147120889455
72.86,-939164.9565592334,18940170.0,50.027549478281905
72.87,-1031635.5878872379,18833710.0,50.02897221156191
72.88,-1106953.1717103468,18741130.0,50.030364140559826
72.89,-1162481.0220292835,18665710.0,50.03167533453565
72.9,-1196288.914351665,18610080.0,50.03285875528732
72.91,-1207203.6181311063,18576180.0,50.03387179753649
72.92,-1194836.8220656316,18565170.0,50.034677688707255
72.93,-1159593.6278112829,18577440.0,50.035246747723825
72.94,-1102668.249684117,18612590.0,50.035557541138296
72.95,-1026022.4564018105,18669430.0,50.03559782594821
72.96,-932337.832373394,18745990.0,50.03536516062284
72.97,-824938.7136228166,18839590.0,50.03486714959888
72.98,-707686.841455476,18946910.0,50.03412130773869
72.99,-584850.7840692282,19064080.0,50.033154539293356
73.0,-460954.00724123965,19186840.0,50.03200223294395
73.01,-340599.99850131443,19310660.0,50.0307069071128
73.02,-228283.86098915373,19430950.0,50.02931650810304
73.03,-128207.70791077585,19543200.0,50.02788252637159
73.04,-44112.957120180945,19643210.0,50.02645803000439
73.05,20864.199179843883,19727240.0,50.025095668314066
73.06,64310.146518772584,19792160.0,50.023845712412374
73.07,84620.88074577076,19835540.0,50.022754204672715
73.08,81056.19424439309,19855800.0,50.021861288536314
73.09,53759.944284770696,19852190.0,50.02119977642027
73.1,3754.0481664134422,19824840.0,50.02079390784363
73.11,-67093.36719515471,19774790.0,50.020658372694626
73.12,-156132.92938241299,19703900.0,50.020797735099954
73.13,-260034.47191721288,19614820.0,50.02120630142246
73.14,-374918.0099741819,19510890.0,50.02186840788473
73.15,-496507.22302712034,19395970.0,50.02275909100818
73.16,-620296.4490652164,19274350.0,50.0238450922994
73.17,-741726.925511154,19150540.0,50.02508619904624
73.18,-856366.0439491523,19029090.0,50.02643686635327
73.19,-960075.4930118145,18914430.0,50.02784796331341
73.2,-1049155.9518206455,18810700.0,50.02926852663533
73.21,-1120465.572755462,18721610.0,50.03064750077972
73.22,-1171512.9207649669,18650290.0,50.0319354367867
73.23,-1200525.7350636749,18599240.0,50.03308611665125
73.24,-1206496.5781972376,18570220.0,50.03405806671735
73.25,-1189205.9600899052,18564250.0,50.03481592231209
73.26,-1149227.9469364346,18581550.0,50.03533166786889
73.27,-1087922.8107516044,18621540.0,50.03558575808126
73.28,-1007410.6288886948,18682850.0,50.03556799888463
73.29,-910517.344314911,18763380.0,50.03527808089401
73.3,-800691.4859100234,18860290.0,50.034725743799655
73.31,-681893.1310397198,18970130.0,50.03393055869929
73.32,-558458.4774435742,19088960.0,50.032921325461245
73.33,-434943.5072518121,19212420.0,50.03173508160103
73.34,-315945.01996924146,19335960.0,50.030415658184424
73.35,-205911.02087189234,19454990.0,50.02901191986469
73.36,-108958.83673226443,19565060.0,50.02757585962786
73.37,-28711.981670293142,19662060.0,50.026160621568216
73.38,31838.801319822436,19742340.0,50.024818506899514
73.39,70446.58890063106,19802940.0,50.02359903214008
73.4,85688.42338999477,19841600.0,50.022547111598506
73.41,77012.23066588695,19856890.0,50.021701434266305
73.42,44750.31882508029,19848280.0,50.02109308268005
73.43,-9891.628241922474,19816070.0,50.02074433265244
73.44,-84872.5351619802,19761500.0,50.020667749400026
73.45,-177388.47854587145,19686580.0,50.02086570642095
73.46,-283980.22216955235,19594140.0,50.02133034597881
73.47,-400669.7774012645,19487620.0,50.02204395233241
73.48,-523117.57089053234,19371010.0,50.02297969799439
73.49,-646791.4755964831,19248650.0,50.024102716373264
73.5,-767144.8210540011,19125060.0,50.02537151640348
73.51,-879794.5300954576,19004800.0,50.02673964298741
73.52,-980684.7586870396,18892250.0,50.02815742829281
73.53,-1066226.0421433721,18791450.0,50.02957374465061
73.54,-1133408.2496872866,18706020.0,50.030937738655446
73.55,-1179888.2613508652,18638940.0,50.03220051689712
73.56,-1204053.7295163434,18592570.0,50.03331674971791
73.57,-1205063.911442162,18568520.0,50.034246156257886
73.58,-1182868.2985284931,18567630.0,50.0349548358313
73.59,-1138209.607423058,18589940.0,50.03541649010089
73.6,-1072613.1160019105,18634720.0,50.03561350381053
73.61,-988354.7792642696,18700450.0,50.03553775588918
73.62,-888401.0307723548,18784840.0,50.035191075711275
73.63,-776319.4007750512,18884930.0,50.03458532704774
73.64,-656161.990606439,18997150.0,50.033742108478386
73.65,-532325.4223856893,19117440.0,50.03269206962696
73.66,-409389.16850193933,19241430.0,50.03147381972117
73.67,-291933.34815109393,19364510.0,50.03013240734805
73.68,-184349.67421394028,19482120.0,50.02871751984075
73.69,-90662.99796698825,19589850.0,50.027281558600336
73.7,-14372.871911390568,19683700.0,50.02587765218281
73.71,41679.84172465652,19760150.0,50.024557667086945
73.72,75417.75618730031,19816360.0,50.02337028599382
73.73,85600.24979570479,19850270.0,50.022359225848746
73.74,71863.11537508626,19860620.0,50.02156166459915
73.75,34726.58085245645,19847060.0,50.02100689683143
73.76,-24421.294636393897,19810100.0,50.02071518966063
73.77,-103369.69728687144,19751130.0,50.020696962345035
73.78,-199165.3479376315,19672370.0,50.02095240023989
73.79,-308226.74783159024,19576760.0,50.0214715050404
73.8,-426485.7615012865,19467890.0,50.0222345504642
73.81,-549547.917743581,19349820.0,50.023212901272316
73.82,-672863.014977052,19226960.0,50.024370150968814
73.83,-791904.4008178569,19103840.0,50.02566360566843
73.84,-902345.6059487202,18985000.0,50.02704597923518
73.85,-1000219.2913049427,18874770.0,50.02846714735744
73.86,-1082050.8107937565,18777100.0,50.02987589812544
73.87,-1144965.6313851387,18695480.0,50.03122165813433
73.88,-1186771.7830042713,18632780.0,50.032456163616665
73.89,-1206018.6649788981,18591200.0,50.0335350421228
73.9,-1202033.0595448872,18572170.0,50.034419267243734
73.91,-1174933.3205705266,18576380.0,50.03507645578833
73.92,-1125629.9184788521,18603700.0,50.03548207244973
73.93,-1055811.4507927909,18653230.0,50.0356204679277
73.94,-967907.0886993168,18723280.0,50.035485616676745
73.95,-865020.0720606977,18811420.0,50.03508149491839
73.96,-750832.2368528,18914540.0,50.03442208311524
73.97,-629482.0621838282,19028960.0,50.033530983844486
73.98,-505420.15849297284,19150550.0,50.032440657473906
73.99,-383242.5073667933,19274850.0,50.031191231864625
74.0,-267505.3793389849,19397270.0,50.02982890889758
74.01,-162537.17345743853,19513250.0,50.02840412585387
74.02,-72263.68318469485,19618460.0,50.026969614068186
74.03,-54.682427351363,19708980.0,50.02557840618251
74.04,51403.63030801236,19781440.0,50.024281855136586
74.05,80206.92654735618,19833140.0,50.02312773601814
74.06,85299.02143135754,19862200.0,50.02215850292481
74.07,66504.17434385879,19867540.0,50.02140976822167
74.08,24529.683429676632,19849000.0,50.02090899635654
74.09,-39056.22916086478,19807290.0,50.020674417353895
74.1,-121876.49894019135,19743960.0,50.02071429130438
74.11,-220833.13865107056,19661400.0,50.02102661819349
74.12,-332228.0041654385,19562700.0,50.02159927762415
74.13,-451909.1479119105,19451570.0,50.02241056588538
74.14,-575433.9671890577,19332150.0,50.023430086087295
74.15,-698241.9072103744,19208890.0,50.02461995940113
74.16,-815834.2153648918,19086350.0,50.02593636636217
74.17,-923948.1003142779,18969020.0,50.02733126795972
74.18,-1018710.5857389354,18861170.0,50.028754160452024
74.19,-1096766.4728489895,18766680.0,50.030153823069924
74.2,-1155380.330411165,18688900.0,50.03148003525487
74.21,-1192513.7969812416,18630550.0,50.03268523164147
74.22,-1206879.4561693333,18593690.0,50.033726059731734
74.23,-1197972.07154021,18579600.0,50.03456480296703
74.24,-1166079.0930508985,18588770.0,50.03517065169929
74.25,-1112278.45445887,18620940.0,50.035520882310244
74.26,-1038420.331784478,18675010.0,50.035601841499954
74.27,-947083.6971299062,18749140.0,50.03540961023315
74.28,-841503.5774272126,18840750.0,50.03495030301163
74.29,-725469.7017051912,18946600.0,50.034239988916205
74.3,-603199.3945605492,19062910.0,50.033304227522756
74.31,-479188.6142104895,19185450.0,50.03217722140706
74.32,-358040.32085040916,19309730.0,50.03090052844985
74.33,-244277.2894381262,19431150.0,50.02952140312617
74.34,-142155.86315654113,19545190.0,50.0280909295399
74.35,-55495.264654581086,19647580.0,50.02666206445462
74.36,12470.665834718384,19734510.0,50.02528764121688
74.37,59215.089647148736,19802740.0,50.02401840019408
74.38,83009.87138948822,19849750.0,50.02290111770281
74.39,82984.75865044765,19873820.0,50.02197690485891
74.4,59152.570338485995,19874060.0,50.02127973864911
74.41,12406.673153898446,19850490.0,50.02083519339637
74.42,-55506.87715135049,19804010.0,50.02065941809954
74.43,-142049.00477495888,19736360.0,50.02075849411555
74.44,-243982.98179614966,19650080.0,50.02112823841496
74.45,-357501.31562327733,19548410.0,50.02175443100172
74.46,-478376.4010659074,19435160.0,50.02261343099684
74.47,-602126.0391705738,19314540.0,50.02367313499374
74.48,-724188.355784608,19191050.0,50.02489426584324
74.49,-840101.3566061489,19069250.0,50.02623196234681
74.5,-945673.6039267841,18953590.0,50.02763751585193
74.51,-1037132.7124747281,18848280.0,50.029060125047366
74.52,-1111247.7535274802,18757070.0,50.03044863989198
74.53,-1165425.9274196192,18683210.0,50.031753268620406
74.54,-1197784.8418275658,18629290.0,50.03292721528022
74.55,-1207201.55548921,18597180.0,50.03392821202457
74.56,-1193339.0496557134,18588010.0,50.034719908429906
74.57,-1156653.8522054036,18602120.0,50.03527312481479
74.58,-1098390.8021409314,18639050.0,50.035566997734634
74.59,-1020560.0108883693,18697550.0,50.03558990405325
74.6,-925887.2597274802,18775630.0,50.03534004880205
74.61,-817735.0553239005,18870540.0,50.03482568546861
74.62,-699995.5499405491,18978920.0,50.03406495554148
74.63,-576958.4911300852,19096900.0,50.033085342847016
74.64,-453158.00931473577,19220160.0,50.031922743244216
74.65,-333196.4095328312,19344190.0,50.030620081541684
74.66,-221555.31655180553,19464380.0,50.02922559142565
74.67,-122411.83325810148,19576240.0,50.02779092471618
74.68,-39472.21276818006,19675610.0,50.02636918158315
74.69,24170.998158555944,19758760.0,50.025012914495356
74.7,66154.40996523015,19822620.0,50.023772173845146
74.71,84928.73139698245,19864820.0,50.02269266727445
74.72,79810.76348043565,19883800.0,50.021814103360555
74.73,51001.50477759709,19878890.0,50.02116877622061
74.74,-421.36076326691546,19850280.0,50.020780335521344
74.75,-72537.02764577512,19799060.0,50.02066282993005
74.76,-162648.81438402832,19727140.0,50.020820160017976
74.77,-267386.80242510827,19637230.0,50.02124597458194
74.78,-382840.56394462317,19532680.0,50.0219239845445
74.79,-504713.8094755257,19417420.0,50.02282865656507
74.8,-628492.02054655,19295730.0,50.02392623830756
74.81,-749619.2630877288,19172140.0,50.02517612196732
74.82,-863677.1581087408,19051190.0,50.026532478521425
74.83,-966551.7209944999,18937310.0,50.02794600610483
74.84,-1054576.3785735636,18834610.0,50.02936568340145
74.85,-1124648.7630670113,18746750.0,50.03074050798501
74.86,-1174322.0440312694,18676850.0,50.03202119128414
74.87,-1201872.1749936072,18627340.0,50.03316177694994
74.88,-1206342.0873648804,18599950.0,50.034121145882004
74.89,-1187563.423738566,18595640.0,50.0348643705596
74.9,-1146161.3151756772,18614570.0,50.0353639494901
74.91,-1083546.0668247521,18656120.0,50.0356009168756
74.92,-1001885.1643593281,18718880.0,50.03556570321346
74.93,-904047.4561117014,18800690.0,50.03525864545647
74.94,-793518.0129411828,18898660.0,50.03469012703133
74.95,-674285.4076010564,19009320.0,50.033880335356905
74.96,-550704.8689762668,19128690.0,50.0328586346768
74.97,-427340.29503689846,19252390.0,50.03166254431434
74.98,-308784.266494978,19375880.0,50.03033627125375
74.99,-199468.56709702878,19494550.0,50.028928937582236
75.0,-103483.30534155149,19603980.0,50.027492669061644
75.01,-24415.17220803385,19700070.0,50.026080614626565
75.02,34789.85086101713,19779250.0,50.02474495358932
75.03,71935.67960495618,19838550.0,50.023534959349725
75.04,85654.23118054064,19875800.0,50.02249519216168
75.05,75450.14687493042,19889610.0,50.02166389093783
75.06,41712.62292446615,19879490.0,50.02107160311363
75.07,-14297.293910860433,19845840.0,50.02074000112212
75.08,-90486.84010953351,19789910.0,50.02068100357165
75.09,-184006.42671152262,19713790.0,50.02089632270648
75.1,-291359.229415422,19620350.0,50.02137745213939
75.11,-408539.2922233793,19513060.0,50.02210606505214
75.12,-531189.6706933313,19395950.0,50.023054782592965
75.13,-654771.9770498256,19273360.0,50.02418826648678
75.14,-774744.8105923894,19149830.0,50.025464654889305
75.15,-886741.4749887127,19029910.0,50.026837233657965
75.16,-986732.2200976826,18917960.0,50.02825618870618
75.17,-1071161.720126526,18818010.0,50.0296703585085
75.18,-1137060.3605167917,18733620.0,50.03102896593491
75.19,-1182130.3545368917,18667760.0,50.03228329998281
75.2,-1204808.019594848,18622720.0,50.03338831313262
75.21,-1204303.1531926647,18600070.0,50.03430409738784
75.22,-1180616.3317507464,18600600.0,50.0349972056792
75.23,-1134541.1557636382,18624300.0,50.03544186882798
75.24,-1067652.578578385,18670390.0,50.035621063610705
75.25,-982273.3021910209,18737280.0,50.035527301811115
75.26,-881411.6787835234,18822670.0,50.03516306312027
75.27,-768670.4801369228,18923530.0,50.03454085450688
75.28,-648128.703667674,19036260.0,50.03368288552148
75.29,-524200.14997389016,19156790.0,50.0326203601261
75.3,-401470.17984480446,19280710.0,50.03139235511983
75.31,-284512.6008830829,19403420.0,50.03004427742681
75.32,-177700.835256426,19520350.0,50.02862605150861
75.33,-85030.54579320562,19627130.0,50.02719018920144
75.34,-9962.689190972014,19719770.0,50.02578980070061
75.35,44708.14090180164,19794800.0,50.02447660735404
75.36,76956.5704964858,19849430.0,50.02329902648254
75.37,85597.63929210557,19881630.0,50.02230040071003
75.38,70324.22024010302,19890220.0,50.021517440467214
75.39,31713.38654584065,19874890.0,50.020978890980196
75.4,-28791.85953198612,19836220.0,50.02070440523846
75.41,-108929.81049170485,19775650.0,50.020703749370455
75.42,-205702.67113752116,19695450.0,50.020976445495045
75.43,-315492.7989679984,19598600.0,50.02151184903924
75.44,-434205.7848730005,19488730.0,50.02228962949683
75.45,-557431.6567747775,19369940.0,50.023280611176055
75.46,-680615.8979587681,19246630.0,50.024447930100116
75.47,-799239.0683862686,19123360.0,50.025748538596226
75.48,-908992.943379225,19004640.0,50.02713491055437
75.49,-1005938.0069010863,18894790.0,50.028556795974886
75.5,-1086635.2898427984,18797740.0,50.02996297038037
75.51,-1148252.099786593,18716940.0,50.03130295824011
75.52,-1188642.8686478857,18655220.0,50.03252869924795
75.53,-1206406.432114704,18614710.0,50.033596122796
75.54,-1200920.589421756,18596830.0,50.03446659341153
75.55,-1172354.9344275002,18602200.0,50.035108197093855
75.56,-1121670.641727566,18630640.0,50.03549694021229
75.57,-1050605.4640647222,18681190.0,50.035617774421915
75.58,-961634.4551112377,18752130.0,50.03546531182349
75.59,-857901.5457248429,18840960.0,50.03504417888664
75.6,-743122.2287906989,18944550.0,50.034368994003486
75.61,-621459.9715808684,19059190.0,50.03346396017211
75.62,-497380.32466218376,19180700.0,50.03236207559259
75.63,-375482.6495692588,19304620.0,50.03110391364275
75.64,-260314.29262622236,19426370.0,50.02973600848095
75.65,-156182.86387887213,19541370.0,50.028309006418745
75.66,-66982.69710298197,19645340.0,50.02687571977986
75.67,3957.0077247021254,19734370.0,50.0254891328442
75.68,53997.94927410118,19805140.0,50.02420042383561
75.69,81289.02186282421,19855000.0,50.023057074625264
75.7,84830.442416267,19882110.0,50.02210113990358
75.71,64503.86006960529,19885470.0,50.0213677422509
75.72,21073.339064545347,19864960.0,50.0208837776705
75.73,-43838.46682067233,19821340.0,50.02066684755337
75.74,-127804.64153140399,19756230.0,50.02072455064124
75.75,-227684.2135770711,19672070.0,50.021054221524366
75.76,-339744.83602042025,19571990.0,50.021643097305855
75.77,-459810.515356467,19459730.0,50.022468879118286
75.78,-583425.5359389549,19339460.0,50.02350064329386
75.79,-706027.8938094311,19215640.0,50.02470007665757
75.8,-823129.0526571951,19092830.0,50.026023033167235
75.81,-930487.0938566106,18975520.0,50.02742126025179
75.82,-1024258.9557214109,18867940.0,50.02884415383478
75.83,-1101126.7167937334,18773950.0,50.030240505248955
75.84,-1158397.9819640163,18696860.0,50.031560215771954
75.85,-1194081.6697457666,18639370.0,50.03275594671034
75.86,-1206940.4302313293,18603460.0,50.033784669759626
75.87,-1196520.409585266,18590380.0,50.03460907979247
75.88,-1163160.8583317825,18600570.0,50.03519886056751
75.89,-1107990.9893377349,18633690.0,50.03553185374167
75.9,-1032910.2730029707,18688630.0,50.035595025068524
75.91,-940543.0987735147,18763470.0,50.0353851051471
75.92,-834164.1303727678,18855600.0,50.03490886469506
75.93,-717595.1906051963,18961730.0,50.03418301073006
75.94,-595076.6113673946,19078060.0,50.033233697333536
75.95,-471116.9394100171,19200330.0,50.032095652663344
75.96,-350319.8528757625,19324040.0,50.03081086161226
75.97,-237196.42368511838,19444590.0,50.02942688802348
75.98,-135979.55847626267,19557460.0,50.02799499992439
75.99,-50454.585984029225,19658420.0,50.026568207950305
76.0,16187.381948616938,19743690.0,50.02519926890433
76.01,61469.211641560076,19810080.0,50.023938720311925
76.02,83717.40244580957,19855100.0,50.022833018176094
76.03,82119.0741406302,19877090.0,50.02192284921053
76.04,56744.99040992954,19875230.0,50.02124167793066
76.05,8545.487143901992,19849590.0,50.02081448985629
76.06,-60679.16329945694,19801130.0,50.020656789072014
76.07,-148340.76911001554,19731640.0,50.020773985031354
76.08,-251160.85579933604,19643710.0,50.02116122452504
76.09,-365299.3884887569,19540630.0,50.021803645852195
76.1,-486506.7033946693,19426220.0,50.02267701909647
76.11,-610289.6980943332,19304750.0,50.02374872505575
76.12,-732087.3561694433,19180700.0,50.024979067220066
76.13,-847450.1906814615,19058640.0,50.02632287597969
76.14,-952209.8256362204,18943010.0,50.027731249753884
76.15,-1042625.8143304884,18837980.0,50.0291533093107
76.16,-1115506.3165055732,18747300.0,50.030537940209875
76.17,-1168303.1268017595,18674150.0,50.031835496370526
76.18,-1199182.3986882044,18621090.0,50.03299943189576
76.19,-1207072.2060861997,18589940.0,50.03398782537902
76.2,-1191687.5355456069,18581780.0,50.034764758377726
76.21,-1153537.0040594982,18596900.0,50.03530156284642
76.22,-1093916.6989182716,18634780.0,50.03557795620136
76.23,-1014885.6682571915,18694140.0,50.035582946621304
76.24,-919214.3855108506,18772900.0,50.035315396719206
76.25,-810303.8821058668,18868310.0,50.034784219239604
76.26,-692076.9102958957,18976950.0,50.034008191347176
76.27,-568844.3643348402,19094910.0,50.03301538344943
76.28,-445150.8066251845,19217880.0,50.031842203754174
76.29,-325596.90895044757,19341310.0,50.03053198613806
76.3,-214650.14219295955,19460600.0,50.0291332515414
76.31,-116461.73967162624,19571290.0,50.02769781044657
76.32,-34701.767103094026,19669210.0,50.026278789642234
76.33,27582.00194233691,19750710.0,50.02492863697048
76.34,68077.58192504675,19812730.0,50.023697172300764
76.35,85291.59569900227,19852970.0,50.0226297568138
76.36,78599.0092053471,19869930.0,50.02176565132318
76.37,48259.04295743705,19862980.0,50.02113661777562
76.38,-4593.877186162048,19832380.0,50.02076570156409
76.39,-77985.43672313174,19779270.0,50.020666295749535
76.4,-169170.99662066146,19705630.0,50.02084162356305
76.41,-274740.4559829044,19614190.0,50.021284663666165
76.42,-390752.7464115151,19508380.0,50.02197849071005
76.43,-512891.66213659936,19392120.0,50.022896992661444
76.44,-636634.1636954056,19269730.0,50.02400591738593
76.45,-757427.7629984627,19145750.0,50.02526425916872
76.46,-870869.1621362964,19024710.0,50.02662590498921
76.47,-972869.7047500056,18911030.0,50.02804138458142
76.48,-1059796.6842476625,18808790.0,50.02945962377511
76.49,-1128588.4346935218,18721630.0,50.03082968114031
76.5,-1176844.0478848824,18652610.0,50.032102439157924
76.51,-1202889.0657094535,18604120.0,50.033232216184544
76.52,-1205818.17228851,18577850.0,50.03417826271765
76.53,-1185515.541203871,18574690.0,50.034906105652254
76.54,-1142658.8109222609,18594770.0,50.0353887773596
76.55,-1078709.7188390535,18637400.0,50.03560791257659
76.56,-995884.3646422885,18701130.0,50.0355545869842
76.57,-897095.4404339083,18783740.0,50.035229803509765
76.58,-785865.1924774541,18882310.0,50.03464460736633
76.59,-666210.9828009607,18993330.0,50.03381981796737
76.6,-542507.0004779566,19112770.0,50.03278537650936
76.61,-419324.61028934014,19236260.0,50.0315792929755
76.62,-301251.3498210433,19359240.0,50.03024615491024
76.63,-192701.60983944917,19477110.0,50.02883534205843
76.64,-97736.81511900458,19585450.0,50.027399108812865
76.65,-19905.12925276067,19680220.0,50.025990600493664
76.66,37894.130241482286,19757850.0,50.02466186170816
76.67,73517.71948076994,19815450.0,50.02346190645617
76.68,85654.42259151733,19850890.0,50.022434922033064
76.69,73867.51912689622,19862830.0,50.021618676115
76.7,38604.92220455967,19850860.0,50.021043157872356
76.71,-18815.2955051068,19815410.0,50.02072941225079
76.72,-96247.26521725388,19757810.0,50.020688687240956
76.73,-190794.62394954244,19680200.0,50.02092201081007
76.74,-298922.2107239423,19585470.0,50.02142020679544
76.75,-416595.75941083353,19477170.0,50.022164319038545
76.76,-539441.0236155001,19359330.0,50.02312640244612
76.77,-662913.8144028303,19236320.0,50.02427063592445
76.78,-782478.8448190867,19112680.0,50.02555478008961
76.79,-893786.9809678738,18992960.0,50.02693185936494
76.8,-992836.0316165496,18881490.0,50.02835191540027
76.81,-1076106.4764560035,18782290.0,50.029763758768006
76.82,-1140671.0318554537,18698870.0,50.031116698475365
76.83,-1184279.131547438,18634160.0,50.032362219114
76.84,-1205417.6453108012,18590400.0,50.03345557126031
76.85,-1203348.7579419785,18569120.0,50.03435723823322
76.86,-1178125.8672880381,18571050.0,50.03503424664212
76.87,-1130595.0698230006,18596140.0,50.0354613780298
76.88,-1062382.4558670367,18643540.0,50.035622223699505
76.89,-975858.7360073456,18711620.0,50.03550995088166
76.9,-874075.1597237787,18798020.0,50.03512771105165
76.91,-760670.3725219796,18899680.0,50.0344886738041
76.92,-639750.5237976281,19012970.0,50.0336156763842
76.93,-515746.44639438903,19133770.0,50.03254049030448
76.94,-393248.8152055678,19257660.0,50.03130266878826
76.95,-276824.1141806088,19380040.0,50.029947980936115
76.96,-170826.07578170236,19496360.0,50.02852658721814
76.97,-79219.48040759296,19602250.0,50.02709110421352
76.98,-5424.7649650732055,19693760.0,50.025694613492156
76.99,47811.81626480853,19767450.0,50.02438867690581
77.0,78519.01169456111,19820590.0,50.02322142885245
77.01,85569.56514550786,19851210.0,50.02223581774341
77.02,68715.34672156966,19858170.0,50.02146806473651
77.03,28592.024577161996,19841230.0,50.02094634264039
77.04,-33300.951695243944,19801020.0,50.02068966713906
77.05,-114649.76599984255,19739050.0,50.020707128590814
77.06,-212411.2423585432,19657630.0,50.02099756488566
77.07,-322931.1358403774,19559790.0,50.02154966687292
77.08,-442088.708547881,19449210.0,50.02234248456955
77.09,-565458.8321339622,19329980.0,50.02334629025559
77.1,-688483.6857877212,19206550.0,50.024523758665886
77.11,-806652.4684144496,19083470.0,50.02583148874471
77.12,-915676.8288246198,18965250.0,50.02722171812813
77.13,-1011646.7489983675,18856170.0,50.02864407744874
77.14,-1091160.641253446,18760150.0,50.03004733911515
77.15,-1151429.3664216984,18680600.0,50.031381137801475
77.16,-1190355.4657993386,18620290.0,50.0325976317048
77.17,-1206588.9133816373,18581320.0,50.03365306976115
77.18,-1199560.1560806665,18565060.0,50.034509226834544
77.19,-1169491.7721520562,18572050.0,50.035134681720685
77.2,-1117397.4696027285,18602090.0,50.03550600905994
77.21,-1045065.6737132622,18654160.0,50.03560878610962
77.22,-955018.4140107413,18726470.0,50.0354382852787
77.23,-850440.949962124,18816500.0,50.03499980335565
77.24,-735082.6162908458,18921070.0,50.034308613561016
77.25,-613131.6194263938,19036410.0,50.03338953251859
77.26,-489067.74330968887,19158350.0,50.03227610468093
77.27,-367492.5314388259,19282410.0,50.03100935156448
77.28,-252942.80886590213,19403980.0,50.02963613706124
77.29,-149703.61155089684,19518530.0,50.028207310511306
77.3,-61635.91160429607,19621780.0,50.02677575542991
77.31,7973.646046629758,19709850.0,50.02539439420352
77.32,56536.64573696442,19779470.0,50.02411421380973
77.33,82257.15166030976,19828040.0,50.02298238375528
77.34,84193.61758126953,19853780.0,50.0220405384129
77.35,62286.767760611314,19855740.0,50.02132328833026
77.36,17359.002209962346,19833850.0,50.0208569371982
77.37,-48911.25467302522,19788950.0,50.02065843422137
77.38,-134046.30225197662,19722710.0,50.020734695690514
77.39,-234861.69497626368,19637600.0,50.021082372462104
77.4,-347590.8247390161,19536820.0,50.021688043978685
77.41,-468034.0030071588,19424130.0,50.022528804709886
77.42,-591723.1258472747,19303730.0,50.02357319665494
77.43,-714095.790823713,19180080.0,50.0247824688119
77.44,-830674.985945263,19057760.0,50.02611214897039
77.45,-937241.1444235761,18941230.0,50.027513774864
77.46,-1029982.7119347226,18834720.0,50.028936649276766
77.47,-1105620.679581551,18742030.0,50.030329585619484
77.48,-1161507.3026105175,18666460.0,50.03164261926562
77.49,-1195700.3072141635,18610630.0,50.03282865207049
77.5,-1207013.7862455708,18576510.0,50.033844994670005
77.51,-1195046.4745866815,18565260.0,50.03465476873416
77.52,-1160190.459560531,18577300.0,50.03522816715758
77.53,-1103627.0972754508,18612230.0,50.03554361259427
77.54,-1027305.8011548722,18668870.0,50.03558870468539
77.55,-933896.7867370383,18745270.0,50.03536083712666
77.56,-826714.4989850569,18838760.0,50.03486744833698
77.57,-709612.7079989767,18946030.0,50.03412589212244
77.58,-586854.3131827216,19063220.0,50.03316292292824
77.59,-462959.7385014647,19186060.0,50.032013797203376
77.6,-342532.43077531666,19310050.0,50.03072092633868
77.61,-230070.59407440672,19430570.0,50.029332179601546
77.62,-129782.38561711914,19543130.0,50.02789900204767
77.63,-45417.86836128705,19643520.0,50.02647444898911
77.64,19875.938583713374,19727980.0,50.0251111895903
77.65,63672.8887242215,19793380.0,50.02385954626667
77.66,84355.26113697386,19837280.0,50.02276564181823
77.67,81168.4968532052,19858070.0,50.02186972582228
77.68,54242.008590399404,19855000.0,50.0212047384616
77.69,4583.566911022353,19828180.0,50.02079506558409
77.7,-65952.11891584483,19778640.0,50.02065555701816
77.71,-154727.78296854062,19708220.0,50.02079094309969
77.72,-258423.4940543178,19619570.0,50.021195695508645
77.73,-373167.2012405645,19516000.0,50.021854308500615
77.74,-494687.90469060565,19401380.0,50.02274196326911
77.75,-618482.4714586576,19279980.0,50.02382552733393
77.76,-739991.7313874438,19156320.0,50.02506488968365
77.77,-854779.7647568148,19034940.0,50.026414579229204
77.78,-958702.328195259,18920290.0,50.02782550996032
77.79,-1048051.9576251,18816500.0,50.0292467345547
77.8,-1119676.873129249,18727290.0,50.03062718483198
77.81,-1171074.3328901841,18655810.0,50.03191737153958
77.82,-1200459.7842343082,18604550.0,50.033071010157904
77.83,-1206812.8985609175,18575310.0,50.03404653649473
77.84,-1189901.0673450022,18569110.0,50.03480847401638
77.85,-1150285.2311486143,18586170.0,50.035328675384214
77.86,-1089312.7789402222,18625930.0,50.035587446514384
77.87,-1009091.5386386444,18687060.0,50.03557443251406
77.88,-912436.3253795581,18767430.0,50.035289157198605
77.89,-802786.152423295,18864240.0,50.03474119383375
77.9,-684093.6382671755,18974050.0,50.03394995390502
77.91,-560689.9605883277,19092900.0,50.032944090943246
77.92,-437128.9495703741,19216460.0,50.031760517264765
77.93,-318008.3731686869,19340180.0,50.030442965743575
77.94,-207780.31057184562,19459460.0,50.02904023338919
77.95,-110569.04059839976,19569860.0,50.02760427802551
77.96,-30007.54591483611,19667230.0,50.02618824178875
77.97,30901.867510068463,19747960.0,50.02484445701083
77.98,69899.09885472758,19809030.0,50.02362250301826
77.99,85546.93266074604,19848200.0,50.02256738594113
78.0,77278.52234138799,19864010.0,50.02171791186494
78.01,45411.325071440544,19855920.0,50.0211053028316
78.02,-8863.467574776267,19824220.0,50.020751992338866
78.03,-83518.35247400508,19770120.0,50.020670714957326
78.04,-175761.42473912926,19695640.0,50.02086401753997
78.05,-282143.37936881126,19603570.0,50.021324212760554
78.06,-398693.6605730483,19497360.0,50.02203374573152
78.07,-521077.35511934484,19380990.0,50.02296593428518
78.08,-644764.0954468567,19258790.0,50.024086036565265
78.09,-765205.9464704862,19135280.0,50.02535265989883
78.1,-878015.6499111828,19015020.0,50.026719418427454
78.11,-979130.6398264862,18902390.0,50.0281366842451
78.12,-1064952.6231001997,18801460.0,50.02955334031648
78.13,-1132460.964943769,18715820.0,50.03091851510308
78.14,-1179300.7806192834,18648500.0,50.032183269437944
78.15,-1203847.0943255364,18601840.0,50.03330220203145
78.16,-1205246.0497660693,18577480.0,50.03423493679906
78.17,-1183433.8823537421,18576270.0,50.03494745679925
78.18,-1139140.1111493236,18598270.0,50.035413327866166
78.19,-1073877.1344373594,18642750.0,50.035614782581874
78.2,-989908.7781668768,18708200.0,50.03554353694211
78.21,-890190.596000377,18792360.0,50.03520125280737
78.22,-778280.9611942826,18892260.0,50.03459962812197
78.23,-658224.9612748284,19004360.0,50.03376010369551
78.24,-534414.7135014827,19124610.0,50.03271318592607
78.25,-411428.0948240816,19248610.0,50.03149736301694
78.26,-293846.7858624448,19371780.0,50.03015759071744
78.27,-186067.16052128165,19489550.0,50.028743494752206
78.28,-92121.54120147927,19597520.0,50.02730744744226
78.29,-15519.397075549816,19691660.0,50.02590258164676
78.3,40886.49903761025,19768450.0,50.024580800912425
78.31,75005.3629539248,19825040.0,50.02339085593923
78.32,85582.2292654987,19859350.0,50.02237655981887
78.33,72238.16599917214,19870110.0,50.021575210843224
78.34,35478.72639332799,19856960.0,50.02101624512838
78.35,-23322.217457686842,19820390.0,50.0207200880415
78.36,-101967.00106991566,19761780.0,50.020697327262184
78.37,-197513.84917069995,19683320.0,50.02094831917925
78.38,-306390.6059745789,19587960.0,50.02146323217202
78.39,-424535.94373143243,19479280.0,50.022222495980216
78.4,-547559.4300741599,19361320.0,50.02319761506584
78.41,-670912.0106818309,19238490.0,50.02435230116936
78.42,-790065.2075323665,19115320.0,50.02564395198876
78.43,-900687.8763253887,18996360.0,50.02702534361896
78.44,-998805.5193837218,18885930.0,50.028446384397284
78.45,-1080934.2930112078,18788000.0,50.02985586580405
78.46,-1144188.8635741062,18706060.0,50.03120318923517
78.47,-1186365.2635578283,18642990.0,50.03244003827333
78.48,-1206000.093732455,18601000.0,50.033521962255044
78.49,-1202406.9324776419,18581560.0,50.034409833620906
78.5,-1175690.8640686083,18585340.0,50.03507114765292
78.51,-1126749.2016530847,18612240.0,50.035481228444034
78.52,-1057257.7748531292,18661370.0,50.0356242706808
78.53,-969633.8258859739,18731040.0,50.035494083190144
78.54,-866969.9959907525,18818850.0,50.03509447309139
78.55,-752939.339671284,18921700.0,50.03443925485638
78.56,-631673.791487687,19035910.0,50.03355187460791
78.57,-507619.9950280558,19157360.0,50.032464652087086
78.58,-385372.9327657664,19281590.0,50.031217598082144
78.59,-269491.0539877631,19404020.0,50.029856826570686
78.6,-164308.0277620902,19520080.0,50.028432718946405
78.61,-73757.71347482665,19625440.0,50.0269979839936
78.62,-1220.339733283734,19716170.0,50.0256056654157
78.63,50605.52661486983,19788890.0,50.02430715997335
78.64,79801.7954741338,19840890.0,50.023150317348275
78.65,85297.69165759062,19870260.0,50.02217769374402
78.66,66902.63171477878,19875930.0,50.02142502698752
78.67,25309.236957894464,19857710.0,50.0209199273324
78.68,-37928.34643995721,19816290.0,50.020680786274376
78.69,-120445.9820385995,19753220.0,50.02071603433449
78.7,-219156.86321019984,19670880.0,50.02102384325801
78.71,-330371.7749878914,19572340.0,50.021592258735815
78.72,-449945.0949914692,19461290.0,50.02239973126363
78.73,-573437.7295433315,19341890.0,50.023416000703
78.74,-696289.6003406784,19218570.0,50.02460330101618
78.75,-813999.3953518481,19095890.0,50.025917897668926
78.76,-922298.9983356073,18978340.0,50.027311807463335
78.77,-1017307.7609846563,18870210.0,50.02873455324044
78.78,-1095660.9076070753,18775370.0,50.03013491186815
78.79,-1154611.9375460958,18697180.0,50.03146263210041
78.8,-1192110.3362706406,18638400.0,50.032670091052154
78.81,-1206855.8481334161,18601060.0,50.03371385396257
78.82,-1198330.067189335,18586480.0,50.034556099560646
78.83,-1166807.183680463,18595170.0,50.03516589263094
78.84,-1113352.0304783485,18626850.0,50.03552036580863
78.85,-1039802.2157927307,18680470.0,50.03560570849337
78.86,-948725.1455532048,18754180.0,50.03541783657045
78.87,-843345.7627969363,18845410.0,50.03496269783443
78.88,-727445.6527527028,18950950.0,50.034256199515504
78.89,-605236.3193834228,19067000.0,50.03332375045725
78.9,-481210.5561027692,19189370.0,50.03219942009252
78.91,-359971.1724675263,19313540.0,50.030924658186024
78.92,-246043.94102019904,19434930.0,50.02954664094453
78.93,-143691.18982454576,19549010.0,50.02811640622544
78.94,-56740.777174439165,19651510.0,50.02668689751858
78.95,11562.58758894715,19738610.0,50.025310967948386
78.96,58679.42249477166,19807060.0,50.024039409836895
78.97,82867.70235397504,19854320.0,50.022919081227734
78.98,83242.60459131264,19878650.0,50.02199120124722
78.99,59802.25581908133,19879170.0,50.02128987702083
79.0,13425.588861970871,19855870.0,50.020840832326954
79.01,-54155.06635436119,19809630.0,50.020660379742786
79.02,-140413.05891681934,19742190.0,50.02075477095471
79.03,-242122.21666640203,19656070.0,50.02111999280176
79.04,-355483.2622593947,19554500.0,50.02174198779817
79.05,-476274.15258160257,19441270.0,50.02259726425715
79.06,-600015.4234958795,19320620.0,50.02365384933084
79.07,-722144.9501553006,19197010.0,50.02487257187883
79.08,-838197.546691882,19075010.0,50.02620864871196
79.09,-943975.9302479939,18959090.0,50.02761342010199
79.1,-1035699.6332392177,18853440.0,50.02903610457131
79.11,-1110127.8383331574,18761840.0,50.03042554317485
79.12,-1164656.474412567,18687540.0,50.03173190750794
79.13,-1197390.9047227625,18633140.0,50.0329083388816
79.14,-1207195.3383973017,18600520.0,50.03391248250164
79.15,-1193719.6666313745,18590840.0,50.03470787947318
79.16,-1157407.3052220738,18604430.0,50.03526522152863
79.17,-1099490.1916206502,18640860.0,50.035563499194154
79.18,-1021966.1283371919,18698900.0,50.03559093073856
79.19,-927549.6512508331,18776530.0,50.035345555876475
79.2,-819593.5651682675,18871060.0,50.034835462266216
79.21,-701982.3066819647,18979130.0,50.0340786314218
79.22,-579000.2609751911,19096850.0,50.03310239922929
79.23,-455178.8767932131,19219930.0,50.03194253214455
79.24,-335120.8078535976,19343860.0,50.03064185147387
79.25,-223311.16612584365,19464020.0,50.029248517826765
79.26,-123933.47490058432,19575920.0,50.027814142059555
79.27,-40702.98687779461,19675400.0,50.026391816324036
79.28,23276.601648919634,19758720.0,50.025034117890364
79.29,65629.0892336755,19822790.0,50.0237911534377
79.3,84791.24795482261,19865240.0,50.02270871579712
79.31,80065.37198580772,19884490.0,50.021826624145675
79.32,51637.94166308269,19879840.0,50.0211773042131
79.33,572.4889560542651,19851500.0,50.02078455535104
79.34,-71223.54432999238,19800520.0,50.020662588972634
79.35,-161065.46330746752,19728800.0,50.020815473888625
79.36,-265593.4071739253,19639030.0,50.021237025512065
79.37,-380904.63617481693,19534580.0,50.0219111131045
79.38,-502707.8837143163,19419340.0,50.02281234748002
79.39,-626490.826887695,19297610.0,50.0239071010386
79.4,-747696.7364499309,19173890.0,50.025154865280996
79.41,-861903.5312585183,19052750.0,50.02650988216452
79.42,-964990.9771174645,18938610.0,50.027922892213574
79.43,-1053284.1225455126,18835590.0,50.02934288776781
79.44,-1123670.5219974224,18747350.0,50.03071885183936
79.45,-1173691.9779232533,18677020.0,50.032001454100836
79.46,-1201612.1624511948,18627050.0,50.03314467066543
79.47,-1206461.1901658177,18599190.0,50.03410729141265
79.48,-1188057.6992217572,18594390.0,50.03485427683969
79.49,-1147013.827784379,18612840.0,50.03535799383349
79.5,-1084727.1659196871,18653920.0,50.0355993285835
79.51,-1003353.1913547954,18716250.0,50.03556855259503
79.52,-905749.9205750073,18797660.0,50.03526583859694
79.53,-795393.2372338997,18895300.0,50.034701406790674
79.54,-676264.5920127932,19005690.0,50.03389528864099
79.55,-552714.5124144512,19124850.0,50.03287670594438
79.56,-429305.0308709056,19248420.0,50.031683056849644
79.57,-310629.94069277286,19371860.0,50.03035845418171
79.58,-201125.2799258894,19490550.0,50.028951956113055
79.59,-104888.20031495567,19600070.0,50.027515656334465
79.6,-25514.859628695995,19696320.0,50.026102704204234
79.61,34037.2939318174,19775710.0,50.02476531167203
79.62,71559.18635671644,19835270.0,50.02355281549992
79.63,85668.74449752423,19872800.0,50.022509867351026
79.64,75856.17409445607,19886910.0,50.02167482181265
79.65,42496.22688165412,19877100.0,50.02107836325326
79.66,-13164.087881509971,19843730.0,50.02074231824996
79.67,-89045.09362882614,19788070.0,50.02067877032742
79.68,-182308.73943806047,19712180.0,50.02088960009543
79.69,-289467.6645443215,19618900.0,50.021366465996984
79.7,-406522.9111997007,19511730.0,50.02209119616814
79.71,-529121.8364537071,19394660.0,50.02303655138822
79.72,-652727.5293555949,19272040.0,50.02416731256948
79.73,-772797.13609938,19148410.0,50.02544171122791
79.74,-884959.6898698339,19028320.0,50.026813098080616
79.75,-985178.7157453247,18916120.0,50.028231695218615
79.76,-1069890.1427771554,18815880.0,50.02964634883129
79.77,-1136114.0176432873,18731130.0,50.03100626164871
79.78,-1181541.0131434277,18664870.0,50.03226267566214
79.79,-1204595.0897202976,18619400.0,50.033370471269315
79.8,-1204473.2394103436,18596310.0,50.03428964558439
79.81,-1181163.1149615254,18596380.0,50.03498663633078
79.82,-1135445.4741601595,18619640.0,50.03543554032143
79.83,-1068882.7631973033,18665310.0,50.0356191847209
79.84,-983785.9377338863,18731820.0,50.03552992159506
79.85,-883152.8358399941,18816860.0,50.03517006667949
79.86,-770577.4166167203,18917430.0,50.0345519650469
79.87,-650131.988432484,19029940.0,50.03369767277101
79.88,-526226.120192429,19150320.0,50.032638254770134
79.89,-403443.79238902294,19274150.0,50.031412670866814
79.9,-286360.5115826348,19396860.0,50.03006623873425
79.91,-179354.4099244089,19513870.0,50.028648824172336
79.92,-86428.59626361867,19620790.0,50.02721291234018
79.93,-11053.825486315181,19713630.0,50.02581161915284
79.94,43963.602115267306,19788920.0,50.02449670349187
79.95,76585.18556194694,19843850.0,50.02331665032924
79.96,85611.93916787772,19876380.0,50.02231489726634
79.97,70722.38018877606,19885310.0,50.02152827292059
79.98,32479.321584185003,19870320.0,50.02098566092433
79.99,-27687.996573826298,19831980.0,50.02070686880556
80.0,-107530.58798303892,19771700.0,50.02070182673452
80.01,-204061.7508614906,19691750.0,50.020970223073434
80.02,-313672.82551889727,19595110.0,50.021501575101546
80.03,-432275.89823843073,19485390.0,50.02227570336918
80.04,-555464.7864458074,19366670.0,50.023263567090794
80.05,-678685.948488062,19243370.0,50.02442841612522
80.06,-797418.02827766,19120030.0,50.02572729050144
80.07,-907348.1244983064,19001170.0,50.02711272318178
80.08,-1004529.6477281593,18891120.0,50.02853449446534
80.09,-1085514.5964953247,18793810.0,50.02994138177888
80.1,-1147459.7038964634,18712690.0,50.03128288367815
80.11,-1188207.7005892843,18650610.0,50.032510887563234
80.12,-1206344.9823433524,18609730.0,50.0335812459901
80.13,-1201236.533608622,18591450.0,50.03445522443868
80.14,-1173039.0920966838,18596420.0,50.03510079031831
80.15,-1122701.1184299337,18624470.0,50.035493813284205
80.16,-1051948.0617522895,18674670.0,50.03561909369289
80.17,-963243.5137586973,18745270.0,50.03547108337643
80.18,-859721.2552664347,18833820.0,50.03505424550213
80.19,-745088.4078590735,18937190.0,50.034383038504515
80.2,-623502.2588659319,19051670.0,50.03348151511533
80.21,-499424.7247324296,19173090.0,50.03238253937007
80.22,-377454.46056477155,19297010.0,50.031126574064835
80.23,-262141.1919981278,19418810.0,50.02976007126411
80.24,-157797.86142740055,19533960.0,50.02833362602742
80.25,-68326.78592913994,19638130.0,50.026900031506194
80.26,2932.6009270197246,19727430.0,50.02551228504852
80.27,53329.95224119525,19798510.0,50.024221609564904
80.28,81000.80655761994,19848730.0,50.02307556115464
80.29,84931.26004322467,19876220.0,50.02211629506363
80.3,64988.60248669097,19879970.0,50.021379057070334
80.31,21922.684325263137,19859840.0,50.02089088621018
80.32,-42657.460344414576,19816590.0,50.02066954177463
80.33,-126337.35239875654,19751820.0,50.02072278814262
80.34,-225986.70416950865,19667950.0,50.02104812620715
80.35,-337881.63399795827,19568110.0,50.02163295340949
80.36,-457852.0553374566,19456020.0,50.0224551190974
80.37,-581445.4161517075,19335850.0,50.023483830507466
80.38,-704099.9650117051,19212060.0,50.02468088218303
80.39,-821324.5073394709,19089210.0,50.026002208728634
80.4,-928871.8073071879,18971780.0,50.027399609843215
80.41,-1022891.245050506,18864030.0,50.02882250549352
80.42,-1100055.532492367,18769810.0,50.0302196831544
80.43,-1157661.4884932912,18692440.0,50.03154101285847
80.44,-1193706.204111574,18634630.0,50.032739098589765
80.45,-1206939.8248142437,18598380.0,50.03377083050825
80.46,-1196895.677753095,18584930.0,50.034598800277365
80.47,-1163900.1131409719,18594760.0,50.035192568245854
80.48,-1109069.5998288975,18627550.0,50.03552983501356
80.49,-1034291.3738558518,18682160.0,50.03559741201584
80.5,-942178.5764071553,18756720.0,50.035391868194424
80.51,-835996.0827920757,18848620.0,50.034919811247505
80.52,-719557.8176187073,18954580.0,50.03419778992153
80.53,-597098.4887135458,19070800.0,50.033251811089244
80.54,-473123.6171464198,19193030.0,50.032116473028424
80.55,-352236.81042028486,19316780.0,50.03083365543719
80.56,-238952.15451936517,19437440.0,50.02945084632087
80.57,-137508.47635446623,19550500.0,50.028019269090926
80.58,-51699.61492114898,19651720.0,50.02659192216281
80.59,15272.633909239434,19737290.0,50.02522158241456
80.6,60918.739968196256,19804040.0,50.02395883874956
80.61,83551.60276817787,19849450.0,50.02285022761224
80.62,82344.08989549434,19871850.0,50.021936541780974
80.63,57352.59011374152,19870410.0,50.02125137357216
80.64,9513.330516493763,19845180.0,50.020819855000084
80.65,-59386.81645224959,19797110.0,50.02065765028232
80.66,-146771.77836731897,19727970.0,50.020770335529996
80.67,-249373.36010917058,19640350.0,50.02115322356049
80.68,-363359.5092206932,19537520.0,50.02179161137887
80.69,-484485.9371580158,19423290.0,50.022661414536614
80.7,-608262.1461242468,19301930.0,50.023730140957845
80.71,-730126.8000099983,19177920.0,50.02495819710467
80.72,-845627.2139391728,19055810.0,50.026300488835105
80.73,-950589.2172579889,18940080.0,50.02770816146579
80.74,-1041264.3817088109,18834880.0,50.0291303541187
80.75,-1114451.1263732538,18743970.0,50.030515942585666
80.76,-1167590.1512405737,18670540.0,50.03181524374267
80.77,-1198835.557338892,18617160.0,50.032981648963556
80.78,-1207102.7775239188,18585680.0,50.03397315041075
80.79,-1192093.9317528175,18577180.0,50.03475372217966
80.8,-1154304.7771380336,18591950.0,50.03529456933757
80.81,-1095018.762295787,18629500.0,50.035575265387756
80.82,-1016282.8787617829,18688550.0,50.035584662266196
80.83,-920856.6129220456,18767040.0,50.03532146014537
80.84,-812131.5530856872,18862230.0,50.03479440917852
80.85,-694022.9723188897,18970720.0,50.03402212987768
80.86,-570836.6336830892,19088590.0,50.03303254839857
80.87,-447114.6322175674,19211540.0,50.03186194734549
80.88,-327458.1436443518,19335030.0,50.03055356047745
80.89,-216338.22682454024,19454450.0,50.02915583879548
80.9,-117912.5918552634,19565330.0,50.02772055472019
80.91,-35860.314771560836,19663520.0,50.026300829548276
80.92,26759.72104865068,19745340.0,50.02494913794325
80.93,67622.8060414641,19807720.0,50.02371535755098
80.94,85221.75274091854,19848350.0,50.022644935742775
80.95,78917.18513191247,19865720.0,50.02177724434098
80.96,48953.98608540447,19859180.0,50.02114417696676
80.97,-3547.3671583005344,19828990.0,50.020768928191885
80.98,-76625.6907627894,19776250.0,50.02066505267352
80.99,-167548.0968238198,19702950.0,50.020835940441756
81.0,-272914.30472041364,19611800.0,50.021274734922095
81.01,-388790.70221471455,19506210.0,50.021964666949
81.02,-510865.8874295785,19390100.0,50.02287976626499
81.03,-634618.8202346514,19267810.0,50.02398590299341
81.04,-755496.0772492223,19143830.0,50.02524216857943
81.05,-869090.574567589,19022740.0,50.02660251910309
81.06,-971307.3555973424,18908920.0,50.028017524873945
81.07,-1058505.3145680996,18806490.0,50.02943612375924
81.08,-1127612.7188518886,18719080.0,50.03080735843854
81.09,-1176217.3276273962,18649760.0,50.03208206852702
81.1,-1202632.4614066337,18600940.0,50.033214504058485
81.11,-1205940.0695770043,18574320.0,50.034163824031694
81.12,-1186011.4225777357,18570800.0,50.03489544319793
81.13,-1143511.2797565563,18590530.0,50.035382262414686
81.14,-1079888.774912734,18632820.0,50.035605768637446
81.15,-997348.1077557066,18696240.0,50.035556878957365
81.16,-898791.2572469617,18778590.0,50.03523643282863
81.17,-787731.4077347332,18876940.0,50.03465531322122
81.18,-668178.9299548889,18987810.0,50.03383418481901
81.19,-544503.443237049,19107170.0,50.03280284778482
81.2,-421274.57067933225,19230650.0,50.03159919243456
81.21,-303081.18405063887,19353690.0,50.030267713849554
81.22,-194342.0324639955,19471700.0,50.02885772950903
81.23,-99125.65306960419,19580250.0,50.027421463155385
81.24,-20989.724899476743,19675280.0,50.02601206193646
81.25,37154.93311145168,19753240.0,50.02468160446012
81.26,73152.08483998338,19811210.0,50.0234791691179
81.27,85676.55742209009,19847030.0,50.02244903530377
81.28,74277.25668945914,19859380.0,50.0216290867733
81.29,39387.72042120661,19847810.0,50.0210494499445
81.3,-17687.917635186925,19812760.0,50.02073132373219
81.31,-94816.7492139301,19755520.0,50.02068612046907
81.32,-189113.80887429658,19678230.0,50.02091503564705
81.33,-297053.2553874951,19583780.0,50.02140905688041
81.34,-414607.6820761476,19475690.0,50.02214938175658
81.35,-537407.0042743483,19357980.0,50.023108203347675
81.36,-660908.375558652,19235040.0,50.024249818144014
81.37,-780574.9340644528,19111390.0,50.025532078457665
81.38,-892053.1807185484,18991590.0,50.02690807202573
81.39,-991334.1189995911,18879970.0,50.02832787505861
81.4,-1074889.4133463686,18780560.0,50.02974030419918
81.41,-1139781.3781760884,18696880.0,50.03109464663695
81.42,-1183747.857584731,18631860.0,50.03234233837084
81.43,-1205263.334218044,18587780.0,50.03343855645085
81.44,-1203577.1719878423,18566140.0,50.03434368795876
81.45,-1178729.853580911,18567720.0,50.035024643207784
81.46,-1131554.641418871,18592450.0,50.03545606858765
81.47,-1063665.1332735291,18639520.0,50.0356214047814
81.48,-977420.3295077567,18707310.0,50.035513658608686
81.49,-875861.0309366093,18793460.0,50.03513581726751
81.5,-762617.1593558338,18894920.0,50.03450088843297
81.51,-641788.282478782,19008080.0,50.03363155614549
81.52,-517801.1364615428,19128820.0,50.032559453608926
81.53,-395245.17079556186,19252730.0,50.0313240181589
81.54,-278688.73000249517,19375200.0,50.029970930979715
81.55,-172490.42503119662,19491680.0,50.028550295530295
81.56,-80622.6472417299,19597810.0,50.02711470354397
81.57,-6515.788991822046,19689610.0,50.0257172443069
81.58,47072.03949263028,19763660.0,50.024409519360916
81.59,78156.32188236888,19817190.0,50.023239733005475
81.6,85595.67523531342,19848220.0,50.022250930644674
81.61,69127.54679646005,19855600.0,50.02147945349088
81.62,29373.28826919489,19839090.0,50.020953614709306
81.63,-32181.432418034005,19799300.0,50.02069258608493
81.64,-113235.50349547446,19737700.0,50.020705623267105
81.65,-210756.79928725577,19656620.0,50.02099173139608
81.66,-321099.98037432844,19559070.0,50.021539763745025
81.67,-440150.6994807359,19448700.0,50.02232892159989
81.68,-563487.4783239568,19329630.0,50.02332961183613
81.69,-686553.2093972806,19206280.0,50.02450462104606
81.7,-804834.846421978,19083210.0,50.02581063319585
81.71,-914039.0806167084,18964920.0,50.02719994273485
81.72,-1010248.6310177258,18855720.0,50.02862220882742
81.73,-1090052.7444708468,18759510.0,50.030026204007015
81.74,-1150651.6263932306,18679720.0,50.0313615354658
81.75,-1189936.0633439603,18619130.0,50.032580307544116
81.76,-1206543.5339067392,18579870.0,50.03363869057641
81.77,-1199891.6222468251,18563280.0,50.034498358681866
81.78,-1170189.9099975452,18569960.0,50.0351277691106
81.79,-1118439.2111700482,18599690.0,50.03550335661628
81.8,-1046415.5237844832,18651480.0,50.03561054468211
81.81,-956629.3748625328,18723540.0,50.03544444362839
81.82,-852255.9266592707,18813370.0,50.03501018591532
81.83,-737036.2760374632,18917790.0,50.03432288450625
81.84,-615152.6346133477,19033060.0,50.033407206003
81.85,-491081.37411944417,19155000.0,50.0322965615071
81.86,-369423.5867040279,19279140.0,50.0310318634122
81.87,-254718.7550309272,19400860.0,50.029659895547326
81.88,-151257.5171190264,19515630.0,50.0282314582651
81.89,-62909.08908681257,19619160.0,50.02679941852993
81.9,7029.391218062257,19707590.0,50.025416714844305
81.91,55957.22972625599,19777610.0,50.024134381966846
81.92,82064.9188798602,19826620.0,50.02299966696636
81.93,84396.5916447817,19852810.0,50.02205430826861
81.94,62878.45678428974,19855240.0,50.02133304287798
81.95,18318.585778904147,19833820.0,50.02086232062961
81.96,-47618.28916947392,19789360.0,50.0206592514983
81.97,-132466.93105715554,19723520.0,50.020730919924816
81.98,-233053.56037862622,19638780.0,50.02107414518455
81.99,-345619.96643110353,19538310.0,50.0216756686282
82.0,-465972.2507773104,19425860.0,50.022512733931336
82.01,-589645.3184222796,19305630.0,50.02355401447562
82.02,-712076.8293096174,19182080.0,50.024760866865506
82.03,-828786.8969349704,19059780.0,50.026088898900056
82.04,-935550.4208311589,18943200.0,50.0274896996782
82.05,-1028548.0682694174,18836580.0,50.028912594693566
82.06,-1104491.231857725,18743720.0,50.030306391661505
82.07,-1160721.152421446,18667920.0,50.0316210925989
82.08,-1195283.5172052933,18611840.0,50.03280953977054
82.09,-1206979.7252305844,18577430.0,50.033828959894734
82.1,-1195395.53377833,18565880.0,50.034642369064876
82.11,-1160909.9970201184,18577630.0,50.03521983436795
82.12,-1104691.6038410482,18612270.0,50.035539634838564
82.13,-1028677.4389913562,18668660.0,50.03558921342546
82.14,-935526.4059995394,18744840.0,50.03536579995678
82.15,-828543.1236767957,18838160.0,50.034876667771165
82.16,-711573.4718145361,18945320.0,50.03413901081183
82.17,-588874.7788904933,19062470.0,50.03317943516243
82.18,-464964.5356996889,19185340.0,50.032033066673364
82.19,-344446.2574916202,19309440.0,50.03074221143782
82.2,-231821.3400025834,19430140.0,50.029354663324064
82.21,-131304.07340039994,19542950.0,50.02792182380092
82.22,-46653.26641785144,19643660.0,50.02649673748315
82.23,18973.13607199618,19728510.0,50.025132095496105
82.24,63136.36183289776,19794330.0,50.0238782737199
82.25,84204.87500782404,19838690.0,50.02278147772113
82.26,81409.67114654102,19859960.0,50.02188206557895
82.27,54865.63222448289,19857370.0,50.021213107614074
82.28,5566.2961938608205,19831030.0,50.02079913848492
82.29,-64647.112666790665,19781940.0,50.02065517027368
82.3,-153149.48583026096,19711940.0,50.02078610175719
82.31,-256631.17298473182,19623650.0,50.021186572188
82.32,-371228.0602188715,19520390.0,50.02184123558895
82.33,-492674.4268447852,19406010.0,50.02272541912826
82.34,-616469.6231821228,19284790.0,50.02380611767504
82.35,-738054.020566633,19161220.0,50.025043323068985
82.36,-852988.3301209818,19039860.0,50.02639163897167
82.37,-957122.3046200301,18925150.0,50.027802024919
82.38,-1046740.2724337751,18821250.0,50.029223550209245
82.39,-1118680.4833165654,18731860.0,50.03060513482672
82.4,-1170428.872183719,18660160.0,50.031897250078096
82.41,-1200188.5903496789,18608650.0,50.033053545770876
82.42,-1206926.4255769718,18579130.0,50.034032368069106
82.43,-1190396.6789701283,18572630.0,50.034798129658896
82.44,-1151147.2088763511,18589400.0,50.03532255262084
82.45,-1090512.5750259217,18628890.0,50.03558579538239
82.46,-1010588.3994996824,18689770.0,50.035577343382066
82.47,-914178.3950460344,18769940.0,50.03529655465023
82.48,-804712.0604380489,18866600.0,50.034752836826634
82.49,-686134.529184986,18976310.0,50.03396544232115
82.5,-562771.8954561725,19095140.0,50.03296287844393
82.51,-439175.70256736246,19218750.0,50.031781931560346
82.52,-319944.5009449047,19342600.0,50.03046623505952
82.53,-209534.27947284415,19462080.0,50.02906451723593
82.54,-112076.10390099627,19572740.0,50.02762869928783
82.55,-31212.274827802554,19670450.0,50.02621191985994
82.56,30043.481178667163,19751570.0,50.024866540674765
82.57,69418.03000213392,19813080.0,50.0236422018675
82.58,85460.04308538896,19852710.0,50.02258399919337
82.59,77588.04855056666,19869000.0,50.021730853411384
82.6,46104.81753219484,19861390.0,50.02111412324165
82.61,-7812.78641364479,19830160.0,50.02075639692591
82.62,-82150.68326213228,19776500.0,50.02067057543705
82.63,-174128.8872280165,19702420.0,50.020859376426976
82.64,-280307.9525704611,19610700.0,50.02131528044267
82.65,-396724.72223332006,19504780.0,50.022020891228
82.66,-519048.97245658824,19388620.0,50.0229496703677
82.67,-642752.1524280573,19266550.0,50.02406699934133
82.68,-763285.1509643353,19143110.0,50.02533158290133
82.69,-876256.6417861063,19022830.0,50.026697103833726
82.7,-977597.4502322886,18910120.0,50.02811397368555
82.71,-1063700.580469916,18809040.0,50.02953108597941
82.72,-1131535.022220172,18723190.0,50.03089755118793
82.73,-1178734.251754432,18655620.0,50.03216438472382
82.74,-1203660.781074487,18608680.0,50.033286114118006
82.75,-1205447.726476885,18584010.0,50.03422226838189
82.76,-1184018.1326678614,18582480.0,50.03493871466753
82.77,-1140088.3753124794,18604170.0,50.03540888340075
82.78,-1075158.0195822238,18648350.0,50.03561485546424
82.79,-991478.7877866449,18713540.0,50.03554818422026
82.8,-891995.3573604673,18797470.0,50.03521036417411
82.81,-780256.944359747,18897210.0,50.034612927659
82.82,-660301.6101255026,19009200.0,50.033777157782936
82.83,-536516.9242902164,19129410.0,50.03273341742738
82.84,-413479.11799234425,19253440.0,50.03152007345858
82.85,-295771.37324015907,19376730.0,50.03018198830343
82.86,-187794.66140325041,19494680.0,50.02876872549792
82.87,-93588.72261243779,19602900.0,50.0273326277512
82.88,-16672.87682751252,19697350.0,50.02592683140092
82.89,40088.25254939438,19774510.0,50.02460327625894
82.9,74590.51438711933,19831520.0,50.023410780528565
82.91,85564.61383631203,19866260.0,50.02239325295867
82.92,72616.90706015629,19877470.0,50.021588111626954
82.93,36238.27137334098,19864760.0,50.02102493379278
82.94,-22211.6274751139,19828620.0,50.02072430287129
82.95,-100548.31236761494,19770400.0,50.02069697495779
82.96,-195841.5762382339,19692300.0,50.02094347779078
82.97,-304528.6875025207,19597230.0,50.02145414695165
82.98,-422555.2063530869,19488780.0,50.02220956876108
82.99,-545534.8081239624,19370980.0,50.023181387932084
83.0,-668919.6544806749,19248220.0,50.02433343515591
83.01,-788179.5043331605,19125060.0,50.025623200454625
83.02,-898978.5955554169,19006020.0,50.027003522946266
83.03,-997335.3302726478,18895440.0,50.02842434453181
83.04,-1079756.724732019,18797310.0,50.02983446105597
83.05,-1143346.700949172,18715100.0,50.03118324975039
83.06,-1185889.361582152,18651720.0,50.032422342804274
83.07,-1205908.5807262864,18609390.0,50.03350721267841
83.08,-1202704.7779802852,18589580.0,50.034398631720464
83.09,-1176369.800856358,18592990.0,50.03506397476198
83.1,-1127787.8545555072,18619530.0,50.03547842666599
83.11,-1058622.045979207,18668320.0,50.03562602738497
83.12,-971277.7171978308,18737680.0,50.035500421243384
83.13,-868836.929561547,18825220.0,50.0351052473456
83.14,-754963.9536622659,18927860.0,50.034454155029486
83.15,-633784.1600566498,19041920.0,50.033570434665805
83.16,-509740.1951744908,19163290.0,50.03248626595006
83.17,-387425.9973956421,19287520.0,50.03124154296146
83.18,-271402.12965212914,19410010.0,50.029882291848374
83.19,-166007.46613245562,19526210.0,50.02845883816468
83.2,-75183.85307391617,19631780.0,50.02702386788086
83.21,-2321.878506439505,19722780.0,50.02563043521621
83.22,49867.60848151671,19795810.0,50.02432998024182
83.23,79452.84164019872,19848160.0,50.02317042654062
83.24,85348.5330725084,19877910.0,50.02219443168988
83.25,67349.3172914121,19883970.0,50.02143785830376
83.26,26133.19427641027,19866130.0,50.020928461663274
83.27,-36759.71374854067,19825060.0,50.020684793898475
83.28,-118978.16408480518,19762320.0,50.02071545526833
83.29,-217446.5186730561,19680250.0,50.02101878874732
83.3,-328484.49691632844,19581920.0,50.02158300569499
83.31,-447952.8158695628,19471030.0,50.0223867104537
83.32,-571415.9069007286,19351700.0,50.0233997792965
83.33,-694314.2056241125,19228370.0,50.02458455894815
83.34,-812143.8890904277,19105600.0,50.02589739988858
83.35,-920631.5724441675,18987900.0,50.02729037495275
83.36,-1015889.002964506,18879540.0,50.02871303399243
83.37,-1094541.8865936953,18784400.0,50.030114151881875
83.38,-1153832.7073288911,18705870.0,50.0314434471423
83.39,-1191698.8449676712,18646690.0,50.032653239845146
83.4,-1206827.2201547083,18608940.0,50.03370001313739
83.41,-1198686.2566499095,18593920.0,50.034545841173475
83.42,-1167536.8741556876,18602160.0,50.035159663251505
83.43,-1114430.7741202458,18633410.0,50.03551846811164
83.44,-1041192.9386016082,18686620.0,50.035608287388115
83.45,-950379.1431282656,18759950.0,50.03542487138757
83.46,-845204.179897997,18850850.0,50.03497400058661
83.47,-729441.401335843,18956110.0,50.03427141937772
83.48,-607296.3903435345,19071950.0,50.03334238471177
83.49,-483258.67153177364,19194180.0,50.03222083157871
83.5,-361930.81576713914,19318290.0,50.030948100401595
83.51,-247841.5324946267,19439690.0,50.029571288045915
83.52,-145259.0728268543,19553840.0,50.028141384826675
83.53,-58019.884178860346,19656480.0,50.02671131979791
83.54,10620.478022481082,19743780.0,50.02533396488443
83.55,58109.90615142451,19812470.0,50.0240601633333
83.56,82692.48232789536,19860010.0,50.02293685413059
83.57,83468.78652714193,19884640.0,50.02200536387909
83.58,60422.18976148375,19885460.0,50.021299929728436
83.59,14417.11323298706,19862450.0,50.02084642493527
83.6,-52827.926798422006,19816480.0,50.020661325886316
83.61,-138798.80157803348,19749270.0,50.02075105506143
83.62,-240279.98366928287,19663330.0,50.021111769647995
83.63,-353480.5033421102,19561870.0,50.02172957538765
83.64,-474183.9690893609,19448690.0,50.02258113059956
83.65,-597913.7409362685,19328000.0,50.023634593960686
83.66,-720107.520426159,19204290.0,50.02485090128289
83.67,-836296.9800470904,19082100.0,50.026185348150506
83.68,-942279.0237565483,18965920.0,50.02758932449072
83.69,-1034265.1201307401,18859940.0,50.02901206933732
83.7,-1109004.5820991055,18767950.0,50.03040241559958
83.71,-1163882.0752061182,18693210.0,50.03171049885767
83.72,-1196990.6860673195,18638320.0,50.03288939783375
83.73,-1207181.7374298382,18605200.0,50.03389667100373
83.74,-1194091.9960946348,18595000.0,50.03469575119309
83.75,-1158151.7283822726,18608070.0,50.03525720161578
83.76,-1100579.9384201148,18643990.0,50.03555986684852
83.77,-1023362.0788624979,18701530.0,50.03559180643581
83.78,-929201.3998357798,18778720.0,50.03535089462391
83.79,-821440.9664288572,18872840.0,50.03484505304846
83.8,-703957.4602767058,18980570.0,50.034092102959185
83.81,-581029.8808552809,19098010.0,50.033119232160814
83.82,-457186.9832033996,19220890.0,50.03196207759403
83.83,-337031.74983801664,19344680.0,50.03066335677505
83.84,-225052.76163109415,19464790.0,50.02927115698116
83.85,-125439.96078645316,19576710.0,50.02783704803242
83.86,-41917.60521792271,19676260.0,50.02641411400101
83.87,22399.45422698825,19759720.0,50.02505495686721
83.88,65122.19521152356,19823970.0,50.02380973957272
83.89,84673.4270309608,19866620.0,50.0227243403346
83.9,80340.90635403554,19886100.0,50.02183868914305
83.91,52296.556950048136,19881690.0,50.02118534368283
83.92,1589.717084912525,19853570.0,50.02078825339913
83.93,-69885.5623440948,19802780.0,50.02066179272011
83.94,-159456.60513949877,19731220.0,50.02081019914171
83.95,-263773.6355986841,19641560.0,50.02122745509705
83.96,-378941.62358116923,19537150.0,50.021897588577055
83.97,-500674.34433682443,19421890.0,50.02279535496176
83.98,-624461.6771852444,19300060.0,50.02388725167229
83.99,-745746.10830026,19176170.0,50.02513286991335
84.0,-860101.8651045813,19054790.0,50.026486523007776
84.01,-963402.4627162735,18940330.0,50.02789899410753
84.02,-1051964.5742250888,18836920.0,50.02931928954409
84.03,-1122665.679468594,18748250.0,50.03069637808027
84.04,-1173036.2056594556,18677430.0,50.03198088779239
84.05,-1201327.5460703848,18626950.0,50.03312672758614
84.06,-1206557.0015172744,18598540.0,50.034092596598526
84.07,-1188530.2024106164,18593190.0,50.03484334353268
84.08,-1147846.2854748566,18611100.0,50.03535120379274
84.09,-1085890.1077445878,18651660.0,50.03559691557541
84.1,-1004805.1163653084,18713490.0,50.03557059136404
84.11,-907438.4763922028,18794440.0,50.03527223965358
84.12,-797256.8666057531,18891680.0,50.034711917382545
84.13,-678234.5983525388,19001730.0,50.03390949998756
84.14,-554717.4713628743,19120610.0,50.0328940665935
84.15,-431265.61184932425,19243990.0,50.031702893768305
84.16,-312473.9891601196,19367300.0,50.03037999983101
84.17,-202782.85440633574,19485950.0,50.02897437855566
84.18,-106296.35604073905,19595500.0,50.02753809097204
84.19,-26620.077734246035,19691840.0,50.026124286303485
84.2,33277.1101167571,19771370.0,50.024785208447184
84.21,71173.18073607585,19831110.0,50.02357025689344
84.22,85672.11122465215,19868860.0,50.02252417395127
84.23,76249.71404736553,19883200.0,50.02168542906568
84.24,43266.312464866205,19873620.0,50.02108484301879
84.25,-12045.1052668544,19840480.0,50.02074439586751
84.26,-87617.93539595522,19785010.0,50.020676335415146
84.27,-180625.64662883102,19709280.0,50.02088270993023
84.28,-287590.3363555961,19616110.0,50.021355342159836
84.29,-404520.0690734565,19508990.0,50.02207621499407
84.3,-527066.5242094701,19391890.0,50.02301822851381
84.31,-650694.2897887683,19269180.0,50.024146282573
84.32,-770859.0894334395,19145390.0,50.02541870195716
84.33,-883185.7207795973,19025060.0,50.02678890222987
84.34,-983631.0335839806,18912560.0,50.0282071418806
84.35,-1068622.2627096255,18811950.0,50.029622275070096
84.36,-1135169.1670901482,18726790.0,50.03098348472572
84.37,-1180950.9389901194,18660070.0,50.03224196637086
84.38,-1204379.234728035,18614120.0,50.033352528817396
84.39,-1204638.3011602114,18590520.0,50.03427507500098
84.4,-1181702.934546824,18590080.0,50.03497592828927
84.41,-1136341.106564382,18612840.0,50.03542905226519
84.42,-1070102.803818082,18658030.0,50.03561712527308
84.43,-985287.2683009519,18724090.0,50.03553234036529
84.44,-884881.85890246,18808730.0,50.03517685016408
84.45,-772471.7579180709,18908960.0,50.03456283872389
84.46,-652122.5954448284,19021190.0,50.03371220922619
84.47,-528239.7062342972,19141350.0,50.03265588807941
84.48,-405405.67489088175,19265060.0,50.03143271853313
84.49,-288197.6671047448,19387710.0,50.03008792911856
84.5,-180998.47767084837,19504730.0,50.028671327023346
84.51,-87818.59832395113,19611750.0,50.02723537051806
84.52,-12138.50534627214,19704740.0,50.02583318081395
84.53,43223.86600730766,19780240.0,50.02451655390353
84.54,76216.95536666899,19835410.0,50.02333404189313
84.55,85627.83952709346,19868220.0,50.022329176453795
84.56,71120.76870909974,19877440.0,50.02153890343559
84.57,33244.36978561425,19862750.0,50.02099224398064
84.58,-26585.802408414776,19824680.0,50.020709159044344
84.59,-106133.42514378572,19764660.0,50.02069974188539
84.6,-202422.85598425986,19684930.0,50.020963846291764
84.61,-311854.3853927404,19588450.0,50.02149115044725
84.62,-430346.5853200822,19478830.0,50.022261625273444
84.63,-553497.0603327714,19360150.0,50.023246364197206
84.64,-676753.2631004051,19236810.0,50.02440873048455
84.65,-795591.9655128404,19113370.0,50.0257058517059
84.66,-905695.6443354324,18994340.0,50.02709031984387
84.67,-1003110.7060382541,18884050.0,50.02851194568723
84.68,-1084380.2024372409,18786450.0,50.029919509024744
84.69,-1146650.4013453731,18704990.0,50.031262483327346
84.7,-1187752.439340354,18642530.0,50.0324927045681
84.71,-1206260.3771341848,18601240.0,50.033565949485606
84.72,-1201526.478701552,18582550.0,50.03444338556896
84.73,-1173694.7162677431,18587090.0,50.03509286283929
84.74,-1123700.9341670503,18614740.0,50.03549011567559
84.75,-1053258.359564016,18664540.0,50.03561979446499
84.76,-964819.1866611439,18734800.0,50.035476192062525
84.77,-861507.1084877548,18823050.0,50.03506360975412
84.78,-747020.9216907343,18926170.0,50.03439634730786
84.79,-625511.7528523944,19040470.0,50.03349830824693
84.8,-501437.86857228936,19161790.0,50.03240222317712
84.81,-379397.1780520239,19285680.0,50.03114844485283
84.82,-263941.73056905996,19407530.0,50.02978334359417
84.83,-159389.70849414857,19522800.0,50.02835746304296
84.84,-69651.30043880129,19627170.0,50.0269235767693
84.85,1923.9409099988407,19716720.0,50.02553469464075
84.86,52673.757412090315,19788110.0,50.02424208326387
84.87,80720.47307290975,19838670.0,50.02309337176227
84.88,85036.18779937929,19866530.0,50.02213081475829
84.89,65473.95327401982,19870660.0,50.02138977981606
84.9,22769.53491534188,19850920.0,50.02089744729813
84.91,-41481.53546445607,19808030.0,50.020671732693636
84.92,-124877.1266785062,19743590.0,50.02072056446683
84.93,-224297.57265509886,19660020.0,50.02104160835733
84.94,-336027.41058250976,19560410.0,50.02162242069853
84.95,-455902.45298355416,19448500.0,50.02244099799472
84.96,-579473.3428570703,19328450.0,50.023466677673326
84.97,-702178.6275093819,19204700.0,50.02466136137008
84.98,-819524.5265072116,19081820.0,50.025981064089734
84.99,-927258.5950421894,18964300.0,50.02737763803813
85.0,-1021522.7715537099,18856390.0,50.02880052759331
85.01,-1098980.500682378,18761950.0,50.030198516688905
85.02,-1156917.92367028,18684320.0,50.03152144480805
85.03,-1193320.4235061754,18626210.0,50.03272185958804
85.04,-1206925.765028872,18589630.0,50.03375657082606
85.05,-1197254.5828282828,18575860.0,50.03458806835271
85.06,-1164620.4365328744,18585360.0,50.03518579044505
85.07,-1110127.1510484,18617820.0,50.035527298100334
85.08,-1035649.8230334953,18672150.0,50.03559925000787
85.09,-943790.4089213689,18746460.0,50.03539805476517
85.1,-837804.0347728404,18838150.0,50.03493015827433
85.11,-721496.7463279571,18943970.0,50.034211952124416
85.12,-599097.6169086541,19060120.0,50.033269296800206
85.13,-475109.1103323887,19182350.0,50.03213666134019
85.14,-354134.70620229223,19306180.0,50.030855820574814
85.15,-240691.41662486683,19426990.0,50.02947418660403
85.16,-139023.8852139837,19540270.0,50.02804293793771
85.17,-52934.342027982115,19641780.0,50.026615060171345
85.18,14364.850547514157,19727710.0,50.02524334954992
85.19,60371.88443411363,19794850.0,50.023978445425634
85.2,83386.18547395105,19840700.0,50.02286696347035
85.21,82566.48378063273,19863560.0,50.021949801302156
85.22,57954.90631669882,19862590.0,50.02126067760446
85.23,10473.663924595166,19837830.0,50.02082486954795
85.24,-58103.70735580212,19790200.0,50.02065820029329
85.25,-145213.20653686207,19721470.0,50.020766411402406
85.26,-247596.8833786165,19634210.0,50.021144980565026
85.27,-361430.661307801,19531680.0,50.021779362610864
85.28,-482475.6493753779,19417710.0,50.02264561793696
85.29,-606243.9992002178,19296520.0,50.02371138118667
85.3,-728174.135417846,19172610.0,50.0249371618406
85.31,-843810.270948729,19050540.0,50.02627794144738
85.32,-948972.5272063272,18934770.0,50.02768491242882
85.33,-1039904.5838815486,18829470.0,50.029107232707226
85.34,-1113395.2184299151,18738400.0,50.030493769017085
85.35,-1166874.1550839168,18664780.0,50.03179480227513
85.36,-1198483.5515235336,18611170.0,50.03296366217389
85.37,-1207126.2874904433,18579440.0,50.033958255436296
85.38,-1192491.6953283518,18570670.0,50.03474244980555
85.39,-1155062.71715591,18585180.0,50.03528732428427
85.4,-1096110.2017406353,18622480.0,50.035572309427714
85.41,-1017669.1240063144,18681310.0,50.035586101976115
85.42,-922488.0012704023,18759630.0,50.035327240454855
85.43,-813948.9668335728,18854700.0,50.03480431294554
85.44,-695959.7921370156,18963120.0,50.03403578379285
85.45,-572821.0654660036,19080990.0,50.03304943510317
85.46,-449072.3349233613,19204020.0,50.0318814236256
85.47,-329315.20025076234,19327650.0,50.03057488277774
85.48,-218024.22538748762,19447300.0,50.029178193215685
85.49,-119363.5025802321,19558480.0,50.027743088611864
85.5,-37021.02489271562,19657030.0,50.026322684003
85.51,25933.299712309148,19739270.0,50.02496948005434
85.52,67162.11652087013,19802120.0,50.023733411278705
85.53,85144.48511516291,19843250.0,50.02266001045855
85.54,79226.72668014566,19861130.0,50.02178875969564
85.55,49639.42319023877,19855110.0,50.02115168345138
85.56,-2510.8781735630473,19825430.0,50.02077212482704
85.57,-75276.13324517652,19773190.0,50.02066379968292
85.58,-165935.23124100664,19700330.0,50.02083026457306
85.59,-271097.7518369744,19609580.0,50.02126482757036
85.6,-386837.5965298535,19504330.0,50.021950875816465
85.61,-508848.252411374,19388510.0,50.02286258132847
85.62,-632610.768668843,19266410.0,50.02396593706101
85.63,-753570.8586394103,19142570.0,50.0252201320868
85.64,-867317.7131171278,19021530.0,50.026579192116515
85.65,-969750.1386746799,18907710.0,50.02799372875171
85.66,-1057218.6957250605,18805200.0,50.02941269271969
85.67,-1126641.6372980177,18717660.0,50.03078511154896
85.68,-1175595.42992066,18648170.0,50.0320617827038
85.69,-1202381.2045879052,18599150.0,50.03319688861518
85.7,-1206068.1810556916,18572300.0,50.03414949723059
85.71,-1186514.6978232134,18568550.0,50.0348849112899
85.72,-1144372.585325076,18588040.0,50.0353759001031
85.73,-1081078.320679227,18630120.0,50.03560380277528
85.74,-998824.1496716702,18693360.0,50.03555937764491
85.75,-900501.2600998778,18775560.0,50.035243300125096
85.76,-789613.6833510995,18873830.0,50.0346662901964
85.77,-670164.7053842063,18984660.0,50.033848856952204
85.78,-546519.2813365863,19104060.0,50.03282065851305
85.79,-423245.2007857873,19227660.0,50.031619464415165
85.8,-304932.58157410496,19350890.0,50.03028967606538
85.81,-196004.45741625276,19469160.0,50.028880547511015
85.82,-100536.43656133895,19578050.0,50.027444270929834
85.83,-22095.696104156552,19673480.0,50.026033994489296
85.84,36395.447966810665,19751880.0,50.02470183003956
85.85,72767.73545822222,19810340.0,50.02349692003003
85.86,85681.97714549769,19846680.0,50.02246363587316
85.87,74672.62579310173,19859560.0,50.02163997756467
85.88,40158.74914374534,19848520.0,50.021056209178404
85.89,-16569.573569087603,19813980.0,50.02073368436821
85.9,-93392.52665899991,19757230.0,50.020683980882076
85.91,-187436.6812749753,19680390.0,50.02090846303246
85.92,-295185.64745053777,19586320.0,50.021398283593264
85.93,-412618.99816803896,19478560.0,50.02213479537006
85.94,-535370.9195191879,19361110.0,50.023090331158635
85.95,-658899.9981822828,19238350.0,50.02422930655701
85.96,-778667.869262058,19114810.0,50.02550966706113
85.97,-890316.7021797039,18995030.0,50.02688456488811
85.98,-989830.7066604018,18883380.0,50.028304111895395
85.99,-1073672.7165367194,18783870.0,50.029717131623784
86.0,-1138894.5991964545,18700020.0,50.031072889958295
86.01,-1183222.5385253676,18634800.0,50.03232277452726
86.02,-1205118.5277563245,18590480.0,50.033421888646934
86.03,-1203818.9890871644,18568590.0,50.034330522680634
86.04,-1179351.3506766888,18569900.0,50.03501546980156
86.05,-1132535.9029723757,18594380.0,50.03545124027541
86.06,-1064973.5990377823,18641210.0,50.035621122775474
86.07,-979011.5551277172,18708790.0,50.03551796187092
86.08,-877679.9489621574,18794770.0,50.0351445784773
86.09,-764599.8221665795,18896120.0,50.034513816322125
86.1,-643864.0225360601,19009220.0,50.03364820413726
86.11,-519895.06958997715,19129980.0,50.032579234677264
86.12,-397281.0970697074,19253980.0,50.031346227393925
86.13,-280592.2642928295,19376620.0,50.02999477389376
86.14,-174192.061860719,19493340.0,50.028574919328086
86.15,-82060.52887984039,19599770.0,50.02713922957134
86.16,-7638.0938050297555,19691940.0,50.02574080111558
86.17,46305.15945177374,19766400.0,50.02443127512276
86.18,77771.31024337187,19820380.0,50.02325892605396
86.19,85604.68079164933,19851890.0,50.02226689708647
86.2,69528.09068237629,19859760.0,50.021491650896365
86.21,30148.368129114737,19843730.0,50.0209616426041
86.22,-31062.807001454,19804400.0,50.02069620201218
86.23,-111817.24262544996,19743240.0,50.02070475241916
86.24,-209094.06554989467,19662540.0,50.0209864686835
86.25,-319257.013128494,19565310.0,50.02153036892884
86.26,-438198.2622426483,19455210.0,50.02231580803635
86.27,-561500.0944535435,19336320.0,50.02331332984695
86.28,-684606.2295737665,19213080.0,50.02448583547137
86.29,-803001.501669026,19090040.0,50.02579009680338
86.3,-912387.6889959263,18971710.0,50.027178467039946
86.31,-1008840.1924874072,18862400.0,50.02860063492821
86.32,-1088938.976940591,18766010.0,50.03000537372385
86.33,-1149873.4250923558,18685990.0,50.03134226313205
86.34,-1189522.3683212595,18625130.0,50.03256335312799
86.35,-1206510.5839095907,18585560.0,50.03362473466143
86.36,-1200242.5637693515,18568650.0,50.03448797967971
86.37,-1170914.7208262165,18575000.0,50.035121422930104
86.38,-1119514.8115794978,18604410.0,50.0355013578595
86.39,-1047806.2303163898,18655900.0,50.035613052287474
86.4,-958287.8246159529,18727690.0,50.03545145234758
86.41,-854124.4804924605,18817300.0,50.03502152378799
86.42,-739048.8630335075,18921560.0,50.03433821649775
86.43,-617237.0197970539,19036730.0,50.033426044365136
86.44,-493161.7744361006,19158630.0,50.03231828253873
86.45,-371423.66260654235,19282800.0,50.031055731759935
86.46,-256564.77818805457,19404640.0,50.029685093770205
86.47,-152881.37672751182,19519600.0,50.02825711841087
86.48,-64250.97867065342,19623390.0,50.02682465493847
86.49,6018.676327792113,19712120.0,50.025440657383726
86.5,55314.45917579974,19782500.0,50.02415620831001
86.51,81813.1169689825,19831900.0,50.02301863265948
86.52,84544.28149588569,19858510.0,50.022069773548616
86.53,63419.44699101924,19861350.0,50.021344495606655
86.54,19232.147841595637,19840340.0,50.02086939635099
86.55,-46366.78673797392,19796270.0,50.02066174838913
86.56,-130924.7813057552,19730790.0,50.020728806330986
86.57,-231278.89470426604,19646360.0,50.021067559924546
86.58,-343679.45301075355,19546130.0,50.021664914434496
86.59,-463938.4637070368,19433850.0,50.022498264795075
86.6,-587593.9175084666,19313720.0,50.02353641757732
86.61,-710083.5711814661,19190200.0,50.0247408385208
86.62,-826924.6688220302,19067840.0,50.02606721679725
86.63,-933886.53319769,18951130.0,50.02746719371225
86.64,-1027141.9625542131,18844310.0,50.02889011781584
86.65,-1103392.636818075,18751190.0,50.03028479121414
86.66,-1159968.6526819835,18675080.0,50.031601182345256
86.67,-1194903.5122847492,18618650.0,50.03279207328378
86.68,-1206985.7719747028,18583860.0,50.03381460601752
86.69,-1195788.058047489,18571920.0,50.034631689950594
86.7,-1161676.2186013055,18583270.0,50.03521326476654
86.71,-1105805.7093641197,18617530.0,50.035537464199656
86.72,-1030101.1283636859,18673560.0,50.035591572638204
86.73,-937209.9177136441,18749420.0,50.035372654016285
86.74,-830426.7541449661,18842460.0,50.03488781474622
86.75,-713589.5334742661,18949410.0,50.03415408703519
86.76,-590949.9416778417,19066400.0,50.033197926800895
86.77,-467022.5060190726,19189200.0,50.03205432784703
86.78,-346410.80649296247,19313290.0,50.03076548966202
86.79,-233619.47011274262,19434070.0,50.02937912988066
86.8,-132868.99356327683,19547030.0,50.02794660588634
86.81,-47927.013817175175,19647950.0,50.02652095120792
86.82,18037.485496028094,19733060.0,50.02515487906788
86.83,62572.96193649061,19799200.0,50.02389881941668
86.84,84033.90691935515,19843910.0,50.022799061467005
86.85,81636.70858065586,19865540.0,50.021896072937054
86.86,55481.56464258232,19863320.0,50.021223055561514
86.87,6547.630959983799,19837350.0,50.020804694320965
86.88,-63337.501552696165,19788590.0,50.0206561652969
86.89,-151561.01830755343,19718890.0,50.02078253752398
86.9,-254823.64844913973,19630850.0,50.02117861940414
86.91,-369269.2955114621,19527770.0,50.021829226383176
86.92,-490637.5902005493,19413520.0,50.022709833334176
86.93,-614430.3907892918,19292340.0,50.023787563703316
86.94,-736087.5975730582,19168740.0,50.0250225131603
86.95,-851166.5130223808,19047270.0,50.026369360868
86.96,-955510.834722633,18932390.0,50.027779112532265
86.97,-1045396.6190766648,18828240.0,50.029200854461756
86.98,-1117652.0682519556,18738550.0,50.03058349495474
86.99,-1169751.7116730856,18666490.0,50.03187746586981
87.0,-1199886.336068342,18614590.0,50.03303635137776
87.01,-1207009.7859510775,18584660.0,50.03401840795014
87.02,-1190863.205570732,18577740.0,50.034787937199575
87.03,-1151981.3240390683,18594090.0,50.03531653050077
87.04,-1091685.8240097533,18633180.0,50.03558419847608
87.05,-1012060.0779823689,18693680.0,50.03558026655646
87.06,-915896.6661041998,18773510.0,50.035303926731686
87.07,-806615.5474645013,18869880.0,50.03476442071063
87.08,-688154.3571611835,18979370.0,50.03398084161403
87.09,-564834.104096326,19098040.0,50.03298155039263
87.1,-441204.0442330822,19221570.0,50.031803207284476
87.11,-321863.491266929,19345410.0,50.030489345775194
87.12,-211272.3256392097,19464960.0,50.02908862510925
87.13,-113568.4025949281,19575760.0,50.02765292976502
87.14,-32403.352213784703,19673680.0,50.02623539482512
87.15,29197.670392564265,19755060.0,50.02488841126635
87.16,68948.50380870665,19816870.0,50.02366167975495
87.17,85383.72059444827,19856830.0,50.02260038535359
87.18,77907.23255551729,19873480.0,50.02174356327059
87.19,46807.189588958805,19866220.0,50.02112270792457
87.2,-6753.804365566641,19835330.0,50.02076056145969
87.21,-80775.03459366184,19781980.0,50.02067019046543
87.22,-172488.3870720314,19708180.0,50.02085448260939
87.23,-278464.270515224,19616680.0,50.021306085965676
87.24,-394746.9413869183,19510920.0,50.02200776261364
87.25,-517010.86933458527,19394850.0,50.02293311739845
87.26,-640729.3449925494,19272800.0,50.02404765499166
87.27,-761352.1181568077,19149300.0,50.02531017753833
87.28,-874483.8293211719,19028890.0,50.026674436418894
87.29,-976048.7407304562,18915970.0,50.028090882803944
87.3,-1062431.1883636075,18814620.0,50.029508420828925
87.31,-1130589.8277929123,18728460.0,50.03087614323929
87.32,-1178146.5329162846,18660510.0,50.03214502026398
87.33,-1203451.3285679482,18613170.0,50.03326950842624
87.34,-1205624.361355839,18588080.0,50.034209042524715
87.35,-1184575.5637436658,18586120.0,50.034929374690016
87.36,-1141008.2262148422,18607380.0,50.03540380057841
87.37,-1076409.124856288,18651160.0,50.035614250015215
87.38,-993017.944067827,18715970.0,50.03555211478029
87.39,-893768.550775784,18799570.0,50.03521872305494
87.4,-782201.0385032283,18899030.0,50.034625442278326
87.41,-662346.468912049,19010810.0,50.03379339865893
87.42,-538587.889878461,19130870.0,50.03275281241501
87.43,-415499.89215254405,19254830.0,50.031541929685616
87.44,-297667.1492088637,19378130.0,50.03020552007293
87.45,-189495.19191716483,19496160.0,50.02879308509648
87.46,-95031.10753554665,19604530.0,50.02735693766158
87.47,-17803.994885112275,19699200.0,50.02595021740526
87.48,39309.751204227796,19776630.0,50.024624900007574
87.49,74192.72782083752,19833940.0,50.02342987021093
87.5,85561.43183381029,19869020.0,50.02240913137147
87.51,73007.61481444794,19880580.0,50.021600220317794
87.52,37007.58405388676,19868220.0,50.021032854201884
87.53,-21093.10543767031,19832410.0,50.020727773206765
87.54,-99123.07583054207,19774500.0,50.0206959004758
87.55,-194163.59942438285,19696660.0,50.0209379335662
87.56,-302661.2886446107,19601800.0,50.02144437373376
87.57,-420568.53824818274,19493490.0,50.022195962561625
87.58,-543503.1211771416,19375770.0,50.023164484071245
87.59,-666918.4363971975,19253020.0,50.02431388717417
87.6,-786282.5120225842,19129780.0,50.02560175354343
87.61,-897255.0257146119,19010600.0,50.02698098500916
87.62,-995847.3687854339,18899800.0,50.02840155713435
87.63,-1078557.519864487,18801380.0,50.02981227040869
87.64,-1142478.7785422327,18718850.0,50.031162478554236
87.65,-1185383.4505086206,18655100.0,50.03240376327705
87.66,-1205782.813362616,18612360.0,50.03349152120508
87.67,-1202964.2684109213,18592130.0,50.03438642599273
87.68,-1177006.5828683665,18595110.0,50.0350557337925
87.69,-1128781.0056865478,18621230.0,50.03547449210317
87.7,-1059938.0559713156,18669620.0,50.03562658803449
87.71,-972871.3048585231,18738620.0,50.035505503495315
87.72,-870652.3483019668,18825840.0,50.03511471166713
87.73,-756936.7660982735,18928210.0,50.03446769878158
87.74,-635843.4171312691,19042070.0,50.03358760116367
87.75,-511810.9585647261,19163310.0,50.03250645982907
87.76,-389432.2564549696,19287480.0,50.031264053226245
87.77,-273269.9374637637,19410000.0,50.02990632055305
87.78,-167667.9789747048,19526300.0,50.028483531706314
87.79,-76576.0745828381,19632040.0,50.02704834959029
87.8,-3395.0149917135714,19723260.0,50.02565383838944
87.81,49152.25983577559,19796570.0,50.02435148029151
87.82,79120.50289103808,19849240.0,50.023189271381
87.83,85410.1085232377,19879330.0,50.02220996891291
87.84,67801.13507943036,19885740.0,50.021449558139764
87.85,26957.164335810114,19868250.0,50.020935936996224
87.86,-35595.53571698285,19827520.0,50.02068781599215
87.87,-117518.46414841578,19765070.0,50.02071396269642
87.88,-215747.02178594389,19683260.0,50.02101288888707
87.89,-326609.775316681,19585130.0,50.021572969452876
87.9,-445973.7268788837,19474370.0,50.022372960572795
87.91,-569406.8218972647,19355100.0,50.02338287329492
87.92,-692350.0445775408,19231770.0,50.02456516589051
87.93,-810297.1525742572,19108920.0,50.02587627326296
87.94,-918969.610091611,18991060.0,50.027268323948626
87.95,-1014471.690943161,18882470.0,50.02869089476213
87.96,-1093419.7479502854,18787050.0,50.03009275916761
87.97,-1153045.4380506428,18708180.0,50.031423606463534
87.98,-1191274.2261342788,18648630.0,50.032635700930285
87.99,-1206780.4013991868,18610470.0,50.03368544520138
88.0,-1199019.4119365918,18595040.0,50.0345348107676
88.01,-1168239.0851834302,18602860.0,50.035152613429645
88.02,-1115478.1546176705,18633710.0,50.03551570017599
88.03,-1042549.1334373297,18686520.0,50.03560994724384
88.04,-951996.296290224,18759510.0,50.03543094161152
88.05,-847024.3849796245,18850110.0,50.03498429861117
88.06,-731398.5908787204,18955130.0,50.03428560185091
88.07,-609318.6053219722,19070800.0,50.0333599580957
88.08,-485270.6781106103,19192920.0,50.0322411693377
88.09,-363857.08076637966,19317000.0,50.03097046750309
88.1,-249609.3452555859,19438450.0,50.029594870384585
88.11,-146801.5067515797,19552720.0,50.02816532073644
88.12,-59278.43715099187,19655550.0,50.02673473268092
88.13,9693.647140785703,19743090.0,50.02535599600968
88.14,57550.20714257832,19812080.0,50.02408000362287
88.15,82521.63914715499,19859950.0,50.02295377373439
88.16,83694.12646130275,19884930.0,50.02201873851705
88.17,61036.47707888746,19886110.0,50.021309263001534
88.18,15398.77926649683,19863450.0,50.020851367631046
88.19,-51514.11461702897,19817810.0,50.020661690361
88.2,-137200.48001702945,19750890.0,50.02074682229145
88.21,-238455.36261585375,19665190.0,50.0211030890859
88.22,-351496.06572407676,19563930.0,50.02171675802729
88.23,-472111.8451614166,19450870.0,50.02256463596447
88.24,-595828.909081098,19330230.0,50.02361501188853
88.25,-718084.8634902815,19206490.0,50.024828928006706
88.26,-834408.3627835166,19084210.0,50.02616175861533
88.27,-940590.6254283078,18967850.0,50.02756494330757
88.28,-1032835.2050845667,18861630.0,50.028987742138355
88.29,-1107881.7014137476,18769350.0,50.030378980641686
88.3,-1163103.6718406738,18694260.0,50.03168875937148
88.31,-1196582.102663054,18638990.0,50.03287009598881
88.32,-1207155.5967223193,18605460.0,50.03388046381818
88.33,-1194447.9451508909,18594840.0,50.034683189061916
88.34,-1158876.403343662,18607490.0,50.03524870824906
88.35,-1101647.1550654813,18643000.0,50.03555572175612
88.36,-1024733.3979493685,18700160.0,50.03559213219213
88.37,-930827.1711089049,18777010.0,50.03535565006684
88.38,-823261.8406484742,18870840.0,50.03485403246047
88.39,-705906.3481706504,18978330.0,50.03410494168033
88.4,-583034.2849761477,19095600.0,50.03313541839191
88.41,-459171.6478013257,19218390.0,50.031980970521374
88.42,-338921.6598746967,19342170.0,50.030684212054425
88.43,-226776.2551269245,19462320.0,50.02929315677144
88.44,-126931.65057098214,19574370.0,50.027859332846226
88.45,-43120.96167609934,19674120.0,50.02643581549848
88.46,21529.94220563548,19757820.0,50.025075230559324
88.47,64619.354229159886,19822370.0,50.023827796084575
88.48,84556.26090562542,19865350.0,50.0227394742646
88.49,80614.00789541664,19885170.0,50.02185030446835
88.5,52950.0615321942,19881110.0,50.021192975000126
88.51,2599.641482746403,19853320.0,50.02079158410092
88.52,-68556.54109108198,19802850.0,50.02066066801435
88.53,-157857.7968496153,19731560.0,50.02080463180171
88.54,-261964.4364282612,19642130.0,50.021217624112644
88.55,-376989.167656234,19537890.0,50.02188383108512
88.56,-498650.85653447814,19422730.0,50.022778152293455
88.57,-622441.6582246807,19300920.0,50.02386721013592
88.58,-743803.3744398293,19176990.0,50.02511069584187
88.59,-858306.6597999223,19055480.0,50.02646299471103
88.6,-961818.8905858882,18940830.0,50.027874933160824
88.61,-1050648.4570760299,18837160.0,50.02929553212757
88.62,-1121662.8556900166,18748180.0,50.030673746968226
88.63,-1172381.2341328412,18677000.0,50.03196016521402
88.64,-1201042.7773641334,18626120.0,50.033108629411
88.65,-1206652.0178863755,18597300.0,50.03407774870311
88.66,-1189001.6256715776,18591520.0,50.03483226095356
88.67,-1148677.8090906856,18609000.0,50.03534427141606
88.68,-1087052.7562510525,18649150.0,50.035594371474936
88.69,-1006257.9003381449,18710600.0,50.0355725152797
88.7,-909129.5296468906,18791210.0,50.0352785474751
88.71,-799125.0484057298,18888160.0,50.03472236168827
88.72,-680211.5254321055,18997970.0,50.03392367692997
88.73,-556729.9233744149,19116700.0,50.03291142915749
88.74,-433238.35859579814,19239990.0,50.03172277277341
88.75,-314332.8658385166,19363280.0,50.030401630711594
88.76,-204457.8065723481,19481990.0,50.02899693142597
88.77,-107724.22889841406,19591670.0,50.02756070223586
88.78,-27747.057315120124,19688200.0,50.02614609116127
88.79,32493.469888777938,19767970.0,50.02480537319505
88.8,70762.42069612083,19828000.0,50.02358800956971
88.81,85649.8414064491,19866060.0,50.02253883253678
88.82,76617.14590766263,19880730.0,50.02169642586046
88.83,44010.21678022243,19871480.0,50.02109174619963
88.84,-10952.015681288496,19838660.0,50.0207469268845
88.85,-86216.07344186265,19783480.0,50.02067437995491
88.86,-178967.02298798188,19707990.0,50.0208763216475
88.87,-285736.506947179,19615020.0,50.021344739453966
88.88,-402539.68684682355,19508020.0,50.02206177140685
88.89,-525032.6499956774,19390990.0,50.02300045760448
88.9,-648681.5685274317,19268270.0,50.02412581763809
88.91,-768940.8240147881,19144390.0,50.025396270433696
88.92,-881431.0535455451,19023900.0,50.0267652973449
88.93,-982102.4814532449,18911180.0,50.028183194013984
88.94,-1067373.6805001984,18810270.0,50.02959882328594
88.95,-1134244.124961705,18724770.0,50.03096134874564
88.96,-1180381.508490282,18657660.0,50.03222191976431
88.97,-1204185.1563293142,18611280.0,50.0333352738259
88.98,-1204826.5209963727,18587240.0,50.034261219639255
88.99,-1182267.4811413984,18586350.0,50.03496596602981
89.0,-1137263.1460244886,18608670.0,50.035423342915294
89.01,-1071350.954210509,18653430.0,50.03561587917198
89.02,-986818.3526736944,18719100.0,50.03553560819633
89.03,-886642.1334315492,18803380.0,50.03518451860689
89.04,-774398.5968214,18903310.0,50.034574632220476
89.05,-654146.5987160867,19015300.0,50.03372769815522
89.06,-530287.1607970243,19135310.0,50.032674503174505
89.07,-407401.4030808771,19258910.0,50.03145377276075
89.08,-290068.1044348134,19381550.0,50.03011064526645
89.09,-182674.6908063584,19498630.0,50.028694868258086
89.1,-89239.03346583177,19605770.0,50.027258872380166
89.11,-13251.361066736048,19698950.0,50.02585578373036
89.12,42458.71939158789,19774680.0,50.0245374349856
89.13,75826.53838721244,19830130.0,50.02335244518685
89.14,85625.1477112564,19863240.0,50.02234444040202
89.15,71504.4231759439,19872790.0,50.02155048427021
89.16,33998.68412687839,19858410.0,50.02099973626923
89.17,-25490.334033914318,19820650.0,50.02071231190604
89.18,-104739.10354324355,19760900.0,50.02069846876825
89.19,-200783.1616175589,19681400.0,50.020958227385734
89.2,-310031.8601708019,19585100.0,50.02148142828106
89.21,-428410.34362197923,19475590.0,50.022248194068055
89.22,-551520.0816112428,19356960.0,50.02322975382742
89.23,-674809.5807380396,19233590.0,50.02438958557517
89.24,-793753.7695088964,19110050.0,50.02568490551781
89.25,-904030.5182066483,18990860.0,50.02706836574659
89.26,-1001679.2193319455,18880330.0,50.02848980835354
89.27,-1083233.9307454182,18782430.0,50.0298980158931
89.28,-1145830.3913066224,18700620.0,50.031242437018875
89.29,-1187288.0750891247,18637780.0,50.03247485642982
89.3,-1206168.615902896,18596070.0,50.03355097478379
89.31,-1201811.4654276096,18576940.0,50.03443186126331
89.32,-1174347.7479569819,18581050.0,50.03508524814202
89.33,-1124700.6026976176,18608270.0,50.03548673389061
89.34,-1054570.9473884734,18657680.0,50.03562081819742
89.35,-966399.5009151425,18727560.0,50.03548163418808
89.36,-863299.7841059447,18815490.0,50.03507332026231
89.37,-748962.1784408198,18918350.0,50.03441001635027
89.38,-627531.5684769433,19032450.0,50.033515475610514
89.39,-503462.494600576,19153650.0,50.032422293970825
89.4,-381352.0065469397,19277480.0,50.03117071229285
89.41,-265754.362482,19399350.0,50.02980701731962
89.42,-160992.94975912152,19514720.0,50.028381700328076
89.43,-70985.84083834104,19619250.0,50.02694751455199
89.44,907.2448075454449,19709030.0,50.02555748190204
89.45,52012.044666692615,19780690.0,50.024262912729114
89.46,80437.54951767705,19831570.0,50.02311150951589
89.47,85141.7481658003,19859780.0,50.02214562663647
89.48,65963.35118586861,19864260.0,50.02140075388864
89.49,23623.9613541335,19844860.0,50.02090421332075
89.5,-40294.45799041382,19802310.0,50.02067407708949
89.51,-123402.2042439392,19738180.0,50.02071843856615
89.52,-222590.3293692642,19654860.0,50.02103512941566
89.53,-334151.90129579126,19555460.0,50.02161186620895
89.54,-453928.730754559,19443700.0,50.02242679387536
89.55,-577474.7250008977,19323720.0,50.02344938111975
89.56,-700228.7858451123,19199970.0,50.02464163781991
89.57,-817694.5767183562,19077020.0,50.025959660322286
89.58,-925614.4308459683,18959360.0,50.02735535387802
89.59,-1020122.8145064272,18851250.0,50.028778187750824
89.6,-1097873.8832197534,18756560.0,50.03017694292756
89.61,-1156143.0557280253,18678620.0,50.03150142853199
89.62,-1192903.9387031212,18620170.0,50.032704135760774
89.63,-1206881.8495162944,18583240.0,50.0337417939601
89.64,-1197584.6624339577,18569080.0,50.03457679089453
89.65,-1165313.083743643,18578210.0,50.03517844248431
89.66,-1111158.2206783593,18610310.0,50.03552416956336
89.67,-1036982.9643314711,18664300.0,50.035600477544975
89.68,-945378.0410272919,18738310.0,50.03540361427735
89.69,-839588.7819995758,18829760.0,50.03493986328566
89.7,-723413.3154892516,18935390.0,50.0342254584466
89.71,-601075.0556668137,19051420.0,50.03328611339523
89.72,-477073.3878353516,19173600.0,50.03215616741543
89.73,-356011.6456137229,19297460.0,50.0308772899577
89.74,-242409.7713082282,19418380.0,50.02949681696064
89.75,-140518.24650675408,19531840.0,50.0280658819077
89.76,-54147.716276134015,19633590.0,50.02663745744651
89.77,13478.874150627293,19719830.0,50.02526435900051
89.78,59847.41723249899,19787320.0,50.02399727632556
89.79,83243.8195505985,19833570.0,50.02288290460377
89.8,82812.62735648284,19856840.0,50.02196224654596
89.81,58581.652692740725,19856290.0,50.0212691476181
89.82,11459.046369603544,19831940.0,50.020829030495406
89.83,-56795.02080872608,19784700.0,50.0206578775533
89.84,-143628.65446501574,19716340.0,50.02076159627548
89.85,-245794.18954711003,19629400.0,50.02113582978023
89.86,-359475.55527958233,19527140.0,50.021766191175175
89.87,-480439.2817322644,19413360.0,50.0226288861625
89.88,-604200.1913410521,19292300.0,50.02369167659773
89.89,-726196.4738398793,19168450.0,50.02491517528455
89.9,-841969.2319075482,19046370.0,50.026254439686745
89.91,-947332.8849265297,18930510.0,50.0276607097715
89.92,-1038523.2298908541,18825070.0,50.02908316267345
89.93,-1112319.4014954981,18733810.0,50.03047065633124
89.94,-1166140.1145276497,18659940.0,50.03177343558247
89.95,-1198115.5508089745,18606050.0,50.03294476843164
89.96,-1207136.019970083,18574010.0,50.033942476288296
89.97,-1192878.0408929584,18564940.0,50.03473032044202
89.98,-1155811.7259379467,18579140.0,50.03527925386982
89.99,-1097195.297383911,18616150.0,50.03556856398046
90.0,-1019051.6786454068,18674720.0,50.035586792027765
90.01,-924118.373554442,18752820.0,50.035332314460945
90.02,-815768.0113665655,18847710.0,50.03481355677815
90.03,-697900.8127690605,18956020.0,50.03404882659211
90.04,-574812.1403750029,19073860.0,50.03306576129963
90.05,-451038.95847771293,19196920.0,50.03190039125198
90.06,-331183.2542250958,19320660.0,50.030595748867725
90.07,-219723.05900015123,19440490.0,50.029200143740596
90.08,-120828.81413943274,19551930.0,50.027765270096694
90.09,-38197.39194583474,19650810.0,50.026344235895
90.1,25090.298850588268,19733430.0,50.02498956714645
90.11,66684.26041368872,19796710.0,50.02375125476767
90.12,85049.81435731635,19838290.0,50.02267491622974
90.13,79518.98660037463,19856660.0,50.02180014334958
90.14,50308.03834402317,19851130.0,50.021159091189524
90.15,-1490.4457322981907,19821920.0,50.02077525121691
90.16,-73941.59327068384,19770130.0,50.020662500335966
90.17,-164336.10113836004,19697690.0,50.020824561513244
90.18,-269293.4553136575,19607320.0,50.021254907629206
90.19,-384895.12166310265,19502380.0,50.02193708235878
90.2,-506839.51089904783,19386800.0,50.02284540008009
90.21,-630609.7951533226,19264880.0,50.02394597679274
90.22,-751650.8760796986,19141140.0,50.02519809970504
90.23,-865548.2710119003,19020140.0,50.026555864660885
90.24,-968194.5795295062,18906280.0,50.02796992485189
90.25,-1055932.0574957156,18803670.0,50.02938924430915
90.26,-1125668.9755994207,18715980.0,50.03076283593079
90.27,-1174970.5265600292,18646290.0,50.03204145540967
90.28,-1202125.6546621511,18597040.0,50.03317921783159
90.29,-1206190.8631822644,18569950.0,50.03413510055774
90.3,-1187011.5836937597,18565940.0,50.03487429489212
90.31,-1145226.731332545,18585180.0,50.03536943899305
90.32,-1082260.1289174124,18627030.0,50.035601724433235
90.33,-1000292.0546979293,18690070.0,50.035561750956184
90.34,-902202.9006760919,18772110.0,50.03525003025396
90.35,-791487.5443676754,18870270.0,50.03467711962054
90.36,-672142.1712264075,18981060.0,50.0338633726386
90.37,-548527.0481208453,19100490.0,50.03283830539762
90.38,-425208.1016869487,19224190.0,50.03163956658988
90.39,-306776.66165989294,19347590.0,50.0303114637942
90.4,-197660.01509418729,19466110.0,50.028903187473404
90.41,-101940.8018893667,19575320.0,50.02746689791372
90.42,-23195.657205274794,19671130.0,50.026055743945186
90.43,35641.63972254144,19749980.0,50.02472187032201
90.44,72388.8399197046,19808910.0,50.023514483112805
90.45,85692.7638943427,19845760.0,50.02247804538386
90.46,75073.43144310394,19859170.0,50.02165067300379
90.47,40935.448581097415,19848660.0,50.021062767432966
90.48,-15445.156842107535,19814640.0,50.02073583679887
90.49,-91961.66406643,19758370.0,50.020681624049324
90.5,-185752.1932868046,19681970.0,50.02090166221858
90.51,-293309.82987879496,19588300.0,50.02138726926947
90.52,-410621.1536809328,19480870.0,50.02211995328468
90.53,-533324.6512044317,19363680.0,50.02307218690854
90.54,-656880.38390835,19241110.0,50.02420850516776
90.55,-776748.5265600063,19117680.0,50.02548694708495
90.56,-888566.9576870485,18997950.0,50.026860729737564
90.57,-988313.124614027,18886270.0,50.02828000096415
90.58,-1072441.0594077937,18786660.0,50.02969359159772
90.59,-1137992.2206728351,18702670.0,50.03105074678713
90.6,-1182681.174619344,18637260.0,50.032302806419494
90.61,-1204957.461868018,18592720.0,50.033404800669715
90.62,-1204044.5852936264,18570590.0,50.03431692366467
90.63,-1179956.9313055314,18571660.0,50.03500585188977
90.64,-1133501.816612789,18595900.0,50.03544595980567
90.65,-1066267.551905124,18642510.0,50.03562038450268
90.66,-980589.3746548018,18709900.0,50.03552180873322
90.67,-879486.8349190662,18795740.0,50.03515288741496
90.68,-766572.0675639043,18897000.0,50.034526300356674
90.69,-645931.1592527914,19010080.0,50.03366442087695
90.7,-521982.363920811,19130880.0,50.03259860107179
90.71,-399312.43667666474,19254990.0,50.031368042072074
90.72,-282493.2815059859,19377830.0,50.030018245339406
90.73,-175893.19641042367,19494820.0,50.02859919704511
90.74,-83499.80849088845,19601590.0,50.02716343659124
90.75,-8763.525977444602,19694150.0,50.02576406695438
90.76,45533.63971890893,19769060.0,50.0244527682286
90.77,77380.39350652427,19823530.0,50.02327788444756
90.78,85606.78534760984,19855560.0,50.022282655953276
90.79,69921.03567994735,19863960.0,50.02150366614405
90.8,30915.46403612243,19848450.0,50.02096951153423
90.81,-29952.250566587958,19809630.0,50.020699679665015
90.82,-110406.86124377616,19748940.0,50.020703761270724
90.83,-207438.7802724446,19668670.0,50.02098110080624
90.84,-317420.8672869011,19571820.0,50.021520881317564
90.85,-436251.8915417,19462030.0,50.02230261166973
90.86,-559517.9594050939,19343380.0,50.02329697302167
90.87,-682663.6689433705,19220310.0,50.02446698130092
90.88,-801171.786660117,19097350.0,50.025769496796926
90.89,-910739.2221918708,18979030.0,50.027156931899
90.9,-1007434.1052413401,18869660.0,50.02857900552028
90.91,-1087827.1656699157,18773160.0,50.02998449228054
90.92,-1149097.0040355576,18692960.0,50.031322945018694
90.93,-1189110.519355946,18631890.0,50.032546359824046
90.94,-1206479.781679917,18592070.0,50.0336107484806
90.95,-1200596.1911101656,18574900.0,50.034477581185634
90.96,-1171642.990854037,18580980.0,50.03511507054017
90.97,-1120594.8528607246,18610130.0,50.03549936869594
90.98,-1049202.5395586276,18661380.0,50.03561558788131
90.99,-959953.1643465308,18732970.0,50.03545850971939
91.0,-856001.2637588563,18822420.0,50.0350329327215
91.01,-741071.0162146225,18926570.0,50.03435364338294
91.02,-619332.2356475412,19041700.0,50.033445002187726
91.03,-495254.1226200927,19163640.0,50.03234014753421
91.04,-373436.5969575136,19287910.0,50.03107976782972
91.05,-258424.30407442793,19409930.0,50.029710481877665
91.06,-154519.0685810001,19525140.0,50.028282988222315
91.07,-65606.68155628559,19629250.0,50.02685011769922
91.08,4994.54819189664,19718360.0,50.0254648390588
91.09,54659.0694362364,19789160.0,50.024178282079035
91.1,81549.86692826508,19839030.0,50.02303784927283
91.11,84682.02890182927,19866120.0,50.02208548837138
91.12,63952.27756684,19869450.0,50.02135619170866
91.13,20139.546011140104,19848920.0,50.02087670468506
91.14,-45119.30812163948,19805300.0,50.02066446288086
91.15,-129384.4498813905,19740240.0,50.02072689164638
91.16,-229503.86978191455,19656180.0,50.02106115203885
91.17,-341736.5295266462,19556260.0,50.02165431422192
91.18,-461900.4346609614,19444230.0,50.02248392541259
91.19,-585536.7483515971,19324260.0,50.023518926495555
91.2,-708083.3898521734,19200820.0,50.02472089334768
91.21,-825054.7768703175,19078470.0,50.02604559741349
91.22,-932214.6863947554,18961700.0,50.027444733108396
91.23,-1025728.0702802688,18854740.0,50.02886767291732
91.24,-1102286.8965072415,18761420.0,50.03026321398377
91.25,-1159210.0968195226,18685060.0,50.031581291618
91.26,-1194518.945802766,18628330.0,50.032774627923615
91.27,-1206989.092256068,18593220.0,50.03380028010332
91.28,-1196179.9575664054,18580940.0,50.03462105068639
91.29,-1162444.1114669726,18591950.0,50.03520675169788
91.3,-1106923.8883026452,18625870.0,50.03553537097374
91.31,-1031531.308094702,18681590.0,50.035594033635164
91.32,-938902.2581574251,18757170.0,50.035379636854714
91.33,-832321.3661542884,18849990.0,50.03489911893975
91.34,-715618.4471081297,18956760.0,50.03416934921958
91.35,-593039.4601084776,19073640.0,50.033216632272826
91.36,-469095.8938985204,19196410.0,50.03207582862746
91.37,-348391.3372082481,19320540.0,50.030789030040104
91.38,-235433.60376912332,19441420.0,50.0294038767762
91.39,-134449.37236340408,19554560.0,50.02797168116033
91.4,-49215.12323008594,19655730.0,50.026545465063755
91.41,17089.08209449111,19741140.0,50.025177963404566
91.42,61998.87789176195,19807620.0,50.02391965995566
91.43,83854.71251866838,19852700.0,50.02281692759391
91.44,81858.27316550346,19874730.0,50.021910344045004
91.45,56094.9589822765,19872910.0,50.02123324314769
91.46,7529.424359273689,19847320.0,50.02081046105119
91.47,-62024.49769352999,19798920.0,50.02065733892274
91.48,-149966.40594348125,19729540.0,50.02077911724713
91.49,-253007.52561657544,19641760.0,50.02117077494096
91.5,-367299.8802084118,19538880.0,50.02181729024129
91.51,-488588.5320898079,19424760.0,50.0226942870203
91.52,-612377.9239547937,19303630.0,50.023769018759346
91.53,-734107.5337130559,19180000.0,50.02500168616655
91.54,-849331.277580721,19058430.0,50.02634704495771
91.55,-953886.7928580884,18943370.0,50.02775614783596
91.56,-1044041.8306397805,18838970.0,50.029178098675274
91.57,-1116614.4905726432,18748970.0,50.030561794415505
91.58,-1169067.8202550649,18676550.0,50.03185762750606
91.59,-1199580.1520117442,18624250.0,50.03301911630101
91.6,-1207092.2885194807,18593880.0,50.034004427186595
91.61,-1191332.1179265738,18586520.0,50.0347777501685
91.62,-1152821.123868532,18602420.0,50.035310544995546
91.63,-1092867.9970692855,18641080.0,50.035582673477776
91.64,-1013543.7555638012,18701170.0,50.035583299970824
91.65,-917629.7394654643,18780640.0,50.03531144911434
91.66,-808536.2745495077,18876690.0,50.03477619541129
91.67,-690193.4105341933,18985920.0,50.033996471305386
91.68,-566916.993064756,19104390.0,50.03300048997061
91.69,-443253.88558062364,19227800.0,50.031824783609544
91.7,-323804.08622134756,19351590.0,50.03051278423993
91.71,-213031.33413121058,19471170.0,50.02911308086635
91.72,-115080.28211165441,19582060.0,50.027677520343794
91.73,-33611.92500748485,19680130.0,50.02625923349244
91.74,28337.081357649877,19761720.0,50.02491064028125
91.75,68467.43363990379,19823790.0,50.023681502162944
91.76,85299.47983757115,19864030.0,50.022617093910156
91.77,78222.38966012589,19880980.0,50.021756565755815
91.78,47509.56004941743,19874010.0,50.021131548688935
91.79,-5690.790897099825,19843410.0,50.02076493974782
91.8,-79391.42997306312,19790310.0,50.02066997223215
91.81,-170836.2350284137,19716720.0,50.02084970519898
91.82,-276605.5721547742,19625370.0,50.021296955561354
91.83,-392751.1981757654,19519710.0,50.02199464506857
91.84,-514952.3474886616,19403660.0,50.0229165231553
91.85,-638684.1854984907,19281550.0,50.024028218683945
91.86,-759395.32486244,19157920.0,50.02528863199637
91.87,-872686.3592935612,19037300.0,50.02665158379781
91.88,-974474.9529473411,18924100.0,50.02806756535691
91.89,-1061136.726832363,18822400.0,50.02948549176348
91.9,-1129619.9405788155,18735830.0,50.030854438137126
91.91,-1177534.8118916587,18667430.0,50.03212532967842
91.92,-1203218.8329540049,18619600.0,50.033252552017004
91.93,-1205779.1114237453,18593990.0,50.0341954454138
91.94,-1185112.382329693,18591510.0,50.03491964644211
91.95,-1141908.792566573,18612260.0,50.03539831573316
91.96,-1077642.2894971243,18655530.0,50.03561323180893
91.97,-994540.4739077718,18719870.0,50.035555624384166
91.98,-895526.3608772067,18803050.0,50.03522665485038
91.99,-784130.8941042756,18902130.0,50.03463752538539
92.0,-664378.1157525692,19013590.0,50.033809204920054
92.01,-540646.5383629954,19133410.0,50.03277177065294
92.02,-417509.1091830906,19257200.0,50.0315633477307
92.03,-299551.9780239848,19380400.0,50.030228612464654
92.04,-191185.22412876278,19498410.0,50.02881700399017
92.05,-96463.29958441306,19606830.0,50.02738080538642
92.06,-18925.099719821126,19701610.0,50.02597315946217
92.07,38541.20412509504,19779200.0,50.02464607751372
92.08,73804.93231959769,19836710.0,50.023448510908864
92.09,85568.34983676288,19872020.0,50.02242455762692
92.1,73408.59039870353,19883830.0,50.021611873182
92.11,37787.37563609012,19871710.0,50.02104031466176
92.12,-19963.85416086309,19836130.0,50.02073077892655
92.13,-97686.81676451734,19778420.0,50.02069435604623
92.14,-192474.2723210058,19700740.0,50.020931913467194
92.15,-300782.19330071646,19605990.0,50.021434118242084
92.16,-418569.81886838493,19497710.0,50.022181867248136
92.17,-541459.0080908434,19379960.0,50.02314708361967
92.18,-664904.3790885705,19257100.0,50.0242938342956
92.19,-784372.237508653,19133680.0,50.025579792754684
92.2,-895517.7105317333,19014240.0,50.02695792359242
92.21,-994345.1856129863,18903130.0,50.02837823606152
92.22,-1077343.622981884,18804320.0,50.029789535508364
92.23,-1141595.7113596909,18721350.0,50.03114115222728
92.24,-1184861.9731705093,18657120.0,50.03238461760743
92.25,-1205641.1238543475,18613870.0,50.033475252885694
92.26,-1203207.5909227845,18593110.0,50.03437363354497
92.27,-1177627.0872137293,18595560.0,50.035046897356786
92.28,-1129757.9278813847,18621150.0,50.03546995483741
92.29,-1061238.0817908612,18669030.0,50.03562654087644
92.3,-974449.3801730345,18737560.0,50.03550997547966
92.31,-872452.9772228131,18824360.0,50.035123566395
92.32,-758895.7697313621,18926360.0,50.034480637094866
92.33,-637890.1143017672,19039920.0,50.03360417030505
92.34,-513870.6873987947,19160930.0,50.032526068790304
92.35,-391429.27184613724,19284950.0,50.031285995549965
92.36,-275130.5155987007,19407380.0,50.0299298026725
92.37,-169323.45218289265,19523680.0,50.028507704257144
92.38,-77965.57853963878,19629480.0,50.02707233997838
92.39,-4467.826649249881,19720830.0,50.02567678350452
92.4,48434.85072254017,19794310.0,50.024372558428055
92.41,78783.81580734951,19847200.0,50.02320773242813
92.42,85465.23169397644,19877540.0,50.02222516149521
92.43,68244.65287990688,19884200.0,50.021460952614305
92.44,27771.30714963266,19866960.0,50.020943145398824
92.45,-34442.316875602584,19826470.0,50.020690607500654
92.46,-116070.39308716916,19764240.0,50.02071227261883
92.47,-214059.30772314794,19682580.0,50.02100682020701
92.48,-324746.4282879365,19584570.0,50.0215627875205
92.49,-444005.02012563887,19473860.0,50.022359081651345
92.5,-567406.5429601481,19354570.0,50.023365847658305
92.51,-690392.5458422762,19231140.0,50.02454565472393
92.52,-808454.3915222404,19108120.0,50.02585502162346
92.53,-917308.4500739642,18990020.0,50.0272461324893
92.54,-1013051.6099580908,18881130.0,50.02866859135302
92.55,-1092290.959066695,18785350.0,50.030071170531684
92.56,-1152247.425472243,18706070.0,50.03140353065153
92.57,-1190834.6680368385,18646080.0,50.03261788101033
92.58,-1206714.463708466,18607450.0,50.033670544795164
92.59,-1199329.40445422,18591520.0,50.034523392043
92.6,-1168914.3448526948,18598860.0,50.035145116446934
92.61,-1116495.1731554642,18629230.0,50.035512424853415
92.62,-1043872.0581118828,18681600.0,50.035611039891606
92.63,-953577.886444639,18754170.0,50.03543638701509
92.64,-848807.4278904537,18844410.0,50.03499391797119
92.65,-733317.7746147404,18949120.0,50.034299057190154
92.66,-611302.7830240414,19064550.0,50.0333767629273
92.67,-487245.44706171006,19186510.0,50.03226070543671
92.68,-365747.72335329355,19310500.0,50.03099200913314
92.69,-251343.91435023636,19431930.0,50.02961761335104
92.7,-148313.74985529762,19546270.0,50.02818841346954
92.71,-60510.40686173586,19649230.0,50.026757308480576
92.72,8789.379046852817,19736960.0,50.025377205479316
92.73,57008.791847688146,19806190.0,50.024099046151285
92.74,82364.70236848912,19854330.0,50.02296992679073
92.75,83929.06026356365,19879610.0,50.02203138372327
92.76,61656.282958467316,19881090.0,50.021317908076114
92.77,16382.28759876464,19858740.0,50.02085566561446
92.78,-50201.59223526309,19813380.0,50.02066145392221
92.79,-135605.9085911612,19746720.0,50.0207420307202
92.8,-236636.17320504476,19661230.0,50.021093888159484
92.81,-349517.88153212256,19560110.0,50.021703453185
92.82,-470045.8908537359,19447140.0,50.022547679537176
92.83,-593749.261477036,19326520.0,50.0235949853316
92.84,-716065.53380662,19202720.0,50.024806518126574
92.85,-832520.3983298023,19080310.0,50.02613773017101
92.86,-938899.4908676355,18963760.0,50.02754011060803
92.87,-1031398.5728500235,18857280.0,50.028962940619145
92.88,-1106747.676293042,18764690.0,50.03035503890032
92.89,-1162309.424948632,18689240.0,50.03166647203617
92.9,-1196152.8873724733,18633570.0,50.03285019794321
92.91,-1207104.1223609056,18599630.0,50.03386360628485
92.92,-1194774.1044049487,18588570.0,50.034669918227024
92.93,-1159567.2319160353,18600790.0,50.035239445461954
92.94,-1102677.029872924,18635890.0,50.03555074636172
92.95,-1026064.5946837233,18692670.0,50.035591568884854
92.96,-932410.8735369114,18769170.0,50.03535946188683
92.97,-825039.6337293637,18862710.0,50.034862020048564
92.98,-707812.1429785177,18969960.0,50.03411674865301
92.99,-584996.6081311736,19087070.0,50.033150542816195
93.0,-461116.2604696213,19209760.0,50.0319987828318
93.01,-340774.5097463777,19333520.0,50.03070398001277
93.02,-228466.55698835378,19453740.0,50.02931407518222
93.03,-128394.77440476854,19565920.0,50.02788055494115
93.04,-44300.97491848888,19665860.0,50.02645648513858
93.05,20678.15034832107,19749830.0,50.02509451437439
93.06,64128.4149308434,19814680.0,50.02384491447251
93.07,84445.18646126322,19857990.0,50.02275372996131
93.08,80887.60543911264,19878180.0,50.02186110759389
93.09,53598.87986188737,19874480.0,50.02119986407649
93.1,3600.2913875134545,19847060.0,50.02079424413783
93.11,-67240.64221222518,19796920.0,50.0206589436215
93.12,-156275.09515013988,19725940.0,50.02079853287419
93.13,-260173.3608410413,19636760.0,50.021207324474446
93.14,-375055.828596403,19532720.0,50.021869660821274
93.15,-496646.4446121363,19417700.0,50.02276058412449
93.16,-620439.6833211035,19295960.0,50.02384684071396
93.17,-741876.7797702178,19172020.0,50.025088221619605
93.18,-856524.980558448,19050440.0,50.026439184373416
93.19,-960245.6958308354,18935640.0,50.02785059909448
93.2,-1049339.2092203717,18831770.0,50.029271502081365
93.21,-1120663.1858992302,18742530.0,50.03065083602552
93.22,-1171725.6363298802,18671050.0,50.03193914890653
93.23,-1200753.6850769576,18619840.0,50.03309021826109
93.24,-1206739.2488630218,18590660.0,50.034062564854686
93.25,-1189462.1920698942,18584520.0,50.03482081756406
93.26,-1149495.9491652707,18601640.0,50.03533695355592
93.27,-1088200.1894494635,18641450.0,50.035591419629185
93.28,-1007694.4463147894,18702580.0,50.03557401358676
93.29,-910804.2033901424,18782930.0,50.035284417984606
93.3,-800977.6282413283,18879660.0,50.034732364734346
93.31,-682174.5624299119,18989320.0,50.033937417903005
93.32,-558731.1019159048,19107960.0,50.03292837126472
93.33,-435203.2760212227,19231240.0,50.031742257550725
93.34,-316188.0809557615,19354600.0,50.030422904522645
93.35,-206133.8532254215,19473450.0,50.029019175044155
93.36,-109158.3845975005,19583340.0,50.027583062089754
93.37,-28885.768245894462,19680140.0,50.02616771145855
93.38,31692.575562062557,19760250.0,50.024825427830024
93.39,70328.98653317778,19820660.0,50.023605732649735
93.4,85599.75677681423,19859120.0,50.02255354626165
93.41,76952.06681104662,19874220.0,50.02170756477617
93.42,44717.497648619115,19865400.0,50.021098878795776
93.43,-9898.959073899605,19832990.0,50.02074977292631
93.44,-84856.85384461557,19778200.0,50.02067282148277
93.45,-177352.78706310672,19703070.0,50.0208704069203
93.46,-283927.9259982478,19610400.0,50.021334680065934
93.47,-400604.5465306041,19503650.0,50.022047932979454
93.48,-523043.1898817313,19386790.0,50.02298334492351
93.49,-646711.6887222733,19264180.0,50.02410605474752
93.5,-767063.1806743534,19140330.0,50.02537457533636
93.51,-879714.2635145203,19019810.0,50.026742454040594
93.52,-980608.6674801754,18906980.0,50.028160024105226
93.53,-1066156.439360102,18805910.0,50.02957615775786
93.54,-1133346.9198571122,18720180.0,50.03094000034329
93.55,-1179836.4430080398,18652820.0,50.032202656202585
93.56,-1204012.122480518,18606150.0,50.033318792644764
93.57,-1205032.712588244,18581800.0,50.03424812528391
93.58,-1182847.243180166,18580600.0,50.03495674943701
93.59,-1138198.0218992643,18602600.0,50.03541836251302
93.6,-1072609.9895989518,18647080.0,50.035615345052356
93.61,-988358.8178658292,18712480.0,50.03553957163602
93.62,-888410.7294277446,18796560.0,50.03519286758923
93.63,-776333.1255929556,18896330.0,50.03458709308762
93.64,-656178.0474568659,19008220.0,50.03374384349502
93.65,-532342.1397283638,19128200.0,50.032693765961525
93.66,-409404.9792465107,19251860.0,50.031475468034195
93.67,-291946.87530055665,19374610.0,50.03013399759183
93.68,-184359.79781595024,19491890.0,50.02871904209994
93.69,-90668.89311184059,19599300.0,50.02728300374575
93.7,-14374.04421567102,19692810.0,50.02587901268183
93.71,41683.53572080564,19768930.0,50.024558937668075
93.72,75426.11809722031,19824800.0,50.02337146401833
93.73,85612.77772497653,19858370.0,50.02236031141567
93.74,71879.0425521746,19868370.0,50.0215626607114
93.75,34744.91896442766,19854460.0,50.02100780942227
93.76,-24401.70428820589,19817150.0,50.02071602745687
93.77,-103350.13337456796,19757830.0,50.020697736686046
93.78,-199147.14573045884,19678700.0,50.02095312463407
93.79,-308211.2406803293,19582730.0,50.021472194744256
93.8,-426474.23133673007,19473490.0,50.02223522205666
93.81,-549541.5454162752,19355050.0,50.02321357210483
93.82,-672862.8347515819,19231810.0,50.024370838595644
93.83,-791911.2592825864,19108310.0,50.02566432724759
93.84,-902360.1342564505,18989090.0,50.02704675102457
93.85,-1000241.8941303673,18878470.0,50.02846798432774
93.86,-1082081.65946294,18780420.0,50.029876813539154
93.87,-1145004.670211568,18698410.0,50.03122266327799
93.88,-1186818.7418059185,18635320.0,50.032457267571104
93.89,-1206073.0716877962,18593340.0,50.03353625153745
93.9,-1202094.2736982778,18573920.0,50.03442058641282
93.91,-1175000.5708175688,18577730.0,50.03507788673911
93.92,-1125702.321991655,18604660.0,50.03548361484593
93.93,-1055888.041954719,18653800.0,50.035622119222026
93.94,-967986.8617197905,18723450.0,50.03548737244721
93.95,-865102.0140741213,18811190.0,50.03508334908331
93.96,-750915.3640648649,18913910.0,50.03442402828887
93.97,-629565.4532661699,19027940.0,50.033533011698474
93.98,-505502.9849949676,19149130.0,50.03244275912372
93.99,-383324.06326404656,19273030.0,50.03119339830299
94.0,-267585.0857479247,19395050.0,50.0298311311517
94.01,-162614.584843895,19510640.0,50.02840639528585
94.02,-72338.49669219065,19615450.0,50.02697192270868
94.03,-126.72166549949907,19705570.0,50.02558074672461
94.04,51334.443666600855,19777630.0,50.02428422086583
94.05,80140.60234384029,19828940.0,50.02313012073443
94.06,85235.53961450548,19857600.0,50.022160900700044
94.07,66443.51379094028,19862550.0,50.02141217326274
94.08,24471.852081859368,19843610.0,50.020911402752866
94.09,-39111.16445671482,19801490.0,50.02067681878801
94.1,-121928.4016125024,19737760.0,50.020716680959474
94.11,-220881.77819793188,19654800.0,50.0210289883788
94.12,-332273.0402915913,19555710.0,50.02160161954103
94.13,-451950.13179251977,19444180.0,50.022412869552134
94.14,-575470.3465152758,19324370.0,50.02343234023529
94.15,-698273.0301551647,19200720.0,50.02462215135159
94.16,-815859.337046409,19077780.0,50.02593848195354
94.17,-923966.403280958,18960070.0,50.027333291658536
94.18,-1018721.2066472482,18851830.0,50.02875607551096
94.19,-1096768.543876712,18756950.0,50.03015561189148
94.2,-1155373.0265678747,18678780.0,50.031481679824175
94.21,-1192496.3867350547,18620050.0,50.032686714048694
94.22,-1206851.3621583758,18582810.0,50.03372736288488
94.23,-1197932.9109151028,18568340.0,50.03456591108253
94.24,-1166028.7182775326,18577140.0,50.03517155095608
94.25,-1112216.998886932,18608930.0,50.035521561616626
94.26,-1038348.254976809,18662630.0,50.035602293292314
94.27,-947001.8018348096,18736390.0,50.03540983096592
94.28,-841413.0101460358,18827630.0,50.034950293587514
94.29,-725371.9467284556,18933120.0,50.034239755096124
94.3,-603096.2370853828,19049050.0,50.03330377994152
94.31,-479082.0841048638,19171230.0,50.03217657541773
94.32,-357932.6226163627,19295140.0,50.0308997037824
94.33,-244170.7125564774,19416200.0,50.02952042323787
94.34,-142052.69345776603,19529860.0,50.028089820927654
94.35,-55397.69357170572,19631890.0,50.02666085579065
94.36,12560.642187913181,19718450.0,50.025286362221934
94.37,59295.75195832574,19786330.0,50.02401708066102
94.38,83079.84999742766,19832980.0,50.02289978641724
94.39,83043.10821356677,19856680.0,50.02197558835636
94.4,59198.82142279949,19856560.0,50.021278460182494
94.41,12440.85692366882,19832640.0,50.020833972079956
94.42,-55484.210200154455,19785810.0,50.02065826798334
94.43,-142036.79674311128,19717810.0,50.02075742362694
94.44,-243979.71184479998,19631190.0,50.02112725011543
94.45,-357505.0538514221,19529180.0,50.0217535214011
94.46,-478384.88815128844,19415590.0,50.02261259076594
94.47,-602136.779467972,19294650.0,50.023672349369704
94.48,-724198.7157863178,19170850.0,50.02489351520229
94.49,-840108.6849915851,19048730.0,50.026231223197016
94.5,-945675.3511289184,18932770.0,50.02763676190719
94.51,-1037126.5310281913,18827160.0,50.029059328244074
94.52,-1111231.5921833594,18735660.0,50.03044777157303
94.53,-1165398.108977172,18661520.0,50.03175230067419
94.54,-1197744.1355284345,18607320.0,50.03292612139513
94.55,-1207147.2416169834,18574940.0,50.03392696895966
94.56,-1193270.9524746994,18565500.0,50.03471849699065
94.57,-1156572.3613058997,18579350.0,50.03527153085865
94.58,-1098296.8840290303,18616030.0,50.03556521310956
94.59,-1020455.2054274194,18674280.0,50.035587927374394
94.6,-925773.6486478251,18752100.0,50.035337885904795
94.61,-817615.2027234519,18846770.0,50.03482334955771
94.62,-699872.4209134327,18954920.0,50.03406246707422
94.63,-576835.346806547,19072650.0,50.033082729065946
94.64,-453038.2964096891,19195680.0,50.03192003757066
94.65,-333083.6254611138,19319480.0,50.03061732249054
94.66,-221452.85722495167,19439430.0,50.02922282119814
94.67,-122322.84001069912,19551070.0,50.02778818762768
94.68,-39399.42931240215,19650210.0,50.026366522389985
94.69,24225.34381136927,19733140.0,50.02501037678522
94.7,66188.70478458784,19796780.0,50.023769798383114
94.71,84942.06309376017,19838760.0,50.022690490304925
94.72,79802.96546433627,19857540.0,50.02181215527053
94.73,50973.17584941612,19852420.0,50.02116708029571
94.74,-468.85744988615625,19823620.0,50.02077890685639
94.75,-72601.59791831719,19772210.0,50.020661674699475
94.76,-162727.6978433662,19700120.0,50.02081927508774
94.77,-267476.66970530344,19610030.0,50.021245347526936
94.78,-382937.63799020724,19505320.0,50.02192359400405
94.79,-504814.0144624471,19389910.0,50.02282847305863
94.8,-628591.1412598938,19268090.0,50.02392622530547
94.81,-749713.1085472032,19144370.0,50.025176237230525
94.82,-863761.7187756895,19023300.0,50.026532675601366
94.83,-966623.3119491044,18909320.0,50.02794623593763
94.84,-1054631.7645308597,18806520.0,50.02936589594991
94.85,-1124685.2592821992,18718590.0,50.03074065383489
94.86,-1174337.6035584826,18648610.0,50.03202122331487
94.87,-1201865.439772089,18599030.0,50.03316165170715
94.88,-1206312.4266188433,18571590.0,50.034120825008664
94.89,-1187510.9554433997,18567230.0,50.03486382208882
94.9,-1146086.907988208,18586120.0,50.0353631489595
94.91,-1083451.3352525479,18627630.0,50.035599848410584
94.92,-1001772.4433956007,18690360.0,50.035564360327186
94.93,-903919.7372945615,18772140.0,50.03525703137191
94.94,-793378.8488503008,18870100.0,50.03468825464863
94.95,-674138.7989677696,18980740.0,50.033878226967055
94.96,-550555.1230994128,19100090.0,50.03285632118357
94.97,-427191.85816478916,19223790.0,50.03166006401764
94.98,-308641.5399471708,19347270.0,50.03033366827354
94.99,-199335.72553364374,19465940.0,50.02892626009717
95.0,-103364.1285435569,19575360.0,50.02748996742943
95.01,-24312.901571629918,19671460.0,50.02607793950694
95.02,34872.64114494342,19750640.0,50.024742353932226
95.03,71997.18695783825,19809950.0,50.0235324804569
95.04,85693.47905219544,19847210.0,50.022492874149115
95.05,75467.00759702892,19861050.0,50.021661767316516
95.06,41707.83058514079,19850960.0,50.021069699356055
95.07,-14322.16434645583,19817350.0,50.020738333646676
95.08,-90529.44152988045,19761460.0,50.020679579259856
95.09,-184063.73570867933,19685410.0,50.020895138688026
95.1,-291427.66710301006,19592030.0,50.02137649596005
95.11,-408614.87618941633,19484820.0,50.022105315348384
95.12,-531268.1808482951,19367790.0,50.023054210060266
95.13,-654849.1271134432,19245300.0,50.02418783513518
95.14,-774816.4261039193,19121890.0,50.025464323636704
95.15,-886803.6508689437,19002090.0,50.026836957909126
95.16,-986781.4699792955,18890270.0,50.028255922167055
95.17,-1071195.096641589,18790470.0,50.0296700548829
95.18,-1137075.5474221783,18706230.0,50.031028580565064
95.19,-1182125.7328916742,18640530.0,50.032282791405954
95.2,-1204782.7025585584,18595660.0,50.03338764442623
95.21,-1204257.0043418086,18573190.0,50.03430323746978
95.22,-1180549.9560625828,18573910.0,50.034996130320984
95.23,-1134455.883747346,18597800.0,50.03544056165534
95.24,-1067550.4345673758,18644090.0,50.035619516864706
95.25,-982156.9465229516,18711190.0,50.03552551675915
95.26,-881284.3206617502,18796780.0,50.03516105008758
95.27,-768535.7651432024,18897850.0,50.03453863255568
95.28,-647990.5904882564,19010800.0,50.03368048190979
95.29,-524062.7759558803,19131550.0,50.032617809458756
95.3,-401337.6917568196,19255680.0,50.031389697878545
95.31,-284388.9827115259,19378610.0,50.03004155836251
95.32,-177589.749483881,19495770.0,50.02862331795307
95.33,-84935.18978837109,19602770.0,50.02718748926812
95.34,-9885.677643113188,19695640.0,50.02578718154118
95.35,44764.86812646163,19770900.0,50.02447411345745
95.36,76991.80932856922,19825770.0,50.02329669814125
95.37,85610.94291335018,19858210.0,50.02229827278589
95.38,70315.89972029201,19867050.0,50.02151554124084
95.39,31684.49831337668,19851970.0,50.0209772411113
95.4,-28839.562328578904,19813560.0,50.02070301719264
95.41,-108993.95397248946,19753260.0,50.02070262713926
95.42,-205780.3683989103,19673330.0,50.02097558474906
95.43,-315580.78278172633,19576760.0,50.021511237650664
95.44,-434300.5471199032,19467190.0,50.02228924826261
95.45,-557529.5968925176,19348700.0,50.02328043486484
95.46,-680713.4698073243,19225700.0,50.02444792867997
95.47,-799332.9225514547,19102740.0,50.02574867864652
95.48,-909080.0549142059,18984360.0,50.02713515673123
95.49,-1006015.774892173,18874840.0,50.02855711237263
95.5,-1086701.6119018963,18778140.0,50.029963321845685
95.51,-1148305.4121630446,18697690.0,50.03130331145719
95.52,-1188682.172079577,18636320.0,50.03252902384213
95.53,-1206431.3058882873,18596180.0,50.03359639236168
95.54,-1200931.167091554,18578670.0,50.03446678609019
95.55,-1172351.8702992068,18584400.0,50.03510829615031
95.56,-1121655.0692474428,18613220.0,50.035496934465215
95.57,-1050578.9525232445,18664160.0,50.03561765859467
95.58,-961598.9534979976,18735470.0,50.03546508664145
95.59,-857859.2928228658,18824690.0,50.03504385068849
95.6,-743075.6636310064,18928660.0,50.034368574364194
95.61,-621411.6471332782,19043690.0,50.033463465407976
95.62,-497332.813994215,19165590.0,50.032361526006575
95.63,-375438.43814291665,19289900.0,50.03110333247566
95.64,-260275.66584949417,19412040.0,50.02973542070245
95.65,-156151.82060652832,19527440.0,50.02830843770661
95.66,-66960.88279908989,19631800.0,50.02687519549976
95.67,3968.3602933650836,19721220.0,50.02548867694181
95.68,53998.04435566161,19792390.0,50.02420005807233
95.69,81277.5054619069,19842650.0,50.023056817878974
95.7,84807.40105878725,19870170.0,50.02210100746915
95.71,64469.79431899381,19873930.0,50.021367745466975
95.72,21029.12354519288,19853830.0,50.02088392366246
95.73,-43891.63498664886,19810620.0,50.02066713914751
95.74,-127865.32288332953,19745930.0,50.020724986694034
95.75,-227750.80353849154,19662190.0,50.021054797215804
95.76,-339815.6332261714,19562540.0,50.02164380447017
95.77,-459883.80005566496,19450700.0,50.02246970686558
95.78,-583499.6482983688,19330870.0,50.02350157870954
95.79,-706101.3068563793,19207480.0,50.02470110555567
95.8,-823200.4346509866,19085110.0,50.02602414084545
95.81,-930555.3445840625,18968240.0,50.02742243205146
95.82,-1024323.2334451766,18861110.0,50.02884537575586
95.83,-1101186.4631397729,18767570.0,50.030241764611816
95.84,-1158452.9176874713,18690930.0,50.03156150153567
95.85,-1194131.7648388539,18633890.0,50.03275724958096
95.86,-1206985.8648275745,18598430.0,50.03378598224304
95.87,-1196561.543792986,18585800.0,50.03461039632997
95.88,-1163198.1984804622,18596440.0,50.03520017751866
95.89,-1108025.1557984,18630020.0,50.0355331693403
95.9,-1032941.9650025377,18685410.0,50.035596339272395
95.91,-940573.046890319,18760710.0,50.03538641928111
95.92,-834193.0539872758,18853290.0,50.034910181140724
95.93,-717623.7608392326,18959880.0,50.03418433259197
95.94,-595105.4086903208,19076650.0,50.03323502795172
95.95,-471146.42491674674,19199380.0,50.032096995265555
95.96,-350350.36527832266,19323540.0,50.03081221918947
95.97,-237228.16318645666,19444540.0,50.0294282629105
95.98,-136012.58509876608,19557860.0,50.02799639361509
95.99,-50488.83926491649,19659270.0,50.02656962112349
96.0,16152.062819662155,19744990.0,50.025200701387206
96.01,61433.06339080294,19811820.0,50.02394017113736
96.02,83680.70733549923,19857300.0,50.02283448574065
96.03,82082.11995080649,19879730.0,50.02192433158008
96.04,56708.03382799268,19878320.0,50.02124317312065
96.05,8508.722971111478,19853130.0,50.02081599611257
96.06,-60715.63694127044,19805110.0,50.02065830528056
96.07,-148376.98803064262,19736060.0,50.020775511191175
96.08,-251197.01456768892,19648580.0,50.021162762102065
96.09,-365335.84930470557,19545930.0,50.02180519802191
96.1,-486543.9887025238,19431960.0,50.02267859086172
96.11,-610328.4747843521,19310920.0,50.02375032331693
96.12,-732128.410361809,19187310.0,50.02498070073076
96.13,-847494.4008058051,19065670.0,50.02632455528007
96.14,-952258.1232368059,18950470.0,50.027732986904404
96.15,-1042679.1352738114,18845860.0,50.02915511749644
96.16,-1115565.5540139119,18755600.0,50.03053983333668
96.17,-1168369.079491611,18682860.0,50.03183748851302
96.18,-1199255.7188912332,18630210.0,50.03300153669448
96.19,-1207153.3513480164,18599470.0,50.03399005540123
96.2,-1191776.7312975468,18591720.0,50.03476712453811
96.21,-1153634.217345595,18607230.0,50.03530407386676
96.22,-1094021.6060362863,18645510.0,50.03558061790826
96.23,-1014997.6242149404,18705260.0,50.03558576126124
96.24,-919332.423743834,18784420.0,50.03531836262375
96.25,-810426.7317346475,18880210.0,50.03478733058164
96.26,-692203.0175186932,18989240.0,50.03401143790809
96.27,-568971.9394506805,19107580.0,50.03301875074683
96.28,-445277.887517909,19230930.0,50.031845673343255
96.29,-325721.43507383374,19354740.0,50.03053553607874
96.3,-214770.04399039247,19474410.0,50.02913685713798
96.31,-116575.03306435567,19585460.0,50.02770144512103
96.32,-34806.64709685033,19683760.0,50.026282425920044
96.33,27487.072615146753,19765630.0,50.02493224754804
96.34,67993.79863334668,19828020.0,50.02370073108007
96.35,85219.75506124366,19868620.0,50.022633239886446
96.36,78539.45960404369,19885930.0,50.02176903801521
96.37,48211.65397929109,19879340.0,50.02113989153886
96.38,-4629.724761665682,19849090.0,50.02076885071851
96.39,-78010.85915990977,19796330.0,50.02066931429356
96.4,-169187.59049019334,19723020.0,50.02084451165506
96.41,-274750.2423123047,19631920.0,50.021287427671155
96.42,-390758.09955280536,19526420.0,50.02198114313057
96.43,-512895.2196505628,19410480.0,50.022899551763636
96.44,-636638.726107365,19288400.0,50.02400840662823
96.45,-757436.1859079082,19164720.0,50.02526670641051
96.46,-870884.2446599709,19043980.0,50.026628341512094
96.47,-972894.071116921,18930580.0,50.02804384386299
96.48,-1059832.6695846128,18828610.0,50.029462140170125
96.49,-1128638.0003532583,18741720.0,50.03083228875346
96.5,-1176908.706660638,18672950.0,50.032105170581346
96.51,-1202969.8197882196,18624720.0,50.03323510125628
96.52,-1205915.4749338822,18598690.0,50.034181327452934
96.53,-1185629.266672664,18595770.0,50.03490937113316
96.54,-1142788.2380670314,18616090.0,50.035392258746
96.55,-1078853.5314662114,18658950.0,50.035611618273265
96.56,-996040.6646396599,18722900.0,50.03555851792433
96.57,-897261.7868029787,18805720.0,50.035233952763505
96.58,-786038.6750935311,18904510.0,50.03464896016138
96.59,-666388.3183056059,19015740.0,50.033824351967915
96.6,-542684.6464126123,19135390.0,50.03279006239626
96.61,-419498.8988812898,19259090.0,50.03158409538844
96.62,-301418.6365408443,19382270.0,50.03025103370612
96.63,-192858.43032756436,19500340.0,50.02884025384308
96.64,-97880.0240296903,19608880.0,50.027404008441714
96.65,-20032.03241146216,19703840.0,50.02599544278276
96.66,37785.654030357604,19781670.0,50.02466660323304
96.67,73429.12726368755,19839460.0,50.023466507169935
96.68,85586.45396843203,19875070.0,50.0224393466584
96.69,73820.16228489287,19887200.0,50.02162289551898
96.7,38577.39612898964,19875390.0,50.02104715033988
96.71,-18824.524635135953,19840110.0,50.02073316437989
96.72,-96240.44524873508,19782660.0,50.020692194649705
96.73,-190774.6428581299,19705190.0,50.02092527839754
96.74,-298892.4844905919,19610610.0,50.02142324852724
96.75,-416560.09818596276,19502430.0,50.02216715743126
96.76,-539403.4914969315,19384710.0,50.02312906783744
96.77,-662878.5756788915,19261800.0,50.02427316535773
96.78,-782449.988119941,19138260.0,50.025557215726494
96.79,-893768.3564521841,19018620.0,50.02693424689675
96.8,-992831.1019442348,18907230.0,50.02835430232197
96.81,-1076118.1972837606,18808090.0,50.02976619274614
96.82,-1140701.7593316261,18724720.0,50.03111922575383
96.83,-1184330.5405559728,18660060.0,50.032364882810384
96.84,-1205490.6828035128,18616340.0,50.03345840997176
96.85,-1203443.6227885522,18595090.0,50.034360284777314
96.86,-1178242.0074114057,18597050.0,50.0350375269018
96.87,-1130731.1861906,18622150.0,50.035464909841544
96.88,-1062536.529920037,18669560.0,50.03562601606091
96.89,-976028.0773620799,18737650.0,50.03551400339046
96.9,-874256.4782848685,18824050.0,50.03513201367409
96.91,-760859.8841560985,18925710.0,50.03449320710587
96.92,-639944.079317471,19039000.0,50.0336204120928
96.93,-515939.68298101425,19159790.0,50.03254539227478
96.94,-393437.3278288215,19283680.0,50.031307694370575
96.95,-277003.63707614475,19406060.0,50.029953082654586
96.96,-170992.6590253993,19522360.0,50.02853171462001
96.97,-79369.64428167487,19628240.0,50.02709620572533
96.98,-5555.639201747719,19719730.0,50.025699638413016
96.99,47702.377725013765,19793410.0,50.02439357734998
97.0,78432.35492213664,19846530.0,50.02322616145361
97.01,85506.20374419104,19877110.0,50.02224034506947
97.02,68674.95260422077,19884040.0,50.02147235662318
97.03,28573.436138853256,19867060.0,50.02095037737986
97.04,-33299.69273516117,19826810.0,50.02069343232159
97.05,-114631.34851982148,19764780.0,50.02071062160531
97.06,-212378.97783504595,19683300.0,50.02100079287468
97.07,-322888.8241112882,19585390.0,50.0215526463472
97.08,-442040.4862058505,19474720.0,50.0223452406827
97.09,-565409.0064705805,19355410.0,50.023348855713046
97.1,-688436.5561600897,19231870.0,50.02452617226448
97.11,-806612.1469103053,19108680.0,50.0258337936769
97.12,-915647.0830794817,18990330.0,50.02722396029655
97.13,-1011630.8649873189,18881130.0,50.02864630369284
97.14,-1091161.312277784,18784970.0,50.030049595483604
97.15,-1151448.618011674,18705260.0,50.031383468013665
97.16,-1190394.6108685336,18644800.0,50.03260007574269
97.17,-1206648.5268966863,18605680.0,50.0336556625342
97.18,-1199640.0674750747,18589240.0,50.03451199698075
97.19,-1169591.0801474121,18596070.0,50.03513765064261
97.2,-1117514.5802967777,18625930.0,50.03550919021765
97.21,-1045198.3412509467,18677820.0,50.03561218433382
97.22,-955163.8104149199,18749950.0,50.03544189655245
97.23,-850595.75896074,18839790.0,50.03500361490736
97.24,-735243.1414643727,18944170.0,50.03431260420149
97.25,-613293.92277106,19059330.0,50.03339367349668
97.26,-489227.79239400337,19181080.0,50.032280360735356
97.27,-367646.35834317794,19304950.0,50.03101368232882
97.28,-253086.67637665995,19426340.0,50.02964049875642
97.29,-149834.1613911328,19540700.0,50.0282116576254
97.3,-61750.29240224918,19643750.0,50.02678004244452
97.31,7877.674312034738,19731630.0,50.02539857729408
97.32,56460.63805638824,19801060.0,50.02411825239936
97.33,82201.93165709078,19849440.0,50.02298624194624
97.34,84159.258308154,19874970.0,50.022044186235824
97.35,62272.60984459828,19876730.0,50.021326702631605
97.36,17363.692333309853,19854630.0,50.02086010237776
97.37,-48889.71495069942,19809520.0,50.020661342833385
97.38,-134010.47903600975,19743060.0,50.020737348607845
97.39,-234814.6148142015,19657730.0,50.021084778640756
97.4,-347535.84893484047,19556720.0,50.021690219930925
97.41,-467974.6801468636,19443790.0,50.02253077356532
97.42,-591663.0480218224,19323140.0,50.02357498712732
97.43,-714038.4515824468,19199250.0,50.024784113933784
97.44,-830623.644215178,19076660.0,50.02611368467208
97.45,-937198.6983385294,18959870.0,50.027515238443854
97.46,-1029951.5981371754,18853090.0,50.02893807796909
97.47,-1105602.814243258,18760130.0,50.0303310154381
97.48,-1161504.0292866477,18684270.0,50.03164408366384
97.49,-1195712.3746129768,18628160.0,50.03283018090523
97.5,-1207041.3602998285,18593750.0,50.03384661346028
97.51,-1195089.1617465152,18582210.0,50.034656497949406
97.52,-1160247.3345513635,18593960.0,50.03523002158094
97.53,-1103696.7365000423,18628590.0,50.035545600814835
97.54,-1027386.3369743787,18684930.0,50.03559082891669
97.55,-933985.9868889431,18761040.0,50.03536309335903
97.56,-826809.8449570279,18854230.0,50.034869826501314
97.57,-709711.4808739403,18961200.0,50.034128376499545
97.58,-586953.7028397594,19078100.0,50.03316549297322
97.59,-463056.94803603773,19200650.0,50.032016428372295
97.6,-342624.7843120459,19324340.0,50.03072359115171
97.61,-230155.64665634412,19444570.0,50.02933484888295
97.62,-129858.02142065944,19556840.0,50.027901646167805
97.63,-45482.37989866128,19656930.0,50.026477039060026
97.64,19823.79755387304,19741100.0,50.02511369851946
97.65,63633.87812282343,19806210.0,50.02386194964139
97.66,84329.64330364368,19849820.0,50.022767918760835
97.67,81156.05555159843,19870310.0,50.02187185951102
97.68,54242.08290776936,19866940.0,50.02120671654946
97.69,4595.080737785494,19839830.0,50.02079688066654
97.7,-65930.60459869046,19789980.0,50.020657206709316
97.71,-154698.00183993747,19719260.0,50.02079242991096
97.72,-258387.4061644503,19630300.0,50.021197026676944
97.73,-373126.90041022946,19526420.0,50.02185549537924
97.74,-494645.52282071655,19411490.0,50.022743020641045
97.75,-618440.0961814682,19289780.0,50.023826472756525
97.76,-739951.321308321,19165800.0,50.02506574260253
97.77,-854743.0682616567,19044100.0,50.026415360022234
97.78,-958670.8112441478,18929120.0,50.027826238960046
97.79,-1048026.7626118776,18825010.0,50.02924743132765
97.8,-1119658.8089731405,18735470.0,50.03062786765808
97.81,-1171063.8686161858,18663650.0,50.03191805678574
97.82,-1200457.051908156,18612070.0,50.03307171176715
97.83,-1206817.7103830404,18582500.0,50.03404726563807
97.84,-1189912.942394639,18575960.0,50.03480923884616
97.85,-1150303.4385224273,18592690.0,50.03532948101357
97.86,-1089336.3842210812,18632130.0,50.03558829504352
97.87,-1009119.4456479701,18692920.0,50.03557532306736
97.88,-912467.3243047983,18772970.0,50.03529008614668
97.89,-802818.9700201838,18869450.0,50.03474215509427
97.9,-684126.9891965891,18978930.0,50.03395093933387
97.91,-560722.591517966,19097450.0,50.032945090710236
97.92,-437159.6891836112,19220690.0,50.03176152041065
97.93,-318036.1964252034,19344090.0,50.03044396096799
97.94,-207804.3780535065,19463050.0,50.02904120953996
97.95,-110588.71707829402,19573120.0,50.02760522449828
97.96,-30022.416674890672,19670180.0,50.02618914901866
97.97,30891.99583837518,19750590.0,50.024845316788266
97.98,69894.21465970576,19811340.0,50.02362330864647
97.99,85546.84563190863,19850190.0,50.022568132312905
98.0,77282.89010840713,19865690.0,50.02171859552904
98.01,45419.68074023735,19857280.0,50.021105921995314
98.02,-8851.681538806937,19825270.0,50.020752546740574
98.03,-83503.7532973109,19770850.0,50.02067120574696
98.04,-175744.65046578116,19696050.0,50.02086444698845
98.05,-282125.0443290848,19603670.0,50.021324583870566
98.06,-398674.3249738998,19497150.0,50.02203406198837
98.07,-521057.5015915276,19380460.0,50.022966199379034
98.08,-644744.105324588,19257940.0,50.02408625404209
98.09,-765186.0833277467,19134120.0,50.025352832874006
98.1,-877996.0487824982,19013550.0,50.02671954931692
98.11,-979111.3008667548,18900610.0,50.02813677451563
98.12,-1064933.4264857683,18799370.0,50.029553390486114
98.13,-1132441.6945134688,18713430.0,50.03091852477982
98.14,-1179281.1414018134,18645790.0,50.03218323728045
98.15,-1203826.7433512975,18598840.0,50.03330212594672
98.16,-1205224.6295219306,18574170.0,50.03423481416096
98.17,-1183411.0493067869,18572660.0,50.034947284646606
98.18,-1139115.5694143507,18594360.0,50.03541310323835
98.19,-1073850.6745811866,18638540.0,50.03561450294757
98.2,-989880.3042730562,18703700.0,50.03554320050967
98.21,-890160.1449558821,18787560.0,50.035200858831786
98.22,-778248.7131550927,18887180.0,50.03459917716139
98.23,-658191.2376832291,18998980.0,50.03375959775994
98.24,-534379.9667390021,19118940.0,50.0327126285694
98.25,-411392.89634613594,19242650.0,50.03149675942621
98.26,-293811.8060324255,19365540.0,50.03015694767673
98.27,-186033.13614685275,19483030.0,50.028742820450155
98.28,-92089.24201131251,19590710.0,50.02730675127104
98.29,-15489.5769193921,19684570.0,50.02590187375206
98.3,40913.14766196639,19761080.0,50.02458009178446
98.31,75028.24229643424,19817390.0,50.02339015607149
98.32,85600.8720327575,19851420.0,50.022375879227475
98.33,72252.27557866799,19861910.0,50.02157455848872
98.34,35488.211921850685,19848490.0,50.021015628371
98.35,-23317.22045363189,19811640.0,50.020719512211585
98.36,-101966.12139655033,19752760.0,50.02069679528331
98.37,-197516.49300117002,19674040.0,50.020947831421324
98.38,-306395.9737745079,19578420.0,50.02146278627636
98.39,-424543.05557925417,19469470.0,50.02222208681353
98.4,-547567.1627994821,19351260.0,50.0231972348364
98.41,-670919.1371197951,19228180.0,50.024351939579724
98.42,-790070.4380673761,19104760.0,50.0256435964777
98.43,-900689.9038272529,18985550.0,50.02702497970619
98.44,-998803.0780138776,18874880.0,50.028445996264615
98.45,-1080926.212229653,18776710.0,50.02985543683685
98.46,-1144174.1192423417,18694540.0,50.03120270263357
98.47,-1186343.0293652436,18631250.0,50.03243947775595
98.48,-1205969.7760018357,18589030.0,50.03352131261863
98.49,-1202368.191258485,18569360.0,50.03440908124912
98.5,-1175643.6404512362,18572920.0,50.03507028119325
98.51,-1126693.7451784015,18599610.0,50.035480239482055
98.52,-1057194.6545101146,18648520.0,50.0356231542291
98.53,-969563.9273259317,18717990.0,50.03549283808092
98.54,-866894.5117890367,18805590.0,50.0350931023267
98.55,-752859.7410027919,18908230.0,50.03443776571942
98.56,-631591.7810417506,19022240.0,50.0335502785639
98.57,-507537.447278087,19143480.0,50.03246296452556
98.58,-385291.8216922819,19267510.0,50.03121583785419
98.59,-269413.3708187101,19389730.0,50.02985501533607
98.6,-164235.70209691784,19505590.0,50.02843088048152
98.61,-73692.52987643227,19610750.0,50.02699614329782
98.62,-1163.8526606997475,19701280.0,50.025603847693475
98.63,50652.060548767215,19773800.0,50.024305389723
98.64,79837.4736869447,19825600.0,50.023148617420745
98.65,85322.01653818926,19854780.0,50.02217608434138
98.66,66915.54230328806,19860260.0,50.02142352482466
98.67,25311.121690264612,19841850.0,50.020918544921436
98.68,-37936.652269581275,19800240.0,50.020679531316894
98.69,-120463.22624047042,19736990.0,50.020714909421685
98.7,-219181.41817206808,19654470.0,50.02102284565538
98.71,-330401.69368993165,19555760.0,50.021591380387484
98.72,-449978.1844859203,19444550.0,50.02239895905875
98.73,-573471.6295010169,19324980.0,50.02341531685399
98.74,-696321.8802153093,19201500.0,50.02460268378891
98.75,-814027.6485394419,19078660.0,50.02591732214242
98.76,-922320.933161332,18960980.0,50.027311246414726
98.77,-1017321.2888482145,18852700.0,50.02873397814987
98.78,-1095664.2238556843,18757730.0,50.03013429397413
98.79,-1154603.584412231,18679410.0,50.03146194337451
98.8,-1192089.2492093702,18620490.0,50.03266930512922
98.81,-1206821.3955332122,18583040.0,50.033712947120726
98.82,-1198282.0690748384,18568340.0,50.03455505149979
98.83,-1166745.9252102375,18576910.0,50.035164687293275
98.84,-1113278.2765274907,18608480.0,50.035518992232284
98.85,-1039717.2028586518,18661980.0,50.03560416136358
98.86,-948630.556024604,18735580.0,50.0354161166164
98.87,-843243.6874406978,18826710.0,50.03496081209489
98.88,-727338.5204365291,18932140.0,50.03425416115685
98.89,-605126.8110150407,19048090.0,50.03332157841871
98.9,-481101.51183404354,19170350.0,50.0321971385692
98.91,-359865.479612738,19294420.0,50.030922295738044
98.92,-245944.4191811803,19415710.0,50.02954422948157
98.93,-143600.4731399637,19529680.0,50.028113979786696
98.94,-56661.21032035607,19632080.0,50.02668449106458
98.95,11629.043535612756,19719070.0,50.02530861605958
98.96,58731.281863908516,19787420.0,50.02403714526354
98.97,82904.02032212797,19834580.0,50.022916933647764
98.98,83263.00967622333,19858810.0,50.02198919624373
98.99,59806.96212447126,19859230.0,50.02128803513697
99.0,13415.40051331732,19835840.0,50.020839168136
99.01,-54178.778047947504,19789510.0,50.020658901259665
99.02,-140448.40663801378,19721990.0,50.020753479347334
99.03,-242166.8641960221,19635790.0,50.021118882279346
99.04,-355534.5079992774,19534140.0,50.02174104576751
99.05,-476329.03882044525,19420840.0,50.022596471886025
99.06,-600070.8608028201,19300120.0,50.023653182369706
99.07,-722197.8414224887,19176460.0,50.02487200161219
99.08,-838244.9073098516,19054410.0,50.02620814306311
99.09,-944014.9983945428,18938450.0,50.02761294481773
99.1,-1035727.9665673635,18832760.0,50.02903562444562
99.11,-1110143.401908617,18741130.0,50.03042502336492
99.12,-1164657.7017084497,18666800.0,50.0317313146627
99.13,-1197376.7314153994,18612370.0,50.03290764212477
99.14,-1207165.2389279315,18579740.0,50.03391165460999
99.15,-1193673.6679854156,18570050.0,50.03470689777164
99.16,-1157345.9890678576,18583630.0,50.03526406873887
99.17,-1099414.69365629,18620050.0,50.03556216427456
99.18,-1021878.1141824364,18678080.0,50.03558940940174
99.19,-927451.2662135427,18755710.0,50.03534385081713
99.2,-819487.3665038274,18850230.0,50.03483358318485
99.21,-701871.1865519785,18958300.0,50.03407659488266
99.22,-578887.3448991287,19076010.0,50.033100228103656
99.23,-455067.4146910873,19199100.0,50.031940254904896
99.24,-335014.0435543651,19323020.0,50.03063950106262
99.25,-223212.19599824818,19443180.0,50.0292461302827
99.26,-123845.12403454789,19555080.0,50.02781175520434
99.27,-40627.6950177236,19654550.0,50.026389468302035
99.28,23336.87341942743,19737880.0,50.025031845765724
99.29,65672.93985735881,19801950.0,50.0237889917186
99.3,84817.88589631079,19844390.0,50.0227066952148
99.31,80074.63758728484,19863650.0,50.021824770579336
99.32,51630.3071600619,19859020.0,50.02117563777053
99.33,549.0401523376931,19830680.0,50.020783089611875
99.34,-71261.13834763353,19779720.0,50.020661330361435
99.35,-161115.0130420939,19708020.0,50.02081442149311
99.36,-265652.2883442292,19618280.0,50.021236171163785
99.37,-380969.8926872595,19513860.0,50.02191044173495
99.38,-502776.35320451827,19398660.0,50.02281183786774
99.39,-626559.2668785785,19276970.0,50.02390672666678
99.4,-747761.9586079165,19153310.0,50.02515459550679
99.41,-861962.5286414973,19032230.0,50.02650968347132
99.42,-965041.0317708645,18918150.0,50.027922729440085
99.43,-1053322.8937133355,18815200.0,50.02934272534239
99.44,-1123696.1184314792,18727040.0,50.03071865502524
99.45,-1173703.0129539203,18656790.0,50.03200119018759
99.46,-1201607.7882534796,18606910.0,50.033144310035624
99.47,-1206441.1096372176,18579140.0,50.03410680844574
99.48,-1188022.1657354173,18574430.0,50.03485365075616
99.49,-1146963.6402434292,18592980.0,50.035357209504724
99.5,-1084663.646150616,18634170.0,50.03559837709559
99.51,-1003278.1452011128,18696600.0,50.03556743162294
99.52,-905665.5892246421,18778120.0,50.0352645526429
99.53,-795302.2275671103,18875860.0,50.034699967096195
99.54,-676169.7808328018,18986350.0,50.03389371273338
99.55,-552618.9441152215,19105620.0,50.03287501705863
99.56,-429211.7961648345,19229300.0,50.03168128296382
99.57,-310542.05420464126,19352840.0,50.030356626932935
99.58,-201045.5548002593,19471650.0,50.028950109487404
99.59,-104819.12962758169,19581280.0,50.027513825268464
99.6,-25458.534903474385,19677640.0,50.026100923457676
99.61,34079.26298831415,19757130.0,50.024763614423286
99.62,71585.72993173439,19816810.0,50.023551232120546
99.63,85679.36142239242,19854450.0,50.02250842438751
99.64,75850.94357181003,19868680.0,50.02167354102832
99.65,42475.795590222,19858990.0,50.02107726091983
99.66,-13198.52882440755,19825750.0,50.02074140450227
99.67,-89091.86115080572,19770210.0,50.02067804891803
99.68,-182365.7243870866,19694460.0,50.020889068289264
99.69,-289532.4208127933,19601320.0,50.02136611483161
99.7,-406592.77253867226,19494300.0,50.02209101111983
99.71,-529194.0235940256,19377380.0,50.02303651297727
99.72,-652799.2487720628,19254910.0,50.02416739708684
99.73,-772865.6954405531,19131450.0,50.02544189188056
99.74,-885022.607743696,19011530.0,50.02681334616026
99.75,-985233.8112385769,18899510.0,50.02823198120242
99.76,-1069935.5987013357,18799450.0,50.02964664337202
99.77,-1136148.4275628943,18714890.0,50.03100653656632
99.78,-1181563.417912312,18648820.0,50.0322629049323
99.79,-1204604.9900130788,18603550.0,50.0333706317839
99.8,-1204470.593421813,18580650.0,50.03428971783313
99.81,-1181148.3259555236,18580930.0,50.03498660499312
99.82,-1135419.3694552728,18604400.0,50.03543539475048
99.83,-1068846.5682394458,18650280.0,50.035618919346646
99.84,-983741.2328147243,18716990.0,50.035529536062015
99.85,-883101.501349771,18802250.0,50.03516956583239
99.86,-770521.5673758972,18903030.0,50.03455135872612
99.87,-650073.8891979763,19015760.0,50.033696975300145
99.88,-526168.106657049,19136350.0,50.03263748446278
99.89,-403388.17985528044,19260400.0,50.0314118492152
99.9,-286309.4954390053,19383330.0,50.0300653894069
99.91,-179309.9825460816,19500560.0,50.02864797211155
99.92,-86392.4720211057,19607700.0,50.027212082758666
99.93,-11027.378870253684,19700770.0,50.025810836554975
99.94,43979.37835034111,19776280.0,50.02449599080799
99.95,76589.7004766824,19831430.0,50.02331602818671
99.96,85605.02093001961,19864190.0,50.02231438318003
99.97,70704.26690673741,19873350.0,50.021527880808904
99.98,32450.635507524246,19858600.0,50.02098540074796
99.99,-27726.28158091969,19820490.0,50.020706746275444
100.0,-107577.193670668,19760460.0,50.020701843250535
100.0,-107577.193670668,19760460.0,50.020701843250535
