t_rosco,torque_offset_nm,gen_tq_meas_nm,f_grid_hz
0.0,0.0,0.0,50.0
0.0,0.0,0.0,50.0
0.0,0.0,0.0,50.0
0.01,-0.0,13602690.0,50.00020873032014
0.02,-0.0,13647690.0,50.00043239624801
0.03,-0.0,13664740.0,50.000710385079394
0.04,-0.0,13664810.0,50.00102779398438
0.05,-0.0,13664890.0,50.00102779398438
0.06,-0.0,13664960.0,50.00173561175343
0.07,-0.0,13665030.0,50.00173561175343
0.08,-0.0,13665100.0,50.00248856948364
0.09,-0.0,13665170.0,50.00286837201527
0.1,-0.0,13665230.0,50.003245310188014
0.11,-0.0,13665290.0,50.00361651307633
0.12,-0.0,13665350.0,50.00397967251733
0.13,-0.0,13665410.0,50.00433293406721
0.14,-0.0,13665460.0,50.004674815357454
0.15,-0.0,13665500.0,50.00500414366952
0.16,-0.0,13665540.0,50.00532000697443
0.17,-0.0,13665580.0,50.00532000697443
0.18,-0.0,13665610.0,50.005908768065865
0.19,-0.0,13665630.0,50.005908768065865
0.2,-0.0,13665650.0,50.0061808264881
0.21,-0.0,13665660.0,50.006437695856334
0.22,-0.0,13665670.0,50.00667930621757
0.23,-0.0,13665670.0,50.006905700787364
0.24,-0.0,13665660.0,50.007117026768015
0.25,-0.0,13665640.0,50.00731352910848
0.26,-0.0,13665620.0,50.007495546522904
0.27,-0.0,13665590.0,50.0076635088587
0.28,-0.0,13665550.0,50.00781793496173
0.29,-0.0,13665500.0,50.00795943015491
0.3,-0.0,13665440.0,50.008088682504
0.31,-0.0,13665380.0,50.00820645719914
0.32,-0.0,13665300.0,50.00831358870648
0.33,-0.0,13665220.0,50.008410970584436
0.34,-0.0,13665120.0,50.0084995431166
0.35,-0.0,13665010.0,50.00858027917213
0.36,-0.0,13664900.0,50.0086541689945
0.37,-0.0,13664770.0,50.008722204863744
0.38,-0.0,13664630.0,50.00878536640631
0.39,-0.0,13664480.0,50.00884460742591
0.4,-0.0,13664320.0,50.008900845171176
0.41,-0.0,13664150.0,50.00895495242217
0.42,-0.0,13663960.0,50.00900775274967
0.43,-0.0,13663770.0,50.00906001902414
0.44,-0.0,13663560.0,50.00911247472183
0.45,-0.0,13663340.0,50.0091657974298
0.46,-0.0,13663100.0,50.00922062380093
0.47,-0.0,13662850.0,50.00927755494532
0.48,-0.0,13662590.0,50.00933716132116
0.49,-0.0,13662320.0,50.009399986390335
0.5,-0.0,13662030.0,50.00946654812142
0.51,-0.0,13661730.0,50.00953733804461
0.52,-0.0,13661410.0,50.009612817739566
0.53,-0.0,13661080.0,50.00969341291695
0.54,-0.0,13660730.0,50.00977950563895
0.55,-0.0,13660370.0,50.009871425401606
0.56,-0.0,13660000.0,50.00996943997988
0.57,-0.0,13659610.0,50.01007374697001
0.58,-0.0,13659200.0,50.01018446709568
0.59,-0.0,13658780.0,50.01030164003011
0.6,-0.0,13658340.0,50.010425223221525
0.61,-0.0,13657890.0,50.010555094069254
0.62,-0.0,13657420.0,50.0106910554138
0.63,-0.0,13656940.0,50.01083284391689
0.64,-0.0,13656430.0,50.01098014062044
0.65,-0.0,13655920.0,50.01113258284978
0.66,-0.0,13655380.0,50.01128977639087
0.67,-0.0,13654830.0,50.01145130688946
0.68,-0.0,13654260.0,50.011616749625034
0.69,-0.0,13653680.0,50.011785676799136
0.7,-0.0,13653070.0,50.01195766197313
0.71,-0.0,13652450.0,50.0121322815404
0.72,-0.0,13651810.0,50.01230911342074
0.73,-0.0,13651160.0,50.01248773348469
0.74,-0.0,13650480.0,50.01266771046012
0.75,-0.0,13649790.0,50.01284860031168
0.76,-0.0,13649080.0,50.01302994105641
0.77,-0.0,13648350.0,50.01321124896645
0.78,-0.0,13647610.0,50.01339201692671
0.79,-0.0,13646840.0,50.01357171556645
0.8,-0.0,13646060.0,50.013749797359964
0.81,-0.0,13645260.0,50.01392570360397
0.82,-0.0,13644430.0,50.01409887381939
0.83,-0.0,13643590.0,50.01426875682499
0.84,-0.0,13642740.0,50.01443482258953
0.85,-0.0,13641860.0,50.014596573769474
0.86,-0.0,13640960.0,50.01475355588174
0.87,-0.0,13640040.0,50.01490536515768
0.88,-0.0,13639110.0,50.015051653448815
0.89,-0.0,13638150.0,50.01519212977558
0.9,-0.0,13637180.0,50.01532655839159
0.91,-0.0,13636180.0,50.01545475374631
0.92,-0.0,13635170.0,50.01557657302852
0.93,-0.0,13634130.0,50.015691907076324
0.94,-0.0,13633080.0,50.015800670749854
0.95,-0.0,13632010.0,50.01590279382852
0.96,-0.0,13630910.0,50.01599821354703
0.97,-0.0,13629800.0,50.01608686959972
0.98,-0.0,13628670.0,50.01616870209341
0.99,-0.0,13627510.0,50.01624365287341
1.0,-0.0,13626340.0,50.016311669939896
1.01,-0.0,13625150.0,50.0163727145088
1.02,-0.0,13623930.0,50.01642676987932
1.03,-0.0,13622700.0,50.01647385105941
1.04,-0.0,13621440.0,50.01651401407036
1.05,-0.0,13620170.0,50.01654736370639
1.06,-0.0,13618880.0,50.016574058764895
1.07,-0.0,13617560.0,50.01659431408106
1.08,-0.0,13616230.0,50.016608398952
1.09,-0.0,13614870.0,50.0166166318786
1.1,-0.0,13613500.0,50.016619371998814
1.11,-0.0,13612100.0,50.01661700799417
1.12,-0.0,13610680.0,50.016609945412874
1.13,-0.0,13609250.0,50.01659859360945
1.14,-0.0,13607790.0,50.0165833534335
1.15,-0.0,13606310.0,50.01656460679913
1.16,-0.0,13604810.0,50.01654270923797
1.17,-0.0,13603300.0,50.01651798586242
1.18,-0.0,13601760.0,50.01649073105606
1.19,-0.0,13600200.0,50.01646121181081
1.2,-0.0,13598620.0,50.01642967407196
1.21,-0.0,13597020.0,50.01639635121189
1.22,-0.0,13595400.0,50.01636147357612
1.23,-0.0,13593770.0,50.01632527787876
1.24,-0.0,13592110.0,50.01628801508783
1.25,-0.0,13590430.0,50.01624995587475
1.26,-0.0,13588730.0,50.016211392901724
1.27,-0.0,13587010.0,50.01617263948578
1.28,-0.0,13585270.0,50.0161340246138
1.29,-0.0,13583510.0,50.01609588471069
1.3,-0.0,13581740.0,50.01605855308807
1.31,-0.0,13579940.0,50.016022348041226
1.32,-0.0,13578120.0,50.015987560713256
1.33,-0.0,13576280.0,50.01595444409656
1.34,-0.0,13574430.0,50.01592320438586
1.35,-0.0,13572550.0,50.01589399554754
1.36,-0.0,13570660.0,50.01586691765735
1.37,-0.0,13568740.0,50.01584201930338
1.38,-0.0,13566810.0,50.01581930379647
1.39,-0.0,13564860.0,50.01579873847676
1.4,-0.0,13562890.0,50.0157802661477
1.41,-0.0,13560900.0,50.015763817399
1.42,-0.0,13558890.0,50.015749322480865
1.43,-0.0,13556860.0,50.01573672147429
1.44,-0.0,13554820.0,50.01572597160102
1.45,-0.0,13552750.0,50.01571705094704
1.46,-0.0,13550670.0,50.01570995821696
1.47,-0.0,13548570.0,50.01570470859975
1.48,-0.0,13546450.0,50.01570132626495
1.49,-0.0,13544310.0,50.01569983431408
1.5,-0.0,13542160.0,50.01570024338705
1.51,-0.0,13539980.0,50.015702540252136
1.52,-0.0,13537790.0,50.01570667772798
1.53,-0.0,13535590.0,50.015712567191514
1.54,-0.0,13533360.0,50.01572007456835
1.55,-0.0,13531120.0,50.0157290204439
1.56,-0.0,13528860.0,50.015739184460585
1.57,-0.0,13526580.0,50.01575031362473
1.58,-0.0,13524290.0,50.01576213379544
1.59,-0.0,13521980.0,50.01577436323229
1.6,-0.0,13519650.0,50.01578672684016
1.61,-0.0,13517300.0,50.01579896969036
1.62,-0.0,13514940.0,50.015810868376306
1.63,-0.0,13512560.0,50.01582223910043
1.64,-0.0,13510170.0,50.01583294171348
1.65,-0.0,13507760.0,50.01584287929227
1.66,-0.0,13505340.0,50.01585199340658
1.67,-0.0,13502900.0,50.01586025565311
1.68,-0.0,13500440.0,50.01586765646226
1.69,-0.0,13497970.0,50.01587419238472
1.7,-0.0,13495480.0,50.01587985334006
1.71,-0.0,13492980.0,50.015884611292506
1.72,-0.0,13490460.0,50.015888411601736
1.73,-0.0,13487930.0,50.015891168098435
1.74,-0.0,13485380.0,50.015892762524714
1.75,-0.0,13482820.0,50.01589304837718
1.76,-0.0,13480250.0,50.01589185892589
1.77,-0.0,13477660.0,50.015889018480095
1.78,-0.0,13475050.0,50.01588435566241
1.79,-0.0,13472440.0,50.015877717343805
1.8,-0.0,13469800.0,50.015868981616094
1.81,-0.0,13467160.0,50.01585806842348
1.82,-0.0,13464500.0,50.015844946600026
1.83,-0.0,13461830.0,50.015829636556305
1.84,-0.0,13459140.0,50.01581220830226
1.85,-0.0,13456440.0,50.015792774898024
1.86,-0.0,13453730.0,50.01577148212375
1.87,-0.0,13451010.0,50.01574849536286
1.88,-0.0,13448270.0,50.015723985069286
1.89,-0.0,13445520.0,50.015698112380456
1.9,-0.0,13442760.0,50.01567101642183
1.91,-0.0,13439990.0,50.01564280468502
1.92,-0.0,13437200.0,50.015613547468874
1.93,-0.0,13434410.0,50.015583277048236
1.94,-0.0,13431600.0,50.01555199159048
1.95,-0.0,13428780.0,50.01551966338792
1.96,-0.0,13425950.0,50.01548625054936
1.97,-0.0,13423110.0,50.015451710747286
1.98,-0.0,13420260.0,50.015416015425394
1.99,-0.0,13417390.0,50.01537916289014
2.0,-0.0,13414520.0,50.01534118870118
2.01,-0.0,13411630.0,50.01530217214953
2.02,-0.0,13408740.0,50.01526223810602
2.03,-0.0,13405830.0,50.01522155388024
2.04,-0.0,13402920.0,50.01518032135228
2.05,-0.0,13399990.0,50.015138765086945
2.06,-0.0,13397060.0,50.01509711774693
2.07,-0.0,13394120.0,50.01501451080741
2.08,-0.0,13391160.0,50.01497405900407
2.09,-0.0,13388200.0,50.01493433274947
2.1,-0.0,13385230.0,50.0148953720851
2.11,-0.0,13382250.0,50.0148571717469
2.12,-0.0,13379260.0,50.0148196849306
2.13,-0.0,13376270.0,50.014782832002936
2.14,-0.0,13373260.0,50.01474651301384
2.15,-0.0,13370250.0,50.01471062248434
2.16,-0.0,13367230.0,50.014675064822825
2.17,-0.0,13364200.0,50.014639768475675
2.18,-0.0,13361160.0,50.014604697224684
2.19,-0.0,13358120.0,50.014569857250834
2.2,-0.0,13355070.0,50.01453529917285
2.21,-0.0,13352010.0,50.014501114775044
2.22,-0.0,13348940.0,50.0144674287774
2.23,-0.0,13345870.0,50.014434386461105
2.24,-0.0,13342790.0,50.01440213845865
2.25,-0.0,13339710.0,50.0143708243664
2.26,-0.0,13336620.0,50.01434055694426
2.27,-0.0,13333520.0,50.01431140875133
2.28,-0.0,13330420.0,50.01428340255772
2.29,-0.0,13327310.0,50.0142565067282
2.3,-0.0,13324190.0,50.01423063616054
2.31,-0.0,13321070.0,50.01420565870497
2.32,-0.0,13317940.0,50.01418140644694
2.33,-0.0,13314810.0,50.014157690673514
2.34,-0.0,13311680.0,50.01413431893123
2.35,-0.0,13308540.0,50.01411111227011
2.36,-0.0,13305390.0,50.01408792082886
2.37,-0.0,13302240.0,50.01406463609116
2.38,-0.0,13299090.0,50.014041198420585
2.39,-0.0,13295930.0,50.014017599106985
2.4,-0.0,13292760.0,50.0139938767306
2.41,-0.0,13289600.0,50.01397010819741
2.42,-0.0,13286430.0,50.013946395461396
2.43,-0.0,13283250.0,50.01392284941345
2.44,-0.0,13280070.0,50.01389957264005
2.45,-0.0,13276890.0,50.0138766429704
2.46,-0.0,13273710.0,50.01385409973037
2.47,-0.0,13270520.0,50.01383193419999
2.48,-0.0,13267330.0,50.01381008537877
2.49,-0.0,13264140.0,50.013788441671224
2.5,-0.0,13260940.0,50.0137668482976
2.51,-0.0,13257740.0,50.01374511979123
2.52,-0.0,13254540.0,50.01372305625718
2.53,-0.0,13251330.0,50.01370046149799
2.54,-0.0,13248130.0,50.01367716115111
2.55,-0.0,13244920.0,50.01365301882529
2.56,-0.0,13241710.0,50.013627948402764
2.57,-0.0,13238500.0,50.01360192117915
2.58,-0.0,13235280.0,50.01357496704409
2.59,-0.0,13232070.0,50.013547169580555
2.6,-0.0,13228850.0,50.01351865555497
2.61,-0.0,13225640.0,50.01348957986191
2.62,-0.0,13222420.0,50.013460107622656
2.63,-0.0,13219200.0,50.01343039534084
2.64,-0.0,13215980.0,50.01340057310152
2.65,-0.0,13212750.0,50.01337072979478
2.66,-0.0,13209530.0,50.0133409030356
2.67,-0.0,13206310.0,50.013311074839265
2.68,-0.0,13203080.0,50.013281173689904
2.69,-0.0,13199860.0,50.01325108282968
2.7,-0.0,13196630.0,50.01322065376414
2.71,-0.0,13193410.0,50.01318972367444
2.72,-0.0,13190180.0,50.01315813471023
2.73,-0.0,13186960.0,50.013125753048115
2.74,-0.0,13183740.0,50.0130924856616
2.75,-0.0,13180510.0,50.01305829284405
2.76,-0.0,13177280.0,50.013023195112794
2.77,-0.0,13174060.0,50.01298727373321
2.78,-0.0,13170840.0,50.01295066470408
2.79,-0.0,13167610.0,50.01291354685825
2.8,-0.0,13164390.0,50.012876125312054
2.81,-0.0,13161170.0,50.01283861202249
2.82,-0.0,13157950.0,50.01280120554108
2.83,-0.0,13154730.0,50.012764072061465
2.84,-0.0,13151510.0,50.01272732994884
2.85,-0.0,13148290.0,50.01269103935564
2.86,-0.0,13145070.0,50.01265519815784
2.87,-0.0,13141860.0,50.01261974471469
2.88,-0.0,13138640.0,50.01258456709821
2.89,-0.0,13135430.0,50.012549518013806
2.9,-0.0,13132210.0,50.012514433577216
2.91,-0.0,13129000.0,50.012479153941534
2.92,-0.0,13125790.0,50.012443543537856
2.93,-0.0,13122580.0,50.012407508598145
2.94,-0.0,13119380.0,50.012371010056754
2.95,-0.0,13116170.0,50.01233407030714
2.96,-0.0,13112970.0,50.01229677314455
2.97,-0.0,13109770.0,50.01225925682702
2.98,-0.0,13106570.0,50.012221700987844
2.99,-0.0,13103370.0,50.01218430883102
3.0,-0.0,13100180.0,50.012147286365774
3.01,-0.0,13096980.0,50.01211082102365
3.02,-0.0,13093790.0,50.012075062016
3.03,-0.0,13090600.0,50.01204010451008
3.04,-0.0,13087410.0,50.012005979436616
3.05,-0.0,13084230.0,50.011972650116945
3.06,-0.0,13081040.0,50.011940016188426
3.07,-0.0,13077860.0,50.01190792440935
3.08,-0.0,13074680.0,50.01187618519759
3.09,-0.0,13071510.0,50.01184459328489
3.1,-0.0,13068330.0,50.01181295001774
3.11,-0.0,13065160.0,50.01178108491372
3.12,-0.0,13061990.0,50.0117488741472
3.13,-0.0,13058820.0,50.01171625381784
3.14,-0.0,13055660.0,50.01168322665009
3.15,-0.0,13052490.0,50.011649861312115
3.16,-0.0,13049330.0,50.011616284337
3.17,-0.0,13046180.0,50.01158266568889
3.18,-0.0,13043020.0,50.011549199361816
3.19,-0.0,13039870.0,50.011516081155115
3.2,-0.0,13036720.0,50.01148348601821
3.21,-0.0,13033570.0,50.0114515473456
3.22,-0.0,13030420.0,50.01142034067774
3.23,-0.0,13027280.0,50.011389873522226
3.24,-0.0,13024140.0,50.011360082540314
3.25,-0.0,13021000.0,50.01133083851871
3.26,-0.0,13017870.0,50.01130195858534
3.27,-0.0,13014740.0,50.011273224483574
3.28,-0.0,13011610.0,50.01124440488438
3.29,-0.0,13008480.0,50.01121527930044
3.3,-0.0,13005360.0,50.01118566098225
3.31,-0.0,13002240.0,50.01115541618746
3.32,-0.0,12999120.0,50.01112447779359
3.33,-0.0,12996000.0,50.0110928517119
3.34,-0.0,12992880.0,50.01106061540441
3.35,-0.0,12989770.0,50.01102790866846
3.36,-0.0,12986660.0,50.01099491758673
3.37,-0.0,12983560.0,50.010961853447476
3.38,-0.0,12980460.0,50.01092892884497
3.39,-0.0,12977350.0,50.010896333542135
3.4,-0.0,12974260.0,50.01086421271005
3.41,-0.0,12971160.0,50.01083264995684
3.42,-0.0,12968070.0,50.010801657080215
3.43,-0.0,12964980.0,50.01077117166983
3.44,-0.0,12961890.0,50.01074106298018
3.45,-0.0,12958800.0,50.010711145553
3.46,-0.0,12955720.0,50.01068119907421
3.47,-0.0,12952640.0,50.010650992251996
3.48,-0.0,12949560.0,50.010620308147416
3.49,-0.0,12946480.0,50.01058896819251
3.5,-0.0,12943410.0,50.01055685213339
3.51,-0.0,12940340.0,50.01052391170311
3.52,-0.0,12937270.0,50.01049017658864
3.53,-0.0,12934200.0,50.010455751927005
3.54,-0.0,12931130.0,50.01042080759384
3.55,-0.0,12928070.0,50.01038556049291
3.56,-0.0,12925010.0,50.01035025162811
3.57,-0.0,12921950.0,50.01031512041578
3.58,-0.0,12918900.0,50.01028037904662
3.59,-0.0,12915840.0,50.01024618964658
3.6,-0.0,12912790.0,50.01021264678598
3.61,-0.0,12909740.0,50.01017976722352
3.62,-0.0,12906700.0,50.01014748820503
3.63,-0.0,12903650.0,50.0101156745721
3.64,-0.0,12900610.0,50.01008413388111
3.65,-0.0,12897570.0,50.010052638093725
3.66,-0.0,12894530.0,50.01002094932474
3.67,-0.0,12891490.0,50.009988846852934
3.68,-0.0,12888450.0,50.00995615237155
3.69,-0.0,12885420.0,50.00992275066469
3.7,-0.0,12882390.0,50.00988860348572
3.71,-0.0,12879360.0,50.009853754987034
3.72,-0.0,12876330.0,50.00981832821445
3.73,-0.0,12873300.0,50.00978251291467
3.74,-0.0,12870280.0,50.00974654593924
3.75,-0.0,12867250.0,50.0097106864527
3.76,-0.0,12864230.0,50.00967518848288
3.77,-0.0,12861210.0,50.00964027371256
3.78,-0.0,12858190.0,50.00960610756321
3.79,-0.0,12855170.0,50.00957278117066
3.8,-0.0,12852150.0,50.00954030128128
3.81,-0.0,12849140.0,50.009508589357424
3.82,-0.0,12846120.0,50.009477490001245
3.83,-0.0,12843110.0,50.00944678790168
3.84,-0.0,12840100.0,50.00941623145345
3.85,-0.0,12837090.0,50.00938556053502
3.86,-0.0,12834080.0,50.00935453534676
3.87,-0.0,12831070.0,50.00932296303944
3.88,-0.0,12828070.0,50.00929071926586
3.89,-0.0,12825060.0,50.00925776226997
3.9,-0.0,12822060.0,50.00922413787383
3.91,-0.0,12819050.0,50.00918997488808
3.92,-0.0,12816050.0,50.009155471462684
3.93,-0.0,12813050.0,50.009120873741686
3.94,-0.0,12810050.0,50.00908644909514
3.95,-0.0,12807050.0,50.00905245687347
3.96,-0.0,12804050.0,50.0090191197216
3.97,-0.0,12801050.0,50.00898659860293
3.98,-0.0,12798050.0,50.008954974345464
3.99,-0.0,12795050.0,50.00892423779497
4.0,-0.0,12792050.0,50.008894289788664
4.01,-0.0,12789060.0,50.00886495099027
4.02,-0.0,12786060.0,50.00883598069416
4.03,-0.0,12783060.0,50.0088071025381
4.04,-0.0,12780070.0,50.00877803428793
4.05,-0.0,12777070.0,50.008748518474974
4.06,-0.0,12774080.0,50.00871835038918
4.07,-0.0,12771080.0,50.0086874003693
4.08,-0.0,12768090.0,50.00865562789293
4.09,-0.0,12765100.0,50.00862308599419
4.1,-0.0,12762100.0,50.008589915496046
4.11,-0.0,12759110.0,50.0085563295987
4.12,-0.0,12756110.0,50.008522590545276
4.13,-0.0,12753120.0,50.00848898083782
4.14,-0.0,12750130.0,50.008455771981374
4.15,-0.0,12747130.0,50.008423194193696
4.16,-0.0,12744140.0,50.008391410417296
4.17,-0.0,12741140.0,50.00836049746798
4.18,-0.0,12738150.0,50.00833043639786
4.19,-0.0,12735160.0,50.00830111342635
4.2,-0.0,12732160.0,50.008272331421196
4.21,-0.0,12729170.0,50.00824383061693
4.22,-0.0,12726170.0,50.00821531652087
4.23,-0.0,12723180.0,50.00818649188987
4.24,-0.0,12720180.0,50.008157089178674
4.25,-0.0,12717190.0,50.008126899856755
4.26,-0.0,12714190.0,50.008095797377216
4.27,-0.0,12711190.0,50.00806375133989
4.28,-0.0,12708200.0,50.00803083111195
4.29,-0.0,12705200.0,50.007997198656675
4.3,-0.0,12702200.0,50.0079630912634
4.31,-0.0,12699200.0,50.007928796040645
4.32,-0.0,12696200.0,50.007894618843096
4.33,-0.0,12693200.0,50.007860850941114
4.34,-0.0,12690200.0,50.007827737096854
4.35,-0.0,12687200.0,50.00779544835966
4.36,-0.0,12684200.0,50.00776406270852
4.37,-0.0,12681200.0,50.00773355578695
4.38,-0.0,12678190.0,50.00770380287898
4.39,-0.0,12675190.0,50.007674591980376
4.4,-0.0,12672180.0,50.00764564664113
4.41,-0.0,12669180.0,50.00761665618918
4.42,-0.0,12666170.0,50.007587309907244
4.43,-0.0,12663160.0,50.00755733135076
4.44,-0.0,12660160.0,50.007526509128056
4.45,-0.0,12657150.0,50.007494720647706
4.46,-0.0,12654140.0,50.00746194609328
4.47,-0.0,12651130.0,50.007428271261176
4.48,-0.0,12648120.0,50.00739387898104
4.49,-0.0,12645100.0,50.00735902988412
4.5,-0.0,12642090.0,50.007324034577984
4.51,-0.0,12639080.0,50.007289220314775
4.52,-0.0,12636060.0,50.00725489558494
4.53,-0.0,12633040.0,50.0072213164004
4.54,-0.0,12630030.0,50.00718865802739
4.55,-0.0,12627010.0,50.00715699528857
4.56,-0.0,12623990.0,50.00712629371342
4.57,-0.0,12620970.0,50.00709641265881
4.58,-0.0,12617950.0,50.00706712019879
4.59,-0.0,12614930.0,50.007038118246264
4.6,-0.0,12611900.0,50.00700907518135
4.61,-0.0,12608880.0,50.00697966237998
4.62,-0.0,12605860.0,50.006949590574656
4.63,-0.0,12602830.0,50.0069186419979
4.64,-0.0,12599800.0,50.00688669474586
4.65,-0.0,12596780.0,50.00685373668517
4.66,-0.0,12593750.0,50.00681986739143
4.67,-0.0,12590720.0,50.0067852879109
4.68,-0.0,12587680.0,50.0067502794377
4.69,-0.0,12584650.0,50.00671517316585
4.7,-0.0,12581620.0,50.00668031450627
4.71,-0.0,12578590.0,50.00664602547056
4.72,-0.0,12575550.0,50.00661256925929
4.73,-0.0,12572520.0,50.00658012094935
4.74,-0.0,12569480.0,50.00654874747133
4.75,-0.0,12566440.0,50.00651839928663
4.76,-0.0,12563400.0,50.00648891490961
4.77,-0.0,12560360.0,50.006460037758124
4.78,-0.0,12557320.0,50.00643144372242
4.79,-0.0,12554280.0,50.006402776400236
4.8,-0.0,12551240.0,50.00637368611803
4.81,-0.0,12548200.0,50.00634386839613
4.82,-0.0,12545150.0,50.006313097532164
4.83,-0.0,12542110.0,50.00628125158049
4.84,-0.0,12539060.0,50.00624832606177
4.85,-0.0,12536020.0,50.006214434867836
4.86,-0.0,12532970.0,50.006179798320474
4.87,-0.0,12529920.0,50.00614471957861
4.88,-0.0,12526870.0,50.006109551929114
4.89,-0.0,12523820.0,50.00607466047647
4.9,-0.0,12520780.0,50.00604038219583
4.91,-0.0,12517720.0,50.0060069887495
4.92,-0.0,12514680.0,50.005974656063735
4.93,-0.0,12511620.0,50.00594344400674
4.94,-0.0,12508570.0,50.00591328870634
4.95,-0.0,12505520.0,50.00588400850322
4.96,-0.0,12502470.0,50.0058553229199
4.97,-0.0,12499410.0,50.00582688279174
4.98,-0.0,12496360.0,50.00579830825696
4.99,-0.0,12493310.0,50.005769230310705
5.0,-11.983999999850575,12490250.0,50.00573933137859
5.01,-47.87199999970074,12487180.0,50.005708380012095
5.02,-107.56799999955048,12484100.0,50.005676255982465
5.03,-190.97599999939985,12480980.0,50.00564296359619
5.04,-297.99999999924876,12477840.0,50.00560863170455
5.05,-428.54399999909725,12474680.0,50.00557350003745
5.06,-582.5119999989454,12471490.0,50.00553789340499
5.07,-759.8079999987934,12468280.0,50.00550218644001
5.08,-960.3359999986407,12465050.0,50.005466762687824
5.09,-1183.9999999984875,12461800.0,50.0054319723928
5.1,-1430.7039999983342,12458520.0,50.00539809346522
5.11,-1700.3519999981802,12455220.0,50.00536530003758
5.12,-1992.847999998027,12451890.0,50.00533364198437
5.13,-2308.0959999978722,12448540.0,50.00530303796587
5.14,-2645.9999999977176,12445170.0,50.00527328293812
5.15,-3006.4639999975625,12441780.0,50.00524406946695
5.16,-3389.391999997406,12438370.0,50.005215020568286
5.17,-3794.6879999972516,12434930.0,50.00518573047891
5.18,-4222.2559999970945,12431470.0,50.00515580897961
5.19,-4671.999999996939,12428000.0,50.00512492418222
5.2,-5143.823999996783,12424490.0,50.005092838918905
5.21,-5637.6319999966245,12420970.0,50.005059436928775
5.22,-6153.327999996469,12417430.0,50.005024735838454
5.23,-6690.815999996309,12413860.0,50.00498888561646
5.24,-7249.999999996153,12410280.0,50.00495215271057
5.25,-7830.783999995995,12406670.0,50.00491489144535
5.26,-8433.071999995835,12403040.0,50.00487750581849
5.27,-9056.767999995678,12399390.0,50.004840405715335
5.28,-9701.775999995518,12395720.0,50.00480396211682
5.29,-10367.99999999536,12392030.0,50.00476846614894
5.3,-11055.3439999952,12388320.0,50.00473409647622
5.31,-11763.711999995043,12384600.0,50.004700898671395
5.32,-12493.00799999488,12380850.0,50.00466877904787
5.33,-13243.13599999472,12377080.0,50.00463751387771
5.34,-14013.999999994561,12373290.0,50.004606773102054
5.35,-14805.5039999944,12369480.0,50.00457615607051
5.36,-15617.55199999424,12365660.0,50.004545235372
5.37,-16450.047999994076,12361810.0,50.00451360390612
5.38,-17302.895999993918,12357950.0,50.00448091987868
5.39,-18175.999999993757,12354060.0,50.00444694466745
5.4,-19069.263999993593,12350160.0,50.00441156946097
5.41,-19982.591999993434,12346240.0,50.00437482777187
5.42,-20915.88799999327,12342300.0,50.004336892466185
5.43,-21869.055999993107,12338350.0,50.00429805763692
5.44,-22841.99999999295,12334380.0,50.00425870729216
5.45,-23834.623999992786,12330380.0,50.00421927418856
5.46,-24846.831999992624,12326370.0,50.0041801930514
5.47,-25878.52799999246,12322350.0,50.0041418532621
5.48,-26929.615999992297,12318300.0,50.00410455600064
5.49,-27999.999999992135,12314240.0,50.0040684805205
5.5,-29089.58399999197,12310160.0,50.004033663480854
5.51,-30198.271999991808,12306070.0,50.00399999373458
5.52,-31325.96799999164,12301960.0,50.00396722344277
5.53,-32472.57599999148,12297830.0,50.003934994425094
5.54,-33637.99999999132,12293690.0,50.003902876990104
5.55,-34822.14399999116,12289530.0,50.00387041698397
5.56,-36024.91199999099,12285350.0,50.00383718574749
5.57,-37246.20799999083,12281160.0,50.00380282744117
5.58,-38485.93599999066,12276950.0,50.00376709837213
5.59,-39743.999999990505,12272730.0,50.00372989412273
5.6,-41020.30399999034,12268490.0,50.00369126146035
5.61,-42314.75199999018,12264240.0,50.003651393760194
5.62,-43627.24799999001,12259970.0,50.00361061057001
5.63,-44957.69599998985,12255690.0,50.00356932344805
5.64,-46305.99999998968,12251390.0,50.003527991618704
5.65,-47672.06399998951,12247080.0,50.003487072237895
5.66,-49055.79199998935,12242750.0,50.00344697043816
5.67,-50457.08799998919,12238420.0,50.003407994517616
5.68,-51875.855999989035,12234060.0,50.00337032121123
5.69,-53311.99999998886,12229690.0,50.00333397502212
5.7,-54765.42399998869,12225310.0,50.00329882415614
5.71,-56236.03199998853,12220920.0,50.003264593637276
5.72,-57723.727999988376,12216510.0,50.00323089449169
5.73,-59228.41599998822,12212090.0,50.00319726587058
5.74,-60749.999999988046,12207660.0,50.00316322543368
5.75,-62288.38399998787,12203220.0,50.00312832229381
5.76,-63843.47199998772,12198760.0,50.00309218671251
5.77,-65415.16799998755,12194290.0,50.003054570919616
5.78,-67003.3759999874,12189810.0,50.00301537654519
5.79,-68607.99999998722,12185310.0,50.00297466584117
5.8,-70228.94399998704,12180810.0,50.00293265539396
5.81,-71866.1119999869,12176290.0,50.00288969309722
5.82,-73519.40799998672,12171760.0,50.002846220925925
5.83,-75188.73599998657,12167220.0,50.002802727391284
5.84,-76873.99999998641,12162680.0,50.00275969455631
5.85,-78575.10399998623,12158120.0,50.00271754534471
5.86,-80291.95199998608,12153540.0,50.00267659677261
5.87,-82024.44799998592,12148960.0,50.00263702421546
5.88,-83772.49599998577,12144370.0,50.002598840823396
5.89,-85535.99999998558,12139770.0,50.002561894650896
5.9,-87314.86399998542,12135160.0,50.00252588405433
5.91,-89108.99199998526,12130540.0,50.002490389869514
5.92,-90918.2879999851,12125910.0,50.00245492094073
5.93,-92742.65599998496,12121270.0,50.00241896799152
5.94,-94581.99999998478,12116620.0,50.00238205971741
5.95,-96436.2239999846,12111970.0,50.002343814851514
5.96,-98305.23199998445,12107300.0,50.00230398440733
5.97,-100188.92799998428,12102630.0,50.00226247939743
5.98,-102087.21599998415,12097950.0,50.00221938120203
5.99,-103999.99999998396,12093260.0,50.00217493341387
6.0,-105927.1839999838,12088560.0,50.00212951608718
6.01,-107868.67199998364,12083860.0,50.00208360522419
6.02,-109824.36799998347,12079140.0,50.002037721749204
6.03,-111794.17599998334,12074420.0,50.00199237527882
6.04,-113777.99999998316,12069700.0,50.00194800860076
6.05,-115775.743999983,12064970.0,50.001904948854744
6.06,-117787.31199998285,12060230.0,50.001863370831664
6.07,-119812.60799998268,12055480.0,50.00182327655275
6.08,-121851.53599998255,12050730.0,50.00178449371053
6.09,-123903.99999998236,12045970.0,50.00174669346471
6.1,-125969.9039999822,12041210.0,50.001709425832985
6.11,-128049.15199998204,12036440.0,50.00167216883526
6.12,-130141.6479999819,12031660.0,50.00163438593995
6.13,-132247.29599998175,12026880.0,50.00159558542592
6.14,-134365.99999998158,12022100.0,50.001555374944594
6.15,-136497.66399998142,12017310.0,50.00151350509796
6.16,-138642.19199998127,12012520.0,50.00146989740205
6.17,-140799.4879999811,12007720.0,50.001424653664664
6.18,-142969.45599998097,12002920.0,50.00137804572849
6.19,-145151.9999999808,11998110.0,50.001330486897935
6.2,-147347.02399998062,11993300.0,50.00128248799391
6.21,-149554.43199998047,11988480.0,50.00123460269676
6.22,-151774.12799998032,11983670.0,50.001187367922824
6.23,-154006.0159999802,11978850.0,50.00114124538754
6.24,-156249.99999998,11974020.0,50.001096570785705
6.25,-158505.98399997986,11969200.0,50.00105351610865
6.26,-160773.8719999797,11964370.0,50.00101206951174
6.27,-163053.56799997957,11959540.0,50.00097203528004
6.28,-165344.97599997945,11954700.0,50.00093305418453
6.29,-167647.99999997925,11949870.0,50.000894642295776
6.3,-169962.54399997907,11945030.0,50.00085624391498
6.31,-172288.5119999789,11940190.0,50.00081729282514
6.32,-174625.80799997883,11935350.0,50.00077727501727
6.33,-176974.33599997868,11930500.0,50.00073578571366
6.34,-179333.99999997852,11925660.0,50.00069257432841
6.35,-181704.70399997832,11920820.0,50.000647572556204
6.36,-184086.35199997813,11915970.0,50.00060090263799
6.37,-186478.8479999781,11911120.0,50.000552864913715
6.38,-188882.0959999779,11906280.0,50.0005039061462
6.39,-191295.99999997776,11901430.0,50.000454571981656
6.4,-193720.46399997757,11896590.0,50.00040544855685
6.41,-196155.39199997738,11891740.0,50.00035709927212
6.42,-198600.68799997735,11886890.0,50.000310003438656
6.43,-201056.25599997718,11882050.0,50.00026450340114
6.44,-203521.999999977,11877200.0,50.00022076596448
6.45,-205997.82399997686,11872360.0,50.000178762638534
6.46,-208483.63199997667,11867510.0,50.000138271275084
6.47,-210979.3279999766,11862670.0,50.00009889922822
6.48,-213484.81599997642,11857830.0,50.000060125691526
6.49,-215999.99999997628,11852990.0,50.000021358693445
6.5,-218524.78399997612,11848150.0,49.99998200039492
6.51,-221059.07199997595,11843320.0,49.999941513188816
6.52,-223602.76799997588,11838480.0,49.999899479212985
6.53,-226155.77599997574,11833650.0,49.999855646726814
6.54,-228717.99999997555,11828820.0,49.999809958257934
6.55,-231289.3439999754,11824000.0,49.99976255754816
6.56,-233869.71199997523,11819170.0,49.99971377470055
6.57,-236459.00799997518,11814350.0,49.999664091310684
6.58,-239057.13599997506,11809530.0,49.99961408913706
6.59,-241663.99999997488,11804720.0,49.99956438775479
6.6,-244279.5039999747,11799900.0,49.999515577687404
6.61,-246903.55199997456,11795100.0,49.99946815598136
6.62,-249536.04799997451,11790290.0,49.999422471262925
6.63,-252176.89599997434,11785490.0,49.99937868430088
6.64,-254825.99999997418,11780690.0,49.99933674874289
6.65,-257483.263999974,11775900.0,49.9992964145906
6.66,-260148.59199997387,11771110.0,49.99925725427539
6.67,-262821.8879999738,11766320.0,49.999218708843316
6.68,-265503.0559999737,11761540.0,49.99918014920959
6.69,-268191.9999999735,11756770.0,49.9991409454776
6.7,-270888.6239999733,11751990.0,49.999100536570836
6.71,-273592.8319999732,11747230.0,49.999058492400394
6.72,-276304.52799997316,11742470.0,49.99901456153799
6.73,-279023.615999973,11737710.0,49.99896869920682
6.74,-281749.9999999729,11732960.0,49.99892107286543
6.75,-284483.5839999727,11728210.0,49.998872044861095
6.76,-287224.2719999725,11723470.0,49.998822134011164
6.77,-289971.9679999725,11718740.0,49.998771960290206
6.78,-292726.57599997235,11714010.0,49.99872217845447
6.79,-295487.99999997223,11709290.0,49.998673407342956
6.8,-298256.14399997203,11704570.0,49.99862616236892
6.81,-301030.9119999719,11699860.0,49.998580798474855
6.82,-303812.20799997187,11695160.0,49.99853746985626
6.83,-306599.93599997176,11690460.0,49.99849611129384
6.84,-309393.99999997154,11685770.0,49.99845644358741
6.85,-312194.3039999714,11681080.0,49.99841800287054
6.86,-315000.7519999712,11676410.0,49.99838019078074
6.87,-317813.24799997127,11671740.0,49.99834234007853
6.88,-320631.6959999712,11667070.0,49.99830378833704
6.89,-323455.999999971,11662420.0,49.998263951201764
6.9,-326286.0639999708,11657770.0,49.998222387092106
6.91,-329121.79199997074,11653120.0,49.99817884611624
6.92,-331963.08799997065,11648490.0,49.998133297979756
6.93,-334809.8559999705,11643860.0,49.998085935979795
6.94,-337661.9999999704,11639240.0,49.99803715678791
6.95,-340519.42399997025,11634630.0,49.99798751848062
6.96,-343382.0319999701,11630030.0,49.99793768107692
6.97,-346249.72799997014,11625430.0,49.99788833581536
6.98,-349122.41599996993,11620840.0,49.997840130566914
6.99,-351999.99999996985,11616260.0,49.99779359912917
7.0,-354882.38399996964,11611690.0,49.99774910208104
7.01,-357769.47199996957,11607130.0,49.99770678576906
7.02,-360661.16799996956,11602580.0,49.99766656432438
7.03,-363557.3759999694,11598030.0,49.9976281272566
7.04,-366457.99999996927,11593490.0,49.99759097213438
7.05,-369362.94399996917,11588960.0,49.99755445904747
7.06,-372272.11199996894,11584440.0,49.99751788084414
7.07,-375185.40799996903,11579930.0,49.99748054124645
7.08,-378102.7359999689,11575430.0,49.997441831890214
7.09,-381023.9999999688,11570930.0,49.99740129964799
7.1,-383949.10399996856,11566450.0,49.997358696761395
7.11,-386877.9519999685,11561970.0,49.997314008432376
7.12,-389810.4479999685,11557510.0,49.99726745506959
7.13,-392746.4959999684,11553050.0,49.99721946918347
7.14,-395685.9999999682,11548600.0,49.99717064955267
7.15,-398628.86399996805,11544160.0,49.99712169734965
7.16,-401574.99199996796,11539740.0,49.997073341026
7.17,-404524.28799996804,11535320.0,49.9970262576919
7.18,-407476.6559999679,11530910.0,49.99698099913383
7.19,-410431.99999996775,11526510.0,49.99693793046224
7.2,-413390.2239999676,11522120.0,49.996897188445345
7.21,-416351.2319999675,11517740.0,49.99685866444402
7.22,-419314.92799996753,11513360.0,49.99682201425236
7.23,-422281.2159999674,11509000.0,49.99678669440541
7.24,-425249.9999999673,11504650.0,49.996752021157555
7.25,-428221.1839999671,11500310.0,49.996717245561456
7.26,-431194.671999967,11495980.0,49.99668163619775
7.27,-434170.3679999671,11491660.0,49.9966445600417
7.28,-437148.17599996703,11487350.0,49.99660555241244
7.29,-440127.9999999668,11483050.0,49.99656436834022
7.3,-443109.7439999667,11478760.0,49.99652100973637
7.31,-446093.3119999666,11474480.0,49.99647572571811
7.32,-449078.60799996665,11470210.0,49.99642898634851
7.33,-452065.53599996655,11465950.0,49.99638143272019
7.34,-455053.9999999664,11461700.0,49.9963338085835
7.35,-458043.9039999663,11457460.0,49.996286880592585
7.36,-461035.1519999662,11453240.0,49.996241355473146
7.37,-464027.6479999663,11449020.0,49.996197802725234
7.38,-467021.29599996615,11444810.0,49.996156591167576
7.39,-470015.999999966,11440610.0,49.99611784656498
7.4,-473011.663999966,11436430.0,49.99608143552523
7.41,-476008.1919999658,11432250.0,49.99604697796389
7.42,-479005.48799996596,11428090.0,49.9960138872467
7.43,-482003.45599996584,11423940.0,49.99598143384047
7.44,-485001.99999996566,11419790.0,49.99594882543871
7.45,-488001.0239999656,11415660.0,49.995915294523364
7.46,-491000.4319999655,11411540.0,49.995880183213806
7.47,-494000.12799996557,11407430.0,49.995843015879835
7.48,-497000.0159999655,11403330.0,49.99580355158276
7.49,-499999.99999996537,11399240.0,49.99576181068459
7.5,-502999.98399996536,11395160.0,49.995718073155906
7.51,-505999.8719999652,11391090.0,49.99567284893829
7.52,-508999.56799996516,11387030.0,49.99562682368862
7.53,-511998.97599996504,11382990.0,49.9955807856737
7.54,-514997.9999999651,11378950.0,49.99553554125483
7.55,-517996.54399996495,11374930.0,49.995491827662796
7.56,-520994.51199996495,11370910.0,49.995450232284185
7.57,-523991.8079999649,11366910.0,49.99541112709049
7.58,-526988.3359999647,11362920.0,49.9953746257158
7.59,-529983.9999999648,11358940.0,49.99534056842506
7.6,-532978.7039999649,11354970.0,49.995308537269636
7.61,-535972.3519999647,11351010.0,49.99527790035869
7.62,-538964.8479999647,11347060.0,49.99524788052969
7.63,-541956.0959999645,11343120.0,49.99521764079335
7.64,-544945.9999999645,11339200.0,49.99518637680481
7.65,-547934.4639999645,11335280.0,49.99515340578417
7.66,-550921.3919999644,11331380.0,49.99511824184381
7.67,-553906.6879999645,11327490.0,49.99508064944194
7.68,-556890.2559999642,11323600.0,49.99504066931947
7.69,-559871.9999999644,11319730.0,49.99499861454112
7.7,-562851.8239999644,11315870.0,49.99495503730201
7.71,-565829.6319999641,11312020.0,49.99491067012377
7.72,-568805.3279999642,11308180.0,49.99486634776999
7.73,-571778.8159999641,11304360.0,49.994822917751904
7.74,-574749.9999999641,11300540.0,49.99478114863493
7.75,-577718.7839999641,11296730.0,49.994741645807025
7.76,-580685.071999964,11292940.0,49.99470478375927
7.77,-583648.7679999641,11289160.0,49.9946706626489
7.78,-586609.7759999639,11285380.0,49.99463909453266
7.79,-589567.9999999639,11281620.0,49.99460962149501
7.8,-592523.343999964,11277870.0,49.994581564235794
7.81,-595475.7119999639,11274130.0,49.99455409597024
7.82,-598425.007999964,11270400.0,49.99452633342501
7.83,-601371.1359999637,11266680.0,49.99449743450003
7.84,-604313.9999999638,11262970.0,49.99446669135354
7.85,-607253.5039999639,11259270.0,49.99443360843094
7.86,-610189.5519999638,11255590.0,49.99439795688526
7.87,-613122.0479999639,11251910.0,49.99435979969067
7.88,-616050.8959999637,11248250.0,49.99431948518625
7.89,-618975.9999999638,11244590.0,49.99427761007688
7.9,-621897.2639999638,11240950.0,49.994234955936165
7.91,-624814.5919999637,11237320.0,49.99419240584395
7.92,-627727.8879999638,11233700.0,49.99415084973663
7.93,-630637.0559999637,11230080.0,49.9941110881436
7.94,-633541.9999999638,11226480.0,49.99407374429721
7.95,-636442.6239999637,11222890.0,49.99403919426007
7.96,-639338.8319999636,11219310.0,49.99400752308475
7.97,-642230.5279999637,11215740.0,49.99397851243549
7.98,-645117.6159999636,11212190.0,49.993951661902635
7.99,-647999.9999999637,11208640.0,49.993926242238594
8.0,-650877.5839999637,11205100.0,49.993901374792024
8.01,-653750.2719999636,11201580.0,49.99387612826947
8.02,-656617.9679999638,11198060.0,49.993849621784435
8.03,-659480.5759999637,11194560.0,49.99382112218079
8.04,-662337.9999999637,11191060.0,49.9937901247887
8.05,-665190.1439999636,11187580.0,49.99375640872803
8.06,-668036.9119999637,11184100.0,49.99372006108069
8.07,-670878.2079999638,11180640.0,49.99368146773869
8.08,-673713.9359999637,11177190.0,49.99364127232908
8.09,-676543.9999999637,11173740.0,49.993600307714495
8.1,-679368.3039999638,11170310.0,49.99355950719568
8.11,-682186.7519999637,11166890.0,49.993519804512324
8.12,-684999.2479999638,11163480.0,49.99348203277806
8.13,-687805.6959999638,11160080.0,49.99344683293451
8.14,-690605.9999999638,11156690.0,49.99341458170628
8.15,-693400.0639999639,11153310.0,49.993385347351555
8.16,-696187.7919999638,11149940.0,49.99335887891489
8.17,-698969.0879999639,11146580.0,49.99333463101125
8.18,-701743.8559999638,11143230.0,49.993311821905856
8.19,-704511.9999999639,11139890.0,49.99328951876254
8.2,-707273.4239999639,11136560.0,49.993266740559626
8.21,-710028.031999964,11133240.0,49.99324256661726
8.22,-712775.727999964,11129930.0,49.99321623832147
8.23,-715516.415999964,11126640.0,49.99318724259275
8.24,-718249.9999999641,11123350.0,49.9931553680054
8.25,-720976.3839999642,11120070.0,49.99312072782999
8.26,-723695.4719999641,11116800.0,49.993083747984755
8.27,-726407.1679999642,11113540.0,49.99304512161068
8.28,-729111.3759999642,11110300.0,49.99300573533276
8.29,-731807.9999999643,11107060.0,49.99296657479015
8.3,-734496.9439999645,11103830.0,49.992928619034686
8.31,-737178.1119999645,11100620.0,49.99289273455548
8.32,-739851.4079999644,11097410.0,49.99285957993414
8.33,-742516.7359999645,11094210.0,49.99282953162694
8.34,-745173.9999999646,11091020.0,49.99280263948507
8.35,-747823.1039999647,11087850.0,49.99277861779173
8.36,-750463.9519999647,11084680.0,49.99275687363248
8.37,-753096.4479999648,11081520.0,49.99273657020237
8.38,-755720.4959999648,11078380.0,49.992716718313105
8.39,-758335.999999965,11075240.0,49.99269628554098
8.4,-760942.863999965,11072110.0,49.992674310503
8.41,-763540.9919999649,11069000.0,49.9926500091541
8.42,-766130.2879999651,11065890.0,49.99262286094444
8.43,-768710.655999965,11062800.0,49.99259266563825
8.44,-771281.9999999652,11059710.0,49.99255956500138
8.45,-773844.2239999654,11056630.0,49.99252402762303
8.46,-776397.2319999653,11053570.0,49.992486798974426
8.47,-778940.9279999654,11050510.0,49.992448822077044
8.48,-781475.2159999654,11047460.0,49.99241113713126
8.49,-783999.9999999655,11044430.0,49.99237477013032
8.5,-786515.1839999657,11041400.0,49.99234062170669
8.51,-789020.6719999656,11038380.0,49.992309367991766
8.52,-791516.3679999658,11035380.0,49.99228138424224
8.53,-794002.1759999658,11032380.0,49.99225670016011
8.54,-796477.9999999658,11029400.0,49.9922349928338
8.55,-798943.7439999662,11026420.0,49.992215619130235
8.56,-801399.3119999662,11023450.0,49.992197684573895
8.57,-803844.6079999662,11020500.0,49.99218014123469
8.58,-806279.5359999663,11017550.0,49.99216190356892
8.59,-808703.9999999665,11014620.0,49.992141968650266
8.6,-811117.9039999666,11011690.0,49.99211952698722
8.61,-813521.1519999665,11008780.0,49.99209405149902
8.62,-815913.6479999666,11005870.0,49.992065354912555
8.63,-818295.2959999668,11002980.0,49.992033609906805
8.64,-820665.9999999668,11000090.0,49.99199933054427
8.65,-823025.663999967,10997220.0,49.99196331745879
8.66,-825374.191999967,10994350.0,49.99192657277617
8.67,-827711.4879999673,10991500.0,49.99189019352707
8.68,-830037.4559999673,10988650.0,49.991855254205724
8.69,-832351.9999999674,10985820.0,49.991822690380886
8.7,-834655.0239999675,10983000.0,49.99179319559179
8.71,-836946.4319999677,10980180.0,49.9917671427716
8.72,-839226.1279999678,10977380.0,49.991744539508396
8.73,-841494.0159999678,10974590.0,49.99172502320922
8.74,-843749.999999968,10971800.0,49.991707897686425
8.75,-845993.9839999682,10969030.0,49.991692207885784
8.76,-848225.8719999682,10966270.0,49.99167684461926
8.77,-850445.5679999684,10963520.0,49.991660667309034
8.78,-852652.9759999685,10960780.0,49.99164263043963
8.79,-854847.9999999687,10958050.0,49.99162189910576
8.8,-857030.5439999689,10955340.0,49.99159794063595
8.81,-859200.5119999688,10952630.0,49.99157058247608
8.82,-861357.8079999691,10949930.0,49.991540030666144
8.83,-863502.3359999692,10947240.0,49.991506847613465
8.84,-865633.9999999694,10944570.0,49.99147189210547
8.85,-867752.7039999695,10941900.0,49.99143622813386
8.86,-869858.3519999697,10939250.0,49.991401011826255
8.87,-871950.8479999698,10936610.0,49.99136736774995
8.88,-874030.0959999699,10933970.0,49.9913362671085
8.89,-876095.99999997,10931350.0,49.99130842055385
8.9,-878148.4639999702,10928740.0,49.991284197443434
8.91,-880187.3919999703,10926140.0,49.99126358117769
8.92,-882212.6879999705,10923560.0,49.99124616671601
8.93,-884224.2559999707,10920980.0,49.99123120174048
8.94,-886221.9999999708,10918420.0,49.99121766760241
8.95,-888205.823999971,10915860.0,49.991204391208576
8.96,-890175.6319999712,10913320.0,49.9911901750109
8.97,-892131.3279999715,10910790.0,49.99117392990465
8.98,-894072.8159999716,10908270.0,49.99115479558192
8.99,-895999.9999999717,10905760.0,49.99113223485059
9.0,-897912.7839999719,10903260.0,49.99110609188119
9.01,-899811.0719999719,10900780.0,49.99107660868103
9.02,-901694.7679999722,10898300.0,49.99104439895052
9.03,-903563.7759999724,10895840.0,49.99101038270868
9.04,-905417.9999999725,10893390.0,49.9909756886727
9.05,-907257.3439999728,10890960.0,49.99094153443184
9.06,-909081.7119999729,10888530.0,49.99090909624421
9.07,-910891.0079999731,10886120.0,49.99087938161967
9.08,-912685.1359999734,10883720.0,49.990853117979896
9.09,-914463.9999999736,10881330.0,49.990830669757855
9.1,-916227.5039999738,10878950.0,49.99081199395798
9.11,-917975.5519999738,10876590.0,49.990796640224175
9.12,-919708.0479999741,10874230.0,49.99078379685601
9.13,-921424.8959999742,10871900.0,49.99077237842403
9.14,-923125.9999999745,10869570.0,49.990761145206655
9.15,-924811.2639999747,10867250.0,49.99074884075007
9.16,-926480.5919999749,10864950.0,49.990734331375606
9.17,-928133.8879999751,10862660.0,49.990716731489904
9.18,-929771.0559999752,10860390.0,49.99069550055891
9.19,-931391.9999999756,10858120.0,49.990670501504454
9.2,-932996.6239999757,10855880.0,49.990642015091865
9.21,-934584.8319999758,10853640.0,49.990610709551056
9.22,-936156.5279999762,10851420.0,49.99057756937989
9.23,-937711.6159999764,10849210.0,49.99054379103402
9.24,-939249.9999999766,10847010.0,49.990510656038154
9.25,-940771.5839999769,10844830.0,49.99047939403189
9.26,-942276.2719999771,10842660.0,49.99045104954315
9.27,-943763.9679999774,10840500.0,49.99042636643312
9.28,-945234.5759999775,10838360.0,49.99040570283089
9.29,-946687.9999999778,10836240.0,49.99038898694435
9.3,-948124.143999978,10834120.0,49.99037572006321
9.31,-949542.9119999782,10832020.0,49.9903650277825
9.32,-950944.2079999786,10829940.0,49.99035575457217
9.33,-952327.9359999788,10827870.0,49.99034659123738
9.34,-953693.9999999789,10825810.0,49.99033622040879
9.35,-955042.3039999793,10823770.0,49.990323462893514
9.36,-956372.7519999795,10821750.0,49.99030740797883
9.37,-957685.2479999798,10819740.0,49.9902875130727
9.38,-958979.6959999799,10817740.0,49.99026366216127
9.39,-960255.9999999802,10815760.0,49.99023617770792
9.4,-961514.0639999806,10813790.0,49.990205785755954
9.41,-962753.7919999807,10811840.0,49.990173538691856
9.42,-963975.087999981,10809910.0,49.99014070386865
9.43,-965177.8559999812,10807990.0,49.99010862932018
9.44,-966361.9999999815,10806090.0,49.990078599821906
9.45,-967527.4239999818,10804200.0,49.99005169765726
9.46,-968674.0319999821,10802330.0,49.99002868268831
9.47,-969801.7279999824,10800470.0,49.990009905156214
9.48,-970910.4159999826,10798630.0,49.98999526194369
9.49,-971999.999999983,10796810.0,49.989984202775204
9.5,-973070.3839999831,10795010.0,49.98997578698414
9.51,-974121.4719999834,10793220.0,49.98996878552096
9.52,-975153.1679999838,10791450.0,49.98996181681051
9.53,-976165.3759999841,10789690.0,49.98995350042739
9.54,-977157.9999999844,10787960.0,49.98994261063935
9.55,-978130.9439999847,10786240.0,49.989928211878585
9.56,-979084.111999985,10784540.0,49.98990976090011
9.57,-980017.4079999853,10782850.0,49.989887165111405
9.58,-980930.7359999856,10781180.0,49.989860791801064
9.59,-981823.9999999859,10779540.0,49.989831428382395
9.6,-982697.1039999861,10777910.0,49.989800198677834
9.61,-983549.9519999864,10776300.0,49.9897684441478
9.62,-984382.4479999868,10774700.0,49.98973758197599
9.63,-985194.4959999871,10773130.0,49.98970895380409
9.64,-985985.9999999874,10771570.0,49.98968368027539
9.65,-986756.8639999877,10770040.0,49.989662536687675
9.66,-987506.9919999881,10768520.0,49.98964586367318
9.67,-988236.2879999883,10767020.0,49.98963352409156
9.68,-988944.6559999887,10765550.0,49.98962491259306
9.69,-989631.999999989,10764090.0,49.989619018438184
9.7,-990298.2239999895,10762650.0,49.98961453536806
9.71,-990943.2319999897,10761230.0,49.989610006237854
9.72,-991566.92799999,10759840.0,49.9896039854169
9.73,-992169.2159999904,10758460.0,49.98959519963507
9.74,-992749.9999999907,10757100.0,49.989582688682475
9.75,-993309.1839999912,10755770.0,49.989565910121044
9.76,-993846.6719999913,10754460.0,49.9895447972629
9.77,-994362.3679999918,10753160.0,49.98951976544666
9.78,-994856.1759999921,10751890.0,49.989491667075896
9.79,-995327.9999999923,10750640.0,49.989461701089226
9.8,-995777.7439999928,10749420.0,49.98943128644991
9.81,-996205.3119999932,10748210.0,49.98940191215112
9.82,-996610.6079999936,10747030.0,49.98937497842201
9.83,-996993.5359999938,10745870.0,49.98935164485482
9.84,-997353.9999999942,10744730.0,49.989332701511465
9.85,-997691.9039999946,10743620.0,49.98931847752755
9.86,-998007.1519999949,10742530.0,49.98930879874971
9.87,-998299.6479999953,10741460.0,49.989303001062915
9.88,-998569.2959999957,10740410.0,49.98929999955302
9.89,-998815.999999996,10739390.0,49.98929840678154
9.9,-999039.6639999965,10738400.0,49.98929668673077
9.91,-999240.1919999968,10737420.0,49.989293326207864
9.92,-999417.4879999973,10736470.0,49.9892870033448
9.93,-999571.4559999977,10735550.0,49.98927673357959
9.94,-999701.999999998,10734650.0,49.98926197686055
9.95,-999809.0239999983,10733780.0,49.98924269508596
9.96,-999892.4319999987,10732930.0,49.989219355064805
9.97,-999952.1279999992,10732100.0,49.9891928780212
9.98,-999988.0159999995,10731300.0,49.98916454186157
9.99,-1000000.0,10730530.0,49.989135846494484
10.0,-1000000.0,10729780.0,49.98910835547781
10.01,-1000000.0,10729050.0,49.98908352905865
10.02,-1000000.0,10728320.0,49.98906256515017
10.03,-1000000.0,10727590.0,49.98904626562949
10.04,-1000000.0,10726870.0,49.98903494313872
10.05,-1000000.0,10726150.0,49.98902837986969
10.06,-1000000.0,10725430.0,49.98902584509749
10.07,-1000000.0,10724710.0,49.98902617137283
10.08,-1000000.0,10724000.0,49.98902788172752
10.09,-1000000.0,10723280.0,49.98902935345677
10.1,-1000000.0,10722580.0,49.98902899902895
10.11,-1000000.0,10721870.0,49.989025442556276
10.12,-1000000.0,10721170.0,49.9890176711857
10.13,-1000000.0,10720470.0,49.989005144666415
10.14,-1000000.0,10719780.0,49.98898785215816
10.15,-1000000.0,10719090.0,49.98896631155043
10.16,-1000000.0,10718400.0,49.988941512963066
10.17,-1000000.0,10717720.0,49.98891481349192
10.18,-1000000.0,10717040.0,49.98888779402762
10.19,-1000000.0,10716370.0,49.9888620921716
10.2,-1000000.0,10715700.0,49.988839227344684
10.21,-1000000.0,10715040.0,49.98882043548019
10.22,-1000000.0,10714380.0,49.98880653070647
10.23,-1000000.0,10713720.0,49.98879780979454
10.24,-1000000.0,10713070.0,49.98879401190959
10.25,-1000000.0,10712420.0,49.9887943404479
10.26,-1000000.0,10711780.0,49.98879754642276
10.27,-1000000.0,10711150.0,49.98880206503116
10.28,-1000000.0,10710520.0,49.988806189650965
10.29,-1000000.0,10709890.0,49.98880826257873
10.3,-1000000.0,10709270.0,49.98880685962019
10.31,-1000000.0,10708660.0,49.98880094694328
10.32,-1000000.0,10708050.0,49.988789992945044
10.33,-1000000.0,10707440.0,49.98877402393004
10.34,-1000000.0,10706850.0,49.988753619443834
10.35,-1000000.0,10706260.0,49.988729849463795
10.36,-1000000.0,10705670.0,49.988704161037276
10.37,-1000000.0,10705090.0,49.988678226057594
10.38,-1000000.0,10704520.0,49.98865376504696
10.39,-1000000.0,10703960.0,49.988632363242516
10.4,-1000000.0,10703400.0,49.988615298828975
10.41,-1000000.0,10702840.0,49.988603399568724
10.42,-1000000.0,10702300.0,49.98859694546347
10.43,-1000000.0,10701760.0,49.988595629793146
10.44,-1000000.0,10701230.0,49.98859858567911
10.45,-1000000.0,10700700.0,49.98860447734394
10.46,-1000000.0,10700190.0,49.988611646650014
10.47,-1000000.0,10699680.0,49.98861829804235
10.48,-1000000.0,10699170.0,49.98862269960295
10.49,-1000000.0,10698680.0,49.988623376041815
10.5,-1000000.0,10698190.0,49.98861927115892
10.51,-1000000.0,10697710.0,49.98860986185095
10.52,-1000000.0,10697240.0,49.98859521257379
10.53,-1000000.0,10696770.0,49.98857596629979
10.54,-1000000.0,10696310.0,49.98855327484766
10.55,-1000000.0,10695860.0,49.98852867700035
10.56,-1000000.0,10695420.0,49.98850393694961
10.57,-1000000.0,10694990.0,49.98848085771472
10.58,-1000000.0,10694570.0,49.98846107767226
10.59,-1000000.0,10694150.0,49.98844589795628
10.6,-1000000.0,10693740.0,49.98843614342289
10.61,-1000000.0,10693340.0,49.988432065312175
10.62,-1000000.0,10692950.0,49.98843330174543
10.63,-1000000.0,10692570.0,49.98843890808551
10.64,-1000000.0,10692200.0,49.98844745561379
10.65,-1000000.0,10691830.0,49.98845718810691
10.66,-1000000.0,10691480.0,49.98846621782971
10.67,-1000000.0,10691130.0,49.98847273717433
10.68,-1000000.0,10690790.0,49.98847522028607
10.69,-1000000.0,10690460.0,49.98847259108709
10.7,-1000000.0,10690140.0,49.98846433930238
10.71,-1000000.0,10689830.0,49.988450573330944
10.72,-1000000.0,10689530.0,49.98843200649156
10.73,-1000000.0,10689240.0,49.988409880127264
10.74,-1000000.0,10688960.0,49.988385832753494
10.75,-1000000.0,10688690.0,49.98836172860213
10.76,-1000000.0,10688420.0,49.98833945211131
10.77,-1000000.0,10688170.0,49.988320687231315
10.78,-1000000.0,10687930.0,49.98830674155458
10.79,-1000000.0,10687700.0,49.98829842419498
10.8,-1000000.0,10687470.0,49.98829595073852
10.81,-1000000.0,10687260.0,49.98829890111327
10.82,-1000000.0,10687050.0,49.98830625219933
10.83,-1000000.0,10686860.0,49.988316483262004
10.84,-1000000.0,10686670.0,49.98832774231535
10.85,-1000000.0,10686500.0,49.98833805326023
10.86,-1000000.0,10686340.0,49.98834554604066
10.87,-1000000.0,10686180.0,49.98834866850802
10.88,-1000000.0,10686040.0,49.988346349701615
10.89,-1000000.0,10685900.0,49.98833811216857
10.9,-1000000.0,10685780.0,49.988324124567576
10.91,-1000000.0,10685670.0,49.98830518451172
10.92,-1000000.0,10685570.0,49.98828263516316
10.93,-1000000.0,10685470.0,49.98825822573317
10.94,-1000000.0,10685390.0,49.98823392969805
10.95,-1000000.0,10685320.0,49.988211714227745
10.96,-1000000.0,10685260.0,49.98819330471916
10.97,-1000000.0,10685210.0,49.98818001134569
10.98,-1000000.0,10685170.0,49.98817262235011
10.99,-1000000.0,10685140.0,49.9881713134539
11.0,-1000000.0,10685120.0,49.9881756027487
11.01,-1000000.0,10685110.0,49.988184384933874
11.02,-1000000.0,10685120.0,49.9881960433979
11.03,-1000000.0,10685130.0,49.98820862667135
11.04,-1000000.0,10685150.0,49.98822006886679
11.05,-1000000.0,10685190.0,49.98822844627014
11.06,-1000000.0,10685230.0,49.98823220033428
11.07,-1000000.0,10685290.0,49.98823028480695
11.08,-1000000.0,10685350.0,49.98822226858978
11.09,-1000000.0,10685430.0,49.98820838863466
11.1,-1000000.0,10685520.0,49.988189531784656
11.11,-1000000.0,10685620.0,49.98816714581277
11.12,-1000000.0,10685720.0,49.98814309163716
11.13,-1000000.0,10685840.0,49.9881194491478
11.14,-1000000.0,10685970.0,49.988098259938816
11.15,-1000000.0,10686110.0,49.988081279781134
11.16,-1000000.0,10686260.0,49.988069810612664
11.17,-1000000.0,10686430.0,49.98806460681577
11.18,-1000000.0,10686600.0,49.988065789917094
11.19,-1000000.0,10686780.0,49.988072802444975
11.2,-1000000.0,10686980.0,49.988084442993205
11.21,-1000000.0,10687180.0,49.98809898527492
11.22,-1000000.0,10687400.0,49.98811436515586
11.23,-1000000.0,10687620.0,49.988128421899496
11.24,-1000000.0,10687860.0,49.988139177299175
11.25,-1000000.0,10688100.0,49.988145067892276
11.26,-1000000.0,10688360.0,49.98814507348948
11.27,-1000000.0,10688630.0,49.988138809730444
11.28,-1000000.0,10688900.0,49.98812658076125
11.29,-1000000.0,10689190.0,49.98810936081476
11.3,-1000000.0,10689490.0,49.98808870002917
11.31,-1000000.0,10689800.0,49.98806656848831
11.32,-1000000.0,10690120.0,49.98804514332097
11.33,-1000000.0,10690450.0,49.98802652997444
11.34,-1000000.0,10690790.0,49.98801250428121
11.35,-1000000.0,10691140.0,49.988004350489405
11.36,-1000000.0,10691500.0,49.98800277991761
11.37,-1000000.0,10691860.0,49.98800785035311
11.38,-1000000.0,10692240.0,49.988018918635106
11.39,-1000000.0,10692630.0,49.988034676912875
11.4,-1000000.0,10693030.0,49.98805327909197
11.41,-1000000.0,10693440.0,49.98807253907537
11.42,-1000000.0,10693860.0,49.988090201591014
11.43,-1000000.0,10694290.0,49.98810424054293
11.44,-1000000.0,10694730.0,49.98811309238176
11.45,-1000000.0,10695180.0,49.98811577230413
11.46,-1000000.0,10695630.0,49.98811195168667
11.47,-1000000.0,10696100.0,49.98810200935455
11.48,-1000000.0,10696580.0,49.988087012847295
11.49,-1000000.0,10697060.0,49.988068619651855
11.5,-1000000.0,10697560.0,49.98804891323926
11.51,-1000000.0,10698060.0,49.9880301644579
11.52,-1000000.0,10698570.0,49.98801453452691
11.53,-1000000.0,10699100.0,49.98800381378676
11.54,-1000000.0,10699630.0,49.98799926463028
11.55,-1000000.0,10700170.0,49.988001551158725
11.56,-1000000.0,10700720.0,49.988010663410435
11.57,-1000000.0,10701270.0,49.9880258682821
11.58,-1000000.0,10701840.0,49.98804574714645
11.59,-1000000.0,10702410.0,49.98806833010438
11.6,-1000000.0,10703000.0,49.98809130814103
11.61,-1000000.0,10703590.0,49.98811233553171
11.62,-1000000.0,10704190.0,49.9881293454675
11.63,-1000000.0,10704800.0,49.98814078042999
11.64,-1000000.0,10705410.0,49.98814569941518
11.65,-1000000.0,10706040.0,49.98814384046252
11.66,-1000000.0,10706670.0,49.98813566646473
11.67,-1000000.0,10707310.0,49.98812234719491
11.68,-1000000.0,10707960.0,49.98810565605942
11.69,-1000000.0,10708610.0,49.988087797509515
11.7,-1000000.0,10709280.0,49.98807114158236
11.71,-1000000.0,10709950.0,49.98805790836174
11.72,-1000000.0,10710630.0,49.98804990437221
11.73,-1000000.0,10711310.0,49.98804837057245
11.74,-1000000.0,10712000.0,49.98805392028936
11.75,-1000000.0,10712700.0,49.988066471931496
11.76,-1000000.0,10713410.0,49.98808519803832
11.77,-1000000.0,10714120.0,49.98810856505181
11.78,-1000000.0,10714840.0,49.98813447547305
11.79,-1000000.0,10715570.0,49.988160495221436
11.8,-1000000.0,10716300.0,49.988184189273774
11.81,-1000000.0,10717040.0,49.98820345380422
11.82,-1000000.0,10717790.0,49.988216741814675
11.83,-1000000.0,10718540.0,49.98822316144608
11.84,-1000000.0,10719300.0,49.988222523452045
11.85,-1000000.0,10720060.0,49.988215381421874
11.86,-1000000.0,10720830.0,49.98820301438296
11.87,-1000000.0,10721610.0,49.98818731873788
11.88,-1000000.0,10722390.0,49.98817062425494
11.89,-1000000.0,10723180.0,49.988155399132275
11.9,-1000000.0,10723970.0,49.98814391839116
11.91,-1000000.0,10724760.0,49.988138002307586
11.92,-1000000.0,10725570.0,49.98813886785596
11.93,-1000000.0,10726370.0,49.98814707255177
11.94,-1000000.0,10727180.0,49.98816245557464
11.95,-1000000.0,10728000.0,49.98818408916213
11.96,-1000000.0,10728820.0,49.9882103194635
11.97,-1000000.0,10729650.0,49.9882389165888
11.98,-1000000.0,10730480.0,49.988267328292615
11.99,-1000000.0,10731310.0,49.98829304041612
12.0,-1000000.0,10732150.0,49.988313920836525
12.01,-1000000.0,10732990.0,49.988328439893905
12.02,-1000000.0,10733840.0,49.98833576073949
12.03,-1000000.0,10734690.0,49.988335772293304
12.04,-1000000.0,10735540.0,49.98832912418042
12.05,-1000000.0,10736400.0,49.988317210006855
12.06,-1000000.0,10737260.0,49.98830205436392
12.07,-1000000.0,10738120.0,49.98828611695264
12.08,-1000000.0,10738990.0,49.98827196711366
12.09,-1000000.0,10739860.0,49.988261935734016
12.1,-1000000.0,10740730.0,49.98825785597268
12.11,-1000000.0,10741600.0,49.988260918373705
12.12,-1000000.0,10742480.0,49.98827162073815
12.13,-1000000.0,10743360.0,49.988289717588316
12.14,-1000000.0,10744240.0,49.9883141739612
12.15,-1000000.0,10745120.0,49.98834320777727
12.16,-1000000.0,10746010.0,49.98837444852689
12.17,-1000000.0,10746900.0,49.98840522246095
12.18,-1000000.0,10747790.0,49.98843293746059
12.19,-1000000.0,10748680.0,49.98845543392534
12.2,-1000000.0,10749570.0,49.98847120079174
12.21,-1000000.0,10750460.0,49.98847945916181
12.22,-1000000.0,10751360.0,49.98848018113857
12.23,-1000000.0,10752250.0,49.988474117831025
12.24,-1000000.0,10753150.0,49.98846278101777
12.25,-1000000.0,10754040.0,49.98844832598125
12.26,-1000000.0,10754940.0,49.98843333640387
12.27,-1000000.0,10755840.0,49.988420474456255
12.28,-1000000.0,10756740.0,49.988412118902325
12.29,-1000000.0,10757630.0,49.98841010855772
12.3,-1000000.0,10758530.0,49.98841560051362
12.31,-1000000.0,10759430.0,49.988429025664146
12.32,-1000000.0,10760330.0,49.988450046114615
12.33,-1000000.0,10761220.0,49.98847751120921
12.34,-1000000.0,10762120.0,49.98850950170648
12.35,-1000000.0,10763020.0,49.98854349804667
12.36,-1000000.0,10763910.0,49.98857669857609
12.37,-1000000.0,10764800.0,49.98860642959759
12.38,-1000000.0,10765700.0,49.98863050243613
12.39,-1000000.0,10766590.0,49.98864742491944
12.4,-1000000.0,10767480.0,49.98865647799137
12.41,-1000000.0,10768370.0,49.98865772012004
12.42,-1000000.0,10769260.0,49.9886520080394
12.43,-1000000.0,10770140.0,49.98864097635114
12.44,-1000000.0,10771020.0,49.98862691600314
12.45,-1000000.0,10771900.0,49.988612532609096
12.46,-1000000.0,10772780.0,49.98860057465641
12.47,-1000000.0,10773660.0,49.98859346438886
12.48,-1000000.0,10774540.0,49.98859304310279
12.49,-1000000.0,10775410.0,49.98860043166121
12.5,-1000000.0,10776280.0,49.988615991246455
12.51,-1000000.0,10777140.0,49.98863928858071
12.52,-1000000.0,10778000.0,49.988669054138114
12.53,-1000000.0,10778860.0,49.98870322823985
12.54,-1000000.0,10779720.0,49.98873914213249
12.55,-1000000.0,10780580.0,49.98877387196827
12.56,-1000000.0,10781420.0,49.98880467119582
12.57,-1000000.0,10782270.0,49.98882932894028
12.58,-1000000.0,10783110.0,49.988846378791266
12.59,-1000000.0,10783950.0,49.988855168785165
12.6,-1000000.0,10784790.0,49.98885585148455
12.61,-1000000.0,10785620.0,49.988849397526536
12.62,-1000000.0,10786440.0,49.9888375731306
12.63,-1000000.0,10787260.0,49.98882281385566
12.64,-1000000.0,10788080.0,49.98880795499862
12.65,-1000000.0,10788890.0,49.98879583716281
12.66,-1000000.0,10789700.0,49.98878892988987
12.67,-1000000.0,10790500.0,49.98878907896863
12.68,-1000000.0,10791300.0,49.988797369451916
12.69,-1000000.0,10792090.0,49.98881409185738
12.7,-1000000.0,10792880.0,49.98883871532854
12.71,-1000000.0,10793660.0,49.98886984812058
12.72,-1000000.0,10794440.0,49.98890528586591
12.73,-1000000.0,10795210.0,49.98894220624308
12.74,-1000000.0,10795970.0,49.98897756031215
12.75,-1000000.0,10796730.0,49.98900852801758
12.76,-1000000.0,10797490.0,49.989032877771855
12.77,-1000000.0,10798230.0,49.989049172239625
12.78,-1000000.0,10798970.0,49.98905683111203
12.79,-1000000.0,10799710.0,49.98905610647258
12.8,-1000000.0,10800440.0,49.98904808889668
12.81,-1000000.0,10801160.0,49.989034682548535
12.82,-1000000.0,10801870.0,49.9890184732091
12.83,-1000000.0,10802580.0,49.9890024293448
12.84,-1000000.0,10803280.0,49.98898948468394
12.85,-1000000.0,10803980.0,49.988982155690415
12.86,-1000000.0,10804660.0,49.988982290783625
12.87,-1000000.0,10805340.0,49.98899093592929
12.88,-1000000.0,10806020.0,49.98900830645609
12.89,-1000000.0,10806680.0,49.98903376830067
12.9,-1000000.0,10807340.0,49.98906580078003
12.91,-1000000.0,10807990.0,49.989102047394034
12.92,-1000000.0,10808630.0,49.989139526550126
12.93,-1000000.0,10809270.0,49.98917505987882
12.94,-1000000.0,10809900.0,49.98920575190833
12.95,-1000000.0,10810520.0,49.989229350372824
12.96,-1000000.0,10811130.0,49.98924444887152
12.97,-1000000.0,10811730.0,49.98925054190903
12.98,-1000000.0,10812330.0,49.989247985083374
12.99,-1000000.0,10812910.0,49.98923799349947
13.0,-1000000.0,10813490.0,49.98922261414089
13.01,-1000000.0,10814060.0,49.98920458536131
13.02,-1000000.0,10814630.0,49.98918700598137
13.03,-1000000.0,10815180.0,49.98917289744219
13.04,-1000000.0,10815730.0,49.98916481949489
13.05,-1000000.0,10816260.0,49.98916461960331
13.06,-1000000.0,10816790.0,49.98917330060882
13.07,-1000000.0,10817310.0,49.98919099790098
13.08,-1000000.0,10817820.0,49.98921696860732
13.09,-1000000.0,10818330.0,49.98924955671401
13.1,-1000000.0,10818820.0,49.9892862466776
13.11,-1000000.0,10819300.0,49.98932390398906
13.12,-1000000.0,10819780.0,49.98935923246221
13.13,-1000000.0,10820250.0,49.989389269233016
13.14,-1000000.0,10820700.0,49.98941174695448
13.15,-1000000.0,10821150.0,49.98942529474869
13.16,-1000000.0,10821590.0,49.989429486348406
13.17,-1000000.0,10822020.0,49.989424785275425
13.18,-1000000.0,10822450.0,49.98941253563548
13.19,-1000000.0,10822860.0,49.989394931884824
13.2,-1000000.0,10823260.0,49.98937486939664
13.21,-1000000.0,10823660.0,49.98935558049709
13.22,-1000000.0,10824040.0,49.9893401756174
13.23,-1000000.0,10824420.0,49.98933125729401
13.24,-1000000.0,10824780.0,49.989330669813164
13.25,-1000000.0,10825140.0,49.98933936908659
13.26,-1000000.0,10825490.0,49.98935740525674
13.27,-1000000.0,10825830.0,49.98938391967182
13.28,-1000000.0,10826160.0,49.98941711244734
13.29,-1000000.0,10826480.0,49.98945429945225
13.3,-1000000.0,10826790.0,49.98949218513505
13.31,-1000000.0,10827090.0,49.989527350105384
13.32,-1000000.0,10827390.0,49.989556760612366
13.33,-1000000.0,10827670.0,49.98957813282727
13.34,-1000000.0,10827940.0,49.989590131918725
13.35,-1000000.0,10828210.0,49.989592412802466
13.36,-1000000.0,10828460.0,49.98958554973301
13.37,-1000000.0,10828710.0,49.98957101920003
13.38,-1000000.0,10828950.0,49.989551166882556
13.39,-1000000.0,10829180.0,49.989529048900806
13.4,-1000000.0,10829400.0,49.98950803343948
13.41,-1000000.0,10829610.0,49.98949132018034
13.42,-1000000.0,10829810.0,49.98948155292173
13.43,-1000000.0,10830000.0,49.9894805696902
13.44,-1000000.0,10830190.0,49.98948927492041
13.45,-1000000.0,10830360.0,49.98950762776722
13.46,-1000000.0,10830530.0,49.989534647079786
13.47,-1000000.0,10830680.0,49.989568381526446
13.48,-1000000.0,10830830.0,49.98960597039016
13.49,-1000000.0,10830970.0,49.989643950051935
13.5,-1000000.0,10831100.0,49.98967877316026
13.51,-1000000.0,10831230.0,49.98970733235835
13.52,-1000000.0,10831340.0,49.98972732014913
13.53,-1000000.0,10831440.0,49.989737433928674
13.54,-1000000.0,10831540.0,49.98973740943065
13.55,-1000000.0,10831630.0,49.98972793490976
13.56,-1000000.0,10831710.0,49.989710624862695
13.57,-1000000.0,10831780.0,49.9896879832687
13.58,-1000000.0,10831840.0,49.98966322939091
13.59,-1000000.0,10831900.0,49.989639868440264
13.6,-1000000.0,10831950.0,49.98962119042165
13.61,-1000000.0,10831980.0,49.98960988229568
13.62,-1000000.0,10832020.0,49.98960777726866
13.63,-1000000.0,10832040.0,49.98961572902082
13.64,-1000000.0,10832050.0,49.9896336051946
13.65,-1000000.0,10832060.0,49.98966030010368
13.66,-1000000.0,10832060.0,49.989693708169156
13.67,-1000000.0,10832050.0,49.98973078994923
13.68,-1000000.0,10832040.0,49.989767913456774
13.69,-1000000.0,10832020.0,49.989801405522805
13.7,-1000000.0,10831980.0,49.98982807316465
13.71,-1000000.0,10831950.0,49.989845556744214
13.72,-1000000.0,10831900.0,49.98985255368119
13.73,-1000000.0,10831850.0,49.98984886555277
13.74,-1000000.0,10831790.0,49.989835293566706
13.75,-1000000.0,10831730.0,49.989813597601746
13.76,-1000000.0,10831650.0,49.98978645250757
13.77,-1000000.0,10831580.0,49.9897572458741
13.78,-1000000.0,10831490.0,49.98972962178737
13.79,-1000000.0,10831400.0,49.98970696732577
13.8,-1000000.0,10831300.0,49.989692039340945
13.81,-1000000.0,10831190.0,49.989686702378556
13.82,-1000000.0,10831080.0,49.98969179080281
13.83,-1000000.0,10830960.0,49.98970710186696
13.84,-1000000.0,10830840.0,49.9897314192415
13.85,-1000000.0,10830710.0,49.989762492304166
13.86,-1000000.0,10830580.0,49.9897971127196
13.87,-1000000.0,10830430.0,49.989831493705424
13.88,-1000000.0,10830290.0,49.98986184936854
13.89,-1000000.0,10830140.0,49.98988490112459
13.9,-1000000.0,10829980.0,49.98989822854875
13.91,-1000000.0,10829820.0,49.98990052124244
13.92,-1000000.0,10829650.0,49.98989164357967
13.93,-1000000.0,10829470.0,49.98987251236094
13.94,-1000000.0,10829300.0,49.98984503990435
13.95,-1000000.0,10829110.0,49.98981208124538
13.96,-1000000.0,10828930.0,49.98977720099844
13.97,-1000000.0,10828730.0,49.98974418877478
13.98,-1000000.0,10828540.0,49.98971653953732
13.99,-1000000.0,10828340.0,49.98969709935921
14.0,-1000000.0,10828130.0,49.989687797932234
14.01,-1000000.0,10827920.0,49.98968947451545
14.02,-1000000.0,10827710.0,49.98970186846941
14.03,-1000000.0,10827490.0,49.989723656529726
14.04,-1000000.0,10827270.0,49.98975244083411
14.05,-1000000.0,10827050.0,49.98978483884577
14.06,-1000000.0,10826820.0,49.989816903689125
14.07,-1000000.0,10826590.0,49.98984473025227
14.08,-1000000.0,10826360.0,49.989864945233734
14.09,-1000000.0,10826120.0,49.989875059038575
14.1,-1000000.0,10825880.0,49.989873741781075
14.11,-1000000.0,10825640.0,49.9898609076667
14.12,-1000000.0,10825390.0,49.98983758044674
14.13,-1000000.0,10825140.0,49.989805818536354
14.14,-1000000.0,10824890.0,49.98976865149528
14.15,-1000000.0,10824640.0,49.98972981373386
14.16,-1000000.0,10824380.0,49.98969323088592
14.17,-1000000.0,10824120.0,49.98966250957555
14.18,-1000000.0,10823870.0,49.98964059106743
14.19,-1000000.0,10823600.0,49.98962947224977
14.2,-1000000.0,10823340.0,49.98962999613429
14.21,-1000000.0,10823080.0,49.989641836900134
14.22,-1000000.0,10822810.0,49.98966355223883
14.23,-1000000.0,10822550.0,49.98969258172658
14.24,-1000000.0,10822280.0,49.98972535243029
14.25,-1000000.0,10822010.0,49.98975774370072
14.26,-1000000.0,10821740.0,49.98978570693537
14.27,-1000000.0,10821470.0,49.98980575296621
14.28,-1000000.0,10821200.0,49.989815309558665
14.29,-1000000.0,10820930.0,49.98981301854608
14.3,-1000000.0,10820660.0,49.98979883534166
14.31,-1000000.0,10820380.0,49.98977388425274
14.32,-1000000.0,10820110.0,49.98974036397064
14.33,-1000000.0,10819840.0,49.9897014723851
14.34,-1000000.0,10819570.0,49.989661105997065
14.35,-1000000.0,10819300.0,49.989623317793
14.36,-1000000.0,10819020.0,49.98959182010454
14.37,-1000000.0,10818760.0,49.989569645876315
14.38,-1000000.0,10818480.0,49.98955885387307
14.39,-1000000.0,10818220.0,49.98956028795203
14.4,-1000000.0,10817950.0,49.989573555299735
14.41,-1000000.0,10817680.0,49.98959708892002
14.42,-1000000.0,10817420.0,49.989628158439736
14.43,-1000000.0,10817150.0,49.98966299365663
14.44,-1000000.0,10816890.0,49.98969729668686
14.45,-1000000.0,10816630.0,49.98972687047432
14.46,-1000000.0,10816370.0,49.98974810410563
14.47,-1000000.0,10816120.0,49.98975834397629
14.48,-1000000.0,10815860.0,49.989756208703795
14.49,-1000000.0,10815610.0,49.98974170041032
14.5,-1000000.0,10815360.0,49.989716048478506
14.51,-1000000.0,10815110.0,49.989681596390525
14.52,-1000000.0,10814860.0,49.989641712342674
14.53,-1000000.0,10814620.0,49.989600452234775
14.54,-1000000.0,10814380.0,49.98956199400733
14.55,-1000000.0,10814140.0,49.98953015946942
14.56,-1000000.0,10813910.0,49.98950807774314
14.57,-1000000.0,10813680.0,49.98949786811672
14.58,-1000000.0,10813450.0,49.98950037239049
14.59,-1000000.0,10813230.0,49.98951512852857
14.6,-1000000.0,10813010.0,49.989540443513114
14.61,-1000000.0,10812790.0,49.98957341673106
14.62,-1000000.0,10812580.0,49.989610091324984
14.63,-1000000.0,10812370.0,49.989646006503506
14.64,-1000000.0,10812160.0,49.98967682967622
14.65,-1000000.0,10811960.0,49.98969883986641
14.66,-1000000.0,10811760.0,49.989709315189344
14.67,-1000000.0,10811570.0,49.9897068639347
14.68,-1000000.0,10811380.0,49.989691545445936
14.69,-1000000.0,10811200.0,49.989664702354716
14.7,-1000000.0,10811020.0,49.98962883106361
14.71,-1000000.0,10810850.0,49.989587475464695
14.72,-1000000.0,10810680.0,49.9895448505854
14.73,-1000000.0,10810510.0,49.9895052570645
14.74,-1000000.0,10810360.0,49.989472623675866
14.75,-1000000.0,10810200.0,49.989450172188235
14.76,-1000000.0,10810050.0,49.98944007742965
14.77,-1000000.0,10809910.0,49.989443174565224
14.78,-1000000.0,10809770.0,49.989458929703446
14.79,-1000000.0,10809640.0,49.98948552236211
14.8,-1000000.0,10809510.0,49.98951988118332
14.81,-1000000.0,10809390.0,49.98955787254284
14.82,-1000000.0,10809280.0,49.98959488601712
14.83,-1000000.0,10809170.0,49.98962646049732
14.84,-1000000.0,10809070.0,49.98964877025953
14.85,-1000000.0,10808970.0,49.989659034829245
14.86,-1000000.0,10808880.0,49.989655862122554
14.87,-1000000.0,10808800.0,49.98963937576045
14.88,-1000000.0,10808720.0,49.98961103702771
14.89,-1000000.0,10808650.0,49.98957350099959
14.9,-1000000.0,10808580.0,49.98953049165223
14.91,-1000000.0,10808530.0,49.98948638436915
14.92,-1000000.0,10808480.0,49.989445616422955
14.93,-1000000.0,10808430.0,49.98941223732097
14.94,-1000000.0,10808390.0,49.989389566901174
14.95,-1000000.0,10808360.0,49.98937983335854
14.96,-1000000.0,10808340.0,49.9893838601967
14.97,-1000000.0,10808320.0,49.98940103573735
14.98,-1000000.0,10808320.0,49.989429405547305
14.99,-1000000.0,10808320.0,49.989465720604656
15.0,-1000000.0,10808320.0,49.98950566572411
15.01,-1000000.0,10808330.0,49.98954447976294
15.02,-1000000.0,10808360.0,49.98957757553554
15.03,-1000000.0,10808380.0,49.98960102776725
15.04,-1000000.0,10808420.0,49.989612004468064
15.05,-1000000.0,10808460.0,49.989609120751375
15.06,-1000000.0,10808510.0,49.98959256927363
15.07,-1000000.0,10808570.0,49.98956393179008
15.08,-1000000.0,10808640.0,49.98952602061051
15.09,-1000000.0,10808720.0,49.989482735194954
15.1,-1000000.0,10808800.0,49.9894386023959
15.11,-1000000.0,10808890.0,49.989398187246856
15.12,-1000000.0,10808990.0,49.9893656523676
15.13,-1000000.0,10809090.0,49.98934440372601
15.14,-1000000.0,10809210.0,49.98933670845983
15.15,-1000000.0,10809330.0,49.98934336659979
15.16,-1000000.0,10809460.0,49.98936367700805
15.17,-1000000.0,10809600.0,49.9893955395368
15.18,-1000000.0,10809750.0,49.98943551532075
15.19,-1000000.0,10809910.0,49.98947909891405
15.2,-1000000.0,10810070.0,49.9895213676701
15.21,-1000000.0,10810240.0,49.98955760308944
15.22,-1000000.0,10810420.0,49.98958377981532
15.23,-1000000.0,10810610.0,49.989597018302625
15.24,-1000000.0,10810810.0,49.989595947002904
15.25,-1000000.0,10811020.0,49.98958083205969
15.26,-1000000.0,10811230.0,49.98955337719541
15.27,-1000000.0,10811460.0,49.989516550848734
15.28,-1000000.0,10811690.0,49.9894744241732
15.29,-1000000.0,10811930.0,49.989431668112374
15.3,-1000000.0,10812180.0,49.98939296559382
15.31,-1000000.0,10812430.0,49.98936258108519
15.32,-1000000.0,10812700.0,49.98934399422533
15.33,-1000000.0,10812970.0,49.98933949771757
15.34,-1000000.0,10813260.0,49.98934985529211
15.35,-1000000.0,10813550.0,49.98937426586145
15.36,-1000000.0,10813850.0,49.989410473918724
15.37,-1000000.0,10814160.0,49.98945484302112
15.38,-1000000.0,10814470.0,49.98950267511727
15.39,-1000000.0,10814800.0,49.989548876265324
15.4,-1000000.0,10815130.0,49.98958858574717
15.41,-1000000.0,10815480.0,49.98961767859573
15.42,-1000000.0,10815830.0,49.98963323543406
15.43,-1000000.0,10816190.0,49.989633909453666
15.44,-1000000.0,10816550.0,49.98962005140154
15.45,-1000000.0,10816930.0,49.989593496895566
15.46,-1000000.0,10817320.0,49.989557378973004
15.47,-1000000.0,10817710.0,49.98951594280936
15.48,-1000000.0,10818110.0,49.9894740066074
15.49,-1000000.0,10818520.0,49.9894363784813
15.5,-1000000.0,10818940.0,49.989407432446555
15.51,-1000000.0,10819370.0,49.989390722118
15.52,-1000000.0,10819800.0,49.98938856253034
15.53,-1000000.0,10820250.0,49.989401678528914
15.54,-1000000.0,10820700.0,49.98942917052736
15.55,-1000000.0,10821160.0,49.98946862991612
15.56,-1000000.0,10821630.0,49.98951622806608
15.57,-1000000.0,10822100.0,49.98956708498905
15.58,-1000000.0,10822590.0,49.98961595021832
15.59,-1000000.0,10823080.0,49.98965783686008
15.6,-1000000.0,10823580.0,49.98968853772402
15.61,-1000000.0,10824090.0,49.98970511153552
15.62,-1000000.0,10824610.0,49.98970625347989
15.63,-1000000.0,10825130.0,49.989692412760114
15.64,-1000000.0,10825660.0,49.98966556761514
15.65,-1000000.0,10826200.0,49.98962902408323
15.66,-1000000.0,10826750.0,49.98958719256633
15.67,-1000000.0,10827300.0,49.98954502140971
15.68,-1000000.0,10827870.0,49.989507431083055
15.69,-1000000.0,10828440.0,49.98947889524202
15.7,-1000000.0,10829020.0,49.98946303258564
15.71,-1000000.0,10829600.0,49.989462172104986
15.72,-1000000.0,10830190.0,49.989476992354824
15.73,-1000000.0,10830790.0,49.98950649096263
15.74,-1000000.0,10831400.0,49.989548104842676
15.75,-1000000.0,10832010.0,49.989597817469736
15.76,-1000000.0,10832630.0,49.98965058031683
15.77,-1000000.0,10833260.0,49.989701004740645
15.78,-1000000.0,10833890.0,49.98974399478032
15.79,-1000000.0,10834540.0,49.989775278259884
15.8,-1000000.0,10835180.0,49.98979190899493
15.81,-1000000.0,10835840.0,49.989792639973615
15.82,-1000000.0,10836500.0,49.98977803101248
15.83,-1000000.0,10837170.0,49.98975021154546
15.84,-1000000.0,10837840.0,49.989712666322944
15.85,-1000000.0,10838520.0,49.98966997278436
15.86,-1000000.0,10839210.0,49.98962720697647
15.87,-1000000.0,10839900.0,49.98958939629814
15.88,-1000000.0,10840600.0,49.98956110652084
15.89,-1000000.0,10841300.0,49.989546011857676
15.9,-1000000.0,10842020.0,49.989546444044265
15.91,-1000000.0,10842730.0,49.9895630235037
15.92,-1000000.0,10843450.0,49.98959463514532
15.93,-1000000.0,10844180.0,49.98963855309515
15.94,-1000000.0,10844910.0,49.989690566334524
15.95,-1000000.0,10845650.0,49.989745452776354
15.96,-1000000.0,10846400.0,49.98979768111622
15.97,-1000000.0,10847140.0,49.98984204443036
15.98,-1000000.0,10847900.0,49.98987421081048
15.99,-1000000.0,10848660.0,49.98989123786377
16.0,-1000000.0,10849420.0,49.98989194626914
16.01,-1000000.0,10850190.0,49.98987701387292
16.02,-1000000.0,10850960.0,49.989848725440346
16.03,-1000000.0,10851740.0,49.989810745647674
16.04,-1000000.0,10852520.0,49.98976781644284
16.05,-1000000.0,10853300.0,49.98972514839577
16.06,-1000000.0,10854090.0,49.98968788064423
16.07,-1000000.0,10854890.0,49.9896606699193
16.08,-1000000.0,10855680.0,49.98964723823601
16.09,-1000000.0,10856490.0,49.989649907929376
16.1,-1000000.0,10857290.0,49.989669226950035
16.11,-1000000.0,10858100.0,49.98970395394791
16.12,-1000000.0,10858910.0,49.98975118779202
16.13,-1000000.0,10859730.0,49.989806512270135
16.14,-1000000.0,10860550.0,49.98986452415494
16.15,-1000000.0,10861370.0,49.98991954457219
16.16,-1000000.0,10862190.0,49.98996625458075
16.17,-1000000.0,10863020.0,49.990000266957054
16.18,-1000000.0,10863850.0,49.990018650224364
16.19,-1000000.0,10864680.0,49.990020300472
16.2,-1000000.0,10865520.0,49.99000601820939
16.21,-1000000.0,10866350.0,49.98997824454827
16.22,-1000000.0,10867190.0,49.98994082212664
16.23,-1000000.0,10868030.0,49.989898651914935
16.24,-1000000.0,10868880.0,49.989857079782254
16.25,-1000000.0,10869720.0,49.989821360125816
16.26,-1000000.0,10870570.0,49.98979623618233
16.27,-1000000.0,10871410.0,49.989785467809334
16.28,-1000000.0,10872260.0,49.989791354426174
16.29,-1000000.0,10873110.0,49.989814356604384
16.3,-1000000.0,10873960.0,49.98985309355658
16.31,-1000000.0,10874820.0,49.989904477817326
16.32,-1000000.0,10875670.0,49.98996387945272
16.33,-1000000.0,10876520.0,49.99002571052006
16.34,-1000000.0,10877370.0,49.990084146160015
16.35,-1000000.0,10878230.0,49.990133761094256
16.36,-1000000.0,10879080.0,49.99017012141272
16.37,-1000000.0,10879940.0,49.99019031650149
16.38,-1000000.0,10880790.0,49.99019332744769
16.39,-1000000.0,10881640.0,49.990180083645264
16.4,-1000000.0,10882500.0,49.99015318531004
16.41,-1000000.0,10883350.0,49.990116653210265
16.42,-1000000.0,10884200.0,49.990075544299486
16.43,-1000000.0,10885060.0,49.99003533372823
16.44,-1000000.0,10885900.0,49.99000138292416
16.45,-1000000.0,10886750.0,49.98997851143971
16.46,-1000000.0,10887600.0,49.989970505149884
16.47,-1000000.0,10888450.0,49.98997962760625
16.48,-1000000.0,10889290.0,49.990006239197996
16.49,-1000000.0,10890140.0,49.990048810198026
16.5,-1000000.0,10890980.0,49.99010406064209
16.51,-1000000.0,10891820.0,49.99016714613762
16.52,-1000000.0,10892660.0,49.990232298344075
16.53,-1000000.0,10893490.0,49.99029355508851
16.54,-1000000.0,10894320.0,49.99034539617004
16.55,-1000000.0,10895160.0,49.99038335442857
16.56,-1000000.0,10895980.0,49.99040455441234
16.57,-1000000.0,10896810.0,49.99040807595467
16.58,-1000000.0,10897630.0,49.9903949878182
16.59,-1000000.0,10898450.0,49.990368056954594
16.6,-1000000.0,10899270.0,49.99033148448223
16.61,-1000000.0,10900080.0,49.99029047765138
16.62,-1000000.0,10900890.0,49.990250630590765
16.63,-1000000.0,10901690.0,49.99021740371674
16.64,-1000000.0,10902500.0,49.99019568486736
16.65,-1000000.0,10903290.0,49.990189277139194
16.66,-1000000.0,10904090.0,49.9902003988794
16.67,-1000000.0,10904880.0,49.99022930146538
16.68,-1000000.0,10905660.0,49.99027430070792
16.69,-1000000.0,10906450.0,49.99033192233251
16.7,-1000000.0,10907220.0,49.99039712976211
16.71,-1000000.0,10908000.0,49.99046398935555
16.72,-1000000.0,10908760.0,49.99052640918377
16.73,-1000000.0,10909530.0,49.99057878319675
16.74,-1000000.0,10910290.0,49.990616623566865
16.75,-1000000.0,10911040.0,49.99063710438851
16.76,-1000000.0,10911790.0,49.9906394187104
16.77,-1000000.0,10912530.0,49.99062478684726
16.78,-1000000.0,10913270.0,49.99059615252074
16.79,-1000000.0,10914000.0,49.99055790413202
16.8,-1000000.0,10914730.0,49.99051540496166
16.81,-1000000.0,10915450.0,49.990474375533
16.82,-1000000.0,10916160.0,49.990440382519765
16.83,-1000000.0,10916870.0,49.99041838133744
16.84,-1000000.0,10917580.0,49.990412186948355
16.85,-1000000.0,10918280.0,49.990423963942405
16.86,-1000000.0,10918970.0,49.990453845965206
16.87,-1000000.0,10919650.0,49.990499989272195
16.88,-1000000.0,10920330.0,49.99055872242526
16.89,-1000000.0,10921000.0,49.99062481720884
16.9,-1000000.0,10921670.0,49.99069217402735
16.91,-1000000.0,10922330.0,49.990754570522455
16.92,-1000000.0,10922980.0,49.99080632127599
16.93,-1000000.0,10923630.0,49.99084292836043
16.94,-1000000.0,10924270.0,49.990861627595095
16.95,-1000000.0,10924900.0,49.99086173697653
16.96,-1000000.0,10925530.0,49.99084463627552
16.97,-1000000.0,10926140.0,49.99081345007732
16.98,-1000000.0,10926760.0,49.99077275513201
16.99,-1000000.0,10927360.0,49.99072806926384
17.0,-1000000.0,10927960.0,49.990685236668604
17.01,-1000000.0,10928550.0,49.99064992528581
17.02,-1000000.0,10929130.0,49.990627148871575
17.03,-1000000.0,10929700.0,49.990620722113015
17.04,-1000000.0,10930270.0,49.990632741973926
17.05,-1000000.0,10930830.0,49.99066321220557
17.06,-1000000.0,10931380.0,49.99071012171707
17.07,-1000000.0,10931930.0,49.99076959566246
17.08,-1000000.0,10932460.0,49.99083621203499
17.09,-1000000.0,10932990.0,49.99090370795696
17.1,-1000000.0,10933510.0,49.99096573754017
17.11,-1000000.0,10934030.0,49.9910165461117
17.12,-1000000.0,10934530.0,49.99105163764531
17.13,-1000000.0,10935030.0,49.99106832180753
17.14,-1000000.0,10935520.0,49.9910660519779
17.15,-1000000.0,10936000.0,49.99104637447234
17.16,-1000000.0,10936470.0,49.99101259913707
17.17,-1000000.0,10936940.0,49.99096949241089
17.18,-1000000.0,10937390.0,49.99092272208309
17.19,-1000000.0,10937840.0,49.990878247275894
17.2,-1000000.0,10938280.0,49.99084182563301
17.21,-1000000.0,10938710.0,49.990818515219914
17.22,-1000000.0,10939140.0,49.99081211457141
17.23,-1000000.0,10939550.0,49.990824636350574
17.24,-1000000.0,10939960.0,49.990855940431096
17.25,-1000000.0,10940360.0,49.99090382810403
17.26,-1000000.0,10940750.0,49.99096419957509
17.27,-1000000.0,10941130.0,49.99103142828735
17.28,-1000000.0,10941500.0,49.99109908660516
17.29,-1000000.0,10941870.0,49.991160710739166
17.3,-1000000.0,10942220.0,49.991210487258535
17.31,-1000000.0,10942570.0,49.99124393520122
17.32,-1000000.0,10942910.0,49.99125845158781
17.33,-1000000.0,10943240.0,49.99125363610154
17.34,-1000000.0,10943560.0,49.991231208624896
17.35,-1000000.0,10943870.0,49.99119466998426
17.36,-1000000.0,10944180.0,49.99114898069415
17.37,-1000000.0,10944480.0,49.99109995675832
17.38,-1000000.0,10944760.0,49.9910536661704
17.39,-1000000.0,10945040.0,49.99101594738514
17.4,-1000000.0,10945310.0,49.99099189155739
17.41,-1000000.0,10945580.0,49.990985268247876
17.42,-1000000.0,10945830.0,49.990997992462916
17.43,-1000000.0,10946070.0,49.99102977298123
17.44,-1000000.0,10946310.0,49.991078213918655
17.45,-1000000.0,10946540.0,49.99113898551807
17.46,-1000000.0,10946760.0,49.991206253729494
17.47,-1000000.0,10946970.0,49.99127342580125
17.48,-1000000.0,10947170.0,49.991333923620196
17.49,-1000000.0,10947360.0,49.99138188616717
17.5,-1000000.0,10947550.0,49.99141286223654
17.51,-1000000.0,10947730.0,49.99142435182545
17.52,-1000000.0,10947900.0,49.99141611416172
17.53,-1000000.0,10948060.0,49.99139005020115
17.54,-1000000.0,10948210.0,49.99134985581628
17.55,-1000000.0,10948350.0,49.99130067497127
17.56,-1000000.0,10948490.0,49.991248475006245
17.57,-1000000.0,10948620.0,49.99119944081166
17.58,-1000000.0,10948740.0,49.991159495095566
17.59,-1000000.0,10948850.0,49.991133759578496
17.6,-1000000.0,10948950.0,49.99112596830759
17.61,-1000000.0,10949040.0,49.99113793004806
17.62,-1000000.0,10949130.0,49.9911691956077
17.63,-1000000.0,10949210.0,49.99121716830924
17.64,-1000000.0,10949280.0,49.99127729326583
17.65,-1000000.0,10949340.0,49.99134354257059
17.66,-1000000.0,10949400.0,49.99140917401022
17.67,-1000000.0,10949450.0,49.99146750697841
17.68,-1000000.0,10949490.0,49.99151264792354
17.69,-1000000.0,10949520.0,49.9915401912389
17.7,-1000000.0,10949540.0,49.991547754814505
17.71,-1000000.0,10949560.0,49.991535269710816
17.72,-1000000.0,10949570.0,49.99150482538751
17.73,-1000000.0,10949570.0,49.99146031654392
17.74,-1000000.0,10949560.0,49.991407059688825
17.75,-1000000.0,10949550.0,49.99135116194149
17.76,-1000000.0,10949530.0,49.99129892045009
17.77,-1000000.0,10949500.0,49.991256334986915
17.78,-1000000.0,10949470.0,49.99122854876838
17.79,-1000000.0,10949420.0,49.99121924982518
17.8,-1000000.0,10949380.0,49.99123012954498
17.81,-1000000.0,10949320.0,49.99126057219323
17.82,-1000000.0,10949260.0,49.99130777480848
17.83,-1000000.0,10949190.0,49.99136695592888
17.84,-1000000.0,10949110.0,49.99143189851033
17.85,-1000000.0,10949030.0,49.99149572025805
17.86,-1000000.0,10948940.0,49.9915516497555
17.87,-1000000.0,10948840.0,49.99159377433159
17.88,-1000000.0,10948740.0,49.99161774775218
17.89,-1000000.0,10948630.0,49.991621318452914
17.9,-1000000.0,10948520.0,49.99160459921618
17.91,-1000000.0,10948400.0,49.9915698727318
17.92,-1000000.0,10948270.0,49.99152123334768
17.93,-1000000.0,10948130.0,49.99152123334768
17.94,-1000000.0,10948000.0,49.9914641636368
17.95,-1000000.0,10947850.0,49.99140490227441
17.96,-1000000.0,10947700.0,49.991349852490444
17.97,-1000000.0,10947540.0,49.99130508280499
17.98,-1000000.0,10947380.0,49.99127574737724
17.99,-1000000.0,10947210.0,49.99126547571218
18.0,-1000000.0,10947040.0,49.99127582833314
18.01,-1000000.0,10946860.0,49.99130601156985
18.02,-1000000.0,10946680.0,49.991353007330574
18.03,-1000000.0,10946490.0,49.991411801693154
18.04,-1000000.0,10946300.0,49.99147598731107
18.05,-1000000.0,10946100.0,49.99153854558999
18.06,-1000000.0,10945900.0,49.991592621841136
18.07,-1000000.0,10945690.0,49.99163229443599
18.08,-1000000.0,10945480.0,49.991653287728475
18.09,-1000000.0,10945260.0,49.991653491274754
18.1,-1000000.0,10945040.0,49.991633207850384
18.11,-1000000.0,10944810.0,49.99159491698347
18.12,-1000000.0,10944580.0,49.99154291253235
18.13,-1000000.0,10944350.0,49.99148284787085
18.14,-1000000.0,10944110.0,49.99142109318458
18.15,-1000000.0,10943870.0,49.9913641474524
18.16,-1000000.0,10943620.0,49.9913181361484
18.17,-1000000.0,10943380.0,49.99128821090339
18.18,-1000000.0,10943120.0,49.99127792784383
18.19,-1000000.0,10942870.0,49.99128870115267
18.2,-1000000.0,10942610.0,49.991319546070855
18.21,-1000000.0,10942350.0,49.99136721906397
18.22,-1000000.0,10942080.0,49.991426466729536
18.23,-1000000.0,10941810.0,49.99149067928714
18.24,-1000000.0,10941540.0,49.99155269490047
18.25,-1000000.0,10941270.0,49.9916055756929
18.26,-1000000.0,10940990.0,49.99164339748706
18.27,-1000000.0,10940720.0,49.991661964995394
18.28,-1000000.0,10940430.0,49.99165931954692
18.29,-1000000.0,10940150.0,49.99163596336915
18.3,-1000000.0,10939860.0,49.991594578590224
18.31,-1000000.0,10939580.0,49.99153966156524
18.32,-1000000.0,10939290.0,49.99147703591537
18.33,-1000000.0,10939000.0,49.99141320516765
18.34,-1000000.0,10938700.0,49.99135476896301
18.35,-1000000.0,10938410.0,49.991307908270684
18.36,-1000000.0,10938110.0,49.99127776638943
18.37,-1000000.0,10937810.0,49.99126781701921
18.38,-1000000.0,10937520.0,49.991279317329344
18.39,-1000000.0,10937220.0,49.99131108277272
18.4,-1000000.0,10936920.0,49.99135963876972
18.41,-1000000.0,10936610.0,49.99141949043063
18.42,-1000000.0,10936310.0,49.99148381064346
18.43,-1000000.0,10936010.0,49.991545277835584
18.44,-1000000.0,10935700.0,49.991596867913564
18.45,-1000000.0,10935400.0,49.991632660365156
18.46,-1000000.0,10935100.0,49.991648551470114
18.47,-1000000.0,10934790.0,49.99164274732145
18.48,-1000000.0,10934490.0,49.99161596186699
18.49,-1000000.0,10934180.0,49.99157109480593
18.5,-1000000.0,10933880.0,49.99151285934178
18.51,-1000000.0,10933580.0,49.9914472567023
18.52,-1000000.0,10933270.0,49.99138093024743
18.53,-1000000.0,10932970.0,49.991320587169525
18.54,-1000000.0,10932670.0,49.99127246402064
18.55,-1000000.0,10932370.0,49.991241691586744
18.56,-1000000.0,10932070.0,49.99123165414069
18.57,-1000000.0,10931770.0,49.99124344358129
18.58,-1000000.0,10931470.0,49.991275667384485
18.59,-1000000.0,10931170.0,49.991324612038404
18.6,-1000000.0,10930880.0,49.991384560684324
18.61,-1000000.0,10930580.0,49.99144850187135
18.62,-1000000.0,10930290.0,49.991508982432485
18.63,-1000000.0,10930000.0,49.991558915351995
18.64,-1000000.0,10929710.0,49.99159240367404
18.65,-1000000.0,10929430.0,49.991605451927725
18.66,-1000000.0,10929140.0,49.99159644412328
18.67,-1000000.0,10928860.0,49.99156631493776
18.68,-1000000.0,10928580.0,49.9915182017572
18.69,-1000000.0,10928300.0,49.99145704828433
18.7,-1000000.0,10928030.0,49.9913890326736
18.71,-1000000.0,10927750.0,49.99132092790455
18.72,-1000000.0,10927480.0,49.99125953724432
18.73,-1000000.0,10927220.0,49.9912111387865
18.74,-1000000.0,10926950.0,49.99118083443204
18.75,-1000000.0,10926690.0,49.99117190105279
18.76,-1000000.0,10926430.0,49.99118524716846
18.77,-1000000.0,10926180.0,49.991219254868
18.78,-1000000.0,10925930.0,49.99126995390515
18.79,-1000000.0,10925680.0,49.99133139605959
18.8,-1000000.0,10925440.0,49.99139638660522
18.81,-1000000.0,10925200.0,49.99145734639331
18.82,-1000000.0,10924960.0,49.99150713422673
18.83,-1000000.0,10924730.0,49.99153988679958
18.84,-1000000.0,10924500.0,49.9915517263647
18.85,-1000000.0,10924270.0,49.99154122191952
18.86,-1000000.0,10924050.0,49.991509531495794
18.87,-1000000.0,10923840.0,49.99146002693978
18.88,-1000000.0,10923630.0,49.99139787446191
18.89,-1000000.0,10923420.0,49.99132941698485
18.9,-1000000.0,10923220.0,49.991261542135376
18.91,-1000000.0,10923020.0,49.99120113257321
18.92,-1000000.0,10922820.0,49.991154489468414
18.93,-1000000.0,10922640.0,49.99112666595646
18.94,-1000000.0,10922450.0,49.99112081122672
18.95,-1000000.0,10922280.0,49.99113763344294
18.96,-1000000.0,10922100.0,49.99117527913274
18.97,-1000000.0,10921930.0,49.99122951614771
18.98,-1000000.0,10921770.0,49.99129416207215
18.99,-1000000.0,10921620.0,49.99136184118893
19.0,-1000000.0,10921460.0,49.99142485558928
19.01,-1000000.0,10921320.0,49.99147602053844
19.02,-1000000.0,10921180.0,49.991509518335505
19.03,-1000000.0,10921040.0,49.9915216000386
19.04,-1000000.0,10920910.0,49.991511027988075
19.05,-1000000.0,10920790.0,49.991479178945
19.06,-1000000.0,10920670.0,49.99142964407305
19.07,-1000000.0,10920560.0,49.99136779903479
19.08,-1000000.0,10920460.0,49.991300143821064
19.09,-1000000.0,10920360.0,49.991233671663885
19.1,-1000000.0,10920260.0,49.991175334321944
19.11,-1000000.0,10920180.0,49.99113144312623
19.12,-1000000.0,10920100.0,49.99110698792097
19.13,-1000000.0,10920020.0,49.99110497554863
19.14,-1000000.0,10919960.0,49.99112590253191
19.15,-1000000.0,10919900.0,49.99116767621759
19.16,-1000000.0,10919840.0,49.99122580503341
19.17,-1000000.0,10919790.0,49.99129387324866
19.18,-1000000.0,10919750.0,49.9913643222797
19.19,-1000000.0,10919720.0,49.99142933593781
19.2,-1000000.0,10919690.0,49.991481697462426
19.21,-1000000.0,10919670.0,49.99151565067271
19.22,-1000000.0,10919660.0,49.991527592129934
19.23,-1000000.0,10919650.0,49.991516492334256
19.24,-1000000.0,10919650.0,49.99148394850907
19.25,-1000000.0,10919660.0,49.99143377065913
19.26,-1000000.0,10919680.0,49.9913715414495
19.27,-1000000.0,10919700.0,49.99130393900498
19.28,-1000000.0,10919730.0,49.991238089348855
19.29,-1000000.0,10919770.0,49.99118102589215
19.3,-1000000.0,10919810.0,49.9911390719926
19.31,-1000000.0,10919860.0,49.991117149501605
19.32,-1000000.0,10919920.0,49.991118115121296
19.33,-1000000.0,10919990.0,49.99114224649259
19.34,-1000000.0,10920060.0,49.99118720942282
19.35,-1000000.0,10920140.0,49.99124825665148
19.36,-1000000.0,10920230.0,49.99131874832424
19.37,-1000000.0,10920320.0,49.99139095628779
19.38,-1000000.0,10920430.0,49.99145696330546
19.39,-1000000.0,10920540.0,49.991509540679765
19.4,-1000000.0,10920660.0,49.99154301394393
19.41,-1000000.0,10920780.0,49.99155394303057
19.42,-1000000.0,10920920.0,49.9915415204551
19.43,-1000000.0,10921060.0,49.991507571065306
19.44,-1000000.0,10921210.0,49.99145612515639
19.45,-1000000.0,10921360.0,49.9913929555659
19.46,-1000000.0,10921530.0,49.99132489524993
19.47,-1000000.0,10921700.0,49.9912591829366
19.48,-1000000.0,10921880.0,49.99120291676281
19.49,-1000000.0,10922070.0,49.991162417013626
19.5,-1000000.0,10922260.0,49.99114252389636
19.51,-1000000.0,10922470.0,49.99114593227251
19.52,-1000000.0,10922680.0,49.99117269251217
19.53,-1000000.0,10922900.0,49.991220226541316
19.54,-1000000.0,10923120.0,49.99128354061485
19.55,-1000000.0,10923360.0,49.991355793399656
19.56,-1000000.0,10923600.0,49.991429116936466
19.57,-1000000.0,10923840.0,49.99149551840105
19.58,-1000000.0,10924100.0,49.99154778054375
19.59,-1000000.0,10924360.0,49.99158033104948
19.6,-1000000.0,10924640.0,49.99158990967527
19.61,-1000000.0,10924920.0,49.99157594247933
19.62,-1000000.0,10925200.0,49.99154048691635
19.63,-1000000.0,10925500.0,49.991487792978106
19.64,-1000000.0,10925800.0,49.99142380235953
19.65,-1000000.0,10926110.0,49.99135547375832
19.66,-1000000.0,10926430.0,49.99129013496357
19.67,-1000000.0,10926750.0,49.99123492954531
19.68,-1000000.0,10927080.0,49.99119615781704
19.69,-1000000.0,10927420.0,49.99117856316635
19.7,-1000000.0,10927770.0,49.99118466535898
19.71,-1000000.0,10928120.0,49.99121427730058
19.72,-1000000.0,10928480.0,49.99126456104026
19.73,-1000000.0,10928850.0,49.99133026115137
19.74,-1000000.0,10929230.0,49.991404334322304
19.75,-1000000.0,10929610.0,49.99147878209552
19.76,-1000000.0,10930000.0,49.991545550126155
19.77,-1000000.0,10930400.0,49.991597449338954
19.78,-1000000.0,10930800.0,49.99162902642348
19.79,-1000000.0,10931210.0,49.99163721565393
19.8,-1000000.0,10931630.0,49.991621687771904
19.81,-1000000.0,10932050.0,49.99158474356884
19.82,-1000000.0,10932480.0,49.9915308669295
19.83,-1000000.0,10932920.0,49.991466180308294
19.84,-1000000.0,10933370.0,49.99139776953638
19.85,-1000000.0,10933820.0,49.99133304736492
19.86,-1000000.0,10934280.0,49.99127919497066
19.87,-1000000.0,10934740.0,49.99124248221559
19.88,-1000000.0,10935210.0,49.991227543482495
19.89,-1000000.0,10935690.0,49.991236710976985
19.9,-1000000.0,10936170.0,49.9912695493828
19.91,-1000000.0,10936660.0,49.99132293850773
19.92,-1000000.0,10937150.0,49.991391342678476
19.93,-1000000.0,10937660.0,49.99146749342522
19.94,-1000000.0,10938160.0,49.99154324788312
19.95,-1000000.0,10938680.0,49.99161048859753
19.96,-1000000.0,10939190.0,49.99166206229645
19.97,-1000000.0,10939720.0,49.991692646580404
19.98,-1000000.0,10940250.0,49.99169938289221
19.99,-1000000.0,10940780.0,49.99168219774966
20.0,-1000000.0,10941320.0,49.99164364251891
20.01,-1000000.0,10941870.0,49.99158843918223
20.02,-1000000.0,10942420.0,49.99152289677051
20.03,-1000000.0,10942980.0,49.9914542378282
20.04,-1000000.0,10943540.0,49.991389969248004
20.05,-1000000.0,10944110.0,49.99133731030179
20.06,-1000000.0,10944680.0,49.99130249604652
20.07,-1000000.0,10945260.0,49.99129004447088
20.08,-1000000.0,10945840.0,49.99130209159707
20.09,-1000000.0,10946420.0,49.991337946863425
20.1,-1000000.0,10947010.0,49.99139420463219
20.11,-1000000.0,10947610.0,49.99146504987625
20.12,-1000000.0,10948210.0,49.991542979217016
20.13,-1000000.0,10948810.0,49.99161969448116
20.14,-1000000.0,10949420.0,49.99168701613468
20.15,-1000000.0,10950030.0,49.99173783519555
20.16,-1000000.0,10950640.0,49.991766972010026
20.17,-1000000.0,10951260.0,49.99177178721706
20.18,-1000000.0,10951890.0,49.99175247333502
20.19,-1000000.0,10952510.0,49.991711838921574
20.2,-1000000.0,10953140.0,49.991654847948034
20.21,-1000000.0,10953780.0,49.991587999718966
20.22,-1000000.0,10954410.0,49.991518658611284
20.23,-1000000.0,10955050.0,49.99145442905931
20.24,-1000000.0,10955690.0,49.991402566532926
20.25,-1000000.0,10956340.0,49.99136926593843
20.26,-1000000.0,10956990.0,49.991358921237484
20.27,-1000000.0,10957640.0,49.99137346387318
20.28,-1000000.0,10958300.0,49.99141195368353
20.29,-1000000.0,10958950.0,49.99147071514689
20.3,-1000000.0,10959610.0,49.99154366536584
20.31,-1000000.0,10960270.0,49.991623077109374
20.32,-1000000.0,10960940.0,49.991700509157965
20.33,-1000000.0,10961600.0,49.99176773326029
20.34,-1000000.0,10962270.0,49.99181769819229
20.35,-1000000.0,10962940.0,49.99184537921033
20.36,-1000000.0,10963610.0,49.991848365726604
20.37,-1000000.0,10964290.0,49.991827117981394
20.38,-1000000.0,10964960.0,49.991784692006654
20.39,-1000000.0,10965640.0,49.991726275035006
20.4,-1000000.0,10966320.0,49.99165853645512
20.41,-1000000.0,10967000.0,49.99158896182102
20.42,-1000000.0,10967680.0,49.991525237874754
20.43,-1000000.0,10968360.0,49.991474642764516
20.44,-1000000.0,10969040.0,49.991443317906516
20.45,-1000000.0,10969730.0,49.99143551964194
20.46,-1000000.0,10970410.0,49.99145296166821
20.47,-1000000.0,10971100.0,49.991494452855626
20.48,-1000000.0,10971780.0,49.991556048183114
20.49,-1000000.0,10972470.0,49.991631433428275
20.5,-1000000.0,10973160.0,49.99171270374737
20.51,-1000000.0,10973840.0,49.99179130914324
20.52,-1000000.0,10974530.0,49.99185899673705
20.53,-1000000.0,10975220.0,49.99190879037033
20.54,-1000000.0,10975910.0,49.99193583210829
20.55,-1000000.0,10976600.0,49.9919379471862
20.56,-1000000.0,10977280.0,49.99191586531248
20.57,-1000000.0,10977970.0,49.991872884888906
20.58,-1000000.0,10978660.0,49.99181440319781
20.59,-1000000.0,10979350.0,49.99174723852137
20.6,-1000000.0,10980030.0,49.991678973907064
20.61,-1000000.0,10980720.0,49.99161735862063
20.62,-1000000.0,10981400.0,49.99156967407959
20.63,-1000000.0,10982090.0,49.991541988062885
20.64,-1000000.0,10982770.0,49.99153839831909
20.65,-1000000.0,10983450.0,49.99156037988759
20.66,-1000000.0,10984130.0,49.99160647304478
20.67,-1000000.0,10984810.0,49.99167244914749
20.68,-1000000.0,10985490.0,49.99175175402402
20.69,-1000000.0,10986160.0,49.991836302771084
20.7,-1000000.0,10986840.0,49.991917439059904
20.71,-1000000.0,10987510.0,49.991986891580595
20.72,-1000000.0,10988190.0,49.992037767223344
20.73,-1000000.0,10988860.0,49.99206538261195
20.74,-1000000.0,10989520.0,49.99206780462803
20.75,-1000000.0,10990190.0,49.99204603495819
20.76,-1000000.0,10990850.0,49.99200362090104
20.77,-1000000.0,10991520.0,49.99194617744515
20.78,-1000000.0,10992180.0,49.991880682672615
20.79,-1000000.0,10992830.0,49.991814823057446
20.8,-1000000.0,10993490.0,49.99175640814944
20.81,-1000000.0,10994140.0,49.99171271256485
20.82,-1000000.0,10994790.0,49.991689714867704
20.83,-1000000.0,10995440.0,49.99169133555121
20.84,-1000000.0,10996080.0,49.99171879179191
20.85,-1000000.0,10996720.0,49.99177033448922
20.86,-1000000.0,10997360.0,49.99184142827193
20.87,-1000000.0,10998000.0,49.99192525374841
20.88,-1000000.0,10998630.0,49.99201352511181
20.89,-1000000.0,10999260.0,49.99209746553973
20.9,-1000000.0,10999880.0,49.992168786493465
20.91,-1000000.0,11000500.0,49.99222068606141
20.92,-1000000.0,11001120.0,49.99224866608444
20.93,-1000000.0,11001740.0,49.99225104513752
20.94,-1000000.0,11002350.0,49.9922291043202
20.95,-1000000.0,11002960.0,49.99218666429322
20.96,-1000000.0,11003560.0,49.99212958159258
20.97,-1000000.0,11004160.0,49.992065029663834
20.98,-1000000.0,11004760.0,49.99200083093081
20.99,-1000000.0,11005350.0,49.99194486907693
21.0,-1000000.0,11005940.0,49.99190441237551
21.01,-1000000.0,11006520.0,49.99188534223079
21.02,-1000000.0,11007100.0,49.99189138952832
21.03,-1000000.0,11007680.0,49.991923500523384
21.04,-1000000.0,11008250.0,49.9919796261955
21.05,-1000000.0,11008820.0,49.99205491708891
21.06,-1000000.0,11009380.0,49.992142287098574
21.07,-1000000.0,11009940.0,49.9922332550968
21.08,-1000000.0,11010490.0,49.992318935005464
21.09,-1000000.0,11011040.0,49.99239103610874
21.1,-1000000.0,11011580.0,49.992442863466394
21.11,-1000000.0,11012120.0,49.992470117985086
21.12,-1000000.0,11012650.0,49.99247138000817
21.13,-1000000.0,11013180.0,49.99244821528838
21.14,-1000000.0,11013700.0,49.992404718520476
21.15,-1000000.0,11014220.0,49.99234698477946
21.16,-1000000.0,11014740.0,49.99228237675063
21.17,-1000000.0,11015240.0,49.99221884364783
21.18,-1000000.0,11015740.0,49.992164331552694
21.19,-1000000.0,11016240.0,49.992126088727574
21.2,-1000000.0,11016730.0,49.992109884749745
21.21,-1000000.0,11017220.0,49.992119246711255
21.22,-1000000.0,11017700.0,49.99215483812986
21.23,-1000000.0,11018180.0,49.99221430401116
21.24,-1000000.0,11018650.0,49.9922924830279
21.25,-1000000.0,11019110.0,49.992382033180625
21.26,-1000000.0,11019570.0,49.992474295492016
21.27,-1000000.0,11020020.0,49.99256029403401
21.28,-1000000.0,11020470.0,49.99263175616343
21.29,-1000000.0,11020910.0,49.99268211284448
21.3,-1000000.0,11021340.0,49.99270727963728
21.31,-1000000.0,11021770.0,49.99270610965078
21.32,-1000000.0,11022200.0,49.9926804556978
21.33,-1000000.0,11022610.0,49.99263468098354
21.34,-1000000.0,11023020.0,49.99257508758206
21.35,-1000000.0,11023430.0,49.99250918815436
21.36,-1000000.0,11023830.0,49.99244502912798
21.37,-1000000.0,11024220.0,49.99239059756051
21.38,-1000000.0,11024610.0,49.99235310519472
21.39,-1000000.0,11024990.0,49.99233819654915
21.4,-1000000.0,11025360.0,49.9923491847492
21.41,-1000000.0,11025730.0,49.992386447289114
21.42,-1000000.0,11026090.0,49.9924473304587
21.43,-1000000.0,11026440.0,49.99252638272559
21.44,-1000000.0,11026790.0,49.992616039890194
21.45,-1000000.0,11027140.0,49.99270750349002
21.46,-1000000.0,11027470.0,49.99279173885905
21.47,-1000000.0,11027800.0,49.992860518572115
21.48,-1000000.0,11028120.0,49.99290742224713
21.49,-1000000.0,11028440.0,49.99292859777961
21.5,-1000000.0,11028750.0,49.99292318334846
21.51,-1000000.0,11029050.0,49.99289330683075
21.52,-1000000.0,11029350.0,49.992843579829646
21.53,-1000000.0,11029640.0,49.99278048630507
21.54,-1000000.0,11029920.0,49.99271166537124
21.55,-1000000.0,11030200.0,49.992645244071475
21.56,-1000000.0,11030470.0,49.99258923826599
21.57,-1000000.0,11030730.0,49.992550813284566
21.58,-1000000.0,11030990.0,49.99253547997884
21.59,-1000000.0,11031240.0,49.992546330354116
21.6,-1000000.0,11031480.0,49.99258345426408
21.61,-1000000.0,11031720.0,49.99264390801666
21.62,-1000000.0,11031950.0,49.99272196565587
21.63,-1000000.0,11032180.0,49.992809839508084
21.64,-1000000.0,11032390.0,49.99289859076987
21.65,-1000000.0,11032600.0,49.99297913390568
21.66,-1000000.0,11032810.0,49.99304330153761
21.67,-1000000.0,11033000.0,49.993084839564226
21.68,-1000000.0,11033200.0,49.993100145501316
21.69,-1000000.0,11033380.0,49.99308865734415
21.7,-1000000.0,11033560.0,49.993052783816744
21.71,-1000000.0,11033730.0,49.99299738822905
21.72,-1000000.0,11033890.0,49.992929143972944
21.73,-1000000.0,11034050.0,49.992855832305274
21.74,-1000000.0,11034200.0,49.99278567701113
21.75,-1000000.0,11034340.0,49.99272672696765
21.76,-1000000.0,11034480.0,49.992686098682675
21.77,-1000000.0,11034610.0,49.99266916252429
21.78,-1000000.0,11034740.0,49.99267878056388
21.79,-1000000.0,11034860.0,49.9927147469675
21.8,-1000000.0,11034970.0,49.99277381043436
21.81,-1000000.0,11035070.0,49.99284995208188
21.82,-1000000.0,11035170.0,49.99293514011177
21.83,-1000000.0,11035260.0,49.99302027951063
21.84,-1000000.0,11035350.0,49.993096234007545
21.85,-1000000.0,11035430.0,49.993154906158765
21.86,-1000000.0,11035500.0,49.9931902222194
21.87,-1000000.0,11035570.0,49.99319884348535
21.88,-1000000.0,11035630.0,49.993180519608835
21.89,-1000000.0,11035690.0,49.993137953730795
21.9,-1000000.0,11035740.0,49.99307628007253
21.91,-1000000.0,11035780.0,49.99300238056331
21.92,-1000000.0,11035820.0,49.99292418714557
21.93,-1000000.0,11035850.0,49.99285002201408
21.94,-1000000.0,11035870.0,49.99278796234717
21.95,-1000000.0,11035890.0,49.9927450666504
21.96,-1000000.0,11035900.0,49.992726552861136
21.97,-1000000.0,11035910.0,49.99273504031444
21.98,-1000000.0,11035910.0,49.992770016479625
21.99,-1000000.0,11035900.0,49.99282789680204
22.0,-1000000.0,11035890.0,49.99290234771749
22.01,-1000000.0,11035880.0,49.992985083934286
22.02,-1000000.0,11035850.0,49.99306685723957
22.03,-1000000.0,11035830.0,49.99313849149928
22.04,-1000000.0,11035790.0,49.99319197404621
22.05,-1000000.0,11035750.0,49.993221426627194
22.06,-1000000.0,11035710.0,49.99322378705488
22.07,-1000000.0,11035660.0,49.993199125417746
22.08,-1000000.0,11035600.0,49.99315044265705
22.09,-1000000.0,11035540.0,49.99308314392933
22.1,-1000000.0,11035480.0,49.993004315948106
22.11,-1000000.0,11035410.0,49.992922034082405
22.12,-1000000.0,11035330.0,49.99284470937796
22.13,-1000000.0,11035250.0,49.99278043551902
22.14,-1000000.0,11035160.0,49.99273619918424
22.15,-1000000.0,11035070.0,49.99271705083576
22.16,-1000000.0,11034980.0,49.992725352347286
22.17,-1000000.0,11034880.0,49.99276027233146
22.18,-1000000.0,11034770.0,49.99281788526558
22.19,-1000000.0,11034660.0,49.992891560647145
22.2,-1000000.0,11034550.0,49.99297278805022
22.21,-1000000.0,11034430.0,49.993052191050545
22.22,-1000000.0,11034300.0,49.99312057482405
22.23,-1000000.0,11034180.0,49.99317002898568
22.24,-1000000.0,11034040.0,49.99319488413492
22.25,-1000000.0,11033910.0,49.99319236324871
22.26,-1000000.0,11033760.0,49.99316286057995
22.27,-1000000.0,11033620.0,49.99310967280935
22.28,-1000000.0,11033470.0,49.99303846114064
22.29,-1000000.0,11033320.0,49.992956487178375
22.3,-1000000.0,11033160.0,49.99287193504197
22.31,-1000000.0,11033000.0,49.992793279875904
22.32,-1000000.0,11032840.0,49.992728610558736
22.33,-1000000.0,11032670.0,49.99268482218049
22.34,-1000000.0,11032500.0,49.992666779031396
22.35,-1000000.0,11032320.0,49.99267656857276
22.36,-1000000.0,11032140.0,49.992713030481845
22.37,-1000000.0,11031960.0,49.992771896237514
22.38,-1000000.0,11031780.0,49.992846256521695
22.39,-1000000.0,11031590.0,49.992927402610974
22.4,-1000000.0,11031400.0,49.993005851943764
22.41,-1000000.0,11031200.0,49.99307241015091
22.42,-1000000.0,11031010.0,49.993119284920155
22.43,-1000000.0,11030810.0,49.993141027417145
22.44,-1000000.0,11030600.0,49.99313515274933
22.45,-1000000.0,11030400.0,49.993102379249535
22.46,-1000000.0,11030190.0,49.99304629057272
22.47,-1000000.0,11029980.0,49.99297278982659
22.48,-1000000.0,11029770.0,49.992889319402934
22.49,-1000000.0,11029550.0,49.992804180595705
22.5,-1000000.0,11029340.0,49.9927259127957
22.51,-1000000.0,11029120.0,49.992662591855215
22.52,-1000000.0,11028900.0,49.99262100729706
22.53,-1000000.0,11028670.0,49.9926058199511
22.54,-1000000.0,11028450.0,49.99261882519326
22.55,-1000000.0,11028220.0,49.99265854095422
22.56,-1000000.0,11027990.0,49.992720372162445
22.57,-1000000.0,11027760.0,49.99279713626449
22.58,-1000000.0,11027530.0,49.99287991921293
22.59,-1000000.0,11027300.0,49.992959123877725
22.6,-1000000.0,11027060.0,49.993025558402245
22.61,-1000000.0,11026830.0,49.99307155396414
22.62,-1000000.0,11026590.0,49.993091887511085
22.63,-1000000.0,11026350.0,49.99308436887118
22.64,-1000000.0,11026120.0,49.993050034742204
22.65,-1000000.0,11025880.0,49.99299273786772
22.66,-1000000.0,11025640.0,49.992918600044334
22.67,-1000000.0,11025400.0,49.992835242029614
22.68,-1000000.0,11025150.0,49.99275108725047
22.69,-1000000.0,11024910.0,49.9926747355832
22.7,-1000000.0,11024670.0,49.992614239257215
22.71,-1000000.0,11024430.0,49.992576267223626
22.72,-1000000.0,11024180.0,49.99256526005087
22.73,-1000000.0,11023940.0,49.992582705169944
22.74,-1000000.0,11023700.0,49.99262679008209
22.75,-1000000.0,11023460.0,49.9926925869563
22.76,-1000000.0,11023220.0,49.992772639265795
22.77,-1000000.0,11022970.0,49.992857835037306
22.78,-1000000.0,11022730.0,49.99293847554897
22.79,-1000000.0,11022490.0,49.99300538718481
22.8,-1000000.0,11022250.0,49.99305104010361
22.81,-1000000.0,11022010.0,49.99307044967808
22.82,-1000000.0,11021770.0,49.993061728631204
22.83,-1000000.0,11021530.0,49.99302623509436
22.84,-1000000.0,11021290.0,49.99296811785388
22.85,-1000000.0,11021060.0,49.992893750982816
22.86,-1000000.0,11020820.0,49.99281094941654
22.87,-1000000.0,11020590.0,49.992728261001304
22.88,-1000000.0,11020360.0,49.99265433922605
22.89,-1000000.0,11020120.0,49.99259719964732
22.9,-1000000.0,11019890.0,49.992563373803776
22.91,-1000000.0,11019660.0,49.992557063945306
22.92,-1000000.0,11019440.0,49.99257943308647
22.93,-1000000.0,11019210.0,49.992628322224
22.94,-1000000.0,11018990.0,49.99269845272191
22.95,-1000000.0,11018770.0,49.99278208182961
22.96,-1000000.0,11018550.0,49.99286990233214
22.97,-1000000.0,11018330.0,49.99295212517806
22.98,-1000000.0,11018120.0,49.99301961071564
22.99,-1000000.0,11017900.0,49.99306498428587
23.0,-1000000.0,11017690.0,49.99308351322404
23.01,-1000000.0,11017480.0,49.99307362224168
23.02,-1000000.0,11017280.0,49.993036994618436
23.03,-1000000.0,11017070.0,49.99297808038279
23.04,-1000000.0,11016870.0,49.99290348965248
23.05,-1000000.0,11016680.0,49.99282120787603
23.06,-1000000.0,11016480.0,49.99273988635339
23.07,-1000000.0,11016290.0,49.992668213848084
23.08,-1000000.0,11016100.0,49.99261415224458
23.09,-1000000.0,11015910.0,49.992584079887095
23.1,-1000000.0,11015730.0,49.99258194710834
23.11,-1000000.0,11015550.0,49.9926085827948
23.12,-1000000.0,11015370.0,49.992661478462246
23.13,-1000000.0,11015200.0,49.99273501689513
23.14,-1000000.0,11015030.0,49.99282119940784
23.15,-1000000.0,11014860.0,49.99291056235787
23.16,-1000000.0,11014700.0,49.99299325817095
23.17,-1000000.0,11014540.0,49.9930602089872
23.18,-1000000.0,11014380.0,49.99310421822556
23.19,-1000000.0,11014230.0,49.99312082231691
23.2,-1000000.0,11014080.0,49.99310876895585
23.21,-1000000.0,11013940.0,49.993070071611214
23.22,-1000000.0,11013800.0,49.99300948198454
23.23,-1000000.0,11013660.0,49.992933820197685
23.24,-1000000.0,11013530.0,49.99285120837747
23.25,-1000000.0,11013400.0,49.992770376849336
23.26,-1000000.0,11013280.0,49.99270003091576
23.27,-1000000.0,11013160.0,49.99264806381149
23.28,-1000000.0,11013040.0,49.9926206883906
23.29,-1000000.0,11012930.0,49.992621593586364
23.3,-1000000.0,11012820.0,49.99265126868212
23.31,-1000000.0,11012720.0,49.992706856896945
23.32,-1000000.0,11012620.0,49.99278241211767
23.33,-1000000.0,11012530.0,49.99286966934848
23.34,-1000000.0,11012440.0,49.99295899866046
23.35,-1000000.0,11012360.0,49.99304049716345
23.36,-1000000.0,11012280.0,49.993105161855816
23.37,-1000000.0,11012200.0,49.99314599107023
23.38,-1000000.0,11012140.0,49.993158806709125
23.39,-1000000.0,11012070.0,49.99314269303488
23.4,-1000000.0,11012010.0,49.99309999898547
23.41,-1000000.0,11011960.0,49.9930357760177
23.42,-1000000.0,11011900.0,49.99295706257067
23.43,-1000000.0,11011860.0,49.99287213716016
23.44,-1000000.0,11011820.0,49.99278982982005
23.45,-1000000.0,11011780.0,49.99271887100401
23.46,-1000000.0,11011750.0,49.992667087626955
23.47,-1000000.0,11011730.0,49.992640525783756
23.48,-1000000.0,11011710.0,49.99264261077448
23.49,-1000000.0,11011690.0,49.992673496397174
23.5,-1000000.0,11011680.0,49.99272999356487
23.51,-1000000.0,11011680.0,49.99280585137423
23.52,-1000000.0,11011680.0,49.992892552411575
23.53,-1000000.0,11011680.0,49.99298031129743
23.54,-1000000.0,11011700.0,49.993059186332125
23.55,-1000000.0,11011710.0,49.993120267737375
23.56,-1000000.0,11011730.0,49.99315676575385
23.57,-1000000.0,11011760.0,49.99316480103503
23.58,-1000000.0,11011790.0,49.993143802787294
23.59,-1000000.0,11011830.0,49.99309643325978
23.6,-1000000.0,11011870.0,49.99302801341723
23.61,-1000000.0,11011920.0,49.992945776195775
23.62,-1000000.0,11011980.0,49.99285813959815
23.63,-1000000.0,11012040.0,49.992774020254046
23.64,-1000000.0,11012100.0,49.99270216237303
23.65,-1000000.0,11012170.0,49.99265031562402
23.66,-1000000.0,11012240.0,49.992624348616296
23.67,-1000000.0,11012320.0,49.99262741350085
23.68,-1000000.0,11012410.0,49.9926593246752
23.69,-1000000.0,11012500.0,49.99271655511544
23.7,-1000000.0,11012600.0,49.9927925443147
23.71,-1000000.0,11012700.0,49.992878527475376
23.72,-1000000.0,11012810.0,49.992964576994595
23.73,-1000000.0,11012920.0,49.993040730544074
23.74,-1000000.0,11013040.0,49.993098191375715
23.75,-1000000.0,11013170.0,49.99313039985393
23.76,-1000000.0,11013300.0,49.993133789764194
23.77,-1000000.0,11013430.0,49.993108144745904
23.78,-1000000.0,11013570.0,49.99305644738688
23.79,-1000000.0,11013720.0,49.99298430019081
23.8,-1000000.0,11013870.0,49.992899141374444
23.81,-1000000.0,11014030.0,49.992809527753764
23.82,-1000000.0,11014190.0,49.99272445585794
23.83,-1000000.0,11014360.0,49.992652672288926
23.84,-1000000.0,11014530.0,49.992601834559395
23.85,-1000000.0,11014710.0,49.992577616866285
23.86,-1000000.0,11014890.0,49.9925828812944
23.87,-1000000.0,11015080.0,49.99261708862582
23.88,-1000000.0,11015280.0,49.99267633804491
23.89,-1000000.0,11015480.0,49.99275373836486
23.9,-1000000.0,11015680.0,49.99284027569579
23.91,-1000000.0,11015890.0,49.99292588885469
23.92,-1000000.0,11016110.0,49.99300060891246
23.93,-1000000.0,11016330.0,49.9930557678428
23.94,-1000000.0,11016560.0,49.993085050288265
23.95,-1000000.0,11016790.0,49.99308521346034
23.96,-1000000.0,11017030.0,49.993056400779686
23.97,-1000000.0,11017270.0,49.99300191548831
23.98,-1000000.0,11017520.0,49.992927632652226
23.99,-1000000.0,11017770.0,49.99284117362252
24.0,-1000000.0,11018030.0,49.99275120512535
24.01,-1000000.0,11018300.0,49.99266678201933
24.02,-1000000.0,11018560.0,49.992596633985805
24.03,-1000000.0,11018840.0,49.99254830813006
24.04,-1000000.0,11019120.0,49.992527267003595
24.05,-1000000.0,11019400.0,49.992536067532924
24.06,-1000000.0,11019690.0,49.99257380588445
24.07,-1000000.0,11019990.0,49.9926362020962
24.08,-1000000.0,11020290.0,49.99271606284942
24.09,-1000000.0,11020590.0,49.9928041645498
24.1,-1000000.0,11020900.0,49.99289034246049
24.11,-1000000.0,11021220.0,49.992964646616514
24.12,-1000000.0,11021540.0,49.993018558049975
24.13,-1000000.0,11021860.0,49.99304602045101
24.14,-1000000.0,11022190.0,49.99304412343901
24.15,-1000000.0,11022530.0,49.99301337364489
24.16,-1000000.0,11022870.0,49.99295739275084
24.17,-1000000.0,11023210.0,49.99288231966074
24.18,-1000000.0,11023560.0,49.992795973750866
24.19,-1000000.0,11023910.0,49.99270714932035
24.2,-1000000.0,11024270.0,49.99262496594494
24.21,-1000000.0,11024640.0,49.9925581311486
24.22,-1000000.0,11025000.0,49.992514068539315
24.23,-1000000.0,11025380.0,49.99249801153447
24.24,-1000000.0,11025750.0,49.992512193377095
24.25,-1000000.0,11026140.0,49.99255532956098
24.26,-1000000.0,11026520.0,49.99262274960536
24.27,-1000000.0,11026910.0,49.99270694684099
24.28,-1000000.0,11027310.0,49.99279847409947
24.29,-1000000.0,11027710.0,49.992887053303406
24.3,-1000000.0,11028110.0,49.99296275521365
24.31,-1000000.0,11028520.0,49.99301721541653
24.32,-1000000.0,11028930.0,49.99304464157694
24.33,-1000000.0,11029350.0,49.993042457475276
24.34,-1000000.0,11029770.0,49.993011530408396
24.35,-1000000.0,11030200.0,49.99295579237037
24.36,-1000000.0,11030620.0,49.99288163361481
24.37,-1000000.0,11031060.0,49.99279706663564
24.38,-1000000.0,11031500.0,49.99271101141759
24.39,-1000000.0,11031940.0,49.99263264336561
24.4,-1000000.0,11032380.0,49.99257063401327
24.41,-1000000.0,11032830.0,49.992532266709716
24.42,-1000000.0,11033280.0,49.99252252830102
24.43,-1000000.0,11033740.0,49.99254331301163
24.44,-1000000.0,11034200.0,49.99259296336147
24.45,-1000000.0,11034660.0,49.99266644141315
24.46,-1000000.0,11035130.0,49.992755945383664
24.47,-1000000.0,11035600.0,49.992851822021315
24.48,-1000000.0,11036080.0,49.992943697726055
24.49,-1000000.0,11036560.0,49.99302168080198
24.5,-1000000.0,11037040.0,49.993077575027364
24.51,-1000000.0,11037520.0,49.99310586080703
24.52,-1000000.0,11038010.0,49.99310429898619
24.53,-1000000.0,11038500.0,49.993074107085036
24.54,-1000000.0,11038990.0,49.99301950186265
24.55,-1000000.0,11039490.0,49.992947094678485
24.56,-1000000.0,11039990.0,49.99286506842999
24.57,-1000000.0,11040490.0,49.99278244921373
24.58,-1000000.0,11041000.0,49.99270845047041
24.59,-1000000.0,11041510.0,49.99265169074
24.6,-1000000.0,11042020.0,49.99261929669828
24.61,-1000000.0,11042530.0,49.99261599373481
24.62,-1000000.0,11043050.0,49.992643325449905
24.63,-1000000.0,11043570.0,49.9926992687369
24.64,-1000000.0,11044090.0,49.99277842690065
24.65,-1000000.0,11044620.0,49.992872714022354
24.66,-1000000.0,11045140.0,49.99297228822069
24.67,-1000000.0,11045670.0,49.99306670097003
24.68,-1000000.0,11046200.0,49.993146119570596
24.69,-1000000.0,11046730.0,49.99320253575621
24.7,-1000000.0,11047270.0,49.993230718458655
24.71,-1000000.0,11047810.0,49.993228776193824
24.72,-1000000.0,11048340.0,49.993198281732816
24.73,-1000000.0,11048880.0,49.99314377078377
24.74,-1000000.0,11049430.0,49.99307210662676
24.75,-1000000.0,11049970.0,49.99299165312137
24.76,-1000000.0,11050520.0,49.9929115424604
24.77,-1000000.0,11051060.0,49.992841019479265
24.78,-1000000.0,11051610.0,49.99278863838612
24.79,-1000000.0,11052160.0,49.99276135503365
24.8,-1000000.0,11052710.0,49.992763618493726
24.81,-1000000.0,11053270.0,49.992796608704616
24.82,-1000000.0,11053820.0,49.992857925050494
24.83,-1000000.0,11054380.0,49.99294180630978
24.84,-1000000.0,11054930.0,49.993039892345
24.85,-1000000.0,11055490.0,49.99314217808067
24.86,-1000000.0,11056050.0,49.993238162922005
24.87,-1000000.0,11056600.0,49.99331809468969
24.88,-1000000.0,11057160.0,49.993374171295024
24.89,-1000000.0,11057720.0,49.993401463602375
24.9,-1000000.0,11058280.0,49.99339843559207
24.91,-1000000.0,11058840.0,49.99336701746098
24.92,-1000000.0,11059400.0,49.993312065106444
24.93,-1000000.0,11059970.0,49.99324065989907
24.94,-1000000.0,11060530.0,49.993161305638324
24.95,-1000000.0,11061090.0,49.99308321267609
24.96,-1000000.0,11061650.0,49.993015634211496
24.97,-1000000.0,11062210.0,49.99296704063318
24.98,-1000000.0,11062780.0,49.99294419972401
24.99,-1000000.0,11063340.0,49.99295126956274
25.0,-1000000.0,11063900.0,49.992989055639995
25.01,-1000000.0,11064460.0,49.99305477534865
25.02,-1000000.0,11065020.0,49.99314230843519
25.03,-1000000.0,11065580.0,49.993242999612896
25.04,-1000000.0,11066140.0,49.993346659244395
25.05,-1000000.0,11066700.0,49.99344272927343
25.06,-1000000.0,11067260.0,49.99352154540337
25.07,-1000000.0,11067820.0,49.99357552457074
25.08,-1000000.0,11068370.0,49.99360005288235
25.09,-1000000.0,11068930.0,49.99359396098481
25.1,-1000000.0,11069480.0,49.993559544653394
25.11,-1000000.0,11070040.0,49.99350198604912
25.12,-1000000.0,11070590.0,49.993428595272285
25.13,-1000000.0,11071140.0,49.993348034172996
25.14,-1000000.0,11071690.0,49.99326960878313
25.15,-1000000.0,11072240.0,49.99320258775016
25.16,-1000000.0,11072780.0,49.99315535901395
25.17,-1000000.0,11073330.0,49.99313450037175
25.18,-1000000.0,11073870.0,49.993143876267155
25.19,-1000000.0,11074420.0,49.99318391722133
25.2,-1000000.0,11074960.0,49.9932514643783
25.21,-1000000.0,11075490.0,49.993340051774766
25.22,-1000000.0,11076030.0,49.99344074592354
25.23,-1000000.0,11076560.0,49.99354319125321
25.24,-1000000.0,11077100.0,49.9936367953339
25.25,-1000000.0,11077620.0,49.99371200526907
25.26,-1000000.0,11078150.0,49.99376147796141
25.27,-1000000.0,11078680.0,49.99378093120555
25.28,-1000000.0,11079200.0,49.99376957344877
25.29,-1000000.0,11079720.0,49.99373006729924
25.3,-1000000.0,11080240.0,49.99366791432313
25.31,-1000000.0,11080750.0,49.99359064867708
25.32,-1000000.0,11081270.0,49.993507085409625
25.33,-1000000.0,11081780.0,49.99342662038656
25.34,-1000000.0,11082280.0,49.99335853049405
25.35,-1000000.0,11082790.0,49.993311112637045
25.36,-1000000.0,11083290.0,49.993290745234056
25.37,-1000000.0,11083790.0,49.99330099041184
25.38,-1000000.0,11084280.0,49.99334190215882
25.39,-1000000.0,11084770.0,49.9934099556263
25.4,-1000000.0,11085260.0,49.99349835754743
25.41,-1000000.0,11085750.0,49.9935979142269
25.42,-1000000.0,11086230.0,49.993698123952896
25.43,-1000000.0,11086710.0,49.99378838028957
25.44,-1000000.0,11087180.0,49.993859260612
25.45,-1000000.0,11087650.0,49.99390367705108
25.46,-1000000.0,11088120.0,49.99391768922665
25.47,-1000000.0,11088580.0,49.9939008879013
25.48,-1000000.0,11089040.0,49.99385627314219
25.49,-1000000.0,11089500.0,49.993789628466395
25.5,-1000000.0,11089950.0,49.993708683627005
25.51,-1000000.0,11090400.0,49.99362238512934
25.52,-1000000.0,11090840.0,49.993540201126976
25.53,-1000000.0,11091280.0,49.993471400814244
25.54,-1000000.0,11091720.0,49.993424174199546
25.55,-1000000.0,11092150.0,49.9934046844657
25.56,-1000000.0,11092580.0,49.99341617666377
25.57,-1000000.0,11093000.0,49.993458320480045
25.58,-1000000.0,11093420.0,49.99352719996406
25.59,-1000000.0,11093840.0,49.993615678489064
25.6,-1000000.0,11094250.0,49.99371430606992
25.61,-1000000.0,11094660.0,49.993812448281965
25.62,-1000000.0,11095060.0,49.99389950286918
25.63,-1000000.0,11095450.0,49.99396619693621
25.64,-1000000.0,11095840.0,49.99400571538214
25.65,-1000000.0,11096230.0,49.994014473042526
25.66,-1000000.0,11096620.0,49.99399245121907
25.67,-1000000.0,11096990.0,49.99394299405211
25.68,-1000000.0,11097370.0,49.99387217515478
25.69,-1000000.0,11097730.0,49.993787920804685
25.7,-1000000.0,11098100.0,49.99369929401017
25.71,-1000000.0,11098460.0,49.993615822748126
25.72,-1000000.0,11098810.0,49.993546754366534
25.73,-1000000.0,11099160.0,49.99350015623194
25.74,-1000000.0,11099500.0,49.993481959778755
25.75,-1000000.0,11099840.0,49.99349507744328
25.76,-1000000.0,11100170.0,49.99353878270137
25.77,-1000000.0,11100500.0,49.993608749625196
25.78,-1000000.0,11100820.0,49.99369751558714
25.79,-1000000.0,11101140.0,49.99379540402172
25.8,-1000000.0,11101450.0,49.993891670498606
25.81,-1000000.0,11101760.0,49.993975740233765
25.82,-1000000.0,11102060.0,49.99403851050091
25.83,-1000000.0,11102360.0,49.994073455071394
25.84,-1000000.0,11102650.0,49.99407735483254
25.85,-1000000.0,11102930.0,49.99405058697708
25.86,-1000000.0,11103210.0,49.993996839372656
25.87,-1000000.0,11103490.0,49.99392246798801
25.88,-1000000.0,11103760.0,49.99383561891852
25.89,-1000000.0,11104020.0,49.99374550217789
25.9,-1000000.0,11104280.0,49.99366171907755
25.91,-1000000.0,11104530.0,49.993593493300686
25.92,-1000000.0,11104780.0,49.99354875743624
25.93,-1000000.0,11105020.0,49.99353319297783
25.94,-1000000.0,11105250.0,49.99354935982563
25.95,-1000000.0,11105480.0,49.993596117710126
25.96,-1000000.0,11105710.0,49.993668718304974
25.97,-1000000.0,11105920.0,49.993759362819404
25.98,-1000000.0,11106140.0,49.99385813815682
25.99,-1000000.0,11106350.0,49.993954184980765
26.0,-1000000.0,11106550.0,49.994036960374785
26.01,-1000000.0,11106740.0,49.99409753853076
26.02,-1000000.0,11106930.0,49.994129687031034
26.03,-1000000.0,11107120.0,49.99413055338253
26.04,-1000000.0,11107300.0,49.99410090606694
26.05,-1000000.0,11107470.0,49.99404476572449
26.06,-1000000.0,11107640.0,49.993968754814105
26.07,-1000000.0,11107800.0,49.99388122144337
26.08,-1000000.0,11107960.0,49.99379150408007
26.09,-1000000.0,11108110.0,49.99370925743585
26.1,-1000000.0,11108250.0,49.9936436602936
26.11,-1000000.0,11108390.0,49.99360248844255
26.12,-1000000.0,11108520.0,49.993591152239496
26.13,-1000000.0,11108650.0,49.993611840866144
26.14,-1000000.0,11108770.0,49.99366298794733
26.15,-1000000.0,11108890.0,49.9937394179908
26.16,-1000000.0,11109000.0,49.993832999518126
26.17,-1000000.0,11109100.0,49.99393359380024
26.18,-1000000.0,11109200.0,49.99403024280707
26.19,-1000000.0,11109300.0,49.994112453552766
26.2,-1000000.0,11109390.0,49.99417149348769
26.21,-1000000.0,11109470.0,49.99420143598621
26.22,-1000000.0,11109550.0,49.99419980140148
26.23,-1000000.0,11109620.0,49.99416774810006
26.24,-1000000.0,11109680.0,49.99410962014152
26.25,-1000000.0,11109740.0,49.99403229293558
26.26,-1000000.0,11109800.0,49.99394430413568
26.27,-1000000.0,11109850.0,49.99385510800206
26.28,-1000000.0,11109890.0,49.993774399327535
26.29,-1000000.0,11109930.0,49.993711297981164
26.3,-1000000.0,11109960.0,49.99367340883838
26.31,-1000000.0,11109990.0,49.99366585820775
26.32,-1000000.0,11110010.0,49.99369045521224
26.33,-1000000.0,11110030.0,49.99374523124607
26.34,-1000000.0,11110040.0,49.99382462673941
26.35,-1000000.0,11110050.0,49.99392021270669
26.36,-1000000.0,11110050.0,49.994021656113446
26.37,-1000000.0,11110050.0,49.99411792879221
26.38,-1000000.0,11110040.0,49.99419861302668
26.39,-1000000.0,11110020.0,49.99425519015841
26.4,-1000000.0,11110000.0,49.994282053878926
26.41,-1000000.0,11109980.0,49.994277105218224
26.42,-1000000.0,11109950.0,49.99424188732476
26.43,-1000000.0,11109910.0,49.99418106879332
26.44,-1000000.0,11109880.0,49.99410176981533
26.45,-1000000.0,11109830.0,49.994012701563506
26.46,-1000000.0,11109780.0,49.99392341811119
26.47,-1000000.0,11109730.0,49.99384363887694
26.48,-1000000.0,11109670.0,49.993782409149205
26.49,-1000000.0,11109600.0,49.993747147039144
26.5,-1000000.0,11109540.0,49.99374268004602
26.51,-1000000.0,11109460.0,49.99377042549051
26.52,-1000000.0,11109390.0,49.993828010295836
26.53,-1000000.0,11109300.0,49.993909488675996
26.54,-1000000.0,11109220.0,49.994006134582044
26.55,-1000000.0,11109130.0,49.994107438872064
26.56,-1000000.0,11109030.0,49.994202322004796
26.57,-1000000.0,11108930.0,49.99428046251971
26.58,-1000000.0,11108830.0,49.994333575244596
26.59,-1000000.0,11108720.0,49.994356389684604
26.6,-1000000.0,11108610.0,49.994347197644004
26.61,-1000000.0,11108490.0,49.99430793159518
26.62,-1000000.0,11108370.0,49.99424360705526
26.63,-1000000.0,11108240.0,49.99416158321971
26.64,-1000000.0,11108120.0,49.99407072974455
26.65,-1000000.0,11107980.0,49.99398069303044
26.66,-1000000.0,11107850.0,49.99390120492276
26.67,-1000000.0,11107710.0,49.99384122214611
26.68,-1000000.0,11107560.0,49.993807961069336
26.69,-1000000.0,11107410.0,49.99380593601595
26.7,-1000000.0,11107260.0,49.99383616122538
26.71,-1000000.0,11107110.0,49.99389585426812
26.72,-1000000.0,11106950.0,49.99397868771812
26.73,-1000000.0,11106790.0,49.99407562240988
26.74,-1000000.0,11106620.0,49.99417595461562
26.75,-1000000.0,11106450.0,49.994268551604655
26.76,-1000000.0,11106280.0,49.99434319715399
26.77,-1000000.0,11106110.0,49.99439185235564
26.78,-1000000.0,11105930.0,49.99440959436405
26.79,-1000000.0,11105750.0,49.99439511435372
26.8,-1000000.0,11105560.0,49.99435073877157
26.81,-1000000.0,11105370.0,49.99428183161467
26.82,-1000000.0,11105180.0,49.9941959936946
26.83,-1000000.0,11104990.0,49.994102258850724
26.84,-1000000.0,11104800.0,49.99401036989413
26.85,-1000000.0,11104600.0,49.99393006905834
26.86,-1000000.0,11104400.0,49.99387021866475
26.87,-1000000.0,11104190.0,49.99383782526613
26.88,-1000000.0,11103990.0,49.99383708210855
26.89,-1000000.0,11103780.0,49.993868595370046
26.9,-1000000.0,11103570.0,49.99392917512003
26.91,-1000000.0,11103350.0,49.994012122165856
26.92,-1000000.0,11103140.0,49.9941081011437
26.93,-1000000.0,11102920.0,49.99420623574905
26.94,-1000000.0,11102700.0,49.99429536454487
26.95,-1000000.0,11102480.0,49.994365400287386
26.96,-1000000.0,11102250.0,49.99440857029309
26.97,-1000000.0,11102030.0,49.99442031375463
26.98,-1000000.0,11101800.0,49.99439972934279
26.99,-1000000.0,11101570.0,49.994349539769765
27.0,-1000000.0,11101340.0,49.99427545545696
27.01,-1000000.0,11101110.0,49.994185313630936
27.02,-1000000.0,11100870.0,49.99408830490311
27.03,-1000000.0,11100640.0,49.99399425900648
27.04,-1000000.0,11100400.0,49.99391291686674
27.05,-1000000.0,11100160.0,49.99385303284444
27.06,-1000000.0,11099920.0,49.99382138935186
27.07,-1000000.0,11099680.0,49.99382184524962
27.08,-1000000.0,11099440.0,49.993854588997074
27.09,-1000000.0,11099190.0,49.99391602019728
27.1,-1000000.0,11098950.0,49.993999072363195
27.11,-1000000.0,11098700.0,49.994094125371724
27.12,-1000000.0,11098460.0,49.99419014726455
27.13,-1000000.0,11098210.0,49.99427596741518
27.14,-1000000.0,11097960.0,49.994341646316954
27.15,-1000000.0,11097710.0,49.994379692568614
27.16,-1000000.0,11097460.0,49.99438591678635
27.17,-1000000.0,11097210.0,49.99435982840478
27.18,-1000000.0,11096960.0,49.99430452505098
27.19,-1000000.0,11096710.0,49.99422602812293
27.2,-1000000.0,11096460.0,49.994132384986514
27.21,-1000000.0,11096210.0,49.99403292264015
27.22,-1000000.0,11095960.0,49.99393754055505
27.23,-1000000.0,11095700.0,49.99385596236661
27.24,-1000000.0,11095450.0,49.99379681857308
27.25,-1000000.0,11095200.0,49.9937666518971
27.26,-1000000.0,11094950.0,49.99376897329585
27.27,-1000000.0,11094700.0,49.993803552911146
27.28,-1000000.0,11094440.0,49.99386638006618
27.29,-1000000.0,11094190.0,49.99395004348481
27.3,-1000000.0,11093940.0,49.99404467118251
27.31,-1000000.0,11093690.0,49.99413910685868
27.32,-1000000.0,11093440.0,49.99422219855244
27.33,-1000000.0,11093190.0,49.994284177742735
27.34,-1000000.0,11092940.0,49.99431785153775
27.35,-1000000.0,11092700.0,49.994319412268894
27.36,-1000000.0,11092450.0,49.994288783425425
27.37,-1000000.0,11092200.0,49.99422942069622
27.38,-1000000.0,11091960.0,49.99414763821419
27.39,-1000000.0,11091710.0,49.9940516887924
27.4,-1000000.0,11091470.0,49.993951023766485
27.41,-1000000.0,11091230.0,49.9938556019769
27.42,-1000000.0,11090980.0,49.99377511524813
27.43,-1000000.0,11090740.0,49.993718052561604
27.44,-1000000.0,11090510.0,49.993690697891786
27.45,-1000000.0,11090270.0,49.99369619634536
27.46,-1000000.0,11090040.0,49.99373388631445
27.47,-1000000.0,11089800.0,49.993799313944905
27.48,-1000000.0,11089570.0,49.99388471404986
27.49,-1000000.0,11089340.0,49.99397996531166
27.5,-1000000.0,11089110.0,49.99407378951565
27.51,-1000000.0,11088890.0,49.994155067678506
27.52,-1000000.0,11088660.0,49.99421421892827
27.53,-1000000.0,11088440.0,49.99424436348826
27.54,-1000000.0,11088220.0,49.99424208537151
27.55,-1000000.0,11088010.0,49.99420772668276
27.56,-1000000.0,11087790.0,49.99414510096512
27.57,-1000000.0,11087580.0,49.99406081116918
27.58,-1000000.0,11087370.0,49.99396333099552
27.59,-1000000.0,11087160.0,49.993862255234625
27.6,-1000000.0,11086960.0,49.99376760802403
27.61,-1000000.0,11086760.0,49.99368904446405
27.62,-1000000.0,11086560.0,49.99363490012485
27.63,-1000000.0,11086360.0,49.99361118501005
27.64,-1000000.0,11086170.0,49.99362066373235
27.65,-1000000.0,11085980.0,49.99366223287118
27.66,-1000000.0,11085790.0,49.993730992760746
27.67,-1000000.0,11085610.0,49.99381882934975
27.68,-1000000.0,11085430.0,49.99391538315385
27.69,-1000000.0,11085250.0,49.99400927081049
27.7,-1000000.0,11085080.0,49.99408942582241
27.71,-1000000.0,11084910.0,49.99414647286012
27.72,-1000000.0,11084740.0,49.994173858307875
27.73,-1000000.0,11084580.0,49.994168564386605
27.74,-1000000.0,11084420.0,49.99413135171772
27.75,-1000000.0,11084270.0,49.99406638478991
27.76,-1000000.0,11084120.0,49.993980543788375
27.77,-1000000.0,11083970.0,49.993882509385124
27.78,-1000000.0,11083820.0,49.99378200444334
27.79,-1000000.0,11083690.0,49.99368910167305
27.8,-1000000.0,11083550.0,49.9936134013838
27.81,-1000000.0,11083420.0,49.99356306706442
27.82,-1000000.0,11083290.0,49.993543817238276
27.83,-1000000.0,11083170.0,49.993558022091264
27.84,-1000000.0,11083050.0,49.99360412880004
27.85,-1000000.0,11082940.0,49.993676792485935
27.86,-1000000.0,11082830.0,49.99376755938909
27.87,-1000000.0,11082730.0,49.99386584837749
27.88,-1000000.0,11082630.0,49.993960192207894
27.89,-1000000.0,11082530.0,49.9940395990731
27.9,-1000000.0,11082440.0,49.994094918681775
27.91,-1000000.0,11082360.0,49.99411993764683
27.92,-1000000.0,11082280.0,49.994112043719184
27.93,-1000000.0,11082200.0,49.9940724168185
27.94,-1000000.0,11082130.0,49.994005567237146
27.95,-1000000.0,11082070.0,49.993918643453874
27.96,-1000000.0,11082010.0,49.9938205221115
27.97,-1000000.0,11081950.0,49.99372104165222
27.98,-1000000.0,11081900.0,49.99363030935469
27.99,-1000000.0,11081860.0,49.99355785547742
28.0,-1000000.0,11081820.0,49.9935116557141
28.01,-1000000.0,11081780.0,49.99349712254877
28.02,-1000000.0,11081750.0,49.993516220800004
28.03,-1000000.0,11081730.0,49.99356695725636
28.04,-1000000.0,11081710.0,49.99364356693005
28.05,-1000000.0,11081700.0,49.993737279529874
28.06,-1000000.0,11081690.0,49.99383731646341
28.07,-1000000.0,11081690.0,49.99393215124323
28.08,-1000000.0,11081700.0,49.99401088960588
28.09,-1000000.0,11081710.0,49.99406462472773
28.1,-1000000.0,11081720.0,49.99408749548193
28.11,-1000000.0,11081740.0,49.99407730019559
28.12,-1000000.0,11081770.0,49.994035629360845
28.13,-1000000.0,11081800.0,49.99396733017112
28.14,-1000000.0,11081840.0,49.99387978850493
28.15,-1000000.0,11081890.0,49.993782040100015
28.16,-1000000.0,11081940.0,49.99368401108893
28.17,-1000000.0,11081990.0,49.99359582088655
28.18,-1000000.0,11082060.0,49.99352691065981
28.19,-1000000.0,11082120.0,49.99348505149061
28.2,-1000000.0,11082200.0,49.99347533576501
28.21,-1000000.0,11082280.0,49.99349931331217
28.22,-1000000.0,11082360.0,49.99355456807334
28.23,-1000000.0,11082460.0,49.99363494012082
28.24,-1000000.0,11082560.0,49.99373134643969
28.25,-1000000.0,11082660.0,49.99383282140626
28.26,-1000000.0,11082770.0,49.99392779125884
28.27,-1000000.0,11082880.0,49.99400547577151
28.28,-1000000.0,11083010.0,49.994057227805364
28.29,-1000000.0,11083140.0,49.994077551245795
28.3,-1000000.0,11083270.0,49.99406466268022
28.31,-1000000.0,11083410.0,49.994020563925
28.32,-1000000.0,11083560.0,49.99395046366058
28.33,-1000000.0,11083710.0,49.993861995373315
28.34,-1000000.0,11083870.0,49.993764361162185
28.35,-1000000.0,11084040.0,49.9936675840774
28.36,-1000000.0,11084210.0,49.99358179254466
28.37,-1000000.0,11084380.0,49.993516329351515
28.38,-1000000.0,11084570.0,49.993478748012905
28.39,-1000000.0,11084760.0,49.99347380701566
28.4,-1000000.0,11084950.0,49.99350262981089
28.41,-1000000.0,11085160.0,49.99356237093945
28.42,-1000000.0,11085360.0,49.99364647404927
28.43,-1000000.0,11085580.0,49.99374553623138
28.44,-1000000.0,11085800.0,49.993848401054066
28.45,-1000000.0,11086020.0,49.993943455519904
28.46,-1000000.0,11086260.0,49.99402004694987
28.47,-1000000.0,11086500.0,49.99406980138128
28.48,-1000000.0,11086740.0,49.99408759757985
28.49,-1000000.0,11086990.0,49.994072075093456
28.5,-1000000.0,11087240.0,49.99402564645051
28.51,-1000000.0,11087510.0,49.993953876804746
28.52,-1000000.0,11087780.0,49.99386463930871
28.53,-1000000.0,11088050.0,49.99376729286404
28.54,-1000000.0,11088330.0,49.99367194638085
28.55,-1000000.0,11088620.0,49.993588724526845
28.56,-1000000.0,11088910.0,49.993526857327865
28.57,-1000000.0,11089200.0,49.993493665743486
28.58,-1000000.0,11089510.0,49.99349356076417
28.59,-1000000.0,11089820.0,49.99352722981661
28.6,-1000000.0,11090130.0,49.993591395755764
28.61,-1000000.0,11090450.0,49.99367911172786
28.62,-1000000.0,11090780.0,49.993780668472546
28.63,-1000000.0,11091110.0,49.993884738208465
28.64,-1000000.0,11091450.0,49.993979690941096
28.65,-1000000.0,11091790.0,49.99405502291216
28.66,-1000000.0,11092140.0,49.9941026506748
28.67,-1000000.0,11092490.0,49.99411783925101
28.68,-1000000.0,11092850.0,49.994099656140925
28.69,-1000000.0,11093210.0,49.99405092374721
28.7,-1000000.0,11093580.0,49.9939775582878
28.71,-1000000.0,11093960.0,49.99388766430395
28.72,-1000000.0,11094340.0,49.99379074754008
28.73,-1000000.0,11094720.0,49.993696991116714
28.74,-1000000.0,11095110.0,49.99361650252021
28.75,-1000000.0,11095510.0,49.99355838400864
28.76,-1000000.0,11095910.0,49.993529708465914
28.77,-1000000.0,11096310.0,49.99353452542153
28.78,-1000000.0,11096720.0,49.993573076622376
28.79,-1000000.0,11097140.0,49.99364165094729
28.8,-1000000.0,11097560.0,49.99373291676395
28.81,-1000000.0,11097980.0,49.993836871602305
28.82,-1000000.0,11098410.0,49.9939420349801
28.83,-1000000.0,11098840.0,49.99403678102538
28.84,-1000000.0,11099280.0,49.994110774934555
28.85,-1000000.0,11099720.0,49.99415623958607
28.86,-1000000.0,11100170.0,49.99416883607283
28.87,-1000000.0,11100620.0,49.99414806333547
28.88,-1000000.0,11101080.0,49.99409714232998
28.89,-1000000.0,11101540.0,49.99402231722117
28.9,-1000000.0,11102000.0,49.99393190588481
28.91,-1000000.0,11102470.0,49.99383554480443
28.92,-1000000.0,11102940.0,49.993743477077864
28.93,-1000000.0,11103410.0,49.993665778925006
28.94,-1000000.0,11103890.0,49.99361141044971
28.95,-1000000.0,11104380.0,49.99358718239304
28.96,-1000000.0,11104860.0,49.99359677084774
28.97,-1000000.0,11105350.0,49.993639970983274
28.98,-1000000.0,11105850.0,49.99371263663448
28.99,-1000000.0,11106340.0,49.99380708277301
29.0,-1000000.0,11106850.0,49.993913056774794
29.01,-1000000.0,11107350.0,49.994018959727384
29.02,-1000000.0,11107860.0,49.99411320027172
29.03,-1000000.0,11108370.0,49.99418563680009
29.04,-1000000.0,11108880.0,49.994228815700986
29.05,-1000000.0,11109400.0,49.99423880368169
29.06,-1000000.0,11109920.0,49.99421553358985
29.07,-1000000.0,11110440.0,49.99416259494353
29.08,-1000000.0,11110960.0,49.994086524164345
29.09,-1000000.0,11111490.0,49.993995854313674
29.1,-1000000.0,11112020.0,49.993900357828544
29.11,-1000000.0,11112560.0,49.99381034019187
29.12,-1000000.0,11113090.0,49.99373583982276
29.13,-1000000.0,11113630.0,49.99368566178126
29.14,-1000000.0,11114170.0,49.993666338421974
29.15,-1000000.0,11114710.0,49.99368115632801
29.16,-1000000.0,11115250.0,49.99372945479063
29.17,-1000000.0,11115800.0,49.993806623149425
29.18,-1000000.0,11116350.0,49.99390460847574
29.19,-1000000.0,11116900.0,49.994012902950644
29.2,-1000000.0,11117450.0,49.99411979017276
29.21,-1000000.0,11118000.0,49.994213726202354
29.22,-1000000.0,11118560.0,49.99428477818814
29.23,-1000000.0,11119110.0,49.99432582926353
29.24,-1000000.0,11119670.0,49.994333359998635
29.25,-1000000.0,11120230.0,49.99430773949866
29.26,-1000000.0,11120780.0,49.99425292357495
29.27,-1000000.0,11121340.0,49.9941757378226
29.28,-1000000.0,11121910.0,49.99408493153981
29.29,-1000000.0,11122470.0,49.99399041267279
29.3,-1000000.0,11123030.0,49.99390254168023
29.31,-1000000.0,11123600.0,49.99383130686642
29.32,-1000000.0,11124160.0,49.99378534294293
29.33,-1000000.0,11124720.0,49.99377088791569
29.34,-1000000.0,11125290.0,49.99379082524113
29.35,-1000000.0,11125860.0,49.9938440304392
29.36,-1000000.0,11126420.0,49.993925428853956
29.37,-1000000.0,11126990.0,49.99402660921157
29.38,-1000000.0,11127550.0,49.99413682553734
29.39,-1000000.0,11128120.0,49.99424426598138
29.4,-1000000.0,11128680.0,49.99433745737853
29.41,-1000000.0,11129250.0,49.99440669651193
29.42,-1000000.0,11129810.0,49.99444521884448
29.43,-1000000.0,11130380.0,49.99444992758132
29.44,-1000000.0,11130940.0,49.99442163017874
29.45,-1000000.0,11131500.0,49.994364644803355
29.46,-1000000.0,11132070.0,49.994286078588466
29.47,-1000000.0,11132630.0,49.99419488731375
29.48,-1000000.0,11133190.0,49.994101102940434
29.49,-1000000.0,11133750.0,49.99401512772063
29.5,-1000000.0,11134310.0,49.993946884981426
29.51,-1000000.0,11134870.0,49.99390482315415
29.52,-1000000.0,11135420.0,49.9938948705395
29.53,-1000000.0,11135980.0,49.99391949519361
29.54,-1000000.0,11136530.0,49.993977102594144
29.55,-1000000.0,11137080.0,49.99406215601667
29.56,-1000000.0,11137630.0,49.994165896363455
29.57,-1000000.0,11138180.0,49.99427735719313
29.58,-1000000.0,11138730.0,49.994384653241234
29.59,-1000000.0,11139270.0,49.99447640479225
29.6,-1000000.0,11139810.0,49.994543158207264
29.61,-1000000.0,11140350.0,49.994578515810225
29.62,-1000000.0,11140890.0,49.99457981144196
29.63,-1000000.0,11141430.0,49.99454829274623
29.64,-1000000.0,11141960.0,49.99448863644065
29.65,-1000000.0,11142490.0,49.99440822401492
29.66,-1000000.0,11143020.0,49.99431620875971
29.67,-1000000.0,11143540.0,49.99422273616499
29.68,-1000000.0,11144070.0,49.994138238048365
29.69,-1000000.0,11144590.0,49.99407255877035
29.7,-1000000.0,11145100.0,49.994033945436826
29.71,-1000000.0,11145620.0,49.99402800217184
29.72,-1000000.0,11146130.0,49.9940567701522
29.73,-1000000.0,11146640.0,49.994118185423496
29.74,-1000000.0,11147140.0,49.99420626673009
29.75,-1000000.0,11147640.0,49.99431192572734
29.76,-1000000.0,11148140.0,49.994423999523875
29.77,-1000000.0,11148640.0,49.99453055206718
29.78,-1000000.0,11149120.0,49.99462031866069
29.79,-1000000.0,11149610.0,49.99468411277347
29.8,-1000000.0,11150100.0,49.9947159152052
29.81,-1000000.0,11150580.0,49.99471349548484
29.82,-1000000.0,11151050.0,49.994678533842
29.83,-1000000.0,11151520.0,49.99461606011824
29.84,-1000000.0,11151990.0,49.99453369414898
29.85,-1000000.0,11152450.0,49.99444074684752
29.86,-1000000.0,11152910.0,49.99434745342512
29.87,-1000000.0,11153370.0,49.99426425420636
29.88,-1000000.0,11153820.0,49.99420089626643
29.89,-1000000.0,11154260.0,49.994165408800306
29.9,-1000000.0,11154700.0,49.99416305750846
29.91,-1000000.0,11155140.0,49.994195446631494
29.92,-1000000.0,11155570.0,49.99426006817356
29.93,-1000000.0,11156000.0,49.99435052881166
29.94,-1000000.0,11156420.0,49.994457403675014
29.95,-1000000.0,11156840.0,49.99456932319137
29.96,-1000000.0,11157250.0,49.9946743011656
29.97,-1000000.0,11157660.0,49.99476119774246
29.98,-1000000.0,11158060.0,49.99482110585471
29.99,-1000000.0,11158460.0,49.99484839517315
30.0,-1000000.0,11158850.0,49.99484127721657
30.01,-1000000.0,11159240.0,49.99480186364923
30.02,-1000000.0,11159620.0,49.99473556099395
30.03,-1000000.0,11160000.0,49.99465024498265
30.04,-1000000.0,11160370.0,49.99455539702762
30.05,-1000000.0,11160740.0,49.994461350590306
30.06,-1000000.0,11161100.0,49.994378553045294
30.07,-1000000.0,11161450.0,49.994316646805515
30.08,-1000000.0,11161800.0,49.99428343208562
30.09,-1000000.0,11162140.0,49.99428382416325
30.1,-1000000.0,11162480.0,49.99431898064612
30.11,-1000000.0,11162810.0,49.994385945977406
30.12,-1000000.0,11163140.0,49.994477916819804
30.13,-1000000.0,11163460.0,49.994585141269745
30.14,-1000000.0,11163770.0,49.994696060232016
30.15,-1000000.0,11164080.0,49.99479865827159
30.16,-1000000.0,11164380.0,49.99488194135532
30.17,-1000000.0,11164680.0,49.99493729952473
30.18,-1000000.0,11164970.0,49.99495950337231
30.19,-1000000.0,11165250.0,49.99494721214718
30.2,-1000000.0,11165530.0,49.994902968764556
30.21,-1000000.0,11165800.0,49.99483255163816
30.22,-1000000.0,11166060.0,49.99474408460042
30.23,-1000000.0,11166320.0,49.9946472098071
30.24,-1000000.0,11166570.0,49.99455234710999
30.25,-1000000.0,11166820.0,49.994469936700646
30.26,-1000000.0,11167060.0,49.99440949978123
30.27,-1000000.0,11167290.0,49.99437858961778
30.28,-1000000.0,11167520.0,49.99438175373515
30.29,-1000000.0,11167740.0,49.99441968930846
30.3,-1000000.0,11167950.0,49.99448898658002
30.31,-1000000.0,11168160.0,49.99458243377792
30.32,-1000000.0,11168360.0,49.99468996146524
30.33,-1000000.0,11168550.0,49.99479983700084
30.34,-1000000.0,11168740.0,49.99490003508931
30.35,-1000000.0,11168910.0,49.99497972643452
30.36,-1000000.0,11169090.0,49.99503061337539
30.37,-1000000.0,11169250.0,49.99504787676109
30.38,-1000000.0,11169410.0,49.995030626483924
30.39,-1000000.0,11169570.0,49.994981833831694
30.4,-1000000.0,11169710.0,49.99490764167317
30.41,-1000000.0,11169850.0,49.99481641160658
30.42,-1000000.0,11169980.0,49.99471793444552
30.43,-1000000.0,11170110.0,49.99462270260352
30.44,-1000000.0,11170230.0,49.99454113322119
30.45,-1000000.0,11170340.0,49.994482608380785
30.46,-1000000.0,11170440.0,49.994454415520636
30.47,-1000000.0,11170540.0,49.9944607168724
30.48,-1000000.0,11170630.0,49.994501735939764
30.49,-1000000.0,11170720.0,49.99457360326831
30.5,-1000000.0,11170790.0,49.99466870266637
30.51,-1000000.0,11170860.0,49.99477665954009
30.52,-1000000.0,11170930.0,49.994885585765125
30.53,-1000000.0,11170980.0,49.99498346677288
30.54,-1000000.0,11171030.0,49.9950596574435
30.55,-1000000.0,11171070.0,49.995106187443355
30.56,-1000000.0,11171110.0,49.99511865673591
30.57,-1000000.0,11171140.0,49.99509662837797
30.58,-1000000.0,11171160.0,49.99504349059373
30.59,-1000000.0,11171170.0,49.994965723741146
30.6,-1000000.0,11171180.0,49.994871918188096
30.61,-1000000.0,11171180.0,49.994772007741034
30.62,-1000000.0,11171170.0,49.99467655136658
30.63,-1000000.0,11171160.0,49.99459593271725
30.64,-1000000.0,11171140.0,49.9945393809804
30.65,-1000000.0,11171110.0,49.99451390261168
30.66,-1000000.0,11171080.0,49.9945232607312
30.67,-1000000.0,11171040.0,49.994567202077015
30.68,-1000000.0,11170990.0,49.99464138745363
30.69,-1000000.0,11170930.0,49.99473783082099
30.7,-1000000.0,11170870.0,49.99484589942731
30.71,-1000000.0,11170800.0,49.99495358076498
30.72,-1000000.0,11170730.0,49.995048900593446
30.73,-1000000.0,11170640.0,49.99512142101839
30.74,-1000000.0,11170560.0,49.995163514314775
30.75,-1000000.0,11170460.0,49.99517120666893
30.76,-1000000.0,11170360.0,49.995144514040206
30.77,-1000000.0,11170250.0,49.99508720752137
30.78,-1000000.0,11170130.0,49.99500607112998
30.79,-1000000.0,11170010.0,49.99490992456936
30.8,-1000000.0,11169880.0,49.994808849474474
30.81,-1000000.0,11169740.0,49.99471347072759
30.82,-1000000.0,11169600.0,49.99463412991307
30.83,-1000000.0,11169460.0,49.99457988912356
30.84,-1000000.0,11169300.0,49.99455745670487
30.85,-1000000.0,11169140.0,49.994570180228976
30.86,-1000000.0,11168970.0,49.994617321912195
30.87,-1000000.0,11168800.0,49.9946940517728
30.88,-1000000.0,11168620.0,49.994791998085894
30.89,-1000000.0,11168430.0,49.99490026375319
30.9,-1000000.0,11168240.0,49.99500671881083
30.91,-1000000.0,11168040.0,49.99509944597994
30.92,-1000000.0,11167840.0,49.99516823334411
30.93,-1000000.0,11167630.0,49.99520581145139
30.94,-1000000.0,11167410.0,49.99520864242987
30.95,-1000000.0,11167190.0,49.99517719802112
30.96,-1000000.0,11166960.0,49.995115628824536
30.97,-1000000.0,11166730.0,49.99503101645343
30.98,-1000000.0,11166490.0,49.994932401258325
30.99,-1000000.0,11166250.0,49.994830000564626
31.0,-1000000.0,11166000.0,49.994734490510844
31.01,-1000000.0,11165740.0,49.994656153818
31.02,-1000000.0,11165480.0,49.9946038675525
31.03,-1000000.0,11165220.0,49.99458402502471
31.04,-1000000.0,11164950.0,49.9945995452424
31.05,-1000000.0,11164670.0,49.99464920006335
31.06,-1000000.0,11164390.0,49.9947276729633
31.07,-1000000.0,11164110.0,49.994826221075726
31.08,-1000000.0,11163820.0,49.994933705854585
31.09,-1000000.0,11163520.0,49.99503790800865
31.1,-1000000.0,11163220.0,49.99512699634426
31.11,-1000000.0,11162920.0,49.99519101090705
31.12,-1000000.0,11162610.0,49.99522306034096
31.13,-1000000.0,11162300.0,49.99522005487878
31.14,-1000000.0,11161980.0,49.995182926971246
31.15,-1000000.0,11161660.0,49.99511620542718
31.16,-1000000.0,11161330.0,49.995027264649266
31.17,-1000000.0,11161000.0,49.99492535872727
31.18,-1000000.0,11160670.0,49.9948208316718
31.19,-1000000.0,11160330.0,49.9947243997337
31.2,-1000000.0,11159990.0,49.99464627370005
31.21,-1000000.0,11159650.0,49.994595131465566
31.22,-1000000.0,11159300.0,49.99457703790027
31.23,-1000000.0,11158950.0,49.99459447362913
31.24,-1000000.0,11158600.0,49.99464571707774
31.25,-1000000.0,11158240.0,49.99472497139551
31.26,-1000000.0,11157880.0,49.9948231381411
31.27,-1000000.0,11157510.0,49.99492886009601
31.28,-1000000.0,11157150.0,49.99502985561158
31.29,-1000000.0,11156780.0,49.99511440673861
31.3,-1000000.0,11156410.0,49.995172828899356
31.31,-1000000.0,11156030.0,49.995198625788156
31.32,-1000000.0,11155660.0,49.995189165275846
31.33,-1000000.0,11155280.0,49.995145843102954
31.34,-1000000.0,11154900.0,49.99507356277062
31.35,-1000000.0,11154510.0,49.994979975552795
31.36,-1000000.0,11154130.0,49.99487452960542
31.37,-1000000.0,11153740.0,49.99476767946768
31.38,-1000000.0,11153350.0,49.99467016568666
31.39,-1000000.0,11152960.0,49.99459211126452
31.4,-1000000.0,11152570.0,49.994541979085156
31.41,-1000000.0,11152180.0,49.99452549118391
31.42,-1000000.0,11151780.0,49.99454467931599
31.43,-1000000.0,11151380.0,49.99459733379668
31.44,-1000000.0,11150990.0,49.994677205648244
31.45,-1000000.0,11150590.0,49.99477484607898
31.46,-1000000.0,11150190.0,49.99487868441384
31.47,-1000000.0,11149790.0,49.99497638625323
31.48,-1000000.0,11149390.0,49.99505636180816
31.49,-1000000.0,11148990.0,49.995109216472
31.5,-1000000.0,11148590.0,49.995128859533544
31.51,-1000000.0,11148190.0,49.995113121415024
31.52,-1000000.0,11147790.0,49.995063853575694
31.53,-1000000.0,11147390.0,49.994986340431666
31.54,-1000000.0,11146980.0,49.99488848775799
31.55,-1000000.0,11146580.0,49.99477991291498
31.56,-1000000.0,11146180.0,49.9946711705599
31.57,-1000000.0,11145780.0,49.99457301108075
31.58,-1000000.0,11145380.0,49.99449545448613
31.59,-1000000.0,11144980.0,49.99444673321765
31.6,-1000000.0,11144590.0,49.99443221260854
31.61,-1000000.0,11144190.0,49.99445346593724
31.62,-1000000.0,11143790.0,49.99450782068655
31.63,-1000000.0,11143400.0,49.9945886009559
31.64,-1000000.0,11143000.0,49.99468601452863
31.65,-1000000.0,11142610.0,49.9947882884038
31.66,-1000000.0,11142220.0,49.99488305234005
31.67,-1000000.0,11141830.0,49.994958863768844
31.68,-1000000.0,11141440.0,49.99500663438955
31.69,-1000000.0,11141060.0,49.99502068944378
31.7,-1000000.0,11140670.0,49.9949993250517
31.71,-1000000.0,11140290.0,49.994944841635444
31.72,-1000000.0,11139910.0,49.99486291114552
31.73,-1000000.0,11139530.0,49.994761698427126
31.74,-1000000.0,11139160.0,49.994650989274064
31.75,-1000000.0,11138780.0,49.994541430383755
31.76,-1000000.0,11138420.0,49.9944437687185
31.77,-1000000.0,11138050.0,49.994367904214116
31.78,-1000000.0,11137680.0,49.99432181979401
31.79,-1000000.0,11137320.0,49.99431050581949
31.8,-1000000.0,11136960.0,49.99433506275348
31.81,-1000000.0,11136610.0,49.99439234870929
31.82,-1000000.0,11136250.0,49.994475262950324
31.83,-1000000.0,11135900.0,49.99457368029774
31.84,-1000000.0,11135560.0,49.994675642694524
31.85,-1000000.0,11135220.0,49.99476876456737
31.86,-1000000.0,11134880.0,49.99484177018373
31.87,-1000000.0,11134540.0,49.9948858925803
31.88,-1000000.0,11134210.0,49.994895881278694
31.89,-1000000.0,11133880.0,49.99487049930851
31.9,-1000000.0,11133560.0,49.99481249091026
31.91,-1000000.0,11133240.0,49.994727905043696
31.92,-1000000.0,11132930.0,49.99462515186296
31.93,-1000000.0,11132620.0,49.9945141702423
31.94,-1000000.0,11132310.0,49.994405681987494
31.95,-1000000.0,11132010.0,49.99431041158724
31.96,-1000000.0,11131720.0,49.99423811790592
31.97,-1000000.0,11131420.0,49.994196512511714
31.98,-1000000.0,11131140.0,49.99419019035294
31.99,-1000000.0,11130850.0,49.99421976341286
32.0,-1000000.0,11130580.0,49.99428161294602
32.01,-1000000.0,11130300.0,49.99436821466411
32.02,-1000000.0,11130040.0,49.99446912029713
32.03,-1000000.0,11129770.0,49.994572203596135
32.04,-1000000.0,11129520.0,49.99466508385678
32.05,-1000000.0,11129260.0,49.99473667125084
32.06,-1000000.0,11129020.0,49.994778534509805
32.07,-1000000.0,11128780.0,49.994785855014484
32.08,-1000000.0,11128540.0,49.99475786318109
32.09,-1000000.0,11128320.0,49.99469774139446
32.1,-1000000.0,11128090.0,49.994611905216985
32.11,-1000000.0,11127870.0,49.99450899717195
32.12,-1000000.0,11127660.0,49.99439909504712
32.13,-1000000.0,11127460.0,49.99429298020469
32.14,-1000000.0,11127260.0,49.99420133752495
32.15,-1000000.0,11127060.0,49.994133766156956
32.16,-1000000.0,11126880.0,49.99409768760433
32.17,-1000000.0,11126700.0,49.99409728521368
32.18,-1000000.0,11126520.0,49.994132671785984
32.19,-1000000.0,11126350.0,49.99419974994588
32.2,-1000000.0,11126190.0,49.99429059969293
32.21,-1000000.0,11126030.0,49.99439448621375
32.22,-1000000.0,11125880.0,49.99449914452141
32.23,-1000000.0,11125740.0,49.99459222761089
32.24,-1000000.0,11125610.0,49.99466285536902
32.25,-1000000.0,11125480.0,49.99470294887517
32.26,-1000000.0,11125360.0,49.99470812990438
32.27,-1000000.0,11125240.0,49.994678097279106
32.28,-1000000.0,11125130.0,49.994616454926614
32.29,-1000000.0,11125030.0,49.994529948615686
32.3,-1000000.0,11124940.0,49.99442745765686
32.31,-1000000.0,11124850.0,49.9943192102683
32.32,-1000000.0,11124770.0,49.99421605348307
32.33,-1000000.0,11124690.0,49.99412862744877
32.34,-1000000.0,11124630.0,49.994066359208276
32.35,-1000000.0,11124570.0,49.99403636445708
32.36,-1000000.0,11124520.0,49.994042400191915
32.37,-1000000.0,11124470.0,49.99408407883881
32.38,-1000000.0,11124430.0,49.99415680593106
32.39,-1000000.0,11124400.0,49.99425226958168
32.4,-1000000.0,11124380.0,49.99435946568674
32.41,-1000000.0,11124360.0,49.994466007668024
32.42,-1000000.0,11124360.0,49.99455960472082
32.43,-1000000.0,11124360.0,49.99462960633933
32.44,-1000000.0,11124360.0,49.99466829932094
32.45,-1000000.0,11124380.0,49.994671750878396
32.46,-1000000.0,11124400.0,49.994640125176154
32.47,-1000000.0,11124430.0,49.99457741213117
32.48,-1000000.0,11124460.0,49.99449065774259
32.49,-1000000.0,11124510.0,49.994388962099165
32.5,-1000000.0,11124560.0,49.99428268806801
32.51,-1000000.0,11124620.0,49.994182732459905
32.52,-1000000.0,11124680.0,49.99409967440386
32.53,-1000000.0,11124760.0,49.99404275252635
32.54,-1000000.0,11124840.0,49.99401876197212
32.55,-1000000.0,11124930.0,49.99403102279824
32.56,-1000000.0,11125030.0,49.994078645929804
32.57,-1000000.0,11125130.0,49.99415653669291
32.58,-1000000.0,11125240.0,49.9942559988776
32.59,-1000000.0,11125360.0,49.99436577614962
32.6,-1000000.0,11125490.0,49.99447338608397
32.61,-1000000.0,11125620.0,49.994566622831385
32.62,-1000000.0,11125760.0,49.99463509204393
32.63,-1000000.0,11125910.0,49.99467146684864
32.64,-1000000.0,11126070.0,49.99467227290539
32.65,-1000000.0,11126240.0,49.994638145339785
32.66,-1000000.0,11126410.0,49.99457345916623
32.67,-1000000.0,11126590.0,49.99448555604165
32.68,-1000000.0,11126770.0,49.99438375006813
32.69,-1000000.0,11126970.0,49.99427852990039
32.7,-1000000.0,11127170.0,49.99418083133053
32.71,-1000000.0,11127380.0,49.994101159937934
32.72,-1000000.0,11127600.0,49.994048552418086
32.73,-1000000.0,11127820.0,49.99402947077582
32.74,-1000000.0,11128050.0,49.99404678938244
32.75,-1000000.0,11128290.0,49.99409911595938
32.76,-1000000.0,11128530.0,49.9941808635319
32.77,-1000000.0,11128790.0,49.99428296898315
32.78,-1000000.0,11129050.0,49.994393948672254
32.79,-1000000.0,11129310.0,49.99450125349607
32.8,-1000000.0,11129590.0,49.99459279178554
32.81,-1000000.0,11129870.0,49.99465845070245
32.82,-1000000.0,11130160.0,49.99469130845404
32.83,-1000000.0,11130450.0,49.99468836020004
32.84,-1000000.0,11130750.0,49.99465071591656
32.85,-1000000.0,11131060.0,49.9945831334643
32.86,-1000000.0,11131380.0,49.99449324434737
32.87,-1000000.0,11131700.0,49.994390569033065
32.88,-1000000.0,11132030.0,49.9942857127243
32.89,-1000000.0,11132370.0,49.994189639028676
32.9,-1000000.0,11132710.0,49.99411276686942
32.91,-1000000.0,11133060.0,49.99406391679438
32.92,-1000000.0,11133410.0,49.99404920406583
32.93,-1000000.0,11133780.0,49.994071047050475
32.94,-1000000.0,11134140.0,49.9941275463772
32.95,-1000000.0,11134520.0,49.994212628785704
32.96,-1000000.0,11134900.0,49.994316869158595
32.97,-1000000.0,11135290.0,49.994428568131525
32.98,-1000000.0,11135680.0,49.99453512717953
32.99,-1000000.0,11136080.0,49.99462458896215
33.0,-1000000.0,11136480.0,49.994687140237026
33.01,-1000000.0,11136900.0,49.994716277050586
33.02,-1000000.0,11137310.0,49.99470947016623
33.03,-1000000.0,11137740.0,49.99466830431573
33.04,-1000000.0,11138170.0,49.99459791475275
33.05,-1000000.0,11138600.0,49.994506186791334
33.06,-1000000.0,11139040.0,49.994402810424546
33.07,-1000000.0,11139490.0,49.99429848751561
33.08,-1000000.0,11139940.0,49.994204190625936
33.09,-1000000.0,11140390.0,49.994130235139735
33.1,-1000000.0,11140860.0,49.99408520992708
33.11,-1000000.0,11141320.0,49.99407487042188
33.12,-1000000.0,11141790.0,49.99410117052873
33.13,-1000000.0,11142270.0,49.99416171674913
33.14,-1000000.0,11142750.0,49.99424998474322
33.15,-1000000.0,11143240.0,49.994356193343954
33.16,-1000000.0,11143730.0,49.9944684297581
33.17,-1000000.0,11144230.0,49.99457405367933
33.18,-1000000.0,11144730.0,49.99466125482155
33.19,-1000000.0,11145230.0,49.99472053164865
33.2,-1000000.0,11145740.0,49.994745806019765
33.21,-1000000.0,11146260.0,49.994735026937306
33.22,-1000000.0,11146770.0,49.99469024248384
33.23,-1000000.0,11147300.0,49.99461698098954
33.24,-1000000.0,11147820.0,49.994523391005025
33.25,-1000000.0,11148350.0,49.99441933393376
33.26,-1000000.0,11148880.0,49.99431560873076
33.27,-1000000.0,11149420.0,49.9942231908398
33.28,-1000000.0,11149960.0,49.994152282123736
33.29,-1000000.0,11150510.0,49.99411122725275
33.3,-1000000.0,11151060.0,49.994105409141305
33.31,-1000000.0,11151610.0,49.99413630738631
33.32,-1000000.0,11152160.0,49.99420105421708
33.33,-1000000.0,11152720.0,49.99429269221584
33.34,-1000000.0,11153280.0,49.99440109770695
33.35,-1000000.0,11153840.0,49.99451416482462
33.36,-1000000.0,11154410.0,49.99461923335773
33.37,-1000000.0,11154980.0,49.99470466039618
33.38,-1000000.0,11155550.0,49.99476127160017
33.39,-1000000.0,11156120.0,49.9947834231309
33.4,-1000000.0,11156700.0,49.9947695432373
33.41,-1000000.0,11157280.0,49.99472213628679
33.42,-1000000.0,11157860.0,49.9946471182228
33.43,-1000000.0,11158440.0,49.994552889792445
33.44,-1000000.0,11159030.0,49.99444947091899
33.45,-1000000.0,11159620.0,49.9943477412185
33.46,-1000000.0,11160200.0,49.994258659246064
33.47,-1000000.0,11160790.0,49.9941922906202
33.48,-1000000.0,11161380.0,49.99415671146806
33.49,-1000000.0,11161980.0,49.99415690868844
33.5,-1000000.0,11162570.0,49.994193868236096
33.51,-1000000.0,11163170.0,49.99426423621126
33.52,-1000000.0,11163760.0,49.99436061874242
33.53,-1000000.0,11164360.0,49.99447255503648
33.54,-1000000.0,11164960.0,49.994587759025414
33.55,-1000000.0,11165560.0,49.99469356750604
33.56,-1000000.0,11166160.0,49.99477852140693
33.57,-1000000.0,11166760.0,49.99483378586581
33.58,-1000000.0,11167360.0,49.99485415730241
33.59,-1000000.0,11167960.0,49.994838542370935
33.6,-1000000.0,11168560.0,49.994789894772204
33.61,-1000000.0,11169160.0,49.994714506171654
33.62,-1000000.0,11169760.0,49.994621014823664
33.63,-1000000.0,11170360.0,49.99451958323983
33.64,-1000000.0,11170960.0,49.99442115446036
33.65,-1000000.0,11171560.0,49.99433665101801
33.66,-1000000.0,11172150.0,49.99427598125755
33.67,-1000000.0,11172750.0,49.994246931117324
33.68,-1000000.0,11173350.0,49.99425407158243
33.69,-1000000.0,11173940.0,49.99429787999083
33.7,-1000000.0,11174540.0,49.99437451006623
33.71,-1000000.0,11175130.0,49.99447613476873
33.72,-1000000.0,11175720.0,49.99459196830166
33.73,-1000000.0,11176320.0,49.994709563214656
33.74,-1000000.0,11176900.0,49.99481627499248
33.75,-1000000.0,11177490.0,49.99490084879209
33.76,-1000000.0,11178080.0,49.99495480487789
33.77,-1000000.0,11178660.0,49.9949733888924
33.78,-1000000.0,11179250.0,49.99495598812981
33.79,-1000000.0,11179830.0,49.994906002247156
33.8,-1000000.0,11180400.0,49.99483008786935
33.81,-1000000.0,11180980.0,49.99473712960017
33.82,-1000000.0,11181550.0,49.994637443243626
33.83,-1000000.0,11182120.0,49.99454203862368
33.84,-1000000.0,11182690.0,49.994461796494335
33.85,-1000000.0,11183260.0,49.994406456013245
33.86,-1000000.0,11183820.0,49.99438349793449
33.87,-1000000.0,11184380.0,49.99439706306586
33.88,-1000000.0,11184930.0,49.994447110558596
33.89,-1000000.0,11185490.0,49.99452929675615
33.9,-1000000.0,11186040.0,49.994635403559904
33.91,-1000000.0,11186580.0,49.99475437249115
33.92,-1000000.0,11187120.0,49.99487362664152
33.93,-1000000.0,11187660.0,49.99498057018955
33.94,-1000000.0,11188200.0,49.99506417473471
33.95,-1000000.0,11188730.0,49.995116328923025
33.96,-1000000.0,11189250.0,49.995132731989194
33.97,-1000000.0,11189780.0,49.99511324854215
33.98,-1000000.0,11190300.0,49.995061693554355
33.99,-1000000.0,11190810.0,49.994985043095625
34.0,-1000000.0,11191320.0,49.99489241249783
34.01,-1000000.0,11191820.0,49.99479426227794
34.02,-1000000.0,11192320.0,49.9947016604153
34.03,-1000000.0,11192820.0,49.994625432820975
34.04,-1000000.0,11193310.0,49.994575133040776
34.05,-1000000.0,11193800.0,49.99455791910311
34.06,-1000000.0,11194280.0,49.99457748630554
34.07,-1000000.0,11194750.0,49.99463327672373
34.08,-1000000.0,11195220.0,49.99472042559475
34.09,-1000000.0,11195690.0,49.994830306699676
34.1,-1000000.0,11196140.0,49.99495158553723
34.11,-1000000.0,11196600.0,49.99507156813287
34.12,-1000000.0,11197050.0,49.995177728035344
34.13,-1000000.0,11197490.0,49.99525928479954
34.14,-1000000.0,11197920.0,49.99530851261389
34.15,-1000000.0,11198350.0,49.99532157413886
34.16,-1000000.0,11198780.0,49.99529881334781
34.17,-1000000.0,11199200.0,49.99524443845908
34.18,-1000000.0,11199610.0,49.995165728061345
34.19,-1000000.0,11200010.0,49.99507201734484
34.2,-1000000.0,11200410.0,49.99497389793736
34.21,-1000000.0,11200800.0,49.994882482041916
34.22,-1000000.0,11201190.0,49.99480852616004
34.23,-1000000.0,11201570.0,49.994761383736005
34.24,-1000000.0,11201940.0,49.99474787741077
34.25,-1000000.0,11202300.0,49.99477124884809
34.26,-1000000.0,11202660.0,49.994830423052875
34.27,-1000000.0,11203010.0,49.99492002429106
34.28,-1000000.0,11203360.0,49.99503103977099
34.29,-1000000.0,11203690.0,49.995151888500786
34.3,-1000000.0,11204020.0,49.99526979362155
34.31,-1000000.0,11204340.0,49.99537233270045
34.32,-1000000.0,11204660.0,49.99544900419876
34.33,-1000000.0,11204970.0,49.99549249203635
34.34,-1000000.0,11205270.0,49.99549943865013
34.35,-1000000.0,11205560.0,49.9954706764423
34.36,-1000000.0,11205840.0,49.99541081035249
34.37,-1000000.0,11206120.0,49.995327422503024
34.38,-1000000.0,11206390.0,49.995230067154026
34.39,-1000000.0,11206650.0,49.99512946377218
34.4,-1000000.0,11206900.0,49.99503676279269
34.41,-1000000.0,11207150.0,49.99496264285335
34.42,-1000000.0,11207390.0,49.99491624700363
34.43,-1000000.0,11207620.0,49.99490405223229
34.44,-1000000.0,11207840.0,49.99492883928559
34.45,-1000000.0,11208050.0,49.99498901493274
34.46,-1000000.0,11208260.0,49.99507870055753
34.47,-1000000.0,11208460.0,49.995188514464736
34.48,-1000000.0,11208640.0,49.99530665379013
34.49,-1000000.0,11208820.0,49.99542028711892
34.5,-1000000.0,11209000.0,49.995517124257034
34.51,-1000000.0,11209160.0,49.99558696696643
34.52,-1000000.0,11209320.0,49.995622926853684
34.53,-1000000.0,11209470.0,49.99562213659999
34.54,-1000000.0,11209600.0,49.995585920613074
34.55,-1000000.0,11209740.0,49.9955192781515
34.56,-1000000.0,11209860.0,49.99543008447828
34.57,-1000000.0,11209970.0,49.99532810207253
34.58,-1000000.0,11210080.0,49.99522417022242
34.59,-1000000.0,11210180.0,49.99512946585075
34.6,-1000000.0,11210270.0,49.99505457539556
34.61,-1000000.0,11210350.0,49.99500841527363
34.62,-1000000.0,11210420.0,49.99499710048299
34.63,-1000000.0,11210480.0,49.995022937111706
34.64,-1000000.0,11210540.0,49.99508380592723
34.65,-1000000.0,11210590.0,49.99517333337997
34.66,-1000000.0,11210630.0,49.99528175440464
34.67,-1000000.0,11210660.0,49.99539703160261
34.68,-1000000.0,11210680.0,49.99550627721199
34.69,-1000000.0,11210690.0,49.99559734149872
34.7,-1000000.0,11210700.0,49.995660340180514
34.71,-1000000.0,11210700.0,49.99568882075645
34.72,-1000000.0,11210680.0,49.99568040972592
34.73,-1000000.0,11210660.0,49.99563692034579
34.74,-1000000.0,11210640.0,49.99556374690766
34.75,-1000000.0,11210600.0,49.99546902065281
34.76,-1000000.0,11210560.0,49.995362670228836
34.77,-1000000.0,11210500.0,49.995255632533286
34.78,-1000000.0,11210440.0,49.99515909080616
34.79,-1000000.0,11210380.0,49.99508352171417
34.8,-1000000.0,11210300.0,49.99503759918218
34.81,-1000000.0,11210220.0,49.99502706311444
34.82,-1000000.0,11210120.0,49.995053737052466
34.83,-1000000.0,11210020.0,49.99511500079352
34.84,-1000000.0,11209910.0,49.99520402494468
34.85,-1000000.0,11209800.0,49.995310682998216
34.86,-1000000.0,11209670.0,49.99542272776813
34.87,-1000000.0,11209540.0,49.99552724063017
34.88,-1000000.0,11209400.0,49.9956122361095
34.89,-1000000.0,11209260.0,49.99566816235371
34.9,-1000000.0,11209100.0,49.995689013784606
34.91,-1000000.0,11208940.0,49.995672913854186
34.92,-1000000.0,11208770.0,49.995622152191316
34.93,-1000000.0,11208590.0,49.99554253247061
34.94,-1000000.0,11208410.0,49.99544245868933
34.95,-1000000.0,11208220.0,49.99533203670246
34.96,-1000000.0,11208020.0,49.99522230112853
34.97,-1000000.0,11207810.0,49.995124433798814
34.98,-1000000.0,11207600.0,49.99504878823692
34.99,-1000000.0,11207380.0,49.99500377900999
35.0,-1000000.0,11207150.0,49.99499475345572
35.01,-1000000.0,11206920.0,49.99502303799394
35.02,-1000000.0,11206680.0,49.99508551853368
35.03,-1000000.0,11206430.0,49.995174919053305
35.04,-1000000.0,11206170.0,49.995280764122626
35.05,-1000000.0,11205910.0,49.995390615103545
35.06,-1000000.0,11205640.0,49.99549154270386
35.07,-1000000.0,11205370.0,49.99557174444281
35.08,-1000000.0,11205090.0,49.995622014848806
35.09,-1000000.0,11204800.0,49.9956368021419
35.1,-1000000.0,11204510.0,49.9956147262406
35.11,-1000000.0,11204210.0,49.99555854596917
35.12,-1000000.0,11203910.0,49.995474461363756
35.13,-1000000.0,11203600.0,49.99537113242823
35.14,-1000000.0,11203280.0,49.995258823608765
35.15,-1000000.0,11202960.0,49.99514864677857
35.16,-1000000.0,11202630.0,49.99505175932485
35.17,-1000000.0,11202300.0,49.99497836581552
35.18,-1000000.0,11201960.0,49.994936594052014
35.19,-1000000.0,11201610.0,49.99493137242786
35.2,-1000000.0,11201260.0,49.99496350837769
35.21,-1000000.0,11200910.0,49.995029380226526
35.22,-1000000.0,11200550.0,49.995121260739936
35.23,-1000000.0,11200180.0,49.99522833045051
35.24,-1000000.0,11199810.0,49.99533797234931
35.25,-1000000.0,11199440.0,49.99543726386404
35.26,-1000000.0,11199060.0,49.995514602257394
35.27,-1000000.0,11198670.0,49.995561140616594
35.28,-1000000.0,11198280.0,49.99557178633607
35.29,-1000000.0,11197890.0,49.995545653858464
35.3,-1000000.0,11197500.0,49.99548596301237
35.31,-1000000.0,11197090.0,49.995399297190545
35.32,-1000000.0,11196690.0,49.99529456412204
35.33,-1000000.0,11196280.0,49.9951821776632
35.34,-1000000.0,11195870.0,49.99507331400909
35.35,-1000000.0,11195450.0,49.994979088608474
35.36,-1000000.0,11195030.0,49.99490953618119
35.37,-1000000.0,11194610.0,49.99487247545596
35.38,-1000000.0,11194180.0,49.99487239537012
35.39,-1000000.0,11193750.0,49.99490956954784
35.4,-1000000.0,11193320.0,49.99497986338203
35.41,-1000000.0,11192880.0,49.99507512479154
35.42,-1000000.0,11192440.0,49.99518422382271
35.43,-1000000.0,11192000.0,49.995294389887555
35.44,-1000000.0,11191550.0,49.99539273406313
35.45,-1000000.0,11191100.0,49.99546787603353
35.46,-1000000.0,11190650.0,49.995511342977814
35.47,-1000000.0,11190200.0,49.995518508715676
35.48,-1000000.0,11189750.0,49.99548898176216
35.49,-1000000.0,11189290.0,49.9954264346348
35.5,-1000000.0,11188830.0,49.995337809335325
35.51,-1000000.0,11188370.0,49.995232266573105
35.52,-1000000.0,11187910.0,49.995120382481716
35.53,-1000000.0,11187450.0,49.99501340239724
35.54,-1000000.0,11186980.0,49.99492239280881
35.55,-1000000.0,11186510.0,49.99485720379038
35.56,-1000000.0,11186050.0,49.994825326857764
35.57,-1000000.0,11185580.0,49.99483079489538
35.58,-1000000.0,11185110.0,49.9948733412357
35.59,-1000000.0,11184640.0,49.99494830109176
35.6,-1000000.0,11184160.0,49.995047106498056
35.61,-1000000.0,11183690.0,49.99515834365889
35.62,-1000000.0,11183220.0,49.995269114625955
35.63,-1000000.0,11182740.0,49.99536659180613
35.64,-1000000.0,11182270.0,49.99543963982284
35.65,-1000000.0,11181800.0,49.995480173872444
35.66,-1000000.0,11181320.0,49.99548403816624
35.67,-1000000.0,11180850.0,49.99545133022406
35.68,-1000000.0,11180380.0,49.99538613268125
35.69,-1000000.0,11179900.0,49.99529570216484
35.7,-1000000.0,11179430.0,49.9951894290938
35.71,-1000000.0,11178960.0,49.99507802792395
35.72,-1000000.0,11178490.0,49.99497279304033
35.73,-1000000.0,11178020.0,49.99488472366252
35.74,-1000000.0,11177550.0,49.994823468283286
35.75,-1000000.0,11177080.0,49.99479617686541
35.76,-1000000.0,11176610.0,49.99480641703287
35.77,-1000000.0,11176140.0,49.99485338833322
35.78,-1000000.0,11175680.0,49.994931894642086
35.79,-1000000.0,11175210.0,49.99503296098858
35.8,-1000000.0,11174750.0,49.99514490810732
35.81,-1000000.0,11174290.0,49.9952547398392
35.82,-1000000.0,11173830.0,49.9953497230864
35.83,-1000000.0,11173380.0,49.99541899833317
35.84,-1000000.0,11172920.0,49.9954548931795
35.85,-1000000.0,11172470.0,49.9954537382093
35.86,-1000000.0,11172020.0,49.99541612771607
35.87,-1000000.0,11171580.0,49.99534654813616
35.88,-1000000.0,11171130.0,49.995252564816
35.89,-1000000.0,11170690.0,49.99514379069597
35.9,-1000000.0,11170250.0,49.995031070032695
35.91,-1000000.0,11169810.0,49.99492573635856
35.92,-1000000.0,11169380.0,49.99483871035683
35.93,-1000000.0,11168950.0,49.994779427115816
35.94,-1000000.0,11168520.0,49.994754684714486
35.95,-1000000.0,11168100.0,49.99476757984021
35.96,-1000000.0,11167680.0,49.9948167805283
35.97,-1000000.0,11167260.0,49.994896572685974
35.98,-1000000.0,11166850.0,49.994997598487714
35.99,-1000000.0,11166440.0,49.99510794530925
36.0,-1000000.0,11166030.0,49.99521455495799
36.01,-1000000.0,11165630.0,49.99530482453975
36.02,-1000000.0,11165230.0,49.995368201389866
36.03,-1000000.0,11164840.0,49.995397448916584
36.04,-1000000.0,11164450.0,49.99538939881948
36.05,-1000000.0,11164070.0,49.99534514893441
36.06,-1000000.0,11163690.0,49.99526958994905
36.07,-1000000.0,11163310.0,49.99517059303869
36.08,-1000000.0,11162940.0,49.99505798877284
36.09,-1000000.0,11162570.0,49.9949427442273
36.1,-1000000.0,11162210.0,49.99483622263679
36.11,-1000000.0,11161850.0,49.99474925428378
36.12,-1000000.0,11161500.0,49.99469104753049
36.13,-1000000.0,11161160.0,49.99466803571879
36.14,-1000000.0,11160820.0,49.99468283511446
36.15,-1000000.0,11160480.0,49.99473357962491
36.16,-1000000.0,11160150.0,49.9948140463159
36.17,-1000000.0,11159820.0,49.994914489764106
36.18,-1000000.0,11159500.0,49.99502276317603
36.19,-1000000.0,11159190.0,49.99512575657089
36.2,-1000000.0,11158880.0,49.99521101469361
36.21,-1000000.0,11158580.0,49.995268309376755
36.22,-1000000.0,11158280.0,49.9952908531311
36.23,-1000000.0,11157990.0,49.99527598569472
36.24,-1000000.0,11157710.0,49.995225309203505
36.25,-1000000.0,11157430.0,49.995144113948015
36.26,-1000000.0,11157160.0,49.99504053666289
36.27,-1000000.0,11156890.0,49.99492458671806
36.28,-1000000.0,11156630.0,49.99480733638778
36.29,-1000000.0,11156380.0,49.994700160084214
36.3,-1000000.0,11156130.0,49.994613780689384
36.31,-1000000.0,11155890.0,49.99455716389854
36.32,-1000000.0,11155660.0,49.99453636492254
36.33,-1000000.0,11155430.0,49.994553511387174
36.34,-1000000.0,11155210.0,49.99460620661867
36.35,-1000000.0,11155000.0,49.99468774412089
36.36,-1000000.0,11154790.0,49.99478800542798
36.37,-1000000.0,11154590.0,49.99489462546339
36.38,-1000000.0,11154400.0,49.99499446055756
36.39,-1000000.0,11154210.0,49.99507522268129
36.4,-1000000.0,11154030.0,49.995127024083665
36.41,-1000000.0,11153860.0,49.99514353560737
36.42,-1000000.0,11153690.0,49.99512260700868
36.43,-1000000.0,11153540.0,49.995066334629115
36.44,-1000000.0,11153390.0,49.994980423201284
36.45,-1000000.0,11153240.0,49.9948732847333
36.46,-1000000.0,11153110.0,49.99475510456839
36.47,-1000000.0,11152980.0,49.994637052993205
36.48,-1000000.0,11152860.0,49.99453050405736
36.49,-1000000.0,11152740.0,49.99444605851621
36.5,-1000000.0,11152640.0,49.994392422905364
36.51,-1000000.0,11152540.0,49.99437525852983
36.52,-1000000.0,11152450.0,49.9943961926369
36.53,-1000000.0,11152370.0,49.99445232838068
36.54,-1000000.0,11152290.0,49.994536505500456
36.55,-1000000.0,11152220.0,49.9946382501152
36.56,-1000000.0,11152160.0,49.994745002022775
36.57,-1000000.0,11152110.0,49.994843606922785
36.58,-1000000.0,11152060.0,49.994921963715996
36.59,-1000000.0,11152030.0,49.9949705382493
36.6,-1000000.0,11152000.0,49.99498346440301
36.61,-1000000.0,11151980.0,49.994959097830375
36.62,-1000000.0,11151960.0,49.99490001204647
36.63,-1000000.0,11151960.0,49.994812313084964
36.64,-1000000.0,11151960.0,49.994704669885856
36.65,-1000000.0,11151970.0,49.994587425575034
36.66,-1000000.0,11151990.0,49.994471826636925
36.67,-1000000.0,11152010.0,49.99436922167372
36.68,-1000000.0,11152050.0,49.99429006139892
36.69,-1000000.0,11152090.0,49.99424276392816
36.7,-1000000.0,11152140.0,49.99423256880502
36.71,-1000000.0,11152190.0,49.99426057985982
36.72,-1000000.0,11152260.0,49.99432338678878
36.73,-1000000.0,11152330.0,49.99441337070868
36.74,-1000000.0,11152410.0,49.994519706696764
36.75,-1000000.0,11152500.0,49.994629651651564
36.76,-1000000.0,11152600.0,49.9947300567536
36.77,-1000000.0,11152700.0,49.99480902299046
36.78,-1000000.0,11152810.0,49.99485737995036
36.79,-1000000.0,11152930.0,49.99486972741216
36.8,-1000000.0,11153060.0,49.99484492229168
36.81,-1000000.0,11153190.0,49.99478600416892
36.82,-1000000.0,11153340.0,49.994699463875186
36.83,-1000000.0,11153490.0,49.99459420808109
36.84,-1000000.0,11153650.0,49.99448071769101
36.85,-1000000.0,11153810.0,49.99437029435747
36.86,-1000000.0,11153980.0,49.99427423843137
36.87,-1000000.0,11154170.0,49.994202826213304
36.88,-1000000.0,11154360.0,49.99416416276063
36.89,-1000000.0,11154550.0,49.99416304357281
36.9,-1000000.0,11154760.0,49.99420003281758
36.91,-1000000.0,11154970.0,49.99427120021196
36.92,-1000000.0,11155190.0,49.99436847303998
36.93,-1000000.0,11155410.0,49.994480687411475
36.94,-1000000.0,11155650.0,49.994594933539865
36.95,-1000000.0,11155890.0,49.994698089998025
36.96,-1000000.0,11156140.0,49.99477848071101
36.97,-1000000.0,11156390.0,49.994827314762105
36.98,-1000000.0,11156660.0,49.99483966638966
36.99,-1000000.0,11156920.0,49.99481489515833
37.0,-1000000.0,11157200.0,49.99475650235074
37.01,-1000000.0,11157490.0,49.9946713500999
37.02,-1000000.0,11157780.0,49.99456860154871
37.03,-1000000.0,11158080.0,49.99445889910718
37.04,-1000000.0,11158380.0,49.994353612095914
37.05,-1000000.0,11158690.0,49.994263991947626
37.06,-1000000.0,11159010.0,49.99420013116309
37.07,-1000000.0,11159340.0,49.99416980826753
37.08,-1000000.0,11159670.0,49.994177362140256
37.09,-1000000.0,11160010.0,49.99422281013692
37.1,-1000000.0,11160350.0,49.99430170242093
37.11,-1000000.0,11160700.0,49.99440556716867
37.12,-1000000.0,11161060.0,49.99452296620149
37.13,-1000000.0,11161430.0,49.9946408665728
37.14,-1000000.0,11161800.0,49.994746210962774
37.15,-1000000.0,11162170.0,49.994827571944356
37.16,-1000000.0,11162560.0,49.994876552110966
37.17,-1000000.0,11162940.0,49.99488870315425
37.18,-1000000.0,11163340.0,49.99486388128017
37.19,-1000000.0,11163740.0,49.9948060264661
37.2,-1000000.0,11164150.0,49.994722337121694
37.21,-1000000.0,11164560.0,49.99462221153555
37.22,-1000000.0,11164980.0,49.99451643387235
37.23,-1000000.0,11165400.0,49.99441642323366
37.24,-1000000.0,11165830.0,49.99433336252618
37.25,-1000000.0,11166260.0,49.994277139724105
37.26,-1000000.0,11166700.0,49.99425518673499
37.27,-1000000.0,11167150.0,49.994271369496104
37.28,-1000000.0,11167600.0,49.99432515846249
37.29,-1000000.0,11168050.0,49.994411556446025
37.3,-1000000.0,11168510.0,49.99452166461454
37.31,-1000000.0,11168970.0,49.99464376333099
37.32,-1000000.0,11169440.0,49.994764708388345
37.33,-1000000.0,11169920.0,49.994871527510995
37.34,-1000000.0,11170400.0,49.994953063429094
37.35,-1000000.0,11170880.0,49.995001328607984
37.36,-1000000.0,11171360.0,49.995012360483855
37.37,-1000000.0,11171860.0,49.99498651187066
37.38,-1000000.0,11172350.0,49.9949281241318
37.39,-1000000.0,11172850.0,49.99484469859349
37.4,-1000000.0,11173350.0,49.99474584894086
37.41,-1000000.0,11173860.0,49.994642482691724
37.42,-1000000.0,11174370.0,49.994546052900894
37.43,-1000000.0,11174880.0,49.99446765966734
37.44,-1000000.0,11175400.0,49.99441697361954
37.45,-1000000.0,11175920.0,49.99440107032362
37.46,-1000000.0,11176440.0,49.99442333887947
37.47,-1000000.0,11176970.0,49.99448271033681
37.48,-1000000.0,11177500.0,49.99457365862999
37.49,-1000000.0,11178040.0,49.994686889761084
37.5,-1000000.0,11178570.0,49.994810439220196
37.51,-1000000.0,11179110.0,49.99493109180779
37.52,-1000000.0,11179650.0,49.9950359997838
37.53,-1000000.0,11180190.0,49.99511431063205
37.54,-1000000.0,11180740.0,49.99515847362622
37.55,-1000000.0,11181280.0,49.99516503021966
37.56,-1000000.0,11181840.0,49.995134840362105
37.57,-1000000.0,11182390.0,49.99507265187159
37.58,-1000000.0,11182940.0,49.9949862719094
37.59,-1000000.0,11183500.0,49.994885530820156
37.6,-1000000.0,11184050.0,49.99478145827279
37.61,-1000000.0,11184610.0,49.99468553741054
37.62,-1000000.0,11185170.0,49.99460877917482
37.63,-1000000.0,11185730.0,49.99456062887287
37.64,-1000000.0,11186290.0,49.9945477980745
37.65,-1000000.0,11186850.0,49.994573194551464
37.66,-1000000.0,11187420.0,49.99463521205206
37.67,-1000000.0,11187980.0,49.994727807350436
37.68,-1000000.0,11188540.0,49.994841307883966
37.69,-1000000.0,11189110.0,49.994963528174594
37.7,-1000000.0,11189670.0,49.995081210078155
37.71,-1000000.0,11190240.0,49.995181659210665
37.72,-1000000.0,11190800.0,49.995254353056474
37.73,-1000000.0,11191360.0,49.99529219626615
37.74,-1000000.0,11191930.0,49.995292245394424
37.75,-1000000.0,11192490.0,49.99525587174693
37.76,-1000000.0,11193060.0,49.99518822792773
37.77,-1000000.0,11193620.0,49.99509741117804
37.78,-1000000.0,11194180.0,49.994993454806874
37.79,-1000000.0,11194740.0,49.99488750535417
37.8,-1000000.0,11195300.0,49.99479106583428
37.81,-1000000.0,11195860.0,49.99471504531363
37.82,-1000000.0,11196420.0,49.99466864922586
37.83,-1000000.0,11196980.0,49.99465821052901
37.84,-1000000.0,11197530.0,49.99468614390546
37.85,-1000000.0,11198080.0,49.99475030002683
37.86,-1000000.0,11198630.0,49.994844130445635
37.87,-1000000.0,11199180.0,49.994957568903544
37.88,-1000000.0,11199730.0,49.995078190903754
37.89,-1000000.0,11200270.0,49.995192690350606
37.9,-1000000.0,11200820.0,49.995288532118145
37.91,-1000000.0,11201360.0,49.99535553228413
37.92,-1000000.0,11201890.0,49.99538705724298
37.93,-1000000.0,11202430.0,49.995380680525756
37.94,-1000000.0,11202960.0,49.99533828204801
37.95,-1000000.0,11203490.0,49.995265421023284
37.96,-1000000.0,11204020.0,49.99517045448329
37.97,-1000000.0,11204540.0,49.995063580172506
37.98,-1000000.0,11205060.0,49.99495603823157
37.99,-1000000.0,11205580.0,49.99485933160271
38.0,-1000000.0,11206090.0,49.99478425017203
38.01,-1000000.0,11206600.0,49.994739743817846
38.02,-1000000.0,11207110.0,49.994731753899075
38.03,-1000000.0,11207610.0,49.99476219409178
38.04,-1000000.0,11208110.0,49.99482838987204
38.05,-1000000.0,11208600.0,49.994923316305304
38.06,-1000000.0,11209090.0,49.99503653636318
38.07,-1000000.0,11209580.0,49.9951554177744
38.08,-1000000.0,11210060.0,49.995266635806736
38.09,-1000000.0,11210540.0,49.99535783971423
38.1,-1000000.0,11211020.0,49.995419202346994
38.11,-1000000.0,11211480.0,49.99544456145134
38.12,-1000000.0,11211950.0,49.995432008624554
38.13,-1000000.0,11212410.0,49.995383915553674
38.14,-1000000.0,11212860.0,49.99530625947122
38.15,-1000000.0,11213310.0,49.99520767098823
38.16,-1000000.0,11213760.0,49.99509852186138
38.17,-1000000.0,11214200.0,49.99499014462173
38.18,-1000000.0,11214630.0,49.994894032999234
38.19,-1000000.0,11215060.0,49.99482084259526
38.2,-1000000.0,11215490.0,49.994779248909516
38.21,-1000000.0,11215900.0,49.99477478216456
38.22,-1000000.0,11216320.0,49.994808838352526
38.23,-1000000.0,11216730.0,49.99487823098605
38.24,-1000000.0,11217130.0,49.99497547453507
38.25,-1000000.0,11217520.0,49.99508977600421
38.26,-1000000.0,11217920.0,49.99520831399155
38.27,-1000000.0,11218300.0,49.99531776427438
38.28,-1000000.0,11218680.0,49.99540597721818
38.29,-1000000.0,11219050.0,49.99546349368514
38.3,-1000000.0,11219420.0,49.995484626690725
38.31,-1000000.0,11219780.0,49.99546798233121
38.32,-1000000.0,11220140.0,49.99541641361517
38.33,-1000000.0,11220480.0,49.995336298994545
38.34,-1000000.0,11220830.0,49.99523652204958
38.35,-1000000.0,11221160.0,49.99512760641244
38.36,-1000000.0,11221490.0,49.99502095336718
38.37,-1000000.0,11221820.0,49.99492802141799
38.38,-1000000.0,11222130.0,49.99485930321291
38.39,-1000000.0,11222440.0,49.99482316956347
38.4,-1000000.0,11222750.0,49.99482471024285
38.41,-1000000.0,11223040.0,49.99486477889045
38.42,-1000000.0,11223330.0,49.99493966082396
38.43,-1000000.0,11223620.0,49.99504140327573
38.44,-1000000.0,11223890.0,49.99515886052418
38.45,-1000000.0,11224160.0,49.99527903370788
38.46,-1000000.0,11224420.0,49.99538861518909
38.47,-1000000.0,11224680.0,49.99547567199399
38.48,-1000000.0,11224930.0,49.99553112400688
38.49,-1000000.0,11225170.0,49.99554976362356
38.5,-1000000.0,11225410.0,49.99553070836625
38.51,-1000000.0,11225630.0,49.995477283444664
38.52,-1000000.0,11225850.0,49.99539625411381
38.53,-1000000.0,11226070.0,49.99529676405091
38.54,-1000000.0,11226270.0,49.99518949854001
38.55,-1000000.0,11226470.0,49.99508592697388
38.56,-1000000.0,11226660.0,49.99499746144167
38.57,-1000000.0,11226850.0,49.99493441316451
38.58,-1000000.0,11227030.0,49.99490482609604
38.59,-1000000.0,11227200.0,49.99491332793821
38.6,-1000000.0,11227360.0,49.99496021365874
38.61,-1000000.0,11227520.0,49.99504123356793
38.62,-1000000.0,11227660.0,49.99514800107224
38.63,-1000000.0,11227800.0,49.99526905643659
38.64,-1000000.0,11227940.0,49.99539124679326
38.65,-1000000.0,11228060.0,49.99550130684967
38.66,-1000000.0,11228180.0,49.9955875406573
38.67,-1000000.0,11228290.0,49.995641259489325
38.68,-1000000.0,11228400.0,49.995657738682304
38.69,-1000000.0,11228500.0,49.995636602859896
38.7,-1000000.0,11228580.0,49.99558163933849
38.71,-1000000.0,11228660.0,49.995499975180316
38.72,-1000000.0,11228740.0,49.995401000704796
38.73,-1000000.0,11228810.0,49.995295553623656
38.74,-1000000.0,11228870.0,49.99519516205284
38.75,-1000000.0,11228920.0,49.99511117655592
38.76,-1000000.0,11228960.0,49.995053707909676
38.77,-1000000.0,11229000.0,49.99503045334278
38.78,-1000000.0,11229030.0,49.99504556188904
38.79,-1000000.0,11229050.0,49.99509876320877
38.8,-1000000.0,11229070.0,49.995185252813066
38.81,-1000000.0,11229070.0,49.995296210342914
38.82,-1000000.0,11229080.0,49.99541988499273
38.83,-1000000.0,11229070.0,49.9955429991146
38.84,-1000000.0,11229050.0,49.99565236020367
38.85,-1000000.0,11229030.0,49.99573653497489
38.86,-1000000.0,11229000.0,49.99578724318499
38.87,-1000000.0,11228970.0,49.995800250286194
38.88,-1000000.0,11228920.0,49.99577568616325
38.89,-1000000.0,11228870.0,49.99571776052992
38.9,-1000000.0,11228820.0,49.99563392085085
38.91,-1000000.0,11228750.0,49.995533788807265
38.92,-1000000.0,11228680.0,49.99542833883449
38.93,-1000000.0,11228600.0,49.9953291440721
38.94,-1000000.0,11228510.0,49.99524748072
38.95,-1000000.0,11228420.0,49.995193247205165
38.96,-1000000.0,11228320.0,49.995173784451275
38.97,-1000000.0,11228210.0,49.995192758335556
38.98,-1000000.0,11228100.0,49.995249346326126
38.99,-1000000.0,11227980.0,49.99533819732469
39.0,-1000000.0,11227850.0,49.99545007653974
39.01,-1000000.0,11227720.0,49.995572968275184
39.02,-1000000.0,11227580.0,49.99569350540766
39.03,-1000000.0,11227430.0,49.99579860631422
39.04,-1000000.0,11227270.0,49.995877135435876
39.05,-1000000.0,11227110.0,49.995921249112214
39.06,-1000000.0,11226940.0,49.99592722230837
39.07,-1000000.0,11226770.0,49.99589570130516
39.08,-1000000.0,11226590.0,49.995831312738034
39.09,-1000000.0,11226400.0,49.995741821131325
39.1,-1000000.0,11226210.0,49.99563707569095
39.11,-1000000.0,11226010.0,49.995528182654056
39.12,-1000000.0,11225800.0,49.99542675385304
39.13,-1000000.0,11225590.0,49.99534398321567
39.14,-1000000.0,11225380.0,49.995289547982516
39.15,-1000000.0,11225150.0,49.9952704249645
39.16,-1000000.0,11224920.0,49.99528979315075
39.17,-1000000.0,11224690.0,49.99534628168829
39.18,-1000000.0,11224440.0,49.99543400780427
39.19,-1000000.0,11224200.0,49.99554334793576
39.2,-1000000.0,11223940.0,49.995662054851906
39.21,-1000000.0,11223680.0,49.99577670900392
39.22,-1000000.0,11223420.0,49.995874376011464
39.23,-1000000.0,11223150.0,49.99594424958612
39.24,-1000000.0,11222880.0,49.995978946501
39.25,-1000000.0,11222600.0,49.9959752664585
39.26,-1000000.0,11222310.0,49.99593437959421
39.27,-1000000.0,11222020.0,49.99586133067863
39.28,-1000000.0,11221720.0,49.99576420161
39.29,-1000000.0,11221420.0,49.995653070347565
39.3,-1000000.0,11221120.0,49.99553917491719
39.31,-1000000.0,11220800.0,49.99543415931234
39.32,-1000000.0,11220490.0,49.99534912406655
39.33,-1000000.0,11220170.0,49.9952935107078
39.34,-1000000.0,11219840.0,49.99527391653273
39.35,-1000000.0,11219510.0,49.99529302078125
39.36,-1000000.0,11219180.0,49.99534889755005
39.37,-1000000.0,11218840.0,49.995435139717465
39.38,-1000000.0,11218500.0,49.99554171501139
39.39,-1000000.0,11218150.0,49.995656125700336
39.4,-1000000.0,11217800.0,49.99576489611935
39.41,-1000000.0,11217440.0,49.995855247429425
39.42,-1000000.0,11217080.0,49.995916714132996
39.43,-1000000.0,11216720.0,49.995942382395064
39.44,-1000000.0,11216350.0,49.995929580405814
39.45,-1000000.0,11215980.0,49.99588000040941
39.46,-1000000.0,11215610.0,49.995799098694526
39.47,-1000000.0,11215230.0,49.99569521777534
39.48,-1000000.0,11214850.0,49.995578605680286
39.49,-1000000.0,11214460.0,49.995460600204126
39.5,-1000000.0,11214080.0,49.9953528506967
39.51,-1000000.0,11213680.0,49.995266342364495
39.52,-1000000.0,11213290.0,49.99521026239657
39.53,-1000000.0,11212890.0,49.99519081384091
39.54,-1000000.0,11212490.0,49.99521016762489
39.55,-1000000.0,11212090.0,49.99526584524765
39.56,-1000000.0,11211690.0,49.99535093585494
39.57,-1000000.0,11211280.0,49.99545502172437
39.58,-1000000.0,11210870.0,49.99556538411446
39.59,-1000000.0,11210460.0,49.99566852042222
39.6,-1000000.0,11210040.0,49.99575183422427
39.61,-1000000.0,11209620.0,49.995805221292805
39.62,-1000000.0,11209210.0,49.99582224923952
39.63,-1000000.0,11208780.0,49.9958007782657
39.64,-1000000.0,11208360.0,49.99574301357
39.65,-1000000.0,11207940.0,49.99565484321205
39.66,-1000000.0,11207510.0,49.9955448970982
39.67,-1000000.0,11207080.0,49.99542360571809
39.68,-1000000.0,11206660.0,49.995302407466866
39.69,-1000000.0,11206220.0,49.99519295008811
39.7,-1000000.0,11205790.0,49.99510609090798
39.71,-1000000.0,11205360.0,49.99505074689457
39.72,-1000000.0,11204930.0,49.99503271076892
39.73,-1000000.0,11204490.0,49.995053632655534
39.74,-1000000.0,11204060.0,49.995110513247525
39.75,-1000000.0,11203620.0,49.995195971847814
39.76,-1000000.0,11203180.0,49.995299225417675
39.77,-1000000.0,11202750.0,49.99540735862094
39.78,-1000000.0,11202310.0,49.99550686532872
39.79,-1000000.0,11201870.0,49.99558535108171
39.8,-1000000.0,11201430.0,49.9956330855834
39.81,-1000000.0,11201000.0,49.99564412167029
39.82,-1000000.0,11200560.0,49.995616846360555
39.83,-1000000.0,11200120.0,49.99555395898245
39.84,-1000000.0,11199680.0,49.995461761456184
39.85,-1000000.0,11199240.0,49.99534914740827
39.86,-1000000.0,11198810.0,49.995226708049
39.87,-1000000.0,11198370.0,49.99510595796583
39.88,-1000000.0,11197930.0,49.994998515945746
39.89,-1000000.0,11197500.0,49.99491508112946
39.9,-1000000.0,11197060.0,49.99486426834876
39.91,-1000000.0,11196630.0,49.99485142927338
39.92,-1000000.0,11196200.0,49.994877667386156
39.93,-1000000.0,11195770.0,49.99493944848894
39.94,-1000000.0,11195340.0,49.99502891641675
39.95,-1000000.0,11194910.0,49.99513492675978
39.96,-1000000.0,11194480.0,49.99524437940032
39.97,-1000000.0,11194060.0,49.99534378043456
39.98,-1000000.0,11193630.0,49.99542095196907
39.99,-1000000.0,11193210.0,49.99546654691478
40.0,-1000000.0,11192790.0,49.99547510498212
40.01,-1000000.0,11192370.0,49.99544553377996
40.02,-1000000.0,11191950.0,49.99538101392957
40.03,-1000000.0,11191540.0,49.995288242875866
40.04,-1000000.0,11191130.0,49.99517636369738
40.05,-1000000.0,11190720.0,49.99505611341834
40.06,-1000000.0,11190310.0,49.99493906474761
40.07,-1000000.0,11189910.0,49.99483678513497
40.08,-1000000.0,11189500.0,49.99475978972786
40.09,-1000000.0,11189100.0,49.99471636407386
40.1,-1000000.0,11188710.0,49.99471139377818
40.11,-1000000.0,11188320.0,49.99474541692862
40.12,-1000000.0,11187920.0,49.99481435587382
40.13,-1000000.0,11187540.0,49.99490989383777
40.14,-1000000.0,11187150.0,49.99502054522935
40.15,-1000000.0,11186770.0,49.99513304121345
40.16,-1000000.0,11186400.0,49.995233922622965
40.17,-1000000.0,11186020.0,49.99531124846855
40.18,-1000000.0,11185650.0,49.99535606901638
40.19,-1000000.0,11185280.0,49.995363416939
40.2,-1000000.0,11184920.0,49.99533271880246
40.21,-1000000.0,11184560.0,49.995267628914974
40.22,-1000000.0,11184200.0,49.995175219642825
40.23,-1000000.0,11183850.0,49.995064897209886
40.24,-1000000.0,11183510.0,49.99494756667533
40.25,-1000000.0,11183160.0,49.994834869309386
40.26,-1000000.0,11182820.0,49.99473831748748
40.27,-1000000.0,11182490.0,49.99466822957143
40.28,-1000000.0,11182160.0,49.99463254503404
40.29,-1000000.0,11181830.0,49.994635668094936
40.3,-1000000.0,11181510.0,49.99467756290325
40.31,-1000000.0,11181190.0,49.994753606318284
40.32,-1000000.0,11180880.0,49.99485506192934
40.33,-1000000.0,11180570.0,49.99497016001353
40.34,-1000000.0,11180270.0,49.995085508486845
40.35,-1000000.0,11179970.0,49.99518772132592
40.36,-1000000.0,11179680.0,49.99526512191259
40.37,-1000000.0,11179390.0,49.99530917287506
40.38,-1000000.0,11179110.0,49.9953154026615
40.39,-1000000.0,11178830.0,49.99528374941917
40.4,-1000000.0,11178560.0,49.995218316452686
40.41,-1000000.0,11178290.0,49.99512651935812
40.42,-1000000.0,11178030.0,49.99501800267267
40.43,-1000000.0,11177780.0,49.99490381097624
40.44,-1000000.0,11177530.0,49.9947956292425
40.45,-1000000.0,11177280.0,49.99470489109316
40.46,-1000000.0,11177040.0,49.994641695470165
40.47,-1000000.0,11176810.0,49.994613615832826
40.48,-1000000.0,11176580.0,49.99462456090033
40.49,-1000000.0,11176360.0,49.99467392551221
40.5,-1000000.0,11176140.0,49.99475651753739
40.51,-1000000.0,11175930.0,49.99486316174031
40.52,-1000000.0,11175720.0,49.994981804003515
40.53,-1000000.0,11175530.0,49.99509894781489
40.54,-1000000.0,11175330.0,49.995201307519146
40.55,-1000000.0,11175150.0,49.99527749767044
40.56,-1000000.0,11174970.0,49.99531941384373
40.57,-1000000.0,11174790.0,49.995323091769926
40.58,-1000000.0,11174620.0,49.995288983795085
40.59,-1000000.0,11174460.0,49.99522160561236
40.6,-1000000.0,11174310.0,49.995128681994686
40.61,-1000000.0,11174160.0,49.99502007551653
40.62,-1000000.0,11174010.0,49.994906953177654
40.63,-1000000.0,11173880.0,49.994801029921746
40.64,-1000000.0,11173750.0,49.994713648899506
40.65,-1000000.0,11173620.0,49.99465467989484
40.66,-1000000.0,11173500.0,49.994631324197755
40.67,-1000000.0,11173390.0,49.99464699522667
40.68,-1000000.0,11173290.0,49.99470053066044
40.69,-1000000.0,11173190.0,49.99478619674604
40.7,-1000000.0,11173100.0,49.99489441958197
40.71,-1000000.0,11173020.0,49.99501290538612
40.72,-1000000.0,11172940.0,49.995128099858796
40.73,-1000000.0,11172870.0,49.99522686209431
40.74,-1000000.0,11172800.0,49.99529813598283
40.75,-1000000.0,11172740.0,49.99533427922355
40.76,-1000000.0,11172690.0,49.995331854585736
40.77,-1000000.0,11172650.0,49.99529184014197
40.78,-1000000.0,11172610.0,49.995219169835025
40.79,-1000000.0,11172580.0,49.99512188141597
40.8,-1000000.0,11172550.0,49.99501005764046
40.81,-1000000.0,11172540.0,49.994894987570156
40.82,-1000000.0,11172520.0,49.99478841294553
40.83,-1000000.0,11172520.0,49.994701580584056
40.84,-1000000.0,11172520.0,49.99464412346595
40.85,-1000000.0,11172530.0,49.99462286341769
40.86,-1000000.0,11172550.0,49.99464071462595
40.87,-1000000.0,11172570.0,49.99469596036474
40.88,-1000000.0,11172600.0,49.99478233876535
40.89,-1000000.0,11172630.0,49.99488987340443
40.9,-1000000.0,11172680.0,49.9950060296369
40.91,-1000000.0,11172720.0,49.995117207500215
40.92,-1000000.0,11172780.0,49.995210431197314
40.93,-1000000.0,11172840.0,49.99527499487151
40.94,-1000000.0,11172910.0,49.99530373512598
40.95,-1000000.0,11172990.0,49.99529375229127
40.96,-1000000.0,11173070.0,49.99524655450999
40.97,-1000000.0,11173160.0,49.9951674932001
40.98,-1000000.0,11173250.0,49.99506488967756
40.99,-1000000.0,11173360.0,49.994949021342244
41.0,-1000000.0,11173460.0,49.99483129233037
41.01,-1000000.0,11173580.0,49.99472345975889
41.02,-1000000.0,11173700.0,49.99463666185029
41.03,-1000000.0,11173830.0,49.99458028192016
41.04,-1000000.0,11173960.0,49.99456075059044
41.05,-1000000.0,11174100.0,49.99458047512395
41.06,-1000000.0,11174250.0,49.99463718377778
41.07,-1000000.0,11174400.0,49.99472410599106
41.08,-1000000.0,11174560.0,49.99483088065208
41.09,-1000000.0,11174720.0,49.99494475169139
41.1,-1000000.0,11174900.0,49.995052092666846
41.11,-1000000.0,11175070.0,49.99514011232817
41.12,-1000000.0,11175260.0,49.9951984701087
41.13,-1000000.0,11175440.0,49.995220489373985
41.14,-1000000.0,11175640.0,49.99520380819564
41.15,-1000000.0,11175840.0,49.99515045821921
41.16,-1000000.0,11176050.0,49.99506621502852
41.17,-1000000.0,11176260.0,49.994959672935394
41.18,-1000000.0,11176480.0,49.9948412791632
41.19,-1000000.0,11176700.0,49.994722530943974
41.2,-1000000.0,11176930.0,49.99461517982492
41.21,-1000000.0,11177170.0,49.99453023455451
41.22,-1000000.0,11177410.0,49.994476808062025
41.23,-1000000.0,11177650.0,49.994460920871774
41.24,-1000000.0,11177900.0,49.99448445916721
41.25,-1000000.0,11178160.0,49.99454461221239
41.26,-1000000.0,11178420.0,49.99463412292481
41.27,-1000000.0,11178690.0,49.99474225383527
41.28,-1000000.0,11178960.0,49.99485604476441
41.29,-1000000.0,11179240.0,49.99496186198124
41.3,-1000000.0,11179520.0,49.995047115503574
41.31,-1000000.0,11179800.0,49.99510184041244
41.32,-1000000.0,11180090.0,49.99511984878049
41.33,-1000000.0,11180390.0,49.99509930987941
41.34,-1000000.0,11180690.0,49.9950427537957
41.35,-1000000.0,11181000.0,49.99495637296219
41.36,-1000000.0,11181300.0,49.99484902689651
41.37,-1000000.0,11181620.0,49.99473132492266
41.38,-1000000.0,11181940.0,49.99461484264174
41.39,-1000000.0,11182260.0,49.99451130581703
41.4,-1000000.0,11182580.0,49.994431569160305
41.41,-1000000.0,11182920.0,49.99438444810884
41.42,-1000000.0,11183250.0,49.99437552648353
41.43,-1000000.0,11183590.0,49.99440614697212
41.44,-1000000.0,11183930.0,49.994472965098616
41.45,-1000000.0,11184280.0,49.99456824700076
41.46,-1000000.0,11184620.0,49.99468089106269
41.47,-1000000.0,11184980.0,49.994797749509075
41.48,-1000000.0,11185330.0,49.9949051988879
41.49,-1000000.0,11185690.0,49.994990865419624
41.5,-1000000.0,11186060.0,49.995045168846374
41.51,-1000000.0,11186420.0,49.995062411071714
41.52,-1000000.0,11186790.0,49.99504128570098
41.53,-1000000.0,11187170.0,49.994984807713664
41.54,-1000000.0,11187540.0,49.99489956724862
41.55,-1000000.0,11187920.0,49.99479466669753
41.56,-1000000.0,11188300.0,49.99468085415041
41.57,-1000000.0,11188690.0,49.994569759185005
41.58,-1000000.0,11189070.0,49.99447305545639
41.59,-1000000.0,11189460.0,49.99440141525492
41.6,-1000000.0,11189860.0,49.99436332732482
41.61,-1000000.0,11190250.0,49.99436391167357
41.62,-1000000.0,11190650.0,49.99440394643336
41.63,-1000000.0,11191050.0,49.99447954219004
41.64,-1000000.0,11191450.0,49.994582484571445
41.65,-1000000.0,11191850.0,49.9947013103063
41.66,-1000000.0,11192260.0,49.99482269323447
41.67,-1000000.0,11192660.0,49.99493303786661
41.68,-1000000.0,11193070.0,49.99502020488947
41.69,-1000000.0,11193480.0,49.99507501269404
41.7,-1000000.0,11193900.0,49.99509226016627
41.71,-1000000.0,11194310.0,49.995071165407346
41.72,-1000000.0,11194730.0,49.99501522284311
41.73,-1000000.0,11195140.0,49.99493140676826
41.74,-1000000.0,11195560.0,49.994829086990755
41.75,-1000000.0,11195980.0,49.9947191815637
41.76,-1000000.0,11196400.0,49.994613390714626
41.77,-1000000.0,11196830.0,49.994523337052
41.78,-1000000.0,11197250.0,49.99445950119383
41.79,-1000000.0,11197680.0,49.99443003084723
41.8,-1000000.0,11198100.0,49.99443956820068
41.81,-1000000.0,11198530.0,49.994488318234175
41.82,-1000000.0,11198950.0,49.994571847583344
41.83,-1000000.0,11199380.0,49.994681523532265
41.84,-1000000.0,11199810.0,49.99480559400237
41.85,-1000000.0,11200240.0,49.994930603235424
41.86,-1000000.0,11200660.0,49.9950430234933
41.87,-1000000.0,11201090.0,49.99513097702261
41.88,-1000000.0,11201520.0,49.99518569515538
41.89,-1000000.0,11201950.0,49.995202476264836
41.9,-1000000.0,11202380.0,49.995181055950624
41.91,-1000000.0,11202810.0,49.99512539391487
41.92,-1000000.0,11203240.0,49.99504282267325
41.93,-1000000.0,11203670.0,49.99494295333105
41.94,-1000000.0,11204100.0,49.99483684823368
41.95,-1000000.0,11204520.0,49.994736256380065
41.96,-1000000.0,11204950.0,49.99465272667743
41.97,-1000000.0,11205380.0,49.9945965247907
41.98,-1000000.0,11205810.0,49.99457543524103
41.99,-1000000.0,11206230.0,49.994593604538494
42.0,-1000000.0,11206660.0,49.994650658729626
42.01,-1000000.0,11207080.0,49.9947415930461
42.02,-1000000.0,11207500.0,49.994857330201285
42.03,-1000000.0,11207930.0,49.99498582714651
42.04,-1000000.0,11208350.0,49.99511351384762
42.05,-1000000.0,11208770.0,49.995226952920326
42.06,-1000000.0,11209190.0,49.99531454990592
42.07,-1000000.0,11209600.0,49.995367964393026
42.08,-1000000.0,11210020.0,49.99538300065128
42.09,-1000000.0,11210440.0,49.99535990975546
42.1,-1000000.0,11210850.0,49.995303074445246
42.11,-1000000.0,11211260.0,49.995220145054475
42.12,-1000000.0,11211670.0,49.99512095852381
42.13,-1000000.0,11212080.0,49.99501670541263
42.14,-1000000.0,11212480.0,49.994919169432414
42.15,-1000000.0,11212890.0,49.994839812786914
42.16,-1000000.0,11213290.0,49.994788674296956
42.17,-1000000.0,11213690.0,49.994773166170205
42.18,-1000000.0,11214090.0,49.99479693586024
42.19,-1000000.0,11214480.0,49.99485904409022
42.2,-1000000.0,11214880.0,49.994953931370375
42.21,-1000000.0,11215270.0,49.995072105514666
42.22,-1000000.0,11215660.0,49.99520126631742
42.23,-1000000.0,11216040.0,49.99532776930944
42.24,-1000000.0,11216430.0,49.99543830791685
42.25,-1000000.0,11216810.0,49.99552160701518
42.26,-1000000.0,11217190.0,49.99556978269804
42.27,-1000000.0,11217560.0,49.99557916441096
42.28,-1000000.0,11217940.0,49.995550529653244
42.29,-1000000.0,11218300.0,49.995488680820706
42.3,-1000000.0,11218670.0,49.99540158228582
42.31,-1000000.0,11219040.0,49.995299292245335
42.32,-1000000.0,11219400.0,49.995193124934765
42.33,-1000000.0,11219750.0,49.99509489317512
42.34,-1000000.0,11220110.0,49.99501596541986
42.35,-1000000.0,11220460.0,49.9949661457007
42.36,-1000000.0,11220800.0,49.99495246694549
42.37,-1000000.0,11221150.0,49.9949780745436
42.38,-1000000.0,11221490.0,49.9950414684017
42.39,-1000000.0,11221820.0,49.99513654971594
42.4,-1000000.0,11222160.0,49.995253428572205
42.41,-1000000.0,11222490.0,49.9953795715763
42.42,-1000000.0,11222810.0,49.99550129003879
42.43,-1000000.0,11223130.0,49.99560544047457
42.44,-1000000.0,11223450.0,49.99568109617829
42.45,-1000000.0,11223760.0,49.99572085222559
42.46,-1000000.0,11224080.0,49.99572157791664
42.47,-1000000.0,11224380.0,49.99568458480009
42.48,-1000000.0,11224680.0,49.99561509693173
42.49,-1000000.0,11224980.0,49.99552138432779
42.5,-1000000.0,11225270.0,49.99541372209093
42.51,-1000000.0,11225560.0,49.9953035510532
42.52,-1000000.0,11225850.0,49.995202708333
42.53,-1000000.0,11226130.0,49.995122459638594
42.54,-1000000.0,11226400.0,49.995072362237266
42.55,-1000000.0,11226680.0,49.99505905727247
42.56,-1000000.0,11226940.0,49.99508517835105
42.57,-1000000.0,11227210.0,49.995148660963714
42.58,-1000000.0,11227460.0,49.995242881532306
42.59,-1000000.0,11227720.0,49.995357541848826
42.6,-1000000.0,11227970.0,49.9954798624506
42.61,-1000000.0,11228210.0,49.99559610989205
42.62,-1000000.0,11228450.0,49.99569331322437
42.63,-1000000.0,11228680.0,49.99576090554143
42.64,-1000000.0,11228910.0,49.995791969115984
42.65,-1000000.0,11229140.0,49.99578391595382
42.66,-1000000.0,11229360.0,49.995738589362794
42.67,-1000000.0,11229570.0,49.99566162966784
42.68,-1000000.0,11229780.0,49.99556156462137
42.69,-1000000.0,11229990.0,49.99544883293514
42.7,-1000000.0,11230190.0,49.995334968823826
42.71,-1000000.0,11230380.0,49.99523180824509
42.72,-1000000.0,11230570.0,49.995150493925
42.73,-1000000.0,11230750.0,49.99510031938226
42.74,-1000000.0,11230930.0,49.99508752063287
42.75,-1000000.0,11231110.0,49.99511421194605
42.76,-1000000.0,11231280.0,49.995177768626064
42.77,-1000000.0,11231440.0,49.99527105884039
42.78,-1000000.0,11231600.0,49.99538339719955
42.79,-1000000.0,11231750.0,49.9955017903305
42.8,-1000000.0,11231900.0,49.99561249125302
42.81,-1000000.0,11232040.0,49.995702729027464
42.82,-1000000.0,11232180.0,49.99576231689611
42.83,-1000000.0,11232310.0,49.99578483577222
42.84,-1000000.0,11232430.0,49.99576824325071
42.85,-1000000.0,11232550.0,49.99571490282063
42.86,-1000000.0,11232670.0,49.995630896733715
42.87,-1000000.0,11232780.0,49.995525046735814
42.88,-1000000.0,11232880.0,49.995407976341596
42.89,-1000000.0,11232980.0,49.995291318837886
42.9,-1000000.0,11233070.0,49.99518690369669
42.91,-1000000.0,11233160.0,49.99510573745017
42.92,-1000000.0,11233240.0,49.99505683168174
42.93,-1000000.0,11233320.0,49.9950459976248
42.94,-1000000.0,11233390.0,49.99507481313578
42.95,-1000000.0,11233450.0,49.9951401229248
42.96,-1000000.0,11233510.0,49.995234318769064
42.97,-1000000.0,11233570.0,49.99534634865588
42.98,-1000000.0,11233610.0,49.99546302714649
42.99,-1000000.0,11233660.0,49.995570613603014
43.0,-1000000.0,11233690.0,49.99565655266455
43.01,-1000000.0,11233730.0,49.995711046287326
43.02,-1000000.0,11233750.0,49.99572817402997
43.03,-1000000.0,11233770.0,49.995706430391635
43.04,-1000000.0,11233790.0,49.99564867851685
43.05,-1000000.0,11233800.0,49.995561414837255
43.06,-1000000.0,11233800.0,49.99533637088619
43.07,-1000000.0,11233800.0,49.995221068841914
43.08,-1000000.0,11233790.0,49.99511960405827
43.09,-1000000.0,11233780.0,49.99504281178541
43.1,-1000000.0,11233760.0,49.9949993851405
43.11,-1000000.0,11233740.0,49.99499467538272
43.12,-1000000.0,11233710.0,49.995029694002305
43.13,-1000000.0,11233670.0,49.99510073393228
43.14,-1000000.0,11233630.0,49.99519969878807
43.15,-1000000.0,11233580.0,49.9953151686394
43.16,-1000000.0,11233530.0,49.99543377409185
43.17,-1000000.0,11233480.0,49.995541794130546
43.18,-1000000.0,11233410.0,49.99562690183359
43.19,-1000000.0,11233350.0,49.9956796958772
43.2,-1000000.0,11233270.0,49.995694755115686
43.21,-1000000.0,11233200.0,49.99567110408956
43.22,-1000000.0,11233110.0,49.995612092363736
43.23,-1000000.0,11233020.0,49.99552461151444
43.24,-1000000.0,11232930.0,49.99541800906783
43.25,-1000000.0,11232830.0,49.99530322792443
43.26,-1000000.0,11232720.0,49.995192036292394
43.27,-1000000.0,11232610.0,49.99509617171846
43.28,-1000000.0,11232500.0,49.995026276156246
43.29,-1000000.0,11232380.0,49.994990698022576
43.3,-1000000.0,11232250.0,49.99499430299857
43.31,-1000000.0,11232120.0,49.99503751639597
43.32,-1000000.0,11231990.0,49.99511606986906
43.33,-1000000.0,11231850.0,49.99522140959423
43.34,-1000000.0,11231700.0,49.995341782348746
43.35,-1000000.0,11231550.0,49.99546365421997
43.36,-1000000.0,11231400.0,49.99557334781446
43.37,-1000000.0,11231240.0,49.99565878377887
43.38,-1000000.0,11231070.0,49.99571096860544
43.39,-1000000.0,11230900.0,49.995724982318436
43.4,-1000000.0,11230730.0,49.99570037304824
43.41,-1000000.0,11230550.0,49.99564096456333
43.42,-1000000.0,11230370.0,49.995554016341245
43.43,-1000000.0,11230180.0,49.99544912332801
43.44,-1000000.0,11229990.0,49.99533737845736
43.45,-1000000.0,11229790.0,49.995230603772406
43.46,-1000000.0,11229590.0,49.99514046716686
43.47,-1000000.0,11229380.0,49.99507739788828
43.48,-1000000.0,11229170.0,49.995049380473795
43.49,-1000000.0,11228960.0,49.99506078028812
43.5,-1000000.0,11228740.0,49.99511143046963
43.51,-1000000.0,11228520.0,49.99519649076252
43.52,-1000000.0,11228290.0,49.99530696470064
43.53,-1000000.0,11228060.0,49.9954308054383
43.54,-1000000.0,11227820.0,49.99555435772239
43.55,-1000000.0,11227580.0,49.99566402760814
43.56,-1000000.0,11227340.0,49.9957480153044
43.57,-1000000.0,11227100.0,49.99579775626132
43.58,-1000000.0,11226840.0,49.99580884135952
43.59,-1000000.0,11226590.0,49.99578134215118
43.6,-1000000.0,11226330.0,49.99571953136805
43.61,-1000000.0,11226070.0,49.99563101028835
43.62,-1000000.0,11225800.0,49.99552561404171
43.63,-1000000.0,11225540.0,49.99541457487926
43.64,-1000000.0,11225260.0,49.995309757328435
43.65,-1000000.0,11224990.0,49.99522274748739
43.66,-1000000.0,11224710.0,49.995163749845375
43.67,-1000000.0,11224430.0,49.995140375318186
43.68,-1000000.0,11224140.0,49.99515648480917
43.69,-1000000.0,11223860.0,49.99521133603767
43.7,-1000000.0,11223560.0,49.99529951960596
43.71,-1000000.0,11223270.0,49.99541160880311
43.72,-1000000.0,11222970.0,49.99553528492442
43.73,-1000000.0,11222670.0,49.99565680541728
43.74,-1000000.0,11222370.0,49.99576269797663
43.75,-1000000.0,11222070.0,49.99584147768864
43.76,-1000000.0,11221760.0,49.99588503662957
43.77,-1000000.0,11221450.0,49.99588949463689
43.78,-1000000.0,11221140.0,49.99585545573981
43.79,-1000000.0,11220820.0,49.99578761886064
43.8,-1000000.0,11220500.0,49.99569390597054
43.81,-1000000.0,11220180.0,49.99558437950109
43.82,-1000000.0,11219860.0,49.99547040041812
43.83,-1000000.0,11219540.0,49.99536386681945
43.84,-1000000.0,11219210.0,49.99527627474614
43.85,-1000000.0,11218880.0,49.99521759624235
43.86,-1000000.0,11218550.0,49.995195063157524
43.87,-1000000.0,11218220.0,49.995212031663456
43.88,-1000000.0,11217890.0,49.995267192849866
43.89,-1000000.0,11217550.0,49.9953545901651
43.9,-1000000.0,11217210.0,49.99546439985145
43.91,-1000000.0,11216880.0,49.99558407117261
43.92,-1000000.0,11216540.0,49.995699816749514
43.93,-1000000.0,11216200.0,49.99579832661982
43.94,-1000000.0,11215850.0,49.99586846551101
43.95,-1000000.0,11215510.0,49.99590260828583
43.96,-1000000.0,11215160.0,49.995897420576476
43.97,-1000000.0,11214820.0,49.99585404758982
43.98,-1000000.0,11214470.0,49.99577761698264
43.99,-1000000.0,11214120.0,49.99567637456897
44.0,-1000000.0,11213780.0,49.995560616170046
44.01,-1000000.0,11213430.0,49.995441836620735
44.02,-1000000.0,11213080.0,49.99533196406996
44.03,-1000000.0,11212730.0,49.9952423953192
44.04,-1000000.0,11212380.0,49.995182856822524
44.05,-1000000.0,11212020.0,49.99516018694802
44.06,-1000000.0,11211670.0,49.99517722512804
44.07,-1000000.0,11211320.0,49.99523209004927
44.08,-1000000.0,11210970.0,49.995318286537334
44.09,-1000000.0,11210620.0,49.99542556720006
44.1,-1000000.0,11210260.0,49.99554112178842
44.11,-1000000.0,11209910.0,49.995651109164186
44.12,-1000000.0,11209560.0,49.995742387228795
44.13,-1000000.0,11209200.0,49.99580418024027
44.14,-1000000.0,11208850.0,49.99582935384056
44.15,-1000000.0,11208500.0,49.9958151225302
44.16,-1000000.0,11208150.0,49.995763170358195
44.17,-1000000.0,11207800.0,49.99567904676526
44.18,-1000000.0,11207450.0,49.99557126084525
44.19,-1000000.0,11207100.0,49.99545027731603
44.2,-1000000.0,11206750.0,49.995327688161886
44.21,-1000000.0,11206400.0,49.99521542260686
44.22,-1000000.0,11206060.0,49.99512475534304
44.23,-1000000.0,11205710.0,49.99506514842402
44.24,-1000000.0,11205370.0,49.99504303251162
44.25,-1000000.0,11205020.0,49.99506072275318
44.26,-1000000.0,11204680.0,49.995115766479934
44.27,-1000000.0,11204340.0,49.9952011479834
44.28,-1000000.0,11204000.0,49.99530622942336
44.29,-1000000.0,11203660.0,49.99541798149087
44.3,-1000000.0,11203320.0,49.99552254584918
44.31,-1000000.0,11202980.0,49.99560697943178
44.32,-1000000.0,11202650.0,49.99566088882805
44.33,-1000000.0,11202320.0,49.995677643170886
44.34,-1000000.0,11201990.0,49.995655009004714
44.35,-1000000.0,11201660.0,49.9955952021315
44.36,-1000000.0,11201330.0,49.99550421265524
44.37,-1000000.0,11201010.0,49.99539083829563
44.38,-1000000.0,11200680.0,49.99526572297678
44.39,-1000000.0,11200360.0,49.99514055488233
44.4,-1000000.0,11200040.0,49.9950272556885
44.41,-1000000.0,11199730.0,49.994936963863445
44.42,-1000000.0,11199410.0,49.994878859748255
44.43,-1000000.0,11199100.0,49.99485894901854
44.44,-1000000.0,11198790.0,49.9948790092245
44.45,-1000000.0,11198480.0,49.99493604411555
44.46,-1000000.0,11198180.0,49.99502255050565
44.47,-1000000.0,11197870.0,49.99512751396614
44.48,-1000000.0,11197580.0,49.99523770728898
44.49,-1000000.0,11197280.0,49.995339276376235
44.5,-1000000.0,11196980.0,49.9954194951543
44.51,-1000000.0,11196690.0,49.995468363330865
44.52,-1000000.0,11196400.0,49.99547975527655
44.53,-1000000.0,11196120.0,49.99545198217259
44.54,-1000000.0,11195840.0,49.99538776719644
44.55,-1000000.0,11195560.0,49.99529352198812
44.56,-1000000.0,11195280.0,49.99517830949373
44.57,-1000000.0,11195000.0,49.99505293258629
44.58,-1000000.0,11194740.0,49.9949291521024
44.59,-1000000.0,11194470.0,49.9948188552645
44.6,-1000000.0,11194200.0,49.99473301419363
44.61,-1000000.0,11193940.0,49.99468049572349
44.62,-1000000.0,11193690.0,49.99466684996252
44.63,-1000000.0,11193430.0,49.99469329129273
44.64,-1000000.0,11193180.0,49.9947562738505
44.65,-1000000.0,11192940.0,49.994847807695244
44.66,-1000000.0,11192690.0,49.99495651129063
44.67,-1000000.0,11192450.0,49.99506897428333
44.68,-1000000.0,11192220.0,49.99517136361289
44.69,-1000000.0,11191980.0,49.99525118463462
44.7,-1000000.0,11191750.0,49.995298838514415
44.71,-1000000.0,11191530.0,49.99530870494297
44.72,-1000000.0,11191310.0,49.99527963163835
44.73,-1000000.0,11191090.0,49.995214834384896
44.74,-1000000.0,11190880.0,49.99512112605754
44.75,-1000000.0,11190660.0,49.9950078250453
44.76,-1000000.0,11190460.0,49.994885884463905
44.77,-1000000.0,11190260.0,49.99476712295357
44.78,-1000000.0,11190060.0,49.99466337164256
44.79,-1000000.0,11189860.0,49.99458540964773
44.8,-1000000.0,11189670.0,49.994541761224156
44.81,-1000000.0,11189490.0,49.99453749332225
44.82,-1000000.0,11189300.0,49.9945732356821
44.83,-1000000.0,11189120.0,49.99464488147258
44.84,-1000000.0,11188950.0,49.99474396646765
44.85,-1000000.0,11188780.0,49.99485875812204
44.86,-1000000.0,11188610.0,49.994975673734224
44.87,-1000000.0,11188450.0,49.99508092032434
44.88,-1000000.0,11188290.0,49.99516225187795
44.89,-1000000.0,11188140.0,49.99521048206043
44.9,-1000000.0,11187990.0,49.99522049882103
44.91,-1000000.0,11187850.0,49.995191681628796
44.92,-1000000.0,11187700.0,49.99512772833478
44.93,-1000000.0,11187570.0,49.99503582905211
44.94,-1000000.0,11187440.0,49.994925562492234
44.95,-1000000.0,11187310.0,49.99480804441917
44.96,-1000000.0,11187180.0,49.99469515548479
44.97,-1000000.0,11187060.0,49.99459866318617
44.98,-1000000.0,11186950.0,49.994529138526346
44.99,-1000000.0,11186840.0,49.994494745088126
45.0,-1000000.0,11186730.0,49.994500050912556
45.01,-1000000.0,11186630.0,49.99454509286726
45.02,-1000000.0,11186530.0,49.99462520481116
45.03,-1000000.0,11186440.0,49.994731497070326
45.04,-1000000.0,11186350.0,49.994851950618795
45.05,-1000000.0,11186260.0,49.994972862748774
45.06,-1000000.0,11186180.0,49.995080522803
45.07,-1000000.0,11186110.0,49.995162963027525
45.08,-1000000.0,11186040.0,49.995211425558644
45.09,-1000000.0,11185970.0,49.99522130965213
45.1,-1000000.0,11185910.0,49.99519251903461
45.11,-1000000.0,11185850.0,49.99512921717159
45.12,-1000000.0,11185800.0,49.99503894921176
45.13,-1000000.0,11185750.0,49.994931534546616
45.14,-1000000.0,11185710.0,49.994818226615266
45.15,-1000000.0,11185670.0,49.99471094478014
45.16,-1000000.0,11185640.0,49.99462136963781
45.17,-1000000.0,11185600.0,49.9945598412081
45.18,-1000000.0,11185580.0,49.99453414205085
45.19,-1000000.0,11185560.0,49.994548326952184
45.2,-1000000.0,11185540.0,49.994601842546324
45.21,-1000000.0,11185530.0,49.99468943500959
45.22,-1000000.0,11185520.0,49.994801760854855
45.23,-1000000.0,11185520.0,49.99492651134588
45.24,-1000000.0,11185520.0,49.99504988140873
45.25,-1000000.0,11185530.0,49.99515826959965
45.26,-1000000.0,11185540.0,49.99524001297008
45.27,-1000000.0,11185560.0,49.99528680220601
45.28,-1000000.0,11185580.0,49.995294558750444
45.29,-1000000.0,11185600.0,49.99526371255877
45.3,-1000000.0,11185630.0,49.995198846517994
45.31,-1000000.0,11185670.0,49.99510781729188
45.32,-1000000.0,11185710.0,49.99500066174296
45.33,-1000000.0,11185750.0,49.99488875312763
45.34,-1000000.0,11185800.0,49.99478403664469
45.35,-1000000.0,11185850.0,49.99469809619385
45.36,-1000000.0,11185910.0,49.994641033775686
45.37,-1000000.0,11185970.0,49.99462024797127
45.38,-1000000.0,11186040.0,49.99463928401149
45.39,-1000000.0,11186110.0,49.99469701662717
45.4,-1000000.0,11186180.0,49.994787637856184
45.41,-1000000.0,11186260.0,49.99490139884501
45.42,-1000000.0,11186350.0,49.995025750745036
45.43,-1000000.0,11186440.0,49.99514683683352
45.44,-1000000.0,11186530.0,49.99525121257641
45.45,-1000000.0,11186630.0,49.99532756065729
45.46,-1000000.0,11186740.0,49.995368051830596
45.47,-1000000.0,11186840.0,49.99536915149131
45.48,-1000000.0,11186960.0,49.9953318292465
45.49,-1000000.0,11187070.0,49.99526109484862
45.5,-1000000.0,11187190.0,49.99516512272687
45.51,-1000000.0,11187320.0,49.99505417212463
45.52,-1000000.0,11187450.0,49.994939738758966
45.53,-1000000.0,11187580.0,49.994833792854116
45.54,-1000000.0,11187720.0,49.994747817815984
45.55,-1000000.0,11187860.0,49.99469167167811
45.56,-1000000.0,11188010.0,49.9946723631311
45.57,-1000000.0,11188160.0,49.994692925206444
45.58,-1000000.0,11188320.0,49.99475166485607
45.59,-1000000.0,11188480.0,49.99484223557808
45.6,-1000000.0,11188640.0,49.99495447478082
45.61,-1000000.0,11188810.0,49.99507558618297
45.62,-1000000.0,11188980.0,49.995191669749225
45.63,-1000000.0,11189160.0,49.995289456520055
45.64,-1000000.0,11189340.0,49.995357995480845
45.65,-1000000.0,11189530.0,49.99538995467679
45.66,-1000000.0,11189720.0,49.995382354784496
45.67,-1000000.0,11189910.0,49.99533671058351
45.68,-1000000.0,11190110.0,49.995258459449175
45.69,-1000000.0,11190310.0,49.995156063630766
45.7,-1000000.0,11190510.0,49.99503998003447
45.71,-1000000.0,11190720.0,49.994921821903496
45.72,-1000000.0,11190940.0,49.99481357464613
45.73,-1000000.0,11191150.0,49.99472661015577
45.74,-1000000.0,11191370.0,49.994670530574425
45.75,-1000000.0,11191600.0,49.99465194377914
45.76,-1000000.0,11191820.0,49.99467336367029
45.77,-1000000.0,11192060.0,49.99473252952401
45.78,-1000000.0,11192290.0,49.994822576208264
45.79,-1000000.0,11192530.0,49.994932951552826
45.8,-1000000.0,11192770.0,49.99505063889587
45.81,-1000000.0,11193020.0,49.99516171908734
45.82,-1000000.0,11193270.0,49.995253120967234
45.83,-1000000.0,11193520.0,49.995314275888006
45.84,-1000000.0,11193780.0,49.995338356966215
45.85,-1000000.0,11194040.0,49.995322939721206
45.86,-1000000.0,11194300.0,49.99527007692581
45.87,-1000000.0,11194570.0,49.99518563507689
45.88,-1000000.0,11194840.0,49.995078348346524
45.89,-1000000.0,11195110.0,49.99495884085008
45.9,-1000000.0,11195380.0,49.99483881623454
45.91,-1000000.0,11195660.0,49.994730250905796
45.92,-1000000.0,11195940.0,49.994644381996395
45.93,-1000000.0,11196230.0,49.99459053316293
45.94,-1000000.0,11196520.0,49.994574890945835
45.95,-1000000.0,11196800.0,49.994599434351926
45.96,-1000000.0,11197100.0,49.99466134254421
45.97,-1000000.0,11197390.0,49.994753244966034
45.98,-1000000.0,11197690.0,49.99486420305885
45.99,-1000000.0,11197990.0,49.9949809936324
46.0,-1000000.0,11198300.0,49.99508969539102
46.01,-1000000.0,11198600.0,49.9951774501388
46.02,-1000000.0,11198910.0,49.99523408080708
46.03,-1000000.0,11199220.0,49.99525326659418
46.04,-1000000.0,11199530.0,49.99523313048263
46.05,-1000000.0,11199850.0,49.99517623820513
46.06,-1000000.0,11200170.0,49.99508888625843
46.07,-1000000.0,11200490.0,49.99498008256001
46.08,-1000000.0,11200810.0,49.99486061712583
46.09,-1000000.0,11201130.0,49.99474227305177
46.1,-1000000.0,11201460.0,49.99463699937488
46.11,-1000000.0,11201780.0,49.994555874400824
46.12,-1000000.0,11202110.0,49.994507915753275
46.13,-1000000.0,11202440.0,49.994498860906624
46.14,-1000000.0,11202780.0,49.99453013017622
46.15,-1000000.0,11203110.0,49.99459835459437
46.16,-1000000.0,11203450.0,49.99469567490666
46.17,-1000000.0,11203790.0,49.994810780788576
46.18,-1000000.0,11204120.0,49.99493025991525
46.19,-1000000.0,11204460.0,49.99504020596511
46.2,-1000000.0,11204810.0,49.99512798727979
46.21,-1000000.0,11205150.0,49.99518382544037
46.22,-1000000.0,11205490.0,49.99520190444433
46.23,-1000000.0,11205840.0,49.99518088520112
46.24,-1000000.0,11206180.0,49.995123828586685
46.25,-1000000.0,11206530.0,49.9950374349029
46.26,-1000000.0,11206880.0,49.994930956085945
46.27,-1000000.0,11207230.0,49.99481531943223
46.28,-1000000.0,11207580.0,49.994702358975154
46.29,-1000000.0,11207930.0,49.9946039665733
46.3,-1000000.0,11208280.0,49.99453103017028
46.31,-1000000.0,11208630.0,49.994492229180985
46.32,-1000000.0,11208980.0,49.99449282219293
46.33,-1000000.0,11209340.0,49.994533647412496
46.34,-1000000.0,11209690.0,49.99461077454221
46.35,-1000000.0,11210040.0,49.99471585096177
46.36,-1000000.0,11210400.0,49.99483719485432
46.37,-1000000.0,11210750.0,49.994961210315594
46.38,-1000000.0,11211100.0,49.99507402214696
46.39,-1000000.0,11211460.0,49.995163242525976
46.4,-1000000.0,11211810.0,49.995219504872665
46.41,-1000000.0,11212160.0,49.99523750441056
46.42,-1000000.0,11212520.0,49.99521643942264
46.43,-1000000.0,11212870.0,49.99515985984297
46.44,-1000000.0,11213220.0,49.99507485482196
46.45,-1000000.0,11213580.0,49.99497095121617
46.46,-1000000.0,11213930.0,49.99485925300765
46.47,-1000000.0,11214280.0,49.994751667213905
46.48,-1000000.0,11214630.0,49.99466003213714
46.49,-1000000.0,11214980.0,49.99459503693569
46.5,-1000000.0,11215330.0,49.994565008392634
46.51,-1000000.0,11215680.0,49.99457471181677
46.52,-1000000.0,11216020.0,49.99462439448316
46.53,-1000000.0,11216370.0,49.994709566010094
46.54,-1000000.0,11216710.0,49.99482144563194
46.55,-1000000.0,11217060.0,49.99494805823703
46.56,-1000000.0,11217400.0,49.99507567922304
46.57,-1000000.0,11217740.0,49.99519050762621
46.58,-1000000.0,11218080.0,49.99528042830963
46.59,-1000000.0,11218420.0,49.995336501203234
46.6,-1000000.0,11218760.0,49.995353934564584
46.61,-1000000.0,11219100.0,49.99533245562589
46.62,-1000000.0,11219430.0,49.99527608871066
46.63,-1000000.0,11219760.0,49.99519228711042
46.64,-1000000.0,11220090.0,49.995090819223705
46.65,-1000000.0,11220420.0,49.99498293133165
46.66,-1000000.0,11220750.0,49.994880575294765
46.67,-1000000.0,11221080.0,49.994795509451116
46.68,-1000000.0,11221400.0,49.99473819875317
46.69,-1000000.0,11221720.0,49.99471659419138
46.7,-1000000.0,11222040.0,49.99473494986024
46.71,-1000000.0,11222360.0,49.99479291587885
46.72,-1000000.0,11222670.0,49.994885414857094
46.73,-1000000.0,11222980.0,49.99500321119088
46.74,-1000000.0,11223290.0,49.99513403498368
46.75,-1000000.0,11223600.0,49.995264049455706
46.76,-1000000.0,11223910.0,49.995379551958194
46.77,-1000000.0,11224210.0,49.99546872308145
46.78,-1000000.0,11224510.0,49.99552306565623
46.79,-1000000.0,11224810.0,49.99553830825484
46.8,-1000000.0,11225100.0,49.99551470578342
46.81,-1000000.0,11225390.0,49.995456718109196
46.82,-1000000.0,11225680.0,49.99537212477498
46.83,-1000000.0,11225970.0,49.99527092469446
46.84,-1000000.0,11226250.0,49.99516449334599
46.85,-1000000.0,11226530.0,49.99506481559155
46.86,-1000000.0,11226810.0,49.994983558351855
46.87,-1000000.0,11227080.0,49.99493095172999
46.88,-1000000.0,11227350.0,49.994914562971545
46.89,-1000000.0,11227620.0,49.99493813287265
46.9,-1000000.0,11227880.0,49.99500073124546
46.91,-1000000.0,11228140.0,49.99509671288973
46.92,-1000000.0,11228400.0,49.99521641954029
46.93,-1000000.0,11228650.0,49.995347322130996
46.94,-1000000.0,11228900.0,49.99547551333915
46.95,-1000000.0,11229150.0,49.995587430888
46.96,-1000000.0,11229390.0,49.99567158836873
46.97,-1000000.0,11229630.0,49.99571996044166
46.98,-1000000.0,11229860.0,49.99572881550199
46.99,-1000000.0,11230100.0,49.99569894704029
47.0,-1000000.0,11230320.0,49.99563524206613
47.01,-1000000.0,11230550.0,49.99554579808557
47.02,-1000000.0,11230770.0,49.99544083666241
47.03,-1000000.0,11230980.0,49.995331856202064
47.04,-1000000.0,11231200.0,49.99523086817249
47.05,-1000000.0,11231400.0,49.9951494409283
47.06,-1000000.0,11231610.0,49.99509756205207
47.07,-1000000.0,11231810.0,49.99508240867411
47.08,-1000000.0,11232000.0,49.995107206262105
47.09,-1000000.0,11232190.0,49.99517045006493
47.1,-1000000.0,11232380.0,49.99526594413308
47.11,-1000000.0,11232560.0,49.99538361716595
47.12,-1000000.0,11232740.0,49.99551069517251
47.13,-1000000.0,11232920.0,49.99563322520537
47.14,-1000000.0,11233090.0,49.99573781551747
47.15,-1000000.0,11233250.0,49.99581334146744
47.16,-1000000.0,11233410.0,49.99585227275297
47.17,-1000000.0,11233570.0,49.99585143345006
47.18,-1000000.0,11233720.0,49.995812164761425
47.19,-1000000.0,11233870.0,49.995739784817175
47.2,-1000000.0,11234010.0,49.99564269901412
47.21,-1000000.0,11234150.0,49.99553134707496
47.22,-1000000.0,11234280.0,49.99541735635057
47.23,-1000000.0,11234410.0,49.99531276236219
47.24,-1000000.0,11234530.0,49.99522902811402
47.25,-1000000.0,11234650.0,49.99517588886124
47.26,-1000000.0,11234770.0,49.99516012136175
47.27,-1000000.0,11234880.0,49.995184428511955
47.28,-1000000.0,11234980.0,49.99524673022475
47.29,-1000000.0,11235080.0,49.99534029887492
47.3,-1000000.0,11235180.0,49.995454654499575
47.31,-1000000.0,11235270.0,49.995576782437304
47.32,-1000000.0,11235360.0,49.99569269447515
47.33,-1000000.0,11235440.0,49.995789185291365
47.34,-1000000.0,11235510.0,49.99585550671578
47.35,-1000000.0,11235580.0,49.995884632907725
47.36,-1000000.0,11235650.0,49.99587394645773
47.37,-1000000.0,11235710.0,49.9958253331801
47.38,-1000000.0,11235770.0,49.99574453525231
47.39,-1000000.0,11235820.0,49.99564021867884
47.4,-1000000.0,11235860.0,49.995522987527295
47.41,-1000000.0,11235910.0,49.99540456193253
47.42,-1000000.0,11235940.0,49.99529697401373
47.43,-1000000.0,11235970.0,49.99521155926349
47.44,-1000000.0,11236000.0,49.995157781752766
47.45,-1000000.0,11236020.0,49.99514200263492
47.46,-1000000.0,11236040.0,49.995166392736074
47.47,-1000000.0,11236050.0,49.99522829666272
47.48,-1000000.0,11236060.0,49.995320465452906
47.49,-1000000.0,11236060.0,49.99543202527387
47.5,-1000000.0,11236050.0,49.995549747165526
47.51,-1000000.0,11236040.0,49.99565963519716
47.52,-1000000.0,11236030.0,49.995748695191395
47.53,-1000000.0,11236010.0,49.99580657350295
47.54,-1000000.0,11235990.0,49.99582675814425
47.55,-1000000.0,11235960.0,49.99580719106816
47.56,-1000000.0,11235930.0,49.99575029003982
47.57,-1000000.0,11235890.0,49.995662248340025
47.58,-1000000.0,11235850.0,49.9955520311411
47.59,-1000000.0,11235800.0,49.99543042813319
47.6,-1000000.0,11235740.0,49.99530925690204
47.61,-1000000.0,11235690.0,49.995200539077764
47.62,-1000000.0,11235620.0,49.995115467063904
47.63,-1000000.0,11235560.0,49.99506321277678
47.64,-1000000.0,11235480.0,49.99504969922292
47.65,-1000000.0,11235400.0,49.99507654538286
47.66,-1000000.0,11235320.0,49.99514054993362
47.67,-1000000.0,11235230.0,49.995233975203455
47.68,-1000000.0,11235140.0,49.99534557296807
47.69,-1000000.0,11235040.0,49.99546192063932
47.7,-1000000.0,11234940.0,49.99556903311891
47.71,-1000000.0,11234840.0,49.99565414130205
47.72,-1000000.0,11234720.0,49.995707292594396
47.73,-1000000.0,11234610.0,49.99572248638209
47.74,-1000000.0,11234490.0,49.995698212532545
47.75,-1000000.0,11234360.0,49.99563739606962
47.76,-1000000.0,11234230.0,49.99554664799121
47.77,-1000000.0,11234100.0,49.995435191305354
47.78,-1000000.0,11233960.0,49.99531396576211
47.79,-1000000.0,11233810.0,49.9951948517367
47.8,-1000000.0,11233660.0,49.9950898247144
47.81,-1000000.0,11233510.0,49.99500989644222
47.82,-1000000.0,11233360.0,49.994963908162845
47.83,-1000000.0,11233190.0,49.99495730805659
47.84,-1000000.0,11233030.0,49.99499113239641
47.85,-1000000.0,11232860.0,49.99506161367444
47.86,-1000000.0,11232680.0,49.99516051310063
47.87,-1000000.0,11232500.0,49.99527620416014
47.88,-1000000.0,11232320.0,49.99539507527808
47.89,-1000000.0,11232130.0,49.99550316459207
47.9,-1000000.0,11231940.0,49.9955879408325
47.91,-1000000.0,11231740.0,49.99563986067335
47.92,-1000000.0,11231540.0,49.995653435729245
47.93,-1000000.0,11231340.0,49.99562769700488
47.94,-1000000.0,11231130.0,49.99556606376109
47.95,-1000000.0,11230920.0,49.99547554479519
47.96,-1000000.0,11230700.0,49.995365636124625
47.97,-1000000.0,11230480.0,49.99524744902212
47.98,-1000000.0,11230250.0,49.99513293286418
47.99,-1000000.0,11230030.0,49.99503400796821
48.0,-1000000.0,11229790.0,49.99496148624587
48.01,-1000000.0,11229560.0,49.99492385395431
48.02,-1000000.0,11229320.0,49.99492606065395
48.03,-1000000.0,11229080.0,49.99496854227484
48.04,-1000000.0,11228830.0,49.99504695812064
48.05,-1000000.0,11228580.0,49.99515261045061
48.06,-1000000.0,11228320.0,49.995273543683574
48.07,-1000000.0,11228070.0,49.995395988864516
48.08,-1000000.0,11227810.0,49.99550603809566
48.09,-1000000.0,11227540.0,49.9955914204801
48.1,-1000000.0,11227270.0,49.99564301406423
48.11,-1000000.0,11227000.0,49.99565584398668
48.12,-1000000.0,11226730.0,49.99562947445646
48.13,-1000000.0,11226450.0,49.995567804845905
48.14,-1000000.0,11226170.0,49.99547821384192
48.15,-1000000.0,11225890.0,49.99537044369152
48.16,-1000000.0,11225600.0,49.995255752592776
48.17,-1000000.0,11225310.0,49.99514613909716
48.18,-1000000.0,11225020.0,49.99505344718182
48.19,-1000000.0,11224720.0,49.99498826693552
48.2,-1000000.0,11224420.0,49.99495870909444
48.21,-1000000.0,11224120.0,49.99496920929487
48.22,-1000000.0,11223820.0,49.995019597295396
48.23,-1000000.0,11223510.0,49.99510494882993
48.24,-1000000.0,11223200.0,49.995216116854365
48.25,-1000000.0,11222890.0,49.99534085106859
48.26,-1000000.0,11222570.0,49.99546526557518
48.27,-1000000.0,11222250.0,49.995575545253104
48.28,-1000000.0,11221930.0,49.99565971138632
48.29,-1000000.0,11221610.0,49.99570908454671
48.3,-1000000.0,11221280.0,49.99571921306094
48.31,-1000000.0,11220960.0,49.99569019416742
48.32,-1000000.0,11220630.0,49.99562638495479
48.33,-1000000.0,11220300.0,49.9955355118471
48.34,-1000000.0,11219960.0,49.99542755900166
48.35,-1000000.0,11219630.0,49.99531392218597
48.36,-1000000.0,11219290.0,49.995206638248135
48.37,-1000000.0,11218950.0,49.99511746273946
48.38,-1000000.0,11218610.0,49.995056751694605
48.39,-1000000.0,11218260.0,49.99503223046763
48.4,-1000000.0,11217920.0,49.995047816936086
48.41,-1000000.0,11217570.0,49.99510275197779
48.42,-1000000.0,11217220.0,49.995191530531834
48.43,-1000000.0,11216870.0,49.99530456868292
48.44,-1000000.0,11216520.0,49.99542934392872
48.45,-1000000.0,11216160.0,49.99555188855308
48.46,-1000000.0,11215810.0,49.99565851938858
48.47,-1000000.0,11215450.0,49.995737585747236
48.48,-1000000.0,11215100.0,49.99578087853892
48.49,-1000000.0,11214740.0,49.99578448711673
48.5,-1000000.0,11214380.0,49.99574905021267
48.51,-1000000.0,11214010.0,49.99567935547776
48.52,-1000000.0,11213650.0,49.995583450751894
48.53,-1000000.0,11213290.0,49.995471545927586
48.54,-1000000.0,11212920.0,49.99535516216328
48.55,-1000000.0,11212560.0,49.99524636511355
48.56,-1000000.0,11212190.0,49.99515681368577
48.57,-1000000.0,11211820.0,49.99509662279063
48.58,-1000000.0,11211460.0,49.995073128079284
48.59,-1000000.0,11211090.0,49.995089730894534
48.6,-1000000.0,11210720.0,49.99514509446468
48.61,-1000000.0,11210350.0,49.99523315846377
48.62,-1000000.0,11209980.0,49.99534393425616
48.63,-1000000.0,11209620.0,49.99546466542639
48.64,-1000000.0,11209240.0,49.99558134388866
48.65,-1000000.0,11208880.0,49.995680459058676
48.66,-1000000.0,11208510.0,49.995750723482075
48.67,-1000000.0,11208140.0,49.995784425119396
48.68,-1000000.0,11207770.0,49.995778211882566
48.69,-1000000.0,11207400.0,49.9957332734783
48.7,-1000000.0,11207030.0,49.9956548316559
48.71,-1000000.0,11206660.0,49.99555125760594
48.72,-1000000.0,11206290.0,49.99543299325679
48.73,-1000000.0,11205920.0,49.99531169357654
48.74,-1000000.0,11205560.0,49.99519945156069
48.75,-1000000.0,11205190.0,49.99510782200834
48.76,-1000000.0,11204820.0,49.995046667179324
48.77,-1000000.0,11204460.0,49.99502292031611
48.78,-1000000.0,11204100.0,49.99503945610479
48.79,-1000000.0,11203730.0,49.995094356347124
48.8,-1000000.0,11203370.0,49.9951810177907
48.81,-1000000.0,11203010.0,49.99528902551461
48.82,-1000000.0,11202650.0,49.995405363839566
48.83,-1000000.0,11202290.0,49.99551597755051
48.84,-1000000.0,11201940.0,49.995607535450084
48.85,-1000000.0,11201580.0,49.9956691237124
48.86,-1000000.0,11201230.0,49.9956935352437
48.87,-1000000.0,11200880.0,49.99567797910533
48.88,-1000000.0,11200520.0,49.99562419320085
48.89,-1000000.0,11200180.0,49.995537826157786
48.9,-1000000.0,11199830.0,49.99542751106174
48.91,-1000000.0,11199480.0,49.995303855070105
48.92,-1000000.0,11199140.0,49.995178606295084
48.93,-1000000.0,11198800.0,49.995063854377364
48.94,-1000000.0,11198460.0,49.99497102653345
48.95,-1000000.0,11198130.0,49.994909713561896
48.96,-1000000.0,11197800.0,49.994886432339364
48.97,-1000000.0,11197460.0,49.99490352396943
48.98,-1000000.0,11197140.0,49.994958490316925
48.99,-1000000.0,11196810.0,49.995044201701624
49.0,-1000000.0,11196490.0,49.995149851743
49.01,-1000000.0,11196160.0,49.995262210120465
49.02,-1000000.0,11195850.0,49.99536721367511
49.03,-1000000.0,11195530.0,49.99545174317332
49.04,-1000000.0,11195220.0,49.995505281549235
49.05,-1000000.0,11194910.0,49.995521139128215
49.06,-1000000.0,11194610.0,49.99549708872403
49.07,-1000000.0,11194300.0,49.995435408732156
49.08,-1000000.0,11194000.0,49.99534219573732
49.09,-1000000.0,11193710.0,49.99522637544139
49.1,-1000000.0,11193420.0,49.995098734514976
49.11,-1000000.0,11193130.0,49.99497111525717
49.12,-1000000.0,11192840.0,49.99485559565069
49.13,-1000000.0,11192560.0,49.99476346030789
49.14,-1000000.0,11192280.0,49.994704009632166
49.15,-1000000.0,11192010.0,49.994683324936034
49.16,-1000000.0,11191740.0,49.9947031983237
49.17,-1000000.0,11191470.0,49.99476057780268
49.18,-1000000.0,11191210.0,49.994847838929005
49.19,-1000000.0,11190950.0,49.99495379588449
49.2,-1000000.0,11190700.0,49.99506502289991
49.21,-1000000.0,11190450.0,49.995167468198325
49.22,-1000000.0,11190200.0,49.99524824011636
49.23,-1000000.0,11189960.0,49.995297226744434
49.24,-1000000.0,11189720.0,49.995308254963795
49.25,-1000000.0,11189490.0,49.99527965114826
49.26,-1000000.0,11189260.0,49.99521420654832
49.27,-1000000.0,11189040.0,49.995118440846134
49.28,-1000000.0,11188820.0,49.99500154252588
49.29,-1000000.0,11188600.0,49.99487445276629
49.3,-1000000.0,11188390.0,49.994749080862114
49.31,-1000000.0,11188190.0,49.99463746320529
49.32,-1000000.0,11187990.0,49.99455070918776
49.33,-1000000.0,11187790.0,49.994497794824674
49.34,-1000000.0,11187600.0,49.994484333302495
49.35,-1000000.0,11187410.0,49.99451154055819
49.36,-1000000.0,11187230.0,49.99457580419475
49.37,-1000000.0,11187060.0,49.994669005421336
49.38,-1000000.0,11186890.0,49.99477958809003
49.39,-1000000.0,11186720.0,49.9948939454368
49.4,-1000000.0,11186560.0,49.99499805358354
49.41,-1000000.0,11186400.0,49.9950792622806
49.42,-1000000.0,11186260.0,49.99512787216592
49.43,-1000000.0,11186110.0,49.99513822562605
49.44,-1000000.0,11185970.0,49.9951091933073
49.45,-1000000.0,11185840.0,49.99504406331733
49.46,-1000000.0,11185710.0,49.99494975698958
49.47,-1000000.0,11185580.0,49.99483572462541
49.48,-1000000.0,11185470.0,49.99471306438313
49.49,-1000000.0,11185360.0,49.99459374451501
49.5,-1000000.0,11185250.0,49.99448974154912
49.51,-1000000.0,11185150.0,49.99441196405129
49.52,-1000000.0,11185050.0,49.99436903440856
49.53,-1000000.0,11184960.0,49.994366069607146
49.54,-1000000.0,11184880.0,49.99440368748601
49.55,-1000000.0,11184800.0,49.994477703532816
49.56,-1000000.0,11184730.0,49.99457952229253
49.57,-1000000.0,11184660.0,49.99469723743871
49.58,-1000000.0,11184600.0,49.99481707182757
49.59,-1000000.0,11184540.0,49.99492504827715
49.6,-1000000.0,11184490.0,49.99500877416806
49.61,-1000000.0,11184450.0,49.99505897204069
49.62,-1000000.0,11184410.0,49.99507050048288
49.63,-1000000.0,11184380.0,49.995042767076434
49.64,-1000000.0,11184350.0,49.99497954375091
49.65,-1000000.0,11184330.0,49.994888125599076
49.66,-1000000.0,11184310.0,49.99477821461103
49.67,-1000000.0,11184300.0,49.994661061018185
49.68,-1000000.0,11184300.0,49.994548685713184
49.69,-1000000.0,11184300.0,49.99445299192796
49.7,-1000000.0,11184310.0,49.994384669548545
49.71,-1000000.0,11184330.0,49.99435196868702
49.72,-1000000.0,11184350.0,49.99435949530251
49.73,-1000000.0,11184370.0,49.994407263029096
49.74,-1000000.0,11184410.0,49.994490518942094
49.75,-1000000.0,11184440.0,49.99460023688107
49.76,-1000000.0,11184490.0,49.994724224691986
49.77,-1000000.0,11184540.0,49.99484859097675
49.78,-1000000.0,11184590.0,49.994959450679424
49.79,-1000000.0,11184660.0,49.995044701380195
49.8,-1000000.0,11184720.0,49.99509550613437
49.81,-1000000.0,11184800.0,49.995107245107704
49.82,-1000000.0,11184880.0,49.9950798574999
49.83,-1000000.0,11184960.0,49.99501758540562
49.84,-1000000.0,11185050.0,49.99492808102737
49.85,-1000000.0,11185150.0,49.994821286810144
49.86,-1000000.0,11185250.0,49.99470858808757
49.87,-1000000.0,11185360.0,49.994602040341384
49.88,-1000000.0,11185470.0,49.994513454285496
49.89,-1000000.0,11185590.0,49.994453281679846
49.9,-1000000.0,11185720.0,49.994429383186834
49.91,-1000000.0,11185850.0,49.994445842619534
49.92,-1000000.0,11185980.0,49.99450207552367
49.93,-1000000.0,11186130.0,49.99459273479795
49.94,-1000000.0,11186280.0,49.994708339073675
49.95,-1000000.0,11186430.0,49.99483641005869
49.96,-1000000.0,11186590.0,49.994962962454814
49.97,-1000000.0,11186750.0,49.99507423250641
49.98,-1000000.0,11186920.0,49.99515843654295
49.99,-1000000.0,11187100.0,49.995207199925225
50.0,-1000000.0,11187280.0,49.99521643681592
50.01,-1000000.0,11187470.0,49.99518662153839
50.02,-1000000.0,11187660.0,49.99512242043397
50.03,-1000000.0,11187860.0,49.99503179908955
50.04,-1000000.0,11188060.0,49.994924917334686
50.05,-1000000.0,11188270.0,49.994813278729595
50.06,-1000000.0,11188480.0,49.994708961939004
50.07,-1000000.0,11188700.0,49.99462367699955
50.08,-1000000.0,11188920.0,49.994567632144324
50.09,-1000000.0,11189150.0,49.994548297245466
50.1,-1000000.0,11189380.0,49.99456923918534
50.11,-1000000.0,11189620.0,49.994629295246654
50.12,-1000000.0,11189860.0,49.99472256054201
50.13,-1000000.0,11190110.0,49.99483914916063
50.14,-1000000.0,11190360.0,49.99496634795675
50.15,-1000000.0,11190620.0,49.99509012911645
50.16,-1000000.0,11190880.0,49.995196897908144
50.17,-1000000.0,11191150.0,49.99527522984477
50.18,-1000000.0,11191420.0,49.995317243433405
50.19,-1000000.0,11191700.0,49.9953194079185
50.2,-1000000.0,11191980.0,49.99528274549038
50.21,-1000000.0,11192260.0,49.99521235350477
50.22,-1000000.0,11192550.0,49.99511651829883
50.23,-1000000.0,11192850.0,49.995005625659225
50.24,-1000000.0,11193140.0,49.99489130450172
50.25,-1000000.0,11193450.0,49.99478565738043
50.26,-1000000.0,11193750.0,49.994700289945406
50.27,-1000000.0,11194060.0,49.9946451601338
50.28,-1000000.0,11194380.0,49.99462733958311
50.29,-1000000.0,11194700.0,49.994649873519435
50.3,-1000000.0,11195020.0,49.99471102254541
50.31,-1000000.0,11195340.0,49.994804338136646
50.32,-1000000.0,11195670.0,49.99491951215939
50.33,-1000000.0,11196000.0,49.99504357806542
50.34,-1000000.0,11196340.0,49.995162464991104
50.35,-1000000.0,11196680.0,49.99526275961973
50.36,-1000000.0,11197030.0,49.995333412522285
50.37,-1000000.0,11197370.0,49.99536704881658
50.38,-1000000.0,11197720.0,49.99536070106401
50.39,-1000000.0,11198080.0,49.99531594228437
50.4,-1000000.0,11198430.0,49.99523829946745
50.41,-1000000.0,11198790.0,49.99513633797005
50.42,-1000000.0,11199160.0,49.99502062928814
50.43,-1000000.0,11199520.0,49.99490291032635
50.44,-1000000.0,11199890.0,49.99479529084944
50.45,-1000000.0,11200260.0,49.994709257299604
50.46,-1000000.0,11200630.0,49.99465450346767
50.47,-1000000.0,11201010.0,49.99463769118261
50.48,-1000000.0,11201390.0,49.99466133743166
50.49,-1000000.0,11201770.0,49.994723127205965
50.5,-1000000.0,11202150.0,49.9948160881635
50.51,-1000000.0,11202540.0,49.994929521435374
50.52,-1000000.0,11202920.0,49.9950502432289
50.53,-1000000.0,11203310.0,49.99516417066951
50.54,-1000000.0,11203700.0,49.995258098221626
50.55,-1000000.0,11204100.0,49.995321370047364
50.56,-1000000.0,11204490.0,49.995347127026506
50.57,-1000000.0,11204890.0,49.9953329652423
50.58,-1000000.0,11205290.0,49.99528100170207
50.59,-1000000.0,11205690.0,49.9951971985045
50.6,-1000000.0,11206090.0,49.99509039645761
50.61,-1000000.0,11206490.0,49.99497133457184
50.62,-1000000.0,11206900.0,49.9948518383462
50.63,-1000000.0,11207300.0,49.99474400493785
50.64,-1000000.0,11207700.0,49.99465918064278
50.65,-1000000.0,11208110.0,49.994606773540326
50.66,-1000000.0,11208520.0,49.99459301538807
50.67,-1000000.0,11208930.0,49.9946198789349
50.68,-1000000.0,11209340.0,49.994684481312284
50.69,-1000000.0,11209740.0,49.99477933872324
50.7,-1000000.0,11210160.0,49.99489336286939
50.71,-1000000.0,11210560.0,49.99501316545372
50.72,-1000000.0,11210980.0,49.99512466750492
50.73,-1000000.0,11211380.0,49.99521488543065
50.74,-1000000.0,11211800.0,49.9952735653077
50.75,-1000000.0,11212210.0,49.99529436396211
50.76,-1000000.0,11212620.0,49.995275432992706
50.77,-1000000.0,11213030.0,49.995219407421345
50.78,-1000000.0,11213440.0,49.99513268105794
50.79,-1000000.0,11213840.0,49.99502436704425
50.8,-1000000.0,11214250.0,49.994905367578696
50.81,-1000000.0,11214660.0,49.99478758406571
50.82,-1000000.0,11215070.0,49.99468308172122
50.83,-1000000.0,11215470.0,49.99460304200213
50.84,-1000000.0,11215880.0,49.99455655922746
50.85,-1000000.0,11216280.0,49.99454940689502
50.86,-1000000.0,11216680.0,49.99458298928399
50.87,-1000000.0,11217090.0,49.994653867387754
50.88,-1000000.0,11217490.0,49.994754063439174
50.89,-1000000.0,11217880.0,49.9948721156194
50.9,-1000000.0,11218280.0,49.99499444890845
50.91,-1000000.0,11218680.0,49.99510700549024
50.92,-1000000.0,11219070.0,49.99519703723694
50.93,-1000000.0,11219460.0,49.995254698907225
50.94,-1000000.0,11219850.0,49.99527416167676
50.95,-1000000.0,11220240.0,49.99525412285665
50.96,-1000000.0,11220620.0,49.99519771775298
50.97,-1000000.0,11221000.0,49.9951117464379
50.98,-1000000.0,11221380.0,49.99500557226169
50.99,-1000000.0,11221760.0,49.994890239513836
51.0,-1000000.0,11222140.0,49.9947777022591
51.01,-1000000.0,11222510.0,49.99467996670266
51.02,-1000000.0,11222880.0,49.99460801895513
51.03,-1000000.0,11223250.0,49.994570607425295
51.04,-1000000.0,11223610.0,49.994573016947236
51.05,-1000000.0,11223970.0,49.994616059009836
51.06,-1000000.0,11224330.0,49.99469572424019
51.07,-1000000.0,11224680.0,49.99480354148036
51.08,-1000000.0,11225030.0,49.994927679923926
51.09,-1000000.0,11225380.0,49.99505438300542
51.1,-1000000.0,11225720.0,49.99516962959446
51.11,-1000000.0,11226060.0,49.99526092298436
51.12,-1000000.0,11226400.0,49.99531883797955
51.13,-1000000.0,11226730.0,49.99533806436422
51.14,-1000000.0,11227060.0,49.995317842341
51.15,-1000000.0,11227380.0,49.99526179926762
51.16,-1000000.0,11227700.0,49.99517712263595
51.17,-1000000.0,11228010.0,49.99507344803794
51.18,-1000000.0,11228320.0,49.994961994003894
51.19,-1000000.0,11228630.0,49.99485478381579
51.2,-1000000.0,11228930.0,49.99476376453778
51.21,-1000000.0,11229230.0,49.99469971591205
51.22,-1000000.0,11229520.0,49.99467102411504
51.23,-1000000.0,11229810.0,49.99468246961183
51.24,-1000000.0,11230090.0,49.994734261695584
51.25,-1000000.0,11230370.0,49.994821821833916
51.26,-1000000.0,11230640.0,49.99493624544665
51.27,-1000000.0,11230900.0,49.995065407040926
51.28,-1000000.0,11231170.0,49.99519542379281
51.29,-1000000.0,11231420.0,49.995312354667135
51.3,-1000000.0,11231670.0,49.99540398365044
51.31,-1000000.0,11231920.0,49.99546132057695
51.32,-1000000.0,11232160.0,49.995479575749016
51.33,-1000000.0,11232390.0,49.9954585237383
51.34,-1000000.0,11232620.0,49.99540226986575
51.35,-1000000.0,11232840.0,49.99531836783528
51.36,-1000000.0,11233060.0,49.99521669517863
51.37,-1000000.0,11233260.0,49.99510861050076
51.38,-1000000.0,11233470.0,49.99500617803372
51.39,-1000000.0,11233660.0,49.994921259236165
51.4,-1000000.0,11233860.0,49.994864402152075
51.41,-1000000.0,11234040.0,49.994843607992884
51.42,-1000000.0,11234220.0,49.99486313592234
51.43,-1000000.0,11234390.0,49.99492258883243
51.44,-1000000.0,11234560.0,49.99501679035139
51.45,-1000000.0,11234710.0,49.99513637345855
51.46,-1000000.0,11234860.0,49.995268915914465
51.47,-1000000.0,11235010.0,49.995400426005986
51.48,-1000000.0,11235150.0,49.995517068400105
51.49,-1000000.0,11235280.0,49.99560693261163
51.5,-1000000.0,11235400.0,49.995661481656434
51.51,-1000000.0,11235520.0,49.99567645536865
51.52,-1000000.0,11235630.0,49.99565216309875
51.53,-1000000.0,11235730.0,49.99559314769832
51.54,-1000000.0,11235830.0,49.99550728884285
51.55,-1000000.0,11235920.0,49.99540469366343
51.56,-1000000.0,11236000.0,49.99529684831871
51.57,-1000000.0,11236070.0,49.99519584766604
51.58,-1000000.0,11236130.0,49.99511345834833
51.59,-1000000.0,11236190.0,49.99505998874811
51.6,-1000000.0,11236240.0,49.99504305011959
51.61,-1000000.0,11236280.0,49.99506638134974
51.62,-1000000.0,11236320.0,49.99512899859652
51.63,-1000000.0,11236350.0,49.99522515395553
51.64,-1000000.0,11236370.0,49.99534505847837
51.65,-1000000.0,11236380.0,49.99547603521472
51.66,-1000000.0,11236380.0,49.99560402969712
51.67,-1000000.0,11236380.0,49.99571535752075
51.68,-1000000.0,11236360.0,49.99579845323363
51.69,-1000000.0,11236340.0,49.99584526381139
51.7,-1000000.0,11236320.0,49.99585207970178
51.71,-1000000.0,11236280.0,49.99581975750947
51.72,-1000000.0,11236240.0,49.995753273088475
51.73,-1000000.0,11236180.0,49.99566082826058
51.74,-1000000.0,11236120.0,49.99555275563543
51.75,-1000000.0,11236050.0,49.995440665470575
51.76,-1000000.0,11235970.0,49.99533667894648
51.77,-1000000.0,11235890.0,49.99525246209315
51.78,-1000000.0,11235790.0,49.9951980767588
51.79,-1000000.0,11235690.0,49.99518073826073
51.8,-1000000.0,11235580.0,49.99520366318693
51.81,-1000000.0,11235460.0,49.99526528645535
51.82,-1000000.0,11235330.0,49.99535930522557
51.83,-1000000.0,11235190.0,49.99547550640441
51.84,-1000000.0,11235050.0,49.995600958220294
51.85,-1000000.0,11234890.0,49.9957215589373
51.86,-1000000.0,11234730.0,49.99582379976621
51.87,-1000000.0,11234560.0,49.99589648616841
51.88,-1000000.0,11234380.0,49.99593207081965
51.89,-1000000.0,11234190.0,49.99592741015322
51.9,-1000000.0,11233990.0,49.99588391721869
51.91,-1000000.0,11233790.0,49.995807005387555
51.92,-1000000.0,11233570.0,49.995705181822586
51.93,-1000000.0,11233350.0,49.99558899411556
51.94,-1000000.0,11233120.0,49.995470181734284
51.95,-1000000.0,11232880.0,49.995360888927266
51.96,-1000000.0,11232630.0,49.99527267435265
51.97,-1000000.0,11232370.0,49.995215344063425
51.98,-1000000.0,11232100.0,49.995195708070256
51.99,-1000000.0,11231830.0,49.99521645459215
52.0,-1000000.0,11231550.0,49.99527543805461
52.01,-1000000.0,11231250.0,49.995365823439684
52.02,-1000000.0,11230950.0,49.99547699482492
52.03,-1000000.0,11230640.0,49.99559578943354
52.04,-1000000.0,11230330.0,49.99570808041303
52.05,-1000000.0,11230000.0,49.99580055674941
52.06,-1000000.0,11229660.0,49.99586241202778
52.07,-1000000.0,11229320.0,49.995886614172655
52.08,-1000000.0,11228970.0,49.99587058713206
52.09,-1000000.0,11228610.0,49.99581629525259
52.1,-1000000.0,11228240.0,49.9957295820746
52.11,-1000000.0,11227860.0,49.99561922135691
52.12,-1000000.0,11227480.0,49.99549592723553
52.13,-1000000.0,11227080.0,49.995371531891514
52.14,-1000000.0,11226680.0,49.995258174086324
52.15,-1000000.0,11226270.0,49.99516728070346
52.16,-1000000.0,11225850.0,49.99510838008769
52.17,-1000000.0,11225430.0,49.995087858187546
52.18,-1000000.0,11224990.0,49.99510786164063
52.19,-1000000.0,11224550.0,49.99516566277201
52.2,-1000000.0,11224100.0,49.99525390053748
52.21,-1000000.0,11223640.0,49.99536156173914
52.22,-1000000.0,11223180.0,49.9954752699403
52.23,-1000000.0,11222700.0,49.99558089457143
52.24,-1000000.0,11222220.0,49.99566534226144
52.25,-1000000.0,11221730.0,49.99571820866579
52.26,-1000000.0,11221230.0,49.9957329826035
52.27,-1000000.0,11220730.0,49.995707652721286
52.28,-1000000.0,11220220.0,49.995644717660845
52.29,-1000000.0,11219700.0,49.995550474950534
52.3,-1000000.0,11219170.0,49.995433996891606
52.31,-1000000.0,11218640.0,49.995306181246605
52.32,-1000000.0,11218100.0,49.99517895357188
52.33,-1000000.0,11217550.0,49.99506443596671
52.34,-1000000.0,11217000.0,49.99497390385086
52.35,-1000000.0,11216440.0,49.99491658290215
52.36,-1000000.0,11215870.0,49.99489840871448
52.37,-1000000.0,11215300.0,49.99492096333902
52.38,-1000000.0,11214710.0,49.9949809634586
52.39,-1000000.0,11214130.0,49.995070552238325
52.4,-1000000.0,11213530.0,49.995178338592034
52.41,-1000000.0,11212930.0,49.99529075284996
52.42,-1000000.0,11212330.0,49.99539367895804
52.43,-1000000.0,11211710.0,49.99547425453878
52.44,-1000000.0,11211100.0,49.99552248292161
52.45,-1000000.0,11210470.0,49.99553237004282
52.46,-1000000.0,11209840.0,49.9955024561967
52.47,-1000000.0,11209210.0,49.99543574843242
52.48,-1000000.0,11208570.0,49.99533896065094
52.49,-1000000.0,11207920.0,49.995221419418684
52.5,-1000000.0,11207270.0,49.99509416762783
52.51,-1000000.0,11206610.0,49.99496918735449
52.52,-1000000.0,11205950.0,49.994858546817234
52.53,-1000000.0,11205280.0,49.994773331438935
52.54,-1000000.0,11204610.0,49.994722425286255
52.55,-1000000.0,11203940.0,49.99471127731945
52.56,-1000000.0,11203250.0,49.99474087551607
52.57,-1000000.0,11202570.0,49.99480736189093
52.58,-1000000.0,11201880.0,49.99490237152194
52.59,-1000000.0,11201180.0,49.995014128672786
52.6,-1000000.0,11200490.0,49.9951288716867
52.61,-1000000.0,11199790.0,49.99523251172741
52.62,-1000000.0,11199080.0,49.995312431717075
52.63,-1000000.0,11198370.0,49.995359052817726
52.64,-1000000.0,11197660.0,49.995366900968484
52.65,-1000000.0,11196940.0,49.99533506342139
52.66,-1000000.0,11196220.0,49.99526704483178
52.67,-1000000.0,11195500.0,49.99516995634948
52.68,-1000000.0,11194770.0,49.99505340176014
52.69,-1000000.0,11194040.0,49.99492859977593
52.7,-1000000.0,11193310.0,49.99480760308156
52.71,-1000000.0,11192580.0,49.994702422874745
52.72,-1000000.0,11191840.0,49.99462394013017
52.73,-1000000.0,11191100.0,49.99458067755473
52.74,-1000000.0,11190360.0,49.994577578525934
52.75,-1000000.0,11189620.0,49.994615024718314
52.76,-1000000.0,11188880.0,49.994688582564876
52.77,-1000000.0,11188130.0,49.99478943930528
52.78,-1000000.0,11187380.0,49.99490550753861
52.79,-1000000.0,11186630.0,49.995022884767664
52.8,-1000000.0,11185880.0,49.99512755157086
52.81,-1000000.0,11185130.0,49.99520716518164
52.82,-1000000.0,11184370.0,49.995252579632606
52.83,-1000000.0,11183620.0,49.99525884278235
52.84,-1000000.0,11182860.0,49.99522558018731
52.85,-1000000.0,11182110.0,49.99515677861338
52.86,-1000000.0,11181350.0,49.995059918985476
52.87,-1000000.0,11180590.0,49.99494484957575
52.88,-1000000.0,11179840.0,49.9948229328598
52.89,-1000000.0,11179080.0,49.994706266151624
52.9,-1000000.0,11178320.0,49.994606778418834
52.91,-1000000.0,11177560.0,49.994535121722365
52.92,-1000000.0,11176810.0,49.99449943543499
52.93,-1000000.0,11176050.0,49.99450414145326
52.94,-1000000.0,11175300.0,49.99454900964257
52.95,-1000000.0,11174540.0,49.994629015822426
52.96,-1000000.0,11173790.0,49.99473489441561
52.97,-1000000.0,11173030.0,49.994854265991165
52.98,-1000000.0,11172280.0,49.99497311887328
52.99,-1000000.0,11171530.0,49.995077537127145
53.0,-1000000.0,11170780.0,49.995155481527654
53.01,-1000000.0,11170040.0,49.99519825872017
53.02,-1000000.0,11169290.0,49.9952014471893
53.03,-1000000.0,11168550.0,49.9951652096831
53.04,-1000000.0,11167810.0,49.9950939905747
53.05,-1000000.0,11167070.0,49.99499561778231
53.06,-1000000.0,11166330.0,49.99488018063145
53.07,-1000000.0,11165600.0,49.9947591755889
53.08,-1000000.0,11164860.0,49.994644732998786
53.09,-1000000.0,11164130.0,49.99454868676819
53.1,-1000000.0,11163410.0,49.99448144722016
53.11,-1000000.0,11162680.0,49.99445076025792
53.12,-1000000.0,11161960.0,49.99446052281066
53.13,-1000000.0,11161250.0,49.994509912057275
53.14,-1000000.0,11160530.0,49.9945933247942
53.15,-1000000.0,11159820.0,49.99470106500074
53.16,-1000000.0,11159120.0,49.99482049005285
53.17,-1000000.0,11158420.0,49.994937517757236
53.18,-1000000.0,11157720.0,49.995038376360974
53.19,-1000000.0,11157020.0,49.99511136614269
53.2,-1000000.0,11156330.0,49.99514827317768
53.21,-1000000.0,11155650.0,49.99514522275952
53.22,-1000000.0,11154960.0,49.99510292128616
53.23,-1000000.0,11154290.0,49.9950262421454
53.24,-1000000.0,11153620.0,49.994923330553966
53.25,-1000000.0,11152950.0,49.99480449574954
53.26,-1000000.0,11152280.0,49.99468135253189
53.27,-1000000.0,11151630.0,49.994566051854925
53.28,-1000000.0,11150980.0,49.99447032175702
53.29,-1000000.0,11150330.0,49.99440432161976
53.3,-1000000.0,11149690.0,49.994375398017866
53.31,-1000000.0,11149050.0,49.994386923199194
53.32,-1000000.0,11148420.0,49.9944374915028
53.33,-1000000.0,11147800.0,49.99452094329578
53.34,-1000000.0,11147180.0,49.994627170345005
53.35,-1000000.0,11146560.0,49.994743290251115
53.36,-1000000.0,11145960.0,49.99485518260593
53.37,-1000000.0,11145360.0,49.99494925540313
53.38,-1000000.0,11144760.0,49.995014180680016
53.39,-1000000.0,11144170.0,49.99504224891515
53.4,-1000000.0,11143590.0,49.9950301486144
53.41,-1000000.0,11143020.0,49.99497913863654
53.42,-1000000.0,11142450.0,49.99489452484836
53.43,-1000000.0,11141890.0,49.99478476454085
53.44,-1000000.0,11141330.0,49.9946603864469
53.45,-1000000.0,11140780.0,49.99453313011277
53.46,-1000000.0,11140240.0,49.99441516488345
53.47,-1000000.0,11139710.0,49.99431810630981
53.48,-1000000.0,11139180.0,49.994251853415456
53.49,-1000000.0,11138670.0,49.99422334410973
53.5,-1000000.0,11138160.0,49.99423542034702
53.51,-1000000.0,11137650.0,49.994286095275754
53.52,-1000000.0,11137160.0,49.99436867284818
53.53,-1000000.0,11136670.0,49.99447263204439
53.54,-1000000.0,11136190.0,49.994584848794915
53.55,-1000000.0,11135710.0,49.99469117280188
53.56,-1000000.0,11135250.0,49.99477820737726
53.57,-1000000.0,11134790.0,49.99483501138139
53.58,-1000000.0,11134340.0,49.99485438955363
53.59,-1000000.0,11133900.0,49.99483359650017
53.6,-1000000.0,11133470.0,49.99477444019241
53.61,-1000000.0,11133040.0,49.99468265091272
53.62,-1000000.0,11132630.0,49.99456694337955
53.63,-1000000.0,11132220.0,49.99443800578858
53.64,-1000000.0,11131820.0,49.99430766415154
53.65,-1000000.0,11131430.0,49.99418807725928
53.66,-1000000.0,11131040.0,49.99409072565732
53.67,-1000000.0,11130670.0,49.99402522988334
53.68,-1000000.0,11130300.0,49.993998105855106
53.69,-1000000.0,11129950.0,49.99401165892141
53.7,-1000000.0,11129600.0,49.99406332393057
53.71,-1000000.0,11129260.0,49.994145884589344
53.72,-1000000.0,11128930.0,49.994248436358326
53.73,-1000000.0,11128610.0,49.994357652111404
53.74,-1000000.0,11128300.0,49.99445938673197
53.75,-1000000.0,11127990.0,49.99454046803055
53.76,-1000000.0,11127700.0,49.99459036171952
53.77,-1000000.0,11127410.0,49.99460239628263
53.78,-1000000.0,11127130.0,49.994574392262976
53.79,-1000000.0,11126860.0,49.99450869604974
53.8,-1000000.0,11126600.0,49.99441148587603
53.81,-1000000.0,11126360.0,49.99429176829483
53.82,-1000000.0,11126110.0,49.99416040695885
53.83,-1000000.0,11125880.0,49.99402931534719
53.84,-1000000.0,11125660.0,49.993910632118386
53.85,-1000000.0,11125450.0,49.99381568585302
53.86,-1000000.0,11125240.0,49.99375379738619
53.87,-1000000.0,11125050.0,49.99373103900981
53.88,-1000000.0,11124860.0,49.9937491615921
53.89,-1000000.0,11124680.0,49.993805047778906
53.9,-1000000.0,11124520.0,49.99389099117322
53.91,-1000000.0,11124360.0,49.99399571555504
53.92,-1000000.0,11124210.0,49.99410570812421
53.93,-1000000.0,11124070.0,49.994206845594015
53.94,-1000000.0,11123940.0,49.99428619253572
53.95,-1000000.0,11123810.0,49.99433362609796
53.96,-1000000.0,11123700.0,49.99434299366063
53.97,-1000000.0,11123600.0,49.99431266748089
53.98,-1000000.0,11123500.0,49.994245501044624
53.99,-1000000.0,11123420.0,49.99414808621853
54.0,-1000000.0,11123340.0,49.99402968067449
54.01,-1000000.0,11123270.0,49.99390129000139
54.02,-1000000.0,11123210.0,49.9937748816873
54.03,-1000000.0,11123160.0,49.99366253969353
54.04,-1000000.0,11123120.0,49.99357540442341
54.05,-1000000.0,11123090.0,49.993522460320136
54.06,-1000000.0,11123070.0,49.99350930172008
54.07,-1000000.0,11123050.0,49.99353709688398
54.08,-1000000.0,11123050.0,49.993602165624196
54.09,-1000000.0,11123050.0,49.99369630792149
54.1,-1000000.0,11123060.0,49.99380788156773
54.11,-1000000.0,11123080.0,49.99392319963182
54.12,-1000000.0,11123110.0,49.99402817558616
54.13,-1000000.0,11123150.0,49.99411012343396
54.14,-1000000.0,11123200.0,49.994159338088714
54.15,-1000000.0,11123260.0,49.99417018382329
54.16,-1000000.0,11123320.0,49.994141574507076
54.17,-1000000.0,11123390.0,49.994076854293816
54.18,-1000000.0,11123470.0,49.993983007250506
54.19,-1000000.0,11123560.0,49.99386954709137
54.2,-1000000.0,11123660.0,49.993747631113116
54.21,-1000000.0,11123760.0,49.9936292781776
54.22,-1000000.0,11123880.0,49.99352650295022
54.23,-1000000.0,11124000.0,49.99345023511341
54.24,-1000000.0,11124130.0,49.993409096563575
54.25,-1000000.0,11124260.0,49.99340817887961
54.26,-1000000.0,11124410.0,49.993448049466274
54.27,-1000000.0,11124560.0,49.99352445758064
54.28,-1000000.0,11124720.0,49.99362873663718
54.29,-1000000.0,11124890.0,49.99374890732709
54.3,-1000000.0,11125060.0,49.99387112526262
54.31,-1000000.0,11125250.0,49.993981363128256
54.32,-1000000.0,11125440.0,49.994067202445784
54.33,-1000000.0,11125640.0,49.99411936592678
54.34,-1000000.0,11125840.0,49.99413273547256
54.35,-1000000.0,11126050.0,49.99410675920889
54.36,-1000000.0,11126270.0,49.99404525911972
54.37,-1000000.0,11126500.0,49.99395558355593
54.38,-1000000.0,11126730.0,49.99384748541093
54.39,-1000000.0,11126970.0,49.99373226091689
54.4,-1000000.0,11127210.0,49.993621969971066
54.41,-1000000.0,11127470.0,49.99352854361446
54.42,-1000000.0,11127730.0,49.99346268411377
54.43,-1000000.0,11127990.0,49.99343263468552
54.44,-1000000.0,11128260.0,49.993442972914856
54.45,-1000000.0,11128540.0,49.993493663431884
54.46,-1000000.0,11128820.0,49.99357989171026
54.47,-1000000.0,11129110.0,49.99369256742999
54.48,-1000000.0,11129410.0,49.993819436894455
54.49,-1000000.0,11129710.0,49.993946555224056
54.5,-1000000.0,11130020.0,49.99406000079533
54.51,-1000000.0,11130330.0,49.99414765654609
54.52,-1000000.0,11130650.0,49.994200693109676
54.53,-1000000.0,11130970.0,49.9942145171093
54.54,-1000000.0,11131300.0,49.9941891075868
54.55,-1000000.0,11131630.0,49.994128752054095
54.56,-1000000.0,11131970.0,49.99404115022349
54.57,-1000000.0,11132310.0,49.993936290088385
54.58,-1000000.0,11132660.0,49.99382559663094
54.59,-1000000.0,11133010.0,49.99372115773933
54.6,-1000000.0,11133370.0,49.99363480570398
54.61,-1000000.0,11133730.0,49.99357699966164
54.62,-1000000.0,11134100.0,49.99355559060849
54.63,-1000000.0,11134470.0,49.99357463447322
54.64,-1000000.0,11134840.0,49.993633503150406
54.65,-1000000.0,11135220.0,49.99372679658906
54.66,-1000000.0,11135600.0,49.99384498192574
54.67,-1000000.0,11135980.0,49.99397553321824
54.68,-1000000.0,11136370.0,49.994104426397534
54.69,-1000000.0,11136760.0,49.9942178747164
54.7,-1000000.0,11137160.0,49.99430409058287
54.71,-1000000.0,11137550.0,49.99435471378548
54.72,-1000000.0,11137960.0,49.994365687757245
54.73,-1000000.0,11138360.0,49.99433752582089
54.74,-1000000.0,11138760.0,49.99427493567794
54.75,-1000000.0,11139170.0,49.994185924913104
54.76,-1000000.0,11139580.0,49.994080692570805
54.77,-1000000.0,11140000.0,49.993970775181566
54.78,-1000000.0,11140420.0,49.99386827709251
54.79,-1000000.0,11140830.0,49.993784923749914
54.8,-1000000.0,11141250.0,49.99373092584026
54.81,-1000000.0,11141670.0,49.99371374070976
54.82,-1000000.0,11142100.0,49.99373690743537
54.83,-1000000.0,11142520.0,49.99379922326192
54.84,-1000000.0,11142950.0,49.993894737494166
54.85,-1000000.0,11143380.0,49.994013522301074
54.86,-1000000.0,11143800.0,49.994142828111336
54.87,-1000000.0,11144230.0,49.99426859988838
54.88,-1000000.0,11144660.0,49.9943772300302
54.89,-1000000.0,11145100.0,49.994457297417945
54.9,-1000000.0,11145530.0,49.99450093876784
54.91,-1000000.0,11145960.0,49.99450465268442
54.92,-1000000.0,11146390.0,49.99446949723947
54.93,-1000000.0,11146820.0,49.99440060578876
54.94,-1000000.0,11147260.0,49.99430630037311
54.95,-1000000.0,11147690.0,49.994196999807116
54.96,-1000000.0,11148120.0,49.99408435969695
54.97,-1000000.0,11148560.0,49.993980501088714
54.98,-1000000.0,11148990.0,49.9938970379845
54.99,-1000000.0,11149420.0,49.99384392459526
55.0,-1000000.0,11149850.0,49.99382821567827
55.01,-1000000.0,11150280.0,49.99385292702458
55.02,-1000000.0,11150710.0,49.99391628068668
55.03,-1000000.0,11151130.0,49.99401178741495
55.04,-1000000.0,11151560.0,49.99412910117012
55.05,-1000000.0,11151980.0,49.994255223583465
55.06,-1000000.0,11152410.0,49.99437606227695
55.07,-1000000.0,11152830.0,49.994478196348794
55.08,-1000000.0,11153250.0,49.99455058294731
55.09,-1000000.0,11153670.0,49.99458586565535
55.1,-1000000.0,11154080.0,49.994581103693726
55.11,-1000000.0,11154500.0,49.99453790070048
55.12,-1000000.0,11154910.0,49.99446181267791
55.13,-1000000.0,11155320.0,49.99436142907941
55.14,-1000000.0,11155720.0,49.99424734135013
55.15,-1000000.0,11156120.0,49.994131301552194
55.16,-1000000.0,11156520.0,49.99402542798848
55.17,-1000000.0,11156920.0,49.99394120708756
55.18,-1000000.0,11157320.0,49.99388832253652
55.19,-1000000.0,11157710.0,49.99387341546883
55.2,-1000000.0,11158100.0,49.99389897269393
55.21,-1000000.0,11158480.0,49.993962643318085
55.22,-1000000.0,11158860.0,49.9940574199721
55.23,-1000000.0,11159240.0,49.99417257380542
55.24,-1000000.0,11159610.0,49.994294898279094
55.25,-1000000.0,11159980.0,49.99441029774091
55.26,-1000000.0,11160350.0,49.99450556590888
55.27,-1000000.0,11160710.0,49.99457005746366
55.28,-1000000.0,11161070.0,49.99459693250886
55.29,-1000000.0,11161420.0,49.994583811576184
55.3,-1000000.0,11161770.0,49.994532837732535
55.31,-1000000.0,11162110.0,49.99444999925611
55.32,-1000000.0,11162450.0,49.9943441588783
55.33,-1000000.0,11162780.0,49.994226071810324
55.34,-1000000.0,11163110.0,49.99410757357637
55.35,-1000000.0,11163440.0,49.99400076425316
55.36,-1000000.0,11163750.0,49.99391698481156
55.37,-1000000.0,11164070.0,49.99386562912218
55.38,-1000000.0,11164380.0,49.993852906277354
55.39,-1000000.0,11164680.0,49.993880759782925
55.4,-1000000.0,11164980.0,49.99394627760033
55.41,-1000000.0,11165270.0,49.994041950622446
55.42,-1000000.0,11165550.0,49.99415667055683
55.43,-1000000.0,11165830.0,49.99427703638919
55.44,-1000000.0,11166100.0,49.994388965239864
55.45,-1000000.0,11166370.0,49.994479479271845
55.46,-1000000.0,11166630.0,49.99453833857543
55.47,-1000000.0,11166890.0,49.99455921950512
55.48,-1000000.0,11167140.0,49.994540295510035
55.49,-1000000.0,11167380.0,49.994484222695114
55.5,-1000000.0,11167610.0,49.99439741467497
55.51,-1000000.0,11167840.0,49.99428900017936
55.52,-1000000.0,11168070.0,49.99416989160251
55.53,-1000000.0,11168280.0,49.99405199422035
55.54,-1000000.0,11168490.0,49.99394737027108
55.55,-1000000.0,11168690.0,49.993867190869786
55.56,-1000000.0,11168890.0,49.99382053269224
55.57,-1000000.0,11169080.0,49.99381314542867
55.58,-1000000.0,11169260.0,49.99384640584378
55.59,-1000000.0,11169430.0,49.99391685052822
55.6,-1000000.0,11169600.0,49.99401648404994
55.61,-1000000.0,11169760.0,49.99413383394554
55.62,-1000000.0,11169910.0,49.994255321867826
55.63,-1000000.0,11170050.0,49.994366894278876
55.64,-1000000.0,11170190.0,49.99445581474164
55.65,-1000000.0,11170320.0,49.994512254990426
55.66,-1000000.0,11170440.0,49.99453040573067
55.67,-1000000.0,11170560.0,49.99450898365742
55.68,-1000000.0,11170660.0,49.99445114096277
55.69,-1000000.0,11170760.0,49.99436369285701
55.7,-1000000.0,11170860.0,49.99425601431058
55.71,-1000000.0,11170940.0,49.99413915563957
55.72,-1000000.0,11171020.0,49.99402507012754
55.73,-1000000.0,11171080.0,49.993925756461735
55.74,-1000000.0,11171150.0,49.9938521866574
55.75,-1000000.0,11171200.0,49.99381308925376
55.76,-1000000.0,11171240.0,49.993813725345674
55.77,-1000000.0,11171280.0,49.99385488178483
55.78,-1000000.0,11171310.0,49.99393253049722
55.79,-1000000.0,11171330.0,49.994038191303034
55.8,-1000000.0,11171350.0,49.994160032130544
55.81,-1000000.0,11171350.0,49.9942843016028
55.82,-1000000.0,11171350.0,49.99439699037948
55.83,-1000000.0,11171340.0,49.99448561855658
55.84,-1000000.0,11171320.0,49.99454078011651
55.85,-1000000.0,11171300.0,49.99455718373434
55.86,-1000000.0,11171260.0,49.99453408602512
55.87,-1000000.0,11171220.0,49.994475126888815
55.88,-1000000.0,11171170.0,49.994387503992016
55.89,-1000000.0,11171110.0,49.99428085889841
55.9,-1000000.0,11171050.0,49.9941664101717
55.91,-1000000.0,11170970.0,49.994056174813025
55.92,-1000000.0,11170890.0,49.99396208754095
55.93,-1000000.0,11170800.0,49.99389491034496
55.94,-1000000.0,11170710.0,49.99386300777632
55.95,-1000000.0,11170600.0,49.99387113740281
55.96,-1000000.0,11170490.0,49.99391948772201
55.97,-1000000.0,11170370.0,49.994003468191615
55.98,-1000000.0,11170240.0,49.99411417367007
55.99,-1000000.0,11170110.0,49.99423948680244
56.0,-1000000.0,11169960.0,49.994365539129134
56.01,-1000000.0,11169810.0,49.994478408877924
56.02,-1000000.0,11169650.0,49.99456590159671
56.03,-1000000.0,11169490.0,49.994619048011955
56.04,-1000000.0,11169310.0,49.99463307613026
56.05,-1000000.0,11169130.0,49.99460777350739
56.06,-1000000.0,11168940.0,49.99454725374693
56.07,-1000000.0,11168750.0,49.994459077153856
56.08,-1000000.0,11168550.0,49.99435312388228
56.09,-1000000.0,11168340.0,49.994240748302964
56.1,-1000000.0,11168120.0,49.99413400357135
56.11,-1000000.0,11167890.0,49.99404473428773
56.12,-1000000.0,11167660.0,49.99398346736219
56.13,-1000000.0,11167420.0,49.99395818098971
56.14,-1000000.0,11167180.0,49.99397311275446
56.15,-1000000.0,11166920.0,49.994027849735964
56.16,-1000000.0,11166660.0,49.99411721211744
56.17,-1000000.0,11166400.0,49.99423184264529
56.18,-1000000.0,11166120.0,49.994359337326856
56.19,-1000000.0,11165840.0,49.99448572789429
56.2,-1000000.0,11165560.0,49.99459720512605
56.21,-1000000.0,11165260.0,49.99468188382779
56.22,-1000000.0,11164960.0,49.99473124835483
56.23,-1000000.0,11164660.0,49.99474105376374
56.24,-1000000.0,11164340.0,49.994711617607024
56.25,-1000000.0,11164020.0,49.99464748544018
56.26,-1000000.0,11163700.0,49.994556537876875
56.27,-1000000.0,11163360.0,49.994448878866685
56.28,-1000000.0,11163030.0,49.99433598424439
56.29,-1000000.0,11162680.0,49.994229931561115
56.3,-1000000.0,11162330.0,49.99414246492863
56.31,-1000000.0,11161980.0,49.99408386735739
56.32,-1000000.0,11161620.0,49.994061725186064
56.33,-1000000.0,11161250.0,49.99407975689314
56.34,-1000000.0,11160880.0,49.99413696737181
56.35,-1000000.0,11160500.0,49.99422761297079
56.36,-1000000.0,11160120.0,49.994341923442434
56.37,-1000000.0,11159730.0,49.994467249360675
56.38,-1000000.0,11159330.0,49.99458956804762
56.39,-1000000.0,11158930.0,49.99469522711693
56.4,-1000000.0,11158530.0,49.99477268902182
56.41,-1000000.0,11158120.0,49.99481392115661
56.42,-1000000.0,11157700.0,49.994815225203595
56.43,-1000000.0,11157290.0,49.99477745980027
56.44,-1000000.0,11156860.0,49.994705596703504
56.45,-1000000.0,11156430.0,49.99460783182676
56.46,-1000000.0,11156000.0,49.99449448766432
56.47,-1000000.0,11155560.0,49.9943771571539
56.48,-1000000.0,11155120.0,49.99426793727359
56.49,-1000000.0,11154680.0,49.99417846556379
56.5,-1000000.0,11154220.0,49.99411877435007
56.51,-1000000.0,11153770.0,49.994096052716664
56.52,-1000000.0,11153310.0,49.99411349912193
56.53,-1000000.0,11152850.0,49.9941695430761
56.54,-1000000.0,11152380.0,49.99425789491476
56.55,-1000000.0,11151910.0,49.99436837055512
56.56,-1000000.0,11151440.0,49.99448807598405
56.57,-1000000.0,11150960.0,49.99460295013232
56.58,-1000000.0,11150480.0,49.994699522202815
56.59,-1000000.0,11150000.0,49.99476662772578
56.6,-1000000.0,11149510.0,49.99479673817499
56.61,-1000000.0,11149020.0,49.994786716402274
56.62,-1000000.0,11148530.0,49.99473797042649
56.63,-1000000.0,11148040.0,49.994655901933946
56.64,-1000000.0,11147540.0,49.99454900465333
56.65,-1000000.0,11147040.0,49.99442780741652
56.66,-1000000.0,11146530.0,49.99430402308638
56.67,-1000000.0,11146030.0,49.99418976379088
56.68,-1000000.0,11145520.0,49.9940965534833
56.69,-1000000.0,11145010.0,49.99403416511732
56.7,-1000000.0,11144500.0,49.99400938238376
56.71,-1000000.0,11143980.0,49.99402487941352
56.72,-1000000.0,11143460.0,49.994078513269336
56.73,-1000000.0,11142950.0,49.994163472535114
56.74,-1000000.0,11142430.0,49.99426918128135
56.75,-1000000.0,11141900.0,49.9943825252272
56.76,-1000000.0,11141380.0,49.99448942765719
56.77,-1000000.0,11140860.0,49.99457662175315
56.78,-1000000.0,11140330.0,49.99463333333591
56.79,-1000000.0,11139800.0,49.99465254726392
56.8,-1000000.0,11139280.0,49.99463168877403
56.81,-1000000.0,11138750.0,49.99457270990625
56.82,-1000000.0,11138220.0,49.994481434837404
56.83,-1000000.0,11137690.0,49.99436661700467
56.84,-1000000.0,11137160.0,49.99423894496988
56.85,-1000000.0,11136620.0,49.99411021719677
56.86,-1000000.0,11136090.0,49.99399253371598
56.87,-1000000.0,11135560.0,49.99389728169863
56.88,-1000000.0,11135020.0,49.99383395404664
56.89,-1000000.0,11134490.0,49.99380891180812
56.9,-1000000.0,11133960.0,49.99382429337039
56.91,-1000000.0,11133420.0,49.99387738553743
56.92,-1000000.0,11132890.0,49.99396086632872
56.93,-1000000.0,11132360.0,49.99406377831973
56.94,-1000000.0,11131820.0,49.99417280733207
56.95,-1000000.0,11131290.0,49.99427388352845
56.96,-1000000.0,11130760.0,49.99435396378932
56.97,-1000000.0,11130230.0,49.994402677093994
56.98,-1000000.0,11129700.0,49.99441352579705
56.99,-1000000.0,11129170.0,49.994384492998854
57.0,-1000000.0,11128640.0,49.99431805649618
57.01,-1000000.0,11128110.0,49.994220485232
57.02,-1000000.0,11127590.0,49.99410082273897
57.03,-1000000.0,11127060.0,49.99396993246742
57.04,-1000000.0,11126540.0,49.993839697490614
57.05,-1000000.0,11126010.0,49.99372219318262
57.06,-1000000.0,11125490.0,49.99362864911846
57.07,-1000000.0,11124970.0,49.99356825255511
57.08,-1000000.0,11124460.0,49.99354691547317
57.09,-1000000.0,11123940.0,49.99356621764986
57.1,-1000000.0,11123430.0,49.99362289944954
57.11,-1000000.0,11122910.0,49.993709154355216
57.12,-1000000.0,11122400.0,49.99381365900494
57.13,-1000000.0,11121900.0,49.99392291689256
57.14,-1000000.0,11121390.0,49.99402288082201
57.15,-1000000.0,11120890.0,49.99410074235643
57.16,-1000000.0,11120390.0,49.99414653691949
57.17,-1000000.0,11119890.0,49.994154278280185
57.18,-1000000.0,11119390.0,49.99412249216103
57.19,-1000000.0,11118900.0,49.99405415385352
57.2,-1000000.0,11118410.0,49.993955936567374
57.21,-1000000.0,11117920.0,49.99383712678239
57.22,-1000000.0,11117440.0,49.99370872236425
57.23,-1000000.0,11116950.0,49.993582652815086
57.24,-1000000.0,11116470.0,49.99347093094129
57.25,-1000000.0,11116000.0,49.993384590166585
57.26,-1000000.0,11115530.0,49.99333247379998
57.27,-1000000.0,11115060.0,49.993320009625336
57.28,-1000000.0,11114590.0,49.99334819085282
57.29,-1000000.0,11114130.0,49.99341319373167
57.3,-1000000.0,11113670.0,49.9935067167896
57.31,-1000000.0,11113220.0,49.99361706699158
57.32,-1000000.0,11112760.0,49.99373056958675
57.33,-1000000.0,11112320.0,49.9938332134886
57.34,-1000000.0,11111870.0,49.99391243884612
57.35,-1000000.0,11111430.0,49.993958696566345
57.36,-1000000.0,11111000.0,49.99396651342759
57.37,-1000000.0,11110570.0,49.993934951790806
57.38,-1000000.0,11110140.0,49.99386747252487
57.39,-1000000.0,11109720.0,49.993771134158
57.4,-1000000.0,11109300.0,49.993655482827606
57.41,-1000000.0,11108880.0,49.99353167404847
57.42,-1000000.0,11108470.0,49.99341169297626
57.43,-1000000.0,11108070.0,49.99330748455802
57.44,-1000000.0,11107660.0,49.99322987146844
57.45,-1000000.0,11107270.0,49.99318733445317
57.46,-1000000.0,11106880.0,49.993184800124205
57.47,-1000000.0,11106490.0,49.99322266528294
57.48,-1000000.0,11106100.0,49.993296543416484
57.49,-1000000.0,11105730.0,49.99339769240763
57.5,-1000000.0,11105350.0,49.99351411320859
57.51,-1000000.0,11104990.0,49.993631997169615
57.52,-1000000.0,11104620.0,49.99373740801379
57.53,-1000000.0,11104260.0,49.99381806208077
57.54,-1000000.0,11103910.0,49.99386484096688
57.55,-1000000.0,11103560.0,49.993872787599464
57.56,-1000000.0,11103220.0,49.9938414944371
57.57,-1000000.0,11102880.0,49.99377489520251
57.58,-1000000.0,11102550.0,49.9936804089299
57.59,-1000000.0,11102220.0,49.99356781766077
57.6,-1000000.0,11101900.0,49.99344841285946
57.61,-1000000.0,11101590.0,49.99333421770153
57.62,-1000000.0,11101280.0,49.99323709064613
57.63,-1000000.0,11100970.0,49.99316762464782
57.64,-1000000.0,11100670.0,49.9931339208754
57.65,-1000000.0,11100380.0,49.993140393472196
57.66,-1000000.0,11100090.0,49.99318684111556
57.67,-1000000.0,11099810.0,49.993268307334276
57.68,-1000000.0,11099530.0,49.993375618296064
57.69,-1000000.0,11099260.0,49.99349650095524
57.7,-1000000.0,11099000.0,49.993617051345744
57.71,-1000000.0,11098740.0,49.99372344511618
57.72,-1000000.0,11098480.0,49.993803704811384
57.73,-1000000.0,11098230.0,49.99384916214815
57.74,-1000000.0,11097990.0,49.993855384310706
57.75,-1000000.0,11097760.0,49.99382249226961
57.76,-1000000.0,11097530.0,49.99375487067145
57.77,-1000000.0,11097300.0,49.99366027838472
57.78,-1000000.0,11097080.0,49.993548730158956
57.79,-1000000.0,11096870.0,49.99343164416985
57.8,-1000000.0,11096670.0,49.99332107036647
57.81,-1000000.0,11096470.0,49.993228768027755
57.82,-1000000.0,11096280.0,49.993165087692695
57.83,-1000000.0,11096090.0,49.99313774090602
57.84,-1000000.0,11095910.0,49.99315062545273
57.85,-1000000.0,11095730.0,49.99320295970171
57.86,-1000000.0,11095560.0,49.99328922188283
57.87,-1000000.0,11095400.0,49.99339981997994
57.88,-1000000.0,11095250.0,49.99352222824914
57.89,-1000000.0,11095100.0,49.99364247978636
57.9,-1000000.0,11094950.0,49.99374689747298
57.91,-1000000.0,11094820.0,49.993823841324
57.92,-1000000.0,11094690.0,49.99386511597284
57.93,-1000000.0,11094560.0,49.993866825712495
57.94,-1000000.0,11094440.0,49.993829623708784
57.95,-1000000.0,11094330.0,49.99375831218303
57.96,-1000000.0,11094230.0,49.99366095574071
57.97,-1000000.0,11094130.0,49.99354777807958
57.98,-1000000.0,11094040.0,49.993430306171085
57.99,-1000000.0,11093950.0,49.99332060278114
58.0,-1000000.0,11093870.0,49.993230316282286
58.01,-1000000.0,11093800.0,49.993169545022475
58.02,-1000000.0,11093730.0,49.993145604577485
58.03,-1000000.0,11093670.0,49.99316187613422
58.04,-1000000.0,11093620.0,49.99321700684781
58.05,-1000000.0,11093570.0,49.99330493109227
58.06,-1000000.0,11093530.0,49.993415664987204
58.07,-1000000.0,11093490.0,49.993536463222824
58.08,-1000000.0,11093460.0,49.99365333281916
58.09,-1000000.0,11093440.0,49.99375278008791
58.1,-1000000.0,11093430.0,49.99382353337719
58.11,-1000000.0,11093420.0,49.99385789292746
58.12,-1000000.0,11093420.0,49.99385251393535
58.13,-1000000.0,11093420.0,49.99380858800076
58.14,-1000000.0,11093430.0,49.993731335992464
58.15,-1000000.0,11093440.0,49.99362912788164
58.16,-1000000.0,11093470.0,49.99351239978541
58.17,-1000000.0,11093500.0,49.99339279307563
58.18,-1000000.0,11093530.0,49.99328238049935
58.19,-1000000.0,11093570.0,49.99319269186739
58.2,-1000000.0,11093620.0,49.993133562545935
58.21,-1000000.0,11093670.0,49.99311190098353
58.22,-1000000.0,11093740.0,49.99313056383824
58.23,-1000000.0,11093800.0,49.99318762574389
58.24,-1000000.0,11093870.0,49.99327649131816
58.25,-1000000.0,11093950.0,49.99338676603474
58.26,-1000000.0,11094040.0,49.993505462023904
58.27,-1000000.0,11094130.0,49.99361855473259
58.28,-1000000.0,11094230.0,49.99371274092325
58.29,-1000000.0,11094330.0,49.99377712729946
58.3,-1000000.0,11094440.0,49.99380451707805
58.31,-1000000.0,11094550.0,49.99379211873807
58.32,-1000000.0,11094680.0,49.99374165980146
58.33,-1000000.0,11094800.0,49.99365877357146
58.34,-1000000.0,11094940.0,49.99355207734252
58.35,-1000000.0,11095080.0,49.993432157685056
58.36,-1000000.0,11095220.0,49.99331073455283
58.37,-1000000.0,11095370.0,49.9931998640639
58.38,-1000000.0,11095530.0,49.99311093774105
58.39,-1000000.0,11095690.0,49.99305351311857
58.4,-1000000.0,11095860.0,49.99303408185054
58.41,-1000000.0,11096030.0,49.993054973392
58.42,-1000000.0,11096210.0,49.99311369590104
58.43,-1000000.0,11096400.0,49.99320314605396
58.44,-1000000.0,11096590.0,49.99331255849568
58.45,-1000000.0,11096780.0,49.993428750669324
58.46,-1000000.0,11096990.0,49.993537706974585
58.47,-1000000.0,11097190.0,49.99362634733991
58.48,-1000000.0,11097410.0,49.99368417962232
58.49,-1000000.0,11097620.0,49.99370452212535
58.5,-1000000.0,11097850.0,49.99368513920872
58.51,-1000000.0,11098080.0,49.99362828766436
58.52,-1000000.0,11098310.0,49.99354003514559
58.53,-1000000.0,11098550.0,49.99342927829859
58.54,-1000000.0,11098790.0,49.99330677009117
58.55,-1000000.0,11099040.0,49.99318431210156
58.56,-1000000.0,11099300.0,49.993073937827454
58.57,-1000000.0,11099560.0,49.992986888300976
58.58,-1000000.0,11099820.0,49.992932427418225
58.59,-1000000.0,11100090.0,49.99291661401944
58.6,-1000000.0,11100360.0,49.99294123797683
58.61,-1000000.0,11100640.0,49.993003268462914
58.62,-1000000.0,11100930.0,49.993095125794575
58.63,-1000000.0,11101210.0,49.99320568490076
58.64,-1000000.0,11101510.0,49.9933215863092
58.65,-1000000.0,11101800.0,49.99342884075445
58.66,-1000000.0,11102100.0,49.99351460474302
58.67,-1000000.0,11102410.0,49.99356879361711
58.68,-1000000.0,11102720.0,49.99358523832967
58.69,-1000000.0,11103030.0,49.993562248019224
58.7,-1000000.0,11103350.0,49.99350258054122
58.71,-1000000.0,11103670.0,49.993412713134106
58.72,-1000000.0,11104000.0,49.993301792522225
58.73,-1000000.0,11104330.0,49.993180714200435
58.74,-1000000.0,11104660.0,49.99306133554246
58.75,-1000000.0,11105000.0,49.992955639129846
58.76,-1000000.0,11105340.0,49.99287468476127
58.77,-1000000.0,11105690.0,49.992827410687404
58.78,-1000000.0,11106040.0,49.992819412278536
58.79,-1000000.0,11106390.0,49.992851914078216
58.8,-1000000.0,11106740.0,49.992921339696
58.81,-1000000.0,11107100.0,49.99301963224038
58.82,-1000000.0,11107460.0,49.99313531397757
58.83,-1000000.0,11107830.0,49.99325486013592
58.84,-1000000.0,11108200.0,49.99336432095734
58.85,-1000000.0,11108570.0,49.993451100095356
58.86,-1000000.0,11108940.0,49.993505524782314
58.87,-1000000.0,11109320.0,49.99352193522644
58.88,-1000000.0,11109700.0,49.99349917450094
58.89,-1000000.0,11110080.0,49.99344048474714
58.9,-1000000.0,11110470.0,49.9933527312134
58.91,-1000000.0,11110850.0,49.993245301658604
58.92,-1000000.0,11111240.0,49.993129226803426
58.93,-1000000.0,11111640.0,49.993016406196766
58.94,-1000000.0,11112030.0,49.99291875096859
58.95,-1000000.0,11112430.0,49.99284711398339
58.96,-1000000.0,11112820.0,49.99281007975209
58.97,-1000000.0,11113220.0,49.99281275364492
58.98,-1000000.0,11113620.0,49.99285577439688
58.99,-1000000.0,11114030.0,49.992935009259185
59.0,-1000000.0,11114430.0,49.9930419361826
59.01,-1000000.0,11114840.0,49.99316473895539
59.02,-1000000.0,11115250.0,49.99328973531713
59.03,-1000000.0,11115660.0,49.993403031128516
59.04,-1000000.0,11116070.0,49.993492291515615
59.05,-1000000.0,11116480.0,49.993548264185286
59.06,-1000000.0,11116890.0,49.993565799687865
59.07,-1000000.0,11117300.0,49.99354426916462
59.08,-1000000.0,11117720.0,49.99348738830788
59.09,-1000000.0,11118130.0,49.993402387096815
59.1,-1000000.0,11118550.0,49.99329889874664
59.11,-1000000.0,11118970.0,49.99318810112105
59.12,-1000000.0,11119380.0,49.99308194083271
59.13,-1000000.0,11119800.0,49.992992251728026
59.14,-1000000.0,11120220.0,49.992929667059336
59.15,-1000000.0,11120630.0,49.992902402503255
59.16,-1000000.0,11121050.0,49.99291506095995
59.17,-1000000.0,11121470.0,49.992967690198746
59.18,-1000000.0,11121880.0,49.99305560653147
59.19,-1000000.0,11122300.0,49.993169876182414
59.2,-1000000.0,11122720.0,49.993298412635426
59.21,-1000000.0,11123140.0,49.993427431140866
59.22,-1000000.0,11123550.0,49.993543136230464
59.23,-1000000.0,11123970.0,49.99363348406052
59.24,-1000000.0,11124380.0,49.993689658486105
59.25,-1000000.0,11124790.0,49.9937070234571
59.26,-1000000.0,11125210.0,49.993685471263504
59.27,-1000000.0,11125620.0,49.993629177130934
59.28,-1000000.0,11126030.0,49.99354571799969
59.29,-1000000.0,11126440.0,49.993444956600975
59.3,-1000000.0,11126850.0,49.99333819689246
59.31,-1000000.0,11127250.0,49.99323741267947
59.32,-1000000.0,11127660.0,49.99315434044777
59.33,-1000000.0,11128060.0,49.99309937406371
59.34,-1000000.0,11128460.0,49.99308034297525
59.35,-1000000.0,11128860.0,49.99310133581415
59.36,-1000000.0,11129260.0,49.99316181351728
59.37,-1000000.0,11129660.0,49.993256514040226
59.38,-1000000.0,11130060.0,49.993376062043055
59.39,-1000000.0,11130450.0,49.99350809669049
59.4,-1000000.0,11130840.0,49.993638747001405
59.41,-1000000.0,11131230.0,49.993754341233334
59.42,-1000000.0,11131610.0,49.99384315132285
59.43,-1000000.0,11132000.0,49.993896815965044
59.44,-1000000.0,11132380.0,49.9939112225556
59.45,-1000000.0,11132760.0,49.99388678643917
59.46,-1000000.0,11133130.0,49.99382809827961
59.47,-1000000.0,11133500.0,49.99374303998238
59.48,-1000000.0,11133880.0,49.993641683903135
59.49,-1000000.0,11134240.0,49.99353544486552
59.5,-1000000.0,11134610.0,49.99343631333976
59.51,-1000000.0,11134970.0,49.99335592079988
59.52,-1000000.0,11135330.0,49.99330441659106
59.53,-1000000.0,11135680.0,49.993289242537266
59.54,-1000000.0,11136030.0,49.99331397794277
59.55,-1000000.0,11136380.0,49.993377516426776
59.56,-1000000.0,11136730.0,49.993474050580176
59.57,-1000000.0,11137070.0,49.993593811130694
59.58,-1000000.0,11137410.0,49.99372421030734
59.59,-1000000.0,11137740.0,49.99385133880579
59.6,-1000000.0,11138070.0,49.99396169324089
59.61,-1000000.0,11138400.0,49.9940438992122
59.62,-1000000.0,11138720.0,49.99409007920223
59.63,-1000000.0,11139040.0,49.994096663898645
59.64,-1000000.0,11139360.0,49.99406460380276
59.65,-1000000.0,11139670.0,49.993998909352364
59.66,-1000000.0,11139970.0,49.99390777129998
59.67,-1000000.0,11140280.0,49.99380147458031
59.68,-1000000.0,11140570.0,49.99369154614883
59.69,-1000000.0,11140870.0,49.99358999199469
59.7,-1000000.0,11141160.0,49.99350833490555
59.71,-1000000.0,11141440.0,49.99345647419664
59.72,-1000000.0,11141720.0,49.993441458701405
59.73,-1000000.0,11142000.0,49.99346635598735
59.74,-1000000.0,11142270.0,49.99352949622311
59.75,-1000000.0,11142530.0,49.99362454075223
59.76,-1000000.0,11142790.0,49.993741316481795
59.77,-1000000.0,11143050.0,49.99386699932941
59.78,-1000000.0,11143300.0,49.99398764787677
59.79,-1000000.0,11143550.0,49.99408994351388
59.8,-1000000.0,11143790.0,49.99416288397088
59.81,-1000000.0,11144020.0,49.994199090951724
59.82,-1000000.0,11144260.0,49.994195548655036
59.83,-1000000.0,11144480.0,49.994153747843036
59.84,-1000000.0,11144700.0,49.994079119708836
59.85,-1000000.0,11144920.0,49.993980137469414
59.86,-1000000.0,11145130.0,49.993867277689006
59.87,-1000000.0,11145330.0,49.99375217754718
59.88,-1000000.0,11145530.0,49.99364685072036
59.89,-1000000.0,11145720.0,49.99356270174117
59.9,-1000000.0,11145910.0,49.993509368979176
59.91,-1000000.0,11146090.0,49.99349349795873
59.92,-1000000.0,11146270.0,49.99351763782133
59.93,-1000000.0,11146440.0,49.993579555151726
59.94,-1000000.0,11146600.0,49.993672399845195
59.95,-1000000.0,11146760.0,49.993785618406434
59.96,-1000000.0,11146910.0,49.99390617625703
59.97,-1000000.0,11147060.0,49.99402012200997
59.98,-1000000.0,11147200.0,49.99411434182844
59.99,-1000000.0,11147330.0,49.99417821974868
60.0,-1000000.0,11147460.0,49.99420488300178
60.01,-1000000.0,11147580.0,49.994191867778866
60.02,-1000000.0,11147700.0,49.994141197429485
60.03,-1000000.0,11147810.0,49.994058721498774
60.04,-1000000.0,11147920.0,49.99395317326825
60.05,-1000000.0,11148010.0,49.99383518615938
60.06,-1000000.0,11148100.0,49.99371647853456
60.07,-1000000.0,11148190.0,49.99360904712328
60.08,-1000000.0,11148270.0,49.99352415550469
60.09,-1000000.0,11148340.0,49.99347115963971
60.1,-1000000.0,11148400.0,49.99345628263496
60.11,-1000000.0,11148460.0,49.99348154098746
60.12,-1000000.0,11148520.0,49.9935441441445
60.13,-1000000.0,11148560.0,49.99363674341403
60.14,-1000000.0,11148600.0,49.99374840940066
60.15,-1000000.0,11148640.0,49.99386591125179
60.16,-1000000.0,11148660.0,49.993975304584424
60.17,-1000000.0,11148680.0,49.99406369528293
60.18,-1000000.0,11148700.0,49.99412086266974
60.19,-1000000.0,11148710.0,49.99414044060647
60.2,-1000000.0,11148710.0,49.99412051056122
60.21,-1000000.0,11148700.0,49.994063605855935
60.22,-1000000.0,11148690.0,49.993976004211405
60.23,-1000000.0,11148670.0,49.993866711953615
60.24,-1000000.0,11148640.0,49.993746525741344
60.25,-1000000.0,11148610.0,49.993627239362745
60.26,-1000000.0,11148570.0,49.99352081785144
60.27,-1000000.0,11148530.0,49.99343836242459
60.28,-1000000.0,11148470.0,49.99338892120863
60.29,-1000000.0,11148410.0,49.99337826893743
60.3,-1000000.0,11148350.0,49.99340786711016
60.31,-1000000.0,11148280.0,49.99347438369327
60.32,-1000000.0,11148200.0,49.99356999069987
60.33,-1000000.0,11148110.0,49.99368339759078
60.34,-1000000.0,11148020.0,49.9938011943381
60.35,-1000000.0,11147920.0,49.99390945975967
60.36,-1000000.0,11147820.0,49.99399553178347
60.37,-1000000.0,11147700.0,49.99404959065777
60.38,-1000000.0,11147580.0,49.99406577423663
60.39,-1000000.0,11147460.0,49.994042698521895
60.4,-1000000.0,11147330.0,49.993983386842345
60.41,-1000000.0,11147190.0,49.99389451524455
60.42,-1000000.0,11147040.0,49.99378532944998
60.43,-1000000.0,11146890.0,49.99366675851913
60.44,-1000000.0,11146740.0,49.9935506417857
60.45,-1000000.0,11146570.0,49.993448882024936
60.46,-1000000.0,11146400.0,49.993372386145566
60.47,-1000000.0,11146220.0,49.99332986217829
60.48,-1000000.0,11146040.0,49.99332660682793
60.49,-1000000.0,11145850.0,49.9933635033318
60.5,-1000000.0,11145650.0,49.99343666496511
60.51,-1000000.0,11145450.0,49.993537778032824
60.52,-1000000.0,11145240.0,49.99365518941155
60.53,-1000000.0,11145030.0,49.993775315105886
60.54,-1000000.0,11144810.0,49.99388427229282
60.55,-1000000.0,11144580.0,49.993969647061355
60.56,-1000000.0,11144350.0,49.994022032556956
60.57,-1000000.0,11144110.0,49.99403607585259
60.58,-1000000.0,11143860.0,49.99401092577807
60.59,-1000000.0,11143610.0,49.99395008864489
60.6,-1000000.0,11143350.0,49.99386062430373
60.61,-1000000.0,11143090.0,49.99375204300247
60.62,-1000000.0,11142820.0,49.993635438515774
60.63,-1000000.0,11142550.0,49.99352271276559
60.64,-1000000.0,11142270.0,49.993425707233996
60.65,-1000000.0,11141980.0,49.99335512509593
60.66,-1000000.0,11141690.0,49.99331931989962
60.67,-1000000.0,11141390.0,49.99332309659537
60.68,-1000000.0,11141090.0,49.993366752475566
60.69,-1000000.0,11140780.0,49.99344584868691
60.7,-1000000.0,11140470.0,49.99355164841857
60.71,-1000000.0,11140150.0,49.99367221009651
60.72,-1000000.0,11139830.0,49.993793826967696
60.73,-1000000.0,11139500.0,49.99390269601239
60.74,-1000000.0,11139160.0,49.993986679687055
60.75,-1000000.0,11138830.0,49.994036798846835
60.76,-1000000.0,11138480.0,49.994048212333475
60.77,-1000000.0,11138130.0,49.99402059469933
60.78,-1000000.0,11137780.0,49.993957921887805
60.79,-1000000.0,11137420.0,49.99386761329297
60.8,-1000000.0,11137060.0,49.99375941606559
60.81,-1000000.0,11136690.0,49.99364456184464
60.82,-1000000.0,11136320.0,49.99353499300223
60.83,-1000000.0,11135940.0,49.99344246759419
60.84,-1000000.0,11135560.0,49.99337746289017
60.85,-1000000.0,11135180.0,49.99334795753161
60.86,-1000000.0,11134790.0,49.993358249407905
60.87,-1000000.0,11134400.0,49.99340804538876
60.88,-1000000.0,11134000.0,49.99349233606056
60.89,-1000000.0,11133600.0,49.9936019492639
60.9,-1000000.0,11133190.0,49.99372466568022
60.91,-1000000.0,11132790.0,49.99384667955884
60.92,-1000000.0,11132370.0,49.9939542952139
60.93,-1000000.0,11131960.0,49.994035675550975
60.94,-1000000.0,11131540.0,49.99408228505882
60.95,-1000000.0,11131120.0,49.99408980036873
60.96,-1000000.0,11130690.0,49.994058418882254
60.97,-1000000.0,11130260.0,49.99399255408343
60.98,-1000000.0,11129830.0,49.99389995429617
60.99,-1000000.0,11129400.0,49.993790595960164
61.0,-1000000.0,11128960.0,49.99367583622944
61.01,-1000000.0,11128520.0,49.993567645073725
61.02,-1000000.0,11128070.0,49.99347768364977
61.03,-1000000.0,11127630.0,49.9934161901605
61.04,-1000000.0,11127180.0,49.99339075785893
61.05,-1000000.0,11126730.0,49.99340517313492
61.06,-1000000.0,11126280.0,49.99345856777927
61.07,-1000000.0,11125820.0,49.9935453729743
61.08,-1000000.0,11125360.0,49.993656003002414
61.09,-1000000.0,11124900.0,49.99377798810076
61.1,-1000000.0,11124440.0,49.993897459169204
61.11,-1000000.0,11123980.0,49.99400086501401
61.12,-1000000.0,11123520.0,49.99407670172966
61.13,-1000000.0,11123050.0,49.994116901846894
61.14,-1000000.0,11122580.0,49.994117674552015
61.15,-1000000.0,11122110.0,49.99407974610388
61.16,-1000000.0,11121640.0,49.99400794668842
61.17,-1000000.0,11121170.0,49.9939103319458
61.18,-1000000.0,11120700.0,49.993797090158104
61.19,-1000000.0,11120230.0,49.9936796905862
61.2,-1000000.0,11119750.0,49.99357011932544
61.21,-1000000.0,11119280.0,49.993479929874255
61.22,-1000000.0,11118800.0,49.99341911148595
61.23,-1000000.0,11118330.0,49.993394864779575
61.24,-1000000.0,11117850.0,49.99341046291069
61.25,-1000000.0,11117380.0,49.99346446959485
61.26,-1000000.0,11116900.0,49.99355077518485
61.27,-1000000.0,11116420.0,49.99365939915148
61.28,-1000000.0,11115950.0,49.993777646324006
61.29,-1000000.0,11115470.0,49.99389161593243
61.3,-1000000.0,11115000.0,49.9939879347329
61.31,-1000000.0,11114520.0,49.99405546162865
61.32,-1000000.0,11114050.0,49.994086619561095
61.33,-1000000.0,11113570.0,49.99407816445197
61.34,-1000000.0,11113100.0,49.994031358308455
61.35,-1000000.0,11112630.0,49.993951449738425
61.36,-1000000.0,11112160.0,49.99384679595713
61.37,-1000000.0,11111680.0,49.99372779506827
61.38,-1000000.0,11111220.0,49.99360603202205
61.39,-1000000.0,11110750.0,49.99349350505239
61.4,-1000000.0,11110280.0,49.99340165217185
61.41,-1000000.0,11109820.0,49.993340203469344
61.42,-1000000.0,11109350.0,49.99331595684182
61.43,-1000000.0,11108890.0,49.9933316657902
61.44,-1000000.0,11108430.0,49.99338532653322
61.45,-1000000.0,11107980.0,49.99347030643494
61.46,-1000000.0,11107520.0,49.9935762226408
61.47,-1000000.0,11107070.0,49.99369014439436
61.48,-1000000.0,11106620.0,49.99379814184506
61.49,-1000000.0,11106170.0,49.99388703164665
61.5,-1000000.0,11105720.0,49.99394604851975
61.51,-1000000.0,11105280.0,49.993968114933615
61.52,-1000000.0,11104840.0,49.99395053677777
61.53,-1000000.0,11104400.0,49.99389510959622
61.54,-1000000.0,11103960.0,49.993807494309024
61.55,-1000000.0,11103530.0,49.993696297898225
61.56,-1000000.0,11103100.0,49.99357207243147
61.57,-1000000.0,11102670.0,49.993446484960494
61.58,-1000000.0,11102250.0,49.99333152051089
61.59,-1000000.0,11101830.0,49.993238482259386
61.6,-1000000.0,11101410.0,49.993176825940786
61.61,-1000000.0,11101000.0,49.993152936305954
61.62,-1000000.0,11100590.0,49.99316904354717
61.63,-1000000.0,11100190.0,49.99322258326091
61.64,-1000000.0,11099780.0,49.99330642154271
61.65,-1000000.0,11099390.0,49.993409805659994
61.66,-1000000.0,11098990.0,49.993519610464396
61.67,-1000000.0,11098600.0,49.9936219136038
61.68,-1000000.0,11098220.0,49.99370375182286
61.69,-1000000.0,11097840.0,49.99375475671669
61.7,-1000000.0,11097460.0,49.99376836111263
61.71,-1000000.0,11097090.0,49.993742422389246
61.72,-1000000.0,11096720.0,49.99367925985825
61.73,-1000000.0,11096360.0,49.993584971834984
61.74,-1000000.0,11096000.0,49.99346845147592
61.75,-1000000.0,11095640.0,49.993340423625654
61.76,-1000000.0,11095290.0,49.99321264110926
61.77,-1000000.0,11094950.0,49.993097068933146
61.78,-1000000.0,11094610.0,49.99300486127535
61.79,-1000000.0,11094270.0,49.992945181162604
61.8,-1000000.0,11093940.0,49.99292398126226
61.81,-1000000.0,11093620.0,49.99294295290914
61.82,-1000000.0,11093300.0,49.992999000117315
61.83,-1000000.0,11092980.0,49.99308451853382
61.84,-1000000.0,11092680.0,49.993188400234025
61.85,-1000000.0,11092370.0,49.99329734435732
61.86,-1000000.0,11092070.0,49.99339745328997
61.87,-1000000.0,11091780.0,49.99347599647678
61.88,-1000000.0,11091490.0,49.993523007485216
61.89,-1000000.0,11091210.0,49.993532425471194
61.9,-1000000.0,11090940.0,49.99350264624373
61.91,-1000000.0,11090660.0,49.99343648445274
61.92,-1000000.0,11090400.0,49.99334044341006
61.93,-1000000.0,11090140.0,49.993223663201356
61.94,-1000000.0,11089890.0,49.99309700848178
61.95,-1000000.0,11089640.0,49.99297228505168
61.96,-1000000.0,11089400.0,49.99286140389636
61.97,-1000000.0,11089160.0,49.992775334598896
61.98,-1000000.0,11088940.0,49.992722911286535
61.99,-1000000.0,11088710.0,49.992709620550634
62.0,-1000000.0,11088500.0,49.99273658685641
62.01,-1000000.0,11088280.0,49.99280016774815
62.02,-1000000.0,11088080.0,49.992892281378474
62.03,-1000000.0,11087880.0,49.99300146700148
62.04,-1000000.0,11087690.0,49.99311425764187
62.05,-1000000.0,11087500.0,49.993216793272886
62.06,-1000000.0,11087320.0,49.99329658697028
62.07,-1000000.0,11087140.0,49.99334407923347
62.08,-1000000.0,11086980.0,49.993353712543325
62.09,-1000000.0,11086810.0,49.99332441040479
62.1,-1000000.0,11086660.0,49.99325946598041
62.11,-1000000.0,11086510.0,49.993165765780724
62.12,-1000000.0,11086370.0,49.993052692182715
62.13,-1000000.0,11086230.0,49.992931247969864
62.14,-1000000.0,11086100.0,49.99281328185117
62.15,-1000000.0,11085970.0,49.99271063235163
62.16,-1000000.0,11085860.0,49.992634060311744
62.17,-1000000.0,11085740.0,49.99259204460821
62.18,-1000000.0,11085640.0,49.99258958148039
62.19,-1000000.0,11085540.0,49.992627210853016
62.2,-1000000.0,11085450.0,49.99270073666279
62.21,-1000000.0,11085360.0,49.99280162116403
62.22,-1000000.0,11085280.0,49.992918074481786
62.23,-1000000.0,11085210.0,49.9930364773042
62.24,-1000000.0,11085140.0,49.9931430279948
62.25,-1000000.0,11085080.0,49.9932255008579
62.26,-1000000.0,11085020.0,49.99327475390228
62.27,-1000000.0,11084970.0,49.99328573506207
62.28,-1000000.0,11084930.0,49.993257890070595
62.29,-1000000.0,11084890.0,49.99319497991136
62.3,-1000000.0,11084860.0,49.99310424967702
62.31,-1000000.0,11084840.0,49.99299531969899
62.32,-1000000.0,11084820.0,49.99287933222902
62.33,-1000000.0,11084810.0,49.99276817775499
62.34,-1000000.0,11084800.0,49.992673613661346
62.35,-1000000.0,11084800.0,49.99260617885319
62.36,-1000000.0,11084800.0,49.99257398301215
62.37,-1000000.0,11084820.0,49.99258152204368
62.38,-1000000.0,11084830.0,49.99262874994945
62.39,-1000000.0,11084860.0,49.99271092361001
62.4,-1000000.0,11084880.0,49.99281909513556
62.41,-1000000.0,11084920.0,49.99294120959524
62.42,-1000000.0,11084960.0,49.99306355113341
62.43,-1000000.0,11085000.0,49.9931724215405
62.44,-1000000.0,11085050.0,49.99325588856927
62.45,-1000000.0,11085110.0,49.99330524638871
62.46,-1000000.0,11085170.0,49.9933159542901
62.47,-1000000.0,11085240.0,49.99328797590057
62.48,-1000000.0,11085310.0,49.993225524886135
62.49,-1000000.0,11085390.0,49.99313618775217
62.5,-1000000.0,11085470.0,49.99302981387158
62.51,-1000000.0,11085560.0,49.992917670757905
62.52,-1000000.0,11085650.0,49.99281167540926
62.53,-1000000.0,11085750.0,49.992723487747384
62.54,-1000000.0,11085850.0,49.99266340849921
62.55,-1000000.0,11085960.0,49.992639164356
62.56,-1000000.0,11086070.0,49.992654742912606
62.57,-1000000.0,11086190.0,49.99270952236642
62.58,-1000000.0,11086310.0,49.9927981930516
62.59,-1000000.0,11086430.0,49.99291138012924
62.6,-1000000.0,11086560.0,49.99303676590256
62.61,-1000000.0,11086700.0,49.99316055831024
62.62,-1000000.0,11086840.0,49.99326919025868
62.63,-1000000.0,11086980.0,49.993351049468366
62.64,-1000000.0,11087130.0,49.99339788596931
62.65,-1000000.0,11087280.0,49.99340568112923
62.66,-1000000.0,11087440.0,49.99337491871972
62.67,-1000000.0,11087600.0,49.99331022189618
62.68,-1000000.0,11087760.0,49.99321947730293
62.69,-1000000.0,11087930.0,49.99311273967898
62.7,-1000000.0,11088100.0,49.993001384103174
62.71,-1000000.0,11088270.0,49.99289734145457
62.72,-1000000.0,11088450.0,49.9928121647879
62.73,-1000000.0,11088630.0,49.99275590993312
62.74,-1000000.0,11088820.0,49.992735917814535
62.75,-1000000.0,11089000.0,49.99275567131266
62.76,-1000000.0,11089190.0,49.99281398860226
62.77,-1000000.0,11089390.0,49.99290502402168
62.78,-1000000.0,11089580.0,49.99301901838216
62.79,-1000000.0,11089780.0,49.99314343612712
62.8,-1000000.0,11089990.0,49.99326445437377
62.81,-1000000.0,11090190.0,49.99336867914504
62.82,-1000000.0,11090400.0,49.99344485323466
62.83,-1000000.0,11090610.0,49.99348520868417
62.84,-1000000.0,11090830.0,49.993486265929484
62.85,-1000000.0,11091040.0,49.99344903827962
62.86,-1000000.0,11091260.0,49.99337856285297
62.87,-1000000.0,11091480.0,49.993283029528854
62.88,-1000000.0,11091700.0,49.99317270033761
62.89,-1000000.0,11091930.0,49.99305905786826
62.9,-1000000.0,11092160.0,49.992954043616365
62.91,-1000000.0,11092380.0,49.992869097675026
62.92,-1000000.0,11092610.0,49.99281402291548
62.93,-1000000.0,11092850.0,49.99279576652755
62.94,-1000000.0,11093080.0,49.99281730179879
62.95,-1000000.0,11093320.0,49.99287688834445
62.96,-1000000.0,11093550.0,49.992968156677854
62.97,-1000000.0,11093790.0,49.99308094847333
62.98,-1000000.0,11094030.0,49.99320249545639
62.99,-1000000.0,11094270.0,49.99331894510004
63.0,-1000000.0,11094510.0,49.993417088563035
63.01,-1000000.0,11094760.0,49.993486038240405
63.02,-1000000.0,11095000.0,49.99351851996682
63.03,-1000000.0,11095250.0,49.99351160002368
63.04,-1000000.0,11095490.0,49.99346682299248
63.05,-1000000.0,11095740.0,49.99338963769604
63.06,-1000000.0,11095990.0,49.9932885023639
63.07,-1000000.0,11096240.0,49.99317385601701
63.08,-1000000.0,11096490.0,49.99305727965756
63.09,-1000000.0,11096740.0,49.992950713068176
63.1,-1000000.0,11096990.0,49.99286547098289
63.11,-1000000.0,11097240.0,49.992811090987395
63.12,-1000000.0,11097490.0,49.992794115980445
63.13,-1000000.0,11097740.0,49.99281700357414
63.14,-1000000.0,11097990.0,49.9928774558538
63.15,-1000000.0,11098240.0,49.9929685995826
63.16,-1000000.0,11098490.0,49.99307990426676
63.17,-1000000.0,11098740.0,49.99319839887442
63.18,-1000000.0,11098990.0,49.9933102267228
63.19,-1000000.0,11099240.0,49.99340238610358
63.2,-1000000.0,11099490.0,49.99346437412203
63.21,-1000000.0,11099740.0,49.99348941710613
63.22,-1000000.0,11099990.0,49.99347512576754
63.23,-1000000.0,11100240.0,49.99342356834744
63.24,-1000000.0,11100490.0,49.99334061058388
63.25,-1000000.0,11100740.0,49.99323497220506
63.26,-1000000.0,11100990.0,49.99311724775616
63.27,-1000000.0,11101230.0,49.99299909576158
63.28,-1000000.0,11101480.0,49.99289243443537
63.29,-1000000.0,11101720.0,49.99280843335091
63.3,-1000000.0,11101970.0,49.992756345222126
63.31,-1000000.0,11102210.0,49.99274229100569
63.32,-1000000.0,11102450.0,49.99276819972816
63.33,-1000000.0,11102690.0,49.99283123036011
63.34,-1000000.0,11102930.0,49.99292402630028
63.35,-1000000.0,11103170.0,49.99303569234695
63.36,-1000000.0,11103410.0,49.99315307066216
63.37,-1000000.0,11103640.0,49.993262317765236
63.38,-1000000.0,11103880.0,49.99335065358741
63.39,-1000000.0,11104110.0,49.99340796807062
63.4,-1000000.0,11104340.0,49.993427987952124
63.41,-1000000.0,11104570.0,49.99340886033617
63.42,-1000000.0,11104800.0,49.99335315157772
63.43,-1000000.0,11105020.0,49.99326714048659
63.44,-1000000.0,11105250.0,49.993159804827435
63.45,-1000000.0,11105470.0,49.99304189066511
63.46,-1000000.0,11105690.0,49.99292512222731
63.47,-1000000.0,11105910.0,49.99282137822452
63.48,-1000000.0,11106130.0,49.992741660381995
63.49,-1000000.0,11106340.0,49.99269491118633
63.5,-1000000.0,11106560.0,49.99268680461589
63.51,-1000000.0,11106770.0,49.992718720076226
63.52,-1000000.0,11106980.0,49.99278728301979
63.53,-1000000.0,11107180.0,49.99288466700587
63.54,-1000000.0,11107390.0,49.99299962550359
63.55,-1000000.0,11107590.0,49.99311883023617
63.56,-1000000.0,11107790.0,49.99322846712172
63.57,-1000000.0,11107990.0,49.993315990522504
63.58,-1000000.0,11108180.0,49.993371689719595
63.59,-1000000.0,11108380.0,49.993389790516865
63.6,-1000000.0,11108570.0,49.99336896749132
63.61,-1000000.0,11108750.0,49.99331226907044
63.62,-1000000.0,11108940.0,49.99322636429822
63.63,-1000000.0,11109120.0,49.99312046366264
63.64,-1000000.0,11109300.0,49.993005439974844
63.65,-1000000.0,11109480.0,49.99289305808634
63.66,-1000000.0,11109650.0,49.992795130773196
63.67,-1000000.0,11109830.0,49.99272246382659
63.68,-1000000.0,11110000.0,49.99268366095492
63.69,-1000000.0,11110160.0,49.9926839230054
63.7,-1000000.0,11110330.0,49.9927240597865
63.71,-1000000.0,11110490.0,49.99280015289674
63.72,-1000000.0,11110640.0,49.99290390181364
63.73,-1000000.0,11110800.0,49.99302370860083
63.74,-1000000.0,11110950.0,49.9931460802154
63.75,-1000000.0,11111100.0,49.993257247268396
63.76,-1000000.0,11111250.0,49.99334491474068
63.77,-1000000.0,11111390.0,49.993399783358605
63.78,-1000000.0,11111530.0,49.99341658363205
63.79,-1000000.0,11111670.0,49.99339451664848
63.8,-1000000.0,11111800.0,49.993337107040155
63.81,-1000000.0,11111940.0,49.99325140056862
63.82,-1000000.0,11112060.0,49.99314686650554
63.83,-1000000.0,11112190.0,49.99303453763284
63.84,-1000000.0,11112310.0,49.99292623808142
63.85,-1000000.0,11112430.0,49.992833717473566
63.86,-1000000.0,11112540.0,49.99276757813499
63.87,-1000000.0,11112660.0,49.99273607246518
63.88,-1000000.0,11112760.0,49.992743916216355
63.89,-1000000.0,11112870.0,49.99279134329822
63.9,-1000000.0,11112970.0,49.992873894652206
63.91,-1000000.0,11113070.0,49.99298286084164
63.92,-1000000.0,11113170.0,49.99310636952721
63.93,-1000000.0,11113260.0,49.993230815560175
63.94,-1000000.0,11113350.0,49.99334251547421
63.95,-1000000.0,11113440.0,49.99342945197468
63.96,-1000000.0,11113520.0,49.993482750756854
63.97,-1000000.0,11113600.0,49.99349764837972
63.98,-1000000.0,11113670.0,49.99347386434596
63.99,-1000000.0,11113750.0,49.99341538577035
64.0,-1000000.0,11113820.0,49.99332961152717
64.01,-1000000.0,11113880.0,49.993226242750666
64.02,-1000000.0,11113940.0,49.99311644550576
64.03,-1000000.0,11114000.0,49.99301208058077
64.04,-1000000.0,11114060.0,49.99292481170721
64.05,-1000000.0,11114110.0,49.992865014924156
64.06,-1000000.0,11114160.0,49.99284057011902
64.07,-1000000.0,11114200.0,49.992855691458765
64.08,-1000000.0,11114240.0,49.99291003200537
64.09,-1000000.0,11114280.0,49.99299856910387
64.1,-1000000.0,11114320.0,49.99311216286743
64.11,-1000000.0,11114350.0,49.99323866731089
64.12,-1000000.0,11114380.0,49.99336438140595
64.13,-1000000.0,11114400.0,49.99347572958093
64.14,-1000000.0,11114420.0,49.99356099233484
64.15,-1000000.0,11114440.0,49.99361173338489
64.16,-1000000.0,11114450.0,49.99362369946336
64.17,-1000000.0,11114460.0,49.993597124342884
64.18,-1000000.0,11114470.0,49.99353641818377
64.19,-1000000.0,11114470.0,49.993449294564
64.2,-1000000.0,11114470.0,49.99334567377382
64.21,-1000000.0,11114470.0,49.993236840094035
64.22,-1000000.0,11114460.0,49.99313467701719
64.23,-1000000.0,11114450.0,49.993050748917014
64.24,-1000000.0,11114440.0,49.99299519299642
64.25,-1000000.0,11114420.0,49.992975506934584
64.26,-1000000.0,11114400.0,49.99299539954882
64.27,-1000000.0,11114370.0,49.99305395725601
64.28,-1000000.0,11114340.0,49.993145607149835
64.29,-1000000.0,11114310.0,49.99326080361483
64.3,-1000000.0,11114280.0,49.993387156419175
64.31,-1000000.0,11114240.0,49.993510905055096
64.32,-1000000.0,11114200.0,49.99361861903795
64.33,-1000000.0,11114150.0,49.99369890934915
64.34,-1000000.0,11114100.0,49.993743802505044
64.35,-1000000.0,11114050.0,49.99374957116554
64.36,-1000000.0,11114000.0,49.993716970996545
64.37,-1000000.0,11113940.0,49.99365082299222
64.38,-1000000.0,11113870.0,49.993559143174714
64.39,-1000000.0,11113810.0,49.99345205977917
64.4,-1000000.0,11113740.0,49.993340966513045
64.41,-1000000.0,11113660.0,49.9932377613587
64.42,-1000000.0,11113590.0,49.99315390093531
64.43,-1000000.0,11113510.0,49.99309927539532
64.44,-1000000.0,11113430.0,49.993080994005936
64.45,-1000000.0,11113340.0,49.99310225895325
64.46,-1000000.0,11113250.0,49.993161596766555
64.47,-1000000.0,11113160.0,49.99325290213153
64.48,-1000000.0,11113060.0,49.99336624251189
64.49,-1000000.0,11112960.0,49.99348900834566
64.5,-1000000.0,11112860.0,49.99360741036338
64.51,-1000000.0,11112750.0,49.99370819544759
64.52,-1000000.0,11112640.0,49.99378033372635
64.53,-1000000.0,11112530.0,49.993816336327384
64.54,-1000000.0,11112410.0,49.99381301575669
64.55,-1000000.0,11112290.0,49.99377165660464
64.56,-1000000.0,11112170.0,49.99369749281364
64.57,-1000000.0,11112040.0,49.99359883675773
64.58,-1000000.0,11111910.0,49.993486022191206
64.59,-1000000.0,11111780.0,49.99337055579257
64.6,-1000000.0,11111640.0,49.99326434643175
64.61,-1000000.0,11111500.0,49.99317873562962
64.62,-1000000.0,11111360.0,49.993123356767725
64.63,-1000000.0,11111210.0,49.9931049210197
64.64,-1000000.0,11111060.0,49.99312611747565
64.65,-1000000.0,11110910.0,49.993184912886825
64.66,-1000000.0,11110760.0,49.993274686805854
64.67,-1000000.0,11110600.0,49.99338511128094
64.68,-1000000.0,11110440.0,49.99350334595947
64.69,-1000000.0,11110270.0,49.9936155738056
64.7,-1000000.0,11110100.0,49.993708729533495
64.71,-1000000.0,11109930.0,49.99377215426482
64.72,-1000000.0,11109760.0,49.99379885208808
64.73,-1000000.0,11109580.0,49.993786178415625
64.74,-1000000.0,11109400.0,49.99373594484017
64.75,-1000000.0,11109220.0,49.99365379274651
64.76,-1000000.0,11109030.0,49.99354828135616
64.77,-1000000.0,11108840.0,49.99342989668371
64.78,-1000000.0,11108650.0,49.99331022664954
64.79,-1000000.0,11108460.0,49.993201167017446
64.8,-1000000.0,11108260.0,49.99311392585135
64.81,-1000000.0,11108060.0,49.9930578651335
64.82,-1000000.0,11107850.0,49.99303928755646
64.83,-1000000.0,11107650.0,49.9930603650388
64.84,-1000000.0,11107440.0,49.99311851121158
64.85,-1000000.0,11107220.0,49.993206611355916
64.86,-1000000.0,11107010.0,49.993313970730796
64.87,-1000000.0,11106790.0,49.99342755580871
64.88,-1000000.0,11106570.0,49.9935335556548
64.89,-1000000.0,11106340.0,49.993619121026676
64.9,-1000000.0,11106120.0,49.9936739838346
64.91,-1000000.0,11105890.0,49.993691651407715
64.92,-1000000.0,11105660.0,49.99367002353715
64.93,-1000000.0,11105420.0,49.99361142805493
64.94,-1000000.0,11105180.0,49.99352193966079
64.95,-1000000.0,11104940.0,49.99341040227394
64.96,-1000000.0,11104700.0,49.99328747482438
64.97,-1000000.0,11104460.0,49.99316483153438
64.98,-1000000.0,11104210.0,49.99305434928164
64.99,-1000000.0,11103960.0,49.992967089298155
65.0,-1000000.0,11103700.0,49.99291212426227
65.01,-1000000.0,11103450.0,49.99289532949324
65.02,-1000000.0,11103190.0,49.99291834383694
65.03,-1000000.0,11102930.0,49.992978057654504
65.04,-1000000.0,11102670.0,49.993066892603174
65.05,-1000000.0,11102400.0,49.99317380361862
65.06,-1000000.0,11102140.0,49.993285582915014
65.07,-1000000.0,11101870.0,49.99338844253947
65.08,-1000000.0,11101590.0,49.99346976142914
65.09,-1000000.0,11101320.0,49.99351966723144
65.1,-1000000.0,11101040.0,49.99353216675988
65.11,-1000000.0,11100760.0,49.99350569179914
65.12,-1000000.0,11100480.0,49.993443060434274
65.13,-1000000.0,11100200.0,49.9933507490522
65.14,-1000000.0,11099910.0,49.99323784724275
65.15,-1000000.0,11099620.0,49.99311515358769
65.16,-1000000.0,11099340.0,49.992994395783846
65.17,-1000000.0,11099040.0,49.99288739790902
65.18,-1000000.0,11098750.0,49.9928050386748
65.19,-1000000.0,11098460.0,49.99275606511167
65.2,-1000000.0,11098160.0,49.992745890819435
65.21,-1000000.0,11097860.0,49.99277559273838
65.22,-1000000.0,11097560.0,49.992841519439054
65.23,-1000000.0,11097250.0,49.99293561897545
65.24,-1000000.0,11096950.0,49.993046495583144
65.25,-1000000.0,11096640.0,49.99316077499888
65.26,-1000000.0,11096330.0,49.99326470400148
65.27,-1000000.0,11096020.0,49.99334590027953
65.28,-1000000.0,11095710.0,49.99339489231905
65.29,-1000000.0,11095400.0,49.9934061839588
65.3,-1000000.0,11095080.0,49.993378729145
65.31,-1000000.0,11094760.0,49.993315820399495
65.32,-1000000.0,11094450.0,49.99322431532617
65.33,-1000000.0,11094130.0,49.993113545839165
65.34,-1000000.0,11093800.0,49.992994449659115
65.35,-1000000.0,11093480.0,49.99287879896224
65.36,-1000000.0,11093160.0,49.99277834761246
65.37,-1000000.0,11092830.0,49.992703768756705
65.38,-1000000.0,11092510.0,49.99266345831312
65.39,-1000000.0,11092180.0,49.99266234467106
65.4,-1000000.0,11091850.0,49.99270092604265
65.41,-1000000.0,11091520.0,49.99277500269238
65.42,-1000000.0,11091190.0,49.99287607254391
65.43,-1000000.0,11090860.0,49.99299241540535
65.44,-1000000.0,11090520.0,49.993110506393265
65.45,-1000000.0,11090190.0,49.99321664912627
65.46,-1000000.0,11089860.0,49.99329871859886
65.47,-1000000.0,11089520.0,49.99334765560891
65.48,-1000000.0,11089180.0,49.99335846413363
65.49,-1000000.0,11088850.0,49.9933306158365
65.5,-1000000.0,11088510.0,49.9932678680745
65.51,-1000000.0,11088170.0,49.99317743615302
65.52,-1000000.0,11087830.0,49.993068890549644
65.53,-1000000.0,11087490.0,49.992953309756125
65.54,-1000000.0,11087150.0,49.992842509672094
65.55,-1000000.0,11086810.0,49.99274816567606
65.56,-1000000.0,11086470.0,49.992680732494534
65.57,-1000000.0,11086120.0,49.99264824137867
65.58,-1000000.0,11085780.0,49.99265512575107
65.59,-1000000.0,11085440.0,49.992701303597315
65.6,-1000000.0,11085100.0,49.99278203198159
65.61,-1000000.0,11084750.0,49.99288839991211
65.62,-1000000.0,11084410.0,49.993008422868925
65.63,-1000000.0,11084070.0,49.99312847843825
65.64,-1000000.0,11083720.0,49.99323497086612
65.65,-1000000.0,11083380.0,49.993316064445295
65.66,-1000000.0,11083040.0,49.993363131312705
65.67,-1000000.0,11082700.0,49.99337168224357
65.68,-1000000.0,11082350.0,49.99334170324305
65.69,-1000000.0,11082010.0,49.99327739864037
65.7,-1000000.0,11081670.0,49.9931863218483
65.71,-1000000.0,11081330.0,49.99307827300489
65.72,-1000000.0,11080990.0,49.99296445767209
65.73,-1000000.0,11080640.0,49.99285672093185
65.74,-1000000.0,11080300.0,49.992766644256086
65.75,-1000000.0,11079960.0,49.99270444867627
65.76,-1000000.0,11079620.0,49.9926777879006
65.77,-1000000.0,11079290.0,49.99269059322026
65.78,-1000000.0,11078950.0,49.99274221417985
65.79,-1000000.0,11078610.0,49.99282734807802
65.8,-1000000.0,11078280.0,49.99293666349438
65.81,-1000000.0,11077940.0,49.99305791629338
65.82,-1000000.0,11077600.0,49.99317740847769
65.83,-1000000.0,11077270.0,49.99328167381004
65.84,-1000000.0,11076940.0,49.99335919341442
65.85,-1000000.0,11076610.0,49.99340179153689
65.86,-1000000.0,11076280.0,49.993405497519596
65.87,-1000000.0,11075950.0,49.99337081497334
65.88,-1000000.0,11075620.0,49.99330235726283
65.89,-1000000.0,11075290.0,49.99320797963087
65.9,-1000000.0,11074970.0,49.99309769030486
65.91,-1000000.0,11074640.0,49.992982805240715
65.92,-1000000.0,11074320.0,49.99287518621366
65.93,-1000000.0,11074000.0,49.992786310878344
65.94,-1000000.0,11073680.0,49.99272615890178
65.95,-1000000.0,11073360.0,49.99270200240757
65.96,-1000000.0,11073050.0,49.99271727276262
65.97,-1000000.0,11072730.0,49.99277076444484
65.98,-1000000.0,11072420.0,49.99285664368434
65.99,-1000000.0,11072110.0,49.992965198409955
66.0,-1000000.0,11071800.0,49.99308396827242
66.01,-1000000.0,11071490.0,49.99319922380192
66.02,-1000000.0,11071190.0,49.993297669205774
66.03,-1000000.0,11070880.0,49.99336813651841
66.04,-1000000.0,11070580.0,49.99340292724048
66.05,-1000000.0,11070280.0,49.99339860524486
66.06,-1000000.0,11069980.0,49.99335619991165
66.07,-1000000.0,11069690.0,49.99328073672952
66.08,-1000000.0,11069400.0,49.993180373937264
66.09,-1000000.0,11069110.0,49.99306532753371
66.1,-1000000.0,11068820.0,49.99294702151209
66.11,-1000000.0,11068530.0,49.99283732909218
66.12,-1000000.0,11068250.0,49.99274761618576
66.13,-1000000.0,11067970.0,49.99268761144474
66.14,-1000000.0,11067690.0,49.992664196057085
66.15,-1000000.0,11067410.0,49.992680295336896
66.16,-1000000.0,11067140.0,49.99273414903736
66.17,-1000000.0,11066860.0,49.992819403296366
66.18,-1000000.0,11066600.0,49.992925949967635
66.19,-1000000.0,11066330.0,49.993041097414114
66.2,-1000000.0,11066070.0,49.99315108553472
66.21,-1000000.0,11065810.0,49.99324280051572
66.22,-1000000.0,11065550.0,49.99330543921195
66.23,-1000000.0,11065290.0,49.99333179129163
66.24,-1000000.0,11065040.0,49.99331896083065
66.25,-1000000.0,11064790.0,49.99326850350575
66.26,-1000000.0,11064550.0,49.99318585323774
66.27,-1000000.0,11064300.0,49.993079434052625
66.28,-1000000.0,11064060.0,49.99295963651707
66.29,-1000000.0,11063820.0,49.99283798123002
66.3,-1000000.0,11063590.0,49.992726338565355
66.31,-1000000.0,11063360.0,49.992635948792675
66.32,-1000000.0,11063130.0,49.99257627605086
66.33,-1000000.0,11062910.0,49.99255379924338
66.34,-1000000.0,11062680.0,49.99257093124205
66.35,-1000000.0,11062470.0,49.99262535828735
66.36,-1000000.0,11062250.0,49.99271022682705
66.37,-1000000.0,11062040.0,49.99281505959908
66.38,-1000000.0,11061830.0,49.99292696363594
66.39,-1000000.0,11061630.0,49.99303217411847
66.4,-1000000.0,11061430.0,49.99311778165854
66.41,-1000000.0,11061230.0,49.993173363372925
66.42,-1000000.0,11061040.0,49.99319220396642
66.43,-1000000.0,11060840.0,49.99317194636064
66.44,-1000000.0,11060660.0,49.99311466474834
66.45,-1000000.0,11060470.0,49.993026209309306
66.46,-1000000.0,11060290.0,49.99291526753308
66.47,-1000000.0,11060120.0,49.9927923868751
66.48,-1000000.0,11059940.0,49.99266916575582
66.49,-1000000.0,11059780.0,49.992557452876476
66.5,-1000000.0,11059610.0,49.99246834347042
66.51,-1000000.0,11059450.0,49.992411017812536
66.52,-1000000.0,11059290.0,49.992391535226815
66.53,-1000000.0,11059140.0,49.99241178384057
66.54,-1000000.0,11058990.0,49.99246891550047
66.55,-1000000.0,11058840.0,49.9925556025524
66.56,-1000000.0,11058700.0,49.992661009291865
66.57,-1000000.0,11058560.0,49.992772059555705
66.58,-1000000.0,11058430.0,49.99287500255687
66.59,-1000000.0,11058300.0,49.992957148558745
66.6,-1000000.0,11058180.0,49.993008463225124
66.61,-1000000.0,11058050.0,49.99302272590746
66.62,-1000000.0,11057940.0,49.99299810957227
66.63,-1000000.0,11057820.0,49.992937179809424
66.64,-1000000.0,11057710.0,49.992846192943496
66.65,-1000000.0,11057610.0,49.9927340888808
66.66,-1000000.0,11057510.0,49.992611562546294
66.67,-1000000.0,11057410.0,49.99249027470744
66.68,-1000000.0,11057320.0,49.99238203198436
66.69,-1000000.0,11057230.0,49.99229776034763
66.7,-1000000.0,11057140.0,49.992246330055856
66.71,-1000000.0,11057060.0,49.992233355740964
66.72,-1000000.0,11056990.0,49.99226018027213
66.73,-1000000.0,11056920.0,49.992323427247115
66.74,-1000000.0,11056850.0,49.99241530471115
66.75,-1000000.0,11056780.0,49.99252463063159
66.76,-1000000.0,11056720.0,49.9926381618668
66.77,-1000000.0,11056670.0,49.99274217828615
66.78,-1000000.0,11056620.0,49.99282422323037
66.79,-1000000.0,11056570.0,49.99287465807857
66.8,-1000000.0,11056530.0,49.99288775600861
66.81,-1000000.0,11056490.0,49.99286221142684
66.82,-1000000.0,11056460.0,49.992801066228296
66.83,-1000000.0,11056420.0,49.992710961974964
66.84,-1000000.0,11056400.0,49.9926010678448
66.85,-1000000.0,11056380.0,49.992482202841785
66.86,-1000000.0,11056360.0,49.99236606603555
66.87,-1000000.0,11056350.0,49.99226439645417
66.88,-1000000.0,11056340.0,49.992187923767496
66.89,-1000000.0,11056330.0,49.992145180990846
66.9,-1000000.0,11056330.0,49.99214131350922
66.91,-1000000.0,11056340.0,49.99217710081185
66.92,-1000000.0,11056340.0,49.99224862987855
66.93,-1000000.0,11056350.0,49.99234764258306
66.94,-1000000.0,11056370.0,49.9924626131562
66.95,-1000000.0,11056390.0,49.99258013955033
66.96,-1000000.0,11056410.0,49.99268654915663
66.97,-1000000.0,11056440.0,49.99276963550321
66.98,-1000000.0,11056470.0,49.99282016813954
66.99,-1000000.0,11056510.0,49.99283291979768
67.0,-1000000.0,11056540.0,49.99280710536146
67.01,-1000000.0,11056590.0,49.99274623696704
67.02,-1000000.0,11056630.0,49.992657327713594
67.03,-1000000.0,11056680.0,49.99254979855779
67.04,-1000000.0,11056740.0,49.99243462141844
67.05,-1000000.0,11056800.0,49.99232354951074
67.06,-1000000.0,11056860.0,49.99222825572236
67.07,-1000000.0,11056920.0,49.99215926563887
67.08,-1000000.0,11056990.0,49.992124763118525
67.09,-1000000.0,11057070.0,49.99212941347053
67.1,-1000000.0,11057140.0,49.99217342791917
67.11,-1000000.0,11057220.0,49.99225236144497
67.12,-1000000.0,11057310.0,49.9923575536755
67.13,-1000000.0,11057390.0,49.99247720990651
67.14,-1000000.0,11057480.0,49.99259782039056
67.15,-1000000.0,11057580.0,49.99270580049106
67.16,-1000000.0,11057670.0,49.99278922079806
67.17,-1000000.0,11057770.0,49.99283927266883
67.18,-1000000.0,11057880.0,49.992851229951775
67.19,-1000000.0,11057980.0,49.99282482021649
67.2,-1000000.0,11058090.0,49.99276401273681
67.21,-1000000.0,11058200.0,49.992676169334956
67.22,-1000000.0,11058320.0,49.99257093957364
67.23,-1000000.0,11058440.0,49.992459425756046
67.24,-1000000.0,11058560.0,49.99235341538341
67.25,-1000000.0,11058680.0,49.99226449428666
67.26,-1000000.0,11058810.0,49.992202962443514
67.27,-1000000.0,11058940.0,49.9921766343213
67.28,-1000000.0,11059070.0,49.99218967960049
67.29,-1000000.0,11059200.0,49.99224173771852
67.3,-1000000.0,11059340.0,49.9923278101949
67.31,-1000000.0,11059480.0,49.99243881531546
67.32,-1000000.0,11059620.0,49.992562691833776
67.33,-1000000.0,11059770.0,49.99268583905952
67.34,-1000000.0,11059920.0,49.992794782071066
67.35,-1000000.0,11060060.0,49.99287788776595
67.36,-1000000.0,11060220.0,49.99292678123572
67.37,-1000000.0,11060370.0,49.9929372403867
67.38,-1000000.0,11060520.0,49.992909500100204
67.39,-1000000.0,11060680.0,49.99284794436193
67.4,-1000000.0,11060840.0,49.9927602416153
67.41,-1000000.0,11061000.0,49.99265625384457
67.42,-1000000.0,11061170.0,49.992547196424084
67.43,-1000000.0,11061330.0,49.99244487569784
67.44,-1000000.0,11061500.0,49.99236077596561
67.45,-1000000.0,11061670.0,49.99230495846026
67.46,-1000000.0,11061840.0,49.99228485827191
67.47,-1000000.0,11062010.0,49.99230414544471
67.48,-1000000.0,11062180.0,49.9923619007706
67.49,-1000000.0,11062350.0,49.99245258421745
67.5,-1000000.0,11062530.0,49.99256671560949
67.51,-1000000.0,11062700.0,49.99269199509479
67.52,-1000000.0,11062880.0,49.99281476588664
67.53,-1000000.0,11063060.0,49.99292169846588
67.54,-1000000.0,11063240.0,49.99300148727758
67.55,-1000000.0,11063420.0,49.99304621468379
67.56,-1000000.0,11063600.0,49.99305217728297
67.57,-1000000.0,11063780.0,49.99302012399809
67.58,-1000000.0,11063970.0,49.99295484247684
67.59,-1000000.0,11064150.0,49.99286429681405
67.6,-1000000.0,11064330.0,49.9927585508911
67.61,-1000000.0,11064520.0,49.99264892450533
67.62,-1000000.0,11064700.0,49.99254723457662
67.63,-1000000.0,11064890.0,49.99246485539413
67.64,-1000000.0,11065070.0,49.9924116011997
67.65,-1000000.0,11065260.0,49.99239452160362
67.66,-1000000.0,11065450.0,49.99241678581626
67.67,-1000000.0,11065630.0,49.99247692265893
67.68,-1000000.0,11065820.0,49.9925688680664
67.69,-1000000.0,11066000.0,49.99268276575607
67.7,-1000000.0,11066190.0,49.99280610645761
67.71,-1000000.0,11066380.0,49.99292521014959
67.72,-1000000.0,11066560.0,49.99302692543714
67.73,-1000000.0,11066750.0,49.99310030249201
67.74,-1000000.0,11066930.0,49.99313790169093
67.75,-1000000.0,11067120.0,49.99313655110318
67.76,-1000000.0,11067300.0,49.993097519596354
67.77,-1000000.0,11067490.0,49.99302599942346
67.78,-1000000.0,11067670.0,49.99293024533095
67.79,-1000000.0,11067850.0,49.99282052106521
67.8,-1000000.0,11068040.0,49.99270825321861
67.81,-1000000.0,11068220.0,49.9926052650669
67.82,-1000000.0,11068400.0,49.99252281312591
67.83,-1000000.0,11068580.0,49.992470454636305
67.84,-1000000.0,11068750.0,49.99245484374672
67.85,-1000000.0,11068930.0,49.992478642106576
67.86,-1000000.0,11069110.0,49.99253982620304
67.87,-1000000.0,11069280.0,49.992631823514145
67.88,-1000000.0,11069460.0,49.99274438685554
67.89,-1000000.0,11069630.0,49.99286477865541
67.9,-1000000.0,11069800.0,49.99297929177156
67.91,-1000000.0,11069970.0,49.99307496024624
67.92,-1000000.0,11070140.0,49.99314119992428
67.93,-1000000.0,11070310.0,49.99317105670962
67.94,-1000000.0,11070470.0,49.99316189304664
67.95,-1000000.0,11070640.0,49.993115496172294
67.96,-1000000.0,11070800.0,49.993037458321716
67.97,-1000000.0,11070960.0,49.992936275326954
67.98,-1000000.0,11071120.0,49.99282235833114
67.99,-1000000.0,11071280.0,49.992707211089545
68.0,-1000000.0,11071440.0,49.992602640957614
68.01,-1000000.0,11071590.0,49.992519770032395
68.02,-1000000.0,11071740.0,49.99246788571976
68.03,-1000000.0,11071890.0,49.99245323820892
68.04,-1000000.0,11072040.0,49.99247797927914
68.05,-1000000.0,11072180.0,49.992539541742325
68.06,-1000000.0,11072330.0,49.992630868487495
68.07,-1000000.0,11072470.0,49.992741353462065
68.08,-1000000.0,11072610.0,49.99285807124251
68.09,-1000000.0,11072750.0,49.99296732287227
68.1,-1000000.0,11072880.0,49.99305635686909
68.11,-1000000.0,11073020.0,49.99311497522515
68.12,-1000000.0,11073150.0,49.99313672033825
68.13,-1000000.0,11073280.0,49.99311949134972
68.14,-1000000.0,11073400.0,49.9930655840189
68.15,-1000000.0,11073530.0,49.99298101586064
68.16,-1000000.0,11073650.0,49.99287456082613
68.17,-1000000.0,11073770.0,49.99275679840773
68.18,-1000000.0,11073880.0,49.99263931564855
68.19,-1000000.0,11074000.0,49.99253389976846
68.2,-1000000.0,11074110.0,49.99245152705181
68.21,-1000000.0,11074220.0,49.99240119939156
68.22,-1000000.0,11074320.0,49.99238874636466
68.23,-1000000.0,11074430.0,49.992415796005844
68.24,-1000000.0,11074530.0,49.992479268223136
68.25,-1000000.0,11074630.0,49.99257165210236
68.26,-1000000.0,11074720.0,49.99268199947154
68.27,-1000000.0,11074820.0,49.992797215972764
68.28,-1000000.0,11074910.0,49.992903627651536
68.29,-1000000.0,11075000.0,49.99298870978256
68.3,-1000000.0,11075080.0,49.99304265573875
68.31,-1000000.0,11075160.0,49.99305950132186
68.32,-1000000.0,11075240.0,49.99303767107764
68.33,-1000000.0,11075320.0,49.992979944996044
68.34,-1000000.0,11075390.0,49.99289273733502
68.35,-1000000.0,11075460.0,49.992785064716976
68.36,-1000000.0,11075530.0,49.99266764463975
68.37,-1000000.0,11075600.0,49.992552116981
68.38,-1000000.0,11075660.0,49.99245021695194
68.39,-1000000.0,11075720.0,49.99237274118345
68.4,-1000000.0,11075770.0,49.99232837130563
68.41,-1000000.0,11075830.0,49.992322483156386
68.42,-1000000.0,11075880.0,49.99235615293299
68.43,-1000000.0,11075920.0,49.99242576882283
68.44,-1000000.0,11075970.0,49.99252335521931
68.45,-1000000.0,11076010.0,49.992637620130814
68.46,-1000000.0,11076050.0,49.992755306569805
68.47,-1000000.0,11076080.0,49.9928627756742
68.48,-1000000.0,11076120.0,49.99294773848856
68.49,-1000000.0,11076150.0,49.99300078384048
68.5,-1000000.0,11076170.0,49.99301643789784
68.51,-1000000.0,11076200.0,49.9929936406043
68.52,-1000000.0,11076220.0,49.99293564054722
68.53,-1000000.0,11076240.0,49.99284922861855
68.54,-1000000.0,11076250.0,49.992743655082904
68.55,-1000000.0,11076260.0,49.99262976771579
68.56,-1000000.0,11076270.0,49.992519245965774
68.57,-1000000.0,11076280.0,49.99242375371493
68.58,-1000000.0,11076280.0,49.99235388431898
68.59,-1000000.0,11076280.0,49.992317973797626
68.6,-1000000.0,11076280.0,49.99232092098471
68.61,-1000000.0,11076270.0,49.99236323333098
68.62,-1000000.0,11076260.0,49.99244076031674
68.63,-1000000.0,11076250.0,49.99254508080046
68.64,-1000000.0,11076240.0,49.992664581521666
68.65,-1000000.0,11076220.0,49.9927858575522
68.66,-1000000.0,11076200.0,49.99289532592217
68.67,-1000000.0,11076170.0,49.99298095135192
68.68,-1000000.0,11076150.0,49.99303372960657
68.69,-1000000.0,11076120.0,49.99304868101898
68.7,-1000000.0,11076080.0,49.99302525763498
68.71,-1000000.0,11076050.0,49.99296716845309
68.72,-1000000.0,11076010.0,49.99288156034292
68.73,-1000000.0,11075970.0,49.99277792355875
68.74,-1000000.0,11075920.0,49.992667249590085
68.75,-1000000.0,11075880.0,49.99256126408909
68.76,-1000000.0,11075830.0,49.99247155566146
68.77,-1000000.0,11075770.0,49.992408503895085
68.78,-1000000.0,11075720.0,49.99238008653587
68.79,-1000000.0,11075660.0,49.99239071542911
68.8,-1000000.0,11075600.0,49.99244032655897
68.81,-1000000.0,11075530.0,49.99252423439332
68.82,-1000000.0,11075470.0,49.992633615087
68.83,-1000000.0,11075400.0,49.99275659370481
68.84,-1000000.0,11075320.0,49.99287966714719
68.85,-1000000.0,11075250.0,49.99298934922045
68.86,-1000000.0,11075170.0,49.99307388764262
68.87,-1000000.0,11075090.0,49.993124701930405
68.88,-1000000.0,11075010.0,49.99313731156481
68.89,-1000000.0,11074920.0,49.993111676257946
68.9,-1000000.0,11074830.0,49.99305194627272
68.91,-1000000.0,11074740.0,49.99296560160206
68.92,-1000000.0,11074640.0,49.99286235857847
68.93,-1000000.0,11074550.0,49.992753334293425
68.94,-1000000.0,11074450.0,49.992650283694296
68.95,-1000000.0,11074340.0,49.99256470330566
68.96,-1000000.0,11074240.0,49.992506742672916
68.97,-1000000.0,11074130.0,49.9924840073974
68.98,-1000000.0,11074020.0,49.992500413934195
68.99,-1000000.0,11073910.0,49.99255533659277
69.0,-1000000.0,11073790.0,49.99264353645869
69.01,-1000000.0,11073670.0,49.992755772379304
69.02,-1000000.0,11073550.0,49.99287991007635
69.03,-1000000.0,11073430.0,49.99300236789554
69.04,-1000000.0,11073300.0,49.99310978332433
69.05,-1000000.0,11073170.0,49.99319071310038
69.06,-1000000.0,11073040.0,49.99323702026718
69.07,-1000000.0,11072910.0,49.993244734723575
69.08,-1000000.0,11072770.0,49.99321432685036
69.09,-1000000.0,11072630.0,49.99315035132252
69.1,-1000000.0,11072490.0,49.99306058716625
69.11,-1000000.0,11072350.0,49.99295495731016
69.12,-1000000.0,11072200.0,49.99284468899965
69.13,-1000000.0,11072050.0,49.99274155476502
69.14,-1000000.0,11071900.0,49.992656949573885
69.15,-1000000.0,11071750.0,49.99260078551833
69.16,-1000000.0,11071590.0,49.99258029208745
69.17,-1000000.0,11071430.0,49.99259889224583
69.18,-1000000.0,11071270.0,49.9926554115846
69.19,-1000000.0,11071110.0,49.99274408496051
69.2,-1000000.0,11070940.0,49.99285529250401
69.21,-1000000.0,11070770.0,49.99297668269003
69.22,-1000000.0,11070600.0,49.99309463836835
69.23,-1000000.0,11070430.0,49.99319596090852
69.24,-1000000.0,11070250.0,49.99326954991897
69.25,-1000000.0,11070080.0,49.99330773731363
69.26,-1000000.0,11069900.0,49.99330707995464
69.27,-1000000.0,11069710.0,49.99326856799961
69.28,-1000000.0,11069530.0,49.993197164712974
69.29,-1000000.0,11069340.0,49.99310095043121
69.3,-1000000.0,11069150.0,49.99299005550408
69.31,-1000000.0,11068960.0,49.992875815914054
69.32,-1000000.0,11068770.0,49.99277001760144
69.33,-1000000.0,11068570.0,49.99268394719504
69.34,-1000000.0,11068380.0,49.99262727068579
69.35,-1000000.0,11068180.0,49.99260683297403
69.36,-1000000.0,11067970.0,49.992625558137114
69.37,-1000000.0,11067770.0,49.99268172385914
69.38,-1000000.0,11067560.0,49.99276904914581
69.39,-1000000.0,11067350.0,49.992877525315535
69.4,-1000000.0,11067140.0,49.99299457500568
69.41,-1000000.0,11066930.0,49.99310655111271
69.42,-1000000.0,11066710.0,49.9932004332586
69.43,-1000000.0,11066490.0,49.99326547949672
69.44,-1000000.0,11066270.0,49.9932945027515
69.45,-1000000.0,11066050.0,49.99328459348094
69.46,-1000000.0,11065830.0,49.993237262945875
69.47,-1000000.0,11065600.0,49.99315787995366
69.48,-1000000.0,11065370.0,49.99305479477466
69.49,-1000000.0,11065140.0,49.99293831736601
69.5,-1000000.0,11064910.0,49.99281988317452
69.51,-1000000.0,11064670.0,49.992711278757994
69.52,-1000000.0,11064440.0,49.992623669216954
69.53,-1000000.0,11064200.0,49.99256646104314
69.54,-1000000.0,11063960.0,49.99254610263512
69.55,-1000000.0,11063710.0,49.99256501160051
69.56,-1000000.0,11063470.0,49.992620917114586
69.57,-1000000.0,11063220.0,49.992707041394304
69.58,-1000000.0,11062970.0,49.99281300667849
69.59,-1000000.0,11062720.0,49.99292603123236
69.6,-1000000.0,11062470.0,49.99303245730922
69.61,-1000000.0,11062210.0,49.99311946105255
69.62,-1000000.0,11061950.0,49.99317667215085
69.63,-1000000.0,11061690.0,49.99319739034183
69.64,-1000000.0,11061430.0,49.993179238126245
69.65,-1000000.0,11061170.0,49.99312424050843
69.66,-1000000.0,11060900.0,49.9930381771124
69.67,-1000000.0,11060640.0,49.99292965786866
69.68,-1000000.0,11060370.0,49.99280914858307
69.69,-1000000.0,11060100.0,49.992688163439155
69.7,-1000000.0,11059820.0,49.99257846974615
69.71,-1000000.0,11059550.0,49.992491091401206
69.72,-1000000.0,11059270.0,49.99243515618776
69.73,-1000000.0,11059000.0,49.99241669897339
69.74,-1000000.0,11058720.0,49.99243761878486
69.75,-1000000.0,11058430.0,49.99249511413875
69.76,-1000000.0,11058150.0,49.992581935488104
69.77,-1000000.0,11057860.0,49.99268734735805
69.78,-1000000.0,11057580.0,49.99279838225979
69.79,-1000000.0,11057290.0,49.99290139123456
69.8,-1000000.0,11057000.0,49.99298376305091
69.81,-1000000.0,11056700.0,49.99303550839093
69.82,-1000000.0,11056410.0,49.993050414805865
69.83,-1000000.0,11056120.0,49.99302662958334
69.84,-1000000.0,11055820.0,49.99296666623896
69.85,-1000000.0,11055520.0,49.992876710581655
69.86,-1000000.0,11055220.0,49.99276562763508
69.87,-1000000.0,11054920.0,49.99264403437
69.88,-1000000.0,11054620.0,49.9925235114758
69.89,-1000000.0,11054310.0,49.99241578902258
69.9,-1000000.0,11054010.0,49.992331727435825
69.91,-1000000.0,11053700.0,49.992280151189135
69.92,-1000000.0,11053390.0,49.9922666577172
69.93,-1000000.0,11053080.0,49.99229260797618
69.94,-1000000.0,11052770.0,49.99235467805147
69.95,-1000000.0,11052460.0,49.992445158182406
69.96,-1000000.0,11052140.0,49.992552968006095
69.97,-1000000.0,11051830.0,49.992664971185405
69.98,-1000000.0,11051520.0,49.99276754491394
69.99,-1000000.0,11051200.0,49.99284830484878
70.0,-1000000.0,11050880.0,49.99289765067486
70.0,-1000000.0,11050880.0,49.99289765067486
