t_rosco,torque_offset_nm,gen_tq_meas_nm,f_grid_hz
0.0,0.0,0.0,50.0
0.0,0.0,0.0,50.0
0.0,0.0,0.0,50.0
0.01,-0.0,13602690.0,50.00020873032014
0.02,-0.0,13647690.0,50.00043239624801
0.03,-0.0,13664740.0,50.000710385079394
0.04,-0.0,13664810.0,50.00102779398438
0.05,-0.0,13664890.0,50.00102779398438
0.06,-0.0,13664960.0,50.00173561175343
0.07,-0.0,13665030.0,50.00173561175343
0.08,-0.0,13665100.0,50.00248856948364
0.09,-0.0,13665170.0,50.00286837201527
0.1,-0.0,13665230.0,50.003245310188014
0.11,-0.0,13665290.0,50.00361651307633
0.12,-0.0,13665350.0,50.00397967251733
0.13,-0.0,13665410.0,50.00433293406721
0.14,-0.0,13665460.0,50.004674815357454
0.15,-0.0,13665500.0,50.00500414366952
0.16,-0.0,13665540.0,50.00532000697443
0.17,-0.0,13665580.0,50.00532000697443
0.18,-0.0,13665610.0,50.005908768065865
0.19,-0.0,13665630.0,50.005908768065865
0.2,-0.0,13665650.0,50.0061808264881
0.21,-0.0,13665660.0,50.006437695856334
0.22,-0.0,13665670.0,50.00667930621757
0.23,-0.0,13665670.0,50.006905700787364
0.24,-0.0,13665660.0,50.007117026768015
0.25,-0.0,13665640.0,50.00731352910848
0.26,-0.0,13665620.0,50.007495546522904
0.27,-0.0,13665590.0,50.0076635088587
0.28,-0.0,13665550.0,50.00781793496173
0.29,-0.0,13665500.0,50.00795943015491
0.3,-0.0,13665440.0,50.008088682504
0.31,-0.0,13665380.0,50.00820645719914
0.32,-0.0,13665300.0,50.00831358870648
0.33,-0.0,13665220.0,50.008410970584436
0.34,-0.0,13665120.0,50.0084995431166
0.35,-0.0,13665010.0,50.00858027917213
0.36,-0.0,13664900.0,50.0086541689945
0.37,-0.0,13664770.0,50.008722204863744
0.38,-0.0,13664630.0,50.00878536640631
0.39,-0.0,13664480.0,50.00884460742591
0.4,-0.0,13664320.0,50.008900845171176
0.41,-0.0,13664150.0,50.00895495242217
0.42,-0.0,13663960.0,50.00900775274967
0.43,-0.0,13663770.0,50.00906001902414
0.44,-0.0,13663560.0,50.00911247472183
0.45,-0.0,13663340.0,50.0091657974298
0.46,-0.0,13663100.0,50.00922062380093
0.47,-0.0,13662850.0,50.00927755494532
0.48,-0.0,13662590.0,50.00933716132116
0.49,-0.0,13662320.0,50.009399986390335
0.5,-0.0,13662030.0,50.00946654812142
0.51,-0.0,13661730.0,50.00953733804461
0.52,-0.0,13661410.0,50.009612817739566
0.53,-0.0,13661080.0,50.00969341291695
0.54,-0.0,13660730.0,50.00977950563895
0.55,-0.0,13660370.0,50.009871425401606
0.56,-0.0,13660000.0,50.00996943997988
0.57,-0.0,13659610.0,50.01007374697001
0.58,-0.0,13659200.0,50.01018446709568
0.59,-0.0,13658780.0,50.01030164003011
0.6,-0.0,13658340.0,50.010425223221525
0.61,-0.0,13657890.0,50.010555094069254
0.62,-0.0,13657420.0,50.0106910554138
0.63,-0.0,13656940.0,50.01083284391689
0.64,-0.0,13656430.0,50.01098014062044
0.65,-0.0,13655920.0,50.01113258284978
0.66,-0.0,13655380.0,50.01128977639087
0.67,-0.0,13654830.0,50.01145130688946
0.68,-0.0,13654260.0,50.011616749625034
0.69,-0.0,13653680.0,50.011785676799136
0.7,-0.0,13653070.0,50.01195766197313
0.71,-0.0,13652450.0,50.0121322815404
0.72,-0.0,13651810.0,50.01230911342074
0.73,-0.0,13651160.0,50.01248773348469
0.74,-0.0,13650480.0,50.01266771046012
0.75,-0.0,13649790.0,50.01284860031168
0.76,-0.0,13649080.0,50.01302994105641
0.77,-0.0,13648350.0,50.01321124896645
0.78,-0.0,13647610.0,50.01339201692671
0.79,-0.0,13646840.0,50.01357171556645
0.8,-0.0,13646060.0,50.013749797359964
0.81,-0.0,13645260.0,50.01392570360397
0.82,-0.0,13644430.0,50.01409887381939
0.83,-0.0,13643590.0,50.01426875682499
0.84,-0.0,13642740.0,50.01443482258953
0.85,-0.0,13641860.0,50.014596573769474
0.86,-0.0,13640960.0,50.01475355588174
0.87,-0.0,13640040.0,50.01490536515768
0.88,-0.0,13639110.0,50.015051653448815
0.89,-0.0,13638150.0,50.01519212977558
0.9,-0.0,13637180.0,50.01532655839159
0.91,-0.0,13636180.0,50.01545475374631
0.92,-0.0,13635170.0,50.01557657302852
0.93,-0.0,13634130.0,50.015691907076324
0.94,-0.0,13633080.0,50.015800670749854
0.95,-0.0,13632010.0,50.01590279382852
0.96,-0.0,13630910.0,50.01599821354703
0.97,-0.0,13629800.0,50.01608686959972
0.98,-0.0,13628670.0,50.01616870209341
0.99,-0.0,13627510.0,50.01624365287341
1.0,-0.0,13626340.0,50.016311669939896
1.01,-0.0,13625150.0,50.0163727145088
1.02,-0.0,13623930.0,50.01642676987932
1.03,-0.0,13622700.0,50.01647385105941
1.04,-0.0,13621440.0,50.01651401407036
1.05,-0.0,13620170.0,50.01654736370639
1.06,-0.0,13618880.0,50.016574058764895
1.07,-0.0,13617560.0,50.01659431408106
1.08,-0.0,13616230.0,50.016608398952
1.09,-0.0,13614870.0,50.0166166318786
1.1,-0.0,13613500.0,50.016619371998814
1.11,-0.0,13612100.0,50.01661700799417
1.12,-0.0,13610680.0,50.016609945412874
1.13,-0.0,13609250.0,50.01659859360945
1.14,-0.0,13607790.0,50.0165833534335
1.15,-0.0,13606310.0,50.01656460679913
1.16,-0.0,13604810.0,50.01654270923797
1.17,-0.0,13603300.0,50.01651798586242
1.18,-0.0,13601760.0,50.01649073105606
1.19,-0.0,13600200.0,50.01646121181081
1.2,-0.0,13598620.0,50.01642967407196
1.21,-0.0,13597020.0,50.01639635121189
1.22,-0.0,13595400.0,50.01636147357612
1.23,-0.0,13593770.0,50.01632527787876
1.24,-0.0,13592110.0,50.01628801508783
1.25,-0.0,13590430.0,50.01624995587475
1.26,-0.0,13588730.0,50.016211392901724
1.27,-0.0,13587010.0,50.01617263948578
1.28,-0.0,13585270.0,50.0161340246138
1.29,-0.0,13583510.0,50.01609588471069
1.3,-0.0,13581740.0,50.01605855308807
1.31,-0.0,13579940.0,50.016022348041226
1.32,-0.0,13578120.0,50.015987560713256
1.33,-0.0,13576280.0,50.01595444409656
1.34,-0.0,13574430.0,50.01592320438586
1.35,-0.0,13572550.0,50.01589399554754
1.36,-0.0,13570660.0,50.01586691765735
1.37,-0.0,13568740.0,50.01584201930338
1.38,-0.0,13566810.0,50.01581930379647
1.39,-0.0,13564860.0,50.01579873847676
1.4,-0.0,13562890.0,50.0157802661477
1.41,-0.0,13560900.0,50.015763817399
1.42,-0.0,13558890.0,50.015749322480865
1.43,-0.0,13556860.0,50.01573672147429
1.44,-0.0,13554820.0,50.01572597160102
1.45,-0.0,13552750.0,50.01571705094704
1.46,-0.0,13550670.0,50.01570995821696
1.47,-0.0,13548570.0,50.01570470859975
1.48,-0.0,13546450.0,50.01570132626495
1.49,-0.0,13544310.0,50.01569983431408
1.5,-0.0,13542160.0,50.01570024338705
1.51,-0.0,13539980.0,50.015702540252136
1.52,-0.0,13537790.0,50.01570667772798
1.53,-0.0,13535590.0,50.015712567191514
1.54,-0.0,13533360.0,50.01572007456835
1.55,-0.0,13531120.0,50.0157290204439
1.56,-0.0,13528860.0,50.015739184460585
1.57,-0.0,13526580.0,50.01575031362473
1.58,-0.0,13524290.0,50.01576213379544
1.59,-0.0,13521980.0,50.01577436323229
1.6,-0.0,13519650.0,50.01578672684016
1.61,-0.0,13517300.0,50.01579896969036
1.62,-0.0,13514940.0,50.015810868376306
1.63,-0.0,13512560.0,50.01582223910043
1.64,-0.0,13510170.0,50.01583294171348
1.65,-0.0,13507760.0,50.01584287929227
1.66,-0.0,13505340.0,50.01585199340658
1.67,-0.0,13502900.0,50.01586025565311
1.68,-0.0,13500440.0,50.01586765646226
1.69,-0.0,13497970.0,50.01587419238472
1.7,-0.0,13495480.0,50.01587985334006
1.71,-0.0,13492980.0,50.015884611292506
1.72,-0.0,13490460.0,50.015888411601736
1.73,-0.0,13487930.0,50.015891168098435
1.74,-0.0,13485380.0,50.015892762524714
1.75,-0.0,13482820.0,50.01589304837718
1.76,-0.0,13480250.0,50.01589185892589
1.77,-0.0,13477660.0,50.015889018480095
1.78,-0.0,13475050.0,50.01588435566241
1.79,-0.0,13472440.0,50.015877717343805
1.8,-0.0,13469800.0,50.015868981616094
1.81,-0.0,13467160.0,50.01585806842348
1.82,-0.0,13464500.0,50.015844946600026
1.83,-0.0,13461830.0,50.015829636556305
1.84,-0.0,13459140.0,50.01581220830226
1.85,-0.0,13456440.0,50.015792774898024
1.86,-0.0,13453730.0,50.01577148212375
1.87,-0.0,13451010.0,50.01574849536286
1.88,-0.0,13448270.0,50.015723985069286
1.89,-0.0,13445520.0,50.015698112380456
1.9,-0.0,13442760.0,50.01567101642183
1.91,-0.0,13439990.0,50.01564280468502
1.92,-0.0,13437200.0,50.015613547468874
1.93,-0.0,13434410.0,50.015583277048236
1.94,-0.0,13431600.0,50.01555199159048
1.95,-0.0,13428780.0,50.01551966338792
1.96,-0.0,13425950.0,50.01548625054936
1.97,-0.0,13423110.0,50.015451710747286
1.98,-0.0,13420260.0,50.015416015425394
1.99,-0.0,13417390.0,50.01537916289014
2.0,-0.0,13414520.0,50.01534118870118
2.01,-0.0,13411630.0,50.01530217214953
2.02,-0.0,13408740.0,50.01526223810602
2.03,-0.0,13405830.0,50.01522155388024
2.04,-0.0,13402920.0,50.01518032135228
2.05,-0.0,13399990.0,50.015138765086945
2.06,-0.0,13397060.0,50.01509711774693
2.07,-0.0,13394120.0,50.01501451080741
2.08,-0.0,13391160.0,50.01497405900407
2.09,-0.0,13388200.0,50.01493433274947
2.1,-0.0,13385230.0,50.0148953720851
2.11,-0.0,13382250.0,50.0148571717469
2.12,-0.0,13379260.0,50.0148196849306
2.13,-0.0,13376270.0,50.014782832002936
2.14,-0.0,13373260.0,50.01474651301384
2.15,-0.0,13370250.0,50.01471062248434
2.16,-0.0,13367230.0,50.014675064822825
2.17,-0.0,13364200.0,50.014639768475675
2.18,-0.0,13361160.0,50.014604697224684
2.19,-0.0,13358120.0,50.014569857250834
2.2,-0.0,13355070.0,50.01453529917285
2.21,-0.0,13352010.0,50.014501114775044
2.22,-0.0,13348940.0,50.0144674287774
2.23,-0.0,13345870.0,50.014434386461105
2.24,-0.0,13342790.0,50.01440213845865
2.25,-0.0,13339710.0,50.0143708243664
2.26,-0.0,13336620.0,50.01434055694426
2.27,-0.0,13333520.0,50.01431140875133
2.28,-0.0,13330420.0,50.01428340255772
2.29,-0.0,13327310.0,50.0142565067282
2.3,-0.0,13324190.0,50.01423063616054
2.31,-0.0,13321070.0,50.01420565870497
2.32,-0.0,13317940.0,50.01418140644694
2.33,-0.0,13314810.0,50.014157690673514
2.34,-0.0,13311680.0,50.01413431893123
2.35,-0.0,13308540.0,50.01411111227011
2.36,-0.0,13305390.0,50.01408792082886
2.37,-0.0,13302240.0,50.01406463609116
2.38,-0.0,13299090.0,50.014041198420585
2.39,-0.0,13295930.0,50.014017599106985
2.4,-0.0,13292760.0,50.0139938767306
2.41,-0.0,13289600.0,50.01397010819741
2.42,-0.0,13286430.0,50.013946395461396
2.43,-0.0,13283250.0,50.01392284941345
2.44,-0.0,13280070.0,50.01389957264005
2.45,-0.0,13276890.0,50.0138766429704
2.46,-0.0,13273710.0,50.01385409973037
2.47,-0.0,13270520.0,50.01383193419999
2.48,-0.0,13267330.0,50.01381008537877
2.49,-0.0,13264140.0,50.013788441671224
2.5,-0.0,13260940.0,50.0137668482976
2.51,-0.0,13257740.0,50.01374511979123
2.52,-0.0,13254540.0,50.01372305625718
2.53,-0.0,13251330.0,50.01370046149799
2.54,-0.0,13248130.0,50.01367716115111
2.55,-0.0,13244920.0,50.01365301882529
2.56,-0.0,13241710.0,50.013627948402764
2.57,-0.0,13238500.0,50.01360192117915
2.58,-0.0,13235280.0,50.01357496704409
2.59,-0.0,13232070.0,50.013547169580555
2.6,-0.0,13228850.0,50.01351865555497
2.61,-0.0,13225640.0,50.01348957986191
2.62,-0.0,13222420.0,50.013460107622656
2.63,-0.0,13219200.0,50.01343039534084
2.64,-0.0,13215980.0,50.01340057310152
2.65,-0.0,13212750.0,50.01337072979478
2.66,-0.0,13209530.0,50.0133409030356
2.67,-0.0,13206310.0,50.013311074839265
2.68,-0.0,13203080.0,50.013281173689904
2.69,-0.0,13199860.0,50.01325108282968
2.7,-0.0,13196630.0,50.01322065376414
2.71,-0.0,13193410.0,50.01318972367444
2.72,-0.0,13190180.0,50.01315813471023
2.73,-0.0,13186960.0,50.013125753048115
2.74,-0.0,13183740.0,50.0130924856616
2.75,-0.0,13180510.0,50.01305829284405
2.76,-0.0,13177280.0,50.013023195112794
2.77,-0.0,13174060.0,50.01298727373321
2.78,-0.0,13170840.0,50.01295066470408
2.79,-0.0,13167610.0,50.01291354685825
2.8,-0.0,13164390.0,50.012876125312054
2.81,-0.0,13161170.0,50.01283861202249
2.82,-0.0,13157950.0,50.01280120554108
2.83,-0.0,13154730.0,50.012764072061465
2.84,-0.0,13151510.0,50.01272732994884
2.85,-0.0,13148290.0,50.01269103935564
2.86,-0.0,13145070.0,50.01265519815784
2.87,-0.0,13141860.0,50.01261974471469
2.88,-0.0,13138640.0,50.01258456709821
2.89,-0.0,13135430.0,50.012549518013806
2.9,-0.0,13132210.0,50.012514433577216
2.91,-0.0,13129000.0,50.012479153941534
2.92,-0.0,13125790.0,50.012443543537856
2.93,-0.0,13122580.0,50.012407508598145
2.94,-0.0,13119380.0,50.012371010056754
2.95,-0.0,13116170.0,50.01233407030714
2.96,-0.0,13112970.0,50.01229677314455
2.97,-0.0,13109770.0,50.01225925682702
2.98,-0.0,13106570.0,50.012221700987844
2.99,-0.0,13103370.0,50.01218430883102
3.0,-0.0,13100180.0,50.012147286365774
3.01,-0.0,13096980.0,50.01211082102365
3.02,-0.0,13093790.0,50.012075062016
3.03,-0.0,13090600.0,50.01204010451008
3.04,-0.0,13087410.0,50.012005979436616
3.05,-0.0,13084230.0,50.011972650116945
3.06,-0.0,13081040.0,50.011940016188426
3.07,-0.0,13077860.0,50.01190792440935
3.08,-0.0,13074680.0,50.01187618519759
3.09,-0.0,13071510.0,50.01184459328489
3.1,-0.0,13068330.0,50.01181295001774
3.11,-0.0,13065160.0,50.01178108491372
3.12,-0.0,13061990.0,50.0117488741472
3.13,-0.0,13058820.0,50.01171625381784
3.14,-0.0,13055660.0,50.01168322665009
3.15,-0.0,13052490.0,50.011649861312115
3.16,-0.0,13049330.0,50.011616284337
3.17,-0.0,13046180.0,50.01158266568889
3.18,-0.0,13043020.0,50.011549199361816
3.19,-0.0,13039870.0,50.011516081155115
3.2,-0.0,13036720.0,50.01148348601821
3.21,-0.0,13033570.0,50.0114515473456
3.22,-0.0,13030420.0,50.01142034067774
3.23,-0.0,13027280.0,50.011389873522226
3.24,-0.0,13024140.0,50.011360082540314
3.25,-0.0,13021000.0,50.01133083851871
3.26,-0.0,13017870.0,50.01130195858534
3.27,-0.0,13014740.0,50.011273224483574
3.28,-0.0,13011610.0,50.01124440488438
3.29,-0.0,13008480.0,50.01121527930044
3.3,-0.0,13005360.0,50.01118566098225
3.31,-0.0,13002240.0,50.01115541618746
3.32,-0.0,12999120.0,50.01112447779359
3.33,-0.0,12996000.0,50.0110928517119
3.34,-0.0,12992880.0,50.01106061540441
3.35,-0.0,12989770.0,50.01102790866846
3.36,-0.0,12986660.0,50.01099491758673
3.37,-0.0,12983560.0,50.010961853447476
3.38,-0.0,12980460.0,50.01092892884497
3.39,-0.0,12977350.0,50.010896333542135
3.4,-0.0,12974260.0,50.01086421271005
3.41,-0.0,12971160.0,50.01083264995684
3.42,-0.0,12968070.0,50.010801657080215
3.43,-0.0,12964980.0,50.01077117166983
3.44,-0.0,12961890.0,50.01074106298018
3.45,-0.0,12958800.0,50.010711145553
3.46,-0.0,12955720.0,50.01068119907421
3.47,-0.0,12952640.0,50.010650992251996
3.48,-0.0,12949560.0,50.010620308147416
3.49,-0.0,12946480.0,50.01058896819251
3.5,-0.0,12943410.0,50.01055685213339
3.51,-0.0,12940340.0,50.01052391170311
3.52,-0.0,12937270.0,50.01049017658864
3.53,-0.0,12934200.0,50.010455751927005
3.54,-0.0,12931130.0,50.01042080759384
3.55,-0.0,12928070.0,50.01038556049291
3.56,-0.0,12925010.0,50.01035025162811
3.57,-0.0,12921950.0,50.01031512041578
3.58,-0.0,12918900.0,50.01028037904662
3.59,-0.0,12915840.0,50.01024618964658
3.6,-0.0,12912790.0,50.01021264678598
3.61,-0.0,12909740.0,50.01017976722352
3.62,-0.0,12906700.0,50.01014748820503
3.63,-0.0,12903650.0,50.0101156745721
3.64,-0.0,12900610.0,50.01008413388111
3.65,-0.0,12897570.0,50.010052638093725
3.66,-0.0,12894530.0,50.01002094932474
3.67,-0.0,12891490.0,50.009988846852934
3.68,-0.0,12888450.0,50.00995615237155
3.69,-0.0,12885420.0,50.00992275066469
3.7,-0.0,12882390.0,50.00988860348572
3.71,-0.0,12879360.0,50.009853754987034
3.72,-0.0,12876330.0,50.00981832821445
3.73,-0.0,12873300.0,50.00978251291467
3.74,-0.0,12870280.0,50.00974654593924
3.75,-0.0,12867250.0,50.0097106864527
3.76,-0.0,12864230.0,50.00967518848288
3.77,-0.0,12861210.0,50.00964027371256
3.78,-0.0,12858190.0,50.00960610756321
3.79,-0.0,12855170.0,50.00957278117066
3.8,-0.0,12852150.0,50.00954030128128
3.81,-0.0,12849140.0,50.009508589357424
3.82,-0.0,12846120.0,50.009477490001245
3.83,-0.0,12843110.0,50.00944678790168
3.84,-0.0,12840100.0,50.00941623145345
3.85,-0.0,12837090.0,50.00938556053502
3.86,-0.0,12834080.0,50.00935453534676
3.87,-0.0,12831070.0,50.00932296303944
3.88,-0.0,12828070.0,50.00929071926586
3.89,-0.0,12825060.0,50.00925776226997
3.9,-0.0,12822060.0,50.00922413787383
3.91,-0.0,12819050.0,50.00918997488808
3.92,-0.0,12816050.0,50.009155471462684
3.93,-0.0,12813050.0,50.009120873741686
3.94,-0.0,12810050.0,50.00908644909514
3.95,-0.0,12807050.0,50.00905245687347
3.96,-0.0,12804050.0,50.0090191197216
3.97,-0.0,12801050.0,50.00898659860293
3.98,-0.0,12798050.0,50.008954974345464
3.99,-0.0,12795050.0,50.00892423779497
4.0,-0.0,12792050.0,50.008894289788664
4.01,-0.0,12789060.0,50.00886495099027
4.02,-0.0,12786060.0,50.00883598069416
4.03,-0.0,12783060.0,50.0088071025381
4.04,-0.0,12780070.0,50.00877803428793
4.05,-0.0,12777070.0,50.008748518474974
4.06,-0.0,12774080.0,50.00871835038918
4.07,-0.0,12771080.0,50.0086874003693
4.08,-0.0,12768090.0,50.00865562789293
4.09,-0.0,12765100.0,50.00862308599419
4.1,-0.0,12762100.0,50.008589915496046
4.11,-0.0,12759110.0,50.0085563295987
4.12,-0.0,12756110.0,50.008522590545276
4.13,-0.0,12753120.0,50.00848898083782
4.14,-0.0,12750130.0,50.008455771981374
4.15,-0.0,12747130.0,50.008423194193696
4.16,-0.0,12744140.0,50.008391410417296
4.17,-0.0,12741140.0,50.00836049746798
4.18,-0.0,12738150.0,50.00833043639786
4.19,-0.0,12735160.0,50.00830111342635
4.2,-0.0,12732160.0,50.008272331421196
4.21,-0.0,12729170.0,50.00824383061693
4.22,-0.0,12726170.0,50.00821531652087
4.23,-0.0,12723180.0,50.00818649188987
4.24,-0.0,12720180.0,50.008157089178674
4.25,-0.0,12717190.0,50.008126899856755
4.26,-0.0,12714190.0,50.008095797377216
4.27,-0.0,12711190.0,50.00806375133989
4.28,-0.0,12708200.0,50.00803083111195
4.29,-0.0,12705200.0,50.007997198656675
4.3,-0.0,12702200.0,50.0079630912634
4.31,-0.0,12699200.0,50.007928796040645
4.32,-0.0,12696200.0,50.007894618843096
4.33,-0.0,12693200.0,50.007860850941114
4.34,-0.0,12690200.0,50.007827737096854
4.35,-0.0,12687200.0,50.00779544835966
4.36,-0.0,12684200.0,50.00776406270852
4.37,-0.0,12681200.0,50.00773355578695
4.38,-0.0,12678190.0,50.00770380287898
4.39,-0.0,12675190.0,50.007674591980376
4.4,-0.0,12672180.0,50.00764564664113
4.41,-0.0,12669180.0,50.00761665618918
4.42,-0.0,12666170.0,50.007587309907244
4.43,-0.0,12663160.0,50.00755733135076
4.44,-0.0,12660160.0,50.007526509128056
4.45,-0.0,12657150.0,50.007494720647706
4.46,-0.0,12654140.0,50.00746194609328
4.47,-0.0,12651130.0,50.007428271261176
4.48,-0.0,12648120.0,50.00739387898104
4.49,-0.0,12645100.0,50.00735902988412
4.5,-0.0,12642090.0,50.007324034577984
4.51,-0.0,12639080.0,50.007289220314775
4.52,-0.0,12636060.0,50.00725489558494
4.53,-0.0,12633040.0,50.0072213164004
4.54,-0.0,12630030.0,50.00718865802739
4.55,-0.0,12627010.0,50.00715699528857
4.56,-0.0,12623990.0,50.00712629371342
4.57,-0.0,12620970.0,50.00709641265881
4.58,-0.0,12617950.0,50.00706712019879
4.59,-0.0,12614930.0,50.007038118246264
4.6,-0.0,12611900.0,50.00700907518135
4.61,-0.0,12608880.0,50.00697966237998
4.62,-0.0,12605860.0,50.006949590574656
4.63,-0.0,12602830.0,50.0069186419979
4.64,-0.0,12599800.0,50.00688669474586
4.65,-0.0,12596780.0,50.00685373668517
4.66,-0.0,12593750.0,50.00681986739143
4.67,-0.0,12590720.0,50.0067852879109
4.68,-0.0,12587680.0,50.0067502794377
4.69,-0.0,12584650.0,50.00671517316585
4.7,-0.0,12581620.0,50.00668031450627
4.71,-0.0,12578590.0,50.00664602547056
4.72,-0.0,12575550.0,50.00661256925929
4.73,-0.0,12572520.0,50.00658012094935
4.74,-0.0,12569480.0,50.00654874747133
4.75,-0.0,12566440.0,50.00651839928663
4.76,-0.0,12563400.0,50.00648891490961
4.77,-0.0,12560360.0,50.006460037758124
4.78,-0.0,12557320.0,50.00643144372242
4.79,-0.0,12554280.0,50.006402776400236
4.8,-0.0,12551240.0,50.00637368611803
4.81,-0.0,12548200.0,50.00634386839613
4.82,-0.0,12545150.0,50.006313097532164
4.83,-0.0,12542110.0,50.00628125158049
4.84,-0.0,12539060.0,50.00624832606177
4.85,-0.0,12536020.0,50.006214434867836
4.86,-0.0,12532970.0,50.006179798320474
4.87,-0.0,12529920.0,50.00614471957861
4.88,-0.0,12526870.0,50.006109551929114
4.89,-0.0,12523820.0,50.00607466047647
4.9,-0.0,12520780.0,50.00604038219583
4.91,-0.0,12517720.0,50.0060069887495
4.92,-0.0,12514680.0,50.005974656063735
4.93,-0.0,12511620.0,50.00594344400674
4.94,-0.0,12508570.0,50.00591328870634
4.95,-0.0,12505520.0,50.00588400850322
4.96,-0.0,12502470.0,50.0058553229199
4.97,-0.0,12499410.0,50.00582688279174
4.98,-0.0,12496360.0,50.00579830825696
4.99,-0.0,12493310.0,50.005769230310705
5.0,-1.9088591029302353,12490250.0,50.00573933137859
5.01,-7.5773462816907875,12487200.0,50.00570838029037
5.02,-16.915248353540907,12484140.0,50.00567625783678
5.03,-29.828322370657727,12481070.0,50.005642970179444
5.04,-46.219419118902756,12478000.0,50.005608648612196
5.05,-65.99066312896646,12474930.0,50.005573535737255
5.06,-89.04628713046654,12471860.0,50.005537959535005
5.07,-115.29556074929211,12468780.0,50.00550229804199
5.08,-144.65518799920702,12465700.0,50.00546693832197
5.09,-177.0505963225574,12462610.0,50.00543223420536
5.1,-212.41568936709427,12459520.0,50.00539846722728
5.11,-250.6908811828922,12456430.0,50.00536581509382
5.12,-291.8195293355125,12453340.0,50.00533433123371
5.13,-335.7431904401214,12450240.0,50.00530393778195
5.14,-382.3963981464395,12447150.0,50.005274433077886
5.15,-431.70182875327953,12444050.0,50.005245512932184
5.16,-483.5667673724374,12440940.0,50.00521680347102
5.17,-537.8816771270114,12437840.0,50.005187901978466
5.18,-594.5214102331203,12434730.0,50.005158421141424
5.19,-653.3492344442884,12431620.0,50.00512803178198
5.2,-714.2234175079675,12428510.0,50.005096499340006
5.21,-777.0056714803778,12425400.0,50.00506371001245
5.22,-841.5704095658481,12422290.0,50.005029683742976
5.23,-907.8135326237463,12419170.0,50.004994572692695
5.24,-975.6593809802655,12416060.0,50.004958645324514
5.25,-1045.064614811253,12412940.0,50.004922257836036
5.26,-1116.0180877164196,12409830.0,50.00488581598685
5.27,-1188.5362183049226,12406710.0,50.004849731280565
5.28,-1262.653953093609,12403590.0,50.004814376157434
5.29,-1338.4120633375358,12400470.0,50.00478004308335
5.3,-1415.8420797920385,12397350.0,50.0047469119223
5.31,-1494.9506897286078,12394240.0,50.00471502932289
5.32,-1575.705695517374,12391120.0,50.004684302561145
5.33,-1658.025657507798,12388000.0,50.00465450874542
5.34,-1741.7750586454317,12384880.0,50.00462531857226
5.35,-1826.7662186912726,12381760.0,50.00459633207199
5.36,-1912.7683942804383,12378640.0,50.00456712245074
5.37,-1999.5235433430921,12375520.0,50.00453728313933
5.38,-2086.7673118251896,12372400.0,50.00450647283684
5.39,-2174.252912484068,12369280.0,50.00447445340222
5.4,-2261.775100388623,12366160.0,50.00444111649912
5.41,-2349.191218667074,12363050.0,50.004406496133456
5.42,-2436.4363691205026,12359940.0,50.004370765655004
5.43,-2523.5303412179737,12356830.0,50.00433421960958
5.44,-2610.574801155957,12353720.0,50.00429724247104
5.45,-2697.74021865353,12350610.0,50.00426026747551
5.46,-2785.243226230647,12347510.0,50.00422372985251
5.47,-2873.3163894749155,12344400.0,50.00418801945761
5.48,-2962.1734859058233,12341300.0,50.004153437944055
5.49,-3051.974105165907,12338200.0,50.004120165041975
5.5,-3142.7919708374375,12335110.0,50.00408823785784
5.51,-3234.5913033873203,12332010.0,50.00405754573494
5.52,-3327.214729428985,12328920.0,50.004027841316756
5.53,-3420.385272081522,12325820.0,50.00399876691929
5.54,-3513.723238788213,12322730.0,50.003969893396686
5.55,-3606.776934224619,12319640.0,50.003940767168565
5.56,-3699.064390175984,12316560.0,50.003910960214604
5.57,-3790.1216950738913,12313480.0,50.00388011742607
5.58,-3879.55242837402,12310400.0,50.00384799601072
5.59,-3967.072235837116,12307320.0,50.00381449253446
5.6,-4052.5431191872967,12304260.0,50.00377965483952
5.61,-4135.992753382302,12301190.0,50.00374367753271
5.62,-4217.615606755673,12298140.0,50.00370688147687
5.63,-4297.75477116735,12295080.0,50.00366967959457
5.64,-4376.8653825792735,12292030.0,50.00363253255451
5.65,-4455.462656800596,12288990.0,50.00359589896759
5.66,-4534.059636709855,12285950.0,50.00356018541963
5.67,-4613.101141018179,12282920.0,50.003525701632036
5.68,-4692.901446807784,12279880.0,50.00349262569907
5.69,-4773.593446412758,12276850.0,50.00346098343322
5.7,-4855.096046187118,12273820.0,50.00343064426445
5.71,-4937.104918305979,12270800.0,50.0034013344069
5.72,-5019.10922538055,12267780.0,50.00337266608078
5.73,-5100.433790048564,12264760.0,50.003344179639086
5.74,-5180.303012474323,12261750.0,50.003315393927984
5.75,-5257.9201781354695,12258750.0,50.00328585935555
5.76,-5332.553222891808,12255750.0,50.00325520755703
5.77,-5403.617283499801,12252760.0,50.00322319221434
5.78,-5470.744374586397,12249770.0,50.00318971660137
5.79,-5533.831258794162,12246800.0,50.00315484467879
5.8,-5593.059511539772,12243830.0,50.00311879482504
5.81,-5648.884165997411,12240870.0,50.00308191682944
5.82,-5701.990705993462,12237920.0,50.00304465455259
5.83,-5753.223976444209,12234980.0,50.00300749831489
5.84,-5803.495422523841,12232050.0,50.00297093191275
5.85,-5853.677990665171,12229120.0,50.00293537986356
5.86,-5904.500011553423,12226190.0,50.00290116056817
5.87,-5956.450170218863,12223270.0,50.00286845054514
5.88,-6009.705308086699,12220360.0,50.00283726388317
5.89,-6064.090689254905,12217450.0,50.002807449393174
5.9,-6119.078948458823,12214540.0,50.002778705954874
5.91,-6173.830241818967,12211640.0,50.002750614771486
5.92,-6227.270707962283,12208740.0,50.00272268501297
5.93,-6278.201395123708,12205860.0,50.00269440767195
5.94,-6325.426540337102,12202980.0,50.0026653117957
5.95,-6367.886547876623,12200110.0,50.0026350166131
5.96,-6404.780374238601,12197250.0,50.002603273734124
5.97,-6435.663416383798,12194400.0,50.002569994986736
5.98,-6460.508598426744,12191560.0,50.002535262727676
5.99,-6479.722652771898,12188740.0,50.00249932159464
6.0,-6494.114668668734,12185930.0,50.00246255277594
6.01,-6504.818396681698,12183130.0,50.002425433419596
6.02,-6513.1751619017905,12180340.0,50.00238848546258
6.03,-6520.58896986514,12177560.0,50.00235221933822
6.04,-6528.368306467978,12174790.0,50.00231707836964
6.05,-6537.571905942689,12172030.0,50.00228338989115
6.06,-6548.87620857168,12169270.0,50.00225132852617
6.07,-6562.4803902765925,12166510.0,50.002220895735285
6.08,-6578.062178100481,12163760.0,50.002191918327036
6.09,-6594.791728574478,12161020.0,50.00216406631832
6.1,-6611.4044018609,12158280.0,50.00213688836948
6.11,-6626.326630011252,12155550.0,50.00210986108791
6.12,-6637.841827617176,12152830.0,50.00208244663094
6.13,-6644.278454728374,12150120.0,50.00205415217363
6.14,-6644.1989203262465,12147430.0,50.00202458449735
6.15,-6636.56785312443,12144740.0,50.00199349367593
6.16,-6620.880110896223,12142080.0,50.00196080107057
6.17,-6597.233199336301,12139430.0,50.00192660865073
6.18,-6566.334626395792,12136790.0,50.0018911886942
6.19,-6529.441898927998,12134170.0,50.00185495508492
6.2,-6488.239958286363,12131570.0,50.00181841930418
6.21,-6444.666971844611,12128980.0,50.001782135590844
6.22,-6400.7061264926615,12126400.0,50.00174664112299
6.23,-6358.164990824666,12123820.0,50.00171239752527
6.24,-6318.466249535181,12121260.0,50.001679739950646
6.25,-6282.4735894040905,12118700.0,50.001648839335424
6.26,-6250.374344849454,12116150.0,50.00161968228786
6.27,-6221.634692960688,12113600.0,50.00159207112292
6.28,-6195.035306279576,12111060.0,50.00156564430035
6.29,-6168.786881086171,12108520.0,50.00153991536418
6.3,-6140.714853640745,12106000.0,50.00151432616173
6.31,-6108.493413999442,12103480.0,50.00148830827372
6.32,-6069.903495642006,12100980.0,50.001461345850416
6.33,-6023.085667602171,12098490.0,50.00143303279523
6.34,-5966.758502252291,12096020.0,50.00140311781358
6.35,-5900.377723721734,12093570.0,50.0013715325481
6.36,-5824.216991422602,12091140.0,50.00133839974018
6.37,-5739.360124252897,12088730.0,50.00130402067677
6.38,-5647.604053450597,12086340.0,50.001268843386036
6.39,-5551.280512985747,12083970.0,50.00123341486052
6.4,-5453.01411779139,12081610.0,50.00119832242279
6.41,-5355.440973217712,12079260.0,50.0011641303187
6.42,-5260.916854786409,12076920.0,50.001131318154016
6.43,-5171.247139530532,12074590.0,50.00110022789427
6.44,-5087.469013953057,12072260.0,50.001071025230516
6.45,-5009.712612450642,12069940.0,50.001043679819645
6.46,-4937.160490379101,12067620.0,50.00101796703733
6.47,-4868.113312857642,12065310.0,50.00099349131133
6.48,-4800.157904868364,12063010.0,50.000969728724556
6.49,-4730.421582834319,12060710.0,50.00094608431657
6.5,-4655.885173238285,12058430.0,50.00092195759528
6.51,-4573.719989667735,12056160.0,50.000896808883155
6.52,-4481.6109092107645,12053910.0,50.00087021909002
6.53,-4378.028269810517,12051680.0,50.0008419361892
6.54,-4262.417260102087,12049480.0,50.00081190332121
6.55,-4135.283152055423,12047300.0,50.00078026565935
6.56,-3998.1615140167683,12045130.0,50.00074735540143
6.57,-3853.4750544320514,12043000.0,50.00071365661395
6.58,-3704.2900329018266,12040870.0,50.0006797535963
6.59,-3553.996337999127,12038770.0,50.00064626819185
6.6,-3405.9437594778615,12036680.0,50.00061379259703
6.61,-3263.0722826453275,12034590.0,50.00058282469612
6.62,-3127.576842253252,12032510.0,50.00055371291305
6.63,-3000.6448341340647,12030440.0,50.000526616707255
6.64,-2882.2986205755783,12028370.0,50.0005014873633
6.65,-2771.364697214843,12026300.0,50.00047807158652
6.66,-2665.577407370532,12024240.0,50.00045593789463
6.67,-2561.8094552448824,12022180.0,50.00043452315174
6.68,-2456.4061715030425,12020130.0,50.00041319420237
6.69,-2345.5867473624007,12018100.0,50.00039131761109
6.7,-2225.8679484675595,12016080.0,50.00036832970086
6.71,-2094.4618271143804,12014080.0,50.000343798935965
6.72,-1949.6020511366837,12012100.0,50.00031747370932
6.73,-1790.761937410326,12010160.0,50.00028931039934
6.74,-1618.7388522017025,12008230.0,50.000259478732524
6.75,-1435.5952877560858,12006330.0,50.0002283441523
6.76,-1244.4605195704999,12004460.0,50.000196429048046
6.77,-1049.2122666543146,12002600.0,50.000164357005204
6.78,-854.0701842440067,12000760.0,50.00013278590458
6.79,-663.1426908398413,11998930.0,50.000102336835006
6.8,-479.9742173611567,11997110.0,50.00007352622144
6.81,-307.14224498552176,11995300.0,50.00004670848196
6.82,-145.9510162251718,11993480.0,50.00002203573043
6.83,3.741131064150842,11991660.0,49.999999439185274
6.84,143.5364881810679,11989850.0,49.999978634810255
6.85,276.3477065590118,11988040.0,49.999959153032684
6.86,406.0951957685315,11986230.0,49.99994038951455
6.87,537.2842088397338,11984430.0,49.99992167131146
6.88,674.5077160204205,11982640.0,49.999902331037376
6.89,821.9307581158214,11980880.0,49.9998817806815
6.9,982.8155828174141,11979130.0,49.99985957665837
6.91,1159.14126507348,11977410.0,49.999835468911094
6.92,1351.3609791502033,11975720.0,49.999809428741685
6.93,1558.3240696927849,11974050.0,49.999781652551114
6.94,1777.3723285413364,11972410.0,49.999752541269956
6.95,2004.6015513279604,11970800.0,49.9997226577904
6.96,2235.2622386958387,11969200.0,49.99969266694258
6.97,2464.2601516439627,11967620.0,49.99966326411413
6.98,2686.7045530443793,11966060.0,49.99963510004862
6.99,2898.446750310375,11964490.0,49.99960870968871
7.0,3096.5506672097204,11962930.0,49.99958445266915
7.01,3279.6407960939355,11961360.0,49.99956247222415
7.02,3448.08477637119,11959800.0,49.99954267738887
7.03,3603.9847081050084,11958220.0,49.999524750940466
7.04,3750.9722845178635,11956650.0,49.99950818268192
7.05,3893.8266800551532,11955080.0,49.999492324602016
7.06,4037.9553561301705,11953520.0,49.99947646187048
7.07,4188.795022520947,11951970.0,49.99945989171227
7.08,4351.201214990149,11950440.0,49.9994420011283
7.09,4528.896400101726,11948940.0,49.999422334642844
7.1,4724.038741684346,11947460.0,49.99940064462069
7.11,4936.959791628535,11946000.0,49.99937691875392
7.12,5166.099689090317,11944580.0,49.99935138199811
7.13,5408.147888210327,11943190.0,49.99932447289739
7.14,5658.375338728369,11941820.0,49.99929679696146
7.15,5911.124694264371,11940470.0,49.999269062018456
7.16,6160.409061476957,11939130.0,49.99924200222508
7.17,6400.557564594212,11937800.0,49.99921629863312
7.18,6626.840316892251,11936470.0,49.99919250458568
7.19,6836.004312415008,11935140.0,49.99917098402607
7.2,7026.658384749861,11933810.0,49.999151869700405
7.21,7199.4595066823185,11932460.0,49.99913504628971
7.22,7357.073635146135,11931120.0,49.999120160839375
7.23,7503.9092521242765,11929760.0,49.99910665982376
7.24,7645.648141356335,11928410.0,49.99909384910917
7.25,7788.624763048357,11927060.0,49.99908097007487
7.26,7939.123463473038,11925720.0,49.99906728331256
7.27,8102.673978511832,11924400.0,49.999052150326314
7.28,8283.42504599356,11923110.0,49.999035104064625
7.29,8483.667135841668,11921840.0,49.99901590044394
7.3,8703.55732422089,11920600.0,49.99899454534778
7.31,8941.075253343952,11919400.0,49.99897129451546
7.32,9192.215472080596,11918220.0,49.99894662649983
7.33,9451.396076502793,11917060.0,49.99892119173281
7.34,9712.042174825188,11915930.0,49.99889574304391
7.35,9967.284630692402,11914800.0,49.998871054830744
7.36,10210.702457995161,11913680.0,49.998847839203044
7.37,10437.03103051953,11912560.0,49.99882666785711
7.38,10642.758468927084,11911430.0,49.998807908153644
7.39,10826.540762645453,11910290.0,49.998791680718455
7.4,10989.384478898994,11909140.0,49.99877784365931
7.41,11134.570117468493,11907970.0,49.9987660056931
7.42,11267.316821604814,11906800.0,49.998755567393005
7.43,11394.222594298484,11905630.0,49.99874578614242
7.44,11522.540664159395,11904460.0,49.9987358576287
7.45,11659.37352123582,11903300.0,49.99872500464521
7.46,11810.877729247986,11902150.0,49.9987125629664
7.47,11981.56998985798,11901040.0,49.998698054615275
7.48,12173.811650398604,11899940.0,49.998681240518586
7.49,12387.528617557238,11898880.0,49.998662146909304
7.5,12620.19597920078,11897860.0,49.998641062922275
7.51,12867.08788069083,11896860.0,49.998618509942034
7.52,13121.766917622004,11895880.0,49.99859518602446
7.53,13376.761562745394,11894910.0,49.99857189134939
7.54,13624.36306280766,11893960.0,49.998549442314314
7.55,13857.46067167182,11893010.0,49.9985285830227
7.56,14070.3257774737,11892050.0,49.998509903598844
7.57,14259.260242859793,11891080.0,49.99849377405831
7.58,14423.033566684704,11890090.0,49.99848030131619
7.59,14563.053660055837,11889090.0,49.99846931466513
7.6,14683.245633003271,11888070.0,49.99846038188004
7.61,14789.64368350761,11887040.0,49.998452854895135
7.62,14889.738481579201,11886000.0,49.99844594016916
7.63,14991.652800211841,11884970.0,49.99843878582376
7.64,15103.238473409283,11883940.0,49.99843057570249
7.65,15231.198602960625,11882930.0,49.99842061956691
7.66,15380.335148999322,11881940.0,49.99840842922745
7.67,15553.00594036792,11880990.0,49.998393772229285
7.68,15748.850031233364,11880060.0,49.99837669741193
7.69,15964.808572386959,11879160.0,49.998357529982265
7.7,16195.436913933474,11878290.0,49.99833683696282
7.71,16433.47458325748,11877440.0,49.99831536679906
7.72,16670.614599748176,11876610.0,49.998293969388804
7.73,16898.392628377835,11875780.0,49.99827350481449
7.74,17109.104615381806,11874950.0,49.99825475013132
7.75,17296.656633681887,11874110.0,49.998238313930635
7.76,17457.25400831052,11873250.0,49.9982245679384
7.77,17589.8489757549,11872370.0,49.998213603577106
7.78,17696.29076577786,11871460.0,49.998205218860534
7.79,17781.153239485906,11870540.0,49.998198937809626
7.8,17851.25187088739,11869600.0,49.99819406089654
7.81,17914.901896662443,11868650.0,49.99818974104549
7.82,17980.999618746137,11867700.0,49.99818507677534
7.83,18058.032127452483,11866760.0,49.998179211835534
7.84,18153.130474742055,11865840.0,49.99817142981871
7.85,18271.273761884593,11864940.0,49.998161233093086
7.86,18414.732146242925,11864060.0,49.99814839742203
7.87,18582.807940770403,11863220.0,49.99813299656588
7.88,18771.89936153613,11862400.0,49.99811539463032
7.89,18975.877693493992,11861620.0,49.99809620727659
7.9,19186.735939568756,11860850.0,49.998076236126835
7.91,19395.441520174467,11860090.0,49.9980563831789
7.92,19592.905985701287,11859330.0,49.99803755393352
7.93,19770.971377844682,11858570.0,49.99802055920431
7.94,19923.309598284763,11857790.0,49.99800602585778
7.95,20046.136312026945,11856990.0,49.997994326184475
7.96,20138.656156539066,11856170.0,49.9979855340735
7.97,20203.182230853905,11855310.0,49.997979413562774
7.98,20244.908169173283,11854440.0,49.99797544184778
7.99,20271.352049689995,11853540.0,49.99797286479503
8.0,20292.209938403972,11852630.0,49.99797077900616
8.01,20317.68685675672,11851720.0,49.997968231314324
8.02,20356.757633805955,11850820.0,49.99796432423662
8.03,20416.848657234255,11849930.0,49.99795831513428
8.04,20503.020176008136,11849070.0,49.9979496979824
8.05,20617.411680134977,11848230.0,49.99793825883199
8.06,20759.007937769526,11847430.0,49.99792409920622
8.07,20923.746377903284,11846660.0,49.99790762536221
8.08,21104.950060433224,11845910.0,49.99788950499396
8.09,21294.038123826907,11845180.0,49.99787059618762
8.1,21481.4415892306,11844460.0,49.99785185584108
8.11,21657.63075836935,11843740.0,49.99783423692416
8.12,21814.148416012813,11843010.0,49.9978185851584
8.13,21944.541921996573,11842260.0,49.9978055458078
8.14,22045.092207463313,11841490.0,49.997795490779254
8.15,22115.25422609384,11840690.0,49.99778847457739
8.16,22157.752580937995,11839860.0,49.997784224741906
8.17,22178.313236764778,11839000.0,49.99778216867632
8.18,22185.05352949762,11838130.0,49.99778149464705
8.19,22187.5965111451,11837240.0,49.997781240348885
8.2,22196.010199451164,11836350.0,49.997780398980055
8.21,22219.69312401484,11835460.0,49.9977780306876
8.22,22266.335191929444,11834590.0,49.99777336648081
8.23,22341.07161250165,11833740.0,49.99776589283875
8.24,22445.921285054737,11832920.0,49.997755407871495
8.25,22579.566522651363,11832140.0,49.997742043347735
8.26,22737.493276494548,11831380.0,49.99772625067235
8.27,22912.472635212565,11830640.0,49.99770875273648
8.28,23095.330019842208,11829930.0,49.997690466998016
8.29,23275.92398088996,11829220.0,49.99767240760191
8.3,23444.234392400176,11828500.0,49.99765557656076
8.31,23591.44907991606,11827780.0,49.99764085509201
8.32,23710.936803169603,11827030.0,49.99762890631968
8.33,23798.998903785672,11826250.0,49.99762010010962
8.34,23855.310931324424,11825450.0,49.99761446890687
8.35,23882.996813640035,11824610.0,49.997611700318636
8.36,23888.318586173795,11823740.0,49.99761116814138
8.37,23880.00750165986,11822840.0,49.997611999249834
8.38,23868.309785157748,11821930.0,49.997613169021484
8.39,23863.85545612768,11821020.0,49.99761361445439
8.4,23876.48095982797,11820110.0,49.99761235190402
8.41,23914.141804439736,11819220.0,49.997608585819556
8.42,23982.037386574008,11818350.0,49.99760179626134
8.43,24082.044028403972,11817510.0,49.99759179559716
8.44,24212.511215253584,11816700.0,49.997578748878475
8.45,24368.43847867465,11815920.0,49.99756315615213
8.46,24542.008825534365,11815160.0,49.99754579911745
8.47,24723.420036494303,11814420.0,49.99752765799635
8.48,24901.929257197255,11813680.0,49.99750980707428
8.49,25067.005125691823,11812940.0,49.99749329948743
8.5,25209.471064613354,11812180.0,49.99747905289354
8.51,25322.519842418955,11811400.0,49.99746774801576
8.52,25402.48692945113,11810580.0,49.997459751307055
8.53,25449.292096766385,11809730.0,49.99745507079032
8.54,25466.490599441728,11808840.0,49.997453350940056
8.55,25460.916159829594,11807920.0,49.99745390838402
8.56,25441.94904388064,11806980.0,49.99745580509561
8.57,25420.48877820946,11806020.0,49.99745795112218
8.58,25407.748913934825,11805050.0,49.99745922510861
8.59,25414.013904949683,11804090.0,49.997458598609505
8.6,25447.502072921678,11803140.0,49.99745524979271
8.61,25513.462856352475,11802220.0,49.997448653714365
8.62,25613.604403034173,11801320.0,49.9974386395597
8.63,25745.909550209944,11800460.0,49.99742540904498
8.64,25904.85261819708,11799620.0,49.99740951473818
8.65,26081.988487902665,11798810.0,49.99739180115121
8.66,26266.850005214335,11798010.0,49.99737331499948
8.67,26448.06231721475,11797220.0,49.99735519376828
8.68,26614.56225879988,11796410.0,49.99733854377412
8.69,26756.799337945835,11795590.0,49.997324320066205
8.7,26867.79312902843,11794740.0,49.9973132206871
8.71,26943.929100795573,11793860.0,49.99730560708992
8.72,26985.398422425533,11792930.0,49.99730146015776
8.73,26996.221862134462,11791970.0,49.99730037781379
8.74,26983.843420183006,11790970.0,49.99730161565798
8.75,26958.330533872755,11789950.0,49.99730416694661
8.76,26931.26898002163,11788900.0,49.997306873102
8.77,26914.479765238753,11787850.0,49.997308552023476
8.78,26918.70751469594,11786810.0,49.99730812924853
8.79,26952.43232821554,11785780.0,49.99730475676718
8.8,27020.93846878029,11784770.0,49.99729790615312
8.81,27125.739961633146,11783800.0,49.99728742600384
8.82,27264.418950210256,11782860.0,49.99727355810498
8.83,27430.88583720521,11781940.0,49.99725691141628
8.84,27616.027844885593,11781050.0,49.99723839721551
8.85,27808.676631551065,11780170.0,49.997219132336845
8.86,27996.796172260474,11779300.0,49.997200320382774
8.87,28168.771987040487,11778410.0,49.997183122801296
8.88,28314.672627303138,11777510.0,49.99716853273727
8.89,28427.35066366231,11776570.0,49.997157264933634
8.9,28503.260767038795,11775590.0,49.997149673923296
8.91,28542.896234640124,11774570.0,49.997145710376536
8.92,28550.782650711426,11773510.0,49.99714492173493
8.93,28535.01719087603,11772410.0,49.99714649828091
8.94,28506.39590370463,11771280.0,49.99714936040963
8.95,28477.226538896615,11770140.0,49.99715227734611
8.96,28459.963115849972,11768990.0,49.997154003688415
8.97,28465.822489565086,11767840.0,49.99715341775104
8.98,28503.544335336526,11766710.0,49.997149645566466
8.99,28578.432569119628,11765610.0,49.99714215674309
9.0,28691.78047568255,11764540.0,49.99713082195243
9.01,28840.734010842083,11763500.0,49.997115926598916
9.02,29018.599228294304,11762490.0,49.99709814007717
9.03,29215.555104045165,11761500.0,49.997078444489595
9.04,29419.69535456224,11760530.0,49.997058030464544
9.05,29618.293095339253,11759560.0,49.997038170690466
9.06,29799.16343186062,11758570.0,49.997020083656814
9.07,29951.987959080383,11757560.0,49.99700480120409
9.08,30069.460352990518,11756520.0,49.9969930539647
9.09,30148.1260120795,11755440.0,49.99698518739879
9.1,30188.813418234873,11754310.0,49.99698111865818
9.11,30196.594125158073,11753140.0,49.996980340587484
9.12,30180.263181378563,11751930.0,49.99698197368186
9.13,30151.388548418367,11750690.0,49.99698486114516
9.14,30123.035886191472,11749430.0,49.99698769641138
9.15,30108.31731607766,11748160.0,49.99698916826839
9.16,30118.93397967924,11746900.0,49.99698810660203
9.17,30163.881788638493,11745660.0,49.996983611821136
9.18,30248.46638851386,11744450.0,49.99697515336115
9.19,30373.73005469135,11743270.0,49.99696262699453
9.2,30536.343439280245,11742130.0,49.99694636565607
9.21,30728.965183186574,11741020.0,49.99692710348168
9.22,30941.022915627058,11739930.0,49.99690589770844
9.23,31159.83246694043,11738850.0,49.996884016753306
9.24,31371.944306783917,11737780.0,49.99686280556932
9.25,31564.58342189694,11736690.0,49.99684354165781
9.26,31727.037879178966,11735580.0,49.99682729621208
9.27,31851.85049538575,11734430.0,49.99681481495046
9.28,31935.679773980042,11733230.0,49.9968064320226
9.29,31979.723704083084,11731990.0,49.99680202762959
9.3,31989.642381518024,11730700.0,49.99680103576185
9.31,31974.974152504386,11729380.0,49.99680250258475
9.32,31948.102672814115,11728020.0,49.99680518973272
9.33,31922.88841162849,11726640.0,49.99680771115884
9.34,31913.12634228893,11725260.0,49.99680868736577
9.35,31931.011176595803,11723890.0,49.99680689888234
9.36,31985.78922187778,11722540.0,49.99680142107781
9.37,32082.747208974637,11721220.0,49.9967917252791
9.38,32222.64304007183,11719940.0,49.99677773569599
9.39,32401.630958318605,11718690.0,49.99675983690417
9.4,32611.676057783257,11717480.0,49.99673883239422
9.41,32841.40801568469,11716290.0,49.99671585919843
9.42,33077.32384982387,11715110.0,49.99669226761502
9.43,33305.219312183,11713940.0,49.99666947806878
9.44,33511.708327083055,11712750.0,49.99664882916729
9.45,33685.678986401515,11711540.0,49.99663143210136
9.46,33819.532476826455,11710280.0,49.99661804675232
9.47,33910.0644201551,11708990.0,49.996608993557984
9.48,33958.878479367624,11707640.0,49.99660411215206
9.49,33972.268038766626,11706240.0,49.99660277319612
9.5,33960.56358567989,11704810.0,49.99660394364143
9.51,33937.00977092351,11703340.0,49.99660629902291
9.52,33916.29901585702,11701860.0,49.996608370098414
9.53,33912.93372544624,11700370.0,49.996608706627455
9.54,33939.61150649716,11698900.0,49.99660603884935
9.55,34005.82176865896,11697450.0,49.996599417823134
9.56,34116.80975354159,11696030.0,49.996588319024646
9.57,34273.014494701216,11694660.0,49.99657269855053
9.58,34470.029349265016,11693320.0,49.99655299706507
9.59,34699.07769030556,11692020.0,49.99653009223097
9.6,34947.944674144084,11690750.0,49.996505205532586
9.61,35202.26660917558,11689500.0,49.99647977333908
9.62,35447.05185895225,11688240.0,49.996455294814105
9.63,35668.28404508726,11686970.0,49.99643317159549
9.64,35854.44681434069,11685670.0,49.996414555318566
9.65,35997.811167192136,11684340.0,49.99640021888328
9.66,36095.33670569931,11682950.0,49.99639046632943
9.67,36149.07255681032,11681520.0,49.99638509274432
9.68,36165.993750785216,11680040.0,49.99638340062492
9.69,36157.27409119529,11678510.0,49.99638427259088
9.7,36137.06793274218,11676960.0,49.996386293206726
9.71,36120.938825945355,11675390.0,49.996387906117405
9.72,36124.12216781991,11673820.0,49.99638758778322
9.73,36159.82772295467,11672270.0,49.996384017227705
9.74,36237.780335710566,11670750.0,49.99637622196643
9.75,36363.160027974576,11669260.0,49.9963636839972
9.76,36536.05008587135,11667820.0,49.99634639499141
9.77,36751.43842997386,11666420.0,49.996324856157
9.78,36999.757912141715,11665070.0,49.996300024208786
9.79,37267.90065528007,11663740.0,49.99627320993447
9.8,37540.60024405703,11662430.0,49.996245939975594
9.81,37802.04555859257,11661120.0,49.99621979544414
9.82,38037.57078010506,11659800.0,49.99619624292199
9.83,38235.252721818826,11658450.0,49.99617647472782
9.84,38387.2461086554,11657060.0,49.996161275389134
9.85,38490.704408573605,11655620.0,49.99615092955914
9.86,38548.16566537522,11654130.0,49.99614518343346
9.87,38567.338199371196,11652590.0,49.99614326618006
9.88,38560.293128284684,11651010.0,49.99614397068717
9.89,38542.14457270189,11649400.0,49.99614578554273
9.9,38529.36813991903,11647780.0,49.99614706318601
9.91,38537.95882072575,11646160.0,49.99614620411793
9.92,38581.647737672145,11644570.0,49.99614183522623
9.93,38670.38584139948,11643000.0,49.99613296141586
9.94,38809.26239318683,11641490.0,49.99611907376068
9.95,38997.966290281736,11640020.0,49.99610020337097
9.96,39230.83252622916,11638590.0,49.99607691674738
9.97,39497.45283875927,11637220.0,49.996050254716124
9.98,39783.777310518075,11635870.0,49.99602162226895
9.99,40073.59307401259,11634540.0,49.9959926406926
10.0,40767.36416251947,11633220.0,49.99592326358375
10.01,45679.39245262664,11632300.0,49.99543206075474
10.02,59493.45380095395,11635600.0,49.994050654619905
10.03,82122.63003755992,11647790.0,49.991787736996244
10.04,108742.76623631829,11668810.0,49.98912572337637
10.05,135393.24106446316,11693810.0,49.986460675893554
10.06,161517.8151472918,11718850.0,49.98384821848527
10.07,187024.4848166891,11743360.0,49.98129755151833
10.08,211854.15220294602,11767250.0,49.978814584779705
10.09,235967.465336131,11790470.0,49.97640325346639
10.1,259336.75112085554,11812970.0,49.974066324887914
10.11,281940.8792081646,11834720.0,49.97180591207918
10.12,303761.99704242876,11855720.0,49.96962380029576
10.13,324783.5803897914,11875920.0,49.96752164196102
10.14,344989.188946343,11895340.0,49.965501081105366
10.15,364361.58333600586,11913930.0,49.9635638416664
10.16,382882.2766183748,11931700.0,49.96171177233816
10.17,400531.8295203608,11948610.0,49.959946817047964
10.18,417291.9412514631,11964660.0,49.958270805874854
10.19,433148.1593698783,11979810.0,49.95668518406301
10.2,448091.9052780763,11994060.0,49.95519080947219
10.21,462121.7025705704,12007410.0,49.95378782974294
10.22,475243.8014300253,12019840.0,49.952475619857
10.23,487472.67191487254,12031360.0,49.95125273280851
10.24,498831.35923501244,12042000.0,49.9501168640765
10.25,509351.39794468397,12051760.0,49.94906486020553
10.26,519072.20564636705,12060690.0,49.94809277943536
10.27,528040.0208499713,12068820.0,49.947195997915
10.28,536306.480856723,12076200.0,49.94636935191433
10.29,543926.9640373113,12082880.0,49.94560730359627
10.3,550958.8432312284,12088920.0,49.94490411567688
10.31,557459.8024710298,12094370.0,49.9442540197529
10.32,563486.3541700952,12099300.0,49.94365136458299
10.33,569092.6697264586,12103750.0,49.943090733027354
10.34,574329.7952846405,12107780.0,49.942567020471536
10.35,579245.281577272,12111450.0,49.94207547184227
10.36,583883.2169260399,12114800.0,49.941611678307396
10.37,588284.6124838181,12117870.0,49.94117153875162
10.38,592488.0616895934,12120710.0,49.94075119383104
10.39,596530.5758927286,12123360.0,49.94034694241073
10.4,600448.482472089,12125850.0,49.93995515175279
10.41,604278.270165608,12128210.0,49.93957217298344
10.42,608057.2706183319,12130490.0,49.93919427293817
10.43,611824.0802751273,12132730.0,49.93881759197249
10.44,615618.6526056473,12134950.0,49.938438134739435
10.45,619482.0249786659,12137210.0,49.93805179750213
10.46,623455.6888510667,12139540.0,49.93765443111489
10.47,627580.6527644789,12141980.0,49.93724193472355
10.48,631896.2884137136,12144580.0,49.93681037115863
10.49,636439.0787377516,12147370.0,49.936356092126225
10.5,641241.3977892584,12150390.0,49.935875860221074
10.51,646330.449992547,12153680.0,49.935366955000745
10.52,651727.4760638259,12157260.0,49.93482725239362
10.53,657447.3014269699,12161150.0,49.9342552698573
10.54,663498.2663009481,12165360.0,49.933650173369905
10.55,669882.5356616566,12169910.0,49.933011746433834
10.56,676596.7518281712,12174800.0,49.93234032481718
10.57,683632.9642318618,12180030.0,49.931636703576814
10.58,690979.7464674483,12185580.0,49.930902025353255
10.59,698623.4242866373,12191440.0,49.930137657571336
10.6,706549.3409606206,12197600.0,49.92934506590394
10.61,714742.8328377004,12204060.0,49.92852571671623
10.62,723189.876736896,12210780.0,49.92768101232631
10.63,731877.526227649,12217760.0,49.926812247377235
10.64,740794.0336522501,12224990.0,49.925920596634775
10.65,749928.5955217517,12232450.0,49.925007140447825
10.66,759270.7609045135,12240140.0,49.92407292390955
10.67,768809.5890206626,12248040.0,49.923119041097934
10.68,778532.6707438144,12256130.0,49.92214673292562
10.69,788425.1473325321,12264420.0,49.92115748526675
10.7,798468.8582050836,12272880.0,49.92015311417949
10.71,808641.731441213,12281500.0,49.91913582685588
10.72,818917.5013173866,12290250.0,49.91810824986826
10.73,829265.7967822948,12299110.0,49.91707342032177
10.74,839652.6050903219,12308050.0,49.91603473949097
10.75,850041.0871727127,12317030.0,49.91499589128273
10.76,860392.954598197,12326020.0,49.91396070454018
10.77,870670.1763448166,12334980.0,49.91293298236552
10.78,880836.4834759175,12343860.0,49.91191635165241
10.79,890858.3833538586,12352650.0,49.910914161664614
10.8,900705.7338448731,12361290.0,49.90992942661551
10.81,910351.9181648778,12369760.0,49.90896480818351
10.82,919773.9769241764,12378040.0,49.90802260230758
10.83,928952.8529786395,12386100.0,49.907104714702136
10.84,937873.3915680471,12393920.0,49.906212660843195
10.85,946523.870746816,12401490.0,49.90534761292532
10.86,954895.1854866061,12408790.0,49.90451048145134
10.87,962979.8268532142,12415820.0,49.90370201731468
10.88,970770.809667485,12422570.0,49.90292291903325
10.89,978260.6966692242,12429020.0,49.90217393033308
10.9,985440.843822758,12435190.0,49.901455915617724
10.91,992300.9575543063,12441050.0,49.90076990424457
10.92,998829.0132759658,12446590.0,49.9001170986724
10.93,1005011.5399559445,12451810.0,49.899498846004406
10.94,1010834.2363787415,12456690.0,49.898916576362126
10.95,1016282.8537163193,12461210.0,49.89837171462837
10.96,1021344.2509200376,12465370.0,49.897865574907996
10.97,1026007.5152152836,12469140.0,49.89739924847847
10.98,1030265.0308524619,12472520.0,49.896973496914754
10.99,1034113.3800734071,12475500.0,49.89658866199266
11.0,1037553.9735751715,12478080.0,49.89624460264248
11.01,1040593.3296244285,12480260.0,49.89594066703756
11.02,1043242.958876931,12482030.0,49.89567570411231
11.03,1045518.8523505399,12483430.0,49.895448114764946
11.04,1047440.6172083662,12484450.0,49.89525593827916
11.05,1049030.3496757746,12485130.0,49.89509696503242
11.06,1050311.3650514707,12485480.0,49.89496886349485
11.07,1051306.9205507007,12485520.0,49.89486930794493
11.08,1052039.066083168,12485290.0,49.89479609339168
11.09,1052527.7399224108,12484800.0,49.89474722600776
11.1,1052790.19060589,12484070.0,49.89472098093941
11.11,1052840.7693835362,12483120.0,49.894715923061646
11.12,1052691.0944346923,12481960.0,49.89473089055653
11.13,1052350.5523308073,12480610.0,49.89476494476692
11.14,1051827.0707438404,12479070.0,49.894817292925616
11.15,1051128.0718979065,12477350.0,49.89488719281021
11.16,1050261.5012955375,12475470.0,49.894973849870446
11.17,1049236.8181212442,12473420.0,49.895076318187876
11.18,1048065.8379890429,12471220.0,49.895193416201096
11.19,1046763.3254806686,12468870.0,49.89532366745193
11.2,1045347.2596338287,12466400.0,49.89546527403662
11.21,1043838.7278801287,12463820.0,49.89561612721199
11.22,1042261.4437725031,12461160.0,49.89577385562275
11.23,1040640.9320550126,12458430.0,49.8959359067945
11.24,1039003.4606778186,12455660.0,49.89609965393222
11.25,1037374.8347474532,12452880.0,49.896262516525255
11.26,1035779.1838894314,12450110.0,49.89642208161106
11.27,1034237.873530941,12447380.0,49.896576212646906
11.28,1032768.6526417068,12444710.0,49.89672313473583
11.29,1031385.1207639857,12442120.0,49.8968614879236
11.3,1030096.5609869194,12439620.0,49.89699034390131
11.31,1028908.1430512681,12437210.0,49.89710918569487
11.32,1027821.4660815621,12434910.0,49.897217853391844
11.33,1026835.3785230744,12432720.0,49.89731646214769
11.34,1025946.9885531303,12430630.0,49.89740530114469
11.35,1025152.7636687995,12428650.0,49.89748472363312
11.36,1024449.6082292187,12426760.0,49.89755503917708
11.37,1023835.8068480835,12424970.0,49.89761641931519
11.38,1023311.7331374331,12423270.0,49.89766882668626
11.39,1022880.2438658136,12421670.0,49.89771197561342
11.4,1022546.7081614425,12420160.0,49.897745329183856
11.41,1022318.6626816272,12418760.0,49.89776813373184
11.42,1022205.1290405432,12417460.0,49.897779487095946
11.43,1022215.6696555373,12416290.0,49.897778433034446
11.44,1022359.2912505097,12415240.0,49.89776407087495
11.45,1022643.3265943768,12414330.0,49.89773566734056
11.46,1023072.4242371281,12413560.0,49.89769275757629
11.47,1023647.7615450923,12412940.0,49.89763522384549
11.48,1024366.568109869,12412480.0,49.89756334318901
11.49,1025222.0091607,12412150.0,49.89747779908393
11.5,1026203.4379974238,12411970.0,49.89737965620026
11.51,1027296.9890817762,12411920.0,49.89727030109182
11.52,1028486.453168611,12411990.0,49.89715135468314
11.53,1029754.3497151906,12412150.0,49.89702456502848
11.54,1031083.0936200687,12412400.0,49.89689169063799
11.55,1032456.1442333646,12412710.0,49.89675438557666
11.56,1033859.0248655067,12413060.0,49.89661409751345
11.57,1035280.1068263773,12413460.0,49.89647198931736
11.58,1036711.0754098974,12413870.0,49.89632889245901
11.59,1038147.0247924085,12414290.0,49.89618529752076
11.6,1039586.1675718976,12414730.0,49.89604138324281
11.61,1041029.1933938254,12415170.0,49.89589708066062
11.62,1042478.3506088885,12415610.0,49.89575216493911
11.63,1043936.3607321894,12416070.0,49.89560636392678
11.64,1045405.2967487115,12416540.0,49.89545947032513
11.65,1046885.5581209623,12417020.0,49.895311444187904
11.66,1048375.0600887731,12417510.0,49.89516249399112
11.67,1049868.727568537,12418020.0,49.895013127243146
11.68,1051358.3453191444,12418530.0,49.894864165468086
11.69,1052832.775980903,12419040.0,49.89471672240191
11.7,1054278.5190430947,12419540.0,49.89457214809569
11.71,1055680.5517684608,12420010.0,49.894431944823154
11.72,1057023.3684760665,12420440.0,49.89429766315239
11.73,1058292.114661512,12420810.0,49.89417078853385
11.74,1059473.7031195222,12421110.0,49.89405262968805
11.75,1060557.7987411863,12421330.0,49.89394422012588
11.76,1061537.568660853,12421450.0,49.893846243133915
11.77,1062410.111395593,12421460.0,49.89375898886044
11.78,1063176.5116261959,12421370.0,49.89368234883738
11.79,1063841.5068849837,12421180.0,49.8936158493115
11.8,1064412.798305625,12420890.0,49.89355872016944
11.81,1064900.08133612,12420500.0,49.89350999186639
11.82,1065313.9050880612,12420030.0,49.893468609491194
11.83,1065664.490449123,12419490.0,49.89343355095509
11.84,1065960.642153385,12418890.0,49.89340393578466
11.85,1066208.8732591711,12418230.0,49.89337911267408
11.86,1066412.8327670142,12417530.0,49.8933587167233
11.87,1066573.0892598191,12416780.0,49.89334269107402
11.88,1066687.2829128238,12415990.0,49.89333127170872
11.89,1066750.6207600753,12415150.0,49.89332493792399
11.9,1066756.655707053,12414270.0,49.893324334429295
11.91,1066698.268554802,12413320.0,49.89333017314452
11.92,1066568.7499203358,12412310.0,49.893343125007966
11.93,1066362.8698827666,12411240.0,49.89336371301172
11.94,1066077.824557965,12410080.0,49.8933922175442
11.95,1065713.9548988682,12408850.0,49.89342860451011
11.96,1065275.153158538,12407530.0,49.893472484684146
11.97,1064768.9026904316,12406140.0,49.89352310973096
11.98,1064205.935539988,12404690.0,49.893579406446
11.99,1063599.5381094432,12403180.0,49.893640046189056
12.0,1062964.5782674402,12401620.0,49.893703542173256
12.01,1062316.3599031926,12400030.0,49.89376836400968
12.02,1061669.4352992794,12398430.0,49.89383305647007
12.03,1061036.5065107886,12396830.0,49.89389634934892
12.04,1060427.5350709714,12395240.0,49.8939572464929
12.05,1059849.1523454357,12393680.0,49.894015084765456
12.06,1059304.4240020788,12392140.0,49.89406955759979
12.07,1058792.982624439,12390640.0,49.894120701737556
12.08,1058311.5053721315,12389170.0,49.89416884946279
12.09,1057854.4822127612,12387730.0,49.894214551778724
12.1,1057415.192394231,12386310.0,49.89425848076058
12.11,1056986.7875130968,12384900.0,49.89430132124869
12.12,1056563.373375994,12383510.0,49.8943436626624
12.13,1056140.9794486566,12382120.0,49.894385902055134
12.14,1055718.3092659982,12380720.0,49.8944281690734
12.15,1055297.1866103178,12379330.0,49.89447028133897
12.16,1054882.6415067937,12377930.0,49.89451173584932
12.17,1054482.6182371026,12376540.0,49.89455173817629
12.18,1054107.331242804,12375160.0,49.89458926687572
12.19,1053768.3372989192,12373800.0,49.89462316627011
12.2,1053477.4290651684,12372480.0,49.89465225709348
12.21,1053245.4774919841,12371200.0,49.8946754522508
12.22,1053081.3552475849,12369980.0,49.89469186447524
12.23,1052991.060798263,12368820.0,49.894700893920174
12.24,1052977.1351887973,12367740.0,49.89470228648112
12.25,1053038.4301287655,12366720.0,49.89469615698712
12.26,1053170.2442482072,12365780.0,49.89468297557518
12.27,1053364.8061845468,12364910.0,49.894663519381545
12.28,1053612.0515238424,12364090.0,49.894638794847616
12.29,1053900.613824581,12363320.0,49.89460993861754
12.3,1054218.9312200635,12362600.0,49.894578106877994
12.31,1054556.358162344,12361890.0,49.894544364183766
12.32,1054904.1704616258,12361200.0,49.89450958295384
12.33,1055256.358348302,12360520.0,49.89447436416517
12.34,1055610.1189777679,12359840.0,49.89443898810222
12.35,1055965.9898537176,12359160.0,49.89440340101463
12.36,1056327.6018968537,12358470.0,49.894367239810315
12.37,1056701.0748459892,12357790.0,49.8943298925154
12.38,1057094.1218146856,12357110.0,49.89429058781853
12.39,1057514.9656287408,12356450.0,49.894248503437126
12.4,1057971.1936053114,12355810.0,49.89420288063947
12.41,1058468.6832994095,12355200.0,49.89415313167006
12.42,1059010.7209152677,12354620.0,49.89409892790847
12.43,1059597.4077477166,12354090.0,49.89404025922523
12.44,1060225.4139122635,12353600.0,49.893977458608774
12.45,1060888.0990773174,12353140.0,49.89391119009227
12.46,1061575.9825196136,12352710.0,49.89384240174804
12.47,1062277.5100452485,12352300.0,49.893772248995475
12.48,1062980.038553789,12351900.0,49.89370199614462
12.49,1063670.940955106,12351490.0,49.89363290590449
12.5,1064338.7204383004,12351070.0,49.89356612795617
12.51,1064974.0225780136,12350620.0,49.8935025977422
12.52,1065570.439665038,12350120.0,49.893442956033496
12.53,1066125.0154348777,12349590.0,49.89338749845651
12.54,1066638.3903490128,12349000.0,49.8933361609651
12.55,1067114.5650722026,12348370.0,49.89328854349278
12.56,1067560.3011763003,12347700.0,49.89324396988237
12.57,1067984.225811145,12346980.0,49.893201577418886
12.58,1068395.7405774435,12346240.0,49.893160425942256
12.59,1068803.8611257155,12345480.0,49.89311961388743
12.6,1069216.1214341666,12344720.0,49.89307838785658
12.61,1069637.6644497009,12343940.0,49.89303623355503
12.62,1070070.616875114,12343170.0,49.89299293831249
12.63,1070513.8099220335,12342410.0,49.8929486190078
12.64,1070962.8677116712,12341640.0,49.89290371322883
12.65,1071410.6458735273,12340880.0,49.89285893541265
12.66,1071847.9703504613,12340110.0,49.892815202964954
12.67,1072264.5983121737,12339320.0,49.89277354016878
12.68,1072650.3036024582,12338500.0,49.892734969639754
12.69,1072995.9782263876,12337640.0,49.89270040217736
12.7,1073294.6366159979,12336730.0,49.8926705363384
12.71,1073542.2162807852,12335770.0,49.89264577837192
12.72,1073738.0848764388,12334750.0,49.892626191512356
12.73,1073885.1897355772,12333670.0,49.89261148102644
12.74,1073989.8258053416,12332540.0,49.892601017419466
12.75,1074061.0407636808,12331350.0,49.89259389592363
12.76,1074109.739885145,12330120.0,49.892589026011485
12.77,1074147.5907418162,12328870.0,49.89258524092582
12.78,1074185.8532824721,12327590.0,49.89258141467175
12.79,1074234.268456422,12326300.0,49.89257657315436
12.8,1074300.1275042018,12325020.0,49.89256998724958
12.81,1074387.6225136972,12323740.0,49.89256123774863
12.82,1074497.5409208734,12322480.0,49.89255024590791
12.83,1074627.3277035102,12321230.0,49.89253726722965
12.84,1074771.5008483992,12319990.0,49.89252284991516
12.85,1074922.3692555176,12318760.0,49.89250776307445
12.86,1075070.9790195145,12317520.0,49.89249290209805
12.87,1075208.1905036448,12316280.0,49.892479180949636
12.88,1075325.7779116153,12315010.0,49.89246742220884
12.89,1075417.4395523819,12313720.0,49.89245825604476
12.9,1075479.6114342469,12312380.0,49.892452038856575
12.91,1075511.9914391288,12311020.0,49.89244880085609
12.92,1075517.7119693116,12309600.0,49.89244822880307
12.93,1075503.1320557152,12308160.0,49.89244968679443
12.94,1075477.265289422,12306680.0,49.89245227347106
12.95,1075450.9038871164,12305190.0,49.89245490961129
12.96,1075435.5368705147,12303680.0,49.89245644631295
12.97,1075442.187024862,12302180.0,49.892455781297514
12.98,1075480.298817695,12300690.0,49.89245197011823
12.99,1075556.8013819072,12299220.0,49.89244431986181
13.0,1075675.4474273578,12297780.0,49.892432455257264
13.01,1075836.4940963362,12296360.0,49.892416350590366
13.02,1076036.7508174086,12294990.0,49.89239632491826
13.03,1076269.9813450638,12293640.0,49.892373001865494
13.04,1076527.6142258528,12292320.0,49.892347238577415
13.05,1076799.6858837847,12291000.0,49.89232003141162
13.06,1077075.9210019775,12289700.0,49.8922924078998
13.07,1077346.8421471221,12288390.0,49.89226531578529
13.08,1077604.796469913,12287060.0,49.89223952035301
13.09,1077844.7919567924,12285710.0,49.89221552080432
13.1,1078065.0496622713,12284330.0,49.89219349503377
13.11,1078267.206162593,12282920.0,49.89217327938374
13.12,1078456.1361450073,12281480.0,49.8921543863855
13.13,1078639.4078148475,12280020.0,49.892136059218515
13.14,1078826.4292520466,12278540.0,49.892117357074795
13.15,1079027.3820905583,12277060.0,49.892097261790944
13.16,1079252.065498224,12275580.0,49.89207479345018
13.17,1079508.7830639717,12274110.0,49.8920491216936
13.18,1079803.3981425448,12272670.0,49.892019660185746
13.19,1080138.6608805074,12271250.0,49.89198613391195
13.2,1080513.8728333218,12269870.0,49.89194861271667
13.21,1080924.9194549152,12268510.0,49.89190750805451
13.22,1081364.6592577442,12267180.0,49.891863534074226
13.23,1081823.6232206856,12265860.0,49.89181763767793
13.24,1082290.9527860957,12264560.0,49.89177090472139
13.25,1082755.480317772,12263250.0,49.89172445196822
13.26,1083206.845532203,12261930.0,49.89167931544678
13.27,1083636.5338566622,12260590.0,49.891636346614334
13.28,1084038.7294052788,12259210.0,49.89159612705947
13.29,1084410.8887133785,12257800.0,49.89155891112866
13.3,1084753.9651593508,12256350.0,49.891524603484065
13.31,1085072.2523235134,12254860.0,49.89149277476765
13.32,1085372.8580812572,12253330.0,49.891462714191874
13.33,1085664.8640324096,12251770.0,49.89143351359676
13.34,1085958.2651035283,12250200.0,49.89140417348965
13.35,1086262.8113421379,12248610.0,49.891373718865786
13.36,1086586.8848587468,12247030.0,49.891341311514125
13.37,1086936.5403642918,12245460.0,49.89130634596357
13.38,1087314.8113449814,12243900.0,49.8912685188655
13.39,1087721.3521494865,12242360.0,49.89122786478505
13.4,1088152.4482515913,12240840.0,49.89118475517484
13.41,1088601.3840097776,12239340.0,49.89113986159902
13.42,1089059.125378853,12237840.0,49.891094087462115
13.43,1089515.2448344447,12236340.0,49.891048475516556
13.44,1089958.9947194955,12234830.0,49.89100410052805
13.45,1090380.4218892078,12233300.0,49.89096195781108
13.46,1090771.4110981459,12231740.0,49.890922858890185
13.47,1091126.5476701714,12230130.0,49.89088734523298
13.48,1091443.7034576708,12228480.0,49.89085562965423
13.49,1091724.2769848201,12226790.0,49.89082757230152
13.5,1091973.0537160176,12225040.0,49.8908026946284
13.51,1092197.6927829036,12223260.0,49.89078023072171
13.52,1092407.8951347838,12221440.0,49.89075921048652
13.53,1092614.3467196426,12219600.0,49.890738565328036
13.54,1092827.5564418044,12217750.0,49.89071724435582
13.55,1093056.7220263754,12215890.0,49.89069432779736
13.56,1093308.7532902875,12214040.0,49.89066912467097
13.57,1093587.5582415378,12212210.0,49.890641244175846
13.58,1093893.6618602923,12210390.0,49.89061063381397
13.59,1094224.1925909002,12208590.0,49.89057758074091
13.6,1094573.2294047873,12206810.0,49.89054267705952
13.61,1094932.4666033534,12205040.0,49.890506753339665
13.62,1095292.126037961,12203260.0,49.890470787396204
13.63,1095642.0229742748,12201490.0,49.89043579770257
13.64,1095972.6796237135,12199690.0,49.89040273203763
13.65,1096276.3740263882,12197860.0,49.89037236259736
13.66,1096548.0136737681,12196000.0,49.89034519863262
13.67,1096785.736969963,12194100.0,49.890321426303004
13.68,1096991.1719035963,12192160.0,49.89030088280964
13.69,1097169.3152576024,12190180.0,49.89028306847424
13.7,1097328.0378706818,12188160.0,49.89026719621293
13.71,1097477.2663441002,12186120.0,49.89025227336559
13.72,1097627.933367562,12184060.0,49.890237206663244
13.73,1097790.8164358751,12181990.0,49.89022091835641
13.74,1097975.3984371854,12179920.0,49.89020246015628
13.75,1098188.8785632066,12177880.0,49.89018111214368
13.76,1098435.440447929,12175850.0,49.89015645595521
13.77,1098715.852896035,12173850.0,49.8901284147104
13.78,1099027.4366510988,12171880.0,49.89009725633489
13.79,1099364.3938107311,12169930.0,49.89006356061893
13.8,1099718.458947976,12168000.0,49.8900281541052
13.81,1100079.8015325586,12166080.0,49.889992019846744
13.82,1100438.088823381,12164160.0,49.88995619111766
13.83,1100783.6034833929,12162230.0,49.88992163965166
13.84,1101108.3015649347,12160280.0,49.88988916984351
13.85,1101406.701557437,12158310.0,49.889859329844256
13.86,1101676.506041187,12156300.0,49.88983234939588
13.87,1101918.8832340632,12154260.0,49.889808111676594
13.88,1102138.370373993,12152180.0,49.8897861629626
13.89,1102342.4002280536,12150080.0,49.889765759977195
13.9,1102540.4997717913,12147960.0,49.88974595002282
13.91,1102743.2514435276,12145820.0,49.88972567485565
13.92,1102961.1354091174,12143680.0,49.88970388645909
13.93,1103203.385925795,12141560.0,49.88967966140742
13.94,1103476.991868888,12139450.0,49.88965230081311
13.95,1103785.9492659408,12137370.0,49.889621405073406
13.96,1104130.8438976926,12135320.0,49.88958691561023
13.97,1104508.7999999481,12133300.0,49.889549120000005
13.98,1104913.7924683804,12131310.0,49.88950862075316
13.99,1105337.2846657794,12129350.0,49.88946627153342
14.0,1105769.1231311394,12127390.0,49.889423087686886
14.01,1106198.5974662746,12125440.0,49.88938014025337
14.02,1106615.560748736,12123490.0,49.889338443925126
14.03,1107011.4976617873,12121520.0,49.88929885023382
14.04,1107380.4288042765,12119520.0,49.88926195711957
14.05,1107719.5520415728,12117500.0,49.88922804479584
14.06,1108029.5462375034,12115440.0,49.88919704537625
14.07,1108314.4972061375,12113340.0,49.889168550279386
14.08,1108581.4445086583,12111220.0,49.889141855549134
14.09,1108839.5956605268,12109080.0,49.88911604043395
14.1,1109099.2967589842,12106930.0,49.8890900703241
14.11,1109370.876936353,12104770.0,49.889062912306365
14.12,1109663.4984698284,12102630.0,49.88903365015302
14.13,1109984.1450273118,12100500.0,49.88900158549727
14.14,1110336.8574629258,12098400.0,49.88896631425371
14.15,1110722.2958771957,12096330.0,49.88892777041228
14.16,1111137.6680302243,12094290.0,49.88888623319698
14.17,1111577.0228208532,12092280.0,49.888842297717915
14.18,1112031.872777166,12090290.0,49.88879681272228
14.19,1112492.0777914582,12088310.0,49.888750792220854
14.2,1112946.9002734993,12086340.0,49.88870530997265
14.21,1113386.126347038,12084360.0,49.888661387365296
14.22,1113801.1409409642,12082370.0,49.888619885905904
14.23,1114185.844379776,12080350.0,49.88858141556202
14.24,1114537.310295276,12078300.0,49.88854626897047
14.25,1114856.1096054267,12076210.0,49.88851438903946
14.26,1115146.255679065,12074090.0,49.88848537443209
14.27,1115414.7689527604,12071940.0,49.888458523104724
14.28,1115670.9056893988,12069770.0,49.88843290943106
14.29,1115925.136021616,12067590.0,49.88840748639784
14.3,1116187.9881629487,12065400.0,49.888381201183705
14.31,1116468.8916643683,12063230.0,49.88835311083356
14.32,1116775.1522908276,12061070.0,49.88832248477092
14.33,1117111.169664966,12058940.0,49.8882888830335
14.34,1117477.9778414036,12056840.0,49.88825220221586
14.35,1117873.1522230834,12054770.0,49.88821268477769
14.36,1118291.083541365,12052730.0,49.88817089164586
14.37,1118723.5833246233,12050710.0,49.88812764166754
14.38,1119160.7556529704,12048710.0,49.8880839244347
14.39,1119592.0461780417,12046720.0,49.888040795382196
14.4,1120007.363503106,12044720.0,49.88799926364969
14.41,1120398.1599406633,12042700.0,49.887960184005934
14.42,1120758.359338936,12040660.0,49.887924164066106
14.43,1121085.0320241405,12038600.0,49.887891496797586
14.44,1121378.7377839424,12036500.0,49.887862126221606
14.45,1121643.491092641,12034370.0,49.887835650890736
14.46,1121886.345190646,12032220.0,49.887811365480935
14.47,1122116.6347777257,12030040.0,49.88778833652223
14.48,1122344.9623277304,12027860.0,49.88776550376723
14.49,1122582.0445447708,12025670.0,49.88774179554552
14.5,1122837.5503753796,12023500.0,49.88771624496246
14.51,1123119.0623382048,12021350.0,49.88768809376618
14.52,1123431.277172031,12019230.0,49.8876568722828
14.53,1123775.526731734,12017140.0,49.88762244732683
14.54,1124149.6630076142,12015090.0,49.88758503369924
14.55,1124548.312959348,12013070.0,49.887545168704065
14.56,1124963.4685405141,12011080.0,49.88750365314595
14.57,1125385.34670108,12009110.0,49.88746146532989
14.58,1125803.4324611544,12007140.0,49.887419656753885
14.59,1126207.6005238697,12005180.0,49.88737923994761
14.6,1126589.2024357526,12003220.0,49.887341079756425
14.61,1126942.0083672798,12001230.0,49.88730579916327
14.62,1127262.8996405131,11999210.0,49.88727371003595
14.63,1127552.2318661048,11997170.0,49.88724477681339
14.64,1127813.822493451,11995110.0,49.887218617750655
14.65,1128054.554282869,11993020.0,49.88719454457171
14.66,1128283.6351926306,11990910.0,49.88717163648074
14.67,1128511.5960419744,11988800.0,49.8871488403958
14.68,1128749.1391927772,11986690.0,49.88712508608072
14.69,1129005.9723380352,11984590.0,49.8870994027662
14.7,1129289.7590568173,11982520.0,49.88707102409432
14.71,1129605.3026324415,11980490.0,49.887039469736756
14.72,1129954.0480008118,11978490.0,49.88700459519992
14.73,1130333.9470276085,11976530.0,49.88696660529724
14.74,1130739.6938233438,11974600.0,49.886926030617666
14.75,1131163.2983174745,11972710.0,49.88688367016825
14.76,1131594.936262559,11970840.0,49.886840506373744
14.77,1132023.9869542804,11968990.0,49.88679760130457
14.78,1132440.1550725582,11967140.0,49.886755984492744
14.79,1132834.5659811134,11965280.0,49.88671654340189
14.8,1133200.719113816,11963410.0,49.88667992808862
14.81,1133535.1986065945,11961520.0,49.88664648013934
14.82,1133838.059047463,11959600.0,49.886616194095254
14.83,1134112.8337753047,11957650.0,49.88658871662247
14.84,1134366.1597302202,11955690.0,49.88656338402698
14.85,1134607.0546633059,11953710.0,49.88653929453367
14.86,1134845.9246040222,11951720.0,49.8865154075396
14.87,1135093.4160478942,11949740.0,49.88649065839521
14.88,1135359.2461956197,11947780.0,49.88646407538044
14.89,1135651.1425997694,11945840.0,49.88643488574002
14.9,1135974.0099562288,11943940.0,49.88640259900438
14.91,1136329.4124620182,11942070.0,49.8863670587538
14.92,1136715.4190090646,11940240.0,49.88632845809909
14.93,1137126.8184209527,11938460.0,49.886287318157905
14.94,1137555.676841515,11936700.0,49.88624443231585
14.95,1137992.1759231593,11934970.0,49.886200782407684
14.96,1138425.6444612362,11933260.0,49.886157435553876
14.97,1138845.6804021986,11931550.0,49.88611543195978
14.98,1139243.2518586305,11929840.0,49.88607567481414
14.99,1139611.6638163533,11928110.0,49.886038833618365
15.0,1139947.2850010993,11926360.0,49.88600527149989
15.01,1140249.9536362854,11924590.0,49.88597500463637
15.02,1140523.0086612762,11922790.0,49.88594769913387
15.03,1140772.9343004292,11920970.0,49.88592270656996
15.04,1141008.6533846452,11919140.0,49.885899134661535
15.05,1141240.545581681,11917300.0,49.88587594544183
15.06,1141479.3030662197,11915460.0,49.88585206969338
15.07,1141734.7560134772,11913640.0,49.88582652439865
15.08,1142014.8009796094,11911850.0,49.88579851990204
15.09,1142324.551395859,11910090.0,49.885767544860414
15.1,1142665.7990890022,11908370.0,49.8857334200911
15.11,1143036.837489646,11906690.0,49.885696316251035
15.12,1143432.6577632702,11905050.0,49.88565673422367
15.13,1143845.4891735006,11903440.0,49.88561545108265
15.14,1144265.6237956327,11901860.0,49.88557343762044
15.15,1144682.4408905343,11900290.0,49.88553175591095
15.16,1145085.5286952332,11898730.0,49.88549144713048
15.17,1145465.7902066146,11897170.0,49.88545342097934
15.18,1145816.421546897,11895590.0,49.88541835784531
15.19,1146133.6565974278,11894000.0,49.88538663434026
15.2,1146417.1911331534,11892380.0,49.885358280886685
15.21,1146670.2359398794,11890730.0,49.88533297640601
15.22,1146899.1825949359,11889060.0,49.885310081740506
15.23,1147112.9124623048,11887380.0,49.88528870875377
15.24,1147321.8261377837,11885690.0,49.88526781738622
15.25,1147536.7027426132,11884010.0,49.88524632972574
15.26,1147767.521545404,11882350.0,49.88522324784546
15.27,1148022.3793277843,11880710.0,49.88519776206722
15.28,1148306.6243944506,11879100.0,49.885169337560555
15.29,1148622.2977009674,11877530.0,49.8851377702299
15.3,1148967.9351739567,11876000.0,49.885103206482604
15.31,1149338.742863577,11874520.0,49.88506612571364
15.32,1149727.119665016,11873060.0,49.8850272880335
15.33,1150123.4700077844,11871640.0,49.88498765299922
15.34,1150517.2205721692,11870230.0,49.88494827794278
15.35,1150897.9406670504,11868830.0,49.884910205933295
15.36,1151256.4536359804,11867430.0,49.8848743546364
15.37,1151585.8265134683,11866020.0,49.88484141734865
15.38,1151882.1307286941,11864580.0,49.88481178692713
15.39,1152144.8876735717,11863120.0,49.88478551123264
15.4,1152377.1433402884,11861640.0,49.88476228566597
15.41,1152585.1541443188,11860140.0,49.88474148458557
15.42,1152777.713917672,11858620.0,49.88472222860823
15.43,1152965.1952496779,11857100.0,49.88470348047503
15.44,1153158.413755051,11855580.0,49.884684158624495
15.45,1153367.445757283,11854080.0,49.88466325542427
15.46,1153600.5351683088,11852600.0,49.88463994648317
15.47,1153863.2114265112,11851160.0,49.88461367885735
15.48,1154157.711285606,11849760.0,49.88458422887144
15.49,1154482.7596097917,11848400.0,49.88455172403902
15.5,1154833.7244741446,11847080.0,49.884516627552586
15.51,1155203.1226634085,11845790.0,49.88447968773366
15.52,1155581.4189282642,11844540.0,49.884441858107174
15.53,1155958.035585556,11843300.0,49.884404196441444
15.54,1156322.4711957076,11842070.0,49.88436775288043
15.55,1156665.4179272717,11840830.0,49.88433345820727
15.56,1156979.7625300281,11839590.0,49.884302023747
15.57,1157261.3635513561,11838320.0,49.884273863644864
15.58,1157509.5181969886,11837040.0,49.8842490481803
15.59,1157727.0584081844,11835730.0,49.88422729415918
15.6,1157920.05864499,11834390.0,49.8842079941355
15.61,1158097.181079256,11833050.0,49.884190281892074
15.62,1158268.7282635362,11831690.0,49.884173127173646
15.63,1158445.512776538,11830340.0,49.884155448722346
15.64,1158637.6724335423,11829010.0,49.884136232756646
15.65,1158853.567121554,11827700.0,49.884114643287845
15.66,1159098.8811062174,11826420.0,49.88409011188938
15.67,1159376.0247379947,11825180.0,49.8840623975262
15.68,1159683.8938262977,11823980.0,49.88403161061737
15.69,1160018.0043462415,11822830.0,49.883998199565376
15.7,1160370.9800893825,11821700.0,49.88396290199106
15.71,1160733.3387343034,11820610.0,49.88392666612657
15.72,1161094.494017405,11819530.0,49.88389055059826
15.73,1161443.8730929778,11818460.0,49.8838556126907
15.74,1161772.038202784,11817390.0,49.88382279617972
15.75,1162071.699168763,11816310.0,49.883792830083124
15.76,1162338.507257701,11815200.0,49.88376614927423
15.77,1162571.5418162486,11814080.0,49.883742845818375
15.78,1162773.4295941393,11812920.0,49.883722657040586
15.79,1162950.0735829624,11811740.0,49.883704992641704
15.8,1163110.0154166773,11810550.0,49.88368899845833
15.81,1163263.5013631186,11809350.0,49.88367364986369
15.82,1163421.3570837914,11808150.0,49.88365786429162
15.83,1163593.8005854741,11806960.0,49.88364061994145
15.84,1163789.3287331024,11805800.0,49.88362106712669
15.85,1164013.8035495086,11804670.0,49.88359861964505
15.86,1164269.8341073298,11803570.0,49.88357301658927
15.87,1164556.5146238822,11802520.0,49.88354434853761
15.88,1164869.5386553954,11801500.0,49.88351304613446
15.89,1165201.6684616485,11800510.0,49.883479833153835
15.9,1165543.507093929,11799560.0,49.88344564929061
15.91,1165884.4922079225,11798620.0,49.88341155077921
15.92,1166214.0120387222,11797680.0,49.88337859879613
15.93,1166522.5314679616,11796750.0,49.883347746853204
15.94,1166802.6146780618,11795800.0,49.883319738532194
15.95,1167049.7358031895,11794820.0,49.88329502641968
15.96,1167262.7857664963,11793820.0,49.88327372142335
15.97,1167444.2132388663,11792800.0,49.88325557867611
15.98,1167599.7747862965,11791750.0,49.88324002252137
15.99,1167737.9157153922,11790680.0,49.88322620842846
16.0,1167868.8491349476,11789600.0,49.883213115086505
16.01,1168003.4358025182,11788520.0,49.88319965641975
16.02,1168151.9945123852,11787450.0,49.88318480054876
16.03,1168323.1792402894,11786400.0,49.88316768207597
16.04,1168523.0493772281,11785380.0,49.88314769506228
16.05,1168754.4321981135,11784390.0,49.88312455678019
16.06,1169016.6390593504,11783450.0,49.883098336094065
16.07,1169305.5582856715,11782540.0,49.88306944417143
16.08,1169614.1066234133,11781660.0,49.88303858933766
16.09,1169932.9876748975,11780800.0,49.88300670123251
16.1,1170251.6768261262,11779970.0,49.88297483231739
16.11,1170559.534491602,11779130.0,49.88294404655084
16.12,1170846.9370421425,11778300.0,49.882915306295786
16.13,1171106.3099019015,11777440.0,49.88288936900981
16.14,1171332.9544606665,11776570.0,49.88286670455393
16.15,1171525.5745366449,11775670.0,49.882847442546336
16.16,1171686.4389153158,11774740.0,49.88283135610847
16.17,1171821.1545025525,11773780.0,49.882817884549745
16.18,1171938.0655722488,11772800.0,49.882806193442775
16.19,1172047.3446526825,11771800.0,49.88279526553473
16.2,1172159.8787098485,11770810.0,49.882784012129015
16.21,1172286.077634439,11769820.0,49.882771392236556
16.22,1172434.742672479,11768850.0,49.88275652573275
16.23,1172612.1206800854,11767900.0,49.88273878793199
16.24,1172821.246788942,11766990.0,49.882717875321106
16.25,1173061.639601869,11766120.0,49.88269383603981
16.26,1173329.3719872506,11765280.0,49.882667062801275
16.27,1173617.5051814257,11764470.0,49.88263824948186
16.28,1173916.8320593052,11763680.0,49.88260831679407
16.29,1174216.853457466,11762910.0,49.88257831465425
16.3,1174506.8899900701,11762140.0,49.88254931100099
16.31,1174777.216430982,11761370.0,49.8825222783569
16.32,1175020.1051824405,11760580.0,49.882497989481756
16.33,1175230.6688841684,11759770.0,49.88247693311158
16.34,1175407.4075423658,11758920.0,49.88245925924576
16.35,1175552.3936329125,11758050.0,49.88244476063671
16.36,1175671.0660370118,11757140.0,49.8824328933963
16.37,1175771.648478019,11756210.0,49.8824228351522
16.38,1175864.2542382346,11755270.0,49.88241357457618
16.39,1175959.7786154784,11754320.0,49.88240402213845
16.4,1176068.7057796558,11753370.0,49.882393129422034
16.41,1176199.967650504,11752440.0,49.88238000323495
16.42,1176359.983516022,11751540.0,49.8823640016484
16.43,1176551.982788112,11750660.0,49.88234480172119
16.44,1176775.6783076776,11749820.0,49.88232243216923
16.45,1177027.3170296263,11749010.0,49.88229726829704
16.46,1177300.0949239787,11748230.0,49.8822699905076
16.47,1177584.8860971648,11747470.0,49.88224151139028
16.48,1177871.2101532563,11746720.0,49.882212878984674
16.49,1178148.3409262705,11745980.0,49.88218516590737
16.5,1178406.445070692,11745230.0,49.88215935549293
16.51,1178637.6360614526,11744460.0,49.882136236393855
16.52,1178836.8324936016,11743660.0,49.88211631675064
16.53,1179002.3252052607,11742840.0,49.882099767479474
16.54,1179135.9847169502,11741980.0,49.882086401528305
16.55,1179243.076699379,11741080.0,49.88207569233006
16.56,1179331.6998975456,11740160.0,49.882066830010245
16.57,1179411.9043177175,11739220.0,49.88205880956823
16.58,1179494.5899967502,11738280.0,49.882050541000325
16.59,1179590.3131455532,11737330.0,49.882040968685445
16.6,1179708.1360786166,11736400.0,49.88202918639214
16.61,1179854.6513784914,11735480.0,49.88201453486215
16.62,1180033.2846290474,11734600.0,49.881996671537095
16.63,1180243.9466775637,11733740.0,49.881975605332244
16.64,1180483.0633885644,11732920.0,49.881951693661144
16.65,1180743.9710519675,11732120.0,49.8819256028948
16.66,1181017.6311518461,11731350.0,49.881898236884815
16.67,1181293.588949117,11730590.0,49.88187064110509
16.68,1181561.0792938713,11729820.0,49.88184389207061
16.69,1181810.1690809613,11729050.0,49.881818983091904
16.7,1182032.820840604,11728250.0,49.88179671791594
16.71,1182223.7664092227,11727430.0,49.88177762335908
16.72,1182381.0941883295,11726570.0,49.88176189058117
16.73,1182506.47865068,11725680.0,49.88174935213493
16.74,1182605.0184928505,11724750.0,49.881739498150715
16.75,1182684.6925328027,11723790.0,49.88173153074672
16.76,1182755.4922251692,11722820.0,49.88172445077748
16.77,1182828.3278669005,11721820.0,49.88171716721331
16.78,1182913.8328528898,11720830.0,49.88170861671471
16.79,1183021.2050195853,11719850.0,49.88169787949804
16.8,1183157.2156090431,11718890.0,49.881684278439096
16.81,1183325.49346853,11717950.0,49.88166745065315
16.82,1183526.1552973008,11717040.0,49.88164738447027
16.83,1183755.813133729,11716160.0,49.88162441868663
16.84,1184007.9513885372,11715300.0,49.881599204861146
16.85,1184273.6274735443,11714470.0,49.881572637252646
16.86,1184542.4206537558,11713640.0,49.881545757934624
16.87,1184803.534194785,11712810.0,49.88151964658052
16.88,1185046.9410183707,11711970.0,49.88149530589816
16.89,1185264.4580060455,11711110.0,49.881473554199395
16.9,1185450.635131673,11710220.0,49.88145493648683
16.91,1185603.3615629259,11709290.0,49.88143966384371
16.92,1185724.1181138533,11708320.0,49.881427588188615
16.93,1185817.8366043859,11707320.0,49.88141821633956
16.94,1185892.375439579,11706290.0,49.88141076245604
16.95,1185957.6665619898,11705230.0,49.8814042333438
16.96,1186024.627964457,11704160.0,49.881397537203554
16.97,1186103.9678635877,11703080.0,49.88138960321364
16.98,1186205.0176302574,11702010.0,49.881379498236974
16.99,1186334.7259463097,11700960.0,49.88136652740537
17.0,1186496.9230853717,11699930.0,49.88135030769146
17.01,1186691.9298310564,11698930.0,49.881330807016894
17.02,1186916.5441689943,11697960.0,49.8813083455831
17.03,1187164.398469136,11697010.0,49.881283560153086
17.04,1187426.645373506,11696080.0,49.88125733546265
17.05,1187692.8968399626,11695150.0,49.881230710316004
17.06,1187952.323361401,11694230.0,49.88120476766386
17.07,1188194.8031935252,11693290.0,49.88118051968065
17.08,1188412.004770072,11692330.0,49.88115879952299
17.09,1188598.2916376747,11691340.0,49.88114017083623
17.1,1188751.349502155,11690310.0,49.881124865049784
17.11,1188872.459638972,11689240.0,49.8811127540361
17.12,1188966.3804195295,11688140.0,49.88110336195805
17.13,1189040.8427579047,11687000.0,49.88109591572421
17.14,1189105.7108399395,11685830.0,49.881089428916006
17.15,1189171.9024296775,11684650.0,49.88108280975703
17.16,1189250.1929107625,11683470.0,49.881074980708924
17.17,1189350.0401032497,11682290.0,49.881064995989675
17.18,1189478.563247519,11681120.0,49.88105214367525
17.19,1189639.788228618,11679980.0,49.88103602117714
17.2,1189834.2352860426,11678860.0,49.881016576471396
17.21,1190058.8837885805,11677770.0,49.88099411162114
17.22,1190307.5107020556,11676710.0,49.880969248929794
17.23,1190571.3607930578,11675660.0,49.880942863920694
17.24,1190840.0764001925,11674620.0,49.88091599235998
17.25,1191102.7929083672,11673580.0,49.88088972070916
17.26,1191349.2902127132,11672520.0,49.88086507097873
17.27,1191571.0853900663,11671450.0,49.88084289146099
17.28,1191762.3528789533,11670340.0,49.880823764712105
17.29,1191920.5703744495,11669190.0,49.880807942962555
17.3,1192046.8140952778,11668010.0,49.88079531859047
17.31,1192145.663061055,11666780.0,49.880785433693895
17.32,1192224.7146289067,11665520.0,49.88077752853711
17.33,1192293.759690628,11664240.0,49.88077062403094
17.34,1192363.7104273154,11662940.0,49.88076362895727
17.35,1192445.404048499,11661630.0,49.88075545959515
17.36,1192548.4202166814,11660320.0,49.88074515797833
17.37,1192680.0458620335,11659040.0,49.8807319954138
17.38,1192844.500728185,11657770.0,49.88071554992718
17.39,1193042.5031557945,11656530.0,49.88069574968442
17.4,1193271.2138566615,11655310.0,49.880672878614334
17.41,1193524.555370189,11654120.0,49.88064754446298
17.42,1193793.8666770265,11652950.0,49.8806206133323
17.43,1194068.822694163,11651790.0,49.880593117730584
17.44,1194338.5256758176,11650620.0,49.88056614743242
17.45,1194592.659676843,11649440.0,49.880540734032316
17.46,1194822.5922584755,11648240.0,49.88051774077415
17.47,1195022.3095313106,11647010.0,49.88049776904687
17.48,1195189.081644301,11645750.0,49.88048109183557
17.49,1195323.7802292448,11644440.0,49.880467621977076
17.5,1195430.8044766292,11643090.0,49.88045691955234
17.51,1195517.6159849402,11641710.0,49.880448238401506
17.52,1195593.9298287889,11640300.0,49.88044060701712
17.53,1195670.6505576875,11638880.0,49.88043293494423
17.54,1195758.6756567196,11637450.0,49.88042413243433
17.55,1195867.7055702794,11636020.0,49.88041322944297
17.56,1196005.1946802253,11634610.0,49.88039948053198
17.57,1196175.5578119692,11633220.0,49.8803824442188
17.58,1196379.7137268984,11631850.0,49.88036202862731
17.59,1196615.0080795756,11630520.0,49.88033849919204
17.6,1196875.5130066455,11629200.0,49.880312448699335
17.61,1197152.6658156507,11627910.0,49.880284733418435
17.62,1197436.1784859865,11626630.0,49.8802563821514
17.63,1197715.1249417516,11625340.0,49.880228487505825
17.64,1197979.098046602,11624050.0,49.88020209019534
17.65,1198219.3197611223,11622730.0,49.88017806802389
17.66,1198429.590520007,11621390.0,49.880157040948
17.67,1198606.9740096638,11620000.0,49.880139302599034
17.68,1198752.1368379106,11618580.0,49.88012478631621
17.69,1198869.2974146886,11617120.0,49.88011307025853
17.7,1198965.7808970832,11615630.0,49.88010342191029
17.71,1199051.2245685635,11614110.0,49.880094877543144
17.72,1199136.5227661533,11612570.0,49.880086347723385
17.73,1199232.6309868416,11611030.0,49.880076736901316
17.74,1199349.3689106316,11609490.0,49.88006506310894
17.75,1199494.3579600204,11607960.0,49.880050564204
17.76,1199672.2080711918,11606460.0,49.88003277919288
17.77,1199884.040143573,11604990.0,49.88001159598564
17.78,1200127.3869708483,11603540.0,49.879987261302915
17.79,1200396.4730600812,11602120.0,49.87996035269399
17.8,1200682.8374993717,11600720.0,49.87993171625006
17.81,1200976.232961679,11599340.0,49.87990237670383
17.82,1201265.708374848,11597950.0,49.879873429162515
17.83,1201540.7674458346,11596560.0,49.87984592325542
17.84,1201792.487911959,11595140.0,49.879820751208804
17.85,1202014.4854721338,11593700.0,49.87979855145279
17.86,1202203.6172405137,11592220.0,49.87977963827595
17.87,1202360.3430662889,11590700.0,49.87976396569337
17.88,1202488.6974164417,11589150.0,49.879751130258356
17.89,1202595.8644616709,11587560.0,49.87974041355383
17.9,1202691.3990808907,11585950.0,49.87973086009191
17.91,1202786.1812029528,11584320.0,49.879721381879705
17.92,1202891.2206666574,11582690.0,49.879710877933334
17.93,1202891.2206666574,11581060.0,49.879710877933334
17.94,1203016.920553992,11579320.0,49.8796983079446
17.95,1203171.3731647641,11577710.0,49.879682862683524
17.96,1203359.183090882,11576110.0,49.87966408169091
17.97,1203581.5192377442,11574550.0,49.879641848076226
17.98,1203835.9836040514,11573020.0,49.879616401639595
17.99,1204116.8631736808,11571520.0,49.87958831368263
18.0,1204415.7300750413,11570040.0,49.879558426992496
18.01,1204722.3243087046,11568570.0,49.87952776756913
18.02,1205025.628108274,11567100.0,49.87949743718917
18.03,1205315.0229676391,11565640.0,49.879468497703236
18.04,1205581.4151360523,11564150.0,49.879441858486395
18.05,1205818.2123915628,11562630.0,49.879418178760844
18.06,1206022.0450545955,11561090.0,49.87939779549454
18.07,1206193.149201269,11559500.0,49.87938068507987
18.08,1206335.3597102377,11557890.0,49.879366464028976
18.09,1206455.7058114645,11556240.0,49.879354429418854
18.1,1206563.6478053676,11554560.0,49.87934363521946
18.11,1206670.0399989828,11552870.0,49.8793329960001
18.12,1206785.9380369582,11551180.0,49.879321406196304
18.13,1206921.3873907358,11549490.0,49.879307861260926
18.14,1207084.3335638414,11547820.0,49.879291566643616
18.15,1207279.7724869133,11546170.0,49.87927202275131
18.16,1207509.2294195145,11544560.0,49.87924907705805
18.17,1207770.6162639856,11542970.0,49.8792229383736
18.18,1208058.471057214,11541420.0,49.87919415289428
18.19,1208364.5481231997,11539890.0,49.87916354518768
18.2,1208678.694217511,11538380.0,49.87913213057825
18.21,1208989.9212301702,11536880.0,49.87910100787698
18.22,1209287.568312334,11535360.0,49.87907124316877
18.23,1209562.4358020274,11533840.0,49.8790437564198
18.24,1209807.7777516637,11532290.0,49.879019222224834
18.25,1210020.0429962627,11530710.0,49.878997995700374
18.26,1210199.2803815876,11529100.0,49.87898007196184
18.27,1210349.1554419321,11527450.0,49.87896508445581
18.28,1210476.5667880457,11525770.0,49.878952343321195
18.29,1210590.899771802,11524070.0,49.87894091002282
18.3,1210702.9994425743,11522350.0,49.87892970005574
18.31,1210823.9798914155,11520630.0,49.87891760201086
18.32,1210964.0076059946,11518920.0,49.8789035992394
18.33,1211131.1984108398,11517230.0,49.878886880158916
18.34,1211330.749435149,11515570.0,49.878866925056485
18.35,1211564.3969566748,11513940.0,49.87884356030433
18.36,1211830.2514740264,11512340.0,49.8788169748526
18.37,1212123.016645279,11510770.0,49.87878769833547
18.38,1212434.562265301,11509240.0,49.87875654377347
18.39,1212754.789709578,11507720.0,49.87872452102904
18.4,1213072.6984827335,11506210.0,49.87869273015173
18.41,1213377.5485148847,11504700.0,49.87866224514851
18.42,1213660.0029904798,11503170.0,49.87863399970095
18.43,1213913.133342146,11501630.0,49.878608686665785
18.44,1214133.1790966347,11500060.0,49.87858668209034
18.45,1214319.9753599986,11498450.0,49.878568002464
18.46,1214476.992072875,11496810.0,49.87855230079271
18.47,1214610.9720251274,11495150.0,49.87853890279749
18.48,1214731.201337358,11493460.0,49.878526879866264
18.49,1214848.492520133,11491760.0,49.87851515074799
18.5,1214973.9968775464,11490060.0,49.878502600312245
18.51,1215117.9824154212,11488370.0,49.87848820175846
18.52,1215288.7180148752,11486700.0,49.87847112819851
18.53,1215491.5873090033,11485060.0,49.8784508412691
18.54,1215728.5255477035,11483450.0,49.87842714744523
18.55,1215997.83187456,11481880.0,49.878400216812544
18.56,1216294.367893056,11480350.0,49.878370563210694
18.57,1216610.1142523189,11478840.0,49.87833898857477
18.58,1216935.0224989017,11477360.0,49.87830649775011
18.59,1217258.0760162787,11475890.0,49.87827419239837
18.6,1217568.4529481146,11474420.0,49.87824315470519
18.61,1217856.6758578313,11472940.0,49.87821433241422
18.62,1218115.6299354257,11471440.0,49.87818843700646
18.63,1218341.3415615973,11469910.0,49.87816586584384
18.64,1218533.4282681737,11468360.0,49.87814665717318
18.65,1218695.1601724161,11466770.0,49.87813048398276
18.66,1218833.1189241097,11465160.0,49.87811668810759
18.67,1218956.486423366,11463530.0,49.87810435135766
18.68,1219076.0392100941,11461880.0,49.87809239607899
18.69,1219202.9631196987,11460240.0,49.87807970368803
18.7,1219347.626700298,11458610.0,49.87806523732997
18.71,1219518.453065689,11457000.0,49.87804815469343
18.72,1219721.0164757876,11455420.0,49.87802789835242
18.73,1219957.4567828365,11453880.0,49.878004254321716
18.74,1220226.2694575693,11452380.0,49.87797737305424
18.75,1220522.4834566764,11450910.0,49.87794775165433
18.76,1220838.1999454333,11449480.0,49.87791618000546
18.77,1221163.4323747945,11448070.0,49.87788365676252
18.78,1221487.160165111,11446670.0,49.87785128398349
18.79,1221798.4916049573,11445280.0,49.877820150839504
18.8,1222087.8200849227,11443880.0,49.87779121799151
18.81,1222347.8551899802,11442460.0,49.877765214481
18.82,1222574.4196047827,11441020.0,49.87774255803952
18.83,1222766.9206877323,11439560.0,49.87772330793123
18.84,1222928.4345846025,11438060.0,49.87770715654154
18.85,1223065.3879891662,11436540.0,49.87769346120108
18.86,1223186.8639137389,11435000.0,49.877681313608626
18.87,1223303.6065113368,11433450.0,49.877669639348866
18.88,1223426.8409280702,11431900.0,49.87765731590719
18.89,1223567.0420427169,11430360.0,49.87764329579573
18.9,1223732.794124217,11428850.0,49.87762672058758
18.91,1223929.8690636246,11427370.0,49.87760701309364
18.92,1224160.6199874156,11425930.0,49.87758393800126
18.93,1224423.748722927,11424520.0,49.87755762512771
18.94,1224714.4623626128,11423160.0,49.87752855376374
18.95,1225024.994580295,11421830.0,49.87749750054197
18.96,1225345.4315494848,11420530.0,49.87746545684505
18.97,1225664.7590196223,11419240.0,49.87743352409804
18.98,1225972.024913915,11417960.0,49.87740279750861
18.99,1226257.5014900535,11416670.0,49.877374249850995
19.0,1226513.7294951954,11415370.0,49.87734862705048
19.01,1226736.3325534575,11414050.0,49.877326366744654
19.02,1226924.5103945537,11412700.0,49.877307548960545
19.03,1227081.146279545,11411330.0,49.877291885372045
19.04,1227212.5106787258,11409930.0,49.87727874893213
19.05,1227327.5853601007,11408510.0,49.87726724146399
19.06,1227437.080351237,11407080.0,49.877256291964876
19.07,1227552.2576336327,11405660.0,49.87724477423664
19.08,1227683.6959871673,11404250.0,49.87723163040128
19.09,1227840.1390759796,11402860.0,49.8772159860924
19.1,1228027.5562320498,11401510.0,49.877197244376795
19.11,1228248.5147404287,11400190.0,49.87717514852596
19.12,1228501.9245405237,11398920.0,49.87714980754595
19.13,1228783.1736639987,11397690.0,49.8771216826336
19.14,1229084.6304769332,11396490.0,49.87709153695231
19.15,1229396.4566651282,11395320.0,49.87706035433349
19.16,1229707.6472510328,11394180.0,49.8770292352749
19.17,1230007.1916421019,11393030.0,49.87699928083579
19.18,1230285.2416313214,11391890.0,49.87697147583687
19.19,1230534.1680685445,11390730.0,49.876946583193146
19.2,1230749.3928786784,11389550.0,49.87692506071213
19.21,1230929.9033272935,11388350.0,49.87690700966727
19.22,1231078.3836283435,11387120.0,49.876892161637166
19.23,1231200.940929824,11385870.0,49.87687990590702
19.24,1231306.447637479,11384600.0,49.87686935523625
19.25,1231405.5715842897,11383320.0,49.87685944284157
19.26,1231509.6035003848,11382050.0,49.87684903964996
19.27,1231629.2183186305,11380790.0,49.87683707816814
19.28,1231773.3135166264,11379550.0,49.87682266864834
19.29,1231948.0515445492,11378340.0,49.876805194845545
19.3,1232156.2105301353,11377180.0,49.87678437894699
19.31,1232396.9072118502,11376060.0,49.876760309278815
19.32,1232665.7098379456,11374980.0,49.876733429016205
19.33,1232955.1217884216,11373940.0,49.87670448782116
19.34,1233255.3819030067,11372930.0,49.8766744618097
19.35,1233555.4955411965,11371940.0,49.87664445044588
19.36,1233844.3942041977,11370950.0,49.87661556057958
19.37,1234112.1095016662,11369970.0,49.87658878904983
19.38,1234350.841215246,11368970.0,49.876564915878475
19.39,1234555.807451656,11367960.0,49.876544419254834
19.4,1234725.7805813428,11366920.0,49.876527421941866
19.41,1234863.2423642413,11365850.0,49.876513675763576
19.42,1234974.1322427832,11364760.0,49.87650258677572
19.43,1235067.2082875036,11363650.0,49.87649327917125
19.44,1235153.0900269125,11362540.0,49.87648469099731
19.45,1235243.0921597346,11361430.0,49.87647569078403
19.46,1235347.9831565295,11360330.0,49.87646520168435
19.47,1235476.8113605985,11359250.0,49.87645231886394
19.48,1235635.930851231,11358210.0,49.87643640691488
19.49,1235828.3317919218,11357210.0,49.87641716682081
19.5,1236053.3396805807,11356260.0,49.87639466603194
19.51,1236306.7065468414,11355340.0,49.876369329345316
19.52,1236581.0759463613,11354460.0,49.876341892405364
19.53,1236866.7685814216,11353610.0,49.87631332314186
19.54,1237152.8048551283,11352790.0,49.87628471951449
19.55,1237428.0634343647,11351970.0,49.87625719365656
19.56,1237682.4601670932,11351160.0,49.87623175398329
19.57,1237908.02809026,11350320.0,49.876209197190974
19.58,1238099.784411162,11349480.0,49.876190021558884
19.59,1238256.2877481717,11348610.0,49.87617437122518
19.6,1238379.8176740156,11347710.0,49.8761620182326
19.61,1238476.1444403124,11346790.0,49.87615238555597
19.62,1238553.9102221087,11345850.0,49.87614460897779
19.63,1238623.685839002,11344900.0,49.8761376314161
19.64,1238696.8090005012,11343950.0,49.87613031909995
19.65,1238784.140687983,11343020.0,49.8761215859312
19.66,1238894.881058741,11342110.0,49.876110511894126
19.67,1239035.5783927022,11341230.0,49.87609644216073
19.68,1239209.4380339812,11340390.0,49.8760790561966
19.69,1239415.998878144,11339600.0,49.876058400112186
19.7,1239651.20221861,11338840.0,49.87603487977814
19.71,1239907.83770644,11338130.0,49.876009216229356
19.72,1240176.3141490817,11337450.0,49.87598236858509
19.73,1240445.6740694058,11336780.0,49.87595543259306
19.74,1240704.749662953,11336130.0,49.875929525033705
19.75,1240943.3460761933,11335480.0,49.87590566539238
19.76,1241153.333571603,11334810.0,49.87588466664284
19.77,1241329.5315376872,11334120.0,49.87586704684623
19.78,1241470.286703006,11333410.0,49.8758529713297
19.79,1241577.676180299,11332680.0,49.87584223238197
19.8,1241657.3008524524,11331920.0,49.875834269914755
19.81,1241717.6857270107,11331140.0,49.8758282314273
19.82,1241769.35016024,11330350.0,49.875823064983976
19.83,1241823.6533716964,11329560.0,49.87581763466283
19.84,1241891.5478262703,11328780.0,49.87581084521737
19.85,1241982.3843251264,11328020.0,49.87580176156749
19.86,1242102.9057678368,11327300.0,49.875789709423216
19.87,1242256.5339930004,11326610.0,49.8757743466007
19.88,1242443.0227941484,11325970.0,49.875755697720585
19.89,1242658.5060131857,11325360.0,49.87573414939868
19.9,1242895.9233369597,11324800.0,49.875710407666304
19.91,1243145.7760933284,11324260.0,49.87568542239067
19.92,1243397.1324780658,11323750.0,49.87566028675219
19.93,1243638.7812692828,11323240.0,49.87563612187307
19.94,1243860.420022145,11322740.0,49.875613957997786
19.95,1244053.7577455756,11322220.0,49.87559462422544
19.96,1244213.41616042,11321680.0,49.87557865838396
19.97,1244337.5299376668,11321120.0,49.87556624700623
19.98,1244427.9721515982,11320530.0,49.87555720278484
19.99,1244490.1711809563,11319910.0,49.875550982881904
20.0,1244532.5312774002,11319270.0,49.87554674687226
20.01,1244565.5166393977,11318620.0,49.87554344833606
20.02,1244600.5034057351,11317970.0,49.87553994965943
20.03,1244648.5316067424,11317320.0,49.875535146839326
20.04,1244719.1010835469,11316700.0,49.875528089891645
20.05,1244819.1472478954,11316110.0,49.87551808527521
20.06,1244952.3072323387,11315550.0,49.875504769276766
20.07,1245118.5507899255,11315040.0,49.87548814492101
20.08,1245314.2048405397,11314560.0,49.875468579515946
20.09,1245532.3601550106,11314120.0,49.8754467639845
20.1,1245763.612253512,11313710.0,49.87542363877465
20.11,1245997.0568243505,11313320.0,49.875400294317565
20.12,1246221.4413030636,11312940.0,49.875377855869694
20.13,1246426.3568562472,11312560.0,49.875357364314375
20.14,1246603.3517023334,11312160.0,49.87533966482977
20.15,1246746.8496934942,11311740.0,49.87532531503065
20.16,1246854.771364312,11311300.0,49.87531452286357
20.17,1246928.783221719,11310830.0,49.87530712167783
20.18,1246974.1382535205,11310320.0,49.87530258617465
20.19,1246999.1162124216,11309800.0,49.87530008837876
20.2,1247014.1223825947,11309260.0,49.87529858776174
20.21,1247030.5464096044,11308710.0,49.87529694535904
20.22,1247059.5122576356,11308180.0,49.875294048774236
20.23,1247110.665001685,11307660.0,49.87528893349983
20.24,1247191.1308239214,11307170.0,49.87528088691761
20.25,1247304.7621738687,11306710.0,49.87526952378261
20.26,1247451.7448109167,11306290.0,49.87525482551891
20.27,1247628.6000413238,11305910.0,49.87523713999587
20.28,1247828.5718493254,11305570.0,49.87521714281507
20.29,1248042.3519561156,11305250.0,49.87519576480439
20.3,1248259.0665797489,11304950.0,49.875174093342025
20.31,1248467.423997397,11304660.0,49.87515325760026
20.32,1248656.9104206068,11304360.0,49.87513430895794
20.33,1248818.9147398998,11304050.0,49.87511810852601
20.34,1248947.6633714957,11303720.0,49.87510523366285
20.35,1249040.8626228345,11303360.0,49.87509591373772
20.36,1249099.971686789,11302960.0,49.87509000283132
20.37,1249130.0660560967,11302540.0,49.87508699339439
20.38,1249139.2981770844,11302090.0,49.87508607018229
20.39,1249138.0114606442,11301620.0,49.875086198853936
20.4,1249137.6060054193,11301150.0,49.87508623939946
20.41,1249149.2877280307,11300680.0,49.8750850712272
20.42,1249182.8460471055,11300230.0,49.87508171539529
20.43,1249245.5969054815,11299800.0,49.87507544030945
20.44,1249341.6073017016,11299400.0,49.87506583926983
20.45,1249471.2799192343,11299040.0,49.87505287200808
20.46,1249631.3324029983,11298720.0,49.8750368667597
20.47,1249815.1642557788,11298420.0,49.87501848357442
20.48,1250013.5661252188,11298160.0,49.87499864338748
20.49,1250215.6963383725,11297910.0,49.87497843036616
20.5,1250410.2262470697,11297670.0,49.87495897737529
20.51,1250586.5401374195,11297420.0,49.87494134598626
20.52,1250735.869184254,11297160.0,49.874926413081575
20.53,1250852.2431426172,11296860.0,49.87491477568574
20.54,1250933.1541813395,11296540.0,49.874906684581866
20.55,1250979.8530137318,11296190.0,49.87490201469863
20.56,1250997.2357025135,11295800.0,49.87490027642975
20.57,1250993.3256274764,11295380.0,49.87490066743725
20.58,1250978.4019761127,11294950.0,49.87490215980239
20.59,1250963.8725510542,11294500.0,49.874903612744895
20.6,1250961.022927939,11294060.0,49.874903897707206
20.61,1250979.7844511895,11293630.0,49.87490202155488
20.62,1251027.661201718,11293220.0,49.87489723387983
20.63,1251108.9343990989,11292840.0,49.87488910656009
20.64,1251224.2239813532,11292490.0,49.874877577601865
20.65,1251370.4445825624,11292180.0,49.874862955541744
20.66,1251541.1521557951,11291900.0,49.87484588478442
20.67,1251727.237874718,11291640.0,49.87482727621253
20.68,1251917.8949305853,11291400.0,49.87480821050694
20.69,1252101.7595091877,11291160.0,49.87478982404908
20.7,1252268.1138558057,11290920.0,49.87477318861442
20.71,1252408.0319600017,11290660.0,49.874759196804
20.72,1252515.3472534355,11290370.0,49.874748465274656
20.73,1252587.3367471974,11290050.0,49.87474126632528
20.74,1252625.0409148077,11289690.0,49.87473749590852
20.75,1252633.174212292,11289300.0,49.87473668257877
20.76,1252619.6273490342,11288870.0,49.8747380372651
20.77,1252594.6108414133,11288430.0,49.87474053891586
20.78,1252569.5370938906,11287970.0,49.87474304629061
20.79,1252555.7681305343,11287510.0,49.87474442318695
20.8,1252563.3744064635,11287060.0,49.874743662559354
20.81,1252600.0468321287,11286630.0,49.87473999531679
20.82,1252670.2796429135,11286220.0,49.87473297203571
20.83,1252774.9088670248,11285850.0,49.8747225091133
20.84,1252911.0456225113,11285510.0,49.87470889543775
20.85,1253072.402579747,11285200.0,49.874692759742025
20.86,1253249.9725168834,11284920.0,49.87467500274831
20.87,1253432.9839610336,11284640.0,49.8746567016039
20.88,1253610.0384403425,11284380.0,49.874638996155966
20.89,1253770.3176521831,11284100.0,49.87462296823478
20.9,1253904.7387971892,11283800.0,49.87460952612028
20.91,1254006.9378309227,11283480.0,49.87459930621691
20.92,1254073.9750638606,11283120.0,49.874592602493614
20.93,1254106.6786325672,11282720.0,49.87458933213674
20.94,1254109.5785302047,11282290.0,49.87458904214698
20.95,1254090.429595749,11281820.0,49.874590957040425
20.96,1254059.3711263882,11281330.0,49.87459406288736
20.97,1254027.8163061913,11280820.0,49.87459721836938
20.98,1254007.199350511,11280310.0,49.87459928006495
20.99,1254007.7269331107,11279810.0,49.87459922730669
21.0,1254037.2739792361,11279320.0,49.874596272602076
21.01,1254100.5460793287,11278860.0,49.87458994539207
21.02,1254198.5946585045,11278430.0,49.87458014053415
21.03,1254328.7278356985,11278030.0,49.87456712721643
21.04,1254484.8163461352,11277660.0,49.87455151836539
21.05,1254657.9547376523,11277320.0,49.874534204526235
21.06,1254837.4077266543,11276980.0,49.874516259227335
21.07,1255011.744009309,11276650.0,49.87449882559907
21.08,1255170.0455718162,11276310.0,49.87448299544282
21.09,1255303.0726837732,11275950.0,49.87446969273162
21.1,1255404.2639977324,11275560.0,49.87445957360023
21.11,1255470.4626269597,11275130.0,49.874452953737304
21.12,1255502.282758627,11274660.0,49.87444977172414
21.13,1255504.067238249,11274160.0,49.874449593276175
21.14,1255483.4318935093,11273620.0,49.87445165681065
21.15,1255450.441022674,11273050.0,49.87445495589773
21.16,1255416.504948954,11272470.0,49.874458349505105
21.17,1255393.1274608488,11271880.0,49.874460687253915
21.18,1255390.6489281985,11271300.0,49.87446093510718
21.19,1255417.1266847902,11270740.0,49.87445828733152
21.2,1255477.4767017562,11270190.0,49.874452252329824
21.21,1255572.9658404146,11269680.0,49.87444270341596
21.22,1255701.0992323114,11269200.0,49.87442989007677
21.23,1255855.9058783203,11268740.0,49.87441440941217
21.24,1256028.5838588215,11268310.0,49.87439714161412
21.25,1256208.435577122,11267890.0,49.87437915644229
21.26,1256383.9981204695,11267470.0,49.87436160018795
21.27,1256544.2549919225,11267050.0,49.87434557450081
21.28,1256679.810534962,11266600.0,49.874332018946504
21.29,1256783.9060508846,11266120.0,49.87432160939491
21.3,1256853.1661605674,11265610.0,49.87431468338394
21.31,1256887.989380573,11265050.0,49.87431120106194
21.32,1256892.5294957722,11264460.0,49.87431074705042
21.33,1256874.2606701022,11263830.0,49.87431257393299
21.34,1256843.169162778,11263170.0,49.87431568308372
21.35,1256810.6595096395,11262490.0,49.874318934049036
21.36,1256788.3022968117,11261810.0,49.87432116977032
21.37,1256786.5692311386,11261130.0,49.874321343076886
21.38,1256813.6978139677,11260470.0,49.8743186302186
21.39,1256874.8130927077,11259820.0,49.87431251869073
21.4,1256971.3969011076,11259210.0,49.87430286030989
21.41,1257101.1522926057,11258630.0,49.87428988477074
21.42,1257258.2681214327,11258080.0,49.87427417318786
21.43,1257434.0476570711,11257540.0,49.87425659523429
21.44,1257617.833024014,11257020.0,49.8742382166976
21.45,1257798.1307947538,11256500.0,49.874220186920525
21.46,1257963.8269900072,11255980.0,49.874203617301
21.47,1258105.3710836442,11255430.0,49.874189462891636
21.48,1258215.8073361428,11254850.0,49.874178419266386
21.49,1258291.541568326,11254240.0,49.87417084584317
21.5,1258332.7550612467,11253580.0,49.874166724493875
21.51,1258343.409927818,11252890.0,49.87416565900722
21.52,1258330.8360029832,11252150.0,49.8741669163997
21.53,1258304.9377952449,11251390.0,49.874169506220476
21.54,1258277.1104428049,11250610.0,49.87417228895572
21.55,1258258.9884762284,11249820.0,49.87417410115238
21.56,1258261.1717766668,11249040.0,49.87417388282233
21.57,1258292.0763225758,11248270.0,49.87417079236774
21.58,1258357.0355629092,11247520.0,49.87416429644371
21.59,1258457.7462270374,11246800.0,49.874154225377296
21.6,1258592.1094333942,11246120.0,49.87414078905666
21.61,1258754.4749123936,11245460.0,49.87412455250876
21.62,1258936.253407583,11244820.0,49.87410637465924
21.63,1259126.8288824863,11244190.0,49.87408731711175
21.64,1259314.6794534249,11243570.0,49.87406853205466
21.65,1259488.5956514901,11242940.0,49.87405114043485
21.66,1259638.8731614638,11242280.0,49.874036112683854
21.67,1259758.3593110784,11241600.0,49.87402416406889
21.68,1259843.2406679904,11240890.0,49.8740156759332
21.69,1259893.480141514,11240130.0,49.87401065198585
21.7,1259912.8460885112,11239330.0,49.87400871539115
21.71,1259908.5204020354,11238500.0,49.8740091479598
21.72,1259890.322597741,11237630.0,49.874010967740226
21.73,1259869.6352526417,11236750.0,49.874013036474736
21.74,1259858.1529169905,11235860.0,49.8740141847083
21.75,1259866.6016302218,11234970.0,49.87401333983698
21.76,1259903.5744404574,11234090.0,49.874009642555954
21.77,1259974.611987431,11233240.0,49.87400253880126
21.78,1260081.6262906988,11232420.0,49.87399183737093
21.79,1260222.718585453,11231620.0,49.873977728141455
21.8,1260392.4014147338,11230860.0,49.87396075985853
21.81,1260582.194427542,11230120.0,49.873941780557246
21.82,1260781.5261124955,11229390.0,49.87392184738875
21.83,1260978.8492138563,11228670.0,49.873902115078614
21.84,1261162.8608429015,11227940.0,49.87388371391571
21.85,1261323.7044235603,11227190.0,49.873867629557644
21.86,1261454.0310256218,11226410.0,49.87385459689744
21.87,1261549.807723057,11225600.0,49.873845019227694
21.88,1261610.777766009,11224740.0,49.8738389222234
21.89,1261640.513310951,11223850.0,49.873835948668905
21.9,1261646.0457287105,11222920.0,49.87383539542713
21.91,1261637.1066850007,11221960.0,49.8738362893315
21.92,1261625.0626280846,11220980.0,49.87383749373719
21.93,1261621.6652309475,11220000.0,49.873837833476905
21.94,1261637.7640763687,11219010.0,49.87383622359236
21.95,1261682.1277126179,11218040.0,49.87383178722874
21.96,1261760.5041875634,11217100.0,49.873823949581244
21.97,1261875.0211161256,11216180.0,49.87381249788839
21.98,1262023.9809736232,11215300.0,49.87379760190264
21.99,1262202.061896005,11214440.0,49.8737797938104
22.0,1262400.895855862,11213610.0,49.873759910414414
22.01,1262609.958566472,11212800.0,49.87373900414335
22.02,1262817.68043782,11211990.0,49.87371823195622
22.03,1263012.6679786001,11211170.0,49.87369873320214
22.04,1263184.9139484786,11210340.0,49.87368150860515
22.05,1263326.874718018,11209480.0,49.8736673125282
22.06,1263434.2981485957,11208580.0,49.87365657018514
22.07,1263506.706691686,11207650.0,49.87364932933083
22.08,1263547.4743495223,11206680.0,49.87364525256505
22.09,1263563.4791456596,11205670.0,49.873643652085434
22.1,1263564.3609812774,11204630.0,49.87364356390187
22.11,1263561.4663398797,11203580.0,49.87364385336601
22.12,1263566.6013267864,11202510.0,49.87364333986732
22.13,1263590.7366521338,11201450.0,49.87364092633479
22.14,1263642.814650936,11200410.0,49.873635718534906
22.15,1263728.7904786377,11199390.0,49.873627120952136
22.16,1263851.0086719634,11198400.0,49.873614899132804
22.17,1264007.9748342005,11197440.0,49.87359920251658
22.18,1264194.5351532514,11196520.0,49.873580546484675
22.19,1264402.4369200934,11195620.0,49.87355975630799
22.2,1264621.207177825,11194730.0,49.87353787928222
22.21,1264839.2577001743,11193860.0,49.87351607422998
22.22,1265045.107099496,11192980.0,49.87349548929005
22.23,1265228.6002012403,11192080.0,49.873477139979876
22.24,1265381.9996781123,11191170.0,49.87346180003219
22.25,1265500.833814741,11190210.0,49.873449916618526
22.26,1265584.402987372,11189220.0,49.87344155970126
22.27,1265635.881198719,11188200.0,49.87343641188013
22.28,1265661.989924638,11187130.0,49.873433801007536
22.29,1265672.2736386429,11186040.0,49.873432772636136
22.3,1265678.0557936288,11184930.0,49.87343219442064
22.31,1265691.1934701044,11183820.0,49.87343088065299
22.32,1265722.7763479284,11182710.0,49.87342772236521
22.33,1265781.9191814212,11181610.0,49.87342180808186
22.34,1265874.7837832607,11180540.0,49.873412521621674
22.35,1266003.932832973,11179500.0,49.8733996067167
22.36,1266168.0769908656,11178500.0,49.87338319230091
22.37,1266362.2335554692,11177530.0,49.87336377664445
22.38,1266578.2691913564,11176590.0,49.873342173080864
22.39,1266805.765817196,11175660.0,49.87331942341828
22.4,1267033.1195094064,11174750.0,49.87329668804906
22.41,1267248.7646365482,11173840.0,49.873275123536345
22.42,1267442.4009453133,11172910.0,49.87325575990547
22.43,1267606.099073646,11171960.0,49.873239390092635
22.44,1267735.1679361947,11170980.0,49.87322648320638
22.45,1267828.6849890696,11169960.0,49.87321713150109
22.46,1267889.621692717,11168910.0,49.87321103783073
22.47,1267924.5395869287,11167820.0,49.87320754604131
22.48,1267942.8844325712,11166710.0,49.87320571155674
22.49,1267955.9528238827,11165570.0,49.87320440471761
22.5,1267975.649520494,11164440.0,49.87320243504795
22.51,1268013.1805171159,11163300.0,49.87319868194829
22.52,1268077.832163783,11162190.0,49.87319221678362
22.53,1268175.9730158148,11161100.0,49.87318240269842
22.54,1268310.3843635025,11160050.0,49.87316896156365
22.55,1268479.9846846317,11159030.0,49.87315200153154
22.56,1268679.965773387,11158040.0,49.87313200342266
22.57,1268902.3173438585,11157090.0,49.873109768265614
22.58,1269136.6805461969,11156160.0,49.87308633194538
22.59,1269371.440649678,11155240.0,49.87306285593503
22.6,1269594.9517499371,11154320.0,49.873040504825006
22.61,1269796.7709519276,11153400.0,49.87302032290481
22.62,1269968.778076418,11152450.0,49.87300312219236
22.63,1270106.0634024942,11151470.0,49.87298939365975
22.64,1270207.4807729246,11150460.0,49.87297925192271
22.65,1270275.7970385647,11149410.0,49.87297242029614
22.66,1270317.4112946414,11148330.0,49.872968258870536
22.67,1270341.666911179,11147220.0,49.87296583330888
22.68,1270359.829665253,11146100.0,49.872964017033475
22.69,1270383.848538259,11144970.0,49.872961615146174
22.7,1270425.043022456,11143850.0,49.872957495697754
22.71,1270492.8692866701,11142750.0,49.87295071307133
22.72,1270593.9026227498,11141680.0,49.872940609737725
22.73,1270731.1448568248,11140640.0,49.87292688551432
22.74,1270903.7247892497,11139640.0,49.872909627521075
22.75,1271107.0123543066,11138680.0,49.87288929876457
22.76,1271333.1251301696,11137750.0,49.87286668748698
22.77,1271571.7679878224,11136840.0,49.87284282320122
22.78,1271811.3195775514,11135950.0,49.872818868042245
22.79,1272040.0572374046,11135060.0,49.87279599427626
22.8,1272247.3985252236,11134170.0,49.87277526014748
22.81,1272425.0354565214,11133250.0,49.87275749645435
22.82,1272567.8405173114,11132310.0,49.87274321594827
22.83,1272674.442642554,11131330.0,49.872732555735745
22.84,1272747.4021695429,11130320.0,49.872725259783046
22.85,1272792.9527932247,11129290.0,49.87272070472068
22.86,1272820.3316729746,11128220.0,49.8727179668327
22.87,1272840.770149628,11127140.0,49.87271592298504
22.88,1272866.2581351814,11126060.0,49.87271337418648
22.89,1272908.2264378632,11124990.0,49.872709177356214
22.9,1272976.2999015292,11123930.0,49.87270237000985
22.91,1273077.2602241558,11122910.0,49.872692273977584
22.92,1273214.3311835388,11121920.0,49.872678566881646
22.93,1273386.8550958505,11120970.0,49.872661314490415
22.94,1273590.3838178331,11120060.0,49.87264096161822
22.95,1273817.166733835,11119190.0,49.87261828332662
22.96,1274056.9775890976,11118340.0,49.87259430224109
22.97,1274298.1932525055,11117510.0,49.87257018067475
22.98,1274529.018618935,11116680.0,49.87254709813811
22.99,1274738.7352517592,11115850.0,49.872526126474824
23.0,1274918.848594666,11115000.0,49.87250811514053
23.01,1275064.013980227,11114130.0,49.87249359860198
23.02,1275172.6356336235,11113230.0,49.87248273643664
23.03,1275247.0651960124,11112290.0,49.8724752934804
23.04,1275293.3678209644,11111320.0,49.872470663217904
23.05,1275320.6714054244,11110330.0,49.87246793285946
23.06,1275340.1689190725,11109330.0,49.87246598310809
23.07,1275363.8879400596,11108320.0,49.872463611205994
23.08,1275403.368260939,11107330.0,49.872459663173906
23.09,1275468.4018989338,11106350.0,49.87245315981011
23.1,1275565.9775815785,11105400.0,49.87244340224184
23.11,1275699.5425145589,11104500.0,49.872430045748544
23.12,1275868.6547269349,11103630.0,49.87241313452731
23.13,1276069.052063562,11102800.0,49.872393094793644
23.14,1276293.1208077078,11102010.0,49.87237068791923
23.15,1276530.7081851063,11101250.0,49.87234692918149
23.16,1276770.1940525456,11100510.0,49.872322980594745
23.17,1276999.715202507,11099780.0,49.87230002847975
23.18,1277208.4203115953,11099040.0,49.87227915796884
23.19,1277387.631204192,11098290.0,49.87226123687958
23.2,1277531.7870061542,11097510.0,49.872246821299385
23.21,1277639.0661807824,11096700.0,49.87223609338192
23.22,1277711.6103531227,11095870.0,49.87222883896469
23.23,1277755.312649873,11095000.0,49.87222446873501
23.24,1277779.1877212508,11094120.0,49.872222081227875
23.25,1277794.387238984,11093210.0,49.8722205612761
23.26,1277812.9732762978,11092310.0,49.87221870267237
23.27,1277846.5918203352,11091420.0,49.87221534081797
23.28,1277905.2006256108,11090540.0,49.87220947993744
23.29,1277995.9954911391,11089700.0,49.872200400450886
23.3,1278122.6485979857,11088900.0,49.8721877351402
23.31,1278284.9365656546,11088140.0,49.872171506343435
23.32,1278478.7872001857,11087420.0,49.87215212127998
23.33,1278696.727833619,11086740.0,49.87213032721664
23.34,1278928.6838622615,11086090.0,49.872107131613774
23.35,1279163.0430478307,11085460.0,49.87208369569522
23.36,1279387.878306153,11084840.0,49.872061212169385
23.37,1279592.2094178991,11084220.0,49.87204077905821
23.38,1279767.176519897,11083590.0,49.87202328234801
23.39,1279907.0031358183,11082930.0,49.87200929968642
23.4,1280009.64153685,11082250.0,49.871999035846315
23.41,1280077.0212106016,11081530.0,49.87199229787894
23.42,1280114.861622579,11080790.0,49.87198851383774
23.43,1280132.061030983,11080020.0,49.8719867938969
23.44,1280139.7255685031,11079240.0,49.87198602744315
23.45,1280149.948324123,11078460.0,49.87198500516759
23.46,1280174.4794734304,11077690.0,49.87198255205266
23.47,1280223.441743047,11076940.0,49.871977655825695
23.48,1280304.237701557,11076220.0,49.871969576229844
23.49,1280420.7656792244,11075540.0,49.87195792343208
23.5,1280573.0236367907,11074900.0,49.87194269763632
23.51,1280757.1325348022,11074310.0,49.87192428674652
23.52,1280965.7650965534,11073760.0,49.871903423490345
23.53,1281188.9297444168,11073240.0,49.87188110702556
23.54,1281415.0264090074,11072740.0,49.8718584973591
23.55,1281632.0682891558,11072250.0,49.871836793171084
23.56,1281828.9490816426,11071760.0,49.871817105091836
23.57,1281996.629445672,11071260.0,49.87180033705543
23.58,1282129.1187329108,11070730.0,49.87178708812671
23.59,1282224.143069186,11070180.0,49.87177758569308
23.6,1282283.418223713,11069600.0,49.87177165817763
23.61,1282312.4866824998,11068990.0,49.87176875133175
23.62,1282320.1271163498,11068360.0,49.871767987288365
23.63,1282317.396962256,11067710.0,49.871768260303774
23.64,1282316.417181235,11067060.0,49.87176835828188
23.65,1282329.0394561582,11066420.0,49.871767096054384
23.66,1282365.5499858689,11065810.0,49.87176344500141
23.67,1282433.5578766721,11065220.0,49.87175664421233
23.68,1282537.189021724,11064680.0,49.87174628109783
23.69,1282676.6657592969,11064170.0,49.87173233342407
23.7,1282848.3055143636,11063720.0,49.871715169448564
23.71,1283044.9304198765,11063300.0,49.87169550695801
23.72,1283256.6364860297,11062910.0,49.8716743363514
23.73,1283471.8399938794,11062550.0,49.87165281600061
23.74,1283678.4982216188,11062190.0,49.87163215017784
23.75,1283865.3823759926,11061840.0,49.8716134617624
23.76,1284023.2757879733,11061470.0,49.8715976724212
23.77,1284145.974098223,11061090.0,49.87158540259018
23.78,1284230.97632556,11060680.0,49.871576902367444
23.79,1284279.7831211071,11060230.0,49.87157202168789
23.8,1284297.7577939506,11059760.0,49.871570224220605
23.81,1284293.55606535,11059260.0,49.871570644393465
23.82,1284278.1837222362,11058750.0,49.871572181627776
23.83,1284263.7870527084,11058240.0,49.87157362129473
23.84,1284262.316986471,11057740.0,49.87157376830135
23.85,1284284.2219001227,11057250.0,49.87157157780999
23.86,1284337.3178139927,11056800.0,49.8715662682186
23.87,1284425.9595741648,11056380.0,49.87155740404258
23.88,1284550.5952363822,11056010.0,49.87154494047636
23.89,1284707.7417188757,11055690.0,49.87152922582811
23.9,1284890.3743590512,11055400.0,49.871510962564095
23.91,1285088.6808777063,11055140.0,49.87149113191223
23.92,1285291.0983757225,11054910.0,49.87147089016243
23.93,1285485.5316299307,11054690.0,49.87145144683701
23.94,1285660.6312949026,11054470.0,49.87143393687051
23.95,1285807.0049212244,11054240.0,49.87141929950788
23.96,1285918.2359613897,11053980.0,49.87140817640386
23.97,1285991.5970216917,11053700.0,49.87140084029783
23.98,1286028.3720949895,11053390.0,49.8713971627905
23.99,1286033.742981303,11053040.0,49.87139662570187
24.0,1286016.2399367425,11052680.0,49.871398376006326
24.01,1285986.8137742581,11052290.0,49.871401318622574
24.02,1285957.6330153998,11051910.0,49.87140423669846
24.03,1285940.7453805716,11051520.0,49.87140592546194
24.04,1285946.7598669739,11051160.0,49.8714053240133
24.05,1285983.698950801,11050830.0,49.87140163010492
24.06,1286056.1470780852,11050540.0,49.87139438529219
24.07,1286164.7802540688,11050280.0,49.87138352197459
24.08,1286306.3180300572,11050080.0,49.871369368196994
24.09,1286473.8925406272,11049900.0,49.87135261074594
24.1,1286657.7861018414,11049770.0,49.871334221389816
24.11,1286846.4594396302,11049650.0,49.87131535405604
24.12,1287027.7684260856,11049550.0,49.87129722315739
24.13,1287190.2465196426,11049440.0,49.871280975348036
24.14,1287324.3274362523,11049330.0,49.871267567256375
24.15,1287423.3825112213,11049190.0,49.87125766174888
24.16,1287484.4567855347,11049020.0,49.87125155432145
24.17,1287508.6164010696,11048820.0,49.87124913835989
24.18,1287500.858889814,11048590.0,49.87124991411102
24.19,1287469.5859485995,11048330.0,49.87125304140514
24.2,1287425.6902952653,11048060.0,49.87125743097047
24.21,1287381.3595830086,11047770.0,49.8712618640417
24.22,1287348.7365249759,11047500.0,49.8712651263475
24.23,1287338.589343676,11047240.0,49.87126614106563
24.24,1287359.1459690914,11047000.0,49.87126408540309
24.25,1287415.2205947808,11046810.0,49.87125847794052
24.26,1287507.7185608319,11046650.0,49.87124922814392
24.27,1287633.5639307967,11046540.0,49.87123664360692
24.28,1287786.0473006563,11046470.0,49.871221395269934
24.29,1287955.548630464,11046420.0,49.871204445136954
24.3,1288130.555672069,11046400.0,49.87118694443279
24.31,1288298.8770945047,11046390.0,49.87117011229055
24.32,1288448.930574404,11046380.0,49.87115510694256
24.33,1288570.9773163255,11046350.0,49.87114290226837
24.34,1288658.1769389948,11046300.0,49.8711341823061
24.35,1288707.3458166753,11046220.0,49.87112926541833
24.36,1288719.3303839695,11046110.0,49.8711280669616
24.37,1288698.9418782946,11045960.0,49.87113010581217
24.38,1288654.4500138087,11045790.0,49.87113455499862
24.39,1288596.6860569199,11045600.0,49.87114033139431
24.4,1288537.8536248025,11045400.0,49.87114621463752
24.41,1288490.1868581977,11045200.0,49.87115098131418
24.42,1288464.6112836862,11045010.0,49.87115353887163
24.43,1288469.5598676642,11044850.0,49.871153044013234
24.44,1288510.0759664425,11044730.0,49.871148992403356
24.45,1288587.2943309096,11044640.0,49.87114127056691
24.46,1288698.3451419098,11044600.0,49.87113016548581
24.47,1288836.6801985286,11044590.0,49.87111633198015
24.48,1288992.7786503818,11044620.0,49.87110072213496
24.49,1289155.1567513205,11044660.0,49.87108448432487
24.5,1289311.5785081477,11044720.0,49.871068842149185
24.51,1289450.3473563646,11044770.0,49.87105496526436
24.52,1289561.5524914917,11044800.0,49.87104384475085
24.53,1289638.140935594,11044820.0,49.87103618590644
24.54,1289676.6993590347,11044800.0,49.8710323300641
24.55,1289677.8521871965,11044750.0,49.87103221478128
24.56,1289646.221536742,11044660.0,49.871035377846326
24.57,1289589.9425476643,11044540.0,49.871041005745234
24.58,1289519.7813453053,11044400.0,49.87104802186547
24.59,1289447.9546204708,11044250.0,49.87105520453795
24.6,1289386.7858998931,11044100.0,49.87106132141001
24.61,1289347.3554301949,11043960.0,49.87106526445698
24.62,1289338.2996845304,11043840.0,49.87106617003155
24.63,1289364.891635998,11043760.0,49.8710635108364
24.64,1289428.4962301583,11043720.0,49.871057150376984
24.65,1289526.450386731,11043720.0,49.87104735496133
24.66,1289652.3683743055,11043750.0,49.87103476316257
24.67,1289796.831217842,11043810.0,49.871020316878216
24.68,1289948.3858382155,11043900.0,49.87100516141618
24.69,1290094.7527581507,11043990.0,49.870990524724185
24.7,1290224.1223080324,11044070.0,49.8709775877692
24.71,1290326.4119720603,11044150.0,49.870967358802794
24.72,1290394.3569443044,11044190.0,49.87096056430557
24.73,1290424.3135472627,11044210.0,49.870957568645274
24.74,1290416.6825824603,11044180.0,49.870958331741754
24.75,1290375.8943564014,11044130.0,49.87096241056436
24.76,1290309.9459861522,11044040.0,49.870969005401385
24.77,1290229.5359922533,11043920.0,49.870977046400775
24.78,1290146.8908705027,11043790.0,49.87098531091295
24.79,1290074.420601286,11043660.0,49.87099255793987
24.8,1290023.3590431754,11043540.0,49.87099766409568
24.81,1290002.5453726726,11043450.0,49.87099974546273
24.82,1290017.4814093646,11043380.0,49.87099825185906
24.83,1290069.7629835634,11043350.0,49.870993023701644
24.84,1290156.9349989472,11043360.0,49.870984306500105
24.85,1290272.7753769483,11043410.0,49.870972722462305
24.86,1290407.968822933,11043480.0,49.87095920311771
24.87,1290551.0952806764,11043570.0,49.87094489047193
24.88,1290689.833519565,11043670.0,49.87093101664804
24.89,1290812.261574814,11043770.0,49.87091877384252
24.9,1290908.1263737932,11043850.0,49.87090918736262
24.91,1290969.950705687,11043900.0,49.87090300492943
24.92,1290993.8591913318,11043920.0,49.87090061408087
24.93,1290980.027442572,11043900.0,49.87090199725574
24.94,1290932.6920721042,11043850.0,49.87090673079279
24.95,1290859.7096427598,11043760.0,49.870914029035724
24.96,1290771.7075834314,11043640.0,49.87092282924166
24.97,1290680.919481062,11043510.0,49.870931908051894
24.98,1290599.8391240558,11043370.0,49.870940016087594
24.99,1290539.8515095357,11043240.0,49.870946014849046
25.0,1290509.9969579226,11043140.0,49.87094900030421
25.01,1290516.0060300601,11043060.0,49.870948399396994
25.02,1290559.7056979446,11043020.0,49.870944029430206
25.03,1290638.850096144,11043020.0,49.870936114990386
25.04,1290747.382861639,11043040.0,49.870925261713836
25.05,1290876.093736415,11043100.0,49.87091239062636
25.06,1291013.5963352332,11043180.0,49.87089864036648
25.07,1291147.5287059203,11043260.0,49.87088524712941
25.08,1291265.8580895453,11043340.0,49.870873414191045
25.09,1291358.1606054693,11043400.0,49.87086418393945
25.1,1291416.7462682258,11043440.0,49.87085832537318
25.11,1291437.5076241668,11043440.0,49.87085624923758
25.12,1291420.3930771607,11043400.0,49.870857960692284
25.13,1291369.4427403754,11043320.0,49.87086305572596
25.14,1291292.3697805211,11043200.0,49.87087076302195
25.15,1291199.727523562,11043060.0,49.870880027247644
25.16,1291103.753258227,11042900.0,49.87088962467418
25.17,1291017.022305141,11042730.0,49.870898297769486
25.18,1290951.0690339943,11042570.0,49.8709048930966
25.19,1290915.1336852177,11042430.0,49.87090848663148
25.2,1290915.1751190962,11042320.0,49.87090848248809
25.21,1290953.2515607225,11042240.0,49.87090467484393
25.22,1291027.3268882832,11042190.0,49.87089726731117
25.23,1291131.5113195344,11042180.0,49.87088684886805
25.24,1291256.7006024034,11042200.0,49.87087432993976
25.25,1291391.5438149814,11042240.0,49.8708608456185
25.26,1291523.6400767327,11042280.0,49.87084763599233
25.27,1291640.8464692354,11042320.0,49.87083591535308
25.28,1291732.569100361,11042340.0,49.870826743089964
25.29,1291790.9049948405,11042330.0,49.870820909500516
25.3,1291811.512991785,11042290.0,49.87081884870082
25.31,1291794.1124398168,11042200.0,49.87082058875602
25.32,1291742.5445682085,11042080.0,49.87082574554318
25.33,1291664.376175987,11041920.0,49.8708335623824
25.34,1291570.0834744114,11041720.0,49.87084299165256
25.35,1291471.905207615,11041510.0,49.87085280947924
25.36,1291382.4954496534,11041290.0,49.870861750455035
25.37,1291313.5358088822,11041080.0,49.87086864641911
25.38,1291274.4651426778,11040880.0,49.87087255348573
25.39,1291271.4700899385,11040710.0,49.870872852991006
25.4,1291306.840719173,11040580.0,49.87086931592808
25.41,1291378.751713097,11040480.0,49.87086212482869
25.42,1291481.4814666896,11040410.0,49.87085185185333
25.43,1291606.0342366365,11040360.0,49.870839396576336
25.44,1291741.0964052323,11040340.0,49.87082589035948
25.45,1291874.2292300323,11040320.0,49.870812577077
25.46,1291993.1810749574,11040300.0,49.870800681892504
25.47,1292087.1884484342,11040260.0,49.87079128115516
25.48,1292148.1348033126,11040190.0,49.87078518651967
25.49,1292171.444472956,11040090.0,49.870782855552704
25.5,1292156.6065838875,11039940.0,49.87078433934161
25.51,1292107.260883455,11039750.0,49.870789273911655
25.52,1292030.825060806,11039520.0,49.87079691749392
25.53,1291937.6953660587,11039270.0,49.870806230463394
25.54,1291840.1086594856,11038990.0,49.87081598913405
25.55,1291750.7959435426,11038700.0,49.870824920405646
25.56,1291681.5845408535,11038410.0,49.870831841545915
25.57,1291642.1111056309,11038150.0,49.87083578888944
25.58,1291638.7898307135,11037900.0,49.87083612101693
25.59,1291674.1431791224,11037690.0,49.87083258568209
25.6,1291746.5582128784,11037520.0,49.87082534417871
25.61,1291850.4831262112,11037380.0,49.87081495168738
25.62,1291977.0324742785,11037260.0,49.87080229675257
25.63,1292114.9319969772,11037160.0,49.8707885068003
25.64,1292251.7070791884,11037070.0,49.87077482929208
25.65,1292374.9982816447,11036980.0,49.870762500171836
25.66,1292473.8734552222,11036860.0,49.87075261265448
25.67,1292540.0033027756,11036720.0,49.87074599966972
25.68,1292568.5771233474,11036540.0,49.870743142287665
25.69,1292558.851808465,11036320.0,49.87074411481915
25.7,1292514.2637953258,11036050.0,49.87074857362047
25.71,1292442.0790317724,11035750.0,49.87075579209682
25.72,1292352.6109499051,11035410.0,49.87076473890501
25.73,1292258.0918093019,11035050.0,49.87077419081907
25.74,1292171.3263664714,11034680.0,49.87078286736335
25.75,1292104.2857608711,11034320.0,49.87078957142391
25.76,1292066.8038051275,11033970.0,49.87079331961949
25.77,1292065.5222820444,11033640.0,49.870793447771796
25.78,1292103.1965109364,11033350.0,49.870789680348906
25.79,1292178.427056996,11033090.0,49.8707821572943
25.8,1292285.834041067,11032860.0,49.87077141659589
25.81,1292416.6439727002,11032670.0,49.87075833560273
25.82,1292559.6237558778,11032490.0,49.87074403762441
25.83,1292702.2652430509,11032310.0,49.870729773475695
25.84,1292832.103204802,11032140.0,49.87071678967952
25.85,1292938.0374234966,11031940.0,49.87070619625765
25.86,1293011.525733121,11031720.0,49.87069884742669
25.87,1293047.5212937864,11031460.0,49.87069524787062
25.88,1293045.0471561272,11031150.0,49.87069549528439
25.89,1293007.3341614446,11030810.0,49.870699266583856
25.9,1292941.4936708384,11030420.0,49.870705850632916
25.91,1292857.7530205844,11030000.0,49.87071422469794
25.92,1292768.3364473097,11029560.0,49.87072316635527
25.93,1292686.1202276286,11029110.0,49.87073138797724
25.94,1292623.2173109753,11028660.0,49.8707376782689
25.95,1292589.657227836,11028220.0,49.870741034277216
25.96,1292592.308843581,11027810.0,49.87074076911564
25.97,1292634.1612855906,11027430.0,49.87073658387144
25.98,1292714.0304037011,11027090.0,49.87072859695963
25.99,1292826.7096333457,11026780.0,49.870717329036665
26.0,1292963.5400715966,11026500.0,49.87070364599284
26.01,1293113.3324754995,11026230.0,49.87068866675245
26.02,1293263.547298551,11025980.0,49.870673645270145
26.03,1293401.6150646245,11025720.0,49.87065983849354
26.04,1293516.2683830725,11025440.0,49.87064837316169
26.05,1293598.7524437564,11025140.0,49.870640124755624
26.06,1293643.7837839066,11024800.0,49.87063562162161
26.07,1293650.149994434,11024410.0,49.87063498500056
26.08,1293620.8735855103,11023990.0,49.87063791264145
26.09,1293562.9076867627,11023520.0,49.870643709231324
26.1,1293486.3897599059,11023020.0,49.87065136102401
26.11,1293403.533408366,11022500.0,49.87065964665916
26.12,1293327.28318424,11021970.0,49.870667271681576
26.13,1293269.8917759922,11021430.0,49.8706730108224
26.14,1293241.583378304,11020920.0,49.87067584166217
26.15,1293249.454205494,11020430.0,49.87067505457945
26.16,1293296.728407114,11019960.0,49.87067032715929
26.17,1293382.438289825,11019540.0,49.87066175617102
26.18,1293501.5532277562,11019150.0,49.870649844677224
26.19,1293645.531411869,11018790.0,49.87063544685881
26.2,1293803.23004888,11018450.0,49.87061967699511
26.21,1293962.0804670681,11018120.0,49.87060379195329
26.22,1294109.4107783614,11017780.0,49.870589058922164
26.23,1294233.7882638099,11017430.0,49.87057662117362
26.24,1294326.2453608639,11017060.0,49.870567375463914
26.25,1294381.2612791562,11016640.0,49.870561873872084
26.26,1294397.3868219417,11016190.0,49.870560261317806
26.27,1294377.4330507552,11015690.0,49.870562256694924
26.28,1294328.192023144,11015150.0,49.870567180797686
26.29,1294259.7084997941,11014580.0,49.87057402915002
26.3,1294184.1814294008,11013990.0,49.87058158185706
26.31,1294114.621072353,11013380.0,49.870588537892765
26.32,1294063.4178011124,11012780.0,49.87059365821989
26.33,1294040.9894898152,11012200.0,49.87059590105102
26.34,1294054.6598579062,11011630.0,49.87059453401421
26.35,1294107.8881979706,11011100.0,49.8705892111802
26.36,1294199.9255474457,11010610.0,49.870580007445255
26.37,1294325.9202023682,11010150.0,49.87056740797976
26.38,1294477.4507181477,11009720.0,49.870552254928185
26.39,1294643.4241725057,11009320.0,49.87053565758275
26.4,1294811.2455662652,11008920.0,49.87051887544337
26.41,1294968.1430762894,11008530.0,49.87050318569237
26.42,1295102.5196813503,11008120.0,49.870489748031865
26.43,1295205.1957834242,11007680.0,49.87047948042166
26.44,1295270.4126688275,11007210.0,49.87047295873312
26.45,1295296.4827254475,11006700.0,49.870470351727455
26.46,1295286.0038947733,11006150.0,49.87047139961052
26.47,1295245.6034051352,11005550.0,49.87047543965949
26.48,1295185.2290819231,11004930.0,49.87048147709181
26.49,1295117.0624590702,11004280.0,49.87048829375409
26.5,1295054.1769109236,11003620.0,49.87049458230891
26.51,1295009.0986173989,11002960.0,49.87049909013826
26.52,1294992.4378395395,11002320.0,49.870500756216046
26.53,1295011.7454644071,11001710.0,49.87049882545356
26.54,1295070.7177806464,11001130.0,49.870492928221935
26.55,1295168.8268276486,11000580.0,49.870483117317235
26.56,1295301.4027709742,11000070.0,49.8704698597229
26.57,1295460.1480105054,10999600.0,49.87045398519895
26.58,1295634.0227005114,10999150.0,49.87043659772995
26.59,1295810.4084257372,10998710.0,49.870418959157426
26.6,1295976.4360451943,10998270.0,49.87040235639548
26.61,1296120.3467124705,10997820.0,49.87038796532875
26.62,1296232.7501898585,10997340.0,49.870376724981014
26.63,1296307.6495388038,10996840.0,49.87036923504612
26.64,1296343.1163159101,10996290.0,49.87036568836841
26.65,1296341.5326083805,10995700.0,49.87036584673916
26.66,1296309.3585109676,10995070.0,49.8703690641489
26.67,1296256.4418468503,10994410.0,49.870374355815315
26.68,1296194.9426449593,10993730.0,49.870380505735504
26.69,1296137.9935953943,10993040.0,49.87038620064046
26.7,1296098.2540583643,10992350.0,49.870390174594164
26.71,1296086.5257375075,10991680.0,49.87039134742625
26.72,1296110.58732209,10991030.0,49.87038894126779
26.73,1296174.3739873555,10990420.0,49.870382562601264
26.74,1296277.581687164,10989840.0,49.870372241831284
26.75,1296415.7253569653,10989310.0,49.8703584274643
26.76,1296580.6345769693,10988810.0,49.8703419365423
26.77,1296761.3262028976,10988330.0,49.87032386737971
26.78,1296945.1627907348,10987870.0,49.87030548372093
26.79,1297119.1812135885,10987420.0,49.87028808187864
26.8,1297271.4622971183,10986950.0,49.87027285377029
26.81,1297392.406060567,10986460.0,49.87026075939394
26.82,1297475.777406376,10985940.0,49.87025242225936
26.83,1297519.4061623795,10985380.0,49.87024805938376
26.84,1297525.4557006366,10984780.0,49.870247454429936
26.85,1297500.215283236,10984140.0,49.870249978471676
26.86,1297453.4290290761,10983470.0,49.87025465709709
26.87,1297397.2319237248,10982780.0,49.87026027680763
26.88,1297344.8129827857,10982080.0,49.87026551870172
26.89,1297308.9627458733,10981380.0,49.87026910372541
26.9,1297300.67354906,10980700.0,49.870269932645094
26.91,1297327.9521617086,10980050.0,49.87026720478383
26.92,1297394.9740031543,10979430.0,49.870260502599685
26.93,1297501.6610074164,10978850.0,49.87024983389926
26.94,1297643.7165759336,10978320.0,49.87023562834241
26.95,1297813.1021548477,10977820.0,49.870218689784515
26.96,1297998.8963007117,10977340.0,49.87020011036993
26.97,1298188.4459797044,10976890.0,49.87018115540203
26.98,1298368.6972278717,10976440.0,49.87016313027721
26.99,1298527.5732634705,10975980.0,49.87014724267365
27.0,1298655.264896169,10975500.0,49.87013447351038
27.01,1298745.2988848246,10974990.0,49.87012547011152
27.02,1298795.2628530052,10974440.0,49.8701204737147
27.03,1298807.099084982,10973860.0,49.8701192900915
27.04,1298786.9223182714,10973230.0,49.87012130776817
27.05,1298744.368940703,10972580.0,49.87012556310593
27.06,1298691.5453126358,10971900.0,49.870130845468736
27.07,1298641.6939479285,10971220.0,49.87013583060521
27.08,1298607.7343706626,10970540.0,49.870139226562934
27.09,1298600.8486006996,10969880.0,49.87013991513993
27.1,1298629.2721793547,10969250.0,49.870137072782065
27.11,1298697.422424837,10968660.0,49.870130257757516
27.12,1298805.450401872,10968100.0,49.87011945495981
27.13,1298949.2521258227,10967590.0,49.87010507478742
27.14,1299120.9249667434,10967110.0,49.870087907503326
27.15,1299309.6128658266,10966670.0,49.87006903871342
27.16,1299502.6513963381,10966240.0,49.870049734860366
27.17,1299686.8989387876,10965830.0,49.87003131010612
27.18,1299850.1240949167,10965400.0,49.87001498759051
27.19,1299982.311079546,10964960.0,49.870001768892045
27.2,1300076.7481766928,10964480.0,49.86999232518233
27.21,1300130.7784518446,10963980.0,49.869986922154816
27.22,1300146.1209468346,10963430.0,49.86998538790532
27.23,1300128.7131762495,10962850.0,49.869987128682375
27.24,1300088.0799895497,10962240.0,49.869991192001045
27.25,1300036.2953102496,10961600.0,49.869996370468975
27.26,1299986.6521629854,10960960.0,49.8700013347837
27.27,1299952.1968934857,10960330.0,49.87000478031065
27.28,1299944.300293916,10959710.0,49.87000556997061
27.29,1299971.4270537766,10959120.0,49.87000285729462
27.3,1300038.2384162634,10958570.0,49.869996176158374
27.31,1300145.1176017297,10958070.0,49.86998548823983
27.32,1300288.1568912272,10957600.0,49.86997118431088
27.33,1300459.5939871422,10957180.0,49.869954040601286
27.34,1300648.642730593,10956790.0,49.86993513572694
27.35,1300842.6320386236,10956420.0,49.86991573679614
27.36,1301028.3370998367,10956060.0,49.869897166290016
27.37,1301193.3745764282,10955690.0,49.86988066254236
27.38,1301327.5230380828,10955300.0,49.86986724769619
27.39,1301423.8322329419,10954890.0,49.869857616776706
27.4,1301479.4000824993,10954440.0,49.86985205999175
27.41,1301495.7205908217,10953960.0,49.86985042794092
27.42,1301478.5503692394,10953440.0,49.869852144963076
27.43,1301437.2991826662,10952900.0,49.86985627008173
27.44,1301384.0053501013,10952330.0,49.86986159946499
27.45,1301332.0090264103,10951750.0,49.86986679909736
27.46,1301294.4814943238,10951180.0,49.86987055185057
27.47,1301282.9817184724,10950630.0,49.86987170182815
27.48,1301306.2036473143,10950110.0,49.86986937963527
27.49,1301369.0539111167,10949620.0,49.86986309460889
27.5,1301472.1513447114,10949180.0,49.86985278486553
27.51,1301611.7888307122,10948790.0,49.86983882111693
27.52,1301780.348829027,10948440.0,49.8698219651171
27.53,1301967.1206113514,10948120.0,49.869803287938865
27.54,1302159.4307364381,10947820.0,49.869784056926356
27.55,1302343.9746133648,10947530.0,49.86976560253866
27.56,1302508.2192887538,10947240.0,49.869749178071125
27.57,1302641.7391872513,10946930.0,49.869735826081275
27.58,1302737.346837901,10946600.0,49.86972626531621
27.59,1302791.8943281947,10946240.0,49.86972081056718
27.6,1302806.6477111366,10945830.0,49.869719335228886
27.61,1302787.1797854118,10945400.0,49.86972128202146
27.62,1302742.7823452342,10944930.0,49.86972572176548
27.63,1302685.4538583877,10944440.0,49.86973145461416
27.64,1302628.578760192,10943950.0,49.86973714212398
27.65,1302585.4513005442,10943460.0,49.869741454869946
27.66,1302567.817235456,10942980.0,49.869743218276454
27.67,1302584.6007778342,10942540.0,49.86974153992222
27.68,1302640.9564989905,10942140.0,49.8697359043501
27.69,1302737.7419438579,10941790.0,49.869726225805614
27.7,1302871.4541204066,10941480.0,49.86971285458796
27.71,1303034.6253028568,10941200.0,49.869696537469714
27.72,1303216.624391439,10940970.0,49.869678337560856
27.73,1303404.7795828485,10940760.0,49.869659522041715
27.74,1303585.710728612,10940560.0,49.86964142892714
27.75,1303746.7388291901,10940360.0,49.86962532611708
27.76,1303877.2360658157,10940140.0,49.86961227639342
27.77,1303969.777891396,10939900.0,49.86960302221086
27.78,1304020.9691479986,10939620.0,49.8695979030852
27.79,1304031.8455978904,10939310.0,49.86959681544021
27.8,1304007.793559947,10938960.0,49.869599220644005
27.81,1303957.9826092762,10938590.0,49.86960420173907
27.82,1303894.368234566,10938190.0,49.86961056317654
27.83,1303830.3763273263,10937780.0,49.86961696236727
27.84,1303779.4220414867,10937380.0,49.86962205779585
27.85,1303753.4372494975,10937000.0,49.86962465627505
27.86,1303761.5768764254,10936650.0,49.86962384231236
27.87,1303809.244875538,10936340.0,49.869619075512446
27.88,1303897.5397113718,10936070.0,49.86961024602886
27.89,1304023.1665542733,10935850.0,49.86959768334457
27.9,1304178.811112422,10935670.0,49.86958211888876
27.91,1304353.9262174163,10935520.0,49.86956460737826
27.92,1304535.8464762557,10935400.0,49.869546415352374
27.93,1304711.1188934224,10935300.0,49.86952888811066
27.94,1304866.9202368045,10935190.0,49.86951330797632
27.95,1304992.4218613284,10935060.0,49.86950075781387
27.96,1305079.962048694,10934910.0,49.86949200379513
27.97,1305125.8971694324,10934730.0,49.86948741028306
27.98,1305131.0306376962,10934520.0,49.86948689693623
27.99,1305100.5588348375,10934260.0,49.869489944116516
28.0,1305043.5256363358,10933980.0,49.869495647436366
28.01,1304971.8397578401,10933680.0,49.869502816024216
28.02,1304898.9648621045,10933360.0,49.86951010351379
28.03,1304838.4340776664,10933050.0,49.86951615659223
28.04,1304802.3644619633,10932760.0,49.869519763553804
28.05,1304800.1416365197,10932500.0,49.86951998583635
28.06,1304837.4201492406,10932280.0,49.869516257985076
28.07,1304915.5422371684,10932100.0,49.86950844577628
28.08,1305031.423839864,10931970.0,49.869496857616014
28.09,1305177.907741779,10931880.0,49.86948220922582
28.1,1305344.5345107662,10931820.0,49.86946554654892
28.11,1305518.6480674762,10931800.0,49.86944813519325
28.12,1305686.7257345316,10931780.0,49.86943132742655
28.13,1305835.8023611305,10931760.0,49.86941641976389
28.14,1305954.8492962136,10931740.0,49.86940451507038
28.15,1306035.9668858724,10931680.0,49.86939640331141
28.16,1306075.2616775061,10931590.0,49.86939247383225
28.17,1306073.3026270554,10931470.0,49.869392669737294
28.18,1306035.0925449883,10931310.0,49.8693964907455
28.19,1305969.5452384546,10931120.0,49.869403045476155
28.2,1305888.5186458013,10930910.0,49.86941114813542
28.21,1305805.5108519539,10930680.0,49.869419448914805
28.22,1305734.170683266,10930460.0,49.86942658293167
28.23,1305686.7987666721,10930260.0,49.86943132012333
28.24,1305673.0111061654,10930080.0,49.86943269888938
28.25,1305698.7141857946,10929950.0,49.86943012858142
28.26,1305765.4962877051,10929860.0,49.86942345037123
28.27,1305870.4878610428,10929810.0,49.869412951213896
28.28,1306006.6923532786,10929810.0,49.86939933076467
28.29,1306163.7408851823,10929850.0,49.86938362591148
28.3,1306328.9899251629,10929910.0,49.869367101007484
28.31,1306488.8499720695,10929980.0,49.86935111500279
28.32,1306630.2156548914,10930060.0,49.86933697843451
28.33,1306741.8592665093,10930110.0,49.86932581407335
28.34,1306815.6434886903,10930150.0,49.86931843565113
28.35,1306847.4231403116,10930150.0,49.86931525768597
28.36,1306837.5299744871,10930120.0,49.86931624700255
28.37,1306790.7702068738,10930050.0,49.86932092297931
28.38,1306715.9246600824,10929940.0,49.86932840753399
28.39,1306624.7978311908,10929820.0,49.86933752021688
28.4,1306530.9195008012,10929680.0,49.86934690804992
28.41,1306448.0520962006,10929540.0,49.86935519479038
28.42,1306388.6784220813,10929420.0,49.86936113215779
28.43,1306362.644628578,10929330.0,49.86936373553714
28.44,1306376.1100281824,10929280.0,49.86936238899718
28.45,1306430.9110817618,10929270.0,49.869356908891824
28.46,1306524.3952251393,10929300.0,49.869347560477486
28.47,1306649.7297990764,10929380.0,49.86933502702009
28.48,1306796.640748402,10929500.0,49.86932033592516
28.49,1306952.5002359939,10929640.0,49.8693047499764
28.5,1307103.6542625336,10929800.0,49.86928963457375
28.51,1307236.8595415896,10929960.0,49.86927631404584
28.52,1307340.6898622864,10930100.0,49.86926593101377
28.53,1307406.7697760938,10930220.0,49.86925932302239
28.54,1307430.7020993102,10930300.0,49.86925692979007
28.55,1307412.5789126612,10930350.0,49.869258742108734
28.56,1307357.0069914097,10930360.0,49.86926429930086
28.57,1307272.6309303562,10930330.0,49.869272736906964
28.58,1307171.1974418322,10930280.0,49.86928288025582
28.59,1307066.265024801,10930220.0,49.86929337349752
28.6,1306971.7079053333,10930160.0,49.86930282920947
28.61,1306900.1900713318,10930120.0,49.86930998099287
28.62,1306861.7883332933,10930100.0,49.86931382116667
28.63,1306862.9161091393,10930120.0,49.869313708389086
28.64,1306905.659541897,10930180.0,49.86930943404581
28.65,1306987.5857583925,10930290.0,49.86930124142416
28.66,1307102.0288662538,10930440.0,49.869289797113375
28.67,1307238.812239504,10930620.0,49.86927611877605
28.68,1307385.3268823398,10930840.0,49.869261467311766
28.69,1307527.8569411354,10931070.0,49.86924721430589
28.7,1307653.0226430094,10931290.0,49.8692346977357
28.71,1307749.2002289405,10931510.0,49.869225079977106
28.72,1307807.77606887,10931700.0,49.86921922239311
28.73,1307824.0988834011,10931850.0,49.86921759011166
28.74,1307798.0187188843,10931970.0,49.86922019812811
28.75,1307733.9399232813,10932040.0,49.86922660600767
28.76,1307640.3671847458,10932090.0,49.869235963281525
28.77,1307528.9865042095,10932100.0,49.86924710134958
28.78,1307413.3817735855,10932110.0,49.86925866182264
28.79,1307307.5362019893,10932110.0,49.8692692463798
28.8,1307224.2941913004,10932120.0,49.86927757058087
28.81,1307173.9632090384,10932160.0,49.869282603679096
28.82,1307163.211394311,10932240.0,49.86928367886057
28.83,1307194.3764993676,10932360.0,49.86928056235006
28.84,1307265.2479538505,10932520.0,49.869273475204615
28.85,1307369.3293766554,10932730.0,49.869263067062334
28.86,1307496.5442076803,10932980.0,49.86925034557923
28.87,1307634.3045818817,10933240.0,49.86923656954181
28.88,1307768.8345117623,10933530.0,49.869223116548824
28.89,1307886.6187014882,10933810.0,49.86921133812985
28.9,1307975.8361861594,10934080.0,49.869202416381384
28.91,1308027.6344281572,10934320.0,49.869197236557184
28.92,1308037.10661894,10934530.0,49.869196289338106
28.93,1308003.8588797294,10934700.0,49.86919961411203
28.94,1307932.0901290004,10934830.0,49.8692067909871
28.95,1307830.161766077,10934920.0,49.86921698382339
28.96,1307709.6962033608,10934990.0,49.869229030379664
28.97,1307584.300325999,10935040.0,49.8692415699674
28.98,1307468.064447903,10935080.0,49.86925319355521
28.99,1307374.0120138666,10935140.0,49.86926259879861
29.0,1307312.680498569,10935220.0,49.86926873195014
29.01,1307290.9936671096,10935340.0,49.86927090063329
29.02,1307311.5427138759,10935500.0,49.86926884572861
29.03,1307372.3411179117,10935700.0,49.86926276588821
29.04,1307467.0646727781,10935940.0,49.86925329353272
29.05,1307585.7399363855,10936230.0,49.86924142600636
29.06,1307715.8025362224,10936530.0,49.86922841974638
29.07,1307843.4181563382,10936850.0,49.869215658184366
29.08,1307954.9376095657,10937170.0,49.86920450623904
29.09,1308038.3430371967,10937480.0,49.86919616569628
29.1,1308084.5424380528,10937750.0,49.869191545756195
29.11,1308088.3721769254,10938000.0,49.86919116278231
29.12,1308049.1917792615,10938200.0,49.869195080822074
29.13,1307970.9920994276,10938360.0,49.86920290079006
29.14,1307861.988744534,10938480.0,49.86921380112555
29.15,1307733.737074912,10938570.0,49.86922662629251
29.16,1307599.8643304133,10938650.0,49.86924001356696
29.17,1307474.566134701,10938720.0,49.86925254338653
29.18,1307371.0438084872,10938800.0,49.86926289561915
29.19,1307300.065418815,10938900.0,49.86926999345812
29.2,1307268.811919542,10939040.0,49.869273118808046
29.21,1307280.129512165,10939210.0,49.86927198704878
29.22,1307332.2581362845,10939430.0,49.86926677418637
29.23,1307419.048277225,10939700.0,49.86925809517228
29.24,1307530.631611087,10939990.0,49.86924693683889
29.25,1307654.4696313874,10940310.0,49.86923455303686
29.26,1307776.672068357,10940650.0,49.869222332793164
29.27,1307883.456262573,10940980.0,49.86921165437374
29.28,1307962.6079267114,10941300.0,49.86920373920733
29.29,1308004.795251705,10941590.0,49.86919952047483
29.3,1308004.5963865672,10941850.0,49.86919954036134
29.31,1307961.122806205,10942060.0,49.86920388771938
29.32,1307878.1545991802,10942230.0,49.86921218454008
29.33,1307763.7583131718,10942360.0,49.86922362416868
29.34,1307629.4196867622,10942460.0,49.869237058031324
29.35,1307488.784242139,10942540.0,49.869251121575786
29.36,1307356.1511638588,10942610.0,49.869264384883614
29.37,1307244.8987047381,10942690.0,49.869275510129526
29.38,1307166.0249654115,10942790.0,49.86928339750346
29.39,1307126.9685568155,10942920.0,49.86928730314432
29.4,1307130.8327721453,10943090.0,49.869286916722785
29.41,1307176.0858576908,10943310.0,49.86928239141423
29.42,1307256.7552324443,10943560.0,49.869274324476756
29.43,1307363.0806644587,10943850.0,49.869263691933554
29.44,1307482.5515334255,10944170.0,49.86925174484666
29.45,1307601.222373691,10944500.0,49.86923987776263
29.46,1307705.1788143734,10944820.0,49.86922948211856
29.47,1307782.0107560002,10945130.0,49.8692217989244
29.48,1307822.1458708583,10945410.0,49.869217785412914
29.49,1307819.902988996,10945660.0,49.8692180097011
29.5,1307774.1428420353,10945860.0,49.8692225857158
29.51,1307688.4316363647,10946010.0,49.86923115683636
29.52,1307570.6838446876,10946130.0,49.86924293161553
29.53,1307432.312328416,10946210.0,49.86925676876716
29.54,1307286.9778781638,10946270.0,49.869271302212184
29.55,1307149.081264285,10946320.0,49.86928509187357
29.56,1307032.1768544347,10946380.0,49.86929678231456
29.57,1306947.4930914992,10946460.0,49.86930525069085
29.58,1306902.7267659549,10946560.0,49.869309727323405
29.59,1306901.2390616308,10946710.0,49.86930987609384
29.6,1306941.7291070807,10946890.0,49.86930582708929
29.61,1307018.4035501597,10947120.0,49.869298159644984
29.62,1307121.6118103024,10947380.0,49.86928783881897
29.63,1307238.8728589602,10947670.0,49.869276112714104
29.64,1307356.1879318873,10947970.0,49.86926438120681
29.65,1307459.511496205,10948260.0,49.86925404885038
29.66,1307536.2368191178,10948540.0,49.86924637631809
29.67,1307576.5504332536,10948800.0,49.869242344956675
29.68,1307574.509820526,10949010.0,49.86924254901795
29.69,1307528.7224287991,10949180.0,49.86924712775712
29.7,1307442.538072152,10949300.0,49.869255746192785
29.71,1307323.7160742935,10949380.0,49.86926762839257
29.72,1307183.5934336917,10949420.0,49.86928164065663
29.73,1307035.8433627405,10949440.0,49.869296415663726
29.74,1306894.9664364737,10949450.0,49.86931050335635
29.75,1306774.6918857638,10949470.0,49.869322530811424
29.76,1306686.4780536492,10949500.0,49.869331352194635
29.77,1306638.2806892563,10949560.0,49.869336171931074
29.78,1306633.7204261913,10949660.0,49.86933662795738
29.79,1306671.728499893,10949800.0,49.86933282715001
29.8,1306746.6925906502,10949980.0,49.869325330740935
29.81,1306849.0738931615,10950200.0,49.869315092610684
29.82,1306966.4229941936,10950430.0,49.86930335770058
29.83,1307084.6896351895,10950680.0,49.86929153103648
29.84,1307189.6974904006,10950930.0,49.86928103025096
29.85,1307268.6432803238,10951160.0,49.86927313567197
29.86,1307311.471106658,10951360.0,49.869268852889334
29.87,1307311.97555356,10951530.0,49.869268802444644
29.88,1307268.5086999058,10951650.0,49.86927314913001
29.89,1307184.200606244,10951720.0,49.869281579939376
29.9,1307066.6519750773,10951740.0,49.86929333480249
29.91,1306927.1207057654,10951730.0,49.86930728792942
29.92,1306779.2896752905,10951700.0,49.86932207103247
29.93,1306637.7567576382,10951650.0,49.869336224324236
29.94,1306516.4246537364,10951600.0,49.869348357534626
29.95,1306426.981301314,10951580.0,49.86935730186987
29.96,1306377.6418837847,10951580.0,49.86936223581162
29.97,1306372.2876000837,10951610.0,49.86936277123999
29.98,1306410.084210583,10951690.0,49.86935899157894
29.99,1306485.6030401017,10951810.0,49.86935143969599
30.0,1306589.4192151716,10951960.0,49.86934105807848
30.01,1306709.116685667,10952130.0,49.86932908833143
30.02,1306830.5943856728,10952320.0,49.86931694056143
30.03,1306939.546153032,10952500.0,49.8693060453847
30.04,1307022.9726444182,10952670.0,49.86929770273556
30.05,1307070.5749495914,10952810.0,49.86929294250504
30.06,1307075.8828012429,10952910.0,49.869292411719876
30.07,1307036.9904566803,10952970.0,49.86929630095433
30.08,1306956.8052442549,10952970.0,49.869304319475575
30.09,1306842.7656084225,10952930.0,49.86931572343916
30.1,1306706.0472198478,10952850.0,49.869329395278015
30.11,1306560.3397085823,10952750.0,49.86934396602914
30.12,1306420.335929701,10952630.0,49.86935796640703
30.13,1306300.111103411,10952520.0,49.86936998888966
30.14,1306211.5822965126,10952420.0,49.86937884177035
30.15,1306163.2246142097,10952340.0,49.86938367753858
30.16,1306159.181818174,10952310.0,49.86938408181818
30.17,1306198.8556805914,10952310.0,49.86938011443194
30.18,1306277.0028057003,10952360.0,49.86937229971943
30.19,1306384.3150364107,10952430.0,49.86936156849636
30.2,1306508.4122699487,10952530.0,49.869349158773005
30.21,1306635.1445450408,10952650.0,49.869336485545496
30.22,1306750.0769267327,10952760.0,49.86932499230733
30.23,1306840.0141415992,10952860.0,49.86931599858584
30.24,1306894.4131017446,10952930.0,49.869310558689826
30.25,1306906.5369140985,10952960.0,49.86930934630859
30.26,1306874.219265808,10952940.0,49.86931257807342
30.27,1306800.1416628761,10952870.0,49.86931998583371
30.28,1306691.5772096622,10952760.0,49.869330842279034
30.29,1306559.61528511,10952610.0,49.86934403847149
30.3,1306417.949241876,10952430.0,49.86935820507581
30.31,1306281.3646878623,10952240.0,49.869371863531214
30.32,1306164.107748984,10952040.0,49.8693835892251
30.33,1306078.3245438756,10951860.0,49.86939216754561
30.34,1306032.7511565362,10951710.0,49.869396724884346
30.35,1306031.7950914423,10951600.0,49.869396820490856
30.36,1306075.0962948475,10951520.0,49.869392490370515
30.37,1306157.6001081932,10951490.0,49.86938423998918
30.38,1306270.117166477,10951490.0,49.86937298828335
30.39,1306400.3050443772,10951520.0,49.86935996949556
30.4,1306533.966957062,10951560.0,49.869346603304294
30.41,1306656.540457709,10951600.0,49.86933434595423
30.42,1306754.6343431503,10951620.0,49.869324536565685
30.43,1306817.4612396888,10951610.0,49.86931825387603
30.44,1306838.0164660453,10951570.0,49.869316198353395
30.45,1306813.870387913,10951480.0,49.86931861296121
30.46,1306747.4751535002,10951340.0,49.86932525248465
30.47,1306645.9348906535,10951150.0,49.869335406510935
30.48,1306520.2497123352,10950920.0,49.86934797502877
30.49,1306384.112999055,10950670.0,49.869361588700095
30.5,1306252.400266601,10950400.0,49.86937475997334
30.51,1306139.5268911014,10950130.0,49.86938604731089
30.52,1306057.8672535429,10949880.0,49.869394213274646
30.53,1306016.4189968049,10949650.0,49.86939835810032
30.54,1306019.8557085556,10949460.0,49.869398014429144
30.55,1306068.0582300676,10949310.0,49.86939319417699
30.56,1306156.1625883656,10949200.0,49.86938438374116
30.57,1306275.1017945118,10949120.0,49.86937248982055
30.58,1306412.574368565,10949080.0,49.86935874256314
30.59,1306554.338539172,10949040.0,49.86934456614608
30.6,1306685.7059849468,10949010.0,49.869331429401505
30.61,1306793.090434013,10948970.0,49.8693206909566
30.62,1306865.4593170946,10948890.0,49.86931345406829
30.63,1306895.5382654225,10948780.0,49.86931044617346
30.64,1306880.6319273564,10948620.0,49.869311936807264
30.65,1306822.9600837356,10948410.0,49.869317703991626
30.66,1306729.4536612194,10948150.0,49.86932705463388
30.67,1306611.0193476276,10947860.0,49.86933889806524
30.68,1306481.347794346,10947540.0,49.869351865220565
30.69,1306355.4021712064,10947200.0,49.86936445978288
30.7,1306247.7654541028,10946860.0,49.86937522345459
30.71,1306171.0403351868,10946530.0,49.86938289596648
30.72,1306134.4870008184,10946240.0,49.86938655129992
30.73,1306143.0462524015,10945980.0,49.86938569537476
30.74,1306196.842691918,10945760.0,49.86938031573081
30.75,1306291.2067049127,10945580.0,49.86937087932951
30.76,1306417.1964718697,10945440.0,49.86935828035281
30.77,1306562.554127595,10945330.0,49.86934374458724
30.78,1306712.9956200318,10945230.0,49.869328700438
30.79,1306853.7085627697,10945140.0,49.86931462914372
30.8,1306970.9126484953,10945030.0,49.86930290873515
30.81,1307053.3304021126,10944900.0,49.86929466695979
30.82,1307093.4163654612,10944720.0,49.869290658363454
30.83,1307088.2071934165,10944510.0,49.86929117928066
30.84,1307039.6872114288,10944240.0,49.86929603127886
30.85,1306954.6103961472,10943930.0,49.869304538960385
30.86,1306843.785434353,10943580.0,49.869315621456565
30.87,1306720.896456568,10943190.0,49.86932791035434
30.88,1306600.9916764898,10942800.0,49.86933990083235
30.89,1306498.8200845562,10942400.0,49.869350117991544
30.9,1306427.2121920339,10942020.0,49.8693572787808
30.91,1306395.6915096496,10941660.0,49.869360430849035
30.92,1306409.468118872,10941350.0,49.86935905318811
30.93,1306468.9135380548,10941070.0,49.869353108646195
30.94,1306569.5565472879,10940840.0,49.86934304434527
30.95,1306702.5842069313,10940650.0,49.86932974157931
30.96,1306855.7859761398,10940490.0,49.869314421402386
30.97,1307014.8390816173,10940340.0,49.86929851609184
30.98,1307164.8092864053,10940200.0,49.86928351907136
30.99,1307291.7233443349,10940050.0,49.86927082766557
31.0,1307384.058358494,10939870.0,49.86926159416415
31.01,1307433.9966405546,10939650.0,49.869256600335945
31.02,1307438.3045513115,10939390.0,49.86925616954487
31.03,1307398.727086735,10939080.0,49.86926012729133
31.04,1307321.8376041495,10938730.0,49.869267816239585
31.05,1307218.3435816953,10938340.0,49.86927816564183
31.06,1307101.9191111333,10937910.0,49.86928980808889
31.07,1306987.6943441017,10937470.0,49.86930123056559
31.08,1306890.5822218824,10937040.0,49.86931094177781
31.09,1306823.640910082,10936610.0,49.86931763590899
31.1,1306796.6587374257,10936220.0,49.86932033412626
31.11,1306815.1178474352,10935860.0,49.86931848821526
31.12,1306879.6398032845,10935550.0,49.86931203601967
31.13,1306985.9549320028,10935280.0,49.8693014045068
31.14,1307125.3839336094,10935060.0,49.86928746160664
31.15,1307285.7680679562,10934860.0,49.869271423193204
31.16,1307452.74901642,10934680.0,49.86925472509836
31.17,1307611.2734824363,10934510.0,49.869238872651756
31.18,1307747.1767341108,10934330.0,49.86922528232659
31.19,1307848.6913613575,10934120.0,49.869215130863864
31.2,1307907.726298083,10933880.0,49.86920922737019
31.21,1307920.774913285,10933600.0,49.86920792250867
31.22,1307889.3400665948,10933260.0,49.86921106599334
31.23,1307819.81101066,10932880.0,49.869218018898934
31.24,1307722.790004533,10932470.0,49.86922772099955
31.25,1307611.9364127691,10932020.0,49.86923880635872
31.26,1307502.4593716478,10931560.0,49.869249754062835
31.27,1307409.4353878961,10931100.0,49.86925905646121
31.28,1307346.1501856798,10930660.0,49.86926538498143
31.29,1307322.6578187302,10930240.0,49.86926773421813
31.3,1307344.7147819905,10929860.0,49.8692655285218
31.31,1307413.1958831004,10929530.0,49.86925868041169
31.32,1307524.038084722,10929240.0,49.86924759619153
31.33,1307668.7002754994,10929000.0,49.86923312997245
31.34,1307835.0795130688,10928790.0,49.86921649204869
31.35,1308008.7860114276,10928600.0,49.86919912139886
31.36,1308174.650348164,10928420.0,49.869182534965184
31.37,1308318.3184142655,10928220.0,49.86916816815857
31.38,1308427.7789978671,10928010.0,49.86915722210021
31.39,1308494.6672339726,10927760.0,49.8691505332766
31.4,1308515.2015950286,10927470.0,49.8691484798405
31.41,1308490.6392251838,10927130.0,49.86915093607748
31.42,1308427.1804981995,10926750.0,49.86915728195018
31.43,1308335.3179865754,10926330.0,49.86916646820134
31.44,1308228.6938444553,10925880.0,49.869177130615554
31.45,1308122.5935575701,10925410.0,49.86918774064424
31.46,1308032.2541447487,10924950.0,49.869196774585525
31.47,1307971.1884690681,10924500.0,49.86920288115309
31.48,1307949.71787509,10924080.0,49.86920502821249
31.49,1307973.8758161596,10923700.0,49.869202612418384
31.5,1308044.7945504403,10923360.0,49.869195520544956
31.51,1308158.621585207,10923080.0,49.86918413784148
31.52,1308306.9581199426,10922840.0,49.869169304188006
31.53,1308477.7618824716,10922630.0,49.86915222381175
31.54,1308656.6158582259,10922440.0,49.86913433841418
31.55,1308828.2377705695,10922270.0,49.86911717622294
31.56,1308978.08588756,10922080.0,49.869102191411244
31.57,1309093.9047836515,10921880.0,49.869090609521635
31.58,1309167.0544770295,10921640.0,49.8690832945523
31.59,1309193.47667934,10921360.0,49.869080652332066
31.6,1309174.1796740307,10921040.0,49.8690825820326
31.61,1309115.1709495818,10920670.0,49.86908848290504
31.62,1309026.8287797358,10920260.0,49.869097317122026
31.63,1308922.773013279,10919830.0,49.86910772269867
31.64,1308818.3617777105,10919380.0,49.86911816382223
31.65,1308728.9912767375,10918930.0,49.869127100872326
31.66,1308668.400362265,10918490.0,49.86913315996377
31.67,1308647.1780668064,10918090.0,49.86913528219332
31.68,1308671.6380643537,10917730.0,49.869132836193565
31.69,1308743.17339277,10917410.0,49.86912568266072
31.7,1308858.1460667825,10917140.0,49.86911418539332
31.71,1309008.304452277,10916920.0,49.86909916955477
31.72,1309181.6711036586,10916740.0,49.869081832889634
31.73,1309363.805249859,10916580.0,49.869063619475014
31.74,1309539.3144778456,10916430.0,49.869046068552215
31.75,1309693.4713417597,10916270.0,49.869030652865824
31.76,1309813.7775309482,10916100.0,49.869018622246905
31.77,1309891.3169846328,10915890.0,49.86901086830154
31.78,1309921.7515430439,10915650.0,49.869007824845696
31.79,1309905.8362229243,10915360.0,49.86900941637771
31.8,1309849.380989192,10915020.0,49.86901506190108
31.81,1309762.645484014,10914650.0,49.8690237354516
31.82,1309659.2229189952,10914250.0,49.8690340777081
31.83,1309554.5406082466,10913830.0,49.869044545939175
31.84,1309464.15123681,10913420.0,49.86905358487632
31.85,1309402.019528747,10913020.0,49.869059798047125
31.86,1309379.0034690755,10912650.0,49.86906209965309
31.87,1309401.6981004586,10912320.0,49.869059830189954
31.88,1309471.7607928175,10912050.0,49.86905282392072
31.89,1309585.7729248195,10911820.0,49.86904142270752
31.9,1309735.6346593613,10911640.0,49.869026436534064
31.91,1309909.4379840181,10911500.0,49.8690090562016
31.92,1310092.723072742,10911380.0,49.868990727692726
31.93,1310269.9910337634,10911280.0,49.868973000896624
31.94,1310426.330319885,10911180.0,49.86895736696801
31.95,1310548.9998317666,10911050.0,49.86894510001682
31.96,1310628.8067596238,10910900.0,49.86893711932404
31.97,1310661.13063099,10910710.0,49.8689338869369
31.98,1310646.470258945,10910470.0,49.868935352974106
31.99,1310590.4343923668,10910190.0,49.86894095656076
32.0,1310503.1589364558,10909870.0,49.868949684106354
32.01,1310398.206377741,10909530.0,49.868960179362226
32.02,1310291.0696346725,10909170.0,49.86897089303653
32.03,1310197.4560043316,10908810.0,49.86898025439957
32.04,1310131.55535463,10908470.0,49.86898684446454
32.05,1310104.4951488916,10908160.0,49.86898955048511
32.06,1310123.1555642555,10907890.0,49.868987684443574
32.07,1310189.4626235121,10907670.0,49.86898105373765
32.08,1310300.221322862,10907510.0,49.868969977867714
32.09,1310447.4888407935,10907390.0,49.86895525111592
32.1,1310619.4318958586,10907310.0,49.868938056810414
32.11,1310801.5751410562,10907260.0,49.868919842485894
32.12,1310978.316124789,10907230.0,49.86890216838752
32.13,1311134.5623102721,10907190.0,49.86888654376897
32.14,1311257.3306728592,10907140.0,49.868874266932714
32.15,1311337.1507569128,10907060.0,49.86886628492431
32.16,1311369.118507244,10906940.0,49.868863088149276
32.17,1311353.4731798638,10906780.0,49.868864652682014
32.18,1311295.6176299662,10906580.0,49.868870438237
32.19,1311205.559633919,10906330.0,49.86887944403661
32.2,1311096.8267724132,10906060.0,49.86889031732276
32.21,1310984.9747220182,10905780.0,49.8689015025278
32.22,1310885.8633046339,10905500.0,49.86891141366954
32.23,1310813.9072808456,10905230.0,49.868918609271915
32.24,1310780.5058197642,10905000.0,49.868921949418024
32.25,1310792.825898588,10904800.0,49.86892071741014
32.26,1310853.0653303773,10904660.0,49.86891469346696
32.27,1310958.2579588164,10904580.0,49.86890417420412
32.28,1311100.6230240462,10904540.0,49.868889937697595
32.29,1311268.4064860502,10904550.0,49.868873159351395
32.3,1311447.1222716873,10904580.0,49.86885528777283
32.31,1311621.0687407914,10904630.0,49.86883789312592
32.32,1311774.9740638374,10904680.0,49.868822502593616
32.33,1311895.614190135,10904720.0,49.86881043858099
32.34,1311973.2403993113,10904730.0,49.86880267596007
32.35,1312002.662097811,10904700.0,49.86879973379022
32.36,1311983.8556957575,10904630.0,49.868801614430424
32.37,1311922.0141264522,10904510.0,49.868807798587355
32.38,1311827.0128422438,10904360.0,49.868817298715776
32.39,1311712.3406189536,10904180.0,49.868828765938105
32.4,1311593.6123463712,10903990.0,49.86884063876536
32.41,1311486.83826531,10903790.0,49.86885131617347
32.42,1311406.65727294,10903620.0,49.868859334272706
32.43,1311364.7407141116,10903470.0,49.86886352592859
32.44,1311368.5453797076,10903370.0,49.86886314546203
32.45,1311420.5449239335,10903320.0,49.86885794550761
32.46,1311518.0060943742,10903330.0,49.86884819939056
32.47,1311653.3147361765,10903380.0,49.86883466852638
32.48,1311814.80117732,10903480.0,49.86881851988227
32.49,1311987.9728278506,10903610.0,49.868801202717215
32.5,1312157.0312041086,10903760.0,49.86878429687959
32.51,1312306.5272191782,10903910.0,49.86876934727808
32.52,1312422.996479512,10904050.0,49.86875770035205
32.53,1312496.4113765003,10904160.0,49.86875035886235
32.54,1312521.2933114483,10904230.0,49.868747870668855
32.55,1312497.3525958695,10904250.0,49.86875026474041
32.56,1312429.5680530195,10904240.0,49.8687570431947
32.57,1312327.6781859517,10904190.0,49.868767232181405
32.58,1312205.128561814,10904100.0,49.86877948714382
32.59,1312077.5901570881,10904010.0,49.86879224098429
32.6,1311961.2220907584,10903910.0,49.868803877790924
32.61,1311870.887325739,10903830.0,49.868812911267426
32.62,1311818.530579032,10903790.0,49.8688181469421
32.63,1311811.9008475305,10903780.0,49.86881880991525
32.64,1311853.7515293837,10903830.0,49.86881462484706
32.65,1311941.5868664675,10903930.0,49.86880584131335
32.66,1312067.9636787714,10904090.0,49.86879320363212
32.67,1312221.301044687,10904280.0,49.86877786989553
32.68,1312387.1040745883,10904520.0,49.86876128959254
32.69,1312549.4807847105,10904760.0,49.86874505192153
32.7,1312692.8070587951,10905020.0,49.86873071929412
32.71,1312803.3790631122,10905250.0,49.86871966209369
32.72,1312870.8895622764,10905460.0,49.86871291104377
32.73,1312889.56915661,10905640.0,49.86871104308434
32.74,1312858.8582350176,10905770.0,49.8687141141765
32.75,1312783.5180383585,10905850.0,49.868721648196164
32.76,1312673.1469472474,10905900.0,49.868732685305275
32.77,1312541.1440365298,10905920.0,49.86874588559635
32.78,1312403.2333604419,10905920.0,49.868759676663956
32.79,1312275.720969609,10905920.0,49.86877242790304
32.8,1312173.6935570994,10905940.0,49.86878263064429
32.81,1312109.3707385256,10905990.0,49.86878906292615
32.82,1312090.7971348572,10906080.0,49.868790920286514
32.83,1312121.0093411405,10906230.0,49.868787899065886
32.84,1312197.7531545071,10906420.0,49.86878022468455
32.85,1312313.7615436774,10906670.0,49.86876862384563
32.86,1312457.546420731,10906970.0,49.86875424535793
32.87,1312614.6140551497,10907300.0,49.868738538594485
32.88,1312768.9822399446,10907640.0,49.868723101776006
32.89,1312904.8539777698,10907990.0,49.86870951460222
32.9,1313008.2866054948,10908330.0,49.86869917133945
32.91,1313068.6923518907,10908630.0,49.86869313076481
32.92,1313080.0092776695,10908910.0,49.86869199907223
32.93,1313041.4056298889,10909130.0,49.86869585943701
32.94,1312957.4217867202,10909310.0,49.86870425782133
32.95,1312837.511724183,10909460.0,49.86871624882758
32.96,1312695.0240187796,10909570.0,49.86873049759812
32.97,1312545.7333516267,10909660.0,49.86874542666484
32.98,1312406.0916890556,10909750.0,49.868759390831094
32.99,1312291.409505093,10909860.0,49.86877085904949
33.0,1312214.1828043254,10910000.0,49.86877858171957
33.01,1312182.7537315767,10910180.0,49.86878172462684
33.02,1312200.4455172487,10910410.0,49.868779955448275
33.03,1312265.2503219,10910690.0,49.86877347496781
33.04,1312370.0815880569,10911020.0,49.868762991841194
33.05,1312503.5482067205,10911400.0,49.86874964517933
33.06,1312651.1609108604,10911820.0,49.868734883908914
33.07,1312796.8495670217,10912250.0,49.8687203150433
33.08,1312924.6453571853,10912690.0,49.86870753546428
33.09,1313020.3668489314,10913110.0,49.86869796331511
33.1,1313073.1449133747,10913500.0,49.86869268550866
33.11,1313076.6236916003,10913860.0,49.86869233763084
33.12,1313029.6962309985,10914170.0,49.8686970303769
33.13,1312936.6771879348,10914440.0,49.86870633228121
33.14,1312806.872362131,10914660.0,49.86871931276379
33.15,1312653.5775075608,10914850.0,49.868734642249244
33.16,1312492.6153504646,10915020.0,49.86875073846495
33.17,1312340.5816395462,10915190.0,49.868765941836045
33.18,1312213.010599166,10915370.0,49.86877869894008
33.19,1312122.6756396708,10915580.0,49.86878773243603
33.2,1312078.2187757385,10915830.0,49.868792178122426
33.21,1312083.2533623173,10916130.0,49.86879167466377
33.22,1312136.0210971034,10916480.0,49.86878639789029
33.23,1312229.6194089244,10916880.0,49.86877703805911
33.24,1312352.7577965888,10917330.0,49.86876472422034
33.25,1312490.9551198983,10917820.0,49.86875090448801
33.26,1312628.0556873837,10918320.0,49.86873719443126
33.27,1312747.9197264335,10918820.0,49.86872520802736
33.28,1312836.1268397272,10919310.0,49.86871638731603
33.29,1312881.5250402682,10919770.0,49.86871184749597
33.3,1312877.460991686,10920190.0,49.86871225390083
33.31,1312822.5494790513,10920570.0,49.868717745052095
33.32,1312720.876850193,10920900.0,49.86872791231498
33.33,1312581.5965634757,10921180.0,49.86874184034365
33.34,1312417.9474298358,10921430.0,49.868758205257016
33.35,1312245.797468492,10921660.0,49.86877542025315
33.36,1312081.884954992,10921880.0,49.8687918115045
33.37,1311941.9673831344,10922110.0,49.86880580326169
33.38,1311839.096558387,10922370.0,49.86881609034416
33.39,1311782.2165217064,10922670.0,49.86882177834783
33.4,1311775.2335543288,10923020.0,49.86882247664457
33.41,1311816.6422436417,10923420.0,49.868818335775636
33.42,1311899.7272464838,10923870.0,49.86881002727535
33.43,1312013.301778876,10924370.0,49.86879866982211
33.44,1312142.8948864632,10924900.0,49.868785710511354
33.45,1312272.266569181,10925440.0,49.86877277334308
33.46,1312385.1068326076,10925990.0,49.86876148931674
33.47,1312466.7560915526,10926530.0,49.868753324390845
33.48,1312505.7779833328,10927030.0,49.86874942220167
33.49,1312495.2199230222,10927500.0,49.8687504780077
33.5,1312433.4146422,10927910.0,49.86875665853578
33.51,1312324.2158503956,10928280.0,49.86876757841496
33.52,1312176.6213045304,10928600.0,49.86878233786955
33.53,1312003.809199851,10928880.0,49.868799619080015
33.54,1311821.6899519553,10929140.0,49.868817831004804
33.55,1311647.1431063558,10929400.0,49.868835285689364
33.56,1311496.149485194,10929660.0,49.86885038505148
33.57,1311382.0401314057,10929940.0,49.86886179598686
33.58,1311314.0631919862,10930270.0,49.8688685936808
33.59,1311296.420537431,10930640.0,49.86887035794626
33.6,1311327.8626200752,10931060.0,49.86886721373799
33.61,1311401.8644946413,10931530.0,49.868859813550536
33.62,1311507.345549927,10932050.0,49.86884926544501
33.63,1311629.8468887066,10932600.0,49.86883701531113
33.64,1311753.045786759,10933160.0,49.868824695421324
33.65,1311860.462487928,10933730.0,49.86881395375121
33.66,1311937.1972937444,10934280.0,49.868806280270626
33.67,1311971.5277824895,10934800.0,49.86880284722175
33.68,1311956.1991363326,10935280.0,49.86880438008637
33.69,1311889.25897348,10935710.0,49.86881107410265
33.7,1311774.324961732,10936090.0,49.86882256750383
33.71,1311620.2351339012,10936420.0,49.86883797648661
33.72,1311440.1037442037,10936720.0,49.86885598962558
33.73,1311249.8816003893,10936980.0,49.86887501183996
33.74,1311066.5878119222,10937240.0,49.86889334121881
33.75,1310906.4255989012,10937500.0,49.86890935744011
33.76,1310783.0064038238,10937780.0,49.86892169935962
33.77,1310705.884499299,10938100.0,49.86892941155007
33.78,1310679.5597210664,10938470.0,49.86893204402789
33.79,1310703.04110132,10938890.0,49.86892969588987
33.8,1310769.9970694142,10939360.0,49.86892300029306
33.81,1310869.456009911,10939860.0,49.86891305439901
33.82,1310986.9731878377,10940400.0,49.868901302681216
33.83,1311106.1440916671,10940960.0,49.86888938559083
33.84,1311210.318957734,10941520.0,49.86887896810423
33.85,1311284.3570748111,10942060.0,49.86887156429252
33.86,1311316.2483134032,10942570.0,49.86886837516866
33.87,1311298.4330118138,10943040.0,49.86887015669882
33.88,1311228.6697761987,10943460.0,49.86887713302238
33.89,1311110.3355667097,10943820.0,49.86888896644333
33.9,1310952.1051033114,10944140.0,49.86890478948967
33.91,1310767.0257046777,10944410.0,49.86892329742953
33.92,1310571.0855103326,10944650.0,49.86894289144897
33.93,1310381.4419338277,10944880.0,49.86896185580662
33.94,1310214.520969879,10945120.0,49.86897854790301
33.95,1310084.214460261,10945380.0,49.868991578553974
33.96,1310000.3840921205,10945660.0,49.86899996159079
33.97,1309967.8307803941,10946000.0,49.86900321692196
33.98,1309985.8254110331,10946380.0,49.8690014174589
33.99,1310048.2320635365,10946820.0,49.868995176793646
34.0,1310144.190238205,10947290.0,49.86898558097618
34.01,1310259.2708731464,10947800.0,49.868974072912685
34.02,1310376.9882537364,10948320.0,49.868962301174626
34.03,1310480.5228842765,10948850.0,49.86895194771157
34.04,1310554.491722371,10949350.0,49.86894455082776
34.05,1310586.5945119888,10949830.0,49.8689413405488
34.06,1310568.9635747098,10950260.0,49.86894310364253
34.07,1310499.0648088232,10950640.0,49.86895009351912
34.08,1310380.031596523,10950960.0,49.86896199684035
34.09,1310220.3710990069,10951230.0,49.8689779628901
34.1,1310033.0599385756,10951460.0,49.86899669400614
34.11,1309834.1211870946,10951650.0,49.86901658788129
34.12,1309640.8485139932,10951830.0,49.8690359151486
34.13,1309469.8897350554,10952020.0,49.869053011026494
34.14,1309335.4186934647,10952220.0,49.86906645813065
34.15,1309247.607061579,10952460.0,49.86907523929384
34.16,1309211.55810519,10952740.0,49.86907884418948
34.17,1309226.8065598488,10953060.0,49.869077319344015
34.18,1309287.4157256063,10953440.0,49.86907125842744
34.19,1309382.6386538865,10953860.0,49.86906173613461
34.2,1309498.0631174024,10954310.0,49.86905019368826
34.21,1309617.123284852,10954770.0,49.869038287671515
34.22,1309722.830119071,10955240.0,49.86902771698809
34.23,1309799.5571838794,10955680.0,49.86902004428161
34.24,1309834.7115998622,10956100.0,49.869016528840014
34.25,1309820.1150755528,10956470.0,49.869017988492445
34.26,1309752.9374532967,10956780.0,49.86902470625467
34.27,1309636.0635174164,10957040.0,49.86903639364826
34.28,1309477.8288338915,10957250.0,49.86905221711661
34.29,1309291.1354646476,10957410.0,49.869070886453535
34.3,1309092.038684625,10957540.0,49.86909079613154
34.31,1308897.9670558132,10957650.0,49.86911020329442
34.32,1308725.790232117,10957760.0,49.86912742097679
34.33,1308589.9648977772,10957890.0,49.86914100351022
34.34,1308500.9733833885,10958050.0,49.86914990266166
34.35,1308464.2244798061,10958250.0,49.86915357755202
34.36,1308479.5203919697,10958500.0,49.8691520479608
34.37,1308541.1252978928,10958800.0,49.86914588747021
34.38,1308638.4075982948,10959140.0,49.86913615924017
34.39,1308756.974704366,10959510.0,49.86912430252956
34.4,1308880.1813719186,10959900.0,49.86911198186281
34.41,1308990.868287836,10960290.0,49.869100913171216
34.42,1309073.1652314959,10960660.0,49.86909268347685
34.43,1309114.1852360265,10961000.0,49.8690885814764
34.44,1309105.4356107179,10961290.0,49.86908945643893
34.45,1309043.7860640236,10961520.0,49.8690956213936
34.46,1308931.8686981243,10961700.0,49.86910681313019
34.47,1308777.843308775,10961830.0,49.86912221566912
34.48,1308594.5340207417,10961900.0,49.869140546597926
34.49,1308398.0250006279,10961950.0,49.86916019749994
34.5,1308205.8778199013,10961970.0,49.86917941221801
34.51,1308035.1832152815,10961990.0,49.86919648167847
34.52,1307900.6812329653,10962030.0,49.8692099318767
34.53,1307813.1671853298,10962100.0,49.86921868328147
34.54,1307778.357679794,10962220.0,49.86922216423202
34.55,1307796.324840922,10962380.0,49.86922036751591
34.56,1307861.537323305,10962580.0,49.86921384626767
34.57,1307963.481575456,10962830.0,49.869203651842454
34.58,1308087.7861781204,10963110.0,49.86919122138219
34.59,1308217.7283150998,10963410.0,49.86917822716849
34.6,1308335.978675146,10963710.0,49.869166402132485
34.61,1308426.4218877451,10963990.0,49.869157357811225
34.62,1308475.8750132862,10964240.0,49.86915241249867
34.63,1308475.5285184002,10964440.0,49.86915244714816
34.64,1308421.9479153347,10964590.0,49.86915780520847
34.65,1308317.5087106014,10964670.0,49.86916824912894
34.66,1308170.1909137422,10964700.0,49.869182980908626
34.67,1307992.736752439,10964690.0,49.869200726324756
34.68,1307801.2562557717,10964640.0,49.86921987437442
34.69,1307613.4418125206,10964560.0,49.86923865581875
34.7,1307446.6048910692,10964490.0,49.86925533951089
34.71,1307315.769169577,10964430.0,49.86926842308304
34.72,1307232.04448131,10964400.0,49.86927679555187
34.73,1307201.4584477642,10964410.0,49.869279854155224
34.74,1307224.356602319,10964470.0,49.86927756433977
34.75,1307295.415256462,10964580.0,49.869270458474354
34.76,1307404.2429149558,10964730.0,49.869259575708504
34.77,1307536.4917654754,10964920.0,49.86924635082345
34.78,1307675.3625582426,10965120.0,49.869232463744176
34.79,1307803.3571570558,10965320.0,49.869219664284294
34.8,1307904.11554365,10965500.0,49.869209588445635
34.81,1307964.15725996,10965660.0,49.869203584274004
34.82,1307974.3535421784,10965760.0,49.86920256464578
34.83,1307930.9633963732,10965810.0,49.86920690366036
34.84,1307836.1013620566,10965800.0,49.869216389863794
34.85,1307697.5625369868,10965740.0,49.8692302437463
34.86,1307528.0023674197,10965620.0,49.86924719976326
34.87,1307343.5536372813,10965470.0,49.86926564463627
34.88,1307162.0378314464,10965300.0,49.869283796216855
34.89,1307000.985586413,10965120.0,49.86929990144136
34.9,1306875.705270585,10964960.0,49.86931242947294
34.91,1306797.6238320966,10964840.0,49.86932023761679
34.92,1306773.0823918567,10964750.0,49.869322691760814
34.93,1306802.703272183,10964700.0,49.86931972967278
34.94,1306881.3741226392,10964710.0,49.869311862587736
34.95,1306998.8283185551,10964760.0,49.869300117168144
34.96,1307140.7445127647,10964850.0,49.86928592554872
34.97,1307290.2491268225,10964950.0,49.86927097508732
34.98,1307429.676122638,10965060.0,49.869257032387736
34.99,1307542.4292309633,10965150.0,49.869245757076904
35.0,1307614.737684304,10965200.0,49.86923852623157
35.01,1307637.1589001212,10965220.0,49.86923628410999
35.02,1307605.6445860474,10965170.0,49.869239435541395
35.03,1307522.0453448112,10965070.0,49.86924779546552
35.04,1307393.9667089006,10964910.0,49.86926060332911
35.05,1307233.9724768512,10964700.0,49.869276602752315
35.06,1307058.2126399444,10964450.0,49.869294178736006
35.07,1306884.632676386,10964180.0,49.86931153673236
35.08,1306730.9797143168,10963900.0,49.86932690202857
35.09,1306612.8451023218,10963650.0,49.86933871548977
35.1,1306541.9722346405,10963420.0,49.869345802776536
35.11,1306525.0166897613,10963230.0,49.869347498331024
35.12,1306562.878754889,10963100.0,49.86934371212451
35.13,1306650.6588575777,10963010.0,49.86933493411424
35.14,1306778.2166513097,10962960.0,49.86932217833487
35.15,1306931.2582982918,10962960.0,49.86930687417017
35.16,1307092.8360849621,10962970.0,49.869290716391504
35.17,1307245.1141226792,10962980.0,49.86927548858773
35.18,1307371.2603537047,10962980.0,49.86926287396463
35.19,1307457.2310125632,10962950.0,49.869254276898744
35.2,1307493.283269565,10962880.0,49.86925067167304
35.21,1307475.0678880066,10962740.0,49.8692524932112
35.22,1307404.16994648,10962560.0,49.86925958300535
35.23,1307287.9996872898,10962310.0,49.86927120003127
35.24,1307139.0212105173,10962010.0,49.86928609787895
35.25,1306973.3929972216,10961680.0,49.86930266070028
35.26,1306809.1765403978,10961320.0,49.86931908234596
35.27,1306664.3283220713,10960960.0,49.86933356716779
35.28,1306554.7171359526,10960620.0,49.869344528286405
35.29,1306492.3990869203,10960300.0,49.86935076009131
35.3,1306484.341451224,10960030.0,49.86935156585488
35.31,1306531.7209292715,10959810.0,49.86934682790707
35.32,1306629.8494827321,10959640.0,49.86933701505173
35.33,1306768.7117240469,10959520.0,49.869323128827595
35.34,1306934.0391317043,10959430.0,49.86930659608683
35.35,1307108.806343038,10959360.0,49.869289119365696
35.36,1307275.00423248,10959300.0,49.86927249957675
35.37,1307415.5596336822,10959230.0,49.86925844403663
35.38,1307516.151086432,10959130.0,49.86924838489136
35.39,1307566.7292506665,10958980.0,49.86924332707493
35.4,1307562.6358995151,10958780.0,49.86924373641005
35.41,1307505.1818964311,10958530.0,49.86924948181036
35.42,1307401.5734789413,10958210.0,49.869259842652106
35.43,1307264.1656295047,10957850.0,49.86927358343705
35.44,1307109.1168674086,10957440.0,49.86928908831326
35.45,1306954.598546497,10957020.0,49.86930454014535
35.46,1306818.772677616,10956600.0,49.86931812273224
35.47,1306717.7837401545,10956180.0,49.869328221625985
35.48,1306664.0005654762,10955800.0,49.86933359994345
35.49,1306664.703902669,10955470.0,49.86933352960973
35.5,1306721.3499554242,10955190.0,49.86932786500446
35.51,1306829.4666354775,10954960.0,49.86931705333645
35.52,1306979.1677250464,10954780.0,49.869302083227495
35.53,1307156.2140549987,10954630.0,49.8692843785945
35.54,1307343.5065022921,10954510.0,49.86926564934977
35.55,1307522.8646886216,10954400.0,49.86924771353114
35.56,1307676.975256058,10954280.0,49.869232302474394
35.57,1307791.2432074612,10954130.0,49.869220875679254
35.58,1307855.3194085173,10953940.0,49.86921446805915
35.59,1307864.2386874862,10953700.0,49.86921357613125
35.6,1307819.0370021048,10953400.0,49.86921809629979
35.61,1307726.7133525794,10953040.0,49.86922732866474
35.62,1307599.5109042537,10952640.0,49.869240048909575
35.63,1307453.586862337,10952200.0,49.869254641313766
35.64,1307307.2219918203,10951730.0,49.86926927780082
35.65,1307178.7853572657,10951270.0,49.86928212146427
35.66,1307084.7001778674,10950820.0,49.86929152998221
35.67,1307037.6526398775,10950400.0,49.86929623473601
35.68,1307045.2436780045,10950030.0,49.8692954756322
35.69,1307109.217129181,10949720.0,49.86928907828708
35.7,1307225.3246225074,10949460.0,49.86927746753775
35.71,1307383.817349006,10949240.0,49.8692616182651
35.72,1307570.493078174,10949080.0,49.86924295069218
35.73,1307768.1850715096,10948940.0,49.86922318149285
35.74,1307958.5471226806,10948800.0,49.86920414528773
35.75,1308124.032768987,10948670.0,49.8691875967231
35.76,1308249.7880125742,10948500.0,49.86917502119874
35.77,1308325.177423697,10948300.0,49.86916748225763
35.78,1308344.933703296,10948040.0,49.86916550662967
35.79,1308309.8177015274,10947730.0,49.86916901822985
35.8,1308226.6185521972,10947360.0,49.86917733814478
35.81,1308107.4638477475,10946950.0,49.869189253615225
35.82,1307968.5053546086,10946500.0,49.86920314946454
35.83,1307828.1294070138,10946030.0,49.8692171870593
35.84,1307704.9091400283,10945560.0,49.869229509086
35.85,1307615.5461369865,10945100.0,49.8692384453863
35.86,1307573.0455564384,10944690.0,49.869242695444356
35.87,1307585.3312359697,10944320.0,49.8692414668764
35.88,1307654.4379858745,10944000.0,49.86923455620141
35.89,1307776.3448863777,10943740.0,49.86922236551136
35.9,1307941.4434261594,10943540.0,49.869205855657384
35.91,1308135.5709013564,10943370.0,49.869186442909864
35.92,1308341.493925127,10943240.0,49.86916585060749
35.93,1308540.699788452,10943130.0,49.869145930021155
35.94,1308715.4072335495,10943000.0,49.869128459276645
35.95,1308850.5018298235,10942860.0,49.86911494981702
35.96,1308935.0630458086,10942670.0,49.86910649369542
35.97,1308963.522209865,10942440.0,49.86910364777901
35.98,1308936.3599748083,10942150.0,49.86910636400252
35.99,1308860.1485448238,10941810.0,49.86911398514552
36.0,1308746.891456778,10941420.0,49.86912531085432
36.01,1308612.7259281,10941000.0,49.86913872740719
36.02,1308476.1367208841,10940560.0,49.86915238632791
36.03,1308355.8961441354,10940120.0,49.86916441038559
36.04,1308268.9806884674,10939690.0,49.86917310193115
36.05,1308228.713649342,10939300.0,49.869177128635066
36.06,1308243.3424600025,10938970.0,49.869175665754
36.07,1308315.1941928861,10938680.0,49.86916848058071
36.08,1308440.4776029147,10938460.0,49.86915595223971
36.09,1308609.7269207642,10938300.0,49.869139027307924
36.1,1308808.8202179903,10938180.0,49.8691191179782
36.11,1309020.4589686038,10938090.0,49.86909795410314
36.12,1309225.9634726844,10938020.0,49.86907740365273
36.13,1309407.3141105156,10937950.0,49.86905926858895
36.14,1309549.1341611166,10937860.0,49.86904508658389
36.15,1309640.2186986466,10937730.0,49.869035978130135
36.16,1309674.6988253472,10937550.0,49.869032530117465
36.17,1309652.7713353368,10937320.0,49.869034722866466
36.18,1309580.7850959317,10937040.0,49.86904192149041
36.19,1309470.6127902356,10936710.0,49.869052938720976
36.2,1309338.371536981,10936340.0,49.8690661628463
36.21,1309202.6400767765,10935960.0,49.86907973599232
36.22,1309082.3867567282,10935580.0,49.86909176132433
36.23,1308994.862934796,10935220.0,49.86910051370652
36.24,1308953.7118919736,10934890.0,49.8691046288108
36.25,1308967.5077020503,10934620.0,49.869103249229795
36.26,1309038.8742967462,10934400.0,49.869096112570325
36.27,1309164.2558676142,10934250.0,49.86908357441324
36.28,1309334.3355068043,10934160.0,49.86906656644932
36.29,1309535.037664915,10934110.0,49.86904649623351
36.3,1309749.0021510795,10934100.0,49.86902509978489
36.31,1309957.3845386202,10934110.0,49.86900426154614
36.32,1310141.9269958115,10934110.0,49.86898580730042
36.33,1310286.9874605716,10934100.0,49.86897130125394
36.34,1310381.0730817146,10934060.0,49.86896189269183
36.35,1310418.0103447048,10933960.0,49.86895819896553
36.36,1310397.7075098073,10933820.0,49.86896022924902
36.37,1310326.285603125,10933620.0,49.86896737143969
36.38,1310215.482491941,10933380.0,49.868978451750806
36.39,1310081.3925903765,10933100.0,49.86899186074096
36.4,1309942.6876850373,10932810.0,49.869005731231496
36.41,1309818.5338110114,10932510.0,49.8690181466189
36.42,1309726.4603119642,10932240.0,49.869027353968804
36.43,1309680.4360263548,10932000.0,49.869031956397365
36.44,1309689.370154885,10931820.0,49.86903106298451
36.45,1309756.1929685497,10931690.0,49.869024380703145
36.46,1309877.5928605022,10931630.0,49.86901224071395
36.47,1310044.4098699882,10931630.0,49.868995559013
36.48,1310242.6231238695,10931680.0,49.86897573768761
36.49,1310454.818580169,10931770.0,49.86895451814198
36.5,1310661.9933719088,10931880.0,49.86893380066281
36.51,1310845.654865176,10931990.0,49.86891543451348
36.52,1310989.8958190058,10932080.0,49.8689010104181
36.53,1311082.9387480293,10932140.0,49.8688917061252
36.54,1311118.306960708,10932160.0,49.86888816930393
36.55,1311095.6217326475,10932120.0,49.868890437826735
36.56,1311020.7755627101,10932030.0,49.86889792244373
36.57,1310905.3696298646,10931890.0,49.86890946303701
36.58,1310765.474473996,10931720.0,49.8689234525526
36.59,1310619.854881523,10931540.0,49.86893801451185
36.6,1310487.8762073468,10931350.0,49.868951212379265
36.61,1310387.3405578525,10931180.0,49.868961265944215
36.62,1310332.5405635503,10931050.0,49.868966745943645
36.63,1310332.7204564153,10930980.0,49.86896672795436
36.64,1310391.1207778652,10930960.0,49.86896088792221
36.65,1310504.68139982,10931010.0,49.86894953186002
36.66,1310664.4077207362,10931120.0,49.868933559227926
36.67,1310856.3403942243,10931290.0,49.86891436596058
36.68,1311063.0173537885,10931490.0,49.86889369826462
36.69,1311265.2823233616,10931710.0,49.868873471767664
36.7,1311444.4093779554,10931940.0,49.868855559062204
36.71,1311584.2241117547,10932150.0,49.868841577588825
36.72,1311672.675212634,10932330.0,49.86883273247874
36.73,1311702.990104351,10932460.0,49.868829700989565
36.74,1311674.5070107782,10932550.0,49.86883254929892
36.75,1311592.8902305285,10932580.0,49.86884071097695
36.76,1311469.6031000505,10932560.0,49.868853039689995
36.77,1311320.6890247397,10932510.0,49.868867931097526
36.78,1311165.0027993703,10932440.0,49.86888349972006
36.79,1311022.1080319916,10932370.0,49.8688977891968
36.8,1310910.0744993896,10932320.0,49.86890899255006
36.81,1310843.5103580263,10932310.0,49.8689156489642
36.82,1310831.987497636,10932350.0,49.868916801250236
36.83,1310879.0565618023,10932460.0,49.86891209434382
36.84,1310981.9109213562,10932620.0,49.868901808907864
36.85,1311131.724959509,10932860.0,49.86888682750405
36.86,1311314.6050301339,10933140.0,49.86886853949699
36.87,1311513.0442957224,10933470.0,49.86884869557043
36.88,1311707.7354441874,10933810.0,49.86882922645558
36.89,1311879.7189159892,10934160.0,49.8688120281084
36.9,1312012.5497428603,10934500.0,49.868798745025714
36.91,1312093.9006095966,10934800.0,49.86879060993904
36.92,1312116.7035676963,10935060.0,49.86878832964323
36.93,1312080.011373311,10935270.0,49.86879199886267
36.94,1311989.2553284983,10935420.0,49.86880107446715
36.95,1311855.754573017,10935530.0,49.8688144245427
36.96,1311695.5205858715,10935600.0,49.86883044794141
36.97,1311527.4950807532,10935650.0,49.868847250491925
36.98,1311371.43797865,10935700.0,49.868862856202135
36.99,1311245.6847655806,10935770.0,49.86887543152344
37.0,1311165.1381574774,10935880.0,49.86888348618425
37.01,1311139.6824348276,10936040.0,49.86888603175652
37.02,1311173.1689719618,10936260.0,49.868882683102804
37.03,1311263.043106692,10936540.0,49.86887369568933
37.04,1311400.65127461,10936890.0,49.86885993487254
37.05,1311572.171235653,10937300.0,49.868842782876435
37.06,1311760.0583210276,10937740.0,49.8688239941679
37.07,1311944.8598173023,10938210.0,49.86880551401827
37.08,1312107.3863808163,10938680.0,49.86878926136192
37.09,1312230.9237454033,10939140.0,49.86877690762546
37.1,1312302.8755797606,10939560.0,49.868769712442024
37.11,1312315.8935527357,10939940.0,49.868768410644726
37.12,1312268.7516363384,10940260.0,49.868773124836366
37.13,1312166.6515239384,10940540.0,49.868783334847606
37.14,1312020.7696693598,10940760.0,49.868797923033064
37.15,1311847.08584982,10940940.0,49.86881529141502
37.16,1311664.629607492,10941110.0,49.86883353703925
37.17,1311493.3594130208,10941270.0,49.8688506640587
37.18,1311351.8777803534,10941450.0,49.868864812221965
37.19,1311255.3828917583,10941660.0,49.868874461710824
37.2,1311214.0764419422,10941930.0,49.868878592355806
37.21,1311232.1173925067,10942260.0,49.86887678826075
37.22,1311307.2117298685,10942650.0,49.86886927882701
37.23,1311430.8868527047,10943110.0,49.86885691131473
37.24,1311589.4008628714,10943620.0,49.86884105991371
37.25,1311765.1785755414,10944170.0,49.868823482142446
37.26,1311938.6279216628,10944740.0,49.868806137207834
37.27,1312090.3330712253,10945320.0,49.86879096669288
37.28,1312203.3105112507,10945880.0,49.868779668948875
37.29,1312264.6936534466,10946410.0,49.868773530634655
37.3,1312266.8510136749,10946900.0,49.86877331489863
37.31,1312208.2732785146,10947320.0,49.86877917267215
37.32,1312093.9273180454,10947700.0,49.868790607268195
37.33,1311934.8419942867,10948020.0,49.86880651580057
37.34,1311746.9610072162,10948310.0,49.86882530389928
37.35,1311549.3982265748,10948570.0,49.86884506017734
37.36,1311362.309150681,10948820.0,49.86886376908493
37.37,1311204.5598162324,10949100.0,49.86887954401838
37.38,1311091.6282616358,10949400.0,49.868890837173836
37.39,1311034.0153303924,10949760.0,49.86889659846696
37.4,1311036.1824909945,10950170.0,49.8688963817509
37.41,1311096.0974980656,10950650.0,49.86889039025019
37.42,1311205.4728551214,10951200.0,49.86887945271449
37.43,1311350.652485288,10951800.0,49.86886493475147
37.44,1311514.0365054146,10952430.0,49.86884859634946
37.45,1311675.8990528155,10953090.0,49.86883241009472
37.46,1311816.601519382,10953760.0,49.86881833984806
37.47,1311918.89081677,10954400.0,49.86880811091832
37.48,1311969.6268061176,10955020.0,49.86880303731939
37.49,1311960.8912940351,10955580.0,49.8688039108706
37.5,1311890.8883281932,10956090.0,49.86881091116718
37.51,1311764.3464754992,10956550.0,49.86882356535245
37.52,1311592.143486351,10956950.0,49.868840785651365
37.53,1311390.1845783715,10957310.0,49.86886098154216
37.54,1311177.666798855,10957640.0,49.868882233320114
37.55,1310974.9424947381,10957960.0,49.868902505750526
37.56,1310801.1441963185,10958300.0,49.86891988558037
37.57,1310672.0335910183,10958680.0,49.8689327966409
37.58,1310598.413138493,10959100.0,49.86894015868615
37.59,1310585.0523889018,10959570.0,49.86894149476111
37.6,1310630.1874976368,10960120.0,49.868936981250236
37.61,1310725.7241748015,10960720.0,49.86892742758252
37.62,1310858.1003297814,10961380.0,49.86891418996702
37.63,1311009.6993849396,10962080.0,49.868899030061506
37.64,1311160.6680976707,10962800.0,49.86888393319023
37.65,1311291.1482723888,10963520.0,49.86887088517276
37.66,1311383.6188264117,10964220.0,49.86886163811736
37.67,1311424.6662212992,10964890.0,49.86885753337787
37.68,1311406.0855104981,10965510.0,49.86885939144895
37.69,1311325.7928708321,10966070.0,49.86886742071292
37.7,1311188.2747995197,10966580.0,49.86888117252005
37.71,1311004.2533527634,10967020.0,49.868899574664724
37.72,1310789.5904128952,10967430.0,49.86892104095871
37.73,1310563.561630147,10967800.0,49.868943643836985
37.74,1310346.7138036252,10968170.0,49.86896532861964
37.75,1310158.446041285,10968550.0,49.86898415539587
37.76,1310014.8003750434,10968950.0,49.868998519962496
37.77,1309926.87101255,10969410.0,49.869007312898745
37.78,1309899.7238990506,10969920.0,49.869010027610095
37.79,1309931.8616829691,10970490.0,49.8690068138317
37.8,1310015.3853057607,10971120.0,49.868998461469424
37.81,1310136.830892006,10971810.0,49.8689863169108
37.82,1310278.5694253782,10972540.0,49.86897214305746
37.83,1310420.6239448502,10973280.0,49.868957937605515
37.84,1310542.9191881511,10974030.0,49.868945708081185
37.85,1310627.6656194637,10974760.0,49.868937233438054
37.86,1310661.1800610323,10975450.0,49.8689338819939
37.87,1310634.9825577724,10976090.0,49.86893650174422
37.88,1310546.7147012462,10976680.0,49.868945328529875
37.89,1310400.6238396692,10977200.0,49.86895993761603
37.9,1310207.2736983672,10977660.0,49.86897927263016
37.91,1309982.4781772895,10978080.0,49.86900175218227
37.92,1309745.5867448815,10978460.0,49.86902544132551
37.93,1309517.33520547,10978840.0,49.86904826647945
37.94,1309317.3860660556,10979220.0,49.869068261393394
37.95,1309162.0598859065,10979620.0,49.86908379401141
37.96,1309062.739897726,10980080.0,49.86909372601023
37.97,1309024.7867263115,10980590.0,49.86909752132737
37.98,1309046.9702424202,10981160.0,49.86909530297576
37.99,1309121.5885872743,10981790.0,49.86908784114127
38.0,1309235.2775384341,10982470.0,49.86907647224616
38.01,1309370.397566809,10983190.0,49.86906296024332
38.02,1309506.849886475,10983930.0,49.86904931501135
38.03,1309624.3409191999,10984670.0,49.86903756590808
38.04,1309704.8093990793,10985390.0,49.86902951906009
38.05,1309734.2978382898,10986080.0,49.86902657021617
38.06,1309704.0447480879,10986700.0,49.86902959552519
38.07,1309611.4083413824,10987270.0,49.86903885916586
38.08,1309460.3868765375,10987780.0,49.869053961312346
38.09,1309261.3760141346,10988220.0,49.86907386239859
38.1,1309030.1310352713,10988620.0,49.86909698689647
38.11,1308786.0651558714,10988980.0,49.86912139348441
38.12,1308550.096008645,10989330.0,49.869144990399136
38.13,1308342.1452149935,10989680.0,49.8691657854785
38.14,1308178.8107473357,10990060.0,49.869182118925266
38.15,1308071.7659580188,10990480.0,49.8691928234042
38.16,1308026.6684142572,10990950.0,49.869197333158574
38.17,1308042.5581888733,10991490.0,49.86919574418111
38.18,1308111.9338191627,10992080.0,49.869188806618084
38.19,1308221.5348945425,10992720.0,49.869177846510546
38.2,1308353.71432795,10993400.0,49.869164628567205
38.21,1308488.2529477682,10994100.0,49.86915117470522
38.22,1308604.640167772,10994800.0,49.86913953598322
38.23,1308684.541727132,10995480.0,49.86913154582729
38.24,1308713.7220533406,10996120.0,49.869128627794666
38.25,1308683.13310053,10996710.0,49.86913168668995
38.26,1308589.8441381971,10997230.0,49.86914101558618
38.27,1308437.5976448115,10997680.0,49.86915624023552
38.28,1308236.6132826451,10998080.0,49.869176338671735
38.29,1308002.5807769857,10998420.0,49.8691997419223
38.3,1307754.9713765534,10998720.0,49.869224502862345
38.31,1307514.8801672042,10999010.0,49.86924851198328
38.32,1307302.486709716,10999300.0,49.86926975132903
38.33,1307134.6688599305,10999620.0,49.86928653311401
38.34,1307023.382411998,10999970.0,49.8692976617588
38.35,1306974.5783695197,11000380.0,49.86930254216305
38.36,1306987.565191804,11000840.0,49.86930124348082
38.37,1307055.0444497543,11001370.0,49.869294495555025
38.38,1307163.8646373884,11001940.0,49.86928361353626
38.39,1307296.3771666223,11002550.0,49.86927036228334
38.4,1307432.24893628,11003180.0,49.86925677510637
38.41,1307550.7568620993,11003800.0,49.86924492431379
38.42,1307633.2962144476,11004410.0,49.869236670378555
38.43,1307665.354527714,11004970.0,49.86923346454723
38.44,1307637.5969872344,11005480.0,49.86923624030128
38.45,1307546.8015289004,11005930.0,49.86924531984711
38.46,1307396.4522114068,11006300.0,49.86926035477886
38.47,1307196.5907081307,11006610.0,49.86928034092919
38.48,1306962.8383017574,11006870.0,49.869303716169824
38.49,1306714.721529758,11007090.0,49.869328527847024
38.5,1306473.5112749303,11007280.0,49.86935264887251
38.51,1306259.646184671,11007480.0,49.86937403538153
38.52,1306090.2880003056,11007700.0,49.86939097119997
38.53,1305977.6720219674,11007960.0,49.8694022327978
38.54,1305928.0426870147,11008270.0,49.8694071957313
38.55,1305940.9798658805,11008640.0,49.86940590201341
38.56,1306009.3949791708,11009060.0,49.86939906050208
38.57,1306120.2538415983,11009530.0,49.86938797461584
38.58,1306255.9163103772,11010040.0,49.86937440836896
38.59,1306395.944353582,11010570.0,49.86936040556464
38.6,1306519.4096449062,11011100.0,49.86934805903551
38.61,1306607.4425642428,11011600.0,49.869339255743576
38.62,1306645.2566976494,11012060.0,49.869335474330235
38.63,1306623.2341996909,11012470.0,49.86933767658003
38.64,1306537.86361151,11012800.0,49.86934621363885
38.65,1306392.370248446,11013070.0,49.869360762975155
38.66,1306196.61488808,11013280.0,49.86938033851119
38.67,1305966.1474204632,11013420.0,49.869403385257954
38.68,1305720.547346141,11013520.0,49.869427945265386
38.69,1305481.2587849086,11013600.0,49.86945187412151
38.7,1305268.978764502,11013680.0,49.86947310212355
38.71,1305101.1558536629,11013790.0,49.869489884414634
38.72,1304990.3006585594,11013920.0,49.869500969934144
38.73,1304942.9392584243,11014110.0,49.86950570607416
38.74,1304958.9205868982,11014360.0,49.86950410794131
38.75,1305031.3683476844,11014660.0,49.86949686316523
38.76,1305147.3714185846,11015010.0,49.86948526285814
38.77,1305289.3050304702,11015400.0,49.86947106949695
38.78,1305436.633813386,11015800.0,49.86945633661866
38.79,1305568.2292790748,11016210.0,49.86944317707209
38.8,1305664.958899655,11016590.0,49.869433504110035
38.81,1305711.7618781433,11016930.0,49.869428823812186
38.82,1305698.7553949994,11017210.0,49.8694301244605
38.83,1305622.1506778342,11017420.0,49.86943778493222
38.84,1305484.9221181541,11017560.0,49.869451507788185
38.85,1305296.7489283418,11017640.0,49.869470325107166
38.86,1305073.103710228,11017660.0,49.86949268962898
38.87,1304833.6106232484,11017630.0,49.869516638937675
38.88,1304599.8789772994,11017580.0,49.86954001210227
38.89,1304392.8588116672,11017530.0,49.86956071411883
38.9,1304230.2847212995,11017500.0,49.86957697152787
38.91,1304124.9401880605,11017500.0,49.869587505981194
38.92,1304083.6258266354,11017560.0,49.86959163741734
38.93,1304106.457257319,11017670.0,49.86958935427427
38.94,1304186.7714060373,11017830.0,49.869581322859396
38.95,1304311.781424019,11018050.0,49.8695688218576
38.96,1304463.8785599717,11018310.0,49.869553612144
38.97,1304622.4299331754,11018580.0,49.86953775700668
38.98,1304766.1061237648,11018850.0,49.86952338938762
38.99,1304875.5083868003,11019100.0,49.86951244916132
39.0,1304935.2948595327,11019320.0,49.86950647051405
39.01,1304935.3145663645,11019470.0,49.869506468543364
39.02,1304871.5003965583,11019550.0,49.869512849960344
39.03,1304746.5668780233,11019560.0,49.8695253433122
39.04,1304569.9992662207,11019510.0,49.86954300007338
39.05,1304357.178963116,11019400.0,49.86956428210369
39.06,1304127.7603085889,11019240.0,49.86958722396914
39.07,1303903.5042218927,11019060.0,49.86960964957781
39.08,1303705.6034253426,11018870.0,49.869629439657466
39.09,1303552.073099894,11018710.0,49.86964479269001
39.1,1303455.9678168022,11018580.0,49.86965440321832
39.11,1303424.3628899134,11018500.0,49.86965756371101
39.12,1303457.6422079168,11018480.0,49.86965423577921
39.13,1303549.3562577472,11018520.0,49.869645064374225
39.14,1303686.8439194649,11018600.0,49.86963131560805
39.15,1303852.5143053902,11018730.0,49.86961474856946
39.16,1304025.6377831127,11018880.0,49.86959743622169
39.17,1304184.6820970448,11019030.0,49.869581531790296
39.18,1304309.9781400259,11019160.0,49.869569002186
39.19,1304385.8983730415,11019240.0,49.869561410162696
39.2,1304402.025611111,11019270.0,49.86955979743889
39.21,1304354.0235121043,11019230.0,49.86956459764879
39.22,1304244.3449922558,11019130.0,49.869575565500774
39.23,1304082.273624516,11018950.0,49.86959177263755
39.24,1303883.0879298046,11018720.0,49.86961169120702
39.25,1303666.459727424,11018440.0,49.86963335402726
39.26,1303454.2903199764,11018130.0,49.869654570968
39.27,1303268.0089509087,11017830.0,49.86967319910491
39.28,1303125.9094682212,11017540.0,49.86968740905318
39.29,1303041.3188781154,11017300.0,49.86969586811219
39.3,1303021.5907602382,11017100.0,49.869697840923976
39.31,1303067.38043771,11016960.0,49.86969326195623
39.32,1303172.4570262071,11016880.0,49.86968275429738
39.33,1303324.2907155084,11016860.0,49.86966757092845
39.34,1303505.3134341724,11016870.0,49.86964946865658
39.35,1303694.703313738,11016910.0,49.869630529668626
39.36,1303870.7278789019,11016950.0,49.86961292721211
39.37,1304013.4468207043,11016970.0,49.86959865531793
39.38,1304106.9425233332,11016950.0,49.86958930574767
39.39,1304140.525529931,11016880.0,49.86958594744701
39.4,1304109.5822935489,11016740.0,49.869589041770645
39.41,1304016.2951578083,11016530.0,49.86959837048422
39.42,1303869.7365684726,11016260.0,49.86961302634315
39.43,1303685.0724096638,11015920.0,49.869631492759034
39.44,1303481.9826183508,11015540.0,49.869651801738165
39.45,1303282.5015847038,11015140.0,49.86967174984153
39.46,1303108.2916698721,11014740.0,49.86968917083301
39.47,1302977.927443294,11014350.0,49.86970220725567
39.48,1302905.0102954188,11014010.0,49.86970949897046
39.49,1302897.1692244085,11013720.0,49.86971028307756
39.5,1302955.3292901851,11013480.0,49.86970446707098
39.51,1303073.483057844,11013310.0,49.869692651694216
39.52,1303239.2395186322,11013200.0,49.86967607604814
39.53,1303435.0633846258,11013130.0,49.86965649366154
39.54,1303640.0512158507,11013080.0,49.869635994878415
39.55,1303832.2790247037,11013040.0,49.86961677209753
39.56,1303991.5408919712,11012980.0,49.8696008459108
39.57,1304101.6302651798,11012880.0,49.86958983697348
39.58,1304151.58441636,11012740.0,49.869584841558364
39.59,1304136.511691354,11012520.0,49.869586348830865
39.6,1304058.3209592428,11012240.0,49.869594167904076
39.61,1303925.8693950728,11011890.0,49.86960741306049
39.62,1303754.2065529805,11011480.0,49.8696245793447
39.63,1303563.0179692248,11011030.0,49.86964369820308
39.64,1303374.469920726,11010560.0,49.86966255300793
39.65,1303210.4608005567,11010080.0,49.869678953919944
39.66,1303089.8532397116,11009630.0,49.86969101467603
39.67,1303026.528520661,11009220.0,49.869697347147934
39.68,1303028.3930672936,11008860.0,49.86969716069327
39.69,1303096.6442683223,11008570.0,49.86969033557317
39.7,1303225.5075809474,11008340.0,49.869677449241905
39.71,1303402.7438826002,11008160.0,49.86965972561174
39.72,1303610.8657802003,11008030.0,49.86963891342198
39.73,1303828.9032856198,11007930.0,49.86961710967144
39.74,1304034.752767933,11007840.0,49.86959652472321
39.75,1304207.9499616933,11007730.0,49.86957920500383
39.76,1304332.0037542826,11007590.0,49.86956679962457
39.77,1304395.6797569222,11007400.0,49.86956043202431
39.78,1304393.8064559768,11007140.0,49.8695606193544
39.79,1304328.0169528516,11006820.0,49.869567198304715
39.8,1304206.9499579866,11006430.0,49.8695793050042
39.81,1304045.534381828,11005980.0,49.86959544656182
39.82,1303863.4570948204,11005490.0,49.86961365429052
39.83,1303683.013950092,11004980.0,49.86963169860499
39.84,1303526.340366261,11004470.0,49.869647365963374
39.85,1303412.591960722,11003990.0,49.86965874080393
39.86,1303355.939118802,11003540.0,49.86966440608812
39.87,1303364.5768202718,11003150.0,49.86966354231797
39.88,1303439.9857333768,11002830.0,49.86965600142666
39.89,1303576.6372652801,11002570.0,49.86964233627347
39.9,1303762.4579433072,11002370.0,49.86962375420567
39.91,1303980.0205265095,11002220.0,49.86960199794735
39.92,1304208.2994146398,11002100.0,49.869579170058536
39.93,1304425.0187491002,11001990.0,49.86955749812509
39.94,1304609.4590936974,11001880.0,49.86953905409063
39.95,1304744.8434087273,11001720.0,49.86952551565913
39.96,1304819.6606511197,11001520.0,49.86951803393489
39.97,1304828.4530960075,11001260.0,49.8695171546904
39.98,1304772.569701953,11000930.0,49.869522743029805
39.99,1304660.420067947,11000540.0,49.869533957993205
40.0,1304506.8011117422,11000090.0,49.869549319888826
40.01,1304331.3899562038,10999610.0,49.86956686100438
40.02,1304156.6016821803,10999100.0,49.86958433983178
40.03,1304004.8022928375,10998590.0,49.869599519770716
40.04,1303895.4388488831,10998100.0,49.86961045611511
40.05,1303842.9734123724,10997660.0,49.86961570265876
40.06,1303855.8938151111,10997280.0,49.86961441061849
40.07,1303935.9699807563,10996970.0,49.869606403001924
40.08,1304077.925669418,10996720.0,49.86959220743306
40.09,1304269.8598793123,10996530.0,49.86957301401207
40.1,1304494.4121223523,10996400.0,49.869550558787765
40.11,1304730.5070779203,10996300.0,49.86952694929221
40.12,1304955.6998178957,10996220.0,49.86950443001821
40.13,1305149.0141760525,10996120.0,49.869485098582395
40.14,1305293.3817455426,10996000.0,49.869470661825446
40.15,1305377.014820621,10995830.0,49.86946229851794
40.16,1305394.1800356484,10995600.0,49.869460581996435
40.17,1305345.952969361,10995310.0,49.869465404703064
40.18,1305240.5110943255,10994950.0,49.86947594889057
40.19,1305092.5092253606,10994540.0,49.869490749077464
40.2,1304921.6010168863,10994090.0,49.86950783989831
40.21,1304750.3068633403,10993620.0,49.869524969313666
40.22,1304601.2123558626,10993150.0,49.869539878764414
40.23,1304494.0501917067,10992710.0,49.86955059498083
40.24,1304443.5717350922,10992310.0,49.86955564282649
40.25,1304458.5581719303,10991970.0,49.86955414418281
40.26,1304541.0703975335,10991700.0,49.86954589296025
40.27,1304686.0872709942,10991500.0,49.8695313912729
40.28,1304881.8838263543,10991370.0,49.869511811617365
40.29,1305111.1701432916,10991290.0,49.86948888298567
40.3,1305352.824003876,10991250.0,49.86946471759961
40.31,1305584.2313399778,10991220.0,49.869441576866
40.32,1305784.1552091532,10991190.0,49.869421584479085
40.33,1305935.2272462377,10991130.0,49.869406477275376
40.34,1306025.3718721527,10991030.0,49.869397462812785
40.35,1306048.5671270783,10990870.0,49.86939514328729
40.36,1306005.6011008925,10990640.0,49.86939943988991
40.37,1305904.4036343438,10990360.0,49.869409559636566
40.38,1305759.4722608456,10990020.0,49.869424052773915
40.39,1305590.4225106474,10989640.0,49.869440957748935
40.4,1305419.8662316452,10989240.0,49.869458013376835
40.41,1305270.5978781632,10988850.0,49.869472940212184
40.42,1305162.6303732889,10988480.0,49.86948373696267
40.43,1305111.0043073066,10988160.0,49.86948889956927
40.44,1305124.7898511065,10987890.0,49.86948752101489
40.45,1305206.3396173709,10987700.0,49.86947936603826
40.46,1305350.8907782428,10987580.0,49.869464910922176
40.47,1305546.901309569,10987530.0,49.86944530986904
40.48,1305777.1616123402,10987540.0,49.869422283838766
40.49,1306020.5135920455,10987580.0,49.869397948640795
40.5,1306254.1824341877,10987650.0,49.86937458175658
40.51,1306456.6745065064,10987710.0,49.86935433254935
40.52,1306610.3220534585,10987740.0,49.869338967794654
40.53,1306702.759415117,10987740.0,49.86932972405849
40.54,1306727.6725119115,10987670.0,49.86932723274881
40.55,1306685.5585343263,10987540.0,49.86933144414657
40.56,1306584.0963253805,10987360.0,49.86934159036746
40.57,1306437.621905232,10987120.0,49.86935623780948
40.58,1306265.709189134,10986840.0,49.86937342908109
40.59,1306091.0599405419,10986540.0,49.869390894005946
40.6,1305936.6793937243,10986240.0,49.86940633206063
40.61,1305822.8662173832,10985970.0,49.86941771337826
40.62,1305764.9603405253,10985750.0,49.86942350396595
40.63,1305772.316688092,10985590.0,49.86942276833119
40.64,1305847.5821557636,10985500.0,49.869415241784424
40.65,1305986.2592043458,10985480.0,49.869401374079565
40.66,1306177.0028925678,10985540.0,49.86938229971074
40.67,1306402.7021834336,10985650.0,49.86935972978166
40.68,1306642.1821373808,10985810.0,49.86933578178626
40.69,1306872.5243481083,10985980.0,49.86931274756519
40.7,1307071.9909596562,10986160.0,49.869292800904034
40.71,1307222.6227808415,10986300.0,49.869277737721916
40.72,1307311.768178394,10986410.0,49.86926882318216
40.73,1307332.8237615556,10986460.0,49.869266717623844
40.74,1307285.9983317642,10986450.0,49.869271400166824
40.75,1307178.7214046537,10986380.0,49.869282127859535
40.76,1307025.1688530021,10986260.0,49.8692974831147
40.77,1306844.8743872808,10986100.0,49.86931551256127
40.78,1306660.6320452935,10985910.0,49.86933393679547
40.79,1306495.6624366886,10985730.0,49.86935043375633
40.8,1306370.557722616,10985580.0,49.86936294422774
40.81,1306300.968225429,10985470.0,49.86936990317746
40.82,1306296.5386068015,10985430.0,49.86937034613932
40.83,1306360.2076057633,10985460.0,49.869363979239424
40.84,1306487.75238285,10985560.0,49.869351224761715
40.85,1306668.039250667,10985730.0,49.86933319607493
40.86,1306884.0720650598,10985970.0,49.869311592793494
40.87,1307114.677439074,10986240.0,49.86928853225609
40.88,1307336.8083002635,10986540.0,49.869266319169974
40.89,1307528.4930315688,10986840.0,49.86924715069684
40.9,1307671.486471449,10987110.0,49.869232851352855
40.91,1307752.8526467574,10987350.0,49.869224714735324
40.92,1307765.6977782226,10987530.0,49.86922343022218
40.93,1307709.939223045,10987640.0,49.869229006077695
40.94,1307592.7529015273,10987700.0,49.86924072470985
40.95,1307428.1486965588,10987700.0,49.869257185130344
40.96,1307235.6137656982,10987660.0,49.86927643862343
40.97,1307038.028627332,10987610.0,49.86929619713727
40.98,1306858.826585753,10987550.0,49.869314117341425
40.99,1306718.8941256802,10987520.0,49.86932811058743
41.0,1306634.1956795924,10987540.0,49.86933658043204
41.01,1306614.6656534271,10987620.0,49.86933853343466
41.02,1306663.5302143225,10987770.0,49.86933364697857
41.03,1306776.843446258,10988000.0,49.869322315655374
41.04,1306943.6903311526,10988290.0,49.869305630966885
41.05,1307147.1994491902,10988650.0,49.86928528005508
41.06,1307366.2084469362,10989060.0,49.869263379155306
41.07,1307577.5492010422,10989480.0,49.869242245079896
41.08,1307759.019125143,10989910.0,49.869224098087486
41.09,1307892.0854422194,10990320.0,49.86921079145578
41.1,1307963.5230320008,10990680.0,49.8692036476968
41.11,1307966.14047604,10990990.0,49.869203385952396
41.12,1307899.5547718364,10991230.0,49.869210044522816
41.13,1307770.677062976,10991420.0,49.8692229322937
41.14,1307593.3389635708,10991550.0,49.86924066610364
41.15,1307386.9686557772,10991640.0,49.86926130313442
41.16,1307174.520342187,10991700.0,49.86928254796578
41.17,1306979.6294418268,10991770.0,49.86930203705582
41.18,1306823.4710472382,10991860.0,49.869317652895276
41.19,1306722.3235646707,10992000.0,49.86932776764353
41.2,1306686.412947613,10992200.0,49.86933135870524
41.21,1306719.2562932917,10992480.0,49.86932807437067
41.22,1306817.1911056936,10992820.0,49.86931828088943
41.23,1306969.5275842007,10993240.0,49.86930304724158
41.24,1307159.52599445,10993730.0,49.869284047400555
41.25,1307366.0417170175,10994260.0,49.8692633958283
41.26,1307565.790097911,10994800.0,49.86924342099021
41.27,1307736.339254717,10995350.0,49.86922636607453
41.28,1307858.866639222,10995880.0,49.86921411333608
41.29,1307919.8517449696,10996370.0,49.8692080148255
41.3,1307911.8143721046,10996800.0,49.86920881856279
41.31,1307834.0739431127,10997170.0,49.86921659260569
41.32,1307693.2755856062,10997470.0,49.86923067244144
41.33,1307503.0645089215,10997720.0,49.86924969354911
41.34,1307282.7969069323,10997930.0,49.86927172030931
41.35,1307055.4876308904,10998110.0,49.86929445123691
41.36,1306844.9638197422,10998300.0,49.869315503618026
41.37,1306672.6821938346,10998500.0,49.86933273178062
41.38,1306555.2304428963,10998750.0,49.86934447695571
41.39,1306503.1256073213,10999060.0,49.86934968743927
41.4,1306520.1784760205,10999440.0,49.8693479821524
41.41,1306603.0129878926,10999900.0,49.86933969870121
41.42,1306741.16868299,11000430.0,49.8693258831317
41.43,1306918.042469931,11001020.0,49.86930819575301
41.44,1307112.5127533635,11001660.0,49.869288748724664
41.45,1307301.1806348234,11002320.0,49.86926988193652
41.46,1307461.3837487448,11002970.0,49.869253861625126
41.47,1307574.0057185926,11003610.0,49.86924259942814
41.48,1307625.2243958209,11004200.0,49.86923747756042
41.49,1307607.2696814833,11004740.0,49.86923927303185
41.5,1307519.158362993,11005220.0,49.8692480841637
41.51,1307367.262034802,11005620.0,49.86926327379652
41.52,1307165.028259192,11005980.0,49.86928349717408
41.53,1306931.7285747672,11006280.0,49.86930682714252
41.54,1306690.4249722455,11006560.0,49.869330957502775
41.55,1306465.1253011306,11006840.0,49.86935348746989
41.56,1306277.5605286702,11007140.0,49.86937224394713
41.57,1306144.6252605435,11007480.0,49.869385537473946
41.58,1306077.1282046346,11007880.0,49.86939228717954
41.59,1306079.1757227008,11008350.0,49.86939208242773
41.6,1306147.6826629103,11008890.0,49.86938523173371
41.61,1306272.423924426,11009510.0,49.86937275760756
41.62,1306436.9403373632,11010180.0,49.869356305966264
41.63,1306620.1404453893,11010900.0,49.86933798595546
41.64,1306798.5166905771,11011650.0,49.86932014833094
41.65,1306949.1789467235,11012390.0,49.86930508210533
41.66,1307052.7169108458,11013110.0,49.869294728308915
41.67,1307095.0044324547,11013790.0,49.869290499556755
41.68,1307067.9915208672,11014410.0,49.86929320084791
41.69,1306970.414999853,11014960.0,49.869302958500015
41.7,1306808.3791811347,11015450.0,49.86931916208189
41.71,1306595.1320213287,11015870.0,49.86934048679787
41.72,1306349.8539624163,11016250.0,49.86936501460376
41.73,1306095.6457822216,11016600.0,49.86939043542178
41.74,1305856.6881645818,11016940.0,49.86941433118354
41.75,1305654.98273576,11017310.0,49.869434501726424
41.76,1305507.731049076,11017710.0,49.86944922689509
41.77,1305426.035386077,11018170.0,49.86945739646139
41.78,1305414.300572778,11018700.0,49.86945856994272
41.79,1305469.7365441115,11019300.0,49.86945302634559
41.8,1305582.3595792048,11019970.0,49.86944176404208
41.81,1305735.8600605084,11020700.0,49.86942641399395
41.82,1305909.1826546877,11021480.0,49.86940908173453
41.83,1306078.7187941258,11022270.0,49.86939212812059
41.84,1306221.3575197745,11023070.0,49.86937786424802
41.85,1306317.3961329965,11023840.0,49.8693682603867
41.86,1306352.402215083,11024570.0,49.86936475977849
41.87,1306318.041651977,11025230.0,49.8693681958348
41.88,1306212.7653359568,11025830.0,49.869378723466404
41.89,1306042.40160892,11026360.0,49.86939575983911
41.9,1305819.9886793175,11026830.0,49.86941800113207
41.91,1305564.6055713766,11027250.0,49.86944353944286
41.92,1305299.3820033264,11027630.0,49.86947006179967
41.93,1305048.664398214,11028010.0,49.86949513356018
41.94,1304834.7204515664,11028400.0,49.86951652795484
41.95,1304675.0569485254,11028830.0,49.86953249430515
41.96,1304581.0628530318,11029320.0,49.8695418937147
41.97,1304557.4233601086,11029870.0,49.86954425766399
41.98,1304601.6235454516,11030490.0,49.869539837645455
41.99,1304703.915802108,11031180.0,49.86952960841979
42.0,1304848.1420399582,11031930.0,49.869515185796004
42.01,1305013.2890635524,11032720.0,49.869498671093645
42.02,1305175.6580934892,11033530.0,49.86948243419065
42.03,1305311.9311225459,11034340.0,49.869468806887745
42.04,1305402.1202293597,11035130.0,49.869459787977064
42.05,1305431.4896948682,11035870.0,49.86945685103051
42.06,1305391.4219858597,11036540.0,49.869460857801414
42.07,1305280.081564888,11037150.0,49.86947199184351
42.08,1305103.0193184232,11037680.0,49.86948969806816
42.09,1304873.061262768,11038150.0,49.86951269387372
42.1,1304609.181729006,11038570.0,49.8695390818271
42.11,1304334.537459937,11038950.0,49.869566546254006
42.12,1304073.6404547459,11039320.0,49.869592635954525
42.13,1303849.0279384973,11039700.0,49.86961509720615
42.14,1303678.5197272138,11040110.0,49.86963214802728
42.15,1303573.8003220132,11040580.0,49.8696426199678
42.16,1303539.845973418,11041120.0,49.86964601540266
42.17,1303574.4292751162,11041720.0,49.86964255707249
42.18,1303668.0515361354,11042390.0,49.86963319484639
42.19,1303804.7198621428,11043110.0,49.869619528013786
42.2,1303963.4758190743,11043880.0,49.86960365241809
42.21,1304120.541772349,11044670.0,49.869587945822765
42.22,1304252.4016299238,11045450.0,49.86957475983701
42.23,1304338.7887534408,11046200.0,49.869566121124656
42.24,1304364.6685466114,11046910.0,49.86956353314534
42.25,1304321.1410987254,11047560.0,49.86956788589013
42.26,1304206.0838279922,11048130.0,49.8695793916172
42.27,1304024.7677717786,11048630.0,49.86959752322282
42.28,1303789.8024216332,11049060.0,49.86962101975784
42.29,1303520.0521861156,11049430.0,49.86964799478139
42.3,1303238.6952910002,11049770.0,49.8696761304709
42.31,1302970.4064292246,11050090.0,49.86970295935708
42.32,1302737.9924209726,11050420.0,49.8697262007579
42.33,1302559.5877056161,11050780.0,49.86974404122944
42.34,1302447.176610073,11051190.0,49.86975528233899
42.35,1302406.0322872088,11051660.0,49.86975939677128
42.36,1302434.2204054308,11052210.0,49.86975657795946
42.37,1302522.4969244676,11052810.0,49.86974775030755
42.38,1302655.0394447867,11053480.0,49.86973449605552
42.39,1302810.9494424455,11054180.0,49.869718905055755
42.4,1302966.3775177624,11054900.0,49.869703362248224
42.41,1303097.6140938578,11055620.0,49.869690238590614
42.42,1303184.1144106693,11056310.0,49.86968158855893
42.43,1303210.5420317207,11056950.0,49.86967894579683
42.44,1303167.710181512,11057530.0,49.86968322898185
42.45,1303053.2006621342,11058030.0,49.86969467993379
42.46,1302871.9936410482,11058460.0,49.869712800635895
42.47,1302636.4697744697,11058810.0,49.86973635302255
42.48,1302365.3707428195,11059110.0,49.86976346292572
42.49,1302081.882678081,11059360.0,49.86979181173219
42.5,1301810.8314562938,11059600.0,49.86981891685437
42.51,1301575.2859753605,11059840.0,49.869842471402464
42.52,1301393.692096724,11060120.0,49.86986063079033
42.53,1301278.3337087797,11060440.0,49.86987216662912
42.54,1301234.7807980261,11060820.0,49.8698765219202
42.55,1301261.392356068,11061280.0,49.86987386076439
42.56,1301349.1787294385,11061790.0,49.869865082127056
42.57,1301482.4874086627,11062360.0,49.869851751259134
42.58,1301640.4790698034,11062970.0,49.86983595209302
42.59,1301799.2384317978,11063600.0,49.86982007615682
42.6,1301934.8641672935,11064230.0,49.86980651358327
42.61,1302026.533315228,11064820.0,49.86979734666848
42.62,1302058.6036249427,11065370.0,49.869794139637506
42.63,1302021.594020033,11065850.0,49.869797840598
42.64,1301912.7809315734,11066250.0,49.86980872190684
42.65,1301736.8404619135,11066580.0,49.86982631595381
42.66,1301505.910055667,11066830.0,49.86984940899443
42.67,1301238.5933504333,11067020.0,49.86987614066496
42.68,1300958.0697129052,11067170.0,49.86990419302871
42.69,1300689.305103049,11067300.0,49.869931069489695
42.7,1300455.624037511,11067440.0,49.86995443759625
42.71,1300275.7805801935,11067600.0,49.86997242194198
42.72,1300162.3574096044,11067820.0,49.86998376425904
42.73,1300121.2224219926,11068090.0,49.8699878777578
42.74,1300151.0290258266,11068420.0,49.86998489709742
42.75,1300243.0435550848,11068820.0,49.86997569564449
42.76,1300381.785311018,11069280.0,49.8699618214689
42.77,1300546.4749809904,11069780.0,49.8699453525019
42.78,1300713.1317841215,11070300.0,49.86992868682159
42.79,1300857.662413648,11070810.0,49.869914233758635
42.8,1300958.9632337538,11071290.0,49.869904103676625
42.81,1301001.0818750572,11071720.0,49.869899891812494
42.82,1300974.2396791067,11072090.0,49.86990257603209
42.83,1300875.406698765,11072380.0,49.86991245933012
42.84,1300708.9535167182,11072590.0,49.86992910464833
42.85,1300486.7675268627,11072730.0,49.869951323247314
42.86,1300227.3053457714,11072800.0,49.86997726946542
42.87,1299953.7315814535,11072830.0,49.870004626841855
42.88,1299691.146205646,11072840.0,49.870030885379435
42.89,1299463.1263023138,11072860.0,49.87005368736977
42.9,1299288.736067581,11072900.0,49.87007112639324
42.91,1299180.861588596,11072980.0,49.87008191384114
42.92,1299145.6733686135,11073130.0,49.87008543266314
42.93,1299182.1251607405,11073340.0,49.870081787483926
42.94,1299281.7454048833,11073620.0,49.87007182545951
42.95,1299429.2309331712,11073950.0,49.87005707690668
42.96,1299603.8691594691,11074320.0,49.87003961308405
42.97,1299781.6188659782,11074720.0,49.8700218381134
42.98,1299938.1972193192,11075110.0,49.87000618027807
42.99,1300052.2213198452,11075470.0,49.869994777868015
43.0,1300107.4277205048,11075780.0,49.86998925722795
43.01,1300093.7444070359,11076020.0,49.869990625559296
43.02,1300007.8486070521,11076200.0,49.869999215139295
43.03,1299853.8194801058,11076280.0,49.87001461805199
43.04,1299643.297218438,11076300.0,49.870035670278156
43.05,1299394.589513838,11076250.0,49.870060541048616
43.06,1298877.2434207618,11076160.0,49.870112275657924
43.07,1298657.6807650607,11075790.0,49.870134231923494
43.08,1298491.58678482,11075710.0,49.87015084132152
43.09,1298392.1305734469,11075680.0,49.870160786942655
43.1,1298365.750018675,11075700.0,49.87016342499813
43.11,1298411.6725296245,11075800.0,49.87015883274704
43.12,1298521.6673785516,11075960.0,49.870147833262145
43.13,1298680.597538109,11076170.0,49.87013194024619
43.14,1298867.8108951745,11076430.0,49.87011321891048
43.15,1299059.2030861592,11076710.0,49.870094079691384
43.16,1299230.300212315,11076980.0,49.87007696997877
43.17,1299359.436224705,11077230.0,49.87006405637753
43.18,1299430.0317160424,11077430.0,49.870056996828396
43.19,1299431.7155889235,11077560.0,49.87005682844111
43.2,1299360.865724566,11077620.0,49.87006391342754
43.21,1299221.2630990706,11077600.0,49.87007787369009
43.22,1299024.293058082,11077500.0,49.87009757069419
43.23,1298788.1062345963,11077340.0,49.87012118937654
43.24,1298535.8184046447,11077140.0,49.870146418159536
43.25,1298292.7836680603,11076910.0,49.870170721633194
43.26,1298083.081919117,11076680.0,49.87019169180809
43.27,1297926.4034227356,11076480.0,49.870207359657726
43.28,1297836.2550173018,11076330.0,49.87021637449827
43.29,1297819.3781509618,11076240.0,49.870218062184904
43.3,1297875.3007146793,11076210.0,49.87021246992853
43.31,1297996.058838322,11076250.0,49.87020039411617
43.32,1298166.705448267,11076350.0,49.87018332945517
43.33,1298366.6704121788,11076490.0,49.87016333295878
43.34,1298571.8062372343,11076650.0,49.87014281937628
43.35,1298757.4631145548,11076820.0,49.870124253688545
43.36,1298901.7025636684,11076950.0,49.87010982974363
43.37,1298987.6367605291,11077040.0,49.87010123632395
43.38,1299004.600434941,11077070.0,49.870099539956506
43.39,1298948.6744559996,11077020.0,49.8701051325544
43.4,1298823.3417176786,11076890.0,49.87011766582823
43.41,1298639.7316937826,11076690.0,49.87013602683062
43.42,1298415.8363343568,11076420.0,49.870158416366564
43.43,1298174.7423892643,11076110.0,49.870182525761074
43.44,1297941.9296407,11075770.0,49.87020580703593
43.45,1297741.7328535523,11075440.0,49.870225826714645
43.46,1297594.1642965693,11075130.0,49.87024058357034
43.47,1297513.0537057566,11074870.0,49.870248694629424
43.48,1297505.4247797858,11074670.0,49.87024945752202
43.49,1297571.0758711046,11074540.0,49.87024289241289
43.5,1297702.2964884099,11074480.0,49.87022977035116
43.51,1297884.3260068374,11074480.0,49.870211567399316
43.52,1298096.6788638425,11074520.0,49.870190332113616
43.53,1298315.1680107596,11074590.0,49.870168483198924
43.54,1298514.9710414135,11074660.0,49.87014850289586
43.55,1298673.878420189,11074700.0,49.87013261215798
43.56,1298774.6927548472,11074700.0,49.870122530724515
43.57,1298806.451555805,11074640.0,49.87011935484442
43.58,1298764.934781005,11074500.0,49.8701235065219
43.59,1298653.3225301146,11074280.0,49.87013466774699
43.6,1298482.48216895,11074000.0,49.870151751783105
43.61,1298270.2406175407,11073640.0,49.870172975938246
43.62,1298039.6492522317,11073240.0,49.87019603507478
43.63,1297816.3100034834,11072820.0,49.87021836899965
43.64,1297624.8139149505,11072400.0,49.870237518608505
43.65,1297485.5005118258,11072010.0,49.87025144994882
43.66,1297412.5303637153,11071660.0,49.87025874696363
43.67,1297413.2190949207,11071380.0,49.87025867809051
43.68,1297487.6468478413,11071170.0,49.870251235315216
43.69,1297628.368462469,11071030.0,49.87023716315375
43.7,1297820.8215416486,11070950.0,49.870217917845835
43.71,1298044.616213545,11070920.0,49.870195538378645
43.72,1298275.5367499976,11070920.0,49.870172446325
43.73,1298488.5957914826,11070920.0,49.87015114042085
43.74,1298661.3157394088,11070890.0,49.87013386842606
43.75,1298776.1897817762,11070830.0,49.87012238102182
43.76,1298821.955447096,11070700.0,49.87011780445529
43.77,1298794.0857460955,11070500.0,49.87012059142539
43.78,1298695.4501970161,11070230.0,49.8701304549803
43.79,1298536.6450317316,11069880.0,49.87014633549683
43.8,1298335.3210562854,11069470.0,49.87016646789437
43.81,1298114.483529389,11069010.0,49.87018855164706
43.82,1297899.8487627537,11068530.0,49.870210015123725
43.83,1297716.2596644831,11068050.0,49.87022837403355
43.84,1297584.3829421762,11067600.0,49.87024156170578
43.85,1297518.7139154088,11067210.0,49.87024812860846
43.86,1297526.8661111982,11066870.0,49.87024731338888
43.87,1297609.207513375,11066610.0,49.87023907924866
43.88,1297758.5652799916,11066420.0,49.870224143472
43.89,1297960.581570763,11066290.0,49.870203941842924
43.9,1298194.9689960005,11066220.0,49.8701805031004
43.91,1298437.4893031258,11066170.0,49.87015625106969
43.92,1298662.9922885129,11066130.0,49.87013370077115
43.93,1298848.7303893948,11066080.0,49.87011512696106
43.94,1298976.8811056735,11065980.0,49.87010231188943
43.95,1299035.8736953312,11065820.0,49.87009641263047
43.96,1299020.8650916202,11065590.0,49.87009791349084
43.97,1298934.4022121686,11065290.0,49.87010655977878
43.98,1298786.7964177723,11064910.0,49.87012132035822
43.99,1298595.5083132694,11064470.0,49.87014044916867
44.0,1298383.481915053,11063990.0,49.870161651808495
44.01,1298176.5361372055,11063480.0,49.87018234638628
44.02,1297999.7594410265,11062990.0,49.8702000240559
44.03,1297874.143896891,11062520.0,49.87021258561031
44.04,1297814.5215200244,11062100.0,49.870218547848
44.05,1297828.8083093758,11061740.0,49.87021711916906
44.06,1297917.6661541204,11061460.0,49.87020823338459
44.07,1298074.2012839385,11061250.0,49.870192579871606
44.08,1298284.2688308693,11061110.0,49.87017157311691
44.09,1298527.69162639,11061030.0,49.87014723083736
44.1,1298780.2148916926,11060980.0,49.87012197851083
44.11,1299016.5291845556,11060930.0,49.870098347081544
44.12,1299213.6168197277,11060870.0,49.87007863831803
44.13,1299353.3365786192,11060770.0,49.87006466634214
44.14,1299423.803246569,11060620.0,49.87005761967534
44.15,1299419.8564776126,11060400.0,49.87005801435224
44.16,1299343.716872272,11060100.0,49.87006562831277
44.17,1299205.4045742662,11059730.0,49.87007945954257
44.18,1299022.1802817814,11059300.0,49.87009778197182
44.19,1298816.9169035046,11058820.0,49.87011830830965
44.2,1298615.5267405054,11058330.0,49.87013844732595
44.21,1298443.3390101201,11057840.0,49.87015566609899
44.22,1298321.6718850343,11057380.0,49.8701678328115
44.23,1298265.6977651885,11056970.0,49.87017343022348
44.24,1298283.64155145,11056630.0,49.870171635844855
44.25,1298376.4671884046,11056360.0,49.87016235328116
44.26,1298537.5694162115,11056170.0,49.87014624305838
44.27,1298753.026358952,11056050.0,49.870124697364105
44.28,1299002.7817588868,11055990.0,49.87009972182411
44.29,1299262.5749419061,11055960.0,49.87007374250581
44.3,1299506.9433548423,11055950.0,49.870049305664516
44.31,1299712.6009591399,11055920.0,49.870028739904086
44.32,1299861.0863623838,11055860.0,49.87001389136376
44.33,1299940.1947485723,11055740.0,49.87000598052514
44.34,1299944.4632377077,11055550.0,49.87000555367623
44.35,1299875.794354719,11055290.0,49.87001242056453
44.36,1299743.9211624595,11054960.0,49.870025607883754
44.37,1299565.9011021133,11054570.0,49.87004340988979
44.38,1299364.5280403853,11054140.0,49.87006354719596
44.39,1299165.8006050955,11053680.0,49.87008341993949
44.4,1298995.2845641994,11053230.0,49.87010047154358
44.41,1298874.6226976388,11052820.0,49.870112537730236
44.42,1298819.3297121597,11052450.0,49.870118067028784
44.43,1298837.9441918596,11052160.0,49.870116205580814
44.44,1298931.7387206967,11051940.0,49.87010682612793
44.45,1299094.403735026,11051800.0,49.8700905596265
44.46,1299312.2491196373,11051730.0,49.870068775088036
44.47,1299565.347988434,11051720.0,49.87004346520116
44.48,1299829.440372804,11051750.0,49.87001705596272
44.49,1300078.9151743674,11051790.0,49.86999210848256
44.5,1300290.2171134423,11051820.0,49.869970978288656
44.51,1300444.559110403,11051820.0,49.86995554408896
44.52,1300529.4090181962,11051770.0,49.86994705909818
44.53,1300539.0048424203,11051650.0,49.86994609951576
44.54,1300474.9462645294,11051460.0,49.86995250537355
44.55,1300346.679559823,11051200.0,49.86996533204402
44.56,1300171.051148027,11050880.0,49.8699828948852
44.57,1299970.7644677015,11050520.0,49.87000292355323
44.58,1299771.8922966328,11050130.0,49.87002281077034
44.59,1299600.2256498684,11049750.0,49.87003997743501
44.6,1299477.7258039392,11049410.0,49.870052227419606
44.61,1299420.2482592955,11049120.0,49.87005797517407
44.62,1299436.6422107362,11048890.0,49.870056335778926
44.63,1299528.4793815643,11048750.0,49.870047152061844
44.64,1299689.7370210548,11048680.0,49.870031026297895
44.65,1299906.955403145,11048690.0,49.870009304459685
44.66,1300160.3396325123,11048760.0,49.86998396603675
44.67,1300425.6357674394,11048880.0,49.869957436423256
44.68,1300677.0862604356,11049010.0,49.869932291373956
44.69,1300890.865842348,11049130.0,49.869910913415765
44.7,1301047.8578921435,11049220.0,49.869895214210786
44.71,1301135.1958365936,11049250.0,49.86988648041634
44.72,1301146.8141088756,11049220.0,49.86988531858911
44.73,1301084.0082426968,11049120.0,49.86989159917573
44.74,1300955.9319856833,11048960.0,49.86990440680143
44.75,1300779.2134015262,11048730.0,49.86992207865985
44.76,1300576.456847864,11048460.0,49.869942354315214
44.77,1300373.7950623417,11048170.0,49.869962620493766
44.78,1300197.2271436558,11047880.0,49.869980277285634
44.79,1300069.027531734,11047630.0,49.86999309724683
44.8,1300005.3942727875,11047430.0,49.86999946057272
44.81,1300015.487945103,11047300.0,49.86999845120549
44.82,1300101.1774991867,11047250.0,49.86998988225008
44.83,1300256.725846154,11047280.0,49.869974327415385
44.84,1300468.9122729474,11047390.0,49.869953108772705
44.85,1300718.0874979696,11047560.0,49.8699281912502
44.86,1300980.017947282,11047780.0,49.86990199820527
44.87,1301228.812484183,11048010.0,49.86987711875158
44.88,1301440.3844807276,11048230.0,49.86985596155193
44.89,1301595.2930505392,11048430.0,49.869840470694946
44.9,1301680.3398915045,11048570.0,49.86983196601085
44.91,1301689.1564085141,11048650.0,49.86983108435915
44.92,1301622.7344596842,11048660.0,49.86983772655403
44.93,1301489.9352868525,11048600.0,49.869851006471315
44.94,1301307.1687412746,11048480.0,49.86986928312587
44.95,1301096.940723454,11048320.0,49.869890305927655
44.96,1300885.4463801356,11048130.0,49.869911455361986
44.97,1300698.8994189329,11047950.0,49.86993011005811
44.98,1300559.8968008058,11047800.0,49.86994401031992
44.99,1300484.9909754768,11047710.0,49.86995150090245
45.0,1300483.668721455,11047680.0,49.869951633127855
45.01,1300558.113303012,11047740.0,49.8699441886697
45.02,1300702.892868415,11047880.0,49.86992971071316
45.03,1300905.0464265926,11048090.0,49.86990949535734
45.04,1301145.0907807641,11048370.0,49.869885490921924
45.05,1301398.832660965,11048700.0,49.8698601167339
45.06,1301640.2632335655,11049040.0,49.86983597367664
45.07,1301845.045224681,11049380.0,49.86981549547753
45.08,1301993.4195357054,11049680.0,49.86980065804643
45.09,1302071.8584871106,11049940.0,49.86979281415129
45.1,1302073.6901368224,11050130.0,49.86979263098632
45.11,1301999.6007604108,11050260.0,49.86980003992396
45.12,1301858.1560913844,11050310.0,49.86981418439086
45.13,1301665.5431238888,11050300.0,49.86983344568761
45.14,1301444.1640265062,11050260.0,49.86985558359735
45.15,1301220.2618252644,11050180.0,49.869877973817474
45.16,1301020.2547317108,11050110.0,49.86989797452683
45.17,1300867.0574258475,11050070.0,49.869913294257415
45.18,1300777.5784667076,11050090.0,49.86992224215333
45.19,1300761.6365018038,11050170.0,49.86992383634982
45.2,1300821.7375026022,11050340.0,49.86991782624974
45.21,1300952.7647697893,11050580.0,49.86990472352302
45.22,1301142.0280791696,11050910.0,49.86988579719208
45.23,1301370.22190155,11051300.0,49.869862977809845
45.24,1301613.2040126394,11051730.0,49.869838679598736
45.25,1301844.8548257311,11052190.0,49.86981551451743
45.26,1302040.5880016738,11052640.0,49.86979594119983
45.27,1302180.324374973,11053060.0,49.8697819675625
45.28,1302250.2021234317,11053430.0,49.86977497978766
45.29,1302243.2381805514,11053740.0,49.869775676181945
45.3,1302159.803409353,11053970.0,49.869784019659065
45.31,1302008.1562425646,11054140.0,49.86979918437574
45.32,1301804.2479877323,11054240.0,49.86981957520123
45.33,1301570.3646930633,11054300.0,49.869842963530694
45.34,1301332.781459479,11054340.0,49.86986672185405
45.35,1301118.1085984446,11054380.0,49.869888189140156
45.36,1300949.5714646846,11054440.0,49.86990504285353
45.37,1300844.4330208136,11054560.0,49.86991555669792
45.38,1300812.8463460621,11054750.0,49.869918715365394
45.39,1300857.6444485697,11055020.0,49.86991423555514
45.4,1300974.0310289431,11055370.0,49.869902596897106
45.41,1301149.593172255,11055800.0,49.869885040682775
45.42,1301365.2097035332,11056290.0,49.86986347902965
45.43,1301596.800511362,11056830.0,49.869840319948864
45.44,1301818.152188474,11057390.0,49.86981818478115
45.45,1302004.443803142,11057940.0,49.869799555619686
45.46,1302135.2793808915,11058470.0,49.86978647206191
45.47,1302196.4588668311,11058940.0,49.86978035411332
45.48,1302180.6801251045,11059360.0,49.86978193198749
45.49,1302087.9877771563,11059700.0,49.869791201222284
45.5,1301926.3202442487,11059960.0,49.869807367975575
45.51,1301711.3784248836,11060170.0,49.86982886215751
45.52,1301465.3159761026,11060330.0,49.86985346840239
45.53,1301214.4253078618,11060460.0,49.869878557469214
45.54,1300985.498220868,11060590.0,49.86990145017791
45.55,1300802.0642280371,11060750.0,49.869919793577196
45.56,1300681.7383566017,11060960.0,49.86993182616434
45.57,1300635.0085792206,11061240.0,49.86993649914208
45.58,1300665.0373779393,11061590.0,49.869933496262206
45.59,1300767.3531380703,11062030.0,49.86992326468619
45.6,1300929.8245503942,11062540.0,49.86990701754496
45.61,1301133.5195130869,11063120.0,49.86988664804869
45.62,1301354.4258246413,11063750.0,49.869864557417536
45.63,1301566.2405143757,11064400.0,49.86984337594856
45.64,1301743.909920745,11065040.0,49.869825609007925
45.65,1301866.7182034703,11065650.0,49.86981332817965
45.66,1301920.1214742537,11066210.0,49.869807987852575
45.67,1301896.4906330411,11066710.0,49.869810350936696
45.68,1301795.534200778,11067130.0,49.86982044657992
45.69,1301624.8585388723,11067480.0,49.86983751414611
45.7,1301399.9011600674,11067770.0,49.86986000988399
45.71,1301142.6701331886,11068000.0,49.86988573298668
45.72,1300879.4626182406,11068210.0,49.869912053738176
45.73,1300637.2437343572,11068410.0,49.869936275626564
45.74,1300439.843496619,11068640.0,49.86995601565034
45.75,1300305.2288419781,11068920.0,49.8699694771158
45.76,1300244.2255641,11069260.0,49.86997557744359
45.77,1300260.3307437967,11069680.0,49.86997396692562
45.78,1300349.4039031693,11070180.0,49.86996505960968
45.79,1300499.6034414517,11070750.0,49.869950039655855
45.8,1300692.1953795115,11071390.0,49.86993078046205
45.81,1300903.2442764123,11072080.0,49.86990967557236
45.82,1301106.3641354071,11072790.0,49.86988936358646
45.83,1301276.2721570681,11073490.0,49.86987237278429
45.84,1301391.9340431811,11074160.0,49.86986080659568
45.85,1301438.4610968933,11074780.0,49.86985615389031
45.86,1301407.8984299004,11075330.0,49.86985921015701
45.87,1301299.6248740193,11075810.0,49.8698700375126
45.88,1301120.920960841,11076220.0,49.869887907903916
45.89,1300886.9596674799,11076550.0,49.86991130403325
45.9,1300619.5993000346,11076830.0,49.86993804007
45.91,1300345.136436931,11077080.0,49.86996548635631
45.92,1300090.7046061626,11077330.0,49.869990929539384
45.93,1299880.4331314063,11077600.0,49.87001195668686
45.94,1299732.6435167622,11077910.0,49.870026735648324
45.95,1299658.5041787513,11078290.0,49.870034149582125
45.96,1299661.8383952098,11078740.0,49.87003381616048
45.97,1299738.8330267512,11079270.0,49.870026116697325
45.98,1299877.9346425948,11079880.0,49.87001220653574
45.99,1300060.6111393864,11080550.0,49.86999393888606
46.0,1300263.01019889,11081260.0,49.86997369898011
46.01,1300458.669126243,11082000.0,49.869954133087376
46.02,1300622.0809250379,11082730.0,49.869937791907496
46.03,1300731.8952054447,11083430.0,49.869926810479456
46.04,1300772.8781435192,11084070.0,49.86992271218565
46.05,1300736.7520987855,11084650.0,49.86992632479012
46.06,1300622.576578121,11085150.0,49.86993774234219
46.07,1300437.317960288,11085580.0,49.86995626820397
46.08,1300195.886000992,11085930.0,49.8699804113999
46.09,1299919.9854319699,11086230.0,49.8700080014568
46.1,1299635.9068991125,11086500.0,49.87003640931009
46.11,1299370.9485661497,11086750.0,49.870062905143385
46.12,1299149.5378707896,11087030.0,49.87008504621292
46.13,1298990.351276501,11087350.0,49.87010096487235
46.14,1298904.903597915,11087730.0,49.87010950964021
46.15,1298897.3334142885,11088180.0,49.87011026665857
46.16,1298964.1476571024,11088710.0,49.87010358523429
46.17,1299094.0766460567,11089320.0,49.870090592335394
46.18,1299268.790916912,11089990.0,49.87007312090831
46.19,1299464.5253991166,11090710.0,49.87005354746009
46.2,1299654.7454452666,11091440.0,49.87003452545547
46.21,1299813.7233829254,11092170.0,49.87001862766171
46.22,1299919.7940138173,11092870.0,49.87000802059862
46.23,1299957.3780227536,11093510.0,49.870004262197725
46.24,1299917.8731995188,11094080.0,49.87000821268005
46.25,1299800.0154828303,11094580.0,49.87001999845172
46.26,1299610.4510924767,11094990.0,49.87003895489075
46.27,1299363.819048196,11095340.0,49.87006361809518
46.28,1299081.6625522682,11095620.0,49.87009183374477
46.29,1298790.2588619704,11095870.0,49.8701209741138
46.3,1298517.0659541013,11096110.0,49.87014829340459
46.31,1298286.8077535415,11096360.0,49.870171319224646
46.32,1298118.5176946041,11096660.0,49.87018814823054
46.33,1298024.0612138517,11097020.0,49.870197593878615
46.34,1298007.8787572323,11097450.0,49.87019921212428
46.35,1298066.7666153067,11097950.0,49.87019332333847
46.36,1298189.729166097,11098530.0,49.87018102708339
46.37,1298358.6396630642,11099170.0,49.870164136033694
46.38,1298549.8259261874,11099860.0,49.87014501740738
46.39,1298736.6895196573,11100560.0,49.870126331048034
46.4,1298893.2890262106,11101260.0,49.87011067109738
46.41,1298997.649627509,11101930.0,49.87010023503725
46.42,1299033.8497608178,11102540.0,49.87009661502392
46.43,1298992.964072667,11103080.0,49.87010070359273
46.44,1298873.4055191742,11103550.0,49.87011265944808
46.45,1298681.4994352614,11103930.0,49.870131850056474
46.46,1298431.6130874874,11104240.0,49.87015683869125
46.47,1298145.1263956246,11104480.0,49.87018548736044
46.48,1297848.3015885444,11104690.0,49.870215169841146
46.49,1297568.7564922113,11104880.0,49.87024312435078
46.5,1297331.5145617903,11105090.0,49.87026684854382
46.51,1297155.9731408178,11105340.0,49.87028440268592
46.52,1297054.3582436277,11105640.0,49.87029456417564
46.53,1297031.4240725855,11106020.0,49.87029685759274
46.54,1297084.269447808,11106480.0,49.87029157305522
46.55,1297202.1861990867,11107000.0,49.87027978138009
46.56,1297367.2638094057,11107590.0,49.87026327361906
46.57,1297555.9369237998,11108220.0,49.87024440630762
46.58,1297741.55524089,11108870.0,49.87022584447591
46.59,1297897.9729430762,11109520.0,49.87021020270569
46.6,1298002.9126342884,11110130.0,49.87019970873657
46.61,1298040.1153225785,11110690.0,49.87019598846774
46.62,1298000.334558651,11111180.0,49.870199966544135
46.63,1297881.6596036325,11111580.0,49.87021183403964
46.64,1297690.090943462,11111910.0,49.870230990905654
46.65,1297439.7173353937,11112150.0,49.87025602826646
46.66,1297151.7477367911,11112340.0,49.87028482522632
46.67,1296852.4207007447,11112480.0,49.870314757929926
46.68,1296569.5081718564,11112610.0,49.870343049182814
46.69,1296328.3312829786,11112750.0,49.8703671668717
46.7,1296148.652043172,11112930.0,49.87038513479568
46.71,1296043.0597537,11113160.0,49.87039569402463
46.72,1296016.6263826522,11113470.0,49.870398337361735
46.73,1296066.75798847,11113850.0,49.87039332420115
46.74,1296183.0387714456,11114300.0,49.870381696122855
46.75,1296347.779693079,11114820.0,49.87036522203069
46.76,1296537.5268210976,11115380.0,49.87034624731789
46.77,1296725.580868312,11115960.0,49.87032744191317
46.78,1296885.5922348155,11116530.0,49.87031144077652
46.79,1296994.9787702006,11117070.0,49.87030050212298
46.8,1297037.139005397,11117560.0,49.87029628609946
46.81,1297002.4980235451,11117970.0,49.870299750197645
46.82,1296888.8113996969,11118300.0,49.87031111886003
46.83,1296701.7428525907,11118550.0,49.87032982571474
46.84,1296455.087961448,11118720.0,49.870354491203855
46.85,1296169.8679084321,11118830.0,49.87038301320916
46.86,1295872.2812464174,11118900.0,49.87041277187536
46.87,1295590.2403199105,11118940.0,49.87044097596801
46.88,1295349.3552418393,11119000.0,49.870465064475816
46.89,1295169.7472697531,11119090.0,49.870483025273025
46.9,1295064.3667606697,11119240.0,49.87049356332393
46.91,1295038.6040691342,11119460.0,49.87049613959309
46.92,1295090.1734792097,11119760.0,49.87049098265208
46.93,1295208.9530208611,11120120.0,49.870479104697914
46.94,1295377.4767809277,11120550.0,49.87046225232191
46.95,1295572.4035912652,11121030.0,49.87044275964087
46.96,1295766.9858653985,11121520.0,49.87042330141346
46.97,1295934.6696196406,11122010.0,49.870406533038036
46.98,1296052.5648482956,11122470.0,49.87039474351517
46.99,1296103.7222328286,11122870.0,49.87038962777672
47.0,1296078.2317311727,11123200.0,49.87039217682688
47.01,1295973.5065422251,11123450.0,49.87040264934578
47.02,1295794.8621522065,11123620.0,49.87042051378478
47.03,1295555.7877562996,11123700.0,49.87044442122437
47.04,1295277.1023342535,11123720.0,49.870472289766575
47.05,1294984.9506105692,11123700.0,49.87050150493894
47.06,1294707.3748414794,11123650.0,49.87052926251585
47.07,1294470.2677991416,11123620.0,49.870552973220086
47.08,1294294.10818382,11123620.0,49.87057058918162
47.09,1294192.2087026825,11123670.0,49.87058077912973
47.1,1294170.2814593725,11123800.0,49.87058297185406
47.11,1294226.3545070887,11124000.0,49.87057736454929
47.12,1294350.6058626752,11124270.0,49.87056493941373
47.13,1294525.7990290315,11124600.0,49.8705474200971
47.14,1294728.7131644457,11124980.0,49.870527128683555
47.15,1294932.5589926275,11125390.0,49.87050674410074
47.16,1295110.5817602125,11125790.0,49.87048894182398
47.17,1295239.5856842713,11126150.0,49.87047604143157
47.18,1295302.274307275,11126470.0,49.87046977256927
47.19,1295288.4007582099,11126710.0,49.87047115992418
47.2,1295195.0321649974,11126870.0,49.8704804967835
47.21,1295027.1303159154,11126940.0,49.87049728696841
47.22,1294797.8706923635,11126930.0,49.870520212930764
47.23,1294527.861667021,11126860.0,49.8705472138333
47.24,1294243.185637498,11126740.0,49.87057568143625
47.25,1293972.0097681119,11126600.0,49.87060279902319
47.26,1293740.5083535935,11126470.0,49.87062594916464
47.27,1293569.5197911202,11126380.0,49.87064304802089
47.28,1293472.725228071,11126340.0,49.87065272747719
47.29,1293456.1669204214,11126360.0,49.87065438330796
47.3,1293518.1957239904,11126460.0,49.8706481804276
47.31,1293649.29975047,11126640.0,49.87063507002495
47.32,1293832.4838439287,11126880.0,49.87061675161561
47.33,1294044.6590717158,11127160.0,49.87059553409283
47.34,1294259.0039808976,11127470.0,49.87057409960191
47.35,1294448.570858222,11127780.0,49.87055514291418
47.36,1294589.8629603647,11128060.0,49.87054101370396
47.37,1294665.2387280723,11128280.0,49.87053347612719
47.38,1294664.114230031,11128430.0,49.870533588577
47.39,1294583.2320904315,11128500.0,49.87054167679096
47.4,1294427.214763374,11128480.0,49.87055727852366
47.41,1294208.9339286156,11128390.0,49.87057910660714
47.42,1293948.7886951184,11128220.0,49.87060512113049
47.43,1293672.7952445182,11128010.0,49.87063272047555
47.44,1293409.2404833564,11127780.0,49.870659075951664
47.45,1293184.578070239,11127560.0,49.870681542192976
47.46,1293020.0070035625,11127370.0,49.870697999299644
47.47,1292929.5798343078,11127230.0,49.87070704201657
47.48,1292919.6733652758,11127160.0,49.87070803266347
47.49,1292988.9662540716,11127170.0,49.87070110337459
47.5,1293128.2619369,11127260.0,49.87068717380631
47.51,1293320.8114281313,11127400.0,49.87066791885719
47.52,1293543.6621378926,11127600.0,49.87064563378621
47.53,1293769.9637924281,11127820.0,49.87062300362076
47.54,1293972.5763277465,11128040.0,49.870602742367225
47.55,1294127.6994685323,11128230.0,49.87058723005315
47.56,1294217.3409710734,11128370.0,49.87057826590289
47.57,1294230.5724267554,11128440.0,49.870576942757324
47.58,1294163.8176891245,11128430.0,49.87058361823109
47.59,1294021.3673171287,11128330.0,49.87059786326829
47.6,1293815.7863334964,11128160.0,49.87061842136665
47.61,1293567.2538986155,11127910.0,49.87064327461014
47.62,1293301.705889789,11127620.0,49.87066982941102
47.63,1293047.535732228,11127300.0,49.87069524642678
47.64,1292831.4657725082,11127000.0,49.87071685342275
47.65,1292675.0490729688,11126720.0,49.8707324950927
47.66,1292592.7051364994,11126500.0,49.87074072948635
47.67,1292591.1333078232,11126360.0,49.87074088666922
47.68,1292669.315350352,11126280.0,49.870733068464965
47.69,1292818.342974371,11126290.0,49.87071816570256
47.7,1293021.7003885503,11126360.0,49.870697829961145
47.71,1293256.565080867,11126480.0,49.87067434349191
47.72,1293496.0547612207,11126620.0,49.87065039452388
47.73,1293712.8338515435,11126770.0,49.870628716614846
47.74,1293882.7944977048,11126890.0,49.87061172055023
47.75,1293987.588950074,11126960.0,49.87060124110499
47.76,1294015.937048769,11126960.0,49.87059840629512
47.77,1293963.9487883882,11126880.0,49.87060360512116
47.78,1293835.5998311124,11126720.0,49.87061644001689
47.79,1293643.1499221611,11126480.0,49.870635685007784
47.8,1293406.5538597396,11126160.0,49.870659344614026
47.81,1293151.6572027847,11125810.0,49.87068483427972
47.82,1292906.946190584,11125420.0,49.87070930538094
47.83,1292699.4019098005,11125050.0,49.87073005980902
47.84,1292550.9268436031,11124710.0,49.87074490731564
47.85,1292476.3089234403,11124420.0,49.870752369107656
47.86,1292482.5750899771,11124210.0,49.870751742491
47.87,1292569.0147714873,11124070.0,49.87074309852285
47.88,1292727.0134739643,11124010.0,49.870727298652604
47.89,1292940.2984904214,11124020.0,49.87070597015096
47.9,1293186.1889725837,11124080.0,49.87068138110274
47.91,1293437.7832280574,11124170.0,49.870656221677194
47.92,1293667.5625817173,11124260.0,49.87063324374183
47.93,1293851.1193271296,11124330.0,49.87061488806729
47.94,1293969.7542291384,11124350.0,49.870603024577086
47.95,1294011.8367612285,11124300.0,49.87059881632388
47.96,1293973.1615379201,11124170.0,49.87060268384621
47.97,1293857.3868622428,11123960.0,49.870614261313776
47.98,1293676.4648164,11123660.0,49.87063235351836
47.99,1293450.1212008342,11123300.0,49.87065498787992
48.0,1293204.1024776453,11122900.0,49.870679589752235
48.01,1292966.9768755047,11122470.0,49.87070330231245
48.02,1292765.9748778096,11122040.0,49.87072340251222
48.03,1292623.349826414,11121660.0,49.87073766501736
48.04,1292554.2653491818,11121320.0,49.87074457346508
48.05,1292566.0860608446,11121060.0,49.870743391393916
48.06,1292658.4221047931,11120880.0,49.87073415778952
48.07,1292822.9675632252,11120780.0,49.87071770324368
48.08,1293043.7082842872,11120740.0,49.87069562917157
48.09,1293298.1210348515,11120760.0,49.870670187896515
48.1,1293559.3084415586,11120810.0,49.870644069155844
48.11,1293799.5983638472,11120870.0,49.870620040163615
48.12,1293994.2977604347,11120910.0,49.87060057022396
48.13,1294124.3625010657,11120890.0,49.87058756374989
48.14,1294177.8137199832,11120820.0,49.870582218628
48.15,1294150.129438094,11120660.0,49.87058498705619
48.16,1294044.646079726,11120420.0,49.87059553539203
48.17,1293873.0011524768,11120100.0,49.87061269988475
48.18,1293654.6846924557,11119720.0,49.870634531530754
48.19,1293415.336845385,11119280.0,49.87065846631546
48.2,1293183.6025224186,11118830.0,49.87068163974776
48.21,1292986.960568996,11118380.0,49.8707013039431
48.22,1292848.0181793845,11117970.0,49.87071519818206
48.23,1292782.320993311,11117610.0,49.87072176790067
48.24,1292797.5800721468,11117320.0,49.870720241992785
48.25,1292893.7353094483,11117120.0,49.870710626469055
48.26,1293062.7985547716,11117000.0,49.87069372014452
48.27,1293289.02368421,11116940.0,49.87067109763158
48.28,1293550.0543636635,11116950.0,49.870644994563634
48.29,1293819.0167437824,11116990.0,49.87061809832562
48.3,1294068.0970674378,11117030.0,49.870593190293256
48.31,1294272.3241086896,11117060.0,49.87057276758913
48.32,1294412.3083801174,11117040.0,49.87055876916199
48.33,1294475.7163601394,11116960.0,49.870552428363986
48.34,1294457.6994390644,11116800.0,49.870554230056094
48.35,1294361.2593495857,11116560.0,49.87056387406504
48.36,1294197.7041244712,11116240.0,49.87058022958755
48.37,1293986.2704548233,11115860.0,49.87060137295452
48.38,1293752.4751483665,11115420.0,49.87062475248516
48.39,1293525.0257415022,11114970.0,49.87064749742585
48.4,1293331.6396254923,11114520.0,49.87066683603745
48.41,1293195.2730781403,11114110.0,49.870680472692186
48.42,1293131.8523508394,11113750.0,49.870686814764916
48.43,1293149.4357921735,11113470.0,49.87068505642078
48.44,1293248.2957231884,11113270.0,49.87067517042768
48.45,1293420.7653031393,11113150.0,49.870657923469686
48.46,1293651.3693959028,11113100.0,49.87063486306041
48.47,1293917.9204581564,11113120.0,49.870608207954184
48.48,1294193.5767944558,11113170.0,49.870580642320554
48.49,1294450.3874323487,11113230.0,49.870554961256765
48.5,1294663.1027831757,11113280.0,49.87053368972168
48.51,1294811.9824021375,11113280.0,49.870518801759786
48.52,1294884.3275512445,11113220.0,49.870511567244876
48.53,1294874.950522882,11113080.0,49.87051250494771
48.54,1294786.503730805,11112870.0,49.87052134962692
48.55,1294629.948855004,11112570.0,49.8705370051145
48.56,1294424.252853048,11112210.0,49.870557574714695
48.57,1294194.7923869889,11111800.0,49.8705805207613
48.58,1293970.3241933386,11111380.0,49.870602967580666
48.59,1293778.7965777402,11110950.0,49.870622120342226
48.6,1293643.5121100943,11110560.0,49.87063564878899
48.61,1293580.778341763,11110230.0,49.870641922165824
48.62,1293599.0043998656,11109980.0,49.87064009956001
48.63,1293698.800387233,11109810.0,49.87063011996128
48.64,1293872.8265668687,11109720.0,49.87061271734331
48.65,1294105.8856729625,11109710.0,49.870589411432704
48.66,1294375.9668208798,11109760.0,49.87056240331791
48.67,1294656.2676759753,11109840.0,49.8705343732324
48.68,1294918.704130197,11109940.0,49.87050812958698
48.69,1295137.746834527,11110030.0,49.87048622531655
48.7,1295293.2998071276,11110080.0,49.87047067001929
48.71,1295372.2942333457,11110060.0,49.870462770576665
48.72,1295369.1956395374,11109970.0,49.870463080436046
48.73,1295286.2988204572,11109800.0,49.870471370117954
48.74,1295134.2112889818,11109550.0,49.8704865788711
48.75,1294931.6215127737,11109240.0,49.87050683784872
48.76,1294703.757841944,11108880.0,49.870529624215806
48.77,1294479.420881558,11108500.0,49.870552057911844
48.78,1294286.7891116093,11108120.0,49.87057132108884
48.79,1294149.5149306804,11107780.0,49.87058504850693
48.8,1294084.2945459962,11107500.0,49.8705915705454
48.81,1294099.8981689233,11107290.0,49.87059001018311
48.82,1294197.2853566597,11107160.0,49.870580271464334
48.83,1294369.4571304575,11107120.0,49.870563054286954
48.84,1294601.509005986,11107160.0,49.8705398490994
48.85,1294871.6210973288,11107270.0,49.87051283789027
48.86,1295153.0436168923,11107410.0,49.87048469563831
48.87,1295417.5691158553,11107570.0,49.870458243088414
48.88,1295639.394646102,11107710.0,49.87043606053539
48.89,1295798.0711362893,11107820.0,49.87042019288637
48.9,1295880.15808352,11107860.0,49.87041198419165
48.91,1295879.771534274,11107840.0,49.87041202284657
48.92,1295798.8455131187,11107730.0,49.87042011544869
48.93,1295647.6290089113,11107550.0,49.87043523709911
48.94,1295444.5275277493,11107300.0,49.870455547247225
48.95,1295214.617664371,11107000.0,49.87047853823356
48.96,1294986.7427361284,11106680.0,49.87050132572639
48.97,1294789.3131619992,11106370.0,49.8705210686838
48.98,1294646.3376005823,11106090.0,49.87053536623994
48.99,1294574.9106562943,11105870.0,49.87054250893437
49.0,1294584.1746645214,11105720.0,49.87054158253355
49.01,1294675.4427354534,11105660.0,49.870532455726455
49.02,1294842.0638460333,11105690.0,49.8705157936154
49.03,1295069.4348594283,11105790.0,49.87049305651406
49.04,1295335.9385108599,11105960.0,49.870466406148914
49.05,1295614.890035779,11106170.0,49.87043851099642
49.06,1295877.967301635,11106400.0,49.87041220326984
49.07,1296099.0980081277,11106620.0,49.87039009019919
49.08,1296257.4811154327,11106800.0,49.87037425188846
49.09,1296339.3028442739,11106920.0,49.87036606971557
49.1,1296338.3366859204,11106960.0,49.87036616633141
49.11,1296256.1785141702,11106930.0,49.87037438214858
49.12,1296102.7436831074,11106820.0,49.87038972563169
49.13,1295896.1625497523,11106650.0,49.870410383745025
49.14,1295661.3598336019,11106430.0,49.87043386401664
49.15,1295427.218970886,11106180.0,49.87045727810291
49.16,1295222.3807553765,11105940.0,49.87047776192446
49.17,1295071.2102146156,11105730.0,49.87049287897854
49.18,1294991.2032876653,11105580.0,49.87050087967123
49.19,1294991.8797602323,11105500.0,49.87050081202398
49.2,1295074.8868305339,11105510.0,49.87049251131695
49.21,1295233.9074757902,11105600.0,49.87047660925242
49.22,1295454.6284296953,11105780.0,49.87045453715703
49.23,1295715.631206633,11106020.0,49.87042843687934
49.24,1295990.2961880232,11106310.0,49.8704009703812
49.25,1296250.1873322197,11106610.0,49.87037498126678
49.26,1296468.960283832,11106910.0,49.87035310397162
49.27,1296625.4563033886,11107170.0,49.87033745436966
49.28,1296705.4807302246,11107360.0,49.87032945192698
49.29,1296702.4555200622,11107490.0,49.870329754447994
49.3,1296617.6288101394,11107540.0,49.870338237118986
49.31,1296460.5725846924,11107510.0,49.87035394274153
49.32,1296249.1301060198,11107420.0,49.8703750869894
49.33,1296008.061460796,11107270.0,49.87039919385392
49.34,1295766.2790556413,11107100.0,49.870423372094436
49.35,1295552.6471629497,11106930.0,49.870444735283705
49.36,1295391.8841830613,11106790.0,49.870460811581694
49.37,1295301.8874537037,11106710.0,49.87046981125463
49.38,1295292.557801062,11106710.0,49.870470744219894
49.39,1295365.8621107421,11106790.0,49.870463413788926
49.4,1295515.7856433175,11106960.0,49.87044842143567
49.41,1295728.2944996962,11107210.0,49.87042717055003
49.42,1295982.1684372486,11107520.0,49.870401783156275
49.43,1296250.8576575972,11107880.0,49.87037491423424
49.44,1296505.8166047782,11108260.0,49.87034941833952
49.45,1296720.4326093907,11108630.0,49.87032795673906
49.46,1296873.1911890786,11108970.0,49.87031268088109
49.47,1296949.5163422097,11109240.0,49.87030504836578
49.48,1296942.476540579,11109450.0,49.87030575234594
49.49,1296852.9697381116,11109570.0,49.87031470302619
49.5,1296690.2222506604,11109620.0,49.870330977774934
49.51,1296471.787501261,11109600.0,49.870352821249874
49.52,1296222.2582662264,11109520.0,49.87037777417338
49.53,1295970.5756118468,11109420.0,49.870402942438815
49.54,1295745.8295502278,11109320.0,49.87042541704498
49.55,1295573.09833487,11109260.0,49.87044269016651
49.56,1295470.6913957635,11109240.0,49.870452930860424
49.57,1295448.9033980821,11109310.0,49.87045510966019
49.58,1295510.0339521407,11109460.0,49.870448996604786
49.59,1295648.3832314801,11109690.0,49.87043516167685
49.6,1295850.2131360206,11110000.0,49.8704149786864
49.61,1296094.5195899853,11110390.0,49.870390548041
49.62,1296354.8404950132,11110820.0,49.8703645159505
49.63,1296602.5366709032,11111270.0,49.87033974633291
49.64,1296810.7386478777,11111710.0,49.87031892613521
49.65,1296957.5837277602,11112110.0,49.870304241627224
49.66,1297028.1186800036,11112460.0,49.870297188132
49.67,1297015.0611939603,11112730.0,49.870298493880604
49.68,1296918.959162383,11112930.0,49.87030810408376
49.69,1296748.6905861136,11113050.0,49.87032513094139
49.7,1296521.5157891663,11113090.0,49.87034784842108
49.71,1296261.8558354678,11113080.0,49.87037381441645
49.72,1295998.6772487042,11113050.0,49.87040013227513
49.73,1295761.2960769183,11113010.0,49.87042387039231
49.74,1295575.1540102512,11113010.0,49.870442484598975
49.75,1295458.9785567806,11113060.0,49.87045410214432
49.76,1295423.4669591358,11113180.0,49.870457653304086
49.77,1295471.2619711729,11113380.0,49.87045287380288
49.78,1295596.9896069774,11113680.0,49.8704403010393
49.79,1295787.2184165353,11114050.0,49.87042127815835
49.8,1296021.1721493665,11114500.0,49.87039788278506
49.81,1296272.4879137967,11114990.0,49.87037275120862
49.82,1296512.4403943662,11115500.0,49.87034875596056
49.83,1296713.9062005372,11116000.0,49.870328609379946
49.84,1296854.67353589,11116470.0,49.87031453264641
49.85,1296919.408328634,11116880.0,49.87030805916714
49.86,1296900.4699696996,11117220.0,49.87030995300303
49.87,1296798.0468949492,11117480.0,49.870320195310505
49.88,1296620.6574944295,11117660.0,49.87033793425056
49.89,1296385.2547648712,11117760.0,49.87036147452351
49.9,1296116.0734706568,11117810.0,49.870388392652934
49.91,1295842.09169451,11117840.0,49.87041579083055
49.92,1295592.8412837635,11117860.0,49.870440715871624
49.93,1295394.121351734,11117900.0,49.87046058786483
49.94,1295265.0750705174,11118000.0,49.87047349249295
49.95,1295216.8026225052,11118180.0,49.87047831973775
49.96,1295252.2917056086,11118440.0,49.87047477082944
49.97,1295366.498138577,11118780.0,49.87046335018614
49.98,1295546.3021324931,11119210.0,49.87044536978675
49.99,1295771.15902606,11119700.0,49.870422884097394
50.0,1296014.8083050172,11120250.0,49.8703985191695
50.01,1296248.439655159,11120810.0,49.870375156034484
50.02,1296444.6739913172,11121370.0,49.87035553260087
50.03,1296580.9460648359,11121890.0,49.870341905393516
50.04,1296641.533158578,11122360.0,49.87033584668414
50.05,1296618.426185887,11122750.0,49.87033815738141
50.06,1296511.4419930757,11123060.0,49.87034885580069
50.07,1296328.7255606558,11123290.0,49.870367127443934
50.08,1296086.9066741765,11123450.0,49.87039130933258
50.09,1295810.0160168584,11123550.0,49.870418998398314
50.1,1295527.0282250808,11123620.0,49.87044729717749
50.11,1295267.6795269724,11123690.0,49.8704732320473
50.12,1295058.11941236,11123780.0,49.870494188058764
50.13,1294917.9039739533,11123920.0,49.870508209602605
50.14,1294858.5367715282,11124140.0,49.87051414632285
50.15,1294883.3533955195,11124440.0,49.87051166466045
50.16,1294987.6431861895,11124820.0,49.87050123568138
50.17,1295158.6028055572,11125290.0,49.870484139719444
50.18,1295375.9256002684,11125820.0,49.87046240743997
50.19,1295613.4596953462,11126410.0,49.870438654030465
50.2,1295842.315002602,11127010.0,49.87041576849974
50.21,1296034.8584361013,11127610.0,49.87039651415639
50.22,1296168.1695680483,11128180.0,49.870383183043195
50.23,1296226.1340908299,11128680.0,49.87037738659092
50.24,1296200.3691540502,11129120.0,49.870379963084595
50.25,1296090.3122412048,11129470.0,49.87039096877588
50.26,1295903.7255010486,11129740.0,49.870409627449895
50.27,1295656.9054710343,11129940.0,49.8704343094529
50.28,1295373.6683032701,11130070.0,49.87046263316967
50.29,1295082.972111601,11130180.0,49.87049170278884
50.3,1294814.744180286,11130270.0,49.87051852558197
50.31,1294595.478632843,11130390.0,49.870540452136716
50.32,1294445.144379992,11130560.0,49.870555485562
50.33,1294375.652900257,11130800.0,49.870562434709974
50.34,1294390.695050609,11131130.0,49.87056093049494
50.35,1294485.903065663,11131530.0,49.870551409693434
50.36,1294648.8012331515,11132020.0,49.870535119876685
50.37,1294859.3330394686,11132580.0,49.87051406669605
50.38,1295091.4678408054,11133190.0,49.87049085321592
50.39,1295316.2456030753,11133820.0,49.87046837543969
50.4,1295505.7864247977,11134440.0,49.87044942135752
50.41,1295636.819792705,11135040.0,49.87043631802073
50.42,1295692.8416770096,11135570.0,49.8704307158323
50.43,1295665.0956567728,11136020.0,49.87043349043432
50.44,1295552.6400330085,11136400.0,49.8704447359967
50.45,1295362.8519714754,11136690.0,49.87046371480285
50.46,1295111.691211872,11136900.0,49.87048883087881
50.47,1294822.7542565148,11137060.0,49.87051772457435
50.48,1294524.9680092274,11137170.0,49.87054750319908
50.49,1294248.4289317236,11137280.0,49.87057515710683
50.5,1294019.9682218179,11137410.0,49.87059800317782
50.51,1293859.9672162354,11137590.0,49.87061400327838
50.52,1293780.7502496669,11137830.0,49.87062192497503
50.53,1293786.3737965217,11138160.0,49.87062136262035
50.54,1293872.8259646127,11138570.0,49.87061271740354
50.55,1294027.9724886494,11139070.0,49.870597202751135
50.56,1294232.0223293535,11139630.0,49.870576797767065
50.57,1294459.086443993,11140240.0,49.8705540913556
50.58,1294680.1614190661,11140870.0,49.87053198385809
50.59,1294867.1440890536,11141500.0,49.870513285591095
50.6,1294996.4277723324,11142090.0,49.87050035722277
50.61,1295051.1258105023,11142630.0,49.87049488741895
50.62,1295022.110105748,11143090.0,49.870497788989425
50.63,1294908.092650857,11143460.0,49.870509190734914
50.64,1294716.0880006691,11143760.0,49.87052839119993
50.65,1294461.7348848197,11143970.0,49.87055382651152
50.66,1294168.4134676023,11144120.0,49.87058315865324
50.67,1293864.9954474356,11144220.0,49.870613500455256
50.68,1293581.7258786387,11144320.0,49.870641827412136
50.69,1293345.755640587,11144440.0,49.87066542443594
50.7,1293177.8705801377,11144600.0,49.870682212941986
50.71,1293090.8077575509,11144830.0,49.870690919224245
50.72,1293088.9850374428,11145140.0,49.870691101496256
50.73,1293168.732648624,11145540.0,49.87068312673514
50.74,1293318.244035504,11146020.0,49.87066817559645
50.75,1293517.9900377137,11146560.0,49.87064820099623
50.76,1293742.2269619957,11147150.0,49.8706257773038
50.77,1293961.916966424,11147770.0,49.87060380830336
50.78,1294148.7435746524,11148380.0,49.870585125642535
50.79,1294278.7654530008,11148950.0,49.8705721234547
50.8,1294334.710321081,11149470.0,49.87056652896789
50.81,1294307.0715939342,11149910.0,49.87056929284061
50.82,1294194.2213336688,11150260.0,49.87058057786663
50.83,1294002.8315600927,11150530.0,49.87059971684399
50.84,1293748.2201942885,11150720.0,49.87062517798057
50.85,1293453.542257197,11150840.0,49.87065464577428
50.86,1293147.5983783258,11150920.0,49.87068524016217
50.87,1292860.7664252922,11150990.0,49.87071392335747
50.88,1292620.5055461538,11151070.0,49.870737949445385
50.89,1292447.998798778,11151200.0,49.87075520012012
50.9,1292356.3910987922,11151400.0,49.87076436089012
50.91,1292350.4542529685,11151670.0,49.8707649545747
50.92,1292426.8467833144,11152020.0,49.87075731532167
50.93,1292574.073613224,11152460.0,49.87074259263868
50.94,1292772.8598426569,11152960.0,49.870722714015734
50.95,1292997.604012811,11153510.0,49.87070023959872
50.96,1293219.2327891556,11154090.0,49.870678076721084
50.97,1293409.2148412191,11154660.0,49.87065907851588
50.98,1293543.2711795159,11155190.0,49.87064567288205
50.99,1293603.7393374988,11155670.0,49.87063962606625
51.0,1293580.7276040378,11156070.0,49.870641927239596
51.01,1293472.2647782592,11156380.0,49.870652773522174
51.02,1293284.6803760612,11156610.0,49.870671531962394
51.03,1293032.964388061,11156750.0,49.870696703561194
51.04,1292740.0357094144,11156820.0,49.87072599642906
51.05,1292434.6121978657,11156850.0,49.87075653878021
51.06,1292147.194673916,11156870.0,49.87078528053261
51.07,1291905.5440702464,11156900.0,49.870809445592975
51.08,1291731.2377762613,11156970.0,49.870826876222374
51.09,1291637.8293535758,11157100.0,49.87083621706464
51.1,1291630.4483649554,11157310.0,49.870836955163504
51.11,1291706.0872665332,11157610.0,49.87082939127335
51.12,1291853.5695222034,11157980.0,49.87081464304778
51.13,1292053.8826724482,11158420.0,49.870794611732755
51.14,1292281.575943619,11158910.0,49.87077184240564
51.15,1292507.5472595892,11159420.0,49.87074924527404
51.16,1292703.055096922,11159930.0,49.87072969449031
51.17,1292843.4854813986,11160400.0,49.87071565145186
51.18,1292910.786315673,11160820.0,49.87070892136843
51.19,1292894.679192429,11161150.0,49.87071053208076
51.2,1292792.846510551,11161400.0,49.870720715348945
51.21,1292611.2704043647,11161560.0,49.87073887295956
51.22,1292364.6066576566,11161630.0,49.870763539334234
51.23,1292075.5303656505,11161640.0,49.870792446963435
51.24,1291772.6684371189,11161600.0,49.87082273315629
51.25,1291486.64056558,11161540.0,49.87085133594344
51.26,1291245.509237342,11161490.0,49.870875449076266
51.27,1291071.2499543563,11161480.0,49.870892875004564
51.28,1290977.8322789834,11161530.0,49.8709022167721
51.29,1290970.7525011527,11161660.0,49.870902924749885
51.3,1291047.3472730643,11161870.0,49.870895265272694
51.31,1291196.7696999938,11162160.0,49.87088032303
51.32,1291400.2810410352,11162520.0,49.8708599718959
51.33,1291632.5926788375,11162920.0,49.870836740732116
51.34,1291864.5838447418,11163360.0,49.870813541615526
51.35,1292067.3094513547,11163780.0,49.870793269054865
51.36,1292215.823849503,11164170.0,49.87077841761505
51.37,1292291.6861613486,11164500.0,49.870770831383865
51.38,1292284.230857561,11164750.0,49.870771576914244
51.39,1292190.792600607,11164920.0,49.87078092073994
51.4,1292017.0019730648,11164990.0,49.87079829980269
51.41,1291777.1737060235,11164980.0,49.8708222826294
51.42,1291493.731970661,11164890.0,49.870850626802934
51.43,1291195.2059906896,11164760.0,49.87088047940093
51.44,1290912.3298855717,11164600.0,49.87090876701144
51.45,1290673.4678669097,11164460.0,49.87093265321331
51.46,1290500.9973725611,11164350.0,49.870949900262744
51.47,1290409.3093840175,11164310.0,49.8709590690616
51.48,1290404.2750639634,11164340.0,49.870959572493604
51.49,1290483.5849392526,11164450.0,49.870951641506075
51.5,1290636.7306478473,11164640.0,49.870936326935215
51.51,1290845.256701516,11164900.0,49.87091547432985
51.52,1291084.045909301,11165200.0,49.87089159540907
51.53,1291323.9660750974,11165540.0,49.87086760339249
51.54,1291535.873518157,11165860.0,49.870846412648184
51.55,1291694.492299129,11166150.0,49.87083055077009
51.56,1291780.991784961,11166390.0,49.870821900821504
51.57,1291784.315618898,11166540.0,49.87082156843811
51.58,1291701.443763813,11166610.0,49.87082985562362
51.59,1291537.6479804053,11166580.0,49.87084623520196
51.6,1291306.89286022,11166470.0,49.87086931071398
51.61,1291031.3404754703,11166280.0,49.87089686595245
51.62,1290739.4118782633,11166040.0,49.870926058812174
51.63,1290461.947376116,11165780.0,49.87095380526239
51.64,1290227.6083814001,11165530.0,49.87097723916186
51.65,1290059.1738599588,11165320.0,49.870994082614004
51.66,1289971.4610177425,11165160.0,49.871002853898226
51.67,1289970.722195477,11165080.0,49.87100292778045
51.68,1290055.0072993157,11165080.0,49.87099449927007
51.69,1290214.1535488453,11165160.0,49.870978584645115
51.7,1290429.9949639153,11165310.0,49.87095700050361
51.71,1290677.5913762657,11165500.0,49.87093224086237
51.72,1290927.8027866832,11165730.0,49.87090721972133
51.73,1291151.286957799,11165950.0,49.87088487130422
51.74,1291322.436180522,11166140.0,49.87086775638195
51.75,1291422.025966682,11166260.0,49.87085779740333
51.76,1291438.6027224367,11166310.0,49.870856139727756
51.77,1291368.784369169,11166270.0,49.87086312156308
51.78,1291217.4737088834,11166140.0,49.87087825262911
51.79,1290998.2733660287,11165920.0,49.8709001726634
51.8,1290733.06997995,11165630.0,49.870926693002005
51.81,1290450.1624010578,11165280.0,49.870954983759894
51.82,1290180.4872483779,11164910.0,49.87098195127516
51.83,1289952.999317947,11164550.0,49.871004700068205
51.84,1289790.8795066825,11164220.0,49.87102091204933
51.85,1289709.3733755583,11163950.0,49.871029062662444
51.86,1289715.1191169342,11163760.0,49.87102848808831
51.87,1289806.532715403,11163640.0,49.87101934672846
51.88,1289973.8027714847,11163610.0,49.87100261972285
51.89,1290199.0590376044,11163640.0,49.87098009409624
51.9,1290457.5444882482,11163730.0,49.870954245551175
51.91,1290720.1153646498,11163840.0,49.870927988463535
51.92,1290957.233134904,11163960.0,49.87090427668651
51.93,1291142.9568303134,11164040.0,49.87088570431697
51.94,1291257.6634293771,11164060.0,49.87087423365706
51.95,1291289.4961720412,11164000.0,49.870871050382796
51.96,1291234.703919315,11163860.0,49.87087652960807
51.97,1291097.8109979255,11163620.0,49.87089021890021
51.98,1290892.0465814334,11163300.0,49.87091079534186
51.99,1290639.010152006,11162900.0,49.8709360989848
52.0,1290366.866425714,11162450.0,49.87096331335743
52.01,1290106.6399894035,11161970.0,49.87098933600106
52.02,1289887.5756800266,11161500.0,49.871011242432
52.03,1289733.2574917898,11161060.0,49.87102667425082
52.04,1289659.3648349608,11160680.0,49.871034063516504
52.05,1289672.9291819753,11160380.0,49.8710327070818
52.06,1289772.7407664661,11160160.0,49.87102272592335
52.07,1289949.3486852264,11160010.0,49.87100506513148
52.08,1290185.1872236847,11159940.0,49.87098148127763
52.09,1290455.6912004494,11159920.0,49.870954430879955
52.1,1290731.7202648018,11159940.0,49.87092682797352
52.11,1290983.5422514249,11159950.0,49.87090164577486
52.12,1291184.8826429662,11159930.0,49.8708815117357
52.13,1291315.7184441814,11159860.0,49.87086842815558
52.14,1291363.7858558502,11159700.0,49.870863621414415
52.15,1291324.9598585707,11159460.0,49.87086750401414
52.16,1291203.3837893233,11159130.0,49.87087966162107
52.17,1291011.9092983762,11158710.0,49.87089880907016
52.18,1290771.8397087108,11158220.0,49.87092281602913
52.19,1290511.1965599048,11157670.0,49.87094888034401
52.2,1290261.0866824915,11157090.0,49.87097389133175
52.21,1290051.0430484503,11156520.0,49.870994895695155
52.22,1289905.0547454038,11155990.0,49.87100949452546
52.23,1289839.2402782831,11155510.0,49.87101607597217
52.24,1289861.0324727145,11155110.0,49.87101389675273
52.25,1289969.576393446,11154800.0,49.871003042360655
52.26,1290155.768711685,11154560.0,49.87098442312883
52.27,1290402.3390341024,11154400.0,49.87095976609659
52.28,1290684.9140436805,11154290.0,49.87093150859563
52.29,1290974.3603059098,11154210.0,49.87090256396941
52.3,1291240.7561964302,11154130.0,49.87087592438036
52.31,1291457.4955984647,11154030.0,49.87085425044015
52.32,1291604.1550347046,11153870.0,49.87083958449653
52.33,1291668.061261646,11153640.0,49.870833193873835
52.34,1291644.7234820083,11153320.0,49.8708355276518
52.35,1291537.9277849582,11152910.0,49.870846207221504
52.36,1291360.175086922,11152420.0,49.87086398249131
52.37,1291132.4822808723,11151840.0,49.87088675177191
52.38,1290882.7288377723,11151210.0,49.87091172711622
52.39,1290642.1014825043,11150560.0,49.87093578985175
52.4,1290440.4216008203,11149910.0,49.87095595783992
52.41,1290302.0874207981,11149300.0,49.87096979125792
52.42,1290243.6633522285,11148740.0,49.87097563366478
52.43,1290272.992739787,11148260.0,49.87097270072602
52.44,1290389.5658261888,11147870.0,49.87096104341738
52.45,1290584.6081507378,11147560.0,49.870941539184926
52.46,1290841.1385895135,11147320.0,49.87091588614105
52.47,1291134.9775504987,11147140.0,49.87088650224495
52.48,1291437.003812419,11147000.0,49.87085629961876
52.49,1291717.111096915,11146860.0,49.87082828889031
52.5,1291948.3652417085,11146690.0,49.87080516347583
52.51,1292109.9429426163,11146470.0,49.87078900570574
52.52,1292188.7590735536,11146180.0,49.870781124092645
52.53,1292179.9524850287,11145800.0,49.8707820047515
52.54,1292086.9454294604,11145340.0,49.870791305457054
52.55,1291921.8790433006,11144780.0,49.87080781209567
52.56,1291705.4726170108,11144150.0,49.8708294527383
52.57,1291465.4527007486,11143470.0,49.870853454729925
52.58,1291233.078610503,11142760.0,49.87087669213895
52.59,1291038.4571952703,11142060.0,49.87089615428047
52.6,1290906.3967505575,11141380.0,49.870909360324944
52.61,1290853.9134878793,11140780.0,49.87091460865121
52.62,1290889.2709084796,11140240.0,49.87091107290915
52.63,1291012.3034701115,11139800.0,49.87089876965299
52.64,1291214.5550131272,11139430.0,49.87087854449869
52.65,1291479.336753767,11139150.0,49.87085206632462
52.66,1291782.671921098,11138920.0,49.87082173280789
52.67,1292095.4615266568,11138740.0,49.870790453847334
52.68,1292387.4227146825,11138560.0,49.87076125772853
52.69,1292631.2980355448,11138350.0,49.870736870196446
52.7,1292805.8661153584,11138100.0,49.870719413388464
52.71,1292897.6293950712,11137770.0,49.87071023706049
52.72,1292901.3529118549,11137370.0,49.870709864708815
52.73,1292820.0900964981,11136870.0,49.87071799099035
52.74,1292665.6166419548,11136280.0,49.870733438335805
52.75,1292458.346418286,11135620.0,49.87075416535817
52.76,1292225.843342294,11134910.0,49.87077741566577
52.77,1291999.4297275394,11134170.0,49.870800057027246
52.78,1291809.494459173,11133430.0,49.87081905055408
52.79,1291681.259246289,11132730.0,49.87083187407537
52.8,1291632.2001916568,11132090.0,49.870836779980834
52.81,1291671.013244411,11131530.0,49.87083289867556
52.82,1291797.891948434,11131060.0,49.87082021080516
52.83,1292004.7148223545,11130670.0,49.870799528517765
52.84,1292275.1036401081,11130370.0,49.87077248963599
52.85,1292585.3028807666,11130120.0,49.87074146971192
52.86,1292906.2577639883,11129920.0,49.8707093742236
52.87,1293207.5317013415,11129720.0,49.870679246829866
52.88,1293461.5553271556,11129510.0,49.870653844467284
52.89,1293646.7145257068,11129250.0,49.87063532854743
52.9,1293749.099805197,11128910.0,49.87062509001948
52.91,1293763.0988583493,11128500.0,49.870623690114165
52.92,1293691.3887448753,11128000.0,49.87063086112551
52.93,1293545.3684783482,11127410.0,49.870645463152165
52.94,1293345.1335195657,11126750.0,49.87066548664804
52.95,1293118.0624302386,11126030.0,49.870688193756976
52.96,1292895.5090201555,11125290.0,49.870710449097984
52.97,1292708.1138676754,11124550.0,49.87072918861323
52.98,1292581.5003279694,11123850.0,49.8707418499672
52.99,1292533.6035080904,11123210.0,49.87074663964919
53.0,1292573.5573777074,11122650.0,49.87074264426223
53.01,1292701.9251119986,11122180.0,49.8707298074888
53.02,1292910.9328300115,11121790.0,49.870708906717
53.03,1293184.5268814613,11121490.0,49.870681547311854
53.04,1293499.1882247715,11121260.0,49.87065008117752
53.05,1293825.9381314055,11121060.0,49.87061740618686
53.06,1294134.2231260934,11120880.0,49.87058657768739
53.07,1294396.1817634886,11120680.0,49.87056038182365
53.08,1294589.8139351187,11120440.0,49.87054101860649
53.09,1294700.7950797484,11120130.0,49.870529920492025
53.1,1294723.1259596492,11119740.0,49.870527687404035
53.11,1294659.0943676739,11119270.0,49.87053409056323
53.12,1294519.7067849534,11118710.0,49.870548029321505
53.13,1294324.7212739096,11118070.0,49.87056752787261
53.14,1294101.3108750354,11117380.0,49.8705898689125
53.15,1293880.8441881377,11116670.0,49.870611915581186
53.16,1293694.2028049715,11115960.0,49.8706305797195
53.17,1293567.4065005998,11115290.0,49.87064325934994
53.18,1293518.8495762162,11114680.0,49.87064811504238
53.19,1293558.108916315,11114140.0,49.87064418910837
53.2,1293686.1247772668,11113700.0,49.87063138752227
53.21,1293895.4799870572,11113360.0,49.870610452001294
53.22,1294170.4548701693,11113090.0,49.87058295451298
53.23,1294487.776643436,11112900.0,49.870551222335656
53.24,1294818.5712038197,11112740.0,49.87051814287962
53.25,1295132.1879080525,11112610.0,49.870486781209195
53.26,1295400.4857206058,11112460.0,49.87045995142794
53.27,1295601.0799226193,11112270.0,49.87043989200774
53.28,1295719.2240936877,11112020.0,49.87042807759063
53.29,1295748.5197964048,11111680.0,49.87042514802036
53.3,1295690.847525819,11111260.0,49.87043091524742
53.31,1295556.7996075957,11110760.0,49.87044432003924
53.32,1295365.77353754,11110190.0,49.870463422646246
53.33,1295144.712251357,11109560.0,49.870485528774864
53.34,1294924.9767510195,11108900.0,49.8705075023249
53.35,1294737.6729388793,11108250.0,49.87052623270611
53.36,1294609.207160704,11107640.0,49.87053907928393
53.37,1294558.42902523,11107090.0,49.87054415709748
53.38,1294595.3592061698,11106620.0,49.87054046407938
53.39,1294721.3189272587,11106240.0,49.870527868107274
53.4,1294929.2531806834,11105960.0,49.87050707468193
53.41,1295203.7828248565,11105770.0,49.870479621717514
53.42,1295521.8891083575,11105640.0,49.870447811089164
53.43,1295854.8108206713,11105560.0,49.87041451891793
53.44,1296171.8047770176,11105500.0,49.8703828195223
53.45,1296444.4487621307,11105440.0,49.87035555512379
53.46,1296649.9680901223,11105330.0,49.87033500319099
53.47,1296773.1854474351,11105160.0,49.87032268145526
53.48,1296807.290487436,11104910.0,49.870319270951256
53.49,1296753.7431031673,11104580.0,49.87032462568968
53.5,1296622.706157109,11104160.0,49.87033772938429
53.51,1296433.1990757927,11103670.0,49.87035668009242
53.52,1296211.9171916698,11103130.0,49.87037880828083
53.53,1295990.199478183,11102560.0,49.87040098005218
53.54,1295799.3676758406,11102000.0,49.870420063232416
53.55,1295666.2124096851,11101480.0,49.87043337875903
53.56,1295610.040566828,11101010.0,49.87043899594332
53.57,1295641.3234939391,11100630.0,49.870435867650606
53.58,1295761.7740218553,11100350.0,49.870423822597814
53.59,1295964.7126677253,11100150.0,49.87040352873323
53.6,1296235.117531097,11100050.0,49.87037648824689
53.61,1296550.2417301878,11100020.0,49.87034497582698
53.62,1296881.4543798147,11100040.0,49.87031185456202
53.63,1297197.9338549033,11100080.0,49.87028020661451
53.64,1297470.9857589062,11100110.0,49.87025290142411
53.65,1297677.4487297859,11100110.0,49.87023225512702
53.66,1297801.7150494736,11100040.0,49.87021982849505
53.67,1297836.560036032,11099900.0,49.8702163439964
53.68,1297783.0320623696,11099680.0,49.87022169679376
53.69,1297650.8704669243,11099370.0,49.87023491295331
53.7,1297458.7195859044,11098990.0,49.87025412804141
53.71,1297233.0244232211,11098560.0,49.87027669755768
53.72,1297005.0986973548,11098100.0,49.870299490130265
53.73,1296806.4786441857,11097640.0,49.87031935213558
53.74,1296664.3420398326,11097220.0,49.87033356579602
53.75,1296598.4612513636,11096870.0,49.870340153874864
53.76,1296619.7693599213,11096590.0,49.87033802306401
53.77,1296730.3840686383,11096410.0,49.870326961593136
53.78,1296924.0176869335,11096320.0,49.87030759823131
53.79,1297186.0229491482,11096330.0,49.870281397705085
53.8,1297493.9425043175,11096410.0,49.87025060574957
53.81,1297819.2932619236,11096540.0,49.87021807067381
53.82,1298131.1882329294,11096700.0,49.87018688117671
53.83,1298400.6683510074,11096850.0,49.8701599331649
53.84,1298604.1890430045,11096960.0,49.8701395810957
53.85,1298725.7103643657,11097020.0,49.87012742896356
53.86,1298757.5884022817,11096990.0,49.87012424115977
53.87,1298700.4834582906,11096890.0,49.87012995165417
53.88,1298563.7298488228,11096700.0,49.87014362701512
53.89,1298365.6061907567,11096440.0,49.870163439380924
53.9,1298132.3053636374,11096130.0,49.870186769463636
53.91,1297895.1091668734,11095790.0,49.87021048908331
53.92,1297685.7618819792,11095450.0,49.8702314238118
53.93,1297531.8235768895,11095150.0,49.87024681764231
53.94,1297453.5304216773,11094900.0,49.87025464695783
53.95,1297462.279404229,11094740.0,49.87025377205958
53.96,1297560.5868471263,11094680.0,49.87024394131529
53.97,1297742.5323708048,11094710.0,49.87022574676292
53.98,1297993.8162150262,11094830.0,49.8702006183785
53.99,1298292.2625018035,11095030.0,49.87017077374982
54.0,1298609.534613604,11095280.0,49.87013904653864
54.01,1298914.6797982443,11095550.0,49.870108532020176
54.02,1299178.4721182853,11095820.0,49.87008215278817
54.03,1299376.9792439025,11096060.0,49.87006230207561
54.04,1299493.7214018165,11096240.0,49.87005062785982
54.05,1299520.6244049484,11096340.0,49.870047937559505
54.06,1299457.9678100848,11096360.0,49.87005420321899
54.07,1299314.7071694722,11096300.0,49.87006852928305
54.08,1299108.7598875596,11096160.0,49.870089124011244
54.09,1298866.0615854997,11095970.0,49.87011339384145
54.1,1298617.8518863767,11095750.0,49.87013821481136
54.11,1298396.0725575371,11095530.0,49.870160392744246
54.12,1298228.6593767612,11095340.0,49.870177134062324
54.13,1298136.3092350762,11095210.0,49.87018636907649
54.14,1298130.8834284279,11095160.0,49.87018691165716
54.15,1298215.2970255357,11095210.0,49.870178470297446
54.16,1298383.9976546818,11095360.0,49.87016160023453
54.17,1298623.0343083348,11095590.0,49.87013769656917
54.18,1298910.5162532155,11095900.0,49.87010894837468
54.19,1299218.2588465083,11096270.0,49.87007817411535
54.2,1299515.2488201712,11096660.0,49.87004847511798
54.21,1299771.9954892518,11097050.0,49.870022800451075
54.22,1299964.176742847,11097400.0,49.870003582325715
54.23,1300074.8686549456,11097700.0,49.869992513134505
54.24,1300095.5598445784,11097920.0,49.86999044401554
54.25,1300026.1393497682,11098060.0,49.86999738606502
54.26,1299875.1727430148,11098110.0,49.8700124827257
54.27,1299660.203815307,11098090.0,49.87003397961847
54.28,1299406.8973397787,11098000.0,49.87005931026602
54.29,1299146.438871972,11097890.0,49.8700853561128
54.3,1298910.9600195547,11097780.0,49.870108903998045
54.31,1298728.7684074999,11097700.0,49.87012712315925
54.32,1298621.0224705986,11097670.0,49.87013789775294
54.33,1298600.05219534,11097730.0,49.870139994780466
54.34,1298669.1788535153,11097870.0,49.87013308211465
54.35,1298823.2270273415,11098120.0,49.870117677297266
54.36,1299048.6048818894,11098450.0,49.87009513951181
54.37,1299323.7191740547,11098860.0,49.870067628082595
54.38,1299620.5498552627,11099330.0,49.870037945014474
54.39,1299908.0321077371,11099820.0,49.870009196789226
54.4,1300156.4149052314,11100310.0,49.86998435850948
54.41,1300340.9882657025,11100770.0,49.86996590117343
54.42,1300444.382819208,11101160.0,49.86995556171808
54.43,1300457.6464587813,11101490.0,49.86995423535412
54.44,1300380.272735424,11101720.0,49.86996197272646
54.45,1300220.4312673626,11101870.0,49.869977956873264
54.46,1299995.2851811259,11101940.0,49.87000047148189
54.47,1299730.2206339613,11101960.0,49.870026977936604
54.48,1299456.3632332045,11101930.0,49.87005436367668
54.49,1299206.031894613,11101910.0,49.87007939681054
54.5,1299007.9079573036,11101910.0,49.87009920920427
54.51,1298883.616498827,11101960.0,49.87011163835012
54.52,1298845.964824693,11102100.0,49.87011540351753
54.53,1298898.6919406643,11102330.0,49.870110130805934
54.54,1299037.012057056,11102650.0,49.870096298794294
54.55,1299247.7058509167,11103060.0,49.87007522941491
54.56,1299509.4918644412,11103550.0,49.870049050813556
54.57,1299794.5285403745,11104090.0,49.87002054714596
54.58,1300071.7102945459,11104660.0,49.869992828970545
54.59,1300311.032493724,11105230.0,49.86996889675063
54.6,1300487.4000523614,11105760.0,49.869951259994764
54.61,1300582.9984273731,11106230.0,49.86994170015726
54.62,1300588.4325662008,11106630.0,49.86994115674338
54.63,1300502.7961349925,11106940.0,49.8699497203865
54.64,1300333.8568046985,11107160.0,49.86996661431953
54.65,1300098.3897181584,11107300.0,49.869990161028184
54.66,1299821.49453987,11107380.0,49.87001785054601
54.67,1299534.230461319,11107420.0,49.87004657695387
54.68,1299269.0998690648,11107450.0,49.87007309001309
54.69,1299055.1572053733,11107510.0,49.87009448427946
54.7,1298914.497587802,11107620.0,49.87010855024122
54.71,1298860.412355225,11107810.0,49.87011395876448
54.72,1298897.0662132003,11108080.0,49.87011029337868
54.73,1299020.0719631417,11108450.0,49.870097992803686
54.74,1299216.5923483158,11108910.0,49.87007834076517
54.75,1299465.6672864123,11109450.0,49.87005343327136
54.76,1299739.6426771246,11110040.0,49.87002603573229
54.77,1300007.378788024,11110660.0,49.8699992621212
54.78,1300238.6210846596,11111270.0,49.869976137891534
54.79,1300407.889319999,11111850.0,49.869959211068
54.8,1300496.9203115024,11112370.0,49.86995030796885
54.81,1300495.8705282377,11112810.0,49.869950412947176
54.82,1300403.4264645982,11113160.0,49.86995965735354
54.83,1300226.9453225778,11113420.0,49.86997730546774
54.84,1299982.80382992,11113600.0,49.87000171961701
54.85,1299695.802773968,11113720.0,49.8700304197226
54.86,1299396.9223280288,11113790.0,49.8700603077672
54.87,1299118.8382503793,11113850.0,49.87008811617496
54.88,1298890.9734040988,11113930.0,49.87011090265959
54.89,1298735.8922146086,11114070.0,49.87012641077854
54.9,1298667.372309268,11114280.0,49.87013326276907
54.91,1298690.0090290022,11114570.0,49.8701309990971
54.92,1298799.8198148175,11114960.0,49.87012001801852
54.93,1298984.3559289228,11115440.0,49.87010156440711
54.94,1299222.984894186,11115990.0,49.87007770151058
54.95,1299488.245260747,11116600.0,49.870051175473925
54.96,1299748.9668705952,11117230.0,49.87002510331294
54.97,1299974.645061397,11117860.0,49.87000253549386
54.98,1300139.4121150866,11118450.0,49.86998605878849
54.99,1300224.5522704925,11118980.0,49.86997754477295
55.0,1300219.76687253,11119440.0,49.86997802331275
55.01,1300123.3268428792,11119800.0,49.86998766731571
55.02,1299942.1683408485,11120080.0,49.870005783165915
55.03,1299692.2579340264,11120260.0,49.8700307742066
55.04,1299398.0851136656,11120380.0,49.87006019148863
55.05,1299090.5183654178,11120450.0,49.87009094816346
55.06,1298802.360281428,11120510.0,49.87011976397186
55.07,1298563.3785877582,11120590.0,49.870143662141224
55.08,1298396.5969917933,11120720.0,49.87016034030082
55.09,1298316.277925551,11120920.0,49.870168372207445
55.1,1298327.4519505983,11121200.0,49.87016725480494
55.11,1298426.5498923974,11121570.0,49.87015734501076
55.12,1298601.5213884627,11122040.0,49.870139847861154
55.13,1298832.0721456148,11122570.0,49.87011679278544
55.14,1299090.9542096318,11123160.0,49.87009090457904
55.15,1299346.9995559792,11123780.0,49.8700653000444
55.16,1299569.4845084671,11124390.0,49.87004305154915
55.17,1299732.16983295,11124970.0,49.870026783016705
55.18,1299815.8935419468,11125480.0,49.870018410645805
55.19,1299809.9027305443,11125920.0,49.870019009726946
55.2,1299712.0501081129,11126270.0,49.87002879498919
55.21,1299528.8461154785,11126520.0,49.87004711538845
55.22,1299275.8402640447,11126680.0,49.870072415973596
55.23,1298977.2022751821,11126770.0,49.87010227977248
55.24,1298663.653124663,11126820.0,49.870133634687534
55.25,1298368.0959310818,11126840.0,49.87016319040689
55.26,1298120.6250398003,11126880.0,49.87018793749602
55.27,1297944.7175351311,11126970.0,49.87020552824649
55.28,1297855.1246538216,11127130.0,49.87021448753462
55.29,1297857.3224084754,11127370.0,49.87021426775915
55.3,1297948.163097118,11127700.0,49.87020518369029
55.31,1298116.0054945918,11128120.0,49.87018839945054
55.32,1298340.9055100025,11128610.0,49.870165909449
55.33,1298595.8429649714,11129160.0,49.8701404157035
55.34,1298849.6674621785,11129730.0,49.87011503325378
55.35,1299071.4511854406,11130300.0,49.870092854881456
55.36,1299234.590603433,11130830.0,49.87007654093966
55.37,1299319.4805178377,11131300.0,49.870068051948216
55.38,1299314.9137999183,11131690.0,49.87006850862001
55.39,1299218.328307674,11131990.0,49.87007816716923
55.4,1299035.8193131613,11132190.0,49.870096418068684
55.41,1298782.5291335753,11132300.0,49.87012174708664
55.42,1298482.3072122254,11132340.0,49.87015176927878
55.43,1298165.7221880027,11132330.0,49.8701834277812
55.44,1297865.7731495246,11132300.0,49.87021342268505
55.45,1297612.879050618,11132280.0,49.87023871209494
55.46,1297430.9723131938,11132300.0,49.87025690276868
55.47,1297335.298219906,11132390.0,49.87026647017801
55.48,1297331.785267559,11132570.0,49.870266821473244
55.49,1297417.6769203893,11132830.0,49.87025823230796
55.5,1297581.7187058425,11133180.0,49.870241828129416
55.51,1297804.2980343217,11133600.0,49.87021957019657
55.52,1298058.6170106535,11134080.0,49.870194138298935
55.53,1298313.5430080495,11134580.0,49.870168645699195
55.54,1298537.9454617884,11135080.0,49.87014620545382
55.55,1298704.8574746042,11135550.0,49.87012951425254
55.56,1298794.2309477774,11135950.0,49.87012057690522
55.57,1298794.4023750941,11136270.0,49.87012055976249
55.58,1298702.3983320256,11136500.0,49.8701297601668
55.59,1298523.9126006577,11136640.0,49.870147608739934
55.6,1298273.6953415496,11136680.0,49.870172630465845
55.61,1297975.276023351,11136640.0,49.870202472397665
55.62,1297659.0648191434,11136550.0,49.870234093518086
55.63,1297358.1493498897,11136440.0,49.87026418506501
55.64,1297103.2679759276,11136340.0,49.87028967320241
55.65,1296918.806998022,11136290.0,49.8703081193002
55.66,1296820.5074018613,11136300.0,49.870317949259814
55.67,1296814.7543540453,11136380.0,49.870318524564595
55.68,1296899.164097951,11136560.0,49.870310083590205
55.69,1297062.8279700235,11136820.0,49.870293717203
55.7,1297286.449847519,11137160.0,49.87027135501525
55.71,1297543.4495967163,11137550.0,49.87024565504033
55.72,1297802.7144792038,11137970.0,49.87021972855208
55.73,1298032.9154910208,11138390.0,49.8701967084509
55.74,1298206.726380471,11138770.0,49.87017932736195
55.75,1298303.65820915,11139100.0,49.870169634179085
55.76,1298311.5908229337,11139340.0,49.87016884091771
55.77,1298227.137625645,11139480.0,49.870177286237436
55.78,1298055.5868500688,11139530.0,49.87019444131499
55.79,1297811.2899341455,11139490.0,49.870218871006585
55.8,1297517.4483169382,11139360.0,49.870248255168306
55.81,1297204.3042604753,11139190.0,49.87027956957395
55.82,1296905.0265708405,11138990.0,49.870309497342916
55.83,1296650.670193884,11138800.0,49.87033493298061
55.84,1296466.076490077,11138640.0,49.87035339235099
55.85,1296367.4883190636,11138560.0,49.870363251168094
55.86,1296361.7586817122,11138550.0,49.87036382413183
55.87,1296446.8883200907,11138630.0,49.87035531116799
55.88,1296612.3247169037,11138800.0,49.87033876752831
55.89,1296839.101692342,11139040.0,49.870316089830766
55.9,1297100.873000474,11139330.0,49.87028991269995
55.91,1297366.560548312,11139660.0,49.87026334394517
55.92,1297604.649033346,11139990.0,49.870239535096665
55.93,1297787.461980775,11140280.0,49.87022125380192
55.94,1297894.076175652,11140510.0,49.870210592382435
55.95,1297911.9182687525,11140660.0,49.870208808173125
55.96,1297837.187662978,11140720.0,49.8702162812337
55.97,1297674.7632762908,11140670.0,49.87023252367237
55.98,1297438.5910929698,11140540.0,49.8702561408907
55.99,1297151.534239589,11140320.0,49.87028484657604
56.0,1296843.655723876,11140050.0,49.87031563442761
56.01,1296548.1974200087,11139760.0,49.870345180258
56.02,1296296.5275539062,11139470.0,49.87037034724461
56.03,1296113.9434035828,11139220.0,49.87038860565964
56.04,1296017.1944795463,11139030.0,49.870398280552045
56.05,1296013.609534512,11138920.0,49.87039863904655
56.06,1296101.5843610114,11138900.0,49.8703898415639
56.07,1296270.9348094137,11138970.0,49.87037290651906
56.08,1296503.0369967679,11139110.0,49.87034969630032
56.09,1296771.7906884246,11139310.0,49.87032282093116
56.1,1297046.1628055575,11139540.0,49.870295383719444
56.11,1297294.4593462897,11139770.0,49.87027055406537
56.12,1297488.6572394695,11139970.0,49.87025113427605
56.13,1297607.397495284,11140120.0,49.87023926025047
56.14,1297637.6491609898,11140180.0,49.8702362350839
56.15,1297575.1912752287,11140140.0,49.87024248087248
56.16,1297424.48314353,11140010.0,49.87025755168565
56.17,1297199.0516884802,11139780.0,49.87028009483115
56.18,1296921.4050430367,11139480.0,49.870307859495696
56.19,1296621.408045624,11139120.0,49.87033785919544
56.2,1296332.3591097265,11138720.0,49.87036676408903
56.21,1296085.92843681,11138340.0,49.87039140715632
56.22,1295907.8639611476,11137990.0,49.870409213603885
56.23,1295815.4214100405,11137710.0,49.870418457858996
56.24,1295816.4081278057,11137500.0,49.87041835918722
56.25,1295909.620853095,11137390.0,49.87040903791469
56.26,1296085.2511464083,11137360.0,49.87039147488536
56.27,1296325.0253297077,11137410.0,49.87036749746703
56.28,1296603.0975322695,11137510.0,49.87033969024677
56.29,1296888.486978176,11137660.0,49.87031115130218
56.3,1297149.3252370437,11137800.0,49.870285067476296
56.31,1297357.2434727033,11137910.0,49.87026427565273
56.32,1297490.4457435342,11137960.0,49.87025095542565
56.33,1297535.4379558014,11137940.0,49.87024645620442
56.34,1297487.5695317679,11137820.0,49.87025124304682
56.35,1297350.8679438338,11137610.0,49.87026491320562
56.36,1297138.4250042206,11137300.0,49.87028615749958
56.37,1296872.3761606072,11136910.0,49.87031276238394
56.38,1296582.3694162283,11136460.0,49.87034176305838
56.39,1296301.7434476854,11135980.0,49.87036982565523
56.4,1296062.4593987546,11135510.0,49.870393754060125
56.41,1295890.7104825813,11135070.0,49.87041092895174
56.42,1295804.2582079088,11134700.0,49.87041957417921
56.43,1295811.3929438752,11134400.0,49.87041886070561
56.44,1295911.3199332252,11134200.0,49.87040886800668
56.45,1296094.615657637,11134080.0,49.870390538434236
56.46,1296343.3665549927,11134050.0,49.8703656633445
56.47,1296631.9923606305,11134070.0,49.87033680076394
56.48,1296929.575025274,11134130.0,49.87030704249747
56.49,1297204.0785042793,11134190.0,49.87027959214957
56.5,1297426.7918138339,11134230.0,49.87025732081862
56.51,1297575.4822796404,11134210.0,49.870242451772036
56.52,1297636.1904533461,11134110.0,49.870236380954665
56.53,1297603.830496712,11133920.0,49.87023961695033
56.54,1297481.9894846946,11133630.0,49.87025180105153
56.55,1297283.3127514604,11133250.0,49.870271668724854
56.56,1297029.5481948568,11132780.0,49.870297045180514
56.57,1296750.1113588754,11132260.0,49.87032498886411
56.58,1296478.3687623083,11131710.0,49.87035216312377
56.59,1296246.565859036,11131160.0,49.870375343414096
56.6,1296081.3385760162,11130650.0,49.8703918661424
56.61,1296000.9571307297,11130200.0,49.87039990428693
56.62,1296014.2022186716,11129830.0,49.87039857977813
56.63,1296120.6975664652,11129550.0,49.87038793024335
56.64,1296311.4171729728,11129360.0,49.8703688582827
56.65,1296568.8225546046,11129250.0,49.87034311774454
56.66,1296867.6145043646,11129210.0,49.87031323854956
56.67,1297176.951528556,11129200.0,49.870282304847144
56.68,1297464.6411603885,11129200.0,49.87025353588396
56.69,1297701.6371454652,11129170.0,49.87022983628545
56.7,1297865.272958205,11129090.0,49.87021347270418
56.71,1297941.1229618876,11128940.0,49.87020588770381
56.72,1297923.6625778866,11128690.0,49.87020763374221
56.73,1297816.032371699,11128340.0,49.87021839676283
56.74,1297630.4225356472,11127910.0,49.870236957746435
56.75,1297388.1820038003,11127390.0,49.87026118179962
56.76,1297118.4810567137,11126810.0,49.87028815189433
56.77,1296854.7034265043,11126200.0,49.87031452965735
56.78,1296629.3720610621,11125600.0,49.870337062793894
56.79,1296469.5654351744,11125030.0,49.87035304345648
56.8,1296394.06649531,11124520.0,49.87036059335047
56.81,1296412.1546202279,11124100.0,49.87035878453798
56.82,1296523.8843165138,11123760.0,49.87034761156835
56.83,1296720.6403906317,11123520.0,49.87032793596094
56.84,1296985.2736562614,11123360.0,49.870301472634374
56.85,1297292.7823108193,11123260.0,49.87027072176892
56.86,1297612.416444025,11123210.0,49.8702387583556
56.87,1297911.8381160505,11123160.0,49.870208816188395
56.88,1298161.6723979528,11123100.0,49.870183832760205
56.89,1298338.8216515835,11122980.0,49.87016611783484
56.9,1298428.3935399076,11122790.0,49.87015716064601
56.91,1298424.4203268958,11122510.0,49.87015755796731
56.92,1298329.6125613463,11122130.0,49.870167038743865
56.93,1298155.7131783462,11121660.0,49.870184428682165
56.94,1297923.6749093558,11121110.0,49.870207632509064
56.95,1297662.4170563866,11120500.0,49.87023375829436
56.96,1297405.331928516,11119860.0,49.87025946680715
56.97,1297185.2131869355,11119220.0,49.87028147868131
56.98,1297029.5776162287,11118620.0,49.87029704223838
56.99,1296957.7213377904,11118080.0,49.87030422786622
57.0,1296979.426378826,11117620.0,49.87030205736212
57.01,1297095.1813034047,11117260.0,49.87029048186966
57.02,1297296.7815821334,11116990.0,49.87027032184179
57.03,1297567.4675207217,11116800.0,49.87024325324793
57.04,1297882.5396685777,11116680.0,49.87021174603314
57.05,1298211.3480020985,11116610.0,49.87017886519979
57.06,1298521.418884917,11116550.0,49.87014785811151
57.07,1298783.0530434507,11116470.0,49.870121694695655
57.08,1298972.7206268497,11116340.0,49.870102727937315
57.09,1299075.0559004028,11116140.0,49.87009249440996
57.1,1299083.637983074,11115850.0,49.87009163620169
57.11,1299000.7667200132,11115470.0,49.870099923328
57.12,1298837.7619535641,11114990.0,49.870116223804644
57.13,1298615.1860432215,11114440.0,49.87013848139568
57.14,1298361.688357801,11113820.0,49.87016383116422
57.15,1298110.628888125,11113180.0,49.87018893711119
57.16,1297895.0299069681,11112540.0,49.8702104970093
57.17,1297742.8224097309,11111930.0,49.87022571775903
57.18,1297673.8023660772,11111390.0,49.87023261976339
57.19,1297698.249937511,11110930.0,49.87023017500625
57.2,1297817.0768629836,11110560.0,49.8702182923137
57.21,1298022.464880404,11110290.0,49.87019775351196
57.22,1298298.017782642,11110100.0,49.870170198221736
57.23,1298619.3309858153,11109990.0,49.87013806690142
57.24,1298955.8844627424,11109930.0,49.870104411553726
57.25,1299275.11534774,11109880.0,49.870072488465226
57.26,1299547.024731069,11109810.0,49.87004529752689
57.27,1299747.6620118676,11109700.0,49.87002523379881
57.28,1299861.1894022361,11109510.0,49.870013881059776
57.29,1299880.725402076,11109240.0,49.87001192745979
57.3,1299808.1621398684,11108880.0,49.87001918378601
57.31,1299654.4108717956,11108430.0,49.87003455891282
57.32,1299439.6398022445,11107900.0,49.870056036019776
57.33,1299192.21399021,11107300.0,49.87008077860098
57.34,1298945.4433169812,11106680.0,49.8701054556683
57.35,1298732.5620087376,11106060.0,49.870126743799126
57.36,1298581.9061615444,11105480.0,49.870141809383846
57.37,1298513.7693847548,11104950.0,49.870148623061525
57.38,1298538.9332425967,11104520.0,49.87014610667574
57.39,1298658.7401172756,11104180.0,49.87013412598827
57.4,1298865.7678794623,11103930.0,49.870113423212054
57.41,1299143.9944966743,11103780.0,49.87008560055033
57.42,1299469.3220990428,11103690.0,49.870053067790096
57.43,1299811.3950754232,11103660.0,49.87001886049246
57.44,1300137.587451502,11103640.0,49.86998624125485
57.45,1300417.6185933147,11103620.0,49.86995823814067
57.46,1300627.1228435652,11103540.0,49.86993728771564
57.47,1300749.7880926167,11103400.0,49.86992502119074
57.48,1300778.2641039966,11103180.0,49.8699221735896
57.49,1300714.0221468916,11102860.0,49.86992859778531
57.5,1300567.5477459277,11102460.0,49.86994324522541
57.51,1300358.5957992668,11101980.0,49.86996414042007
57.52,1300115.226808316,11101430.0,49.86998847731917
57.53,1299870.6822462936,11100850.0,49.87001293177537
57.54,1299658.3940087447,11100280.0,49.870034160599126
57.55,1299507.0962139722,11099740.0,49.8700492903786
57.56,1299437.578282081,11099260.0,49.87005624217179
57.57,1299461.1251893672,11098870.0,49.87005388748106
57.58,1299579.5157505795,11098580.0,49.87004204842494
57.59,1299785.7310941184,11098380.0,49.87002142689059
57.6,1300064.1315624507,11098280.0,49.869993586843755
57.61,1300390.9348639552,11098250.0,49.869960906513604
57.62,1300735.9580210221,11098270.0,49.8699264041979
57.63,1301066.5168597768,11098310.0,49.86989334831402
57.64,1301352.049565452,11098350.0,49.869864795043455
57.65,1301567.7717626062,11098340.0,49.86984322282374
57.66,1301696.8891250258,11098260.0,49.8698303110875
57.67,1301731.5721045719,11098100.0,49.86982684278954
57.68,1301672.8588635118,11097860.0,49.86983271411365
57.69,1301530.796533683,11097520.0,49.86984692034663
57.7,1301324.7134882987,11097100.0,49.86986752865117
57.71,1301082.3518444425,11096620.0,49.869891764815556
57.72,1300836.8731203035,11096110.0,49.86991631268797
57.73,1300621.9007968411,11095600.0,49.869937809920316
57.74,1300466.56518779,11095130.0,49.86995334348122
57.75,1300392.1550669873,11094720.0,49.8699607844933
57.76,1300410.46822015,11094390.0,49.869958953177985
57.77,1300523.7314135344,11094160.0,49.86994762685865
57.78,1300725.342544027,11094040.0,49.8699274657456
57.79,1301000.0598796268,11094000.0,49.86989999401204
57.8,1301324.433372386,11094040.0,49.86986755666276
57.81,1301668.4689868896,11094130.0,49.86983315310131
57.82,1301999.4370732491,11094250.0,49.869800056292675
57.83,1302286.502503307,11094360.0,49.86977134974967
57.84,1302504.464398808,11094430.0,49.86974955356012
57.85,1302636.045862897,11094440.0,49.86973639541371
57.86,1302672.9356190003,11094360.0,49.8697327064381
57.87,1302615.7337672117,11094200.0,49.86973842662328
57.88,1302474.043456101,11093940.0,49.86975259565439
57.89,1302266.7606207961,11093610.0,49.86977332393792
57.9,1302021.302749452,11093210.0,49.869797869725055
57.91,1301770.7471166062,11092780.0,49.86982292528834
57.92,1301548.9078414787,11092360.0,49.86984510921585
57.93,1301385.3157665522,11091960.0,49.869861468423345
57.94,1301301.7680126638,11091630.0,49.869869823198734
57.95,1301310.58651088,11091380.0,49.86986894134891
57.96,1301414.4603927492,11091230.0,49.869858553960725
57.97,1301607.2212121799,11091180.0,49.86983927787878
57.98,1301874.042420579,11091220.0,49.86981259575794
57.99,1302191.8232961837,11091340.0,49.86978081767038
58.0,1302530.775756381,11091520.0,49.86974692242436
58.01,1302858.1373838931,11091730.0,49.86971418626161
58.02,1303142.8065628603,11091930.0,49.869685719343714
58.03,1303359.169590479,11092090.0,49.86966408304095
58.04,1303489.4662842334,11092180.0,49.86965105337158
58.05,1303524.8996807525,11092200.0,49.869647510031925
58.06,1303465.6263945266,11092130.0,49.86965343736055
58.07,1303320.7981982287,11091970.0,49.86966792018018
58.08,1303108.8701961124,11091730.0,49.86968911298039
58.09,1302856.9261807376,11091420.0,49.869714307381926
58.1,1302597.9511808571,11091080.0,49.869740204881914
58.11,1302365.9464317916,11090740.0,49.86976340535682
58.12,1302190.8442046025,11090440.0,49.86978091557954
58.13,1302094.9543631133,11090190.0,49.86979050456369
58.14,1302091.1316382212,11090030.0,49.86979088683618
58.15,1302182.5381611052,11089960.0,49.86978174618389
58.16,1302363.4496045844,11090000.0,49.86976365503954
58.17,1302619.466574484,11090130.0,49.86973805334255
58.18,1302927.8505987918,11090350.0,49.86970721494012
58.19,1303259.0307532388,11090620.0,49.869674096924676
58.2,1303580.2194258394,11090920.0,49.869641978057416
58.21,1303860.050488126,11091210.0,49.86961399495119
58.22,1304072.4951865457,11091470.0,49.869592750481345
58.23,1304199.3048026513,11091660.0,49.869580069519735
58.24,1304231.1879232926,11091780.0,49.86957688120767
58.25,1304167.8471221728,11091810.0,49.86958321528778
58.26,1304017.9715458322,11091750.0,49.86959820284542
58.27,1303799.5623672316,11091600.0,49.86962004376328
58.28,1303539.3551529495,11091400.0,49.869646064484705
58.29,1303270.2304505506,11091150.0,49.869672976954945
58.3,1303026.3678962227,11090910.0,49.86969736321038
58.31,1302838.096749781,11090690.0,49.86971619032502
58.32,1302728.2397654715,11090540.0,49.86972717602345
58.33,1302710.1882096303,11090470.0,49.86972898117904
58.34,1302787.5836903036,11090490.0,49.86972124163097
58.35,1302955.1543077389,11090620.0,49.869704484569226
58.36,1303198.9358952246,11090850.0,49.86968010641048
58.37,1303496.56005194,11091150.0,49.869650343994806
58.38,1303818.6807027329,11091520.0,49.86961813192973
58.39,1304132.4890824768,11091910.0,49.86958675109175
58.4,1304406.3553253694,11092300.0,49.86955936446746
58.41,1304613.8322583544,11092660.0,49.869538616774165
58.42,1304736.1749870845,11092960.0,49.86952638250129
58.43,1304763.5887174637,11093180.0,49.869523641128254
58.44,1304695.3108749194,11093310.0,49.86953046891251
58.45,1304539.5555354133,11093340.0,49.86954604444646
58.46,1304313.8564199808,11093300.0,49.869568614358
58.47,1304044.5865837568,11093190.0,49.869595541341624
58.48,1303764.5087815265,11093040.0,49.86962354912185
58.49,1303507.9712776109,11092890.0,49.86964920287224
58.5,1303305.696287609,11092770.0,49.86966943037124
58.51,1303181.0199061055,11092710.0,49.86968189800939
58.52,1303147.8742885129,11092730.0,49.86968521257115
58.53,1303210.3873927526,11092840.0,49.869678961260725
58.54,1303363.7321152014,11093060.0,49.86966362678848
58.55,1303594.3756739243,11093380.0,49.86964056243261
58.56,1303880.3181621006,11093770.0,49.86961196818379
58.57,1304192.4426846663,11094230.0,49.86958075573153
58.58,1304497.9240472543,11094720.0,49.869550207595275
58.59,1304764.8696171877,11095200.0,49.86952351303828
58.6,1304966.412782278,11095660.0,49.86950335872177
58.61,1305083.3114596826,11096050.0,49.86949166885403
58.62,1305105.263572557,11096360.0,49.869489473642744
58.63,1305031.0475880879,11096590.0,49.86949689524119
58.64,1304868.4267762667,11096720.0,49.86951315732237
58.65,1304634.4944815047,11096770.0,49.86953655055185
58.66,1304355.2692968773,11096760.0,49.86956447307031
58.67,1304063.3965826486,11096700.0,49.869593660341735
58.68,1303793.3919747502,11096640.0,49.869620660802525
58.69,1303576.369622732,11096600.0,49.86964236303773
58.7,1303436.1805319604,11096620.0,49.869656381946804
58.71,1303387.3023910304,11096720.0,49.8696612697609
58.72,1303434.3571747087,11096920.0,49.86965656428253
58.73,1303572.93338335,11097220.0,49.869642706661665
58.74,1303789.9001296437,11097620.0,49.869621009987036
58.75,1304063.608281183,11098100.0,49.86959363917188
58.76,1304365.164389054,11098640.0,49.869563483561095
58.77,1304661.7274143556,11099210.0,49.869533827258564
58.78,1304921.1454457322,11099780.0,49.86950788545543
58.79,1305116.1354514563,11100320.0,49.869488386454854
58.8,1305226.9577657683,11100800.0,49.86947730422342
58.81,1305242.8007627982,11101200.0,49.86947571992372
58.82,1305161.9836080163,11101510.0,49.8694838016392
58.83,1304991.821543453,11101730.0,49.869500817845655
58.84,1304748.970915739,11101860.0,49.869525102908426
58.85,1304459.0932609169,11101920.0,49.86955409067391
58.86,1304154.7122686836,11101940.0,49.86958452877313
58.87,1303870.5062031397,11101960.0,49.869612949379686
58.88,1303637.9793962282,11101990.0,49.86963620206038
58.89,1303481.500595538,11102080.0,49.869651849940446
58.9,1303416.099413326,11102250.0,49.86965839005867
58.91,1303446.9016837135,11102520.0,49.86965530983163
58.92,1303569.9033573424,11102880.0,49.869643009664266
58.93,1303772.3489917852,11103350.0,49.86962276510082
58.94,1304032.936549433,11103890.0,49.86959670634506
58.95,1304323.0022628903,11104500.0,49.86956769977371
58.96,1304609.6993662105,11105140.0,49.86953903006338
58.97,1304860.6267678763,11105780.0,49.86951393732321
58.98,1305048.0939437393,11106390.0,49.869495190605626
58.99,1305151.8716871869,11106940.0,49.86948481283128
59.0,1305160.6441737106,11107410.0,49.86948393558263
59.01,1305072.273703871,11107780.0,49.86949277262961
59.02,1304893.6288173252,11108070.0,49.86951063711827
59.03,1304640.9283863625,11108260.0,49.869535907161364
59.04,1304339.4752601502,11108390.0,49.869566052473985
59.05,1304021.6526491123,11108470.0,49.86959783473509
59.06,1303722.2679216142,11108530.0,49.86962777320784
59.07,1303473.2029422002,11108620.0,49.86965267970578
59.08,1303299.3429738581,11108760.0,49.869670065702614
59.09,1303216.2773803435,11108980.0,49.869678372261966
59.1,1303229.649877906,11109290.0,49.86967703501221
59.11,1303335.8818793062,11109700.0,49.86966641181207
59.12,1303522.6141963108,11110210.0,49.86964773858037
59.13,1303768.9147874687,11110800.0,49.86962310852125
59.14,1304046.383582289,11111450.0,49.86959536164177
59.15,1304322.2154738032,11112140.0,49.86956777845262
59.16,1304563.8040689055,11112820.0,49.86954361959311
59.17,1304743.0774286538,11113480.0,49.869525692257135
59.18,1304839.3324174867,11114070.0,49.86951606675825
59.19,1304840.7580262022,11114580.0,49.86951592419738
59.2,1304744.7628002118,11115000.0,49.86952552371998
59.21,1304557.7666718345,11115330.0,49.86954422333282
59.22,1304295.546775407,11115560.0,49.86957044532246
59.23,1303983.0390931685,11115720.0,49.86960169609068
59.24,1303652.4339248957,11115840.0,49.86963475660751
59.25,1303338.6213842134,11115930.0,49.86966613786158
59.26,1303073.8282505893,11116050.0,49.86969261717494
59.27,1302883.4415176504,11116210.0,49.869711655848235
59.28,1302783.609291467,11116450.0,49.86972163907085
59.29,1302780.5004266924,11116790.0,49.86972194995733
59.3,1302870.9742646073,11117220.0,49.86971290257354
59.31,1303043.0832107242,11117740.0,49.86969569167893
59.32,1303276.2813245568,11118350.0,49.869672371867544
59.33,1303542.4522936267,11119020.0,49.86964575477064
59.34,1303808.8551854088,11119720.0,49.86961911448146
59.35,1304042.700378787,11120430.0,49.86959572996212
59.36,1304215.5460335182,11121100.0,49.86957844539665
59.37,1304306.2190117638,11121710.0,49.869569378098824
59.38,1304302.4105244428,11122240.0,49.869569758947556
59.39,1304201.069110107,11122680.0,49.86957989308899
59.4,1304008.1566457218,11123010.0,49.86959918433543
59.41,1303738.994818815,11123260.0,49.86962610051812
59.42,1303418.1367408594,11123430.0,49.869658186325914
59.43,1303077.5622090118,11123550.0,49.8696922437791
59.44,1302752.2274609993,11123650.0,49.8697247772539
59.45,1302474.6931017006,11123760.0,49.86975253068983
59.46,1302270.8423625317,11123920.0,49.86977291576375
59.47,1302157.3806544496,11124160.0,49.869784261934555
59.48,1302141.0063991111,11124480.0,49.86978589936009
59.49,1302219.0239227882,11124900.0,49.86977809760772
59.5,1302379.904231401,11125420.0,49.86976200957686
59.51,1302603.495126533,11126010.0,49.86973965048735
59.52,1302861.9729060153,11126670.0,49.8697138027094
59.53,1303122.6686788956,11127360.0,49.86968773313211
59.54,1303352.6141857975,11128050.0,49.86966473858142
59.55,1303522.9992386377,11128710.0,49.869647700076136
59.56,1303612.1797175326,11129310.0,49.86963878202825
59.57,1303607.3441073627,11129830.0,49.869639265589264
59.58,1303504.971573304,11130250.0,49.86964950284267
59.59,1303310.5527602374,11130570.0,49.869668944723976
59.6,1303038.936679144,11130800.0,49.869696106332086
59.61,1302714.2721319506,11130950.0,49.869728572786805
59.62,1302368.3052600177,11131040.0,49.869763169474
59.63,1302036.0381393915,11131110.0,49.86979639618606
59.64,1301750.3486466352,11131200.0,49.86982496513534
59.65,1301537.605251113,11131320.0,49.86984623947489
59.66,1301415.0651775936,11131520.0,49.86985849348224
59.67,1301389.954271741,11131800.0,49.869861004572826
59.68,1301460.0240214237,11132180.0,49.86985399759786
59.69,1301614.1688575544,11132650.0,49.869838583114245
59.7,1301832.6362145415,11133200.0,49.869816736378546
59.71,1302087.9013264875,11133820.0,49.86979120986735
59.72,1302347.3737908376,11134460.0,49.869765262620916
59.73,1302577.9124287595,11135110.0,49.869742208757124
59.74,1302750.3410896203,11135730.0,49.86972496589104
59.75,1302842.5436934298,11136280.0,49.86971574563066
59.76,1302841.2023209056,11136750.0,49.86971587976791
59.77,1302742.3204064802,11137130.0,49.86972576795935
59.78,1302550.9077248643,11137400.0,49.869744909227514
59.79,1302281.3266596245,11137580.0,49.86977186733404
59.8,1301957.3049056986,11137670.0,49.86980426950943
59.81,1301610.3363416675,11137700.0,49.86983896636583
59.82,1301275.4519564852,11137710.0,49.86987245480435
59.83,1300985.83590474,11137730.0,49.869901416409526
59.84,1300768.335491398,11137780.0,49.86992316645086
59.85,1300640.758858478,11137910.0,49.86993592411415
59.86,1300610.8628481883,11138120.0,49.86993891371518
59.87,1300676.8529339752,11138420.0,49.8699323147066
59.88,1300828.0566720031,11138810.0,49.8699171943328
59.89,1301045.1321641626,11139290.0,49.869895486783584
59.9,1301300.86669368,11139820.0,49.86986991333063
59.91,1301562.7611058278,11140390.0,49.86984372388942
59.92,1301797.51145576,11140960.0,49.869820248854424
59.93,1301975.5837355973,11141500.0,49.86980244162644
59.94,1302074.3954994883,11141970.0,49.86979256045005
59.95,1302080.125493177,11142360.0,49.86979198745068
59.96,1301988.300129011,11142660.0,49.8698011699871
59.97,1301803.443144891,11142840.0,49.86981965568551
59.98,1301539.4236003174,11142930.0,49.86984605763997
59.99,1301219.537362428,11142940.0,49.86987804626376
60.0,1300875.0124651415,11142880.0,49.869912498753486
60.01,1300540.8976893306,11142790.0,49.86994591023107
60.02,1300250.6758795108,11142710.0,49.86997493241205
60.03,1300031.6710380134,11142660.0,49.8699968328962
60.04,1299902.2441040608,11142680.0,49.870009775589594
60.05,1299870.6897784728,11142790.0,49.87001293102215
60.06,1299935.6779160108,11142980.0,49.8700064322084
60.07,1300086.9807814297,11143260.0,49.86999130192186
60.08,1300305.680990874,11143630.0,49.86996943190091
60.09,1300564.8925344816,11144050.0,49.86994351074655
60.1,1300832.2216079903,11144510.0,49.8699167778392
60.11,1301074.2140237852,11144970.0,49.86989257859762
60.12,1301260.9874189706,11145400.0,49.8698739012581
60.13,1301369.499100531,11145770.0,49.86986305008995
60.14,1301385.4267144608,11146050.0,49.869861457328554
60.15,1301303.8192169545,11146230.0,49.869869618078305
60.16,1301128.7477471712,11146300.0,49.86988712522528
60.17,1300873.6078948858,11146280.0,49.86991263921051
60.18,1300561.2765883966,11146170.0,49.86994387234116
60.19,1300222.7160676226,11145990.0,49.86997772839324
60.2,1299892.9857193532,11145790.0,49.870010701428065
60.21,1299605.859197399,11145580.0,49.87003941408026
60.22,1299389.1308982342,11145410.0,49.87006108691018
60.23,1299261.7117050998,11145300.0,49.87007382882949
60.24,1299232.4344931205,11145270.0,49.87007675655069
60.25,1299300.4255366004,11145330.0,49.87006995744634
60.26,1299455.8772174257,11145490.0,49.87005441227826
60.27,1299680.2681919916,11145720.0,49.8700319731808
60.28,1299947.027933328,11146020.0,49.87000529720667
60.29,1300223.8643120024,11146340.0,49.8699776135688
60.3,1300477.1723157659,11146680.0,49.86995228276842
60.31,1300676.721141727,11146980.0,49.86993232788583
60.32,1300799.006360478,11147220.0,49.86992009936395
60.33,1300829.2007282306,11147370.0,49.86991707992718
60.34,1300761.868303013,11147430.0,49.8699238131697
60.35,1300600.64858597,11147380.0,49.8699399351414
60.36,1300358.5009956,11147220.0,49.86996414990044
60.37,1300057.8931799112,11146980.0,49.86999421068201
60.38,1299729.514823369,11146680.0,49.87002704851766
60.39,1299408.4227202763,11146330.0,49.87005915772797
60.4,1299128.6673712211,11145990.0,49.87008713326288
60.41,1298918.500769517,11145680.0,49.87010814992305
60.42,1298797.374484053,11145440.0,49.870120262551595
60.43,1298774.6552434487,11145270.0,49.870122534475655
60.44,1298849.919587255,11145190.0,49.870115008041275
60.45,1299013.7689277504,11145210.0,49.870098623107225
60.46,1299248.0663561423,11145300.0,49.870075193364386
60.47,1299526.5529983868,11145460.0,49.87004734470016
60.48,1299817.036878892,11145660.0,49.87001829631211
60.49,1300085.7614971295,11145860.0,49.86999142385029
60.5,1300302.1465746656,11146030.0,49.86996978534253
60.51,1300442.2233962743,11146140.0,49.86995577766037
60.52,1300490.6540374605,11146160.0,49.869950934596254
60.53,1300441.5085218567,11146090.0,49.869955849147814
60.54,1300297.9900846158,11145910.0,49.86997020099154
60.55,1300072.620855488,11145630.0,49.86999273791445
60.56,1299787.4471369642,11145260.0,49.870021255286304
60.57,1299472.8688869372,11144820.0,49.870052713111306
60.58,1299163.9227713847,11144350.0,49.87008360772286
60.59,1298894.921233682,11143870.0,49.87011050787663
60.6,1298694.5646857605,11143430.0,49.870130543531424
60.61,1298582.8409620125,11143050.0,49.8701417159038
60.62,1298569.6491789157,11142750.0,49.87014303508211
60.63,1298655.0190875335,11142540.0,49.87013449809125
60.64,1298829.9660732849,11142420.0,49.87011700339267
60.65,1299076.743445582,11142380.0,49.87009232565544
60.66,1299369.4109405852,11142410.0,49.87006305890594
60.67,1299675.8842037793,11142480.0,49.87003241157962
60.68,1299962.260511407,11142550.0,49.87000377394886
60.69,1300197.6120815328,11142600.0,49.86998023879185
60.7,1300357.5049824433,11142590.0,49.869964249501756
60.71,1300426.0872980922,11142500.0,49.86995739127019
60.72,1300396.9306224405,11142310.0,49.869960306937756
60.73,1300272.7951922566,11142010.0,49.869972720480774
60.74,1300065.756299773,11141610.0,49.86999342437002
60.75,1299797.426996676,11141130.0,49.87002025730033
60.76,1299497.9045664223,11140570.0,49.87005020954336
60.77,1299202.1951727394,11139980.0,49.870079780482726
60.78,1298944.8678942495,11139380.0,49.870105513210575
60.79,1298755.0698162664,11138820.0,49.87012449301837
60.8,1298653.3284184532,11138320.0,49.870134667158155
60.81,1298650.083876609,11137900.0,49.87013499161234
60.82,1298745.8296641563,11137570.0,49.870125417033584
60.83,1298932.0076439271,11137340.0,49.87010679923561
60.84,1299191.2755858693,11137190.0,49.87008087244141
60.85,1299498.02692245,11137100.0,49.870050197307755
60.86,1299820.2978176465,11137060.0,49.870017970218235
60.87,1300124.049492055,11137030.0,49.869987595050794
60.88,1300378.014049457,11136980.0,49.869962198595054
60.89,1300557.2970311618,11136870.0,49.869944270296884
60.9,1300645.5348408252,11136680.0,49.86993544651592
60.91,1300635.7987718787,11136390.0,49.86993642012281
60.92,1300530.4019954877,11136000.0,49.86994695980045
60.93,1300340.9677036614,11135500.0,49.869965903229634
60.94,1300088.6686754143,11134920.0,49.86999113313246
60.95,1299803.285766643,11134280.0,49.870019671423336
60.96,1299519.7743578046,11133590.0,49.87004802256422
60.97,1299272.9437265638,11132900.0,49.870072705627344
60.98,1299092.3829042343,11132240.0,49.87009076170958
60.99,1298999.1626270125,11131650.0,49.8701000837373
61.0,1299004.273319113,11131130.0,49.87009957266809
61.01,1299108.686280661,11130720.0,49.870089131371934
61.02,1299304.2863546833,11130390.0,49.87006957136453
61.03,1299574.1529807958,11130150.0,49.87004258470192
61.04,1299893.030934811,11129990.0,49.87001069690652
61.05,1300229.1170806047,11129860.0,49.86997708829194
61.06,1300548.2913341383,11129760.0,49.869945170866586
61.07,1300818.974971918,11129630.0,49.86991810250281
61.08,1301015.8276975404,11129450.0,49.869898417230246
61.09,1301121.9790417526,11129190.0,49.869887802095825
61.1,1301129.9990758118,11128840.0,49.86988700009242
61.11,1301041.7481720538,11128380.0,49.869895825182795
61.12,1300868.3876762462,11127830.0,49.869913161232375
61.13,1300630.637939193,11127180.0,49.86993693620608
61.14,1300357.9401897269,11126480.0,49.86996420598103
61.15,1300085.1647520761,11125730.0,49.86999148352479
61.16,1299847.3282639366,11124980.0,49.870015267173606
61.17,1299674.4486662238,11124260.0,49.87003255513338
61.18,1299588.137145946,11123610.0,49.870041186285405
61.19,1299599.9390966517,11123040.0,49.870040006090335
61.2,1299711.3128845682,11122560.0,49.87002886871154
61.21,1299914.597554732,11122180.0,49.87000854024453
61.22,1300193.3051329218,11121900.0,49.86998066948671
61.23,1300522.5435642132,11121680.0,49.86994774564358
61.24,1300870.7211527338,11121520.0,49.86991292788473
61.25,1301203.678791083,11121370.0,49.86987963212089
61.26,1301489.5552964844,11121210.0,49.86985104447035
61.27,1301702.5752374423,11120990.0,49.869829742476256
61.28,1301825.3597140727,11120710.0,49.86981746402859
61.29,1301849.967229174,11120330.0,49.86981500327708
61.3,1301777.789291876,11119850.0,49.86982222107081
61.31,1301619.505476026,11119280.0,49.8698380494524
61.32,1301395.3604470175,11118610.0,49.8698604639553
61.33,1301134.4317546757,11117880.0,49.86988655682453
61.34,1300871.4826581525,11117120.0,49.869912851734185
61.35,1300641.7200318053,11116350.0,49.86993582799682
61.36,1300475.5805161495,11115620.0,49.869952441948385
61.37,1300395.2115509775,11114940.0,49.8699604788449
61.38,1300412.7145318734,11114360.0,49.86995872854681
61.39,1300530.0384434548,11113870.0,49.869946996155655
61.4,1300739.9797938035,11113480.0,49.86992600202062
61.41,1301026.4871448386,11113190.0,49.869897351285516
61.42,1301365.0338933046,11112970.0,49.86986349661067
61.43,1301724.2405130959,11112800.0,49.86982757594869
61.44,1302069.9067497076,11112660.0,49.86979300932503
61.45,1302369.881383072,11112500.0,49.86976301186169
61.46,1302597.9421989575,11112300.0,49.869740205780104
61.47,1302736.1865903942,11112030.0,49.86972638134096
61.48,1302776.1430906537,11111670.0,49.869722385690935
61.49,1302718.7148298935,11111210.0,49.86972812851701
61.5,1302574.0792736684,11110660.0,49.86974259207263
61.51,1302361.9836349098,11110020.0,49.86976380163651
61.52,1302111.118392588,11109320.0,49.86978888816074
61.53,1301856.1200640732,11108570.0,49.86981438799359
61.54,1301632.3722852264,11107830.0,49.86983676277148
61.55,1301470.72347107,11107120.0,49.86985292765289
61.56,1301393.8559397787,11106470.0,49.86986061440602
61.57,1301414.4300398557,11105910.0,49.869858556996014
61.58,1301534.8923330805,11105460.0,49.86984651076669
61.59,1301748.5060233725,11105100.0,49.86982514939766
61.6,1302039.6661003276,11104840.0,49.86979603338997
61.61,1302384.2226883885,11104660.0,49.86976157773116
61.62,1302751.020381976,11104530.0,49.8697248979618
61.63,1303105.8257405448,11104430.0,49.869689417425946
61.64,1303416.2006992034,11104320.0,49.86965837993008
61.65,1303655.475147778,11104180.0,49.86963445248522
61.66,1303805.2187822303,11103960.0,49.86961947812178
61.67,1303856.4251107941,11103660.0,49.86961435748892
61.68,1303809.505113307,11103260.0,49.86961904948867
61.69,1303674.1347303858,11102770.0,49.86963258652696
61.7,1303469.5648744332,11102190.0,49.86965304351256
61.71,1303224.096058173,11101550.0,49.86967759039418
61.72,1302972.2354168883,11100870.0,49.86970277645831
61.73,1302749.544052162,11100180.0,49.869725045594784
61.74,1302587.286551997,11099540.0,49.8697412713448
61.75,1302508.6905796002,11098950.0,49.86974913094204
61.76,1302526.989902475,11098460.0,49.86974730100975
61.77,1302645.145335717,11098060.0,49.86973548546643
61.78,1302856.8701957965,11097770.0,49.86971431298042
61.79,1303146.9984532152,11097580.0,49.86968530015468
61.8,1303491.753863284,11097470.0,49.86965082461367
61.81,1303860.2125142517,11097420.0,49.869613978748575
61.82,1304218.1184244584,11097400.0,49.869578188157554
61.83,1304532.7556586273,11097370.0,49.86954672443414
61.84,1304777.0132286018,11097310.0,49.86952229867714
61.85,1304931.9378858116,11097180.0,49.86950680621142
61.86,1304987.989959301,11096960.0,49.86950120100407
61.87,1304945.1024213,11096660.0,49.86950548975787
61.88,1304812.485053759,11096260.0,49.869518751494624
61.89,1304608.9329773025,11095770.0,49.86953910670227
61.9,1304362.3753993928,11095220.0,49.86956376246006
61.91,1304107.200241944,11094630.0,49.869589279975806
61.92,1303879.153219256,11094040.0,49.869612084678074
61.93,1303709.9238935923,11093480.0,49.86962900761064
61.94,1303623.2960264727,11092990.0,49.86963767039735
61.95,1303633.0918322392,11092580.0,49.869636690816776
61.96,1303742.8042625266,11092280.0,49.86962571957375
61.97,1303946.580094646,11092080.0,49.869605341990535
61.98,1304229.6586957746,11091980.0,49.86957703413042
61.99,1304568.6282853098,11091970.0,49.86954313717147
62.0,1304932.8004930771,11092020.0,49.86950671995069
62.01,1305287.9056258604,11092110.0,49.869471209437414
62.02,1305600.9585415751,11092180.0,49.86943990414584
62.03,1305844.4135219106,11092230.0,49.86941555864781
62.04,1305998.7973952047,11092210.0,49.86940012026048
62.05,1306054.0374326024,11092110.0,49.86939459625674
62.06,1306009.5856254606,11091910.0,49.869399041437454
62.07,1305874.1806759855,11091620.0,49.8694125819324
62.08,1305666.1560400329,11091250.0,49.869433384396
62.09,1305413.0635468652,11090810.0,49.86945869364531
62.1,1305149.1658176673,11090340.0,49.86948508341823
62.11,1304910.3895069435,11089850.0,49.869508961049306
62.12,1304728.8502423272,11089400.0,49.86952711497577
62.13,1304628.8932884664,11089020.0,49.86953711067115
62.14,1304624.9386658105,11088720.0,49.86953750613342
62.15,1304721.0253366614,11088530.0,49.869527897466334
62.16,1304911.7415507538,11088440.0,49.869508825844925
62.17,1305182.7326457754,11088460.0,49.86948172673542
62.18,1305510.96223833,11088560.0,49.86944890377617
62.19,1305865.9927078509,11088720.0,49.869413400729215
62.2,1306213.5539960451,11088920.0,49.869378644600395
62.21,1306520.4011071785,11089120.0,49.86934795988928
62.22,1306758.559879455,11089280.0,49.869324144012054
62.23,1306908.0392793354,11089390.0,49.86930919607207
62.24,1306958.23188951,11089410.0,49.86930417681105
62.25,1306908.1044857001,11089340.0,49.86930918955143
62.26,1306765.9178731362,11089170.0,49.869323408212686
62.27,1306549.5349843558,11088920.0,49.869345046501564
62.28,1306286.118765243,11088610.0,49.869371388123476
62.29,1306009.7959620266,11088250.0,49.8693990204038
62.3,1305756.6675976773,11087890.0,49.86942433324023
62.31,1305559.2725238795,11087560.0,49.86944407274761
62.32,1305442.5206815524,11087280.0,49.869455747931845
62.33,1305421.437760188,11087100.0,49.86945785622398
62.34,1305500.6194241515,11087020.0,49.869449938057585
62.35,1305675.1089213493,11087050.0,49.869432489107865
62.36,1305930.9720544831,11087180.0,49.86940690279455
62.37,1306245.5625510693,11087400.0,49.86937544374489
62.38,1306588.7080873752,11087680.0,49.86934112919126
62.39,1306926.1499846617,11088000.0,49.869307385001534
62.4,1307224.3898867697,11088320.0,49.86927756101132
62.41,1307455.026070059,11088610.0,49.869254497392994
62.42,1307597.5471975454,11088840.0,49.869240245280245
62.43,1307640.8044504006,11088980.0,49.86923591955496
62.44,1307583.2684740617,11089040.0,49.869241673152594
62.45,1307432.7091516124,11089000.0,49.86925672908484
62.46,1307206.5023088441,11088870.0,49.869279349769116
62.47,1306931.4031422862,11088680.0,49.86930685968577
62.48,1306641.3843000645,11088440.0,49.86933586156999
62.49,1306372.7052341534,11088190.0,49.869362729476585
62.5,1306158.3173976033,11087970.0,49.86938416826024
62.51,1306023.690015934,11087810.0,49.86939763099841
62.52,1305984.454289657,11087740.0,49.869401554571034
62.53,1306045.7669731562,11087770.0,49.869395423302684
62.54,1306203.1333257095,11087910.0,49.86937968666743
62.55,1306443.0483901645,11088150.0,49.86935569516098
62.56,1306743.265575534,11088480.0,49.86932567344245
62.57,1307073.887987187,11088880.0,49.86929261120128
62.58,1307400.6761790002,11089310.0,49.8692599323821
62.59,1307689.8815323545,11089740.0,49.869231011846765
62.6,1307912.6742419333,11090140.0,49.86920873257581
62.61,1308048.017913066,11090490.0,49.86919519820869
62.62,1308084.2142825588,11090750.0,49.869191578571744
62.63,1308019.2267249657,11090920.0,49.8691980773275
62.64,1307860.3189984506,11090990.0,49.869213968100155
62.65,1307624.362966351,11090970.0,49.869237563703365
62.66,1307337.6867821196,11090880.0,49.86926623132179
62.67,1307034.0884561916,11090750.0,49.86929659115438
62.68,1306749.9693114115,11090610.0,49.86932500306886
62.69,1306518.682500908,11090490.0,49.86934813174991
62.7,1306366.2506412044,11090430.0,49.86936337493588
62.71,1306308.9102754332,11090460.0,49.86936910897246
62.72,1306352.3834733814,11090580.0,49.86936476165266
62.73,1306492.645640347,11090810.0,49.869350735435965
62.74,1306716.6314508682,11091150.0,49.86932833685491
62.75,1307002.50555563,11091570.0,49.86929974944444
62.76,1307320.6586255992,11092060.0,49.86926793413744
62.77,1307636.8806955684,11092580.0,49.86923631193044
62.78,1307917.1809231837,11093110.0,49.86920828190768
62.79,1308132.3054374394,11093610.0,49.869186769456256
62.8,1308260.6930531426,11094050.0,49.869173930694686
62.81,1308290.0927694396,11094410.0,49.869170990723056
62.82,1308217.9535000904,11094670.0,49.86917820464999
62.83,1308051.0237174537,11094830.0,49.869194897628255
62.84,1307805.6593249699,11094910.0,49.8692194340675
62.85,1307507.746591412,11094910.0,49.86924922534086
62.86,1307190.8651738795,11094860.0,49.86928091348261
62.87,1306891.4975654166,11094800.0,49.86931085024346
62.88,1306643.3650181608,11094750.0,49.869335663498184
62.89,1306473.027841264,11094770.0,49.869352697215874
62.9,1306397.3246880067,11094860.0,49.8693602675312
62.91,1306422.5504166416,11095060.0,49.869357744958336
62.92,1306545.1640263603,11095360.0,49.869345483597364
62.93,1306752.5580422767,11095760.0,49.86932474419577
62.94,1307023.3304546974,11096250.0,49.86929766695453
62.95,1307328.1970980589,11096800.0,49.869267180290194
62.96,1307633.0343891128,11097400.0,49.86923669656109
62.97,1307903.6632184682,11097990.0,49.86920963367815
62.98,1308110.4368978913,11098560.0,49.86918895631021
62.99,1308231.288212909,11099060.0,49.86917687117871
63.0,1308253.4230330368,11099480.0,49.869174657696696
63.01,1308173.7785169168,11099810.0,49.86918262214831
63.02,1307998.5861376286,11100040.0,49.86920014138624
63.03,1307743.680713429,11100170.0,49.86922563192866
63.04,1307434.4989536258,11100230.0,49.86925655010464
63.05,1307104.3538527505,11100240.0,49.869289564614725
63.06,1306789.7657546722,11100220.0,49.86932102342453
63.07,1306524.7932993884,11100230.0,49.86934752067006
63.08,1306336.5222375724,11100290.0,49.86936634777624
63.09,1306242.396163171,11100420.0,49.86937576038368
63.1,1306249.2944573024,11100660.0,49.86937507055427
63.11,1306354.1772330466,11100990.0,49.869364582276695
63.12,1306544.915044725,11101430.0,49.86934550849553
63.13,1306800.5613745726,11101950.0,49.86931994386254
63.14,1307092.182517593,11102540.0,49.86929078174824
63.15,1307385.7669014898,11103170.0,49.86926142330985
63.16,1307646.9712903104,11103800.0,49.86923530287097
63.17,1307845.771717453,11104400.0,49.869215422828255
63.18,1307959.60398153,11104940.0,49.86920403960185
63.19,1307975.134143149,11105390.0,49.869202486585685
63.2,1307888.7870775447,11105750.0,49.869211121292246
63.21,1307706.286489605,11106010.0,49.86922937135104
63.22,1307442.9494005812,11106170.0,49.86925570505994
63.23,1307123.7608934895,11106250.0,49.86928762391065
63.24,1306781.7580750328,11106280.0,49.8693218241925
63.25,1306453.4888000167,11106280.0,49.86935465112
63.26,1306173.342687913,11106300.0,49.86938266573121
63.27,1305968.9287175047,11106370.0,49.86940310712825
63.28,1305858.2962066368,11106520.0,49.869414170379336
63.29,1305848.9142529338,11106750.0,49.86941510857471
63.3,1305938.2501931794,11107090.0,49.86940617498068
63.31,1306114.6552371383,11107530.0,49.869388534476286
63.32,1306357.64143328,11108060.0,49.86936423585667
63.33,1306638.6337913373,11108650.0,49.869336136620866
63.34,1306923.7416915768,11109280.0,49.86930762583084
63.35,1307178.4655627995,11109910.0,49.86928215344372
63.36,1307372.4090804716,11110510.0,49.86926275909195
63.37,1307482.512564917,11111050.0,49.86925174874351
63.38,1307494.8995417657,11111510.0,49.86925051004582
63.39,1307405.4749878172,11111860.0,49.86925945250122
63.4,1307219.4874860088,11112120.0,49.8692780512514
63.41,1306951.7638435003,11112280.0,49.86930482361565
63.42,1306626.8484755738,11112350.0,49.86933731515244
63.43,1306277.494927599,11112370.0,49.86937225050724
63.44,1305940.2624583072,11112360.0,49.86940597375417
63.45,1305649.8531552306,11112360.0,49.86943501468448
63.46,1305434.382229933,11112410.0,49.86945656177701
63.47,1305312.4924064009,11112530.0,49.86946875075936
63.48,1305292.2340620654,11112740.0,49.86947077659379
63.49,1305371.5623032502,11113050.0,49.869462843769675
63.5,1305539.269113609,11113460.0,49.86944607308864
63.51,1305775.2805352153,11113960.0,49.86942247194648
63.52,1306051.3579385004,11114520.0,49.86939486420615
63.53,1306333.718409718,11115120.0,49.86936662815903
63.54,1306587.6979716506,11115720.0,49.869341230202835
63.55,1306782.5211420115,11116300.0,49.8693217478858
63.56,1306894.6250906065,11116810.0,49.86931053749094
63.57,1306909.58150673,11117240.0,49.86930904184933
63.58,1306822.7622078154,11117570.0,49.86931772377922
63.59,1306638.9459829254,11117790.0,49.86933610540171
63.6,1306372.4934708886,11117910.0,49.86936275065291
63.61,1306047.5055260668,11117950.0,49.86939524944739
63.62,1305696.4366268886,11117930.0,49.86943035633731
63.63,1305355.8366159734,11117880.0,49.8694644163384
63.64,1305060.6994756465,11117830.0,49.869493930052435
63.65,1304839.6294640696,11117830.0,49.86951603705359
63.66,1304711.8505168243,11117900.0,49.86952881494832
63.67,1304685.9875908722,11118060.0,49.86953140124091
63.68,1304760.4816524228,11118310.0,49.86952395183476
63.69,1304924.5676581478,11118670.0,49.869507543234185
63.7,1305158.5883972906,11119110.0,49.86948414116027
63.71,1305434.645504917,11119620.0,49.86945653544951
63.72,1305719.0697375631,11120160.0,49.869428093026244
63.73,1305977.037872026,11120710.0,49.8694022962128
63.74,1306177.3989316805,11121230.0,49.86938226010683
63.75,1306296.0884242614,11121690.0,49.869370391157574
63.76,1306318.1238275236,11122060.0,49.86936818761725
63.77,1306238.3384237818,11122340.0,49.86937616615762
63.78,1306061.0333558742,11122500.0,49.86939389666441
63.79,1305800.0909877876,11122570.0,49.86941999090122
63.8,1305479.1528995223,11122550.0,49.86945208471005
63.81,1305130.3576550311,11122460.0,49.8694869642345
63.82,1304790.2302015047,11122340.0,49.86952097697985
63.83,1304494.0453443844,11122230.0,49.86955059546556
63.84,1304270.8905094713,11122160.0,49.86957291094905
63.85,1304140.5687664566,11122150.0,49.869585943123354
63.86,1304112.282852543,11122230.0,49.869588771714746
63.87,1304184.9672605111,11122420.0,49.86958150327395
63.88,1304348.3093327524,11122690.0,49.869565169066725
63.89,1304583.0812839654,11123060.0,49.8695416918716
63.9,1304861.7395945427,11123490.0,49.869513826040546
63.91,1305150.742013339,11123960.0,49.869484925798666
63.92,1305415.117442621,11124430.0,49.86945848825574
63.93,1305623.348248517,11124880.0,49.86943766517515
63.94,1305750.8745706058,11125270.0,49.86942491254294
63.95,1305782.1636253663,11125570.0,49.86942178363746
63.96,1305711.5118401442,11125770.0,49.869428848815986
63.97,1305542.740742922,11125860.0,49.86944572592571
63.98,1305289.2506929936,11125850.0,49.8694710749307
63.99,1304974.2188494662,11125750.0,49.86950257811505
64.0,1304629.4604139775,11125590.0,49.8695370539586
64.01,1304291.469459642,11125390.0,49.869570853054036
64.02,1303995.7986553218,11125190.0,49.86960042013447
64.03,1303772.0193915446,11125030.0,49.869622798060846
64.04,1303640.520467937,11124940.0,49.869635947953206
64.05,1303611.092958974,11124930.0,49.8696388907041
64.06,1303683.178481805,11125020.0,49.86963168215182
64.07,1303846.9328333945,11125210.0,49.86961530671666
64.08,1304083.5737109545,11125480.0,49.869591642628905
64.09,1304365.9297066769,11125820.0,49.86956340702933
64.1,1304660.6030282248,11126210.0,49.86953393969718
64.11,1304932.489092181,11126600.0,49.86950675109078
64.12,1305149.7150972579,11126960.0,49.869485028490274
64.13,1305287.233470267,11127260.0,49.86947127665297
64.14,1305328.9661655044,11127480.0,49.86946710338345
64.15,1305268.674405724,11127600.0,49.86947313255943
64.16,1305109.6985879696,11127610.0,49.8694890301412
64.17,1304864.9532495204,11127520.0,49.86951350467505
64.18,1304557.1442123814,11127330.0,49.86954428557876
64.19,1304217.753880863,11127080.0,49.869578224611914
64.2,1303883.2367161745,11126790.0,49.86961167632838
64.21,1303589.4186187135,11126500.0,49.86964105813813
64.22,1303366.3546142548,11126240.0,49.869663364538575
64.23,1303235.0222083267,11126060.0,49.86967649777917
64.24,1303205.807567238,11125960.0,49.869679419243276
64.25,1303278.6686362384,11125950.0,49.869672133136376
64.26,1303444.2399726487,11126040.0,49.869655576002735
64.27,1303684.1969191215,11126220.0,49.86963158030809
64.28,1303971.7522313765,11126470.0,49.86960282477686
64.29,1304273.6620809592,11126770.0,49.869572633791904
64.3,1304554.6956620058,11127070.0,49.8695445304338
64.31,1304782.6287665742,11127340.0,49.86952173712334
64.32,1304931.9278420056,11127560.0,49.8695068072158
64.33,1304985.967637009,11127700.0,49.8695014032363
64.34,1304937.9690709629,11127730.0,49.869506203092904
64.35,1304790.784638783,11127650.0,49.86952092153612
64.36,1304556.8321559387,11127480.0,49.869544316784406
64.37,1304258.3315471746,11127210.0,49.86957416684528
64.38,1303926.4165703203,11126870.0,49.86960735834297
64.39,1303597.487851391,11126490.0,49.86964025121486
64.4,1303307.6330665238,11126110.0,49.86966923669335
64.41,1303087.383271091,11125760.0,49.86969126167289
64.42,1302958.3040416525,11125480.0,49.869704169595835
64.43,1302931.3797098042,11125290.0,49.86970686202902
64.44,1303007.0904137858,11125190.0,49.86969929095862
64.45,1303176.5563954422,11125190.0,49.869682344360456
64.46,1303421.9161733773,11125280.0,49.86965780838266
64.47,1303716.7723194188,11125440.0,49.86962832276806
64.48,1304028.0408756644,11125640.0,49.869597195912434
64.49,1304320.3682800452,11125860.0,49.869567963171995
64.5,1304561.1793357637,11126050.0,49.869543882066424
64.51,1304724.451387287,11126180.0,49.86952755486127
64.52,1304793.00652361,11126240.0,49.86952069934764
64.53,1304759.517306664,11126190.0,49.869524048269334
64.54,1304626.3368498501,11126040.0,49.869537366315015
64.55,1304405.3730413197,11125780.0,49.86955946269587
64.56,1304118.3442973648,11125430.0,49.86958816557026
64.57,1303796.0165760864,11125010.0,49.86962039834239
64.58,1303474.7164856242,11124550.0,49.86965252835144
64.59,1303190.7788487019,11124080.0,49.86968092211513
64.6,1302975.2030806208,11123650.0,49.86970247969194
64.61,1302850.1510590473,11123280.0,49.869714984894095
64.62,1302827.2154772226,11123000.0,49.86971727845228
64.63,1302907.4118626483,11122820.0,49.869709258813735
64.64,1303082.3569037153,11122730.0,49.86969176430963
64.65,1303334.6624500554,11122730.0,49.869666533754994
64.66,1303638.3297194475,11122810.0,49.869636167028055
64.67,1303960.4551175188,11122930.0,49.86960395448825
64.68,1304265.5944973803,11123070.0,49.86957344055026
64.69,1304520.8353087646,11123190.0,49.86954791646912
64.7,1304699.6688808575,11123250.0,49.869530033111914
64.71,1304784.3614007349,11123230.0,49.86952156385993
64.72,1304767.0289494563,11123110.0,49.869523297105054
64.73,1304649.5139397506,11122890.0,49.869535048606025
64.74,1304443.1991757932,11122560.0,49.86955568008242
64.75,1304169.2837688145,11122140.0,49.86958307162312
64.76,1303858.1320450504,11121640.0,49.869614186795495
64.77,1303545.9439755925,11121110.0,49.86964540560244
64.78,1303269.2488220476,11120570.0,49.869673075117795
64.79,1303059.4875997535,11120060.0,49.869694051240025
64.8,1302939.4065672762,11119620.0,49.86970605934327
64.81,1302921.2059380768,11119260.0,49.86970787940619
64.82,1303006.4426651222,11118990.0,49.86969935573349
64.83,1303187.2234246577,11118830.0,49.869681277657534
64.84,1303446.6322243076,11118760.0,49.86965533677757
64.85,1303759.0713438618,11118760.0,49.869624092865614
64.86,1304091.8798606782,11118820.0,49.86959081201393
64.87,1304409.589064832,11118880.0,49.86955904109352
64.88,1304678.9958208648,11118940.0,49.86953210041791
64.89,1304873.1314124495,11118930.0,49.869512686858755
64.9,1304973.7170349117,11118850.0,49.86950262829651
64.91,1304972.3128568048,11118670.0,49.86950276871432
64.92,1304870.2565757253,11118390.0,49.86951297434243
64.93,1304678.4265658574,11118000.0,49.869532157343414
64.94,1304417.5221781274,11117520.0,49.86955824778219
64.95,1304117.5054885913,11116960.0,49.86958824945114
64.96,1303814.4427047626,11116370.0,49.869618555729524
64.97,1303545.0506001213,11115760.0,49.86964549493999
64.98,1303341.2088105932,11115190.0,49.86966587911894
64.99,1303226.2473303291,11114680.0,49.86967737526697
65.0,1303212.9783591274,11114250.0,49.86967870216409
65.01,1303303.507854281,11113930.0,49.86966964921457
65.02,1303490.395209934,11113700.0,49.86965096047901
65.03,1303757.1557043036,11113570.0,49.86962428442957
65.04,1304078.566139708,11113510.0,49.86959214338603
65.05,1304422.199248023,11113510.0,49.8695577800752
65.06,1304752.5593310639,11113520.0,49.869524744066894
65.07,1305036.152209098,11113520.0,49.86949638477909
65.08,1305245.5476989876,11113460.0,49.8694754452301
65.09,1305361.9171428466,11113340.0,49.869463808285715
65.1,1305376.2573704831,11113110.0,49.86946237426295
65.11,1305289.3973033975,11112780.0,49.86947106026966
65.12,1305111.713604532,11112350.0,49.86948882863955
65.13,1304863.4095910927,11111820.0,49.86951365904089
65.14,1304574.0382776926,11111220.0,49.86954259617223
65.15,1304279.5215913116,11110580.0,49.86957204784087
65.16,1304016.7518572332,11109920.0,49.86959832481428
65.17,1303818.0395012945,11109300.0,49.86961819604987
65.18,1303707.2956269924,11108740.0,49.8696292704373
65.19,1303697.9459887021,11108260.0,49.86963020540113
65.2,1303792.6517436204,11107890.0,49.86962073482564
65.21,1303984.414412014,11107610.0,49.8696015585588
65.22,1304257.1515413215,11107430.0,49.86957428484587
65.23,1304586.0083841633,11107330.0,49.869541399161584
65.24,1304938.7960829507,11107280.0,49.869506120391705
65.25,1305280.0002478904,11107260.0,49.86947199997521
65.26,1305575.843568647,11107220.0,49.869442415643135
65.27,1305798.441787047,11107130.0,49.869420155821295
65.28,1305928.4225702328,11106970.0,49.86940715774298
65.29,1305956.223187863,11106720.0,49.869404377681214
65.3,1305882.1633637762,11106360.0,49.86941178366362
65.31,1305716.1157779263,11105890.0,49.86942838842221
65.32,1305477.7854586774,11105340.0,49.86945222145413
65.33,1305196.3114596533,11104710.0,49.869480368854035
65.34,1304907.4667493699,11104030.0,49.86950925332506
65.35,1304648.3200643167,11103350.0,49.86953516799357
65.36,1304451.6177566834,11102690.0,49.86955483822433
65.37,1304341.8594320854,11102100.0,49.86956581405679
65.38,1304333.0979816404,11101590.0,49.869566690201836
65.39,1304428.5677064238,11101180.0,49.86955714322936
65.4,1304621.7329261368,11100870.0,49.869537826707386
65.41,1304896.9361575758,11100660.0,49.86951030638424
65.42,1305229.7148831117,11100530.0,49.86947702851169
65.43,1305588.1433231065,11100460.0,49.86944118566769
65.44,1305936.7100235876,11100420.0,49.86940632899764
65.45,1306241.3703213593,11100360.0,49.869375862967864
65.46,1306473.7970339025,11100260.0,49.86935262029661
65.47,1306614.080603623,11100080.0,49.86933859193964
65.48,1306652.1008708775,11099810.0,49.86933478991291
65.49,1306587.6685384836,11099440.0,49.86934123314615
65.5,1306430.1497351495,11098970.0,49.869356985026485
65.51,1306198.7451538926,11098400.0,49.86938012548461
65.52,1305922.171090188,11097760.0,49.86940778289098
65.53,1305636.0434659098,11097070.0,49.86943639565341
65.54,1305377.6018266915,11096380.0,49.86946223981733
65.55,1305180.027517423,11095710.0,49.86948199724826
65.56,1305068.4131093249,11095100.0,49.86949315868907
65.57,1305057.4479208877,11094580.0,49.86949425520791
65.58,1305150.9519016945,11094160.0,49.86948490480983
65.59,1305342.8665939749,11093840.0,49.8694657133406
65.6,1305617.9748590323,11093630.0,49.8694382025141
65.61,1305952.222553941,11093490.0,49.869404777744606
65.62,1306313.962541239,11093420.0,49.869368603745876
65.63,1306667.698007331,11093370.0,49.86933323019927
65.64,1306979.1233695582,11093320.0,49.869302087663044
65.65,1307219.4679410388,11093220.0,49.869278053205896
65.66,1307368.2702300716,11093060.0,49.86926317297699
65.67,1307414.8356388805,11092800.0,49.86925851643611
65.68,1307358.447003608,11092440.0,49.86926415529964
65.69,1307207.945937563,11091980.0,49.869279205406244
65.7,1306982.0091132557,11091430.0,49.869301799088674
65.71,1306708.9094136718,11090810.0,49.86932910905863
65.72,1306424.0863484854,11090130.0,49.86935759136515
65.73,1306164.9352979288,11089450.0,49.86938350647021
65.74,1305965.0644294862,11088790.0,49.86940349355705
65.75,1305850.155538053,11088200.0,49.869414984446195
65.76,1305835.5369170017,11087690.0,49.8694164463083
65.77,1305925.6224096315,11087280.0,49.86940743775904
65.78,1306114.8418029945,11086980.0,49.8693885158197
65.79,1306388.4303419825,11086780.0,49.8693611569658
65.8,1306722.7545130323,11086670.0,49.8693277245487
65.81,1307086.457233666,11086620.0,49.86929135427663
65.82,1307444.0645995366,11086600.0,49.869255593540046
65.83,1307761.014208424,11086580.0,49.86922389857916
65.84,1308008.0905060498,11086520.0,49.869199190949395
65.85,1308164.2697272145,11086390.0,49.86918357302728
65.86,1308218.2694653,11086170.0,49.86917817305347
65.87,1308168.8291879345,11085850.0,49.86918311708121
65.88,1308024.2481593273,11085430.0,49.86919757518407
65.89,1307802.6598774528,11084920.0,49.869219734012255
65.9,1307531.8725208263,11084340.0,49.86924681274792
65.91,1307247.1291376075,11083700.0,49.86927528708624
65.92,1306985.9646896021,11083060.0,49.86930140353104
65.93,1306782.402933706,11082440.0,49.86932175970663
65.94,1306662.7135231101,11081890.0,49.86933372864769
65.95,1306642.874387336,11081420.0,49.869335712561266
65.96,1306727.910170693,11081050.0,49.86932720898293
65.97,1306912.7545379899,11080790.0,49.8693087245462
65.98,1307183.1092580056,11080640.0,49.8692816890742
65.99,1307515.7748433242,11080570.0,49.86924842251567
66.0,1307879.6981259445,11080570.0,49.869212030187406
66.01,1308239.4386179175,11080600.0,49.86917605613821
66.02,1308560.1827240367,11080640.0,49.869143981727596
66.03,1308812.2720930784,11080630.0,49.86911877279069
66.04,1308974.1190090366,11080570.0,49.869102588099096
66.05,1309033.8473340068,11080410.0,49.8690966152666
66.06,1308989.643035048,11080160.0,49.869101035696495
66.07,1308849.2505032434,11079810.0,49.869115074949676
66.08,1308630.2453357491,11079360.0,49.869136975466425
66.09,1308359.9535508484,11078840.0,49.869164004644915
66.1,1308073.4031620978,11078280.0,49.86919265968379
66.11,1307808.2536118529,11077700.0,49.869219174638815
66.12,1307598.9348735106,11077150.0,49.86924010651265
66.13,1307472.298758583,11076660.0,49.86925277012414
66.14,1307444.9750025251,11076250.0,49.86925550249975
66.15,1307522.6054651523,11075950.0,49.869247739453485
66.16,1307700.637223519,11075760.0,49.86922993627765
66.17,1307965.2521408747,11075670.0,49.86920347478591
66.18,1308293.700868859,11075670.0,49.869170629913114
66.19,1308655.2511532546,11075740.0,49.869134474884675
66.2,1309014.5110241736,11075850.0,49.86909854889758
66.21,1309336.425102714,11075960.0,49.86906635748973
66.22,1309590.898024311,11076040.0,49.86904091019757
66.23,1309755.782509754,11076060.0,49.869024421749025
66.24,1309818.608491895,11075990.0,49.86901813915081
66.25,1309777.003509467,11075830.0,49.86902229964905
66.26,1309638.14931512,11075560.0,49.86903618506849
66.27,1309419.0530562599,11075200.0,49.869058094694374
66.28,1309146.5452850314,11074770.0,49.8690853454715
66.29,1308855.4258792584,11074290.0,49.869114457412074
66.3,1308583.4679757368,11073800.0,49.869141653202426
66.31,1308365.5008837525,11073330.0,49.869163449911625
66.32,1308228.9556280102,11072920.0,49.8691771044372
66.33,1308191.1158943172,11072600.0,49.86918088841057
66.34,1308258.248037788,11072380.0,49.86917417519622
66.35,1308426.3256448025,11072270.0,49.86915736743552
66.36,1308682.0260904375,11072260.0,49.869131797390956
66.37,1309003.0672911012,11072350.0,49.86909969327089
66.38,1309359.0567114432,11072520.0,49.869064094328856
66.39,1309714.667956996,11072720.0,49.8690285332043
66.4,1310034.6175033906,11072920.0,49.86899653824966
66.41,1310288.3818357468,11073100.0,49.868971161816425
66.42,1310453.2594472573,11073220.0,49.868954674055274
66.43,1310516.1880254457,11073250.0,49.868948381197455
66.44,1310474.234166108,11073180.0,49.86895257658339
66.45,1310334.0543597853,11073020.0,49.86896659456402
66.46,1310112.1112627112,11072770.0,49.86898878887373
66.47,1309834.756401429,11072430.0,49.86901652435986
66.48,1309536.522130017,11072050.0,49.869046347787
66.49,1309255.2267292489,11071660.0,49.869074477327075
66.5,1309026.0579507884,11071280.0,49.86909739420492
66.51,1308877.0020159758,11070970.0,49.8691122997984
66.52,1308826.0024105837,11070740.0,49.86911739975894
66.53,1308879.9626486746,11070610.0,49.86911200373513
66.54,1309035.3901650787,11070590.0,49.86909646098349
66.55,1309279.4458708568,11070680.0,49.869072055412914
66.56,1309590.2996256114,11070870.0,49.86904097003744
66.57,1309937.9158784074,11071130.0,49.86900620841216
66.58,1310287.0804112144,11071430.0,49.86897129195888
66.59,1310602.3318469794,11071740.0,49.8689397668153
66.6,1310852.7444169482,11072020.0,49.868914725558305
66.61,1311015.0756038052,11072240.0,49.86889849243962
66.62,1311075.6744239894,11072380.0,49.8688924325576
66.63,1311031.041996671,11072420.0,49.86889689580033
66.64,1310887.3369862551,11072360.0,49.868911266301374
66.65,1310660.5288605522,11072210.0,49.868933947113945
66.66,1310376.5069968887,11071990.0,49.86896234930031
66.67,1310069.4983157269,11071710.0,49.86899305016843
66.68,1309777.3243841715,11071410.0,49.86902226756158
66.69,1309535.4947424908,11071130.0,49.86904645052575
66.7,1309372.5251131617,11070910.0,49.869062747488684
66.71,1309307.002521578,11070780.0,49.86906929974784
66.72,1309346.4631110406,11070740.0,49.869065353688896
66.73,1309487.9466504494,11070820.0,49.869051205334955
66.74,1309719.091599888,11071010.0,49.86902809084001
66.75,1310018.513659017,11071290.0,49.8689981486341
66.76,1310356.5407247685,11071640.0,49.86896434592752
66.77,1310698.0808832701,11072040.0,49.86893019191167
66.78,1311007.5062019888,11072450.0,49.8688992493798
66.79,1311253.4954108668,11072830.0,49.86887465045891
66.8,1311412.269923906,11073150.0,49.86885877300761
66.81,1311469.589593557,11073390.0,49.868853041040644
66.82,1311421.383479825,11073530.0,49.86885786165202
66.83,1311273.3058181903,11073580.0,49.86887266941818
66.84,1311040.8255337093,11073520.0,49.86889591744663
66.85,1310749.3561069106,11073390.0,49.86892506438931
66.86,1310432.8023983669,11073210.0,49.86895671976016
66.87,1310128.9713197418,11073000.0,49.868987102868026
66.88,1309873.6803801358,11072810.0,49.869012631961986
66.89,1309695.9639975836,11072680.0,49.86903040360024
66.9,1309615.0461371536,11072630.0,49.869038495386285
66.91,1309639.0957182536,11072680.0,49.869036090428175
66.92,1309765.6898017363,11072840.0,49.869023431019826
66.93,1309982.954587099,11073100.0,49.86900170454129
66.94,1310269.9648936067,11073460.0,49.86897300351064
66.95,1310597.4275895704,11073900.0,49.86894025724104
66.96,1310930.388667657,11074380.0,49.868906961133234
66.97,1311233.0659295423,11074860.0,49.868876693407046
66.98,1311473.752070853,11075330.0,49.868852624792915
66.99,1311628.1364655436,11075730.0,49.868837186353446
67.0,1311681.3875966216,11076060.0,49.86883186124034
67.01,1311628.8599049852,11076280.0,49.8688371140095
67.02,1311475.6965465802,11076410.0,49.86885243034534
67.03,1311236.8572859622,11076430.0,49.868876314271404
67.04,1310937.2695346621,11076380.0,49.868906273046534
67.05,1310610.5025813263,11076270.0,49.86893894974187
67.06,1310294.3371528396,11076130.0,49.868970566284716
67.07,1310024.891265371,11076010.0,49.86899751087346
67.08,1309831.7152800832,11075940.0,49.86901682847199
67.09,1309734.6721595926,11075940.0,49.86902653278404
67.1,1309742.5695799103,11076050.0,49.86902574304201
67.11,1309853.5337567795,11076260.0,49.86901464662432
67.12,1310056.1931556598,11076590.0,49.868994380684434
67.13,1310330.09831242,11077000.0,49.86896699016876
67.14,1310646.3531936186,11077490.0,49.86893536468064
67.15,1310970.1584924948,11078020.0,49.86890298415075
67.16,1311265.59176451,11078570.0,49.86887344082355
67.17,1311500.570664066,11079090.0,49.86884994293359
67.18,1311650.256359158,11079550.0,49.868834974364084
67.19,1311699.2204247424,11079920.0,49.868830077957526
67.2,1311642.2320333498,11080200.0,49.868835776796665
67.21,1311483.9146765433,11080380.0,49.868851608532346
67.22,1311238.7099415201,11080460.0,49.86887612900585
67.23,1310931.0474255409,11080450.0,49.868906895257446
67.24,1310594.148508244,11080380.0,49.868940585149176
67.25,1310265.7571915444,11080280.0,49.868973424280846
67.26,1309982.2843327757,11080190.0,49.86900177156672
67.27,1309773.7917573936,11080150.0,49.86902262082426
67.28,1309660.7815927542,11080190.0,49.869033921840725
67.29,1309652.705496589,11080320.0,49.86903472945034
67.3,1309748.2489492053,11080560.0,49.86902517510508
67.31,1309936.5564958276,11080900.0,49.86900634435042
67.32,1310197.6696284367,11081340.0,49.868980233037156
67.33,1310503.1057965278,11081850.0,49.86894968942035
67.34,1310818.2368282683,11082410.0,49.86891817631717
67.35,1311107.014463815,11082970.0,49.86888929855362
67.36,1311336.9925220297,11083520.0,49.8688663007478
67.37,1311482.8120495048,11084000.0,49.86885171879505
67.38,1311528.4483165368,11084400.0,49.868847155168346
67.39,1311468.0809479752,11084700.0,49.8688531919052
67.4,1311305.808281844,11084890.0,49.868869419171816
67.41,1311055.5451581974,11084980.0,49.86889444548418
67.42,1310741.211887745,11084990.0,49.868925878811226
67.43,1310395.66787976,11084930.0,49.868960433212024
67.44,1310056.6059316066,11084840.0,49.86899433940684
67.45,1309760.7192090522,11084750.0,49.869023928079095
67.46,1309538.573989286,11084710.0,49.86904614260107
67.47,1309411.3135556995,11084740.0,49.86905886864443
67.48,1309389.0465261638,11084870.0,49.869061095347384
67.49,1309471.0295947464,11085100.0,49.869052897040525
67.5,1309646.934645272,11085430.0,49.86903530653547
67.51,1309897.305557186,11085860.0,49.86901026944428
67.52,1310194.0851899486,11086360.0,49.868980591481005
67.53,1310502.826428177,11086910.0,49.86894971735718
67.54,1310787.362480994,11087470.0,49.8689212637519
67.55,1311014.8874944372,11088000.0,49.868898511250556
67.56,1311159.524477432,11088470.0,49.86888404755226
67.57,1311204.6535017896,11088860.0,49.86887953464982
67.58,1311143.8609936244,11089150.0,49.86888561390064
67.59,1310980.7109638893,11089340.0,49.86890192890361
67.6,1310728.5785863353,11089420.0,49.86892714214137
67.61,1310410.8586937003,11089400.0,49.86895891413063
67.62,1310060.028857194,11089320.0,49.86899399711428
67.63,1309713.711623246,11089210.0,49.869028628837675
67.64,1309408.8664106352,11089100.0,49.86905911335894
67.65,1309176.5506204923,11089030.0,49.86908234493795
67.66,1309038.5408956707,11089030.0,49.86909614591043
67.67,1309005.600874542,11089120.0,49.869099439912546
67.68,1309077.5602880456,11089310.0,49.869092243971195
67.69,1309244.6227985732,11089610.0,49.86907553772014
67.7,1309487.8397924958,11090000.0,49.86905121602075
67.71,1309779.5851930983,11090460.0,49.86902204148069
67.72,1310085.5991412885,11090980.0,49.86899144008587
67.73,1310369.6014096756,11091500.0,49.86896303985903
67.74,1310598.428210028,11092000.0,49.868940157179
67.75,1310745.6859052037,11092440.0,49.86892543140948
67.76,1310794.1584578953,11092790.0,49.86892058415421
67.77,1310736.8355819916,11093050.0,49.8689263164418
67.78,1310576.7389948398,11093190.0,49.868942326100516
67.79,1310326.6921920208,11093230.0,49.8689673307808
67.8,1310009.5487824604,11093180.0,49.868999045121754
67.81,1309657.3860907056,11093060.0,49.86903426139093
67.82,1309307.7385480711,11092900.0,49.86906922614519
67.83,1308997.816780888,11092740.0,49.86910021832191
67.84,1308759.1576234559,11092620.0,49.869124084237654
67.85,1308614.1636390635,11092560.0,49.869138583636094
67.86,1308574.251086867,11092590.0,49.86914257489131
67.87,1308639.824857636,11092730.0,49.869136017514236
67.88,1308801.6253855983,11092970.0,49.86911983746144
67.89,1309041.2182909716,11093300.0,49.8690958781709
67.9,1309331.416552908,11093710.0,49.86906685834471
67.91,1309638.1564275105,11094160.0,49.86903618435725
67.92,1309925.0516275163,11094630.0,49.86900749483725
67.93,1310158.5856642118,11095070.0,49.86898414143358
67.94,1310311.8533081214,11095460.0,49.86896881466919
67.95,1310367.0271365074,11095760.0,49.86896329728635
67.96,1310316.4860834938,11095960.0,49.86896835139165
67.97,1310162.694741024,11096050.0,49.8689837305259
67.98,1309917.9163351238,11096040.0,49.86900820836649
67.99,1309604.4549311614,11095920.0,49.869039554506884
68.0,1309253.9766384447,11095740.0,49.869074602336156
68.01,1308903.9163487826,11095520.0,49.86910960836512
68.02,1308591.7280496773,11095290.0,49.86914082719503
68.03,1308349.4239403137,11095100.0,49.86916505760597
68.04,1308200.0321744403,11094970.0,49.869179996782556
68.05,1308155.6269170137,11094930.0,49.8691844373083
68.06,1308217.200426398,11095000.0,49.86917827995736
68.07,1308375.9995716093,11095160.0,49.86916240004284
68.08,1308614.0845913263,11095420.0,49.86913859154087
68.09,1308904.6939943926,11095750.0,49.86910953060056
68.1,1309213.959967721,11096130.0,49.86907860400323
68.11,1309505.398075075,11096530.0,49.86904946019249
68.12,1309745.1504685865,11096900.0,49.86902548495314
68.13,1309905.8143777142,11097220.0,49.86900941856223
68.14,1309968.965232642,11097460.0,49.869003103476736
68.15,1309926.3813519003,11097590.0,49.86900736186481
68.16,1309779.9934638487,11097620.0,49.869022000653615
68.17,1309541.5493955899,11097530.0,49.86904584506044
68.18,1309232.851131199,11097350.0,49.86907671488688
68.19,1308885.1649186495,11097100.0,49.869111483508135
68.2,1308535.812019258,11096800.0,49.869146418798074
68.21,1308222.4685926037,11096490.0,49.86917775314074
68.22,1307977.610084521,11096220.0,49.86920223899155
68.23,1307824.888515796,11096010.0,49.86921751114842
68.24,1307777.049203338,11095890.0,49.869222295079666
68.25,1307835.6943498903,11095870.0,49.86921643056501
68.26,1307992.5588775154,11095960.0,49.86920074411225
68.27,1308230.1520535822,11096130.0,49.86917698479464
68.28,1308522.1232324785,11096390.0,49.86914778767675
68.29,1308834.8536739857,11096690.0,49.8691165146326
68.3,1309131.8455142442,11097010.0,49.869086815448576
68.31,1309378.9540815237,11097310.0,49.86906210459185
68.32,1309548.3152915933,11097560.0,49.86904516847084
68.33,1309620.930685682,11097720.0,49.86903790693143
68.34,1309587.9885631944,11097780.0,49.86904120114368
68.35,1309450.8854217678,11097740.0,49.86905491145782
68.36,1309220.8458270705,11097580.0,49.86907791541729
68.37,1308919.1562718838,11097330.0,49.86910808437281
68.38,1308576.6555857959,11097000.0,49.86914233444142
68.39,1308230.5106146918,11096620.0,49.86917694893853
68.4,1307918.5769340284,11096240.0,49.8692081423066
68.41,1307673.7666447258,11095890.0,49.86923262333553
68.42,1307520.3389797707,11095600.0,49.86924796610202
68.43,1307471.7017065752,11095400.0,49.86925282982934
68.44,1307530.0651138378,11095300.0,49.869246993488616
68.45,1307687.6522912784,11095310.0,49.86923123477087
68.46,1307927.4195895607,11095400.0,49.869207258041044
68.47,1308223.4293839433,11095580.0,49.869177657061606
68.48,1308542.343853034,11095810.0,49.8691457656147
68.49,1308847.6779452662,11096060.0,49.86911523220547
68.5,1309105.0194179132,11096290.0,49.86908949805821
68.51,1309286.0539109097,11096460.0,49.86907139460891
68.52,1309371.2144727476,11096560.0,49.869062878552725
68.53,1309351.0970772826,11096560.0,49.86906489029227
68.54,1309226.5543669157,11096450.0,49.86907734456331
68.55,1309008.2704972872,11096230.0,49.86909917295027
68.56,1308716.994336123,11095910.0,49.86912830056639
68.57,1308383.1102635202,11095520.0,49.86916168897365
68.58,1308043.6034130116,11095080.0,49.8691956396587
68.59,1307736.4853843676,11094630.0,49.86922635146156
68.6,1307495.0859938639,11094200.0,49.869250491400614
68.61,1307344.2564952841,11093840.0,49.86926557435047
68.62,1307298.0563010362,11093570.0,49.869270194369896
68.63,1307359.299933779,11093400.0,49.86926407000662
68.64,1307520.6988380472,11093330.0,49.869247930116195
68.65,1307765.6583077158,11093360.0,49.86922343416923
68.66,1308068.656578456,11093470.0,49.869193134342154
68.67,1308396.639522371,11093640.0,49.86916033604776
68.68,1308713.136991244,11093820.0,49.869128686300876
68.69,1308983.4705347414,11093990.0,49.869101652946526
68.7,1309178.8759849265,11094110.0,49.86908211240151
68.71,1309279.2137424424,11094160.0,49.869072078625756
68.72,1309274.475418647,11094100.0,49.869072552458135
68.73,1309164.9564454143,11093940.0,49.86908350435546
68.74,1308960.7852806752,11093660.0,49.86910392147193
68.75,1308682.1542870554,11093290.0,49.869131784571294
68.76,1308358.973000381,11092850.0,49.86916410269996
68.77,1308028.0246327901,11092350.0,49.86919719753672
68.78,1307727.4596366095,11091840.0,49.86922725403634
68.79,1307491.0198459832,11091370.0,49.8692508980154
68.8,1307344.1444976197,11090950.0,49.86926558555024
68.81,1307301.54525331,11090620.0,49.86926984547467
68.82,1307366.6453791333,11090390.0,49.86926333546209
68.83,1307532.6535809494,11090260.0,49.869246734641905
68.84,1307783.4354991324,11090240.0,49.86922165645009
68.85,1308093.898021241,11090290.0,49.869190610197876
68.86,1308431.284560143,11090400.0,49.869156871543986
68.87,1308759.1517255248,11090540.0,49.86912408482745
68.88,1309042.5629737724,11090660.0,49.86909574370262
68.89,1309252.3119865262,11090740.0,49.86907476880135
68.9,1309367.6894479955,11090740.0,49.8690632310552
68.91,1309378.07686891,11090640.0,49.86906219231311
68.92,1309283.206931937,11090440.0,49.869071679306806
68.93,1309092.6461518393,11090130.0,49.869090735384816
68.94,1308826.0226898284,11089720.0,49.86911739773102
68.95,1308512.7611786618,11089230.0,49.869148723882134
68.96,1308189.4334804644,11088690.0,49.869181056651954
68.97,1307894.32255888,11088140.0,49.86921056774411
68.98,1307661.5843695549,11087620.0,49.869233841563045
68.99,1307517.2496432685,11087160.0,49.86924827503567
69.0,1307476.699911021,11086780.0,49.8692523300089
69.01,1307543.987174995,11086500.0,49.8692456012825
69.02,1307712.8401393879,11086330.0,49.86922871598606
69.03,1307967.606145084,11086260.0,49.86920323938549
69.04,1308283.6413559562,11086280.0,49.869171635864404
69.05,1308628.5079076276,11086350.0,49.86913714920924
69.06,1308965.8077359444,11086450.0,49.869103419226406
69.07,1309260.3606082066,11086540.0,49.86907396393918
69.08,1309482.5311330282,11086580.0,49.8690517468867
69.09,1309611.0506078417,11086550.0,49.869038894939216
69.1,1309634.696538211,11086430.0,49.86903653034618
69.11,1309552.6397824385,11086200.0,49.869044736021756
69.12,1309373.8813502397,11085860.0,49.869062611864976
69.13,1309117.4790250903,11085420.0,49.86908825209749
69.14,1308812.362968723,11084900.0,49.86911876370313
69.15,1308494.8823618703,11084340.0,49.86915051176381
69.16,1308203.4427772271,11083760.0,49.86917965572228
69.17,1307972.6080984955,11083200.0,49.86920273919015
69.18,1307828.9963713984,11082710.0,49.86921710036286
69.19,1307788.6688975582,11082290.0,49.869221133110244
69.2,1307856.3200566862,11081980.0,49.86921436799433
69.21,1308026.2154054623,11081780.0,49.869197378459454
69.22,1308283.2003334488,11081680.0,49.869171679966655
69.23,1308603.0964287687,11081660.0,49.86913969035712
69.24,1308953.7992587453,11081710.0,49.869104620074125
69.25,1309298.9684707136,11081780.0,49.86907010315293
69.26,1309603.1882547976,11081850.0,49.86903968117452
69.27,1309836.39959112,11081880.0,49.86901636004089
69.28,1309976.7803478101,11081830.0,49.86900232196522
69.29,1310012.5058353029,11081690.0,49.86899874941647
69.3,1309942.1799678623,11081450.0,49.869005782003214
69.31,1309774.2289532733,11081100.0,49.86902257710467
69.32,1309527.1266268326,11080640.0,49.86904728733732
69.33,1309229.2910626214,11080110.0,49.86907707089374
69.34,1308916.8305700838,11079530.0,49.86910831694299
69.35,1308628.2574615637,11078930.0,49.869137174253844
69.36,1308398.5302131395,11078360.0,49.869160146978686
69.37,1308254.8432295483,11077840.0,49.869174515677045
69.38,1308213.9300553307,11077410.0,49.86917860699447
69.39,1308281.1258132665,11077080.0,49.86917188741867
69.4,1308451.2365202983,11076860.0,49.86915487634797
69.41,1308709.6115142317,11076740.0,49.86912903884858
69.42,1309032.5452736095,11076700.0,49.86909674547264
69.43,1309388.2759541487,11076740.0,49.869061172404585
69.44,1309740.5287547302,11076800.0,49.86902594712453
69.45,1310053.6567243638,11076860.0,49.868994634327564
69.46,1310297.1785316698,11076880.0,49.86897028214683
69.47,1310448.7159736066,11076830.0,49.86895512840264
69.48,1310495.838168606,11076690.0,49.86895041618314
69.49,1310436.5741363466,11076440.0,49.868956342586365
69.5,1310278.7696512763,11076090.0,49.86897212303487
69.51,1310040.3047982922,11075640.0,49.86899596952017
69.52,1309749.0727665217,11075100.0,49.86902509272335
69.53,1309440.9250562934,11074520.0,49.86905590749437
69.54,1309154.465596123,11073910.0,49.86908455344039
69.55,1308925.036543087,11073330.0,49.86910749634569
69.56,1308780.3994365288,11072810.0,49.86912196005635
69.57,1308737.953544039,11072370.0,49.869126204645596
69.58,1308803.6747215171,11072030.0,49.86911963252785
69.59,1308972.9145004724,11071800.0,49.86910270854995
69.6,1309231.5336088943,11071670.0,49.86907684663911
69.61,1309556.308900497,11071640.0,49.86904436910995
69.62,1309915.8327514005,11071660.0,49.86900841672486
69.63,1310273.906068673,11071730.0,49.86897260939313
69.64,1310594.6587910466,11071790.0,49.868940534120895
69.65,1310847.19185651,11071820.0,49.86891528081435
69.66,1311008.566020746,11071780.0,49.868899143397925
69.67,1311065.7304586226,11071640.0,49.86889342695414
69.68,1311016.1201826998,11071410.0,49.86889838798173
69.69,1310867.041143382,11071060.0,49.86891329588566
69.7,1310635.8152297304,11070620.0,49.86893641847703
69.71,1310349.8333330776,11070100.0,49.86896501666669
69.72,1310044.696055428,11069520.0,49.86899553039446
69.73,1309759.09696609,11068920.0,49.86902409030339
69.74,1309528.75711408,11068340.0,49.86904712428859
69.75,1309381.997761605,11067820.0,49.86906180022384
69.76,1309336.88355924,11067380.0,49.869066311644076
69.77,1309400.043606459,11067050.0,49.869059995639354
69.78,1309567.3693586462,11066820.0,49.869043263064135
69.79,1309825.20005837,11066700.0,49.86901747999416
69.8,1310150.7556779524,11066670.0,49.868984924432205
69.81,1310512.9683101068,11066710.0,49.86894870316899
69.82,1310875.7109853285,11066790.0,49.86891242890147
69.83,1311202.8917648643,11066870.0,49.868879710823514
69.84,1311463.1967673062,11066910.0,49.86885368032327
69.85,1311633.1306064667,11066880.0,49.86883668693935
69.86,1311699.0252840566,11066770.0,49.868830097471594
69.87,1311657.7183844668,11066560.0,49.86883422816155
69.88,1311515.9948426934,11066240.0,49.86884840051573
69.89,1311290.6621424258,11065810.0,49.86887093378576
69.9,1311008.6221620776,11065310.0,49.86889913778379
69.91,1310705.2068355074,11064750.0,49.86892947931645
69.92,1310419.1583085624,11064170.0,49.868958084169144
69.93,1310186.5488811627,11063610.0,49.868981345111884
69.94,1310036.2385359432,11063100.0,49.868996376146406
69.95,1309986.947873938,11062680.0,49.869001305212606
69.96,1310045.9627684557,11062360.0,49.868995403723154
69.97,1310209.7205119634,11062150.0,49.868979027948804
69.98,1310465.0482622304,11062040.0,49.86895349517378
69.99,1310789.619884929,11062030.0,49.86892103801151
70.0,1311152.7310002912,11062090.0,49.86888472689997
70.01,1311518.36734702,11062190.0,49.8688481632653
70.02,1311850.2545476928,11062290.0,49.86881497454523
70.03,1312116.6861335353,11062360.0,49.86878833138665
70.04,1312293.6230804073,11062370.0,49.86877063769196
70.05,1312366.7855592913,11062290.0,49.86876332144407
70.06,1312332.4125054835,11062110.0,49.86876675874945
70.07,1312196.7608805108,11061820.0,49.86878032391195
70.08,1311976.1116216467,11061430.0,49.868802388837835
70.09,1311696.8611807777,11060960.0,49.86883031388192
70.1,1311393.990271057,11060430.0,49.868860600972894
70.11,1311106.204743595,11059880.0,49.86888937952564
70.12,1310869.8686787079,11059340.0,49.86891301313213
70.13,1310714.3467313165,11058860.0,49.86892856532687
70.14,1310658.9968464277,11058470.0,49.86893410031536
70.15,1310711.7573514415,11058170.0,49.868928824264856
70.16,1310869.618904178,11057990.0,49.86891303810958
70.17,1311119.9102461056,11057910.0,49.86888800897539
70.18,1311440.7772317803,11057920.0,49.86885592227682
70.19,1311801.9070030584,11058010.0,49.868819809299694
70.2,1312167.432685385,11058140.0,49.86878325673146
70.21,1312500.9308898684,11058280.0,49.86874990691101
70.22,1312770.3234306409,11058390.0,49.868722967656936
70.23,1312951.0446374582,11058440.0,49.868704895536254
70.24,1313028.2153201022,11058400.0,49.86869717846799
70.25,1312997.4814628297,11058260.0,49.86870025185372
70.26,1312864.5725231536,11058010.0,49.868713542747685
70.27,1312645.2419911772,11057660.0,49.86873547580088
70.28,1312365.3794239943,11057230.0,49.8687634620576
70.29,1312059.6104386095,11056740.0,49.86879403895614
70.3,1311766.6019829244,11056230.0,49.86882333980171
70.31,1311523.0108795827,11055740.0,49.86884769891204
70.32,1311358.7100931313,11055290.0,49.86886412899069
70.33,1311293.6999789327,11054930.0,49.86887063000211
70.34,1311336.5821750732,11054670.0,49.86886634178249
70.35,1311484.9185785004,11054520.0,49.86885150814215
70.36,1311726.5612427075,11054480.0,49.86882734387573
70.37,1312040.1515395485,11054530.0,49.868795984846045
70.38,1312395.7929579434,11054660.0,49.868760420704206
70.39,1312757.789751089,11054830.0,49.86872422102489
70.4,1313089.58979929,11055010.0,49.86869104102007
70.41,1313358.7598759532,11055170.0,49.868664124012405
70.42,1313540.2209832848,11055260.0,49.86864597790167
70.43,1313618.5043005354,11055270.0,49.86863814956995
70.44,1313588.6672042573,11055180.0,49.868641133279574
70.45,1313455.910946857,11054980.0,49.868654408905314
70.46,1313235.4574375427,11054690.0,49.868676454256246
70.47,1312952.681131776,11054310.0,49.86870473188682
70.48,1312641.8409491691,11053870.0,49.86873581590508
70.49,1312341.554203229,11053400.0,49.86876584457968
70.5,1312088.7667204074,11052950.0,49.86879112332796
70.51,1311913.8617654613,11052550.0,49.868808613823454
70.52,1311837.4868283668,11052230.0,49.86881625131716
70.53,1311868.9118977045,11052010.0,49.86881310881023
70.54,1312006.2775588082,11051900.0,49.86879937224412
70.55,1312237.9684239149,11051900.0,49.86877620315761
70.56,1312543.1311443236,11052000.0,49.86874568688557
70.57,1312892.2954627597,11052180.0,49.868710770453724
70.58,1313249.9451165814,11052400.0,49.86867500548834
70.59,1313579.4034932503,11052640.0,49.868642059650675
70.6,1313847.878676384,11052840.0,49.86861521213236
70.61,1314029.7752261886,11053000.0,49.86859702247738
70.62,1314109.0119777487,11053060.0,49.868589098802225
70.63,1314080.035541494,11053030.0,49.86859199644585
70.64,1313947.4946563467,11052890.0,49.868605250534365
70.65,1313726.0560034746,11052660.0,49.86862739439965
70.66,1313440.555128409,11052330.0,49.86865594448716
70.67,1313124.8600747369,11051950.0,49.868687513992526
70.68,1312817.5165842748,11051540.0,49.86871824834157
70.69,1312555.7436946877,11051140.0,49.86874442563053
70.7,1312370.424139928,11050790.0,49.86876295758601
70.71,1312282.8488479143,11050520.0,49.86877171511521
70.72,1312302.9606872194,11050350.0,49.86876970393128
70.73,1312429.4911575874,11050290.0,49.86875705088424
70.74,1312651.3686124496,11050340.0,49.868734863138755
70.75,1312948.255966333,11050490.0,49.86870517440337
70.76,1313291.1197132557,11050720.0,49.868670888028674
70.77,1313644.631550801,11050990.0,49.86863553684492
70.78,1313971.9968406637,11051280.0,49.868602800315934
70.79,1314240.0585510926,11051550.0,49.86857599414489
70.8,1314422.6992008612,11051760.0,49.868557730079914
70.81,1314503.2160266368,11051890.0,49.868549678397336
70.82,1314475.4339716514,11051920.0,49.868552456602835
70.83,1314343.4351657392,11051850.0,49.868565656483426
70.84,1314121.315719916,11051670.0,49.86858786842801
70.85,1313833.354917975,11051410.0,49.8686166645082
70.86,1313513.0111825787,11051090.0,49.86864869888174
70.87,1313198.7411364322,11050740.0,49.86868012588636
70.88,1312928.0229729544,11050390.0,49.868707197702705
70.89,1312732.2275136777,11050090.0,49.86872677724863
70.9,1312633.2831696174,11049870.0,49.86873667168304
70.91,1312641.8120673122,11049760.0,49.86873581879327
70.92,1312757.15162964,11049750.0,49.868724284837036
70.93,1312968.7875142794,11049850.0,49.86870312124857
70.94,1313256.9127328254,11050050.0,49.86867430872672
70.95,1313592.94609382,11050330.0,49.86864070539062
70.96,1313941.7626310035,11050660.0,49.8686058237369
70.97,1314266.4615833154,11051010.0,49.86857335384167
70.98,1314533.530217119,11051340.0,49.86854664697829
70.99,1314716.337440487,11051610.0,49.86852836625595
71.0,1314797.5649637545,11051800.0,49.868520243503625
71.01,1314770.4167587904,11051900.0,49.86852295832412
71.02,1314638.4045060698,11051890.0,49.86853615954939
71.03,1314415.0466190751,11051770.0,49.86855849533809
71.04,1314124.0562394785,11051570.0,49.86858759437605
71.05,1313798.4692032489,11051310.0,49.868620153079675
71.06,1313476.6397966756,11051010.0,49.86865233602033
71.07,1313196.2947866782,11050720.0,49.86868037052133
71.08,1312989.284166406,11050470.0,49.86870107158336
71.09,1312878.167270668,11050300.0,49.86871218327293
71.1,1312874.243459632,11050240.0,49.86871257565404
71.11,1312977.46095413,11050280.0,49.86870225390459
71.12,1313177.873443294,11050420.0,49.86868221265567
71.13,1313456.2177412335,11050680.0,49.86865437822588
71.14,1313784.3807628257,11051010.0,49.86862156192372
71.15,1314127.4569125727,11051390.0,49.86858725430874
71.16,1314448.454028394,11051790.0,49.86855515459716
71.17,1314713.5147777079,11052180.0,49.86852864852223
71.18,1314895.5048400525,11052510.0,49.868510449515995
71.19,1314976.500092655,11052760.0,49.868502349990735
71.2,1314949.0885147941,11052910.0,49.86850509114852
71.21,1314816.215062322,11052960.0,49.86851837849377
71.22,1314590.8276603536,11052900.0,49.868540917233965
71.23,1314296.0771443057,11052760.0,49.86857039228557
71.24,1313964.5712843873,11052540.0,49.86860354287156
71.25,1313634.5532630854,11052300.0,49.86863654467369
71.26,1313343.9904844125,11052050.0,49.86866560095156
71.27,1313125.2041443987,11051850.0,49.86868747958556
71.28,1313001.3768530802,11051730.0,49.86869986231469
71.29,1312984.4824112523,11051700.0,49.868701551758875
71.3,1313075.0833097694,11051780.0,49.86869249166902
71.31,1313263.7608791243,11051970.0,49.86867362391209
71.32,1313531.7695382298,11052260.0,49.86864682304618
71.33,1313851.4457195073,11052640.0,49.86861485542805
71.34,1314188.0993372723,11053060.0,49.86858119006627
71.35,1314504.6508981294,11053510.0,49.86854953491019
71.36,1314766.907149405,11053940.0,49.86852330928506
71.37,1314947.2426361798,11054320.0,49.86850527573638
71.38,1315027.1314277262,11054620.0,49.86849728685723
71.39,1314998.53774514,11054820.0,49.868500146225486
71.4,1314863.849551955,11054910.0,49.868513615044805
71.41,1314635.4746712775,11054900.0,49.86853645253287
71.42,1314336.0380151137,11054800.0,49.86856639619849
71.43,1313997.7323379526,11054620.0,49.868600226766205
71.44,1313658.6918830061,11054420.0,49.8686341308117
71.45,1313357.1225161944,11054210.0,49.86866428774838
71.46,1313125.8120710498,11054040.0,49.868687418792895
71.47,1312988.5612207914,11053950.0,49.86870114387792
71.48,1312958.0175166212,11053950.0,49.86870419824834
71.49,1313035.3645063054,11054060.0,49.86869646354937
71.5,1313211.686481992,11054270.0,49.8686788313518
71.51,1313468.7030427728,11054590.0,49.86865312969572
71.52,1313779.1825541002,11054990.0,49.86862208174459
71.53,1314108.6516370138,11055450.0,49.8685891348363
71.54,1314419.9543876313,11055930.0,49.86855800456124
71.55,1314678.5770557302,11056390.0,49.86853214229443
71.56,1314856.4205705072,11056800.0,49.86851435794295
71.57,1314934.3722337647,11057120.0,49.86850656277662
71.58,1314903.7803334096,11057350.0,49.86850962196666
71.59,1314766.4807907944,11057480.0,49.86852335192092
71.6,1314534.343683249,11057490.0,49.868546565631675
71.61,1314229.4660805475,11057420.0,49.868577053391945
71.62,1313883.6161741097,11057270.0,49.86861163838259
71.63,1313534.798944147,11057080.0,49.868646520105585
71.64,1313221.4383789175,11056890.0,49.86867785616211
71.65,1312976.7772745993,11056740.0,49.86870232227254
71.66,1312825.2280309738,11056650.0,49.8687174771969
71.67,1312780.1123957282,11056660.0,49.86872198876043
71.68,1312843.243552706,11056780.0,49.86871567564473
71.69,1313006.222107873,11057000.0,49.86869937778921
71.7,1313251.2505493565,11057330.0,49.868674874945064
71.71,1313551.5524263042,11057740.0,49.86864484475737
71.72,1313872.9350744428,11058200.0,49.868612706492556
71.73,1314178.2511017653,11058690.0,49.86858217488982
71.74,1314432.7209533202,11059160.0,49.86855672790467
71.75,1314607.8096410462,11059580.0,49.868539219035895
71.76,1314683.8436129827,11059920.0,49.8685316156387
71.77,1314651.5701122042,11060160.0,49.86853484298878
71.78,1314512.2780846208,11060290.0,49.86854877219154
71.79,1314277.2965274218,11060320.0,49.86857227034726
71.8,1313968.184979899,11060250.0,49.86860318150201
71.81,1313616.2586791755,11060100.0,49.86863837413208
71.82,1313259.3459755527,11059910.0,49.868674065402445
71.83,1312936.0385467948,11059720.0,49.86870639614532
71.84,1312680.004240363,11059560.0,49.868731999575964
71.85,1312516.2482866414,11059470.0,49.868748375171336
71.86,1312458.766225788,11059470.0,49.86875412337742
71.87,1312510.0061158435,11059580.0,49.868748999388416
71.88,1312662.0957103795,11059790.0,49.86873379042896
71.89,1312897.7296027245,11060100.0,49.86871022703973
71.9,1313190.5943540544,11060500.0,49.868680940564595
71.91,1313506.829614326,11060950.0,49.86864931703857
71.92,1313809.3433858699,11061430.0,49.86861906566141
71.93,1314063.1227165044,11061890.0,49.86859368772835
71.94,1314239.2135765846,11062300.0,49.86857607864234
71.95,1314317.3886714266,11062630.0,49.86856826113286
71.96,1314287.7897868743,11062870.0,49.86857122102131
71.97,1314151.143066411,11062990.0,49.86858488569336
71.98,1313918.212009213,11063010.0,49.86860817879908
71.99,1313609.9870016694,11062930.0,49.86863900129983
72.0,1313257.2930912545,11062770.0,49.868674270690875
72.01,1312897.7441766665,11062570.0,49.86871022558233
72.02,1312570.0645412763,11062360.0,49.86874299354587
72.03,1312308.3242746247,11062180.0,49.86876916757254
72.04,1312138.1108503272,11062060.0,49.86878618891497
72.05,1312074.0915671547,11062040.0,49.868792590843285
72.06,1312119.3475756599,11062120.0,49.868788065242434
72.07,1312266.532666797,11062300.0,49.86877334673332
72.08,1312498.8283148299,11062590.0,49.86875011716852
72.09,1312790.375641839,11062960.0,49.868720962435816
72.1,1313107.63670335,11063390.0,49.868689236329665
72.11,1313413.56301931,11063840.0,49.86865864369807
72.12,1313672.8925538675,11064280.0,49.86863271074461
72.13,1313856.2352234118,11064670.0,49.86861437647766
72.14,1313942.7952591376,11064980.0,49.868605720474086
72.15,1313942.7952591376,11065200.0,49.868605720474086
72.16,1313794.1658987985,11065320.0,49.86862058341012
72.17,1313794.1658987985,11065300.0,49.86862058341012
72.18,1313569.3013104799,11065420.0,49.86864306986895
72.19,1313267.834477614,11065320.0,49.86867321655224
72.2,1312920.0783490092,11065130.0,49.8687079921651
72.21,1312563.407198226,11064900.0,49.86874365928018
72.22,1312236.6542365428,11064660.0,49.868776334576346
72.23,1311974.2708319393,11064440.0,49.868802572916806
72.24,1311802.4088694113,11064290.0,49.86881975911306
72.25,1311736.3945966787,11064220.0,49.86882636054033
72.26,1311779.9359555703,11064260.0,49.86882200640444
72.27,1311926.2112167717,11064410.0,49.86880737887832
72.28,1312158.8909044845,11064650.0,49.86878411090955
72.29,1312452.5757577743,11064980.0,49.86875474242422
72.3,1312774.0564494417,11065370.0,49.868722594355056
72.31,1313086.3359443622,11065790.0,49.868691366405564
72.32,1313353.9084929423,11066190.0,49.868664609150706
72.33,1313546.9490032392,11066540.0,49.868645305099676
72.34,1313644.0891508982,11066820.0,49.86863559108491
72.35,1313634.2212246887,11067000.0,49.86863657787753
72.36,1313516.893547444,11067070.0,49.868648310645256
72.37,1313301.6802603237,11067030.0,49.86866983197397
72.38,1313008.3677539516,11066890.0,49.868699163224605
72.39,1312666.727629832,11066670.0,49.86873332723702
72.4,1312313.8707057792,11066400.0,49.86876861292942
72.41,1311988.7217698789,11066110.0,49.86880112782301
72.42,1311726.1027273487,11065850.0,49.868827389727265
72.43,1311552.7237346924,11065650.0,49.86884472762653
72.44,1311484.5685597488,11065540.0,49.868851543144025
72.45,1311525.979341681,11065530.0,49.86884740206583
72.46,1311670.6744497719,11065620.0,49.86883293255502
72.47,1311902.8337433035,11065820.0,49.86880971662567
72.48,1312197.5408980546,11066100.0,49.868780245910195
72.49,1312521.9421602453,11066440.0,49.868747805783975
72.5,1312839.118837701,11066810.0,49.86871608811623
72.51,1313113.3453376975,11067170.0,49.86868866546623
72.52,1313314.3846734185,11067480.0,49.86866856153266
72.53,1313420.315181446,11067710.0,49.868657968481855
72.54,1313419.4115839647,11067850.0,49.8686580588416
72.55,1313310.63318342,11067880.0,49.86866893668166
72.56,1313102.9640030789,11067800.0,49.86868970359969
72.57,1312815.5937296527,11067620.0,49.868718440627035
72.58,1312477.7705989743,11067350.0,49.8687522229401
72.59,1312126.3566997498,11067030.0,49.868787364330025
72.6,1311800.3817795909,11066700.0,49.86881996182204
72.61,1311535.0501688994,11066380.0,49.86884649498311
72.62,1311357.6413700655,11066130.0,49.86886423586299
72.63,1311284.8153163982,11065960.0,49.86887151846836
72.64,1311321.5793686095,11065890.0,49.86886784206314
72.65,1311462.2197319646,11065930.0,49.8688537780268
72.66,1311691.4530142765,11066070.0,49.86883085469857
72.67,1311984.8737228778,11066300.0,49.86880151262771
72.68,1312310.0106615482,11066590.0,49.868768998933845
72.69,1312630.0470342755,11066900.0,49.86873699529657
72.7,1312909.0572746804,11067210.0,49.86870909427253
72.71,1313116.4101715598,11067480.0,49.868688358982844
72.72,1313229.6463682281,11067670.0,49.86867703536318
72.73,1313236.434663878,11067760.0,49.86867635653361
72.74,1313135.151398157,11067750.0,49.868686484860184
72.75,1312934.1915468017,11067620.0,49.86870658084532
72.76,1312652.1438342563,11067400.0,49.868734785616574
72.77,1312317.724833676,11067090.0,49.86876822751663
72.78,1311967.536630263,11066720.0,49.868803246336974
72.79,1311640.701598975,11066340.0,49.8688359298401
72.8,1311372.8077867392,11065970.0,49.868862719221326
72.81,1311191.7047890387,11065670.0,49.868880829521096
72.82,1311114.735073744,11065440.0,49.868888526492626
72.83,1311147.5814381635,11065320.0,49.868885241856184
72.84,1311285.1047573315,11065310.0,49.86887148952427
72.85,1311512.5627844294,11065400.0,49.86884874372156
72.86,1311806.0624973539,11065580.0,49.868819393750265
72.87,1312133.5169157789,11065810.0,49.86878664830842
72.88,1312458.2110614823,11066090.0,49.86875417889385
72.89,1312744.0156070946,11066350.0,49.86872559843929
72.9,1312959.901539159,11066580.0,49.868704009846084
72.91,1313082.8691167552,11066730.0,49.868691713088324
72.92,1313099.975543821,11066790.0,49.86869000244562
72.93,1313009.002119756,11066740.0,49.868699099788024
72.94,1312817.7895320903,11066580.0,49.86871822104679
72.95,1312544.3450633157,11066310.0,49.86874556549367
72.96,1312216.8608147432,11065960.0,49.868778313918526
72.97,1311871.6668749643,11065560.0,49.868812833312504
72.98,1311547.9572250166,11065140.0,49.8688452042775
72.99,1311281.6842797769,11064730.0,49.86887183157202
73.0,1311101.2459665972,11064380.0,49.86888987540334
73.01,1311024.6462415631,11064110.0,49.868897535375844
73.02,1311058.225057593,11063950.0,49.86889417749424
73.03,1311197.3863091464,11063890.0,49.868880261369085
73.04,1311427.8700101778,11063940.0,49.86885721299898
73.05,1311726.2307909527,11064080.0,49.868827376920905
73.06,1312060.7259285322,11064280.0,49.86879392740715
73.07,1312394.7149153992,11064520.0,49.86876052850846
73.08,1312691.844863423,11064750.0,49.86873081551366
73.09,1312920.6753401235,11064940.0,49.86870793246599
73.1,1313057.6585891163,11065070.0,49.86869423414109
73.11,1313089.2319401966,11065100.0,49.86869107680598
73.12,1313012.5681497874,11065020.0,49.86869874318502
73.13,1312834.9680141583,11064840.0,49.868716503198584
73.14,1312573.8990515857,11064550.0,49.86874261009484
73.15,1312257.0342046914,11064180.0,49.86877429657953
73.16,1311920.420214676,11063740.0,49.86880795797853
73.17,1311603.303060167,11063290.0,49.86883966969398
73.18,1311341.9773729618,11062850.0,49.868865802262704
73.19,1311165.367244982,11062470.0,49.8688834632755
73.2,1311092.1188761892,11062170.0,49.86889078811238
73.21,1311129.2160210297,11061970.0,49.8688870783979
73.22,1311272.5967524596,11061880.0,49.868872740324754
73.23,1311508.4779013842,11061900.0,49.86884915220986
73.24,1311813.8582036209,11062010.0,49.86881861417964
73.25,1312157.339114819,11062180.0,49.86878426608852
73.26,1312502.3565383032,11062390.0,49.86874976434617
73.27,1312812.3366644927,11062600.0,49.86871876633355
73.28,1313055.4309119447,11062780.0,49.868694456908806
73.29,1313207.5478180384,11062880.0,49.868679245218196
73.3,1313254.5075261248,11062890.0,49.86867454924739
73.31,1313192.8730901876,11062800.0,49.86868071269098
73.32,1313029.401783723,11062600.0,49.86869705982163
73.33,1312781.0149049424,11062290.0,49.868721898509506
73.34,1312474.856943382,11061890.0,49.86875251430566
73.35,1312146.66817435,11061440.0,49.868785333182565
73.36,1311835.7117824075,11060960.0,49.86881642882176
73.37,1311578.606445636,11060500.0,49.868842139355436
73.38,1311404.7919842876,11060090.0,49.86885952080157
73.39,1311333.5515613046,11059760.0,49.86886664484387
73.4,1311372.5155648126,11059540.0,49.86886274844352
73.41,1311518.166648824,11059420.0,49.86884818333512
73.42,1311757.2138363442,11059410.0,49.868824278616366
73.43,1312067.118493161,11059490.0,49.868793288150684
73.44,1312416.8576476336,11059640.0,49.86875831423524
73.45,1312769.9916024227,11059830.0,49.86872300083976
73.46,1313089.772823659,11060020.0,49.868691022717634
73.47,1313343.976508392,11060170.0,49.86866560234916
73.48,1313507.991671017,11060260.0,49.8686492008329
73.49,1313567.029827496,11060260.0,49.86864329701725
73.5,1313517.0495575466,11060150.0,49.868648295044245
73.51,1313364.266039372,11059930.0,49.86866357339606
73.52,1313125.0564048714,11059600.0,49.86868749435951
73.53,1312826.0393887814,11059190.0,49.86871739606112
73.54,1312502.5865291918,11058720.0,49.86874974134708
73.55,1312193.9097205626,11058220.0,49.868780609027944
73.56,1311936.9107696598,11057730.0,49.868806308923034
73.57,1311761.5279603712,11057300.0,49.86882384720396
73.58,1311687.679044411,11056950.0,49.86883123209556
73.59,1311723.6525521036,11056690.0,49.86882763474479
73.6,1311866.4985427842,11056550.0,49.86881335014572
73.61,1312103.4476804284,11056500.0,49.86878965523196
73.62,1312412.4576272322,11056560.0,49.86875875423728
73.63,1312762.92434535,11056680.0,49.868723707565465
73.64,1313118.5831246483,11056850.0,49.868688141687535
73.65,1313442.5622975244,11057020.0,49.86865574377025
73.66,1313702.2937490884,11057150.0,49.86862977062509
73.67,1313872.671933538,11057220.0,49.868612732806646
73.68,1313938.3091055378,11057200.0,49.868606169089446
73.69,1313894.5662344526,11057070.0,49.868610543376555
73.7,1313747.120460036,11056840.0,49.868625287953996
73.71,1313511.8117503452,11056500.0,49.868648818824965
73.72,1313214.7414662398,11056060.0,49.868678525853376
73.73,1312890.9152116107,11055570.0,49.86871090847884
73.74,1312579.4990580175,11055050.0,49.8687420500942
73.75,1312317.686180293,11054540.0,49.86876823138197
73.76,1312135.9230416373,11054080.0,49.868786407695836
73.77,1312054.7793661074,11053700.0,49.86879452206339
73.78,1312083.2335273037,11053410.0,49.86879167664727
73.79,1312218.943393475,11053240.0,49.86877810566065
73.8,1312449.694594804,11053170.0,49.86875503054052
73.81,1312753.9701551427,11053200.0,49.868724602984486
73.82,1313101.6123413276,11053300.0,49.86868983876587
73.83,1313456.5552827837,11053440.0,49.86865434447172
73.84,1313781.8215032837,11053580.0,49.86862181784967
73.85,1314044.5067746497,11053700.0,49.868595549322535
73.86,1314219.0088947813,11053750.0,49.86857809911052
73.87,1314289.3429922964,11053720.0,49.86857106570077
73.88,1314250.270661148,11053580.0,49.868574972933885
73.89,1314106.924778855,11053320.0,49.868589307522114
73.9,1313874.5973905942,11052970.0,49.86861254026094
73.91,1313578.8571040763,11052520.0,49.86864211428959
73.92,1313254.3244813632,11052010.0,49.868674567551864
73.93,1312940.1003798335,11051470.0,49.86870598996202
73.94,1312673.6523356186,11050940.0,49.86873263476644
73.95,1312485.919741917,11050450.0,49.86875140802581
73.96,1312398.1126312856,11050050.0,49.86876018873687
73.97,1312419.8934420405,11049740.0,49.868758010655796
73.98,1312549.5258134378,11049540.0,49.868745047418656
73.99,1312775.349501365,11049450.0,49.86872246504986
74.0,1313076.3731334128,11049450.0,49.86869236268666
74.01,1313422.8839828665,11049530.0,49.86865771160171
74.02,1313779.011290066,11049660.0,49.86862209887099
74.03,1314107.6660024708,11049790.0,49.86858923339975
74.04,1314375.6019442065,11049890.0,49.86856243980558
74.05,1314556.7151543247,11049940.0,49.86854432848457
74.06,1314634.4172417913,11049890.0,49.86853655827582
74.07,1314602.858046925,11049740.0,49.86853971419531
74.08,1314466.607446292,11049480.0,49.86855333925537
74.09,1314240.385414749,11049120.0,49.868575961458525
74.1,1313949.199088924,11048660.0,49.86860508009111
74.11,1313627.2512609537,11048140.0,49.868637274873905
74.12,1313313.5450396338,11047590.0,49.86866864549604
74.13,1313045.7942735774,11047050.0,49.86869542057264
74.14,1312855.4075083798,11046550.0,49.86871445924916
74.15,1312764.2142718798,11046130.0,49.86872357857281
74.16,1312782.5461855736,11045800.0,49.86872174538144
74.17,1312909.2645501571,11045590.0,49.868709073544984
74.18,1313133.2580888255,11045480.0,49.86868667419112
74.19,1313434.0559830093,11045470.0,49.8686565944017
74.2,1313782.386921858,11045540.0,49.868621761307814
74.21,1314142.5732131752,11045660.0,49.86858574267868
74.22,1314477.410779702,11045780.0,49.86855225892203
74.23,1314753.3075724028,11045880.0,49.86852466924276
74.24,1314943.6553406701,11045920.0,49.86850563446593
74.25,1315031.2534965992,11045880.0,49.86849687465034
74.26,1315009.6208525498,11045730.0,49.868499037914745
74.27,1314882.7468994996,11045470.0,49.86851172531005
74.28,1314664.7611528551,11045110.0,49.868533523884714
74.29,1314380.0890394174,11044660.0,49.86856199109606
74.3,1314062.493872825,11044130.0,49.86859375061272
74.31,1313750.862263916,11043580.0,49.86862491377361
74.32,1313483.1438210881,11043030.0,49.86865168561789
74.33,1313291.2152896381,11042530.0,49.868670878471036
74.34,1313197.5280312956,11042100.0,49.86868024719687
74.35,1313213.0853355762,11041770.0,49.86867869146644
74.36,1313337.3529078085,11041550.0,49.86866626470922
74.37,1313559.778357316,11041440.0,49.86864402216427
74.38,1313860.4231333772,11041430.0,49.86861395768666
74.39,1314210.4716140323,11041490.0,49.8685789528386
74.4,1314574.4530816472,11041610.0,49.868542554691835
74.41,1314915.06002682,11041740.0,49.86850849399732
74.42,1315198.3622889675,11041840.0,49.8684801637711
74.43,1315397.2553408267,11041890.0,49.86846027446592
74.44,1315493.929158862,11041860.0,49.868450607084114
74.45,1315481.2657305826,11041720.0,49.86845187342694
74.46,1315362.669849094,11041480.0,49.86846373301509
74.47,1315151.676074251,11041130.0,49.868484832392575
74.48,1314872.1227505433,11040690.0,49.868512787724946
74.49,1314557.3274992728,11040180.0,49.86854426725007
74.5,1314246.054249253,11039630.0,49.868575394575075
74.51,1313976.4873563563,11039090.0,49.868602351264364
74.52,1313780.9743699336,11038600.0,49.86862190256301
74.53,1313682.59331623,11038180.0,49.86863174066838
74.54,1313693.0262102452,11037850.0,49.868630697378975
74.55,1313812.3560295866,11037640.0,49.86861876439704
74.56,1314030.572651319,11037530.0,49.86859694273487
74.57,1314328.2644240628,11037530.0,49.868567173557594
74.58,1314677.0719495749,11037610.0,49.86853229280504
74.59,1315041.7429984885,11037740.0,49.86849582570015
74.6,1315384.8828903846,11037880.0,49.86846151171096
74.61,1315672.2245978613,11038010.0,49.868432777540214
74.62,1315876.1728707447,11038080.0,49.868412382712926
74.63,1315978.315580253,11038070.0,49.868402168441975
74.64,1315970.907058386,11037960.0,49.86840290929416
74.65,1315856.791639618,11037740.0,49.86841432083604
74.66,1315648.9600587662,11037420.0,49.86843510399412
74.67,1315370.7184189756,11037000.0,49.8684629281581
74.68,1315054.9640434405,11036520.0,49.868494503595656
74.69,1314740.3509805144,11036000.0,49.86852596490195
74.7,1314465.3054802546,11035490.0,49.868553469451975
74.71,1314262.6480871656,11035010.0,49.86857373519128
74.72,1314156.0835209987,11034610.0,49.8685843916479
74.73,1314157.976384891,11034310.0,49.86858420236151
74.74,1314269.038353686,11034120.0,49.86857309616463
74.75,1314479.7767332506,11034040.0,49.868552022326675
74.76,1314771.2664237332,11034060.0,49.86852287335763
74.77,1315115.5913332247,11034160.0,49.86848844086668
74.78,1315477.7207149237,11034330.0,49.86845222792851
74.79,1315820.1845710948,11034510.0,49.86841798154289
74.8,1316108.3941376717,11034670.0,49.86838916058623
74.81,1316314.2799667327,11034780.0,49.86836857200333
74.82,1316418.8439538549,11034810.0,49.868358115604615
74.83,1316413.723617984,11034750.0,49.8683586276382
74.84,1316301.208453865,11034570.0,49.86836987915461
74.85,1316093.7461832133,11034300.0,49.86839062538168
74.86,1315814.1073068918,11033930.0,49.86841858926931
74.87,1315494.761360867,11033480.0,49.86845052386391
74.88,1315174.241863062,11033010.0,49.868482575813694
74.89,1314891.205847175,11032530.0,49.86851087941528
74.9,1314678.937161915,11032100.0,49.86853210628381
74.91,1314561.759320938,11031740.0,49.868543824067906
74.92,1314552.7293215764,11031480.0,49.86854472706784
74.93,1314653.2008516942,11031330.0,49.86853467991483
74.94,1314854.2063514413,11031290.0,49.868514579364856
74.95,1315137.3052392756,11031350.0,49.86848626947607
74.96,1315475.0330203057,11031500.0,49.86845249669797
74.97,1315832.593252395,11031710.0,49.86841674067476
74.98,1316172.4530731079,11031950.0,49.86838275469269
74.99,1316459.7119877187,11032160.0,49.86835402880123
75.0,1316665.837085722,11032330.0,49.86833341629143
75.01,1316771.2544009902,11032420.0,49.8683228745599
75.02,1316766.9900823853,11032420.0,49.86832330099176
75.03,1316654.7763368897,11032300.0,49.86833452236631
75.04,1316446.5092482658,11032090.0,49.86835534907517
75.05,1316164.411848959,11031780.0,49.868383558815104
75.06,1315840.5049951938,11031400.0,49.86841594950048
75.07,1315513.1703490496,11030980.0,49.868448682965095
75.08,1315221.2667215934,11030560.0,49.86847787332784
75.09,1314998.5199788006,11030180.0,49.86850014800212
75.1,1314869.8553970207,11029880.0,49.8685130144603
75.11,1314849.0219058574,11029670.0,49.868515097809414
75.12,1314938.0221527452,11029570.0,49.868506197784725
75.13,1315128.4258681529,11029590.0,49.868487157413185
75.14,1315402.290578689,11029710.0,49.86845977094213
75.15,1315732.618525942,11029920.0,49.868426738147406
75.16,1316084.8973064532,11030190.0,49.868391510269355
75.17,1316421.598977371,11030490.0,49.86835784010226
75.18,1316707.5512416204,11030770.0,49.86832924487584
75.19,1316913.7817252618,11031010.0,49.868308621827474
75.2,1317020.154291839,11031170.0,49.868297984570816
75.21,1317017.0857444673,11031240.0,49.86829829142555
75.22,1316905.742908432,11031200.0,49.86830942570916
75.23,1316697.4547207388,11031050.0,49.868330254527926
75.24,1316413.8737038656,11030820.0,49.86835861262961
75.25,1316086.5283669664,11030510.0,49.8683913471633
75.26,1315753.5857664016,11030160.0,49.86842464142336
75.27,1315454.041539539,11029810.0,49.868454595846046
75.28,1315222.0206134757,11029490.0,49.86847779793865
75.29,1315083.0194719988,11029250.0,49.8684916980528
75.3,1315051.458263241,11029110.0,49.868494854173676
75.31,1315129.9790665405,11029070.0,49.868487002093346
75.32,1315310.6880795206,11029150.0,49.86846893119205
75.33,1315576.1434097001,11029340.0,49.86844238565903
75.34,1315899.8199516959,11029610.0,49.86841001800483
75.35,1316247.5479600034,11029950.0,49.868375245204
75.36,1316581.8617311942,11030320.0,49.86834181382688
75.37,1316867.3575219715,11030670.0,49.8683132642478
75.38,1317074.646533243,11030980.0,49.868292535346676
75.39,1317183.0382019323,11031220.0,49.86828169617981
75.4,1317182.3317778574,11031360.0,49.868281766822214
75.41,1317073.1094401588,11031390.0,49.868292689055984
75.42,1316866.1108129243,11031320.0,49.86831338891871
75.43,1316582.3919367625,11031160.0,49.868341760806324
75.44,1316252.9609612506,11030920.0,49.868374703903875
75.45,1315915.74180419,11030640.0,49.86840842581958
75.46,1315609.840981793,11030360.0,49.86843901590182
75.47,1315369.760979479,11030110.0,49.86846302390205
75.48,1315221.5499359698,11029930.0,49.8684778450064
75.49,1315180.2849166926,11029850.0,49.86848197150833
75.5,1315249.2418592488,11029880.0,49.868475075814075
75.51,1315421.0647951458,11030020.0,49.868457893520485
75.52,1315678.8184083013,11030260.0,49.86843211815917
75.53,1315996.4570746752,11030600.0,49.86840035429253
75.54,1316340.1616693449,11031000.0,49.868365983833066
75.55,1316672.537008614,11031430.0,49.86833274629914
75.56,1316957.9543952637,11031850.0,49.868304204560474
75.57,1317166.6143456663,11032220.0,49.86828333856543
75.58,1317277.2728378135,11032530.0,49.86827227271622
75.59,1317279.1021982278,11032740.0,49.86827208978018
75.6,1317172.0838370505,11032840.0,49.868282791616295
75.61,1316966.3541300024,11032840.0,49.868303364587
75.62,1316682.3585205378,11032740.0,49.868331764147946
75.63,1316350.5690059196,11032560.0,49.86836494309941
75.64,1316008.6509810043,11032340.0,49.8683991349019
75.65,1315695.8090542757,11032120.0,49.86843041909457
75.66,1315446.9122312663,11031920.0,49.86845530877687
75.67,1315288.5525549606,11031800.0,49.868471144744504
75.68,1315236.4692390962,11031760.0,49.86847635307609
75.69,1315294.5929997629,11031840.0,49.868470540700024
75.7,1315456.1241170627,11032020.0,49.868454387588294
75.71,1315704.6528700534,11032320.0,49.868429534712995
75.72,1316014.6334052314,11032700.0,49.86839853665948
75.73,1316352.6180578345,11033150.0,49.86836473819422
75.74,1316681.3015390488,11033620.0,49.868331869846095
75.75,1316964.8475326311,11034090.0,49.86830351524674
75.76,1317173.0606906351,11034520.0,49.86828269393094
75.77,1317284.1570737148,11034870.0,49.86827158429263
75.78,1317286.6924840321,11035130.0,49.8682713307516
75.79,1317180.05306638,11035290.0,49.86828199469336
75.8,1316973.7739274723,11035330.0,49.86830262260725
75.81,1316687.6893669155,11035280.0,49.86833123106331
75.82,1316351.7324534978,11035150.0,49.86836482675465
75.83,1316003.3057513232,11034970.0,49.86839966942487
75.84,1315681.7079833162,11034780.0,49.86843182920167
75.85,1315422.1810454912,11034630.0,49.86845778189545
75.86,1315251.8779260446,11034530.0,49.868474812207396
75.87,1315187.2111635753,11034530.0,49.86848127888364
75.88,1315232.7809503106,11034630.0,49.86847672190497
75.89,1315382.3584681135,11034840.0,49.86846176415319
75.9,1315620.0748731806,11035160.0,49.86843799251268
75.91,1315920.9000404105,11035570.0,49.86840790999596
75.92,1316251.7745136172,11036050.0,49.86837482254864
75.93,1316575.497829575,11036550.0,49.86834245021704
75.94,1316856.0333862444,11037050.0,49.868314396661376
75.95,1317062.789804808,11037510.0,49.86829372101952
75.96,1317173.4425959869,11037890.0,49.8682826557404
75.97,1317175.9328240284,11038180.0,49.8682824067176
75.98,1317069.0504787785,11038370.0,49.86829309495212
75.99,1316861.7256945935,11038440.0,49.86831382743054
76.0,1316573.1752476261,11038420.0,49.86834268247524
76.01,1316232.7838471555,11038310.0,49.868376721615284
76.02,1315877.6795533812,11038150.0,49.86841223204466
76.03,1315547.2430152316,11037980.0,49.86844527569848
76.04,1315277.0794745549,11037840.0,49.868472292052545
76.05,1315094.895238218,11037760.0,49.86849051047618
76.06,1315017.7701566434,11037760.0,49.868498222984336
76.07,1315050.973044336,11037870.0,49.868494902695566
76.08,1315188.8505232988,11038090.0,49.86848111494767
76.09,1315416.0812602101,11038420.0,49.86845839187398
76.1,1315708.1591469222,11038830.0,49.86842918408531
76.11,1316032.423002511,11039320.0,49.86839675769975
76.12,1316351.7863530673,11039830.0,49.86836482136469
76.13,1316630.0173701728,11040340.0,49.86833699826298
76.14,1316836.1318486887,11040810.0,49.86831638681513
76.15,1316947.266504016,11041200.0,49.8683052733496
76.16,1316950.748891017,11041500.0,49.8683049251109
76.17,1316844.771022474,11041700.0,49.86831552289775
76.18,1316637.6839928518,11041780.0,49.868336231600715
76.19,1316348.1023386936,11041770.0,49.86836518976613
76.2,1316004.8698435389,11041670.0,49.868399513015646
76.21,1315644.8351058003,11041520.0,49.86843551648942
76.22,1315307.4508994678,11041340.0,49.86846925491005
76.23,1315028.673021885,11041200.0,49.86849713269781
76.24,1314836.747188508,11041110.0,49.86851632528115
76.25,1314749.4077504263,11041110.0,49.86852505922496
76.26,1314772.5844198987,11041210.0,49.86852274155801
76.27,1314901.1851709958,11041420.0,49.8685098814829
76.28,1315120.4075151668,11041740.0,49.86848795924848
76.29,1315406.2390055542,11042140.0,49.868459376099445
76.3,1315726.4019979208,11042620.0,49.86842735980021
76.31,1316043.917564187,11043120.0,49.86839560824358
76.32,1316322.356724342,11043630.0,49.868367764327566
76.33,1316530.3431371455,11044090.0,49.868346965686285
76.34,1316644.4773048623,11044480.0,49.868335552269514
76.35,1316651.47532118,11044780.0,49.86833485246788
76.36,1316548.928095216,11044970.0,49.86834510719048
76.37,1316344.6425327407,11045060.0,49.868365535746726
76.38,1316056.6777066407,11045030.0,49.868394332229336
76.39,1315713.3558841848,11044930.0,49.86842866441158
76.4,1315351.246950911,11044760.0,49.86846487530491
76.41,1315009.8656222299,11044580.0,49.86849901343778
76.42,1314725.5130853353,11044420.0,49.86852744869147
76.43,1314526.9665482573,11044310.0,49.868547303345174
76.44,1314432.6073619083,11044290.0,49.86855673926381
76.45,1314449.0183216818,11044370.0,49.86855509816783
76.46,1314571.6568961774,11044560.0,49.86854283431038
76.47,1314786.2172809255,11044860.0,49.86852137827191
76.48,1315069.154673978,11045240.0,49.8684930845326
76.49,1315388.561998816,11045700.0,49.86846114380012
76.5,1315707.5597044355,11046190.0,49.86842924402956
76.51,1315989.516322489,11046680.0,49.86840104836775
76.52,1316202.6615096778,11047130.0,49.86837973384903
76.53,1316323.0600234498,11047510.0,49.868367693997655
76.54,1316336.8126809872,11047790.0,49.8683663187319
76.55,1316240.9017257914,11047970.0,49.86837590982742
76.56,1316042.5904295892,11048040.0,49.86839574095704
76.57,1315759.3919216737,11048000.0,49.86842406080783
76.58,1315419.1010998061,11047880.0,49.86845808989002
76.59,1315057.9960302622,11047690.0,49.868494200396974
76.6,1314715.6369516465,11047490.0,49.868528436304835
76.61,1314428.6656056182,11047300.0,49.86855713343944
76.62,1314226.3842877354,11047170.0,49.868577361571226
76.63,1314127.815788595,11047120.0,49.86858721842114
76.64,1314140.1926533547,11047170.0,49.868585980734665
76.65,1314259.5201209418,11047340.0,49.868574047987906
76.66,1314471.989333441,11047600.0,49.868552801066656
76.67,1314754.5242689063,11047960.0,49.86852454757311
76.68,1315075.5895352971,11048390.0,49.86849244104647
76.69,1315398.4073871071,11048860.0,49.86846015926129
76.7,1315686.1455276215,11049320.0,49.86843138544724
76.71,1315906.6408956477,11049750.0,49.868409335910435
76.72,1316035.4253323448,11050110.0,49.868396457466766
76.73,1316057.965837416,11050370.0,49.86839420341626
76.74,1315970.6185603426,11050530.0,49.868402938143966
76.75,1315780.084190976,11050580.0,49.8684219915809
76.76,1315503.3151993933,11050520.0,49.86844966848006
76.77,1315167.566429878,11050370.0,49.86848324335701
76.78,1314808.7999072545,11050160.0,49.868519120009275
76.79,1314466.588141414,11049930.0,49.86855334118586
76.8,1314177.89614801,11049720.0,49.8685822103852
76.81,1313972.5419785008,11049550.0,49.86860274580215
76.82,1313870.1882004966,11049470.0,49.86861298117995
76.83,1313878.7262342789,11049480.0,49.86861212737657
76.84,1313994.7270197894,11049610.0,49.86860052729802
76.85,1314204.8962436093,11049840.0,49.86857951037564
76.86,1314486.6449849247,11050160.0,49.86855133550151
76.87,1314808.840556907,11050560.0,49.86851911594431
76.88,1315134.8564618104,11050990.0,49.86848651435382
76.89,1315427.7082746546,11051420.0,49.868457229172535
76.9,1315654.8713979532,11051820.0,49.868434512860205
76.91,1315791.368780168,11052160.0,49.86842086312198
76.92,1315822.0509587438,11052390.0,49.868417794904126
76.93,1315742.6579532938,11052520.0,49.86842573420467
76.94,1315559.3329989302,11052540.0,49.86844406670011
76.95,1315288.4698974532,11052460.0,49.868471153010255
76.96,1314956.7827036178,11052280.0,49.86850432172964
76.97,1314599.8485636313,11052040.0,49.86854001514364
76.98,1314257.1752214849,11051770.0,49.86857428247785
76.99,1313966.0012394215,11051520.0,49.86860339987606
77.0,1313756.6346507866,11051310.0,49.86862433653492
77.01,1313649.372878274,11051180.0,49.86863506271217
77.02,1313652.782272854,11051160.0,49.868634721772715
77.03,1313764.0264653782,11051240.0,49.86862359735346
77.04,1313970.3507532375,11051430.0,49.868602964924676
77.05,1314249.6781696877,11051710.0,49.86857503218303
77.06,1314571.3093349088,11052060.0,49.86854286906651
77.07,1314898.8043155186,11052450.0,49.86851011956845
77.08,1315195.0611421627,11052850.0,49.868480493885784
77.09,1315427.2172821634,11053210.0,49.868457278271784
77.1,1315569.8067539844,11053500.0,49.8684430193246
77.11,1315607.0797177223,11053710.0,49.86843929202823
77.12,1315534.1706202962,11053800.0,49.86844658293797
77.13,1315356.6713798882,11053780.0,49.86846433286201
77.14,1315090.4199797253,11053660.0,49.86849095800203
77.15,1314761.5910632738,11053440.0,49.86852384089367
77.16,1314405.3720016303,11053160.0,49.86855946279984
77.17,1314061.2010220564,11052850.0,49.868593879897794
77.18,1313766.587385601,11052550.0,49.86862334126144
77.19,1313552.3282814887,11052300.0,49.86864476717185
77.2,1313439.3575302283,11052120.0,49.86865606424698
77.21,1313436.9219460497,11052050.0,49.868656307805395
77.22,1313542.7877820404,11052080.0,49.868645721221796
77.23,1313744.7532042756,11052210.0,49.86862552467957
77.24,1314021.2669758,11052440.0,49.86859787330242
77.25,1314342.078329176,11052740.0,49.86856579216708
77.26,1314670.9479097042,11053090.0,49.86853290520903
77.27,1314970.6678481011,11053440.0,49.86850293321519
77.28,1315208.0487792972,11053750.0,49.86847919512207
77.29,1315357.1466006043,11054000.0,49.86846428533994
77.3,1315401.615246259,11054170.0,49.868459838475374
77.31,1315335.9759878924,11054220.0,49.86846640240121
77.32,1315165.2615476905,11054160.0,49.86848347384523
77.33,1314904.7455483754,11053990.0,49.86850952544516
77.34,1314580.0507612647,11053730.0,49.86854199492387
77.35,1314225.9587245774,11053400.0,49.86857740412754
77.36,1313881.8230246585,11053040.0,49.868611817697534
77.37,1313585.410811271,11052690.0,49.86864145891887
77.38,1313367.9980238355,11052380.0,49.86866320019762
77.39,1313251.1453996897,11052150.0,49.86867488546003
77.4,1313244.7751311816,11052020.0,49.86867552248688
77.41,1313347.2563514914,11051990.0,49.86866527436485
77.42,1313546.9423409773,11052070.0,49.8686453057659
77.43,1313822.810327636,11052240.0,49.868617718967236
77.44,1314145.0596172176,11052490.0,49.86858549403828
77.45,1314477.6531934354,11052780.0,49.86855223468066
77.46,1314783.2782030378,11053070.0,49.868521672179696
77.47,1315028.4134628975,11053340.0,49.86849715865371
77.48,1315186.6266352385,11053540.0,49.868481337336476
77.49,1315240.964092652,11053650.0,49.868475903590735
77.5,1315185.3157645378,11053660.0,49.868481468423546
77.51,1315024.1394158257,11053550.0,49.86849758605842
77.52,1314772.1265022482,11053330.0,49.868522787349775
77.53,1314454.330196142,11053020.0,49.868554566980386
77.54,1314105.106240504,11052640.0,49.86858948937595
77.55,1313763.7042101603,11052220.0,49.868623629578984
77.56,1313468.1338077313,11051810.0,49.86865318661923
77.57,1313250.1369798176,11051440.0,49.86867498630202
77.58,1313131.8920830637,11051150.0,49.868686810791694
77.59,1313123.992187144,11050950.0,49.868687600781286
77.6,1313225.411174841,11050860.0,49.868677458882516
77.61,1313425.0619391708,11050880.0,49.86865749380608
77.62,1313702.4555501142,11050980.0,49.86862975444499
77.63,1314028.2490530808,11051170.0,49.86859717509469
77.64,1314366.614716249,11051400.0,49.868563338528375
77.65,1314680.1406123387,11051640.0,49.868531985938766
77.66,1314934.9755941841,11051840.0,49.86850650244058
77.67,1315104.1978770907,11051990.0,49.86848958021229
77.68,1315170.2504887197,11052050.0,49.86848297495113
77.69,1315126.3927854018,11052000.0,49.86848736072146
77.7,1314976.504351293,11051830.0,49.86850234956487
77.71,1314734.6883900468,11051560.0,49.868526531160995
77.72,1314425.4180468095,11051190.0,49.86855745819532
77.73,1314082.610915861,11050750.0,49.868591738908414
77.74,1313745.4003261696,11050280.0,49.86862545996738
77.75,1313452.0292847895,11049800.0,49.86865479707152
77.76,1313234.6982472853,11049370.0,49.86867653017527
77.77,1313116.197440749,11049000.0,49.868688380255925
77.78,1313107.790739423,11048740.0,49.86868922092606
77.79,1313209.0614919178,11048580.0,49.86867909385081
77.8,1313409.4807342933,11048520.0,49.86865905192657
77.81,1313689.0971035343,11048560.0,49.86863109028965
77.82,1314019.0312671508,11048680.0,49.868598096873285
77.83,1314363.6752887743,11048840.0,49.86856363247112
77.84,1314685.5294063897,11049010.0,49.86853144705936
77.85,1314950.42304266,11049160.0,49.868504957695734
77.86,1315130.956556345,11049250.0,49.868486904344365
77.87,1315208.981216358,11049240.0,49.868479101878364
77.88,1315177.1335199669,11049140.0,49.868482286648
77.89,1315038.7261903519,11048920.0,49.868496127380965
77.9,1314807.2952072453,11048580.0,49.868519270479275
77.91,1314506.752715019,11048160.0,49.8685493247285
77.92,1314170.58105896,11047660.0,49.868582941894104
77.93,1313837.7946310698,11047120.0,49.86861622053689
77.94,1313546.870157083,11046570.0,49.86864531298429
77.95,1313330.4752108187,11046070.0,49.86866695247892
77.96,1313212.0213267484,11045640.0,49.868678797867325
77.97,1313203.448752276,11045300.0,49.86867965512477
77.98,1313304.9586966906,11045070.0,49.86866950413033
77.99,1313506.5392074806,11044950.0,49.86864934607925
78.0,1313788.7364745638,11044920.0,49.868621126352544
78.01,1314123.10889246,11044980.0,49.868587689110754
78.02,1314474.2585794234,11045080.0,49.86855257414206
78.03,1314804.5970584122,11045190.0,49.86851954029416
78.04,1315079.6393755826,11045280.0,49.86849203606244
78.05,1315271.5160838824,11045310.0,49.86847284839161
78.06,1315361.4977433393,11045250.0,49.868463850225666
78.07,1315341.6057009792,11045090.0,49.8684658394299
78.08,1315214.5964348705,11044820.0,49.86847854035651
78.09,1314993.459355591,11044430.0,49.86850065406444
78.1,1314701.5678036667,11043950.0,49.86852984321963
78.11,1314371.9727591474,11043400.0,49.868562802724085
78.12,1314043.564775247,11042800.0,49.868595643522475
78.13,1313755.0471707017,11042210.0,49.86862449528293
78.14,1313539.5476641776,11041650.0,49.86864604523358
78.15,1313421.0947230684,11041160.0,49.86865789052769
78.16,1313412.3211005998,11040760.0,49.86865876788994
78.17,1313514.0631497677,11040480.0,49.86864859368502
78.18,1313716.820472024,11040300.0,49.8686283179528
78.19,1314001.6041045755,11040220.0,49.86859983958954
78.2,1314340.4005306535,11040220.0,49.868565959946935
78.21,1314698.0225285175,11040270.0,49.86853019774715
78.22,1315036.7974773757,11040330.0,49.86849632025226
78.23,1315321.9126035508,11040380.0,49.868467808739645
78.24,1315525.0231589833,11040370.0,49.8684474976841
78.25,1315626.8160197015,11040280.0,49.86843731839803
78.26,1315618.695170997,11040080.0,49.8684381304829
78.27,1315502.8567859973,11039770.0,49.8684497143214
78.28,1315291.7377263408,11039360.0,49.868470826227366
78.29,1315008.1625801846,11038840.0,49.86849918374198
78.3,1314684.7377217342,11038250.0,49.86853152622783
78.31,1314360.216273087,11037620.0,49.86856397837269
78.32,1314073.5172655126,11036990.0,49.86859264827345
78.33,1313858.2189456115,11036400.0,49.86861417810544
78.34,1313738.9593602933,11035870.0,49.86862610406397
78.35,1313729.0668239389,11035440.0,49.868627093317606
78.36,1313830.022074214,11035120.0,49.86861699779258
78.37,1314032.8520874789,11034900.0,49.86859671479125
78.38,1314319.051020405,11034790.0,49.86856809489796
78.39,1314661.0534796822,11034760.0,49.86853389465203
78.4,1315023.902183654,11034790.0,49.868497609781635
78.41,1315369.8587448304,11034840.0,49.86846301412552
78.42,1315663.7978104868,11034860.0,49.86843362021895
78.43,1315876.9132338932,11034840.0,49.86841230867661
78.44,1315989.3208757723,11034740.0,49.86840106791242
78.45,1315991.8162959628,11034530.0,49.868400818370404
78.46,1315886.0371002133,11034220.0,49.86841139628998
78.47,1315683.8631365986,11033790.0,49.86843161368634
78.48,1315407.5607991444,11033270.0,49.868459243920086
78.49,1315089.273716339,11032680.0,49.868491072628366
78.5,1314767.589987369,11032040.0,49.86852324100126
78.51,1314481.618438421,11031400.0,49.86855183815616
78.52,1314265.3690445628,11030800.0,49.868573463095544
78.53,1314144.0751138588,11030260.0,49.868585592488614
78.54,1314131.7524876683,11029820.0,49.86858682475123
78.55,1314230.5275253109,11029490.0,49.86857694724747
78.56,1314431.9629686407,11029280.0,49.868556803703136
78.57,1314718.0489918496,11029160.0,49.868528195100815
78.58,1315061.684642771,11029140.0,49.86849383153572
78.59,1315428.1964993686,11029170.0,49.86845718035006
78.6,1315779.8529151422,11029220.0,49.868422014708486
78.61,1316081.2602699678,11029260.0,49.868391873973
78.62,1316303.1797907364,11029260.0,49.868369682020926
78.63,1316425.1674253792,11029170.0,49.86835748325746
78.64,1316437.399243,11028980.0,49.8683562600757
78.65,1316340.9311852802,11028690.0,49.86836590688147
78.66,1316147.0650744177,11028290.0,49.86838529349256
78.67,1315877.4860752232,11027800.0,49.86841225139248
78.68,1315563.8349005727,11027220.0,49.86844361650994
78.69,1315244.4747969129,11026610.0,49.86847555252031
78.7,1314958.6435120853,11026000.0,49.86850413564879
78.71,1314740.74596305,11025420.0,49.868525925403695
78.72,1314616.584465753,11024910.0,49.868538341553425
78.73,1314600.8511514396,11024490.0,49.868539914884856
78.74,1314696.3227554664,11024190.0,49.86853036772445
78.75,1314895.107715941,11024000.0,49.868510489228406
78.76,1315179.7054510438,11023910.0,49.868482029454896
78.77,1315523.4943313587,11023920.0,49.868447650566864
78.78,1315892.1507054088,11023980.0,49.86841078492946
78.79,1316248.0131158815,11024080.0,49.86837519868841
78.8,1316555.4647747513,11024160.0,49.868344453522525
78.81,1316784.861845548,11024190.0,49.868321513815445
78.82,1316915.215729253,11024160.0,49.868308478427075
78.83,1316936.086179794,11024020.0,49.86830639138202
78.84,1316847.9396658484,11023780.0,49.868315206033415
78.85,1316661.4845098935,11023440.0,49.86833385154901
78.86,1316397.8038810599,11022990.0,49.868360219611894
78.87,1316088.0101098372,11022480.0,49.868391198989016
78.88,1315770.2151659124,11021920.0,49.86842297848341
78.89,1315483.761763545,11021350.0,49.868451623823645
78.9,1315263.428378728,11020820.0,49.86847365716213
78.91,1315135.568052881,11020360.0,49.86848644319471
78.92,1315115.5436285932,11020000.0,49.86848844563714
78.93,1315206.7934812806,11019750.0,49.86847932065187
78.94,1315401.9814912488,11019610.0,49.868459801850875
78.95,1315684.1254739505,11019580.0,49.868431587452605
78.96,1316027.091900267,11019640.0,49.86839729080997
78.97,1316396.9146908273,11019770.0,49.86836030853092
78.98,1316756.008055222,11019920.0,49.86832439919448
78.99,1317068.5347861166,11020070.0,49.86829314652139
79.0,1317304.446606471,11020180.0,49.86826955533935
79.01,1317442.210892068,11020210.0,49.86825577891079
79.02,1317470.7672148144,11020150.0,49.86825292327852
79.03,1317389.9814999145,11019980.0,49.86826100185001
79.04,1317209.953177496,11019710.0,49.86827900468225
79.05,1316951.1439419778,11019340.0,49.8683048856058
79.06,1316644.1151143005,11018900.0,49.86833558848857
79.07,1316326.7037871408,11018420.0,49.868367329621286
79.08,1316038.33512159,11017930.0,49.86839616648784
79.09,1315814.1410701063,11017470.0,49.86841858589299
79.1,1315681.0077595082,11017080.0,49.86843189922405
79.11,1315654.955922625,11016780.0,49.86843450440774
79.12,1315740.080631045,11016600.0,49.868425991936896
79.13,1315929.6024594624,11016530.0,49.868407039754054
79.14,1316207.063742354,11016570.0,49.868379293625765
79.15,1316546.8289832205,11016700.0,49.86834531710168
79.16,1316915.3024597336,11016900.0,49.86830846975403
79.17,1317274.987461232,11017140.0,49.86827250125388
79.18,1317589.8379208206,11017360.0,49.86824101620792
79.19,1317829.4116645616,11017550.0,49.868217058833544
79.2,1317971.64125949,11017670.0,49.86820283587405
79.21,1318004.851928478,11017690.0,49.86819951480715
79.22,1317928.3112249607,11017610.0,49.868207168877504
79.23,1317751.5089077475,11017430.0,49.868224849109225
79.24,1317494.2815799539,11017150.0,49.868250571842005
79.25,1317186.633431433,11016790.0,49.86828133665686
79.26,1316866.1196187513,11016380.0,49.868313388038125
79.27,1316572.2422620263,11015970.0,49.8683427757738
79.28,1316340.48145294,11015590.0,49.868365951854706
79.29,1316198.2510460746,11015280.0,49.86838017489539
79.3,1316162.226719797,11015060.0,49.86838377732802
79.31,1316237.1634908966,11014950.0,49.86837628365091
79.32,1316416.8499289986,11014950.0,49.8683583150071
79.33,1316685.3700060698,11015070.0,49.86833146299939
79.34,1317017.6068760497,11015270.0,49.868298239312395
79.35,1317380.3579891797,11015550.0,49.86826196420108
79.36,1317736.2372003642,11015860.0,49.868226376279964
79.37,1318049.007987554,11016170.0,49.868195099201245
79.38,1318287.851054123,11016440.0,49.86817121489459
79.39,1318430.1786815666,11016640.0,49.86815698213184
79.4,1318463.7135951505,11016750.0,49.868153628640485
79.41,1318387.132719181,11016750.0,49.86816128672808
79.42,1318209.3214873448,11016650.0,49.868179067851266
79.43,1317949.4950723837,11016450.0,49.86820505049276
79.44,1317637.100923008,11016180.0,49.8682362899077
79.45,1317309.4098967654,11015850.0,49.86826905901032
79.46,1317005.9989420935,11015520.0,49.86829940010579
79.47,1316762.7045815068,11015210.0,49.86832372954185
79.48,1316607.4879053724,11014960.0,49.86833925120946
79.49,1316557.6890735764,11014810.0,49.86834423109264
79.5,1316618.7327859546,11014770.0,49.868338126721405
79.51,1316784.987282631,11014850.0,49.86832150127174
79.52,1317041.090462183,11015030.0,49.86829589095378
79.53,1317362.4583737364,11015310.0,49.868263754162626
79.54,1317716.2973122592,11015650.0,49.868228370268774
79.55,1318065.3449520464,11016040.0,49.868193465504795
79.56,1318373.1795289333,11016420.0,49.86816268204711
79.57,1318608.6006066944,11016760.0,49.86813913993933
79.58,1318748.4953918017,11017040.0,49.86812515046082
79.59,1318779.9817746538,11017230.0,49.868122001822535
79.6,1318701.1416909655,11017310.0,49.8681298858309
79.61,1318520.3046577242,11017280.0,49.86814796953423
79.62,1318256.1007551642,11017160.0,49.868174389924484
79.63,1317937.4456978366,11016960.0,49.868206255430216
79.64,1317601.3325582403,11016700.0,49.868239866744176
79.65,1317287.4087176467,11016430.0,49.868271259128235
79.66,1317031.8581799024,11016190.0,49.86829681418201
79.67,1316863.1786544437,11016010.0,49.868313682134556
79.68,1316799.3618412765,11015920.0,49.86832006381587
79.69,1316846.4938792824,11015940.0,49.86831535061207
79.7,1316999.5022141733,11016070.0,49.86830004977858
79.71,1317243.5317754606,11016320.0,49.868275646822454
79.72,1317554.4791857875,11016660.0,49.86824455208142
79.73,1317899.9342203212,11017060.0,49.86821000657797
79.74,1318242.7448504798,11017510.0,49.86817572551495
79.75,1318546.2948194272,11017960.0,49.86814537051806
79.76,1318778.9954699269,11018370.0,49.86812210045301
79.77,1318917.2020564398,11018710.0,49.868108279794356
79.78,1318947.4190437521,11018960.0,49.868105258095625
79.79,1318867.122486509,11019110.0,49.86811328775135
79.8,1318684.1018428907,11019150.0,49.86813158981571
79.81,1318416.4459264735,11019090.0,49.86815835540735
79.82,1318092.549634784,11018950.0,49.86819074503652
79.83,1317749.1222753446,11018760.0,49.868225087772466
79.84,1317425.8677041451,11018550.0,49.868257413229585
79.85,1317159.3005770177,11018360.0,49.8682840699423
79.86,1316978.437288796,11018230.0,49.86830215627112
79.87,1316901.9053449205,11018190.0,49.86830980946551
79.88,1316936.4410248364,11018260.0,49.868306355897516
79.89,1317077.5244470434,11018440.0,49.868292247555296
79.9,1317310.80554502,11018740.0,49.8682689194455
79.91,1317612.6600696137,11019120.0,49.86823873399304
79.92,1317951.0608853207,11019580.0,49.86820489391147
79.93,1318288.9677558052,11020080.0,49.86817110322442
79.94,1318589.5712351936,11020580.0,49.86814104287648
79.95,1318820.8950518998,11021040.0,49.86811791049481
79.96,1318958.7638625256,11021440.0,49.86810412361375
79.97,1318989.0481458376,11021750.0,49.868101095185416
79.98,1318908.5979875869,11021950.0,49.86810914020124
79.99,1318724.641713871,11022050.0,49.86812753582861
80.0,1318454.7092316023,11022040.0,49.86815452907684
80.01,1318126.6575895734,11021950.0,49.86818733424104
80.02,1317776.8975155146,11021810.0,49.86822231024845
80.03,1317445.1764612626,11021640.0,49.868255482353874
80.04,1317168.3443756166,11021500.0,49.86828316556244
80.05,1316975.9397727177,11021410.0,49.86830240602273
80.06,1316887.2327974413,11021410.0,49.868311276720256
80.07,1316909.6231336396,11021520.0,49.868309037686636
80.08,1317039.1607019382,11021730.0,49.868296083929806
80.09,1317262.0132797875,11022060.0,49.86827379867202
80.1,1317555.04743019,11022480.0,49.86824449525698
80.11,1317886.6297305801,11022980.0,49.86821133702694
80.12,1318219.8397622358,11023520.0,49.868178016023776
80.13,1318517.6802458898,11024060.0,49.86814823197541
80.14,1318747.792406967,11024560.0,49.8681252207593
80.15,1318885.4761106228,11025010.0,49.86811145238894
80.16,1318915.973411805,11025360.0,49.86810840265882
80.17,1318835.5091682523,11025600.0,49.868116449083175
80.18,1318650.7469449537,11025740.0,49.868134925305505
80.19,1318378.653386887,11025770.0,49.86816213466131
80.2,1318046.5422675526,11025720.0,49.868195345773245
80.21,1317690.5046575626,11025610.0,49.868230949534244
80.22,1317350.297716402,11025480.0,49.86826497022836
80.23,1317063.095684432,11025360.0,49.86829369043156
80.24,1316858.953775508,11025300.0,49.86831410462245
80.25,1316757.7876405546,11025330.0,49.868324221235945
80.26,1316767.6727972121,11025460.0,49.86832323272028
80.27,1316885.2474745307,11025700.0,49.86831147525255
80.28,1317097.2133923443,11026050.0,49.868290278660766
80.29,1317380.9425867945,11026490.0,49.86826190574132
80.3,1317705.22229246,11027010.0,49.868229477770754
80.31,1318033.2979917608,11027580.0,49.868196670200824
80.32,1318328.0294682477,11028140.0,49.868167197053175
80.33,1318556.7013737652,11028680.0,49.86814432986262
80.34,1318694.1060880031,11029150.0,49.8681305893912
80.35,1318724.8671524543,11029530.0,49.868127513284755
80.36,1318644.588134532,11029800.0,49.86813554118655
80.37,1318459.3672702506,11029970.0,49.868154063272975
80.38,1318185.6027572537,11030030.0,49.868181439724275
80.39,1317850.0561686945,11030000.0,49.86821499438313
80.4,1317488.4212672566,11029920.0,49.868251157873274
80.41,1317140.379963746,11029800.0,49.868285962003625
80.42,1316843.372043266,11029710.0,49.86831566279567
80.43,1316627.935457504,11029660.0,49.86833720645425
80.44,1316514.613966504,11029700.0,49.86834853860335
80.45,1316512.1545981863,11029840.0,49.86834878454018
80.46,1316617.7894706975,11030090.0,49.86833822105293
80.47,1316818.7649922203,11030450.0,49.86831812350078
80.48,1317092.9723854386,11030910.0,49.868290702761456
80.49,1317409.6420334536,11031440.0,49.868259035796655
80.5,1317732.2140735015,11032010.0,49.86822677859265
80.51,1318023.4353613683,11032590.0,49.86819765646386
80.52,1318250.2543963892,11033140.0,49.86817497456036
80.53,1318386.9739329878,11033620.0,49.8681613026067
80.54,1318417.6059208142,11034020.0,49.86815823940792
80.55,1318337.125551281,11034310.0,49.86816628744487
80.56,1318151.0625765468,11034490.0,49.868184893742345
80.57,1317875.2449037745,11034560.0,49.86821247550962
80.58,1317535.8818027405,11034540.0,49.868246411819726
80.59,1317168.26465194,11034470.0,49.868283173534806
80.6,1316811.9960485569,11034360.0,49.868318800395144
80.61,1316504.7808990949,11034260.0,49.86834952191009
80.62,1316277.6414834808,11034220.0,49.86837223585165
80.63,1316151.7522956955,11034250.0,49.86838482477043
80.64,1316136.5392323886,11034380.0,49.86838634607676
80.65,1316229.8414159324,11034630.0,49.86837701585841
80.66,1316419.4669341356,11034980.0,49.868358053306586
80.67,1316683.8451881092,11035430.0,49.86833161548119
80.68,1316992.6685844047,11035960.0,49.86830073314156
80.69,1317309.5905828802,11036520.0,49.86826904094171
80.7,1317597.262102126,11037100.0,49.86824027378979
80.71,1317822.3111600573,11037650.0,49.868217768883994
80.72,1317958.566136781,11038130.0,49.86820414338632
80.73,1317989.4361782374,11038520.0,49.868201056382176
80.74,1317909.2680253035,11038810.0,49.86820907319747
80.75,1317723.021667021,11038990.0,49.8682276978333
80.76,1317445.9515757065,11039060.0,49.86825540484243
80.77,1317103.708879941,11039040.0,49.868289629112006
80.78,1316731.173964314,11038950.0,49.86832688260357
80.79,1316367.8617065244,11038830.0,49.86836321382935
80.8,1316051.7349590606,11038720.0,49.868394826504094
80.81,1315814.2938474526,11038650.0,49.868418570615255
80.82,1315677.3379181884,11038660.0,49.86843226620818
80.83,1315650.9701092744,11038770.0,49.86843490298907
80.84,1315733.6395744323,11039000.0,49.86842663604256
80.85,1315913.7212397098,11039320.0,49.86840862787603
80.86,1316170.188175505,11039750.0,49.86838298118245
80.87,1316473.2021939328,11040250.0,49.86835267978061
80.88,1316786.6372133829,11040790.0,49.86832133627866
80.89,1317073.0530534058,11041350.0,49.86829269469466
80.9,1317298.762838277,11041870.0,49.86827012371617
80.91,1317437.1270422824,11042340.0,49.86825628729577
80.92,1317470.9579242717,11042710.0,49.86825290420757
80.93,1317393.974656511,11042980.0,49.86826060253435
80.94,1317210.5623183937,11043130.0,49.86827894376816
80.95,1316935.3925783867,11043180.0,49.86830646074216
80.96,1316593.5445403676,11043130.0,49.86834064554596
80.97,1316219.469401787,11043010.0,49.86837805305982
80.98,1315852.5751786244,11042860.0,49.86841474248214
80.99,1315531.0648924967,11042720.0,49.86844689351075
81.0,1315286.9012875357,11042610.0,49.868471309871246
81.01,1315142.4968357617,11042580.0,49.868485750316424
81.02,1315108.6238744368,11042650.0,49.868489137612556
81.03,1315184.338324471,11042830.0,49.86848156616755
81.04,1315358.5809465796,11043110.0,49.86846414190534
81.05,1315610.8686962398,11043490.0,49.868438913130376
81.06,1315911.8326686325,11043950.0,49.86840881673314
81.07,1316225.5676461144,11044450.0,49.86837744323539
81.08,1316514.543623839,11044960.0,49.868348545637616
81.09,1316744.7528935838,11045440.0,49.86832552471064
81.1,1316889.0765480513,11045860.0,49.868311092345195
81.11,1316929.7265533686,11046200.0,49.86830702734466
81.12,1316859.790523921,11046420.0,49.86831402094761
81.13,1316683.071724256,11046530.0,49.868331692827574
81.14,1316413.6483844402,11046530.0,49.868358635161556
81.15,1316076.0132691963,11046440.0,49.86839239867308
81.16,1315704.1718551454,11046270.0,49.868429582814485
81.17,1315337.4085963066,11046070.0,49.86846625914037
81.18,1315014.1535556514,11045860.0,49.868498584644435
81.19,1314766.8209798979,11045700.0,49.86852331790201
81.2,1314618.4267738904,11045610.0,49.86853815732261
81.21,1314580.408354118,11045610.0,49.86854195916459
81.22,1314652.4303450491,11045720.0,49.868534756965495
81.23,1314823.9724218058,11045940.0,49.86851760275782
81.24,1315075.0765981912,11046250.0,49.86849249234018
81.25,1315376.8299766711,11046640.0,49.86846231700233
81.26,1315693.545694998,11047070.0,49.8684306454305
81.27,1315987.6068119302,11047520.0,49.86840123931881
81.28,1316224.6885541151,11047940.0,49.86837753114459
81.29,1316377.1960009995,11048290.0,49.8683622803999
81.3,1316426.7500732762,11048560.0,49.86835732499267
81.31,1316365.814921312,11048720.0,49.86836341850787
81.32,1316197.6309200441,11048760.0,49.868380236907996
81.33,1315935.7215069178,11048700.0,49.86840642784931
81.34,1315604.0324162177,11048530.0,49.86843959675838
81.35,1315236.1391462365,11048290.0,49.868476386085376
81.36,1314871.2079274815,11048010.0,49.86851287920725
81.37,1314547.897683198,11047720.0,49.86854521023168
81.38,1314299.078075223,11047480.0,49.86857009219248
81.39,1314148.3727051907,11047300.0,49.86858516272948
81.4,1314107.8994795664,11047220.0,49.86858921005204
81.41,1314177.9477335548,11047240.0,49.868582205226645
81.42,1314348.511633483,11047360.0,49.86856514883665
81.43,1314600.115722797,11047590.0,49.86853998842772
81.44,1314904.2831859249,11047880.0,49.86850957168141
81.45,1315225.5415759839,11048230.0,49.8684774458424
81.46,1315526.1920444162,11048590.0,49.86844738079556
81.47,1315771.6030253398,11048920.0,49.868422839697466
81.48,1315933.71696745,11049190.0,49.868406628303255
81.49,1315993.5789143161,11049370.0,49.86840064210857
81.5,1315943.0414459906,11049450.0,49.8684056958554
81.51,1315784.7914119002,11049400.0,49.86842152085881
81.52,1315531.8073498278,11049250.0,49.86844681926502
81.53,1315207.4966374983,11049000.0,49.86847925033625
81.54,1314845.0029134296,11048660.0,49.86851549970866
81.55,1314483.367054109,11048290.0,49.86855166329459
81.56,1314161.4732845852,11047910.0,49.86858385267154
81.57,1313912.6498909802,11047560.0,49.8686087350109
81.58,1313761.1351476153,11047290.0,49.86862388648524
81.59,1313719.7439847626,11047100.0,49.868628025601524
81.6,1313789.407129704,11047020.0,49.86862105928703
81.61,1313960.6389734126,11047040.0,49.86860393610266
81.62,1314214.437696819,11047160.0,49.86857855623032
81.63,1314522.7649221169,11047360.0,49.86854772350779
81.64,1314850.3689152591,11047610.0,49.868514963108474
81.65,1315159.4768768859,11047860.0,49.86848405231231
81.66,1315415.1553317206,11048100.0,49.86845848446683
81.67,1315588.891454027,11048280.0,49.8684411108546
81.68,1315661.1624906845,11048370.0,49.86843388375093
81.69,1315623.2118306833,11048350.0,49.86843767881693
81.7,1315477.1681906397,11048220.0,49.868452283180936
81.71,1315235.4568100576,11047970.0,49.868476454318994
81.72,1314920.9339172784,11047620.0,49.86850790660827
81.73,1314566.2937474612,11047200.0,49.868543370625254
81.74,1314210.4333937964,11046730.0,49.86857895666062
81.75,1313892.4458220913,11046250.0,49.86861075541779
81.76,1313646.10215563,11045800.0,49.86863538978444
81.77,1313496.2423564645,11045430.0,49.868650375764354
81.78,1313456.3705023082,11045140.0,49.86865436294977
81.79,1313528.0567244224,11044960.0,49.86864719432756
81.8,1313702.3388729575,11044880.0,49.868629766112704
81.81,1313960.6958598194,11044900.0,49.86860393041402
81.82,1314275.5354875391,11045000.0,49.868572446451246
81.83,1314611.8354928405,11045160.0,49.868538816450716
81.84,1314931.7580658249,11045320.0,49.86850682419342
81.85,1315200.0585299106,11045470.0,49.86847999414701
81.86,1315387.765186884,11045560.0,49.86846122348131
81.87,1315474.7795183398,11045570.0,49.868452522048166
81.88,1315451.7183561155,11045470.0,49.86845482816439
81.89,1315320.1293749816,11045250.0,49.8684679870625
81.9,1315091.86792492,11044920.0,49.86849081320751
81.91,1314789.2216981205,11044500.0,49.86852107783019
81.92,1314444.413681315,11043990.0,49.86855555863187
81.93,1314096.1692684528,11043430.0,49.868590383073155
81.94,1313783.7653101769,11042870.0,49.86862162346898
81.95,1313541.398651168,11042340.0,49.86864586013488
81.96,1313394.4995926328,11041870.0,49.86866055004074
81.97,1313357.256505867,11041500.0,49.86866427434941
81.98,1313431.8837926174,11041230.0,49.86865681162074
81.99,1313609.9548859904,11041070.0,49.8686390045114
82.0,1313873.4447572632,11041010.0,49.868612655524274
82.01,1314195.2264072644,11041030.0,49.868580477359274
82.02,1314540.5687004086,11041110.0,49.86854594312996
82.03,1314871.6501949308,11041200.0,49.86851283498051
82.04,1315152.966686739,11041280.0,49.868484703331326
82.05,1315355.1221476789,11041300.0,49.86846448778523
82.06,1315457.4656146422,11041240.0,49.868454253438536
82.07,1315450.0001407855,11041080.0,49.86845499998592
82.08,1315333.6947092952,11040810.0,49.86846663052907
82.09,1315119.8267615882,11040420.0,49.86848801732384
82.1,1314830.100849562,11039930.0,49.868516989915044
82.11,1314496.2328975396,11039360.0,49.868550376710246
82.12,1314156.7179108195,11038750.0,49.86858432820892
82.13,1313850.9549456502,11038130.0,49.868614904505435
82.14,1313613.5297119722,11037540.0,49.8686386470288
82.15,1313470.437011972,11037010.0,49.8686529562988
82.16,1313436.5471502463,11036570.0,49.868656345284975
82.17,1313514.740506534,11036250.0,49.86864852594935
82.18,1313697.1426225586,11036030.0,49.868630285737744
82.19,1313966.2396854844,11035910.0,49.86860337603145
82.2,1314295.3827575354,11035880.0,49.86857046172425
82.21,1314650.187980675,11035900.0,49.86853498120193
82.22,1314992.9024334738,11035950.0,49.86850070975665
82.23,1315287.7985913137,11035990.0,49.86847122014087
82.24,1315505.077180532,11035970.0,49.86844949228195
82.25,1315623.5467038613,11035880.0,49.868437645329614
82.26,1315632.5970341242,11035680.0,49.86843674029659
82.27,1315532.6082323883,11035380.0,49.86844673917676
82.28,1315334.262238963,11034960.0,49.868466573776104
82.29,1315058.656683945,11034450.0,49.868494134331605
82.3,1314736.9715889567,11033850.0,49.868526302841104
82.31,1314407.4411465568,11033210.0,49.868559255885344
82.32,1314109.5588396469,11032560.0,49.868589044116035
82.33,1313878.2741349076,11031940.0,49.86861217258651
82.34,1313740.1244539148,11031380.0,49.86862598755461
82.35,1313710.644941466,11030920.0,49.86862893550585
82.36,1313793.371860257,11030560.0,49.868620662813974
82.37,1313980.9792848923,11030320.0,49.86860190207151
82.38,1314256.4637975341,11030180.0,49.86857435362025
82.39,1314593.6562828098,11030120.0,49.86854063437172
82.4,1314958.522586025,11030130.0,49.8685041477414
82.41,1315313.3806651596,11030160.0,49.868468661933484
82.42,1315622.2816195395,11030190.0,49.868437771838046
82.43,1315855.024068071,11030170.0,49.86841449759319
82.44,1315989.8774089385,11030070.0,49.868401012259106
82.45,1316015.616190711,11029880.0,49.86839843838093
82.46,1315932.023178874,11029570.0,49.86840679768211
82.47,1315749.1718824587,11029160.0,49.868425082811754
82.48,1315487.5357634665,11028640.0,49.86845124642365
82.49,1315177.7378219976,11028050.0,49.8684822262178
82.5,1314857.7295571328,11027410.0,49.86851422704429
82.51,1314567.0786372677,11026760.0,49.86854329213627
82.52,1314341.0809436773,11026140.0,49.86856589190563
82.53,1314206.801790121,11025580.0,49.86857931982099
82.54,1314180.4298748383,11025120.0,49.868581957012516
82.55,1314266.1538131507,11024770.0,49.868573384618685
82.56,1314457.199817838,11024520.0,49.868554280018216
82.57,1314737.0829210558,11024390.0,49.868526291707894
82.58,1315080.124886805,11024340.0,49.86849198751132
82.59,1315452.6557357826,11024360.0,49.86845473442642
82.6,1315817.0782816114,11024410.0,49.86841829217184
82.61,1316137.2329798837,11024450.0,49.86838627670201
82.62,1316382.5277618456,11024450.0,49.868361747223815
82.63,1316530.7041376906,11024380.0,49.86834692958623
82.64,1316569.9296683897,11024200.0,49.86834300703316
82.65,1316499.3941534676,11023920.0,49.86835006058465
82.66,1316328.5628357357,11023540.0,49.868367143716426
82.67,1316077.2828840094,11023050.0,49.8683922717116
82.68,1315775.6165427514,11022490.0,49.868422438345725
82.69,1315461.2278978562,11021870.0,49.868453877210214
82.7,1315173.7556867716,11021250.0,49.86848262443132
82.71,1314948.838906105,11020650.0,49.86850511610939
82.72,1314814.067732044,11020120.0,49.868518593226796
82.73,1314786.284975753,11019680.0,49.868521371502425
82.74,1314870.337704477,11019350.0,49.86851296622955
82.75,1315060.0170738613,11019130.0,49.868493998292614
82.76,1315339.3752420328,11019020.0,49.8684660624758
82.77,1315683.2469984891,11019000.0,49.86843167530015
82.78,1316058.3502675393,11019050.0,49.868394164973246
82.79,1316427.195270009,11019130.0,49.868357280473
82.8,1316753.4320867702,11019210.0,49.86832465679132
82.81,1317006.0954595187,11019250.0,49.86829939045405
82.82,1317162.4139800286,11019210.0,49.868283758602
82.83,1317209.9602449804,11019080.0,49.8682790039755
82.84,1317147.338645981,11018850.0,49.8682852661354
82.85,1316983.4278505733,11018510.0,49.86830165721494
82.86,1316737.464796418,11018070.0,49.86832625352036
82.87,1316438.961468549,11017550.0,49.868356103853145
82.88,1316125.298251336,11016980.0,49.868387470174866
82.89,1315836.1855333566,11016390.0,49.868416381446664
82.9,1315607.6062592347,11015840.0,49.86843923937408
82.91,1315467.6776446905,11015340.0,49.86845323223553
82.92,1315433.8965486544,11014940.0,49.868456610345135
82.93,1315511.7730772048,11014650.0,49.86844882269228
82.94,1315695.6679470255,11014470.0,49.8684304332053
82.95,1315970.1683148483,11014400.0,49.868402983168515
82.96,1316310.6215014153,11014420.0,49.86836893784986
82.97,1316684.1412839857,11014520.0,49.8683315858716
82.98,1317053.355208344,11014640.0,49.868294664479166
82.99,1317381.7313747094,11014770.0,49.86826182686253
83.0,1317637.9380802673,11014860.0,49.86823620619197
83.01,1317798.6988323198,11014880.0,49.86822013011677
83.02,1317850.9952882677,11014810.0,49.86821490047117
83.03,1317792.8453853838,11014630.0,49.86822071546146
83.04,1317632.5854165328,11014340.0,49.86823674145835
83.05,1317388.885927997,11013960.0,49.8682611114072
83.06,1317090.733691373,11013490.0,49.86829092663086
83.07,1316775.230562257,11012980.0,49.868322476943774
83.08,1316482.1531221094,11012450.0,49.86835178468779
83.09,1316247.8275734913,11011940.0,49.86837521724265
83.1,1316100.9035915327,11011500.0,49.86838990964085
83.11,1316059.5269925324,11011150.0,49.86839404730075
83.12,1316129.8654041786,11010910.0,49.86838701345958
83.13,1316306.8326627326,11010780.0,49.86836931673373
83.14,1316575.516527152,11010760.0,49.868342448347285
83.15,1316911.7355499084,11010840.0,49.86830882644501
83.16,1317282.9775506756,11010980.0,49.86827170224493
83.17,1317651.973091145,11011170.0,49.868234802690885
83.18,1317981.9912772218,11011360.0,49.86820180087228
83.19,1318241.3116507519,11011510.0,49.868175868834925
83.2,1318406.1304560401,11011600.0,49.868159386954396
83.21,1318462.7996752595,11011590.0,49.868153720032474
83.22,1318408.7167503834,11011480.0,49.86815912832496
83.23,1318251.663576362,11011260.0,49.868174833642364
83.24,1318009.7588743677,11010940.0,49.86819902411256
83.25,1317711.4588383888,11010540.0,49.86822885411616
83.26,1317393.5750187128,11010090.0,49.86826064249813
83.27,1317095.9352355993,11009630.0,49.86829040647644
83.28,1316855.1930637306,11009180.0,49.86831448069363
83.29,1316700.516983076,11008800.0,49.86832994830169
83.3,1316650.6930178201,11008510.0,49.86833493069822
83.31,1316712.5488471498,11008320.0,49.868328745115285
83.32,1316881.5614322682,11008260.0,49.86831184385677
83.33,1317143.327728232,11008300.0,49.86828566722718
83.34,1317474.1474611552,11008430.0,49.868252585253884
83.35,1317841.8915572364,11008650.0,49.868215810844276
83.36,1318209.4010343803,11008900.0,49.86817905989656
83.37,1318539.7510045504,11009150.0,49.868146024899545
83.38,1318800.8348548408,11009380.0,49.868119916514516
83.39,1318968.321905203,11009530.0,49.86810316780948
83.4,1319027.9353020885,11009600.0,49.86809720646979
83.41,1318976.450137015,11009560.0,49.8681023549863
83.42,1318821.088311708,11009420.0,49.86811789116883
83.43,1318579.4085082137,11009180.0,49.86814205914918
83.44,1318279.3264890336,11008850.0,49.8681720673511
83.45,1317957.3515784426,11008470.0,49.868204264842156
83.46,1317653.3529706802,11008070.0,49.86823466470293
83.47,1317404.303341121,11007690.0,49.86825956966589
83.48,1317239.8815370912,11007380.0,49.86827601184629
83.49,1317179.5122219976,11007150.0,49.8682820487778
83.5,1317230.6930566435,11007030.0,49.868276930694336
83.51,1317389.482033491,11007020.0,49.86826105179665
83.52,1317642.0008762334,11007130.0,49.86823579991238
83.53,1317965.0435492364,11007330.0,49.868203495645076
83.54,1318326.87764728,11007610.0,49.86816731223527
83.55,1318690.4669251477,11007940.0,49.868130953307485
83.56,1319018.7002972919,11008260.0,49.86809812997027
83.57,1319279.0918643028,11008560.0,49.86807209081357
83.58,1319446.7915562314,11008790.0,49.86805532084438
83.59,1319506.8991931435,11008940.0,49.868049310080686
83.6,1319455.5683895005,11008980.0,49.86805444316105
83.61,1319299.4590811224,11008910.0,49.86807005409189
83.62,1319055.5676043658,11008750.0,49.86809444323956
83.63,1318751.2650750221,11008500.0,49.8681248734925
83.64,1318422.741589842,11008190.0,49.868157725841016
83.65,1318109.8787983104,11007870.0,49.86818901212017
83.66,1317849.9756368466,11007560.0,49.868215002436315
83.67,1317673.2298763483,11007310.0,49.868232677012365
83.68,1317599.714141693,11007150.0,49.86824002858583
83.69,1317637.6049042204,11007100.0,49.86823623950958
83.7,1317783.5514988345,11007160.0,49.86822164485012
83.71,1318024.211539921,11007330.0,49.86819757884601
83.72,1318336.8868635625,11007610.0,49.868166311313644
83.73,1318690.2665987788,11007960.0,49.86813097334012
83.74,1319047.4779854356,11008350.0,49.868095252201456
83.75,1319371.2635822408,11008750.0,49.868062873641776
83.76,1319628.779662665,11009130.0,49.86803712203373
83.77,1319794.669861949,11009440.0,49.868020533013805
83.78,1319853.4122986416,11009670.0,49.868014658770136
83.79,1319800.5287112836,11009790.0,49.86801994712887
83.8,1319642.106684924,11009800.0,49.86803578933151
83.81,1319394.568577934,11009720.0,49.86806054314221
83.82,1319084.7293383712,11009550.0,49.86809152706616
83.83,1318748.3796331633,11009320.0,49.868125162036684
83.84,1318425.3251750988,11009070.0,49.86815746748249
83.85,1318153.1327860795,11008840.0,49.86818468672139
83.86,1317962.485397075,11008660.0,49.86820375146029
83.87,1317874.085906041,11008560.0,49.868212591409396
83.88,1317896.7856904222,11008580.0,49.86821032143096
83.89,1318027.8321042494,11008710.0,49.868197216789575
83.9,1318254.4323126422,11008950.0,49.868174556768736
83.91,1318554.4126256588,11009300.0,49.868144558737434
83.92,1318896.9108844616,11009720.0,49.868110308911554
83.93,1319245.2533170495,11010180.0,49.868075474668295
83.94,1319562.0717125677,11010660.0,49.86804379282874
83.95,1319814.1884446812,11011110.0,49.86801858115553
83.96,1319975.760406038,11011500.0,49.868002423959396
83.97,1320030.6519131288,11011810.0,49.86799693480869
83.98,1319973.7475246564,11012010.0,49.868002625247534
83.99,1319810.560541228,11012100.0,49.86801894394588
84.0,1319556.9383867679,11012090.0,49.86804430616132
84.01,1319239.1395184444,11012000.0,49.868076086048156
84.02,1318892.548687174,11011840.0,49.86811074513128
84.03,1318556.8906600054,11011660.0,49.868144310934
84.04,1318269.998139243,11011500.0,49.868173000186076
84.05,1318063.0399855885,11011390.0,49.86819369600144
84.06,1317957.3508949005,11011360.0,49.86820426491051
84.07,1317962.4640071806,11011440.0,49.86820375359928
84.08,1318076.239279762,11011630.0,49.868192376072024
84.09,1318286.4521422745,11011940.0,49.86817135478577
84.1,1318571.4739024944,11012340.0,49.86814285260975
84.11,1318900.9125671447,11012830.0,49.868109908743286
84.12,1319238.3144503594,11013360.0,49.868076168554964
84.13,1319546.2196660656,11013900.0,49.86804537803339
84.14,1319791.1334692235,11014420.0,49.86802088665308
84.15,1319946.740964255,11014880.0,49.868005325903574
84.16,1319996.305408253,11015260.0,49.868000369459175
84.17,1319934.0826738393,11015530.0,49.868006591732616
84.18,1319765.0145102101,11015690.0,49.86802349854898
84.19,1319504.3726398125,11015750.0,49.86804956273602
84.2,1319177.8542416443,11015720.0,49.868082214575836
84.21,1318820.4288591975,11015640.0,49.86811795711408
84.22,1318471.7311206383,11015520.0,49.868152826887936
84.23,1318169.8516834218,11015410.0,49.86818301483166
84.24,1317946.4366210424,11015360.0,49.868205356337896
84.25,1317823.4452952608,11015380.0,49.868217655470474
84.26,1317811.0897573703,11015510.0,49.86821889102426
84.27,1317907.8440171566,11015760.0,49.868209215598284
84.28,1318102.056554835,11016110.0,49.86818979434452
84.29,1318372.650286932,11016570.0,49.86816273497131
84.3,1318689.7106603368,11017100.0,49.868131028933966
84.31,1319017.011318877,11017690.0,49.86809829886811
84.32,1319317.0059624037,11018290.0,49.86806829940376
84.33,1319555.8868901003,11018860.0,49.86804441131099
84.34,1319706.8719448168,11019380.0,49.86802931280552
84.35,1319752.6268923099,11019800.0,49.86802473731077
84.36,1319686.7772932563,11020130.0,49.868031322270674
84.37,1319513.6864060685,11020350.0,49.86804863135939
84.38,1319248.0388410387,11020460.0,49.868075196115896
84.39,1318914.9542932198,11020490.0,49.86810850457068
84.4,1318548.9685375984,11020440.0,49.86814510314624
84.41,1318189.605944724,11020370.0,49.86818103940553
84.42,1317875.196474745,11020310.0,49.868212480352526
84.43,1317637.8481482943,11020290.0,49.86823621518517
84.44,1317500.13068185,11020350.0,49.868249986931815
84.45,1317472.9253685768,11020510.0,49.86825270746314
84.46,1317555.3167202026,11020790.0,49.86824446832798
84.47,1317736.225684385,11021170.0,49.86822637743156
84.48,1317995.1274315726,11021660.0,49.86820048725684
84.49,1318302.586540341,11022230.0,49.868169741345966
84.5,1318622.605411548,11022840.0,49.868137739458845
84.51,1318917.5522491327,11023470.0,49.86810824477509
84.52,1319153.3080922114,11024080.0,49.86808466919078
84.53,1319302.6266909414,11024620.0,49.868069737330906
84.54,1319347.578698995,11025090.0,49.8680652421301
84.55,1319281.1578642249,11025450.0,49.86807188421358
84.56,1319107.1425254107,11025700.0,49.86808928574746
84.57,1318839.6203187124,11025840.0,49.86811603796813
84.58,1318503.1200871577,11025890.0,49.868149687991284
84.59,1318131.72615999,11025870.0,49.868186827384
84.6,1317764.8348774796,11025810.0,49.86822351651225
84.61,1317441.000142665,11025760.0,49.86825589998573
84.62,1317192.7778680725,11025760.0,49.86828072221319
84.63,1317043.337190924,11025830.0,49.86829566628091
84.64,1317004.2251610425,11025990.0,49.868299577483896
84.65,1317075.1378869738,11026270.0,49.8682924862113
84.66,1317245.527876807,11026660.0,49.86827544721232
84.67,1317495.3921143385,11027150.0,49.868250460788566
84.68,1317795.7509127224,11027720.0,49.86822042490873
84.69,1318110.82776899,11028340.0,49.8681889172231
84.7,1318402.905542797,11028970.0,49.86815970944572
84.71,1318637.5484949052,11029570.0,49.86813624515051
84.72,1318787.0331940132,11030120.0,49.8681212966806
84.73,1318832.8367504454,11030590.0,49.868116716324955
84.74,1318767.3259832168,11030940.0,49.86812326740168
84.75,1318593.7153451021,11031190.0,49.86814062846549
84.76,1318325.5421594707,11031330.0,49.86816744578405
84.77,1317986.7955867052,11031370.0,49.86820132044133
84.78,1317611.1316837335,11031340.0,49.86823888683163
84.79,1317237.8288710718,11031270.0,49.86827621711289
84.8,1316905.6684900227,11031200.0,49.868309433151
84.81,1316647.6537690386,11031170.0,49.868335234623096
84.82,1316487.551597234,11031220.0,49.86835124484028
84.83,1316437.59734132,11031360.0,49.86835624026587
84.84,1316498.1235509287,11031600.0,49.86835018764491
84.85,1316659.1037204966,11031960.0,49.86833408962795
84.86,1316901.0151928973,11032420.0,49.86830989848071
84.87,1317195.3207631048,11032950.0,49.86828046792369
84.88,1317506.4668669023,11033530.0,49.86824935331331
84.89,1317796.662042383,11034130.0,49.86822033379576
84.9,1318031.1683777291,11034700.0,49.86819688316223
84.91,1318181.8031883098,11035220.0,49.86818181968117
84.92,1318229.468599128,11035650.0,49.86817705314009
84.93,1318165.9184143513,11035970.0,49.868183408158565
84.94,1317993.811395226,11036180.0,49.86820061886048
84.95,1317726.138396864,11036280.0,49.868227386160314
84.96,1317386.3494545657,11036280.0,49.86826136505454
84.97,1317007.6680865604,11036200.0,49.868299233191344
84.98,1316629.2475494856,11036080.0,49.86833707524505
84.99,1316290.0945437173,11035960.0,49.86837099054563
85.0,1316023.6686803729,11035880.0,49.86839763313196
85.01,1315854.346314893,11035860.0,49.86841456536851
85.02,1315795.058356315,11035940.0,49.86842049416437
85.03,1315846.7813126151,11036120.0,49.86841532186874
85.04,1316000.0151209773,11036420.0,49.8683999984879
85.05,1316235.722242638,11036810.0,49.868376427775736
85.06,1316525.8185815532,11037270.0,49.868347418141845
85.07,1316834.986058808,11037790.0,49.86831650139412
85.08,1317125.371785295,11038330.0,49.86828746282147
85.09,1317361.9501132804,11038840.0,49.86826380498867
85.1,1317516.0928789608,11039290.0,49.868248390712104
85.11,1317568.133998037,11039660.0,49.868243186600196
85.12,1317509.2058731508,11039920.0,49.868249079412685
85.13,1317341.393727105,11040060.0,49.86826586062729
85.14,1317077.129186046,11040090.0,49.868292287081395
85.15,1316739.3085309698,11040020.0,49.8683260691469
85.16,1316360.7060052129,11039880.0,49.86836392939948
85.17,1315980.3327727814,11039690.0,49.86840196672272
85.18,1315637.4078606348,11039490.0,49.86843625921394
85.19,1315365.8372252863,11039320.0,49.86846341627747
85.2,1315190.5996383561,11039230.0,49.868480940036164
85.21,1315125.315630894,11039220.0,49.86848746843691
85.22,1315171.6073997477,11039320.0,49.868482839260025
85.23,1315320.5083801823,11039520.0,49.86846794916198
85.24,1315553.473739328,11039830.0,49.86844465262607
85.25,1315842.8814395505,11040210.0,49.868415711856045
85.26,1316153.6587097088,11040650.0,49.86838463412903
85.27,1316447.9009601849,11041100.0,49.86835520990398
85.28,1316690.290487159,11041530.0,49.868330970951284
85.29,1316851.7541861036,11041900.0,49.86831482458139
85.3,1316912.0597444107,11042190.0,49.86830879402556
85.31,1316861.71786626,11042380.0,49.868313828213374
85.32,1316702.2349632164,11042440.0,49.86832977650368
85.33,1316445.4726376818,11042400.0,49.86835545273623
85.34,1316113.7587467665,11042240.0,49.86838862412532
85.35,1315739.396232871,11042020.0,49.86842606037671
85.36,1315361.2241764988,11041740.0,49.86846387758235
85.37,1315018.6459003522,11041460.0,49.868498135409965
85.38,1314745.990643047,11041200.0,49.868525400935695
85.39,1314568.8230913067,11041010.0,49.86854311769087
85.4,1314501.4509784402,11040920.0,49.868549854902156
85.41,1314546.1527211922,11040920.0,49.86854538472788
85.42,1314694.5044987034,11041040.0,49.86853054955013
85.43,1314928.464177285,11041250.0,49.86850715358227
85.44,1315220.8805539089,11041540.0,49.86847791194461
85.45,1315536.9784880832,11041890.0,49.86844630215119
85.46,1315838.8756584572,11042260.0,49.868416112434154
85.47,1316090.9977042223,11042600.0,49.86839090022958
85.48,1316263.8468349285,11042900.0,49.86837361531651
85.49,1316336.6354694972,11043100.0,49.86836633645305
85.5,1316299.2552949504,11043210.0,49.868370074470505
85.51,1316152.6272849499,11043200.0,49.868384737271505
85.52,1315908.0279302772,11043070.0,49.86840919720697
85.53,1315587.193218164,11042850.0,49.868441280678184
85.54,1315221.909815847,11042540.0,49.868477809018415
85.55,1314850.7767030536,11042180.0,49.868514922329695
85.56,1314513.309323928,11041810.0,49.86854866906761
85.57,1314244.215500011,11041470.0,49.86857557845
85.58,1314069.6136167662,11041200.0,49.86859303863832
85.59,1314004.4825792075,11041020.0,49.86859955174208
85.6,1314051.7587522282,11040930.0,49.86859482412478
85.61,1314203.564503984,11040960.0,49.8685796435496
85.62,1314442.3646285476,11041090.0,49.868555763537145
85.63,1314741.4843606954,11041300.0,49.86852585156393
85.64,1315066.495181725,11041570.0,49.86849335048183
85.65,1315379.5833812153,11041860.0,49.86846204166188
85.66,1315644.9516289826,11042130.0,49.8684355048371
85.67,1315832.6983594294,11042350.0,49.86841673016406
85.68,1315921.493524428,11042490.0,49.86840785064756
85.69,1315900.613380805,11042520.0,49.86840993866192
85.7,1315770.3862036385,11042440.0,49.868422961379636
85.71,1315541.488510803,11042250.0,49.86844585114892
85.72,1315235.0448063288,11041950.0,49.86847649551937
85.73,1314882.3000924636,11041580.0,49.868511769990754
85.74,1314521.5867465509,11041150.0,49.868547841325345
85.75,1314192.5080578432,11040710.0,49.868580749194216
85.76,1313930.1281086802,11040300.0,49.86860698718913
85.77,1313761.100850286,11039950.0,49.86862388991497
85.78,1313701.0636047819,11039690.0,49.86862989363952
85.79,1313753.6035091558,11039540.0,49.868624639649084
85.8,1313911.3886079912,11039490.0,49.8686088611392
85.81,1314157.3938580109,11039540.0,49.8685842606142
85.82,1314465.4252796073,11039680.0,49.86855345747204
85.83,1314801.4071141744,11039880.0,49.86851985928858
85.84,1315127.6007735645,11040110.0,49.86848723992264
85.85,1315407.9918450634,11040320.0,49.868459200815494
85.86,1315612.2813138892,11040480.0,49.86843877186861
85.87,1315718.6037345526,11040560.0,49.868428139626545
85.88,1315715.6231635981,11040530.0,49.86842843768364
85.89,1315603.0738483083,11040400.0,49.86843969261517
85.9,1315391.0266625246,11040150.0,49.86846089733375
85.91,1315099.984263881,11039800.0,49.86849000157361
85.92,1314760.636855894,11039370.0,49.86852393631441
85.93,1314411.035291485,11038880.0,49.86855889647085
85.94,1314090.8570466791,11038390.0,49.86859091429533
85.95,1313835.5113934353,11037910.0,49.86861644886066
85.96,1313672.177984131,11037500.0,49.86863278220159
85.97,1313617.1462881663,11037180.0,49.86863828537118
85.98,1313674.6548397583,11036960.0,49.868632534516024
85.99,1313837.9235373775,11036860.0,49.86861620764626
86.0,1314090.4474418845,11036850.0,49.86859095525581
86.01,1314406.5269195694,11036940.0,49.86855934730804
86.02,1314752.4543632728,11037080.0,49.86852475456367
86.03,1315090.5818420711,11037250.0,49.86849094181579
86.04,1315384.6922049439,11037400.0,49.868461530779506
86.05,1315604.1023054854,11037520.0,49.86843958976945
86.06,1315726.425035777,11037550.0,49.86842735749642
86.07,1315739.724254712,11037480.0,49.86842602757453
86.08,1315643.1469392516,11037310.0,49.868435685306075
86.09,1315446.160850584,11037020.0,49.86845538391494
86.1,1315168.6469460344,11036620.0,49.8684831353054
86.11,1314840.7382583115,11036140.0,49.86851592617417
86.12,1314500.2005010298,11035610.0,49.8685499799499
86.13,1314186.782379494,11035070.0,49.86858132176205
86.14,1313936.2352780637,11034550.0,49.868606376472194
86.15,1313776.2631067317,11034080.0,49.86862237368933
86.16,1313723.8080792457,11033710.0,49.868627619192075
86.17,1313783.7654023343,11033440.0,49.86862162345977
86.18,1313949.918945454,11033290.0,49.868605008105455
86.19,1314206.2993107117,11033230.0,49.86857937006893
86.2,1314527.718393208,11033270.0,49.86854722816068
86.21,1314880.8560190161,11033360.0,49.8685119143981
86.22,1315228.172325007,11033490.0,49.8684771827675
86.23,1315533.2625163395,11033610.0,49.868446673748366
86.24,1315765.0745726812,11033680.0,49.86842349254273
86.25,1315900.7135551092,11033680.0,49.86840992864449
86.26,1315927.6526543095,11033580.0,49.86840723473457
86.27,1315844.4573868876,11033370.0,49.86841555426131
86.28,1315660.020874887,11033040.0,49.86843399791251
86.29,1315393.6213969786,11032610.0,49.8684606378603
86.3,1315074.8466762253,11032100.0,49.86849251533238
86.31,1314741.1791971563,11031540.0,49.868525882080284
86.32,1314432.4366991355,11030960.0,49.868556756330086
86.33,1314184.708388737,11030400.0,49.868581529161126
86.34,1314026.2157734383,11029900.0,49.868597378422656
86.35,1313974.548462511,11029480.0,49.86860254515375
86.36,1314035.257986461,11029180.0,49.868596474201354
86.37,1314202.6861969214,11028980.0,49.86857973138031
86.38,1314461.3802567306,11028890.0,49.86855386197433
86.39,1314786.643399941,11028880.0,49.868521335660006
86.4,1315145.5369025911,11028950.0,49.86848544630974
86.41,1315500.6291003702,11029040.0,49.86844993708996
86.42,1315815.3290001452,11029130.0,49.868418467099985
86.43,1316058.2192988812,11029180.0,49.86839417807011
86.44,1316205.9029682637,11029150.0,49.868379409703174
86.45,1316245.2476002784,11029030.0,49.86837547523997
86.46,1316174.2215493887,11028790.0,49.86838257784506
86.47,1316001.170631793,11028450.0,49.86839988293682
86.48,1315744.8108336923,11028000.0,49.86842551891663
86.49,1315434.2049917744,11027470.0,49.86845657950082
86.5,1315106.5560723653,11026880.0,49.86848934439276
86.51,1314801.7451877082,11026280.0,49.86851982548123
86.52,1314556.1987586517,11025690.0,49.868544380124135
86.53,1314398.6637177106,11025160.0,49.86856013362823
86.54,1314347.3751519253,11024730.0,49.86856526248481
86.55,1314408.5394597482,11024390.0,49.868559146054025
86.56,1314577.048027843,11024170.0,49.868542295197216
86.57,1314837.9438377589,11024050.0,49.868516205616224
86.58,1315166.9968399205,11024030.0,49.86848330031601
86.59,1315531.637671512,11024070.0,49.86844683623285
86.6,1315894.5354862795,11024150.0,49.86841054645137
86.61,1316218.9067016072,11024230.0,49.86837810932984
86.62,1316472.9616737247,11024260.0,49.86835270383263
86.63,1316632.7967706337,11024230.0,49.86833672032294
86.64,1316684.6641037466,11024100.0,49.868331533589625
86.65,1316625.9215172005,11023860.0,49.86833740784828
86.66,1316464.366591461,11023510.0,49.868353563340854
86.67,1316218.16739127,11023060.0,49.86837818326087
86.68,1315915.857164569,11022520.0,49.86840841428354
86.69,1315594.345895974,11021930.0,49.8684405654104
86.7,1315293.5622672145,11021320.0,49.86847064377328
86.71,1315050.256015482,11020730.0,49.86849497439845
86.72,1314893.6887004937,11020190.0,49.86851063112995
86.73,1314842.737908606,11019740.0,49.86851572620914
86.74,1314904.2760148433,11019400.0,49.868509572398516
86.75,1315073.7628648556,11019170.0,49.868492623713514
86.76,1315336.7468427035,11019050.0,49.86846632531573
86.77,1315669.4689974557,11019020.0,49.868433053100254
86.78,1316039.7317630413,11019070.0,49.868396026823696
86.79,1316410.304487121,11019150.0,49.86835896955129
86.8,1316744.2013632068,11019230.0,49.86832557986368
86.81,1317009.2418732082,11019270.0,49.86829907581268
86.82,1317180.9943925438,11019250.0,49.868281900560746
86.83,1317245.083317289,11019130.0,49.86827549166827
86.84,1317198.2441389218,11018910.0,49.86828017558611
86.85,1317047.713447721,11018580.0,49.86829522865523
86.86,1316811.0961929357,11018140.0,49.868318890380706
86.87,1316516.3801367185,11017620.0,49.86834836198633
86.88,1316200.1677473257,11017040.0,49.86837998322527
86.89,1315902.421582109,11016440.0,49.86840975784179
86.9,1315660.2032292853,11015860.0,49.86843397967707
86.91,1315503.278896486,11015340.0,49.86844967211035
86.92,1315451.1608598796,11014910.0,49.86845488391401
86.93,1315511.3869957803,11014580.0,49.86844886130042
86.94,1315679.9904677996,11014360.0,49.86843200095322
86.95,1315943.0331494093,11014260.0,49.86840569668506
86.96,1316277.2378562693,11014250.0,49.86837227621437
86.97,1316650.789987861,11014310.0,49.868334921001214
86.98,1317026.569593125,11014410.0,49.86829734304069
86.99,1317367.3964494271,11014520.0,49.86826326035506
87.0,1317640.7064505469,11014600.0,49.868235929354945
87.01,1317821.5485937982,11014610.0,49.86821784514062
87.02,1317894.9240646886,11014530.0,49.86821050759353
87.03,1317856.9447258327,11014340.0,49.86821430552742
87.04,1317714.2844548228,11014040.0,49.86822857155452
87.05,1317483.9837336093,11013640.0,49.86825160162664
87.06,1317193.483419672,11013160.0,49.86828065165803
87.07,1316879.0671739571,11012620.0,49.868312093282604
87.08,1316580.7134866724,11012060.0,49.86834192865133
87.09,1316335.7989408553,11011510.0,49.868366420105914
87.1,1316174.5995297735,11011020.0,49.86838254004702
87.11,1316117.268376189,11010620.0,49.86838827316238
87.12,1316172.0175023107,11010330.0,49.86838279824977
87.13,1316335.4666900062,11010150.0,49.868366453331
87.14,1316594.2082850535,11010080.0,49.868340579171495
87.15,1316925.4654064844,11010110.0,49.86830745345935
87.16,1317297.835129594,11010210.0,49.86827021648704
87.17,1317674.350833542,11010360.0,49.868232564916646
87.18,1318017.6781150266,11010520.0,49.8681982321885
87.19,1318294.8947025607,11010640.0,49.868170510529744
87.2,1318480.5480865692,11010710.0,49.86815194519134
87.21,1318559.0182154528,11010680.0,49.868144098178455
87.22,1318525.7786641102,11010550.0,49.86814742213359
87.23,1318386.9319139062,11010320.0,49.86816130680861
87.24,1318158.9478523391,11009980.0,49.868184105214766
87.25,1317868.7150234226,11009550.0,49.86821312849766
87.26,1317552.1274052216,11009070.0,49.86824478725948
87.27,1317249.0962205785,11008560.0,49.86827509037794
87.28,1316997.2744029935,11008070.0,49.8683002725597
87.29,1316827.4310203288,11007640.0,49.86831725689797
87.3,1316760.3569135622,11007290.0,49.868323964308644
87.31,1316804.944320893,11007050.0,49.86831950556791
87.32,1316958.4146670843,11006930.0,49.86830415853329
87.33,1317207.9111281931,11006910.0,49.86827920888718
87.34,1317531.1808606694,11007000.0,49.86824688191393
87.35,1317897.2680031364,11007170.0,49.868210273199686
87.36,1318269.4047452514,11007380.0,49.868173059525475
87.37,1318610.1474248345,11007600.0,49.86813898525752
87.38,1318886.2430862968,11007800.0,49.86811137569137
87.39,1319071.759272674,11007930.0,49.86809282407273
87.4,1319150.4715036473,11007980.0,49.868084952849635
87.41,1319117.2253796423,11007930.0,49.868088277462036
87.42,1318977.5567018103,11007770.0,49.86810224432982
87.43,1318747.3669759696,11007500.0,49.8681252633024
87.44,1318452.9932828327,11007150.0,49.86815470067172
87.45,1318129.9269798074,11006740.0,49.86818700730202
87.46,1317818.001435569,11006310.0,49.86821819985644
87.47,1317555.1383332617,11005900.0,49.868244486166674
87.48,1317372.5959347137,11005530.0,49.86826274040653
87.49,1317291.8009124147,11005250.0,49.86827081990876
87.5,1317322.330553381,11005080.0,49.86826776694466
87.51,1317462.0201078113,11005020.0,49.86825379798922
87.52,1317698.5794994778,11005080.0,49.86823014205005
87.53,1318010.2976258467,11005240.0,49.868198970237415
87.54,1318366.6842091668,11005480.0,49.86816333157908
87.55,1318731.186609412,11005770.0,49.86812688133906
87.56,1319066.265550859,11006070.0,49.868093373444914
87.57,1319338.349444621,11006350.0,49.86806616505554
87.58,1319521.03574271,11006560.0,49.86804789642573
87.59,1319597.5025331564,11006700.0,49.868040249746684
87.6,1319561.9693576077,11006730.0,49.86804380306424
87.61,1319419.4021453853,11006660.0,49.86805805978546
87.62,1319185.1268925348,11006480.0,49.86808148731075
87.63,1318884.9176376038,11006220.0,49.86811150823624
87.64,1318553.8482478876,11005890.0,49.86814461517521
87.65,1318231.6594109978,11005540.0,49.8681768340589
87.66,1317956.5288420036,11005200.0,49.8682043471158
87.67,1317760.1918327753,11004920.0,49.86822398081672
87.68,1317664.700157124,11004720.0,49.86823352998429
87.69,1317680.3096203571,11004620.0,49.868231969037964
87.7,1317805.467947153,11004640.0,49.868219453205285
87.71,1318028.4547774335,11004780.0,49.86819715452226
87.72,1318328.1047448502,11005010.0,49.868167189525515
87.73,1318674.3978441483,11005330.0,49.868132560215585
87.74,1319031.0011802353,11005700.0,49.86809689988198
87.75,1319360.2814631334,11006090.0,49.86806397185369
87.76,1319628.3493215332,11006450.0,49.86803716506785
87.77,1319808.3330208021,11006750.0,49.86801916669792
87.78,1319882.8132890128,11006980.0,49.8680117186711
87.79,1319845.3794160513,11007100.0,49.868015462058395
87.8,1319700.4169080628,11007110.0,49.868029958309194
87.81,1319462.66096449,11007020.0,49.86805373390355
87.82,1319157.3034003312,11006840.0,49.86808426965997
87.83,1318818.978861458,11006600.0,49.868118102113854
87.84,1318487.3138211372,11006330.0,49.868151268617886
87.85,1318200.7230631143,11006080.0,49.86817992769369
87.86,1317991.4021941386,11005870.0,49.868200859780586
87.87,1317882.0132196024,11005740.0,49.86821179867804
87.88,1317883.4812255502,11005720.0,49.868211651877445
87.89,1317994.8637754535,11005810.0,49.868200513622455
87.9,1318205.0105298515,11006020.0,49.868179498947015
87.91,1318493.3046976256,11006330.0,49.86815066953024
87.92,1318830.2014495435,11006720.0,49.868116979855046
87.93,1319179.5923553684,11007160.0,49.86808204076446
87.94,1319503.7537197862,11007630.0,49.86804962462802
87.95,1319768.480978567,11008070.0,49.86802315190214
87.96,1319946.436813666,11008450.0,49.86800535631863
87.97,1320019.607617553,11008750.0,49.867998039238245
87.98,1319980.9508065386,11008950.0,49.868001904919346
87.99,1319834.2680577468,11009040.0,49.868016573194225
88.0,1319593.7026374338,11009030.0,49.86804062973626
88.01,1319283.86009875,11008930.0,49.868071613990125
88.02,1318938.924332258,11008760.0,49.868106107566774
88.03,1318598.3937550816,11008570.0,49.86814016062449
88.04,1318300.9080373864,11008380.0,49.86816990919626
88.05,1318079.111521726,11008230.0,49.86819208884783
88.06,1317956.2662576672,11008170.0,49.86820437337423
88.07,1317943.9795320746,11008200.0,49.86820560204679
88.08,1318041.9334975113,11008360.0,49.86819580665025
88.09,1318239.513991557,11008620.0,49.868176048600844
88.1,1318516.626787698,11008990.0,49.86814833732123
88.11,1318844.1801357698,11009440.0,49.86811558198642
88.12,1319186.2835057578,11009940.0,49.868081371649424
88.13,1319505.124543312,11010460.0,49.86804948754567
88.14,1319766.185422324,11010960.0,49.86802338145777
88.15,1319941.6632371452,11011410.0,49.868005833676285
88.16,1320012.9556910412,11011770.0,49.867998704430896
88.17,1319972.3939600715,11012030.0,49.86800276060399
88.18,1319823.213732576,11012190.0,49.86801767862674
88.19,1319579.004027318,11012230.0,49.86804209959727
88.2,1319263.8261123335,11012190.0,49.86807361738877
88.21,1318911.4298305071,11012070.0,49.86810885701695
88.22,1318561.1908532735,11011920.0,49.86814388091467
88.23,1318251.9724572473,11011780.0,49.868174802754275
88.24,1318016.8633255817,11011680.0,49.86819831366744
88.25,1317879.7200665572,11011650.0,49.868212027993344
88.26,1317852.8360009522,11011730.0,49.868214716399905
88.27,1317936.528563166,11011920.0,49.86820634714368
88.28,1318120.6999027494,11012220.0,49.868187930009725
88.29,1318385.7285718403,11012620.0,49.868161427142816
88.3,1318702.9628662828,11013100.0,49.86812970371337
88.31,1319036.7337988818,11013640.0,49.86809632662011
88.32,1319349.1525853318,11014200.0,49.86806508474147
88.33,1319605.398103505,11014740.0,49.86803946018965
88.34,1319777.2071914217,11015220.0,49.86802227928086
88.35,1319845.398741535,11015620.0,49.86801546012585
88.36,1319801.682118893,11015920.0,49.86801983178811
88.37,1319648.7270361956,11016110.0,49.86803512729638
88.38,1319399.570693136,11016190.0,49.868060042930686
88.39,1319077.7320213697,11016180.0,49.86809222679786
88.4,1318716.5265800615,11016090.0,49.868128347341994
88.41,1318355.2056773352,11015970.0,49.86816447943227
88.42,1318032.8565572097,11015840.0,49.86819671434428
88.43,1317783.0156246983,11015760.0,49.86822169843753
88.44,1317630.1380985223,11015750.0,49.86823698619015
88.45,1317587.2095282415,11015840.0,49.868241279047176
88.46,1317655.1948468785,11016040.0,49.86823448051531
88.47,1317824.5309423886,11016350.0,49.86821754690576
88.48,1318076.0916227996,11016760.0,49.86819239083772
88.49,1318381.690708179,11017260.0,49.86816183092918
88.5,1318705.9075524132,11017800.0,49.86812940924476
88.51,1319010.8033839464,11018370.0,49.868098919661605
88.52,1319261.2784249748,11018920.0,49.8680738721575
88.53,1319428.6323528814,11019420.0,49.86805713676471
88.54,1319493.121483788,11019840.0,49.86805068785162
88.55,1319445.8371010143,11020140.0,49.8680554162899
88.56,1319288.8783648727,11020340.0,49.86807111216351
88.57,1319034.7268803748,11020440.0,49.86809652731196
88.58,1318706.3533469967,11020430.0,49.8681293646653
88.59,1318336.6308190613,11020350.0,49.868166336918094
88.6,1317964.6759663655,11020220.0,49.86820353240336
88.61,1317629.796558748,11020100.0,49.868237020344125
88.62,1317365.9831939943,11020010.0,49.8682634016806
88.63,1317198.300414404,11020000.0,49.86828016995856
88.64,1317140.4326141102,11020080.0,49.86828595673859
88.65,1317194.0038005658,11020260.0,49.86828059961994
88.66,1317349.9966517,11020560.0,49.86826500033483
88.67,1317589.7921675527,11020970.0,49.868241020783245
88.68,1317885.6813402718,11021450.0,49.86821143186597
88.69,1318202.5023794353,11021990.0,49.86817974976206
88.7,1318502.2753494736,11022560.0,49.86814977246505
88.71,1318749.6266592545,11023100.0,49.868125037334075
88.72,1318915.4233878497,11023590.0,49.868108457661215
88.73,1318979.3645507563,11024000.0,49.868102063544924
88.74,1318931.9237430652,11024310.0,49.86810680762569
88.75,1318774.6215388784,11024500.0,49.86812253784611
88.76,1318519.3688077845,11024590.0,49.86814806311922
88.77,1318188.5664044302,11024570.0,49.86818114335956
88.78,1317814.6155512137,11024480.0,49.86821853844488
88.79,1317436.4631298375,11024350.0,49.868256353687016
88.8,1317093.6052345184,11024210.0,49.86829063947655
88.81,1316820.4568103903,11024100.0,49.86831795431896
88.82,1316642.6656368913,11024070.0,49.86833573343631
88.83,1316574.6048437655,11024120.0,49.86834253951562
88.84,1316618.5644691098,11024290.0,49.86833814355309
88.85,1316766.0764252532,11024570.0,49.868323392357475
88.86,1316999.0302001366,11024950.0,49.868300096979986
88.87,1317290.193538767,11025410.0,49.86827098064612
88.88,1317604.6979940282,11025940.0,49.8682395302006
88.89,1317904.5764467644,11026480.0,49.86820954235532
88.9,1318154.1898274673,11027010.0,49.86818458101725
88.91,1318323.9730339125,11027480.0,49.86816760269661
88.92,1318393.0620040484,11027880.0,49.868160693799595
88.93,1318351.302928349,11028170.0,49.868164869707165
88.94,1318199.62186583,11028360.0,49.86818003781342
88.95,1317949.3355609395,11028430.0,49.868205066443906
88.96,1317622.2448646512,11028400.0,49.868237775513535
88.97,1317250.226785447,11028290.0,49.868274977321455
88.98,1316871.9805754137,11028130.0,49.86831280194246
88.99,1316527.108793224,11027970.0,49.86834728912068
89.0,1316250.3985299878,11027840.0,49.868374960147
89.01,1316068.0439398221,11027780.0,49.86839319560602
89.02,1315995.0829332701,11027810.0,49.86840049170667
89.03,1316034.459376354,11027940.0,49.868396554062365
89.04,1316178.250307516,11028190.0,49.86838217496925
89.05,1316408.853670481,11028540.0,49.86835911463295
89.06,1316699.5175733122,11028980.0,49.86833004824267
89.07,1317015.7261531302,11029470.0,49.86829842738469
89.08,1317319.585732548,11029990.0,49.868268041426745
89.09,1317575.23703115,11030500.0,49.868242476296885
89.1,1317752.7110323694,11030950.0,49.86822472889676
89.11,1317830.5985599791,11031320.0,49.868216940144
89.12,1317798.1257669558,11031600.0,49.868220187423304
89.13,1317655.6221269919,11031760.0,49.8682344377873
89.14,1317413.801227545,11031800.0,49.868258619877246
89.15,1317093.8485261274,11031750.0,49.86829061514739
89.16,1316727.0964314782,11031620.0,49.86832729035685
89.17,1316351.9754875354,11031430.0,49.86836480245125
89.18,1316008.1751370712,11031240.0,49.86839918248629
89.19,1315730.8375031818,11031080.0,49.86842691624968
89.2,1315546.6891765855,11030980.0,49.86844533108234
89.21,1315471.4223514218,11030970.0,49.86845285776486
89.22,1315508.631226834,11031070.0,49.86844913687732
89.23,1315650.9421754947,11031280.0,49.86843490578245
89.24,1315881.2704504896,11031590.0,49.86841187295495
89.25,1316173.3556134435,11031990.0,49.868382664438656
89.26,1316493.046437941,11032440.0,49.868350695356206
89.27,1316802.5352310054,11032920.0,49.8683197464769
89.28,1317065.754491793,11033390.0,49.86829342455082
89.29,1317252.3429576443,11033820.0,49.868274765704236
89.3,1317340.3584153221,11034160.0,49.86826596415847
89.31,1317318.416582225,11034400.0,49.86826815834178
89.32,1317186.253168927,11034520.0,49.86828137468311
89.33,1316953.9769454985,11034540.0,49.86830460230545
89.34,1316642.1536821816,11034450.0,49.86833578463178
89.35,1316281.5635656954,11034280.0,49.86837184364343
89.36,1315910.3584253984,11034060.0,49.86840896415746
89.37,1315568.3051268596,11033820.0,49.868443169487314
89.38,1315290.8925296457,11033610.0,49.868470910747035
89.39,1315105.372874328,11033470.0,49.86848946271257
89.4,1315028.0897247768,11033410.0,49.86849719102752
89.41,1315063.2901296434,11033460.0,49.868493670987036
89.42,1315204.1578832297,11033610.0,49.86847958421168
89.43,1315434.1372055002,11033870.0,49.86845658627945
89.44,1315727.4735070246,11034220.0,49.8684272526493
89.45,1316050.3979499084,11034620.0,49.86839496020501
89.46,1316365.206452801,11035060.0,49.86836347935472
89.47,1316635.6387853995,11035480.0,49.86833643612146
89.48,1316830.9570708913,11035850.0,49.86831690429291
89.49,1316928.7009357333,11036150.0,49.86830712990643
89.5,1316916.8872636305,11036340.0,49.86830831127364
89.51,1316794.6666934683,11036420.0,49.86832053333065
89.52,1316571.5478158547,11036390.0,49.868342845218415
89.53,1316267.477564992,11036260.0,49.8683732522435
89.54,1315912.682037066,11036040.0,49.86840873179629
89.55,1315545.0300920536,11035760.0,49.868445496990795
89.56,1315204.36160244,11035470.0,49.868479563839756
89.57,1314926.5082176242,11035200.0,49.86850734917824
89.58,1314739.2444896866,11035000.0,49.86852607555103
89.59,1314659.5644549564,11034880.0,49.868534043554504
89.6,1314692.3718652914,11034860.0,49.86853076281347
89.61,1314831.4168473263,11034950.0,49.86851685831527
89.62,1315060.684642475,11035150.0,49.86849393153575
89.63,1315354.9394490938,11035430.0,49.86846450605509
89.64,1315680.8077870607,11035770.0,49.868431919221294
89.65,1316000.7020304932,11036140.0,49.86839992979695
89.66,1316278.1806871493,11036500.0,49.868372181931285
89.67,1316482.1410505567,11036820.0,49.868351785894944
89.68,1316589.6166837853,11037060.0,49.86834103833162
89.69,1316588.0264569551,11037200.0,49.868341197354304
89.7,1316475.9330135921,11037220.0,49.86835240669864
89.71,1316262.268310524,11037130.0,49.86837377316895
89.72,1315966.3763826757,11036940.0,49.86840336236173
89.73,1315617.9388851542,11036660.0,49.868438206111485
89.74,1315254.5412646078,11036320.0,49.86847454587354
89.75,1314916.0909519254,11035970.0,49.86850839090481
89.76,1314638.7545267402,11035630.0,49.868536124547326
89.77,1314450.8209739313,11035360.0,49.86855491790261
89.78,1314369.927660053,11035160.0,49.868563007233995
89.79,1314401.6317918529,11035080.0,49.868559836820815
89.8,1314540.237618189,11035100.0,49.86854597623818
89.81,1314770.240768226,11035220.0,49.86852297592318
89.82,1315066.8921632303,11035430.0,49.86849331078368
89.83,1315397.1994456272,11035710.0,49.86846028005544
89.84,1315723.6848916654,11036010.0,49.86842763151083
89.85,1316009.7237673795,11036310.0,49.86839902762326
89.86,1316223.8496148859,11036560.0,49.86837761503851
89.87,1316342.5941807816,11036740.0,49.86836574058192
89.88,1316352.764696518,11036810.0,49.86836472353035
89.89,1316252.3212227484,11036780.0,49.868374767877725
89.9,1316049.6463133597,11036630.0,49.868395035368664
89.91,1315763.5241193334,11036370.0,49.86842364758807
89.92,1315423.1111781911,11036030.0,49.86845768888218
89.93,1315065.7123870247,11035630.0,49.8684934287613
89.94,1314731.29705725,11035210.0,49.868526870294275
89.95,1314456.3618946848,11034810.0,49.86855436381053
89.96,1314269.7086087908,11034460.0,49.86857302913912
89.97,1314189.613510237,11034200.0,49.868581038648976
89.98,1314222.2870693132,11034040.0,49.86857777129307
89.99,1314362.5853879827,11033990.0,49.8685637414612
90.0,1314595.501451592,11034050.0,49.86854044985484
90.0,1314595.501451592,11034050.0,49.86854044985484
