t_rosco,torque_offset_nm,gen_tq_meas_nm,f_grid_hz
0.0,0.0,0.0,50.0
0.0,0.0,0.0,50.0
0.0,0.0,0.0,50.0
0.01,-0.0,19786770.0,50.00154374215734
0.02,-0.0,19786770.0,50.00318896993493
0.03,-0.0,19786770.0,50.00521729066264
0.04,-0.0,19786770.0,50.00752061520299
0.05,-0.0,19786770.0,50.00752061520299
0.06,-0.0,19786780.0,50.01263932685951
0.07,-0.0,19786790.0,50.01263932685951
0.08,-0.0,19786800.0,50.018088331268274
0.09,-0.0,19786810.0,50.020848264694415
0.1,-0.0,19786830.0,50.023600393427905
0.11,-0.0,19786850.0,50.02632768518133
0.12,-0.0,19786880.0,50.02901680763179
0.13,-0.0,19786920.0,50.03165722747448
0.14,-0.0,19786960.0,50.034240536651076
0.15,-0.0,19787000.0,50.03675994611856
0.16,-0.0,19787060.0,50.03920990271046
0.17,-0.0,19787120.0,50.03920990271046
0.18,-0.0,19787190.0,50.043883751366856
0.19,-0.0,19787260.0,50.043883751366856
0.2,-0.0,19787350.0,50.0461004252715
0.21,-0.0,19787440.0,50.04823293954017
0.22,-0.0,19787540.0,50.050278789067995
0.23,-0.0,19787660.0,50.05223587191938
0.24,-0.0,19787780.0,50.054102552088075
0.25,-0.0,19787910.0,50.05587771012587
0.26,-0.0,19788060.0,50.057560777806046
0.27,-0.0,19788210.0,50.05915176497992
0.28,-0.0,19788380.0,50.06065128092075
0.29,-0.0,19788560.0,50.06206054862238
0.3,-0.0,19788750.0,50.06338140904312
0.31,-0.0,19788960.0,50.06461631255039
0.32,-0.0,19789180.0,50.06576829503992
0.33,-0.0,19789410.0,50.06684093720535
0.34,-0.0,19789650.0,50.06783830723196
0.35,-0.0,19789910.0,50.068764888786276
0.36,-0.0,19790180.0,50.0696254971429
0.37,-0.0,19790470.0,50.07042518826508
0.38,-0.0,19790770.0,50.07116916640854
0.39,-0.0,19791090.0,50.071862695706
0.4,-0.0,19791420.0,50.07251102134498
0.41,-0.0,19791770.0,50.07311930550651
0.42,-0.0,19792130.0,50.073692581557836
0.43,-0.0,19792510.0,50.07423572801733
0.44,-0.0,19792910.0,50.07475346194229
0.45,-0.0,19793320.0,50.07525034874203
0.46,-0.0,19793750.0,50.075730824022266
0.47,-0.0,19794200.0,50.076199221390596
0.48,-0.0,19794660.0,50.07665979917131
0.49,-0.0,19795150.0,50.077116759969606
0.5,-0.0,19795650.0,50.07757425775055
0.51,-0.0,19796170.0,50.07803638834298
0.52,-0.0,19796700.0,50.07850716205817
0.53,-0.0,19797260.0,50.0789904590928
0.54,-0.0,19797830.0,50.07948997020733
0.55,-0.0,19798420.0,50.08000912705404
0.56,-0.0,19799030.0,50.0805510281226
0.57,-0.0,19799660.0,50.08111836697368
0.58,-0.0,19800310.0,50.081713369709604
0.59,-0.0,19800980.0,50.082337748157414
0.6,-0.0,19801670.0,50.082992673735724
0.61,-0.0,19802380.0,50.083678775546446
0.62,-0.0,19803110.0,50.08439616355444
0.63,-0.0,19803860.0,50.08514447460285
0.64,-0.0,19804630.0,50.085922937244796
0.65,-0.0,19805420.0,50.08673044877643
0.66,-0.0,19806230.0,50.08756565681358
0.67,-0.0,19807060.0,50.08842703751797
0.68,-0.0,19807910.0,50.08931296274886
0.69,-0.0,19808780.0,50.09022175093948
0.7,-0.0,19809670.0,50.09115169798416
0.71,-0.0,19810590.0,50.09210108651752
0.72,-0.0,19811520.0,50.09306817506902
0.73,-0.0,19812480.0,50.094051170245734
0.74,-0.0,19813460.0,50.09504818702003
0.75,-0.0,19814460.0,50.096057203504884
0.76,-0.0,19815480.0,50.097076017043506
0.77,-0.0,19816520.0,50.098102209051454
0.78,-0.0,19817590.0,50.09913312471404
0.79,-0.0,19818670.0,50.10016587254727
0.8,-0.0,19819780.0,50.101197346796845
0.81,-0.0,19820910.0,50.10222427256789
0.82,-0.0,19822060.0,50.103243275572765
0.83,-0.0,19823230.0,50.10425098481897
0.84,-0.0,19824430.0,50.105244137531834
0.85,-0.0,19825650.0,50.10621965677675
0.86,-0.0,19826890.0,50.10717469865747
0.87,-0.0,19828150.0,50.108106678290746
0.88,-0.0,19829430.0,50.1090133026303
0.89,-0.0,19830740.0,50.10989259666931
0.9,-0.0,19832070.0,50.11074290390272
0.91,-0.0,19833420.0,50.111562859694146
0.92,-0.0,19834790.0,50.112351343531024
0.93,-0.0,19836190.0,50.11310741720172
0.94,-0.0,19837600.0,50.11383025634315
0.95,-0.0,19839040.0,50.114519084211864
0.96,-0.0,19840500.0,50.115173115915525
0.97,-0.0,19841990.0,50.11579152026702
0.98,-0.0,19843490.0,50.116373405060166
0.99,-0.0,19845020.0,50.116917828656625
1.0,-0.0,19846570.0,50.1174238377348
1.01,-0.0,19848140.0,50.1178905277474
1.02,-0.0,19849740.0,50.118317119707754
1.03,-0.0,19851360.0,50.11870304435673
1.04,-0.0,19853000.0,50.11904802418668
1.05,-0.0,19854660.0,50.11935214357229
1.06,-0.0,19856340.0,50.119615898394
1.07,-0.0,19858050.0,50.119840219578904
1.08,-0.0,19859770.0,50.12002646694809
1.09,-0.0,19861520.0,50.1201763933364
1.1,-0.0,19863290.0,50.12029208167026
1.11,-0.0,19865090.0,50.120375860398994
1.12,-0.0,19866900.0,50.12043020468495
1.13,-0.0,19868740.0,50.120457632334634
1.14,-0.0,19870590.0,50.120460604490546
1.15,0.0,19872470.0,50.12044144060738
1.16,0.0,19874380.0,50.12040225646941
1.17,0.0,19876300.0,50.120344931637575
1.18,0.0,19878240.0,50.12027110976568
1.19,0.0,19880210.0,50.12018223112581
1.2,0.0,19882190.0,50.12007959246767
1.21,0.0,19884200.0,50.11996442626712
1.22,0.0,19886230.0,50.11983798860275
1.23,0.0,19888280.0,50.119701643677
1.24,0.0,19890350.0,50.11955693403105
1.25,0.0,19892450.0,50.119405627071764
1.26,0.0,19894560.0,50.11924973157543
1.27,0.0,19896690.0,50.119091481608315
1.28,0.0,19898850.0,50.11893328838227
1.29,0.0,19901020.0,50.11877766424991
1.3,0.0,19903220.0,50.118627125720074
1.31,0.0,19905430.0,50.118484084590605
1.32,0.0,19907670.0,50.11835073802807
1.33,0.0,19909930.0,50.11822896886817
1.34,0.0,19912200.0,50.11812026711526
1.35,0.0,19914500.0,50.118025681974906
1.36,0.0,19916820.0,50.11794581086843
1.37,0.0,19919150.0,50.11788082746077
1.38,0.0,19921510.0,50.117830546461526
1.39,0.0,19923880.0,50.11779451814721
1.4,0.0,19926280.0,50.1177721412692
1.41,0.0,19928690.0,50.11776278129747
1.42,-0.0,19931130.0,50.11776587973931
1.43,-0.0,19933580.0,50.117781042339985
1.44,-0.0,19936050.0,50.117808096445785
1.45,-0.0,19938540.0,50.11784711159072
1.46,-0.0,19941050.0,50.117898381849116
1.47,-0.0,19943580.0,50.11796237256083
1.48,-0.0,19946130.0,50.11803963704307
1.49,-0.0,19948690.0,50.11813071221977
1.5,-0.0,19951280.0,50.118236004366366
1.51,-0.0,19953880.0,50.11835567713676
1.52,-0.0,19956500.0,50.118489555002164
1.53,-0.0,19959140.0,50.11863705410266
1.54,-0.0,19961790.0,50.118797150329286
1.55,-0.0,19964470.0,50.11896839068084
1.56,-0.0,19967160.0,50.11914894895606
1.57,-0.0,19969870.0,50.11933672120804
1.58,-0.0,19972590.0,50.11952947006802
1.59,-0.0,19975340.0,50.119724997062974
1.6,-0.0,19978100.0,50.119921289778915
1.61,-0.0,19980870.0,50.12011660931993
1.62,-0.0,19983670.0,50.12030953892649
1.63,-0.0,19986480.0,50.12049903237082
1.64,-0.0,19989300.0,50.120684442242116
1.65,-0.0,19992140.0,50.12086550274228
1.66,-0.0,19995000.0,50.12104226763867
1.67,-0.0,19997880.0,50.121215012666774
1.68,-0.0,20000770.0,50.121384113478165
1.69,-0.0,20003670.0,50.12154991306471
1.7,-0.0,20006590.0,50.1217125932679
1.71,-0.0,20009530.0,50.12187206489751
1.72,-0.0,20012480.0,50.122027890629916
1.73,-0.0,20015450.0,50.12217925155337
1.74,-0.0,20018430.0,50.12232496333577
1.75,-0.0,20021420.0,50.1224635419701
1.76,-0.0,20024430.0,50.12259331427074
1.77,-0.0,20027460.0,50.12271258341521
1.78,-0.0,20030490.0,50.12281981044217
1.79,-0.0,20033550.0,50.1229137558862
1.8,-0.0,20036610.0,50.12299355743403
1.81,-0.0,20039690.0,50.12305879093619
1.82,-0.0,20042780.0,50.123109521640316
1.83,-0.0,20045890.0,50.123146313326025
1.84,-0.0,20049000.0,50.12317018370101
1.85,-0.0,20052140.0,50.12318251266319
1.86,-0.0,20055280.0,50.123184913632244
1.87,0.0,20058440.0,50.123179081386525
1.88,0.0,20061600.0,50.12316663193251
1.89,0.0,20064780.0,50.123148951177484
1.9,0.0,20067980.0,50.12312706942629
1.91,0.0,20071180.0,50.12310157706003
1.92,0.0,20074390.0,50.12307259335679
1.93,0.0,20077620.0,50.12303979402903
1.94,0.0,20080860.0,50.123002496047334
1.95,0.0,20084110.0,50.12295979247615
1.96,0.0,20087360.0,50.122910747883296
1.97,0.0,20090630.0,50.122854600620414
1.98,0.0,20093910.0,50.12279090942682
1.99,0.0,20097200.0,50.122719628934064
2.0,0.0,20100500.0,50.1226411762393
2.01,0.0,20103810.0,50.12255647406387
2.02,0.0,20107130.0,50.122466938948826
2.03,0.0,20110460.0,50.12237440886367
2.04,0.0,20113800.0,50.12228102034433
2.05,0.0,20117150.0,50.122189047858726
2.06,0.0,20120500.0,50.12210072121537
2.07,0.0,20123860.0,50.1219424749623
2.08,0.0,20127240.0,50.12187500590978
2.09,0.0,20130620.0,50.121816133043374
2.1,0.0,20134010.0,50.1217657136166
2.11,0.0,20137400.0,50.121723017567135
2.12,0.0,20140810.0,50.12168685134478
2.13,0.0,20144220.0,50.121655777108586
2.14,0.0,20147640.0,50.121628377074224
2.15,0.0,20151070.0,50.12160347449333
2.16,0.0,20154500.0,50.121580266125996
2.17,0.0,20157940.0,50.12155837401808
2.18,0.0,20161390.0,50.121537873994306
2.19,0.0,20164840.0,50.12151933016076
2.2,0.0,20168300.0,50.121503787249644
2.21,0.0,20171760.0,50.12149269032706
2.22,0.0,20175240.0,50.121487745796514
2.23,-0.0,20178710.0,50.12149074048124
2.24,-0.0,20182190.0,50.12150333891552
2.25,-0.0,20185680.0,50.12152688056625
2.26,-0.0,20189180.0,50.12156219989701
2.27,-0.0,20192670.0,50.121609491766286
2.28,-0.0,20196180.0,50.1216682414357
2.29,-0.0,20199680.0,50.121737231885014
2.3,-0.0,20203190.0,50.121814632239726
2.31,-0.0,20206710.0,50.12189820876193
2.32,-0.0,20210230.0,50.121985630400104
2.33,-0.0,20213750.0,50.12207475878678
2.34,-0.0,20217280.0,50.1221638474105
2.35,-0.0,20220810.0,50.12225165113389
2.36,-0.0,20224350.0,50.12233744975097
2.37,-0.0,20227880.0,50.122421036183354
2.38,-0.0,20231430.0,50.12250273387247
2.39,-0.0,20234970.0,50.12258338745742
2.4,-0.0,20238520.0,50.122664272112615
2.41,-0.0,20242070.0,50.12274693491909
2.42,-0.0,20245620.0,50.12283299033095
2.43,-0.0,20249170.0,50.12292389390909
2.44,-0.0,20252730.0,50.12302072003044
2.45,-0.0,20256280.0,50.123123970136604
2.46,-0.0,20259840.0,50.12323343735776
2.47,-0.0,20263410.0,50.12334814851669
2.48,-0.0,20266970.0,50.12346639613294
2.49,-0.0,20270530.0,50.12358587503694
2.5,-0.0,20274100.0,50.12370398666588
2.51,-0.0,20277660.0,50.123818198905845
2.52,-0.0,20281230.0,50.12392633544282
2.53,-0.0,20284800.0,50.12402676503738
2.54,-0.0,20288370.0,50.12411849131414
2.55,-0.0,20291940.0,50.124201147702266
2.56,-0.0,20295510.0,50.12427497123794
2.57,-0.0,20299080.0,50.124340812608814
2.58,-0.0,20302650.0,50.124400110051894
2.59,-0.0,20306220.0,50.12445476816636
2.6,-0.0,20309780.0,50.124506962192825
2.61,-0.0,20313350.0,50.124558877078904
2.62,-0.0,20316920.0,50.1246124366062
2.63,-0.0,20320490.0,50.12466907800675
2.64,-0.0,20324060.0,50.12472956984671
2.65,-0.0,20327620.0,50.12479387308599
2.66,-0.0,20331190.0,50.12486108790074
2.67,-0.0,20334750.0,50.12492950796794
2.68,-0.0,20338320.0,50.124996831340106
2.69,-0.0,20341880.0,50.12506053433523
2.7,-0.0,20345440.0,50.125118267125266
2.71,-0.0,20349000.0,50.1251681497959
2.72,-0.0,20352550.0,50.125208955686176
2.73,-0.0,20356110.0,50.12524018077868
2.74,-0.0,20359660.0,50.1252620100431
2.75,-0.0,20363210.0,50.12527528671208
2.76,-0.0,20366760.0,50.125281515589
2.77,-0.0,20370310.0,50.12528281083104
2.78,0.0,20373850.0,50.12528173605979
2.79,0.0,20377400.0,50.12528103128888
2.8,-0.0,20380940.0,50.12528331613999
2.81,-0.0,20384470.0,50.125290811037694
2.82,-0.0,20388010.0,50.12530508864046
2.83,-0.0,20391540.0,50.1253269095694
2.84,-0.0,20395070.0,50.125356105269205
2.85,-0.0,20398590.0,50.12539153351383
2.86,-0.0,20402120.0,50.125431166315934
2.87,-0.0,20405630.0,50.12547240409905
2.88,-0.0,20409150.0,50.125512527869645
2.89,-0.0,20412660.0,50.125549116683196
2.9,-0.0,20416170.0,50.12558034266307
2.91,-0.0,20419680.0,50.12560513853681
2.92,-0.0,20423180.0,50.12562323696944
2.93,-0.0,20426680.0,50.12563509911509
2.94,-0.0,20430180.0,50.1256418698607
2.95,-0.0,20433670.0,50.12564537114922
2.96,-0.0,20437150.0,50.125648025207546
2.97,-0.0,20440640.0,50.125652635300355
2.98,-0.0,20444120.0,50.12566210123327
2.99,-0.0,20447590.0,50.12567911160938
3.0,-0.0,20451060.0,50.12570583465518
3.01,-0.0,20454530.0,50.12574363574976
3.02,-0.0,20457990.0,50.12579288604909
3.03,-0.0,20461450.0,50.12585285382234
3.04,-0.0,20464910.0,50.12592169987325
3.05,-0.0,20468360.0,50.12599665729238
3.06,-0.0,20471800.0,50.12607447193229
3.07,-0.0,20475240.0,50.126151926073945
3.08,-0.0,20478680.0,50.12622626419719
3.09,-0.0,20482110.0,50.12629548164247
3.1,-0.0,20485540.0,50.12635846810619
3.11,-0.0,20488960.0,50.12641500812426
3.12,-0.0,20492380.0,50.126465665553596
3.13,-0.0,20495800.0,50.12651172403218
3.14,-0.0,20499200.0,50.12655517117882
3.15,-0.0,20502610.0,50.12659859516664
3.16,-0.0,20506010.0,50.12664494603367
3.17,-0.0,20509400.0,50.12669722221321
3.18,-0.0,20512790.0,50.12675812443583
3.19,-0.0,20516180.0,50.12682970484331
3.2,-0.0,20519560.0,50.12691305727589
3.21,-0.0,20522930.0,50.127008105066736
3.22,-0.0,20526300.0,50.127113503783974
3.23,-0.0,20529660.0,50.127226686042356
3.24,-0.0,20533020.0,50.12734418092474
3.25,-0.0,20536380.0,50.127462167948686
3.26,-0.0,20539730.0,50.12757704398061
3.27,-0.0,20543070.0,50.12768585321372
3.28,-0.0,20546410.0,50.127786563492
3.29,-0.0,20549750.0,50.12787817778291
3.3,-0.0,20553070.0,50.127960687431695
3.31,-0.0,20556400.0,50.12803490848074
3.32,-0.0,20559720.0,50.12810242204413
3.33,-0.0,20563030.0,50.12816555511528
3.34,-0.0,20566340.0,50.128227234728286
3.35,-0.0,20569640.0,50.128290715635494
3.36,-0.0,20572940.0,50.12835923119886
3.37,-0.0,20576230.0,50.1284356054414
3.38,-0.0,20579520.0,50.12852186821597
3.39,-0.0,20582810.0,50.128618924824565
3.4,-0.0,20586080.0,50.12872634587408
3.41,-0.0,20589360.0,50.12884229401402
3.42,-0.0,20592620.0,50.1289636265532
3.43,-0.0,20595890.0,50.129086365182204
3.44,-0.0,20599140.0,50.12920635589499
3.45,-0.0,20602400.0,50.129319860458374
3.46,-0.0,20605640.0,50.129423988912315
3.47,-0.0,20608890.0,50.129516954679865
3.48,-0.0,20612120.0,50.129598142654295
3.49,-0.0,20615350.0,50.12966800414953
3.5,-0.0,20618580.0,50.12972786219496
3.51,-0.0,20621800.0,50.129779852887204
3.52,-0.0,20625020.0,50.12982688403562
3.53,-0.0,20628230.0,50.12987243493112
3.54,-0.0,20631440.0,50.12992023630921
3.55,-0.0,20634640.0,50.12997388502577
3.56,-0.0,20637840.0,50.130036416429036
3.57,-0.0,20641030.0,50.13010988712183
3.58,-0.0,20644220.0,50.130195027052395
3.59,-0.0,20647410.0,50.13029104285274
3.6,-0.0,20650580.0,50.13039557834267
3.61,-0.0,20653760.0,50.13050494060797
3.62,-0.0,20656930.0,50.13061470245713
3.63,-0.0,20660090.0,50.13072043828583
3.64,-0.0,20663250.0,50.13081828143755
3.65,-0.0,20666410.0,50.13090532227938
3.66,-0.0,20669560.0,50.130979913577676
3.67,-0.0,20672710.0,50.13104176314121
3.68,-0.0,20675850.0,50.131091757640554
3.69,-0.0,20678990.0,50.1311317299578
3.7,-0.0,20682120.0,50.13116438552333
3.71,-0.0,20685250.0,50.131193206056146
3.72,-0.0,20688370.0,50.13122220621544
3.73,-0.0,20691490.0,50.131255576463
3.74,-0.0,20694610.0,50.13129724829698
3.75,-0.0,20697720.0,50.131350418575074
3.76,-0.0,20700830.0,50.13141709362267
3.77,-0.0,20703930.0,50.13149772490567
3.78,-0.0,20707030.0,50.13159102423942
3.79,-0.0,20710130.0,50.131693966794124
3.8,-0.0,20713220.0,50.13180217973753
3.81,-0.0,20716310.0,50.13191069582732
3.82,-0.0,20719390.0,50.13201468232804
3.83,-0.0,20722470.0,50.13210995583519
3.84,-0.0,20725550.0,50.132193405432126
3.85,-0.0,20728620.0,50.13226336980476
3.86,-0.0,20731690.0,50.13231975342259
3.87,-0.0,20734760.0,50.132363782448174
3.88,-0.0,20737820.0,50.132397723096034
3.89,-0.0,20740880.0,50.13242478360017
3.9,-0.0,20743930.0,50.13244897674244
3.91,-0.0,20746990.0,50.13247481894017
3.92,-0.0,20750030.0,50.13250692210256
3.93,-0.0,20753080.0,50.13254949732156
3.94,-0.0,20756120.0,50.13260582465152
3.95,-0.0,20759160.0,50.13267775547086
3.96,-0.0,20762200.0,50.13276533152757
3.97,-0.0,20765230.0,50.13286661651832
3.98,-0.0,20768260.0,50.13297777061679
3.99,-0.0,20771290.0,50.13309365170592
4.0,-0.0,20774310.0,50.13320868647963
4.01,-0.0,20777330.0,50.13331753730997
4.02,-0.0,20780350.0,50.13341562682455
4.03,-0.0,20783370.0,50.13349965116104
4.04,-0.0,20786380.0,50.133567996025775
4.05,-0.0,20789390.0,50.13362083995199
4.06,-0.0,20792400.0,50.13365982753479
4.07,-0.0,20795410.0,50.133687755080246
4.08,-0.0,20798410.0,50.13370842607342
4.09,-0.0,20801410.0,50.133726463981176
4.1,-0.0,20804410.0,50.13374695992569
4.11,-0.0,20807410.0,50.133774998095035
4.12,-0.0,20810410.0,50.133815093065216
4.13,-0.0,20813400.0,50.133870598901694
4.14,-0.0,20816390.0,50.13394316813569
4.15,-0.0,20819380.0,50.13403235922591
4.16,-0.0,20822370.0,50.13413550153142
4.17,-0.0,20825350.0,50.13424794203512
4.18,-0.0,20828340.0,50.13436383066225
4.19,-0.0,20831320.0,50.13447696966329
4.2,-0.0,20834300.0,50.13458147961759
4.21,-0.0,20837280.0,50.134672422117845
4.22,-0.0,20840260.0,50.134746393908344
4.23,-0.0,20843230.0,50.13480195771144
4.24,-0.0,20846210.0,50.13483969911165
4.25,-0.0,20849180.0,50.13486180009156
4.26,-0.0,20852150.0,50.13487171131909
4.27,-0.0,20855120.0,50.13487398060672
4.28,-0.0,20858090.0,50.134873983698704
4.29,-0.0,20861060.0,50.13487749991854
4.3,-0.0,20864030.0,50.134890166445764
4.31,-0.0,20867000.0,50.134916843840806
4.32,-0.0,20869960.0,50.134960960029694
4.33,-0.0,20872930.0,50.135023925993885
4.34,-0.0,20875890.0,50.13510474602495
4.35,-0.0,20878850.0,50.13519994290382
4.36,-0.0,20881820.0,50.135304020130455
4.37,-0.0,20884780.0,50.135410374268176
4.38,-0.0,20887740.0,50.13551213321826
4.39,-0.0,20890700.0,50.13560287205314
4.4,-0.0,20893660.0,50.13567736409696
4.41,-0.0,20896620.0,50.13573222916544
4.42,-0.0,20899580.0,50.13576635604983
4.43,-0.0,20902530.0,50.13578087366105
4.44,0.0,20905490.0,50.13577864190593
4.45,0.0,20908450.0,50.13576389808247
4.46,0.0,20911400.0,50.13574203212622
4.47,0.0,20914360.0,50.135719239137764
4.48,0.0,20917310.0,50.135702029650695
4.49,0.0,20920270.0,50.135696603542826
4.5,-0.0,20923220.0,50.135708134970955
4.51,-0.0,20926180.0,50.13574004530723
4.52,-0.0,20929130.0,50.13579337777397
4.53,-0.0,20932080.0,50.135866449397305
4.54,-0.0,20935040.0,50.13595484778401
4.55,-0.0,20937990.0,50.13605215046294
4.56,-0.0,20940940.0,50.136150886127105
4.57,-0.0,20943890.0,50.13624339871263
4.58,-0.0,20946840.0,50.13632270073528
4.59,-0.0,20949790.0,50.136383335901435
4.6,-0.0,20952740.0,50.136422055207575
4.61,-0.0,20955690.0,50.13643820128226
4.62,0.0,20958640.0,50.13643354582248
4.63,0.0,20961590.0,50.13641172302121
4.64,0.0,20964530.0,50.13637781299385
4.65,0.0,20967480.0,50.13633808082687
4.66,0.0,20970430.0,50.13629956413508
4.67,0.0,20973370.0,50.136269501578525
4.68,0.0,20976320.0,50.136254616740395
4.69,-0.0,20979260.0,50.13626031118837
4.7,-0.0,20982200.0,50.136289861001735
4.71,-0.0,20985150.0,50.136343755822224
4.72,-0.0,20988090.0,50.13641938150087
4.73,-0.0,20991030.0,50.13651122189026
4.74,-0.0,20993970.0,50.1366117804527
4.75,-0.0,20996910.0,50.13671257899329
4.76,-0.0,20999850.0,50.136805096782446
4.77,-0.0,21002780.0,50.13688179716483
4.78,-0.0,21005720.0,50.136937074075526
4.79,-0.0,21008660.0,50.13696792788115
4.8,-0.0,21011590.0,50.1369742770584
4.81,0.0,21014520.0,50.13695861982244
4.82,0.0,21017450.0,50.13692541616569
4.83,0.0,21020380.0,50.13688065759175
4.84,0.0,21023310.0,50.136831542409745
4.85,0.0,21026240.0,50.13678598586887
4.86,0.0,21029170.0,50.13675195580682
4.87,0.0,21032090.0,50.13673665658202
4.88,-0.0,21035010.0,50.13674562035067
4.89,-0.0,21037930.0,50.136781824760945
4.9,-0.0,21040850.0,50.136845016415954
4.91,-0.0,21043770.0,50.13693145404802
4.92,-0.0,21046680.0,50.1370343933121
4.93,-0.0,21049600.0,50.13714510284334
4.94,-0.0,21052510.0,50.1372539593803
4.95,-0.0,21055420.0,50.13735154778322
4.96,-0.0,21058320.0,50.13742984966473
4.97,-0.0,21061230.0,50.13748324273838
4.98,-0.0,21064130.0,50.13750914111807
4.99,0.0,21067030.0,50.13750819926147
5.0,0.0,21069930.0,50.13748376460584
5.01,0.0,21072820.0,50.13744123385242
5.02,0.0,21075720.0,50.13738761904328
5.03,0.0,21078600.0,50.13733113380463
5.04,0.0,21081490.0,50.13728061824102
5.05,0.0,21084370.0,50.137244777333656
5.06,0.0,21087250.0,50.137231252585835
5.07,-0.0,21090130.0,50.13724560175975
5.08,-0.0,21093010.0,50.13729033889432
5.09,-0.0,21095880.0,50.137364251848304
5.1,-0.0,21098740.0,50.137462264041396
5.11,-0.0,21101610.0,50.137576262884
5.12,-0.0,21104470.0,50.137696197138894
5.13,-0.0,21107320.0,50.13781125536821
5.14,-0.0,21110180.0,50.13791119731047
5.15,-0.0,21113020.0,50.13798767437938
5.16,-0.0,21115870.0,50.138035249020604
5.17,-0.0,21118710.0,50.13805196344826
5.18,0.0,21121550.0,50.13803940205863
5.19,0.0,21124380.0,50.13800193937533
5.2,0.0,21127200.0,50.13794602671101
5.21,0.0,21130030.0,50.13787977120351
5.22,0.0,21132850.0,50.13781246086958
5.23,0.0,21135660.0,50.137753898292836
5.24,0.0,21138470.0,50.13771352690849
5.25,0.0,21141270.0,50.13769937174172
5.26,-0.0,21144070.0,50.13771689495727
5.27,-0.0,21146860.0,50.13776796190258
5.28,-0.0,21149650.0,50.1378501995543
5.29,-0.0,21152430.0,50.137957079918074
5.3,-0.0,21155210.0,50.13807891859352
5.31,-0.0,21157980.0,50.13820415324462
5.32,-0.0,21160740.0,50.138320725177486
5.33,-0.0,21163500.0,50.13841764106181
5.34,-0.0,21166250.0,50.138486387677595
5.35,-0.0,21169000.0,50.138521925628176
5.36,-0.0,21171740.0,50.13852314447137
5.37,0.0,21174480.0,50.138492694838654
5.38,0.0,21177200.0,50.138436112714324
5.39,0.0,21179920.0,50.13836107127345
5.4,0.0,21182640.0,50.138276919207435
5.41,0.0,21185340.0,50.13819412926671
5.42,0.0,21188040.0,50.13812353264585
5.43,0.0,21190740.0,50.13807531902174
5.44,0.0,21193420.0,50.13805782892331
5.45,-0.0,21196100.0,50.138076277682366
5.46,-0.0,21198770.0,50.13813165992455
5.47,-0.0,21201430.0,50.13822019163246
5.48,-0.0,21204090.0,50.13833372875737
5.49,-0.0,21206740.0,50.13846090746304
5.5,-0.0,21209380.0,50.13858859876235
5.51,-0.0,21212010.0,50.13870356426724
5.52,-0.0,21214630.0,50.1387942259812
5.53,-0.0,21217240.0,50.13885213919583
5.54,-0.0,21219850.0,50.13887291452659
5.55,0.0,21222450.0,50.13885651851656
5.56,0.0,21225030.0,50.13880680412657
5.57,0.0,21227610.0,50.13873056474322
5.58,0.0,21230180.0,50.13863678106917
5.59,0.0,21232740.0,50.13853610998758
5.6,0.0,21235300.0,50.13844024332671
5.61,0.0,21237840.0,50.13836103472954
5.62,0.0,21240370.0,50.138309350674106
5.63,0.0,21242890.0,50.138293693673766
5.64,-0.0,21245410.0,50.13831878972144
5.65,-0.0,21247910.0,50.13838445599465
5.66,-0.0,21250400.0,50.138485177821416
5.67,-0.0,21252880.0,50.13861089793663
5.68,-0.0,21255360.0,50.13874835770401
5.69,-0.0,21257820.0,50.138882760894724
5.7,-0.0,21260270.0,50.13899974705264
5.71,-0.0,21262710.0,50.139087329015084
5.72,-0.0,21265140.0,50.13913737005945
5.73,-0.0,21267560.0,50.13914637783202
5.74,0.0,21269970.0,50.13911560680686
5.75,0.0,21272360.0,50.13905025296632
5.76,0.0,21274750.0,50.13895842748667
5.77,0.0,21277120.0,50.1388504491715
5.78,0.0,21279480.0,50.138738298890416
5.79,0.0,21281830.0,50.13863489176408
5.8,0.0,21284170.0,50.13855307317902
5.81,0.0,21286500.0,50.138504289432426
5.82,0.0,21288810.0,50.13849701761165
5.83,-0.0,21291110.0,50.138535216523486
5.84,-0.0,21293400.0,50.13861719541689
5.85,-0.0,21295680.0,50.13873543791546
5.86,-0.0,21297940.0,50.13887767869984
5.87,-0.0,21300190.0,50.139028539181574
5.88,-0.0,21302430.0,50.13917150540288
5.89,-0.0,21304660.0,50.1392912122299
5.9,-0.0,21306870.0,50.13937549573156
5.91,-0.0,21309070.0,50.13941680790499
5.92,0.0,21311260.0,50.13941282219153
5.93,0.0,21313430.0,50.13936627037733
5.94,0.0,21315590.0,50.139283840014414
5.95,0.0,21317740.0,50.13917510827982
5.96,0.0,21319870.0,50.13905186908389
5.97,0.0,21321990.0,50.13892753511986
5.98,0.0,21324090.0,50.13881631562727
5.99,0.0,21326180.0,50.138732058209534
6.0,0.0,21328260.0,50.138686706846016
6.01,-0.0,21330320.0,50.13868851861118
6.02,-0.0,21332370.0,50.13874038847278
6.03,-0.0,21334400.0,50.138838779766616
6.04,-0.0,21336420.0,50.138973985116266
6.05,-0.0,21338420.0,50.13913140182272
6.06,-0.0,21340410.0,50.13929346622589
6.07,-0.0,21342380.0,50.13944205092863
6.08,-0.0,21344340.0,50.139561023337265
6.09,-0.0,21346290.0,50.139638359734484
6.1,-0.0,21348210.0,50.13966743175777
6.11,0.0,21350130.0,50.13964736728105
6.12,0.0,21352030.0,50.139582585461426
6.13,0.0,21353910.0,50.139481473683304
6.14,0.0,21355780.0,50.139355253910736
6.15,0.0,21357630.0,50.13921733356972
6.16,0.0,21359460.0,50.139082648347596
6.17,0.0,21361280.0,50.138966740372645
6.18,0.0,21363090.0,50.138884413572946
6.19,0.0,21364870.0,50.138847944171886
6.2,-0.0,21366650.0,50.138865071654074
6.21,-0.0,21368400.0,50.138937224555015
6.22,-0.0,21370140.0,50.1390586295275
6.23,-0.0,21371860.0,50.139216958750055
6.24,-0.0,21373570.0,50.13939495417618
6.25,-0.0,21375260.0,50.13957274701205
6.26,-0.0,21376930.0,50.13973069054972
6.27,-0.0,21378590.0,50.13985213702027
6.28,-0.0,21380230.0,50.139925530878635
6.29,-0.0,21381860.0,50.13994548299334
6.3,0.0,21383460.0,50.13991282664073
6.31,0.0,21385050.0,50.13983371231424
6.32,0.0,21386630.0,50.139718142674326
6.33,0.0,21388180.0,50.139578922284315
6.34,0.0,21389720.0,50.139431033699886
6.35,0.0,21391250.0,50.139290919153886
6.36,0.0,21392750.0,50.1391754206456
6.37,0.0,21394240.0,50.139100194844296
6.38,0.0,21395710.0,50.13907763105486
6.39,-0.0,21397160.0,50.139114606876674
6.4,-0.0,21398600.0,50.13921066391494
6.41,-0.0,21400020.0,50.139357356047945
6.42,-0.0,21401420.0,50.13953932535535
6.43,-0.0,21402800.0,50.13973641002231
6.44,-0.0,21404170.0,50.13992643000549
6.45,-0.0,21405520.0,50.14008843736345
6.46,-0.0,21406850.0,50.14020563343534
6.47,-0.0,21408160.0,50.14026734426328
6.48,-0.0,21409460.0,50.140269796252454
6.49,0.0,21410740.0,50.14021581574275
6.5,0.0,21412000.0,50.14011341592667
6.51,0.0,21413240.0,50.139974334592075
6.52,0.0,21414460.0,50.13981309507097
6.53,0.0,21415670.0,50.13964638447512
6.54,0.0,21416860.0,50.13949227038547
6.55,0.0,21418030.0,50.13936896245417
6.56,0.0,21419190.0,50.139292929088406
6.57,0.0,21420320.0,50.13927648119577
6.58,-0.0,21421440.0,50.13932529598314
6.59,-0.0,21422540.0,50.13943660114401
6.6,-0.0,21423620.0,50.1395990717081
6.61,-0.0,21424690.0,50.1397942358331
6.62,-0.0,21425740.0,50.13999902158679
6.63,-0.0,21426770.0,50.140189139259824
6.64,-0.0,21427780.0,50.14034270751977
6.65,-0.0,21428770.0,50.14044323709065
6.66,-0.0,21429750.0,50.14048139486976
6.67,0.0,21430700.0,50.140455403128655
6.68,0.0,21431640.0,50.140370314627994
6.69,0.0,21432570.0,50.14023628570258
6.7,0.0,21433470.0,50.14006704717088
6.71,0.0,21434360.0,50.13987904200312
6.72,0.0,21435220.0,50.139690828133745
6.73,0.0,21436080.0,50.13952221909693
6.74,0.0,21436910.0,50.13939281369031
6.75,0.0,21437730.0,50.13931974941042
6.76,0.0,21438520.0,50.13931491686496
6.77,-0.0,21439300.0,50.13938227772956
6.78,-0.0,21440070.0,50.139516244757765
6.79,-0.0,21440810.0,50.13970202787172
6.8,-0.0,21441540.0,50.139917555514046
6.81,-0.0,21442250.0,50.140136650948854
6.82,-0.0,21442940.0,50.140333020488846
6.83,-0.0,21443620.0,50.14048417620967
6.84,-0.0,21444280.0,50.14057436638352
6.85,-0.0,21444920.0,50.14059600643203
6.86,0.0,21445540.0,50.1405496156295
6.87,0.0,21446150.0,50.14044262470412
6.88,0.0,21446740.0,50.14028732116769
6.89,0.0,21447310.0,50.14009935945928
6.9,0.0,21447870.0,50.13989707859715
6.91,0.0,21448410.0,50.139700907131825
6.92,0.0,21448930.0,50.13953238217079
6.93,0.0,21449430.0,50.13941236632162
6.94,0.0,21449920.0,50.13935836552596
6.95,-0.0,21450390.0,50.1393813538455
6.96,-0.0,21450850.0,50.139482941858205
6.97,-0.0,21451290.0,50.13965402394269
6.98,-0.0,21451710.0,50.13987571475575
6.99,-0.0,21452120.0,50.1401219956209
7.0,-0.0,21452510.0,50.140363571303325
7.01,-0.0,21452880.0,50.14057243596846
7.02,-0.0,21453240.0,50.14072597598533
7.03,-0.0,21453580.0,50.1408097015759
7.04,-0.0,21453910.0,50.14081821686743
7.05,0.0,21454220.0,50.14075462183914
7.06,0.0,21454520.0,50.14062870746855
7.07,0.0,21454800.0,50.140454844180525
7.08,0.0,21455060.0,50.14025065757546
7.09,0.0,21455310.0,50.14003644259547
7.1,0.0,21455550.0,50.13983458346585
7.11,0.0,21455760.0,50.13966838986265
7.12,0.0,21455970.0,50.13955990920734
7.13,0.0,21456160.0,50.139526737555364
7.14,-0.0,21456330.0,50.139578450828935
7.15,-0.0,21456490.0,50.13971372494248
7.16,-0.0,21456640.0,50.13991958375655
7.17,-0.0,21456770.0,50.14017286768433
7.18,-0.0,21456880.0,50.14044357635852
7.19,-0.0,21456980.0,50.14069956397296
7.2,-0.0,21457070.0,50.1409116133813
7.21,-0.0,21457150.0,50.1410576005782
7.22,-0.0,21457210.0,50.14112488712838
7.23,0.0,21457250.0,50.141110718411106
7.24,0.0,21457290.0,50.141021046870904
7.25,0.0,21457300.0,50.14086815126593
7.26,0.0,21457310.0,50.1406685468896
7.27,0.0,21457300.0,50.140441888982124
7.28,0.0,21457280.0,50.140210551370025
7.29,0.0,21457250.0,50.13999902464319
7.3,0.0,21457200.0,50.139832471853055
7.31,0.0,21457140.0,50.13973402033125
7.32,0.0,21457070.0,50.1397209938552
7.33,-0.0,21456980.0,50.13980097040566
7.34,-0.0,21456880.0,50.13996895847641
7.35,-0.0,21456770.0,50.14020727996385
7.36,-0.0,21456650.0,50.14048787381702
7.37,-0.0,21456510.0,50.14077656925618
7.38,-0.0,21456370.0,50.141038594770734
7.39,-0.0,21456210.0,50.14124403934094
7.4,-0.0,21456040.0,50.1413719061478
7.41,-0.0,21455850.0,50.14141199614585
7.42,0.0,21455660.0,50.141364619990156
7.43,0.0,21455450.0,50.141238760741714
7.44,0.0,21455240.0,50.14104928539299
7.45,0.0,21455010.0,50.140814942341805
7.46,0.0,21454770.0,50.14055758412349
7.47,0.0,21454510.0,50.14030187577342
7.48,0.0,21454250.0,50.14007461858307
7.49,0.0,21453980.0,50.139902904902954
7.5,0.0,21453690.0,50.139810767702556
7.51,-0.0,21453400.0,50.13981478200038
7.52,-0.0,21453090.0,50.13991981150628
7.53,-0.0,21452780.0,50.14011657545064
7.54,-0.0,21452450.0,50.140382241098024
7.55,-0.0,21452110.0,50.14068366952568
7.56,-0.0,21451770.0,50.14098267713534
7.57,-0.0,21451410.0,50.141242374205106
7.58,-0.0,21451040.0,50.1414328832424
7.59,-0.0,21450660.0,50.14153509623516
7.6,-0.0,21450280.0,50.141541876551884
7.61,0.0,21449880.0,50.141456984378266
7.62,0.0,21449470.0,50.14129260932526
7.63,0.0,21449060.0,50.141066325486506
7.64,0.0,21448630.0,50.14079922630871
7.65,0.0,21448200.0,50.140515473612936
7.66,0.0,21447750.0,50.14024216652119
7.67,0.0,21447300.0,50.14000851033582
7.68,0.0,21446840.0,50.13984343120483
7.69,0.0,21446370.0,50.13977146624102
7.7,-0.0,21445890.0,50.13980771671087
7.71,-0.0,21445400.0,50.13995339895343
7.72,-0.0,21444910.0,50.14019402466013
7.73,-0.0,21444400.0,50.14050085773468
7.74,-0.0,21443890.0,50.140835298587014
7.75,-0.0,21443370.0,50.14115530111868
7.76,-0.0,21442840.0,50.14142239980842
7.77,-0.0,21442300.0,50.14160747902476
7.78,-0.0,21441750.0,50.14169400533748
7.79,0.0,21441200.0,50.14167837286775
7.8,0.0,21440640.0,50.14156797520759
7.81,0.0,21440070.0,50.141377821070655
7.82,0.0,21439490.0,50.14112763176981
7.83,0.0,21438910.0,50.14084050873006
7.84,0.0,21438320.0,50.14054283145952
7.85,0.0,21437720.0,50.140264214049736
7.86,0.0,21437110.0,50.14003634770277
7.87,0.0,21436500.0,50.13988987501619
7.88,0.0,21435880.0,50.13984938548754
7.89,-0.0,21435260.0,50.139927725055614
7.9,-0.0,21434620.0,50.140121535349024
7.91,-0.0,21433980.0,50.14041026820591
7.92,-0.0,21433340.0,50.1407587652674
7.93,-0.0,21432680.0,50.141122923078385
7.94,-0.0,21432020.0,50.14145727150747
7.95,-0.0,21431360.0,50.14172254358288
7.96,-0.0,21430690.0,50.14189126945819
7.97,-0.0,21430010.0,50.14195025843229
7.98,0.0,21429330.0,50.141899940807576
7.99,0.0,21428640.0,50.14175155712755
8.0,0.0,21427940.0,50.14152327713517
8.01,0.0,21427240.0,50.1412374057281
8.02,0.0,21426540.0,50.140919487706405
8.03,0.0,21425820.0,50.140598592521435
8.04,0.0,21425110.0,50.140307308122956
8.05,0.0,21424380.0,50.14008008517662
8.06,0.0,21423660.0,50.13994918036402
8.07,0.0,21422920.0,50.139938663185404
8.08,-0.0,21422180.0,50.14005816092863
8.09,-0.0,21421440.0,50.140298779494415
8.1,-0.0,21420690.0,50.140633087175004
8.11,-0.0,21419940.0,50.14101905823559
8.12,-0.0,21419180.0,50.14140717826301
8.13,-0.0,21418420.0,50.141749165946614
8.14,-0.0,21417660.0,50.14200588456571
8.15,-0.0,21416890.0,50.14215248798073
8.16,-0.0,21416110.0,50.14217990439865
8.17,0.0,21415330.0,50.142093034225034
8.18,0.0,21414550.0,50.14190700157163
8.19,0.0,21413760.0,50.14164290656809
8.2,0.0,21412970.0,50.141325378811516
8.21,0.0,21412170.0,50.14098235057753
8.22,0.0,21411370.0,50.14064569505806
8.23,0.0,21410570.0,50.1403511063232
8.24,0.0,21409760.0,50.14013571351709
8.25,0.0,21408950.0,50.140032899406336
8.26,-0.0,21408140.0,50.14006527760336
8.27,-0.0,21407320.0,50.14023803427678
8.28,-0.0,21406500.0,50.14053547116373
8.29,-0.0,21405680.0,50.140922261751975
8.3,-0.0,21404850.0,50.14134909514186
8.31,-0.0,21404020.0,50.14176138177836
8.32,-0.0,21403190.0,50.142108909114
8.33,-0.0,21402350.0,50.14235378729733
8.34,-0.0,21401510.0,50.14247481508895
8.35,0.0,21400670.0,50.142467713788264
8.36,0.0,21399820.0,50.1423420876146
8.37,0.0,21398970.0,50.142116733467056
8.38,0.0,21398120.0,50.141815393688994
8.39,0.0,21397270.0,50.14146492968736
8.4,0.0,21396420.0,50.14109577432899
8.41,0.0,21395560.0,50.14074291318931
8.42,0.0,21394700.0,50.140445453467045
8.43,0.0,21393840.0,50.140243236765414
8.44,0.0,21392970.0,50.14017033014001
8.45,-0.0,21392100.0,50.14024696306071
8.46,-0.0,21391230.0,50.14047270783109
8.47,-0.0,21390360.0,50.14082411818641
8.48,-0.0,21389490.0,50.14125750564057
8.49,-0.0,21388620.0,50.14171636628172
8.5,-0.0,21387740.0,50.142141704064336
8.51,-0.0,21386860.0,50.14248243734593
8.52,-0.0,21385980.0,50.14270307960565
8.53,-0.0,21385100.0,50.14278702299083
8.54,0.0,21384210.0,50.14273532628442
8.55,0.0,21383330.0,50.14256241909351
8.56,0.0,21382440.0,50.14229058015432
8.57,0.0,21381550.0,50.1419460260336
8.58,0.0,21380660.0,50.14155792376322
8.59,0.0,21379770.0,50.141159581797055
8.6,0.0,21378880.0,50.14078964169902
8.61,0.0,21377980.0,50.14049103175554
8.62,0.0,21377090.0,50.14030624667932
8.63,0.0,21376190.0,50.140269325058526
8.64,-0.0,21375290.0,50.14039682364374
8.65,-0.0,21374400.0,50.140681205368885
8.66,-0.0,21373500.0,50.14108984313981
8.67,-0.0,21372590.0,50.14156983343451
8.68,-0.0,21371690.0,50.142057464017775
8.69,-0.0,21370790.0,50.1424900849512
8.7,-0.0,21369890.0,50.14281695764482
8.71,-0.0,21368980.0,50.143006274358626
8.72,-0.0,21368080.0,50.14304700621947
8.73,0.0,21367170.0,50.14294604882067
8.74,0.0,21366260.0,50.14272262765509
8.75,0.0,21365350.0,50.14240228414325
8.76,0.0,21364440.0,50.14201352695433
8.77,0.0,21363530.0,50.14158792899028
8.78,0.0,21362620.0,50.14116204190162
8.79,0.0,21361710.0,50.140778600436086
8.8,0.0,21360800.0,50.14048452010505
8.81,0.0,21359890.0,50.14032453498278
8.82,-0.0,21358980.0,50.140331565405695
8.83,-0.0,21358060.0,50.1405169355622
8.84,-0.0,21357150.0,50.14086449343098
8.85,-0.0,21356230.0,50.141331330522874
8.86,-0.0,21355320.0,50.14185495414666
8.87,-0.0,21354400.0,50.142364994255075
8.88,-0.0,21353490.0,50.1427963822407
8.89,-0.0,21352570.0,50.14310024581194
8.9,-0.0,21351650.0,50.14324982522636
8.91,0.0,21350740.0,50.14324054329269
8.92,0.0,21349820.0,50.14308538041345
8.93,0.0,21348900.0,50.14280814304713
8.94,0.0,21347980.0,50.14243734709552
8.95,0.0,21347060.0,50.14200370971251
8.96,0.0,21346140.0,50.14154144501632
8.97,0.0,21345220.0,50.14109089290818
8.98,0.0,21344300.0,50.14069945357572
8.99,0.0,21343380.0,50.140418216007674
9.0,0.0,21342460.0,50.14029362782676
9.01,-0.0,21341540.0,50.14035621150362
9.02,-0.0,21340620.0,50.14061034309365
9.03,-0.0,21339690.0,50.141029764622445
9.04,-0.0,21338770.0,50.1415604462346
9.05,-0.0,21337850.0,50.14213029733888
9.06,-0.0,21336920.0,50.14266311835627
9.07,-0.0,21336000.0,50.14309281222595
9.08,-0.0,21335080.0,50.14337388752551
9.09,-0.0,21334150.0,50.14348583261248
9.1,0.0,21333230.0,50.1434311217402
9.11,0.0,21332300.0,50.14322879082687
9.12,0.0,21331370.0,50.142906466263156
9.13,0.0,21330450.0,50.142494822399776
9.14,0.0,21329520.0,50.142026496963645
9.15,0.0,21328590.0,50.14153863716455
9.16,0.0,21327660.0,50.141076034686584
9.17,0.0,21326730.0,50.140691325796894
9.18,0.0,21325800.0,50.14043974013911
9.19,0.0,21324870.0,50.14036850367011
9.2,-0.0,21323940.0,50.14050399834646
9.21,-0.0,21323010.0,50.14084163414798
9.22,-0.0,21322080.0,50.14134316222405
9.23,-0.0,21321150.0,50.14194237077282
9.24,-0.0,21320210.0,50.14255765720722
9.25,-0.0,21319280.0,50.14310809296052
9.26,-0.0,21318340.0,50.14352821709331
9.27,-0.0,21317410.0,50.14377759604767
9.28,-0.0,21316470.0,50.14384317918213
9.29,0.0,21315540.0,50.1437349920013
9.3,0.0,21314600.0,50.143477965399306
9.31,0.0,21313660.0,50.14310337701817
9.32,0.0,21312720.0,50.14264410246848
9.33,0.0,21311780.0,50.14213507992119
9.34,0.0,21310840.0,50.14161716961061
9.35,0.0,21309890.0,50.14114053325206
9.36,0.0,21308950.0,50.14076360009747
9.37,0.0,21308010.0,50.14054545738058
9.38,0.0,21307060.0,50.14053280927542
9.39,-0.0,21306110.0,50.140745853912314
9.4,-0.0,21305170.0,50.14116899364086
9.41,-0.0,21304220.0,50.14175051514375
9.42,-0.0,21303270.0,50.142411551508474
9.43,-0.0,21302310.0,50.143061724038695
9.44,-0.0,21301360.0,50.14361699803154
9.45,-0.0,21300410.0,50.1440145237354
9.46,-0.0,21299450.0,50.14422066624985
9.47,-0.0,21298490.0,50.14423089382558
9.48,0.0,21297530.0,50.1440629979679
9.49,0.0,21296570.0,50.14374729639045
9.5,0.0,21295610.0,50.14331795317207
9.51,0.0,21294650.0,50.14280955954271
9.52,0.0,21293680.0,50.14225953535782
9.53,0.0,21292720.0,50.141713184801084
9.54,0.0,21291750.0,50.14122687109391
9.55,0.0,21290780.0,50.140865123297814
9.56,0.0,21289800.0,50.14069018184679
9.57,-0.0,21288830.0,50.14074645538938
9.58,-0.0,21287850.0,50.141045571814814
9.59,-0.0,21286880.0,50.14155877693314
9.6,-0.0,21285900.0,50.142219655588505
9.61,-0.0,21284910.0,50.142936713145936
9.62,-0.0,21283930.0,50.14361204684044
9.63,-0.0,21282940.0,50.14416054964027
9.64,-0.0,21281950.0,50.14452416212687
9.65,-0.0,21280960.0,50.144677752425935
9.66,0.0,21279970.0,50.14462613075488
9.67,0.0,21278980.0,50.14439474687863
9.68,0.0,21277980.0,50.144018384005726
9.69,0.0,21276980.0,50.14353313565933
9.7,0.0,21275970.0,50.14297500446984
9.71,0.0,21274970.0,50.14238431684803
9.72,0.0,21273960.0,50.141811780583915
9.73,0.0,21272950.0,50.14132085826758
9.74,0.0,21271940.0,50.14098231492415
9.75,0.0,21270920.0,50.14086048267898
9.76,-0.0,21269910.0,50.1409953205739
9.77,-0.0,21268880.0,50.14138733663955
9.78,-0.0,21267860.0,50.14199233356984
9.79,-0.0,21266830.0,50.14272803638406
9.8,-0.0,21265800.0,50.14349063295776
9.81,-0.0,21264770.0,50.14417625207497
9.82,-0.0,21263740.0,50.144700910841856
9.83,-0.0,21262700.0,50.14501346049893
9.84,-0.0,21261660.0,50.14509870513185
9.85,0.0,21260610.0,50.14497123167948
9.86,0.0,21259560.0,50.14466369245947
9.87,0.0,21258510.0,50.14421463117299
9.88,0.0,21257460.0,50.143661720160296
9.89,0.0,21256400.0,50.14304271473611
9.9,0.0,21255340.0,50.142401982698225
9.91,0.0,21254280.0,50.14179716605985
9.92,0.0,21253210.0,50.14129998496934
9.93,0.0,21252140.0,50.140987451700845
9.94,0.0,21251060.0,50.14092450060669
9.95,-0.0,21249980.0,50.14114397086804
9.96,-0.0,21248900.0,50.14163236178868
9.97,-0.0,21247820.0,50.142327914750105
9.98,-0.0,21246730.0,50.14313176762424
9.99,-0.0,21245640.0,50.143928636616344
10.0,-0.0,21244540.0,50.144610716018235
10.01,-0.0,21243440.0,50.14509767211476
10.02,-0.0,21242330.0,50.145347512699935
10.03,-0.0,21241230.0,50.145356340542335
10.04,0.0,21240110.0,50.145148765543766
10.05,0.0,21239000.0,50.144763929282895
10.06,0.0,21237880.0,50.14424317209107
10.07,0.0,21236750.0,50.14362519245189
10.08,0.0,21235630.0,50.1429498634721
10.09,0.0,21234490.0,50.142266730630524
10.1,0.0,21233360.0,50.14164165266234
10.11,0.0,21232210.0,50.141155138302636
10.12,0.0,21231070.0,50.140889511521294
10.13,-0.0,21229920.0,50.14090781371184
10.14,-0.0,21228760.0,50.14123238247383
10.15,-0.0,21227600.0,50.141832789259276
10.16,-0.0,21226440.0,50.14262807604454
10.17,-0.0,21225270.0,50.14350290692339
10.18,-0.0,21224090.0,50.144332332308736
10.19,-0.0,21222910.0,50.14500745261886
10.2,-0.0,21221730.0,50.145454568267134
10.21,-0.0,21220540.0,50.14564311449254
10.22,0.0,21219350.0,50.14558148036537
10.23,0.0,21218150.0,50.14530392753993
10.24,0.0,21216940.0,50.14485489054441
10.25,0.0,21215730.0,50.144277342289314
10.26,0.0,21214520.0,50.14361059583597
10.27,0.0,21213300.0,50.14289722243297
10.28,0.0,21212070.0,50.14219329482802
10.29,0.0,21210840.0,50.14157419005988
10.3,0.0,21209600.0,50.141129456224974
10.31,0.0,21208360.0,50.14094528596592
10.32,-0.0,21207110.0,50.14107983762235
10.33,-0.0,21205850.0,50.14154140404115
10.34,-0.0,21204590.0,50.142279508743435
10.35,-0.0,21203320.0,50.143192507089495
10.36,-0.0,21202050.0,50.14414912569146
10.37,-0.0,21200770.0,50.145016884369284
10.38,-0.0,21199480.0,50.145688630864896
10.39,-0.0,21198190.0,50.146099868323425
10.4,-0.0,21196890.0,50.14623297134809
10.41,0.0,21195580.0,50.14610872165769
10.42,0.0,21194270.0,50.145769965677154
10.43,0.0,21192950.0,50.14526454231929
10.44,0.0,21191620.0,50.14463561098202
10.45,0.0,21190290.0,50.14392304942986
10.46,0.0,21188940.0,50.14317348482141
10.47,0.0,21187600.0,50.142451584727354
10.48,0.0,21186240.0,50.141843848985424
10.49,0.0,21184880.0,50.141448878823326
10.5,0.0,21183510.0,50.141354681247066
10.51,-0.0,21182130.0,50.14161092722708
10.52,-0.0,21180750.0,50.142208019086375
10.53,-0.0,21179360.0,50.1430727737869
10.54,-0.0,21177960.0,50.14408225522524
10.55,-0.0,21176550.0,50.14509073084312
10.56,-0.0,21175130.0,50.14596110319225
10.57,-0.0,21173710.0,50.14659134320524
10.58,-0.0,21172280.0,50.14692901883373
10.59,-0.0,21170840.0,50.14697107449157
10.6,0.0,21169390.0,50.1467508487774
10.61,0.0,21167940.0,50.1463187738037
10.62,0.0,21166470.0,50.145725147995165
10.63,0.0,21165000.0,50.145013099502755
10.64,0.0,21163520.0,50.144223963326965
10.65,0.0,21162030.0,50.14341028432152
10.66,0.0,21160530.0,50.14264736236097
10.67,0.0,21159030.0,50.14203385835047
10.68,0.0,21157510.0,50.14167651466204
10.69,0.0,21155990.0,50.14166216863949
10.7,-0.0,21154460.0,50.14202786499381
10.71,-0.0,21152920.0,50.142742724756026
10.72,-0.0,21151370.0,50.14370923724732
10.73,-0.0,21149810.0,50.144783697723426
10.74,-0.0,21148240.0,50.145808441808434
10.75,-0.0,21146660.0,50.14664544041963
10.76,-0.0,21145070.0,50.147201553385734
10.77,-0.0,21143480.0,50.14743923373253
10.78,0.0,21141870.0,50.147371175377074
10.79,0.0,21140260.0,50.14704271035626
10.8,0.0,21138640.0,50.14651017474656
10.81,0.0,21137000.0,50.14582462494591
10.82,0.0,21135360.0,50.14502849362953
10.83,0.0,21133710.0,50.14416542184777
10.84,0.0,21132050.0,50.143295924397144
10.85,0.0,21130380.0,50.142508072715685
10.86,0.0,21128700.0,50.141913479505526
10.87,0.0,21127010.0,50.14162547171416
10.88,-0.0,21125310.0,50.14172591261246
10.89,-0.0,21123600.0,50.142234474123704
10.9,-0.0,21121880.0,50.143094697352176
10.91,-0.0,21120150.0,50.14418255768726
10.92,-0.0,21118410.0,50.14533409403074
10.93,-0.0,21116660.0,50.146382317132286
10.94,-0.0,21114900.0,50.14719180908329
10.95,-0.0,21113130.0,50.14768155139251
10.96,-0.0,21111350.0,50.14783079184944
10.97,0.0,21109560.0,50.14766807503944
10.98,0.0,21107760.0,50.147249282092346
10.99,0.0,21105950.0,50.14663429110852
11.0,0.0,21104130.0,50.14587320663792
11.01,0.0,21102300.0,50.145007880022604
11.02,0.0,21100460.0,50.144086218824725
11.03,0.0,21098610.0,50.143179609974894
11.04,0.0,21096750.0,50.1423911357959
11.05,0.0,21094880.0,50.14184535246068
11.06,0.0,21093000.0,50.14165923239781
11.07,-0.0,21091110.0,50.141904553941075
11.08,-0.0,21089210.0,50.14257826646181
11.09,-0.0,21087300.0,50.143594786012436
11.1,-0.0,21085380.0,50.14480293867033
11.11,-0.0,21083440.0,50.14602065336672
11.12,-0.0,21081500.0,50.14707557699807
11.13,-0.0,21079550.0,50.14783933434157
11.14,-0.0,21077580.0,50.14824664225538
11.15,-0.0,21075610.0,50.14829541119605
11.16,0.0,21073630.0,50.148029872849584
11.17,0.0,21071630.0,50.147514789600244
11.18,0.0,21069630.0,50.14681192341101
11.19,0.0,21067610.0,50.14596982782534
11.2,0.0,21065590.0,50.14503076422485
11.21,0.0,21063550.0,50.14404931518502
11.22,0.0,21061510.0,50.143110424881876
11.23,0.0,21059450.0,50.142333481330205
11.24,0.0,21057390.0,50.14185455292033
11.25,0.0,21055310.0,50.14178998159694
11.26,-0.0,21053230.0,50.1421957332292
11.27,-0.0,21051130.0,50.14304131561934
11.28,-0.0,21049020.0,50.14420990812689
11.29,-0.0,21046910.0,50.14552415562117
11.3,-0.0,21044780.0,50.14678743793214
11.31,-0.0,21042640.0,50.14782685368666
11.32,-0.0,21040500.0,50.14852567906962
11.33,-0.0,21038340.0,50.14883751161052
11.34,0.0,21036170.0,50.14877984262842
11.35,0.0,21034000.0,50.148411305565524
11.36,0.0,21031810.0,50.14780288184137
11.37,0.0,21029610.0,50.14701567246752
11.38,0.0,21027410.0,50.14609570573973
11.39,0.0,21025190.0,50.14508695915806
11.4,0.0,21022960.0,50.144053617484175
11.41,0.0,21020730.0,50.14309711202192
11.42,0.0,21018480.0,50.142354113240806
11.43,0.0,21016230.0,50.14196996403799
11.44,-0.0,21013970.0,50.14205524127323
11.45,-0.0,21011690.0,50.14264398226369
11.46,-0.0,21009410.0,50.14367345777926
11.47,-0.0,21007120.0,50.14499389962428
11.48,-0.0,21004820.0,50.14640344532545
11.49,-0.0,21002510.0,50.14769491228681
11.5,-0.0,21000190.0,50.148699599766
11.51,-0.0,20997860.0,50.1493164538477
11.52,-0.0,20995520.0,50.14952011893179
11.53,0.0,20993170.0,50.14934751493
11.54,0.0,20990810.0,50.148869646563234
11.55,0.0,20988450.0,50.1481608194999
11.56,0.0,20986080.0,50.14727964126303
11.57,0.0,20983690.0,50.146270181544516
11.58,0.0,20981300.0,50.14518096662256
11.59,0.0,20978900.0,50.14408971888707
11.6,0.0,20976490.0,50.14311733173491
11.61,0.0,20974080.0,50.14241775593052
11.62,0.0,20971650.0,50.14214182208566
11.63,-0.0,20969220.0,50.142387891004844
11.64,-0.0,20966780.0,50.14316163966895
11.65,-0.0,20964330.0,50.14436418550772
11.66,-0.0,20961870.0,50.145812651543785
11.67,-0.0,20959400.0,50.14728376307339
11.68,-0.0,20956930.0,50.14856477411621
11.69,-0.0,20954450.0,50.14949642119404
11.7,-0.0,20951960.0,50.14999732903623
11.71,-0.0,20949460.0,50.150064966831685
11.72,0.0,20946960.0,50.14975499003667
11.73,0.0,20944450.0,50.149148356876964
11.74,0.0,20941930.0,50.1483204317705
11.75,0.0,20939400.0,50.14732667861698
11.76,0.0,20936870.0,50.146210852919616
11.77,0.0,20934330.0,50.14502967139832
11.78,0.0,20931780.0,50.14387845517364
11.79,0.0,20929230.0,50.142899742990075
11.8,0.0,20926670.0,50.14226319190628
11.81,0.0,20924100.0,50.14211958535053
11.82,-0.0,20921520.0,50.14254750192719
11.83,-0.0,20918940.0,50.14351797220973
11.84,-0.0,20916360.0,50.14489312338023
11.85,-0.0,20913760.0,50.146458137225025
11.86,-0.0,20911170.0,50.1479727007933
11.87,-0.0,20908560.0,50.149224281638205
11.88,-0.0,20905950.0,50.150068441868676
11.89,-0.0,20903330.0,50.150447029416156
11.9,0.0,20900710.0,50.15038119591711
11.91,0.0,20898080.0,50.149943612990334
11.92,0.0,20895450.0,50.14922200739622
11.93,0.0,20892810.0,50.14829003325948
11.94,0.0,20890170.0,50.14719935691716
11.95,0.0,20887520.0,50.145995575650794
11.96,0.0,20884860.0,50.14474752289645
11.97,0.0,20882200.0,50.143571576713974
11.98,0.0,20879540.0,50.142632351785544
11.99,0.0,20876870.0,50.14211115333974
12.0,-0.0,20874200.0,50.14215099511049
12.01,-0.0,20871520.0,50.14280226817609
12.02,-0.0,20868840.0,50.143995499654324
12.03,-0.0,20866150.0,50.14555263509873
12.04,-0.0,20863460.0,50.14723024986781
12.05,-0.0,20860770.0,50.14877704590894
12.06,-0.0,20858070.0,50.14998728039895
12.07,-0.0,20855370.0,50.15073656096518
12.08,-0.0,20852670.0,50.15099252937355
12.09,0.0,20849960.0,50.15079949438921
12.1,0.0,20847250.0,50.15024420748845
12.11,0.0,20844530.0,50.14941761035543
12.12,0.0,20841810.0,50.14838959110802
12.13,0.0,20839090.0,50.14720880467628
12.14,0.0,20836370.0,50.14592606667502
12.15,0.0,20833640.0,50.14462671922818
12.16,0.0,20830920.0,50.14345098512422
12.17,0.0,20828180.0,50.14258434216927
12.18,0.0,20825450.0,50.14221388344281
12.19,-0.0,20822720.0,50.14246627694915
12.2,-0.0,20819980.0,50.14335616570123
12.21,-0.0,20817240.0,50.14477012347977
12.22,-0.0,20814500.0,50.14649152291669
12.23,-0.0,20811760.0,50.14825368279232
12.24,-0.0,20809010.0,50.149801237765324
12.25,-0.0,20806270.0,50.15094157276575
12.26,-0.0,20803520.0,50.1515744829507
12.27,-0.0,20800770.0,50.15169443635909
12.28,0.0,20798020.0,50.151366886821805
12.29,0.0,20795280.0,50.15068886121905
12.3,0.0,20792520.0,50.14975067840845
12.31,0.0,20789770.0,50.14861694770203
12.32,0.0,20787020.0,50.147335208177005
12.33,0.0,20784270.0,50.14596602124121
12.34,0.0,20781520.0,50.14461604942554
12.35,0.0,20778770.0,50.14345145269752
12.36,0.0,20776020.0,50.14267577470134
12.37,0.0,20773270.0,50.14247441632905
12.38,-0.0,20770510.0,50.142948465456406
12.39,-0.0,20767760.0,50.14406989270683
12.4,-0.0,20765010.0,50.14567928505463
12.41,-0.0,20762270.0,50.14752437221654
12.42,-0.0,20759520.0,50.1493214320095
12.43,-0.0,20756770.0,50.15081808644014
12.44,-0.0,20754030.0,50.15184073883587
12.45,-0.0,20751280.0,50.15231673372873
12.46,0.0,20748540.0,50.1522675998198
12.47,0.0,20745800.0,50.151777494142735
12.48,0.0,20743060.0,50.150950101191135
12.49,0.0,20740320.0,50.149872838647966
12.5,0.0,20737580.0,50.14860557140922
12.51,0.0,20734850.0,50.14719828253826
12.52,0.0,20732120.0,50.145726380906765
12.53,0.0,20729390.0,50.14432177424434
12.54,0.0,20726660.0,50.14317641894146
12.55,0.0,20723940.0,50.142506363261354
12.56,0.0,20721220.0,50.14248584434996
12.57,-0.0,20718500.0,50.14318093219189
12.58,-0.0,20715780.0,50.14451572726434
12.59,-0.0,20713070.0,50.14628541872379
12.6,-0.0,20710360.0,50.14820743837913
12.61,-0.0,20707660.0,50.149988718215845
12.62,-0.0,20704960.0,50.151387526305356
12.63,-0.0,20702260.0,50.15225508874123
12.64,-0.0,20699570.0,50.15254905945963
12.65,0.0,20696880.0,50.15231736517642
12.66,0.0,20694190.0,50.151659568759676
12.67,0.0,20691510.0,50.150682093518164
12.68,0.0,20688830.0,50.14946726730184
12.69,0.0,20686160.0,50.14807117479159
12.7,0.0,20683490.0,50.14655005448145
12.71,0.0,20680830.0,50.14499891250577
12.72,0.0,20678170.0,50.143577504989715
12.73,0.0,20675520.0,50.14250129424018
12.74,0.0,20672870.0,50.1419911210841
12.75,-0.0,20670230.0,50.14219957318775
12.76,-0.0,20667590.0,50.143149082582326
12.77,-0.0,20664960.0,50.14471245275516
12.78,-0.0,20662330.0,50.14664207719646
12.79,-0.0,20659710.0,50.148631818916314
12.8,-0.0,20657090.0,50.150387372550355
12.81,-0.0,20654490.0,50.15168470001671
12.82,-0.0,20651880.0,50.15240413272453
12.83,-0.0,20649280.0,50.15253424567033
12.84,0.0,20646690.0,50.15214650596018
12.85,0.0,20644110.0,50.151351133927825
12.86,0.0,20641530.0,50.15025279135359
12.87,0.0,20638960.0,50.14892713935475
12.88,0.0,20636390.0,50.1474289994407
12.89,0.0,20633830.0,50.14582622618732
12.9,0.0,20631280.0,50.14423858561135
12.91,0.0,20628740.0,50.142854992831396
12.92,0.0,20626200.0,50.14190953635689
12.93,0.0,20623670.0,50.141617633385614
12.94,-0.0,20621140.0,50.14209885429738
12.95,-0.0,20618620.0,50.143324477572605
12.96,-0.0,20616110.0,50.145115122995406
12.97,-0.0,20613610.0,50.14718553676069
12.98,-0.0,20611110.0,50.14921447254801
12.99,-0.0,20608620.0,50.15091499832873
13.0,-0.0,20606140.0,50.15208725471959
13.01,-0.0,20603670.0,50.15264369742675
13.02,0.0,20601200.0,50.152603012615884
13.03,0.0,20598740.0,50.152056458622475
13.04,0.0,20596290.0,50.15112030549197
13.05,0.0,20593850.0,50.14989499440708
13.06,0.0,20591410.0,50.14845071388285
13.07,0.0,20588980.0,50.14684558022003
13.08,0.0,20586560.0,50.14516479819389
13.09,0.0,20584150.0,50.143556358397944
13.1,0.0,20581740.0,50.1422363304904
13.11,0.0,20579340.0,50.1414490833981
13.12,0.0,20576950.0,50.14139269163677
13.13,-0.0,20574570.0,50.14214350409427
13.14,-0.0,20572200.0,50.14361807441898
13.15,-0.0,20569830.0,50.14558858610503
13.16,-0.0,20567470.0,50.14774068265194
13.17,-0.0,20565120.0,50.149748012199154
13.18,-0.0,20562780.0,50.151339746225354
13.19,-0.0,20560440.0,50.15234593862419
13.2,-0.0,20558110.0,50.15271302980165
13.21,0.0,20555790.0,50.15248785928096
13.22,0.0,20553480.0,50.151777007553974
13.23,0.0,20551180.0,50.15069825847206
13.24,0.0,20548880.0,50.149345753766994
13.25,0.0,20546590.0,50.14778584693439
13.26,0.0,20544310.0,50.146084470069354
13.27,0.0,20542040.0,50.14434893845898
13.28,0.0,20539780.0,50.14275689390677
13.29,0.0,20537520.0,50.141547013306806
13.3,0.0,20535270.0,50.140963777641765
13.31,-0.0,20533030.0,50.14117608088896
13.32,-0.0,20530800.0,50.14220905049262
13.33,-0.0,20528570.0,50.14392333336549
13.34,-0.0,20526360.0,50.14604811545465
13.35,-0.0,20524150.0,50.14824904507601
13.36,-0.0,20521950.0,50.15020406296416
13.37,-0.0,20519750.0,50.15166566000896
13.38,-0.0,20517570.0,50.152497421368004
13.39,-0.0,20515390.0,50.15267929290569
13.4,0.0,20513220.0,50.152282347492715
13.41,0.0,20511050.0,50.151423135688276
13.42,0.0,20508900.0,50.150216568305126
13.43,0.0,20506750.0,50.14874964613263
13.44,0.0,20504610.0,50.14708826202765
13.45,0.0,20502470.0,50.14531182025803
13.46,0.0,20500350.0,50.14355411764879
13.47,0.0,20498230.0,50.142021787437585
13.48,0.0,20496120.0,50.14096869317961
13.49,0.0,20494010.0,50.14062730359169
13.5,-0.0,20491920.0,50.14112582149451
13.51,-0.0,20489830.0,50.142432484761976
13.52,-0.0,20487740.0,50.14435411142232
13.53,-0.0,20485670.0,50.14658484796317
13.54,-0.0,20483600.0,50.14878060599766
13.55,-0.0,20481540.0,50.15063285699639
13.56,-0.0,20479480.0,50.151923638230535
13.57,-0.0,20477430.0,50.15255235253737
13.58,0.0,20475390.0,50.15253081910943
13.59,0.0,20473360.0,50.151950005911296
13.6,0.0,20471330.0,50.15093172247784
13.61,0.0,20469310.0,50.14958593976391
13.62,0.0,20467300.0,50.14799425460134
13.63,0.0,20465290.0,50.146226793332346
13.64,0.0,20463290.0,50.144381489840896
13.65,0.0,20461290.0,50.14262043058575
13.66,0.0,20459300.0,50.14117493916456
13.67,0.0,20457320.0,50.14030369062308
13.68,0.0,20455340.0,50.14021455045189
13.69,-0.0,20453370.0,50.14098603981141
13.7,-0.0,20451410.0,50.14252853438311
13.71,-0.0,20449450.0,50.144601568253755
13.72,-0.0,20447500.0,50.14687475751216
13.73,-0.0,20445550.0,50.14900505234529
13.74,-0.0,20443610.0,50.150705964670486
13.75,-0.0,20441670.0,50.15179400728616
13.76,-0.0,20439740.0,50.152205256875604
13.77,0.0,20437820.0,50.15198056722635
13.78,0.0,20435900.0,50.15122582226119
13.79,0.0,20433990.0,50.15006341103771
13.8,0.0,20432080.0,50.1485963213007
13.81,0.0,20430180.0,50.146902353890056
13.82,0.0,20428280.0,50.145060021835604
13.83,0.0,20426380.0,50.14318941720946
13.84,0.0,20424500.0,50.14148045244543
13.85,0.0,20422610.0,50.14018251246611
13.86,0.0,20420730.0,50.13954762946488
13.87,-0.0,20418860.0,50.13974756423229
13.88,-0.0,20416990.0,50.14080512383976
13.89,-0.0,20415120.0,50.14257435182034
13.9,-0.0,20413260.0,50.144775255372465
13.91,-0.0,20411410.0,50.14706327446753
13.92,-0.0,20409550.0,50.14910593539339
13.93,-0.0,20407710.0,50.15064536836027
13.94,-0.0,20405860.0,50.15153516698428
13.95,-0.0,20404020.0,50.151746581047874
13.96,0.0,20402190.0,50.151344858410184
13.97,0.0,20400350.0,50.15044521932158
13.98,0.0,20398520.0,50.14916653061672
13.99,0.0,20396700.0,50.14760448504481
14.0,0.0,20394880.0,50.14583670100771
14.01,0.0,20393060.0,50.143955138021035
14.02,0.0,20391240.0,50.14210487146765
14.03,0.0,20389430.0,50.14050087122326
14.04,0.0,20387620.0,50.139401415594456
14.05,0.0,20385820.0,50.13903942618061
14.06,-0.0,20384010.0,50.13954054521806
14.07,-0.0,20382210.0,50.14086895100714
14.08,-0.0,20380420.0,50.14282723202089
14.09,-0.0,20378620.0,50.14510568614686
14.1,-0.0,20376830.0,50.147356441912684
14.11,-0.0,20375040.0,50.14926642593357
14.12,-0.0,20373250.0,50.150611618822026
14.13,-0.0,20371470.0,50.151283830011806
14.14,-0.0,20369690.0,50.15128689418812
14.15,0.0,20367910.0,50.150705597871635
14.16,0.0,20366130.0,50.14965977192819
14.17,0.0,20364350.0,50.14826297584729
14.18,0.0,20362580.0,50.1466055007332
14.19,0.0,20360800.0,50.14476903008996
14.2,0.0,20359030.0,50.14286275713427
14.21,0.0,20357260.0,50.14105666670679
14.22,0.0,20355490.0,50.139584735062684
14.23,0.0,20353720.0,50.13870315688319
14.24,0.0,20351960.0,50.138614347344244
14.25,-0.0,20350190.0,50.13939153711734
14.26,-0.0,20348430.0,50.14094237546687
14.27,-0.0,20346670.0,50.1430267908224
14.28,-0.0,20344900.0,50.14531673025806
14.29,-0.0,20343140.0,50.14747136810841
14.3,-0.0,20341380.0,50.14920434515472
14.31,-0.0,20339620.0,50.15032896372872
14.32,-0.0,20337860.0,50.15077480942277
14.33,0.0,20336100.0,50.1505746377556
14.34,0.0,20334340.0,50.149827569849904
14.35,0.0,20332590.0,50.14865358762979
14.36,0.0,20330830.0,50.14715919671059
14.37,0.0,20329070.0,50.14543081570745
14.38,0.0,20327310.0,50.14355763366959
14.39,0.0,20325550.0,50.141668366348
14.4,0.0,20323790.0,50.139955984806605
14.41,0.0,20322030.0,50.13866613429199
14.42,0.0,20320270.0,50.13804226638712
14.43,-0.0,20318510.0,50.13824710150092
14.44,-0.0,20316750.0,50.13929836840472
14.45,-0.0,20314990.0,50.141051062621955
14.46,-0.0,20313230.0,50.14323119832728
14.47,-0.0,20311470.0,50.145502352841355
14.48,-0.0,20309710.0,50.14753902797088
14.49,-0.0,20307940.0,50.14908659099982
14.5,-0.0,20306180.0,50.14999686076641
14.51,-0.0,20304410.0,50.150234765364885
14.52,0.0,20302640.0,50.1498570380582
14.53,0.0,20300870.0,50.148971800519725
14.54,0.0,20299100.0,50.1476955648414
14.55,0.0,20297330.0,50.14612773837819
14.56,0.0,20295560.0,50.14435416925649
14.57,0.0,20293780.0,50.14247561794729
14.58,0.0,20292010.0,50.14064183546238
14.59,0.0,20290230.0,50.13906512060806
14.6,0.0,20288450.0,50.13799395301353
14.61,0.0,20286670.0,50.13764842213016
14.62,-0.0,20284880.0,50.13814431405472
14.63,-0.0,20283100.0,50.13944346984383
14.64,-0.0,20281310.0,50.14135442274225
14.65,-0.0,20279520.0,50.14357895693661
14.66,-0.0,20277730.0,50.14578196795046
14.67,-0.0,20275930.0,50.1476605028037
14.68,-0.0,20274130.0,50.148995359285145
14.69,-0.0,20272340.0,50.14967689449732
14.7,-0.0,20270530.0,50.1497022669697
14.71,0.0,20268730.0,50.149147378654014
14.72,0.0,20266920.0,50.14812500060586
14.73,0.0,20265110.0,50.14674669929663
14.74,0.0,20263300.0,50.145106551798776
14.75,0.0,20261490.0,50.143293378656374
14.76,0.0,20259670.0,50.14142221868584
14.77,0.0,20257850.0,50.13966289047217
14.78,0.0,20256030.0,50.13824099097779
14.79,0.0,20254200.0,50.13739824516335
14.8,0.0,20252370.0,50.1373224565708
14.81,-0.0,20250540.0,50.138078747119884
14.82,-0.0,20248710.0,50.1395767549439
14.83,-0.0,20246870.0,50.141587490028094
14.84,-0.0,20245030.0,50.14379882767619
14.85,-0.0,20243180.0,50.145885715299976
14.86,-0.0,20241340.0,50.1475733864927
14.87,-0.0,20239490.0,50.14868017621683
14.88,-0.0,20237630.0,50.14913368905183
14.89,0.0,20235770.0,50.148959378375565
14.9,0.0,20233910.0,50.14824730372368
14.91,0.0,20232050.0,50.147110786323836
14.92,0.0,20230180.0,50.14565486741544
14.93,0.0,20228310.0,50.143969554277234
14.94,0.0,20226440.0,50.14214940325806
14.95,0.0,20224560.0,50.14032528569049
14.96,0.0,20222680.0,50.138684961054835
14.97,0.0,20220800.0,50.13746084916061
14.98,0.0,20218910.0,50.13687923240471
14.99,-0.0,20217020.0,50.137088855640044
15.0,-0.0,20215120.0,50.13810291569265
15.01,-0.0,20213220.0,50.13978326792142
15.02,-0.0,20211320.0,50.141871432213094
15.03,-0.0,20209410.0,50.14404989704371
15.04,-0.0,20207500.0,50.146010299901455
15.05,-0.0,20205590.0,50.14750963824323
15.06,-0.0,20203670.0,50.148403975518384
15.07,-0.0,20201750.0,50.14865526191841
15.08,0.0,20199830.0,50.14831233597622
15.09,0.0,20197900.0,50.14747440834093
15.1,0.0,20195970.0,50.14625202687741
15.11,0.0,20194040.0,50.14474363553912
15.12,0.0,20192100.0,50.14303803471197
15.13,0.0,20190160.0,50.1412389312142
15.14,0.0,20188210.0,50.139494139776545
15.15,0.0,20186260.0,50.13800609358378
15.16,0.0,20184310.0,50.137006660094464
15.17,0.0,20182350.0,50.13669825545244
15.18,-0.0,20180390.0,50.13718537951098
15.19,-0.0,20178430.0,50.13842997573984
15.2,-0.0,20176460.0,50.140252098905115
15.21,-0.0,20174490.0,50.14237230818873
15.22,-0.0,20172520.0,50.1444758604671
15.23,-0.0,20170540.0,50.14627685614103
15.24,-0.0,20168560.0,50.14756666013462
15.25,-0.0,20166580.0,50.14823845131403
15.26,-0.0,20164590.0,50.148285262464455
15.27,0.0,20162600.0,50.14777472367976
15.28,0.0,20160610.0,50.146811170887105
15.29,0.0,20158610.0,50.14550103876191
15.3,0.0,20156610.0,50.143937729266256
15.31,0.0,20154610.0,50.14221189400915
15.32,0.0,20152610.0,50.14043867300755
15.33,0.0,20150600.0,50.13878196668784
15.34,0.0,20148580.0,50.13745386554444
15.35,0.0,20146570.0,50.13667794631934
15.36,0.0,20144550.0,50.136625884723095
15.37,-0.0,20142530.0,50.137355572370566
15.38,-0.0,20140510.0,50.13878153985938
15.39,-0.0,20138480.0,50.14069005295622
15.4,-0.0,20136460.0,50.14278957063383
15.41,-0.0,20134420.0,50.144775383069415
15.42,-0.0,20132390.0,50.146388515146434
15.43,-0.0,20130360.0,50.14745604245516
15.44,-0.0,20128320.0,50.147906660640174
15.45,0.0,20126280.0,50.14776064854506
15.46,0.0,20124230.0,50.147099748459034
15.47,0.0,20122190.0,50.146029620233776
15.48,0.0,20120140.0,50.14465104469947
15.49,0.0,20118090.0,50.14305337370115
15.5,0.0,20116040.0,50.14133149517317
15.51,0.0,20113990.0,50.13961343006235
15.52,0.0,20111930.0,50.13807760406568
15.53,0.0,20109880.0,50.1369406752025
15.54,0.0,20107820.0,50.13641110111743
15.55,-0.0,20105760.0,50.13662462013239
15.56,-0.0,20103690.0,50.13759184500245
15.57,-0.0,20101630.0,50.13918375755387
15.58,-0.0,20099560.0,50.14115956582529
15.59,-0.0,20097500.0,50.1432226797888
15.6,-0.0,20095430.0,50.145083822816126
15.61,-0.0,20093360.0,50.14651369537325
15.62,-0.0,20091290.0,50.147374908793765
15.63,-0.0,20089210.0,50.1476288366226
15.64,0.0,20087140.0,50.14731845413609
15.65,0.0,20085070.0,50.146535025075664
15.66,0.0,20082990.0,50.14538242206045
15.67,0.0,20080910.0,50.14395557132813
15.68,0.0,20078830.0,50.14234226751737
15.69,0.0,20076760.0,50.140644752264684
15.7,0.0,20074680.0,50.139005216163625
15.71,0.0,20072600.0,50.137614267060094
15.72,0.0,20070510.0,50.13668731917086
15.73,0.0,20068430.0,50.13641092137357
15.74,-0.0,20066350.0,50.13688063863867
15.75,-0.0,20064270.0,50.13806033020428
15.76,-0.0,20062180.0,50.13978235113353
15.77,-0.0,20060100.0,50.141785954548425
15.78,-0.0,20058020.0,50.14377636539364
15.79,-0.0,20055930.0,50.14548462636117
15.8,-0.0,20053850.0,50.14671329051381
15.81,-0.0,20051760.0,50.14735988193666
15.82,-0.0,20049680.0,50.147415488631644
15.83,0.0,20047590.0,50.1469416112163
15.84,0.0,20045500.0,50.14603531846357
15.85,0.0,20043420.0,50.144797370654224
15.86,0.0,20041330.0,50.14331813012629
15.87,0.0,20039250.0,50.141686563293064
15.88,0.0,20037160.0,50.14001449553849
15.89,0.0,20035080.0,50.13845795164823
15.9,0.0,20033000.0,50.137215855702024
15.91,0.0,20030910.0,50.13649607806061
15.92,0.0,20028830.0,50.1364574693824
15.93,-0.0,20026750.0,50.137153240592745
15.94,-0.0,20024660.0,50.138503554838856
15.95,-0.0,20022580.0,50.140308836106215
15.96,-0.0,20020500.0,50.14229595256878
15.97,-0.0,20018420.0,50.144178292062925
15.98,-0.0,20016340.0,50.1457112092621
15.99,-0.0,20014270.0,50.146730370756586
16.0,-0.0,20012190.0,50.14716681953516
16.01,0.0,20010110.0,50.14703788357065
16.02,0.0,20008040.0,50.14641925504255
16.03,0.0,20005960.0,50.145410163512786
16.04,0.0,20003890.0,50.144106616081196
16.05,0.0,20001820.0,50.1425951380989
16.06,0.0,19999750.0,50.140968065891315
16.07,0.0,19997680.0,50.139348427283245
16.08,0.0,19995620.0,50.13790521244067
16.09,0.0,19993550.0,50.13684167449032
16.1,0.0,19991490.0,50.13635239911578
16.11,-0.0,19989430.0,50.13656387026878
16.12,-0.0,19987370.0,50.13748595377869
16.13,-0.0,19985310.0,50.13899799192747
16.14,-0.0,19983250.0,50.140874028899276
16.15,-0.0,19981200.0,50.142834654287796
16.16,-0.0,19979140.0,50.14460628238766
16.17,-0.0,19977090.0,50.1459711822816
16.18,-0.0,19975050.0,50.146798107833426
16.19,-0.0,19973000.0,50.14704912160263
16.2,0.0,19970960.0,50.146763636049016
16.21,0.0,19968920.0,50.146027228319525
16.22,0.0,19966880.0,50.1449382260221
16.23,0.0,19964840.0,50.14358749470471
16.24,0.0,19962810.0,50.14205995083256
16.25,0.0,19960780.0,50.14045433340121
16.26,0.0,19958750.0,50.138906485778314
16.27,0.0,19956730.0,50.137596807078154
16.28,0.0,19954700.0,50.13672808637507
16.29,0.0,19952680.0,50.13647561720034
16.3,-0.0,19950670.0,50.136929394798436
16.31,-0.0,19948660.0,50.13805583640808
16.32,-0.0,19946650.0,50.139697340183154
16.33,-0.0,19944640.0,50.141607670217155
16.34,-0.0,19942640.0,50.1435073371983
16.35,-0.0,19940640.0,50.145140413553435
16.36,-0.0,19938640.0,50.146318341832064
16.37,-0.0,19936650.0,50.14694264885955
16.38,-0.0,19934660.0,50.1470038680219
16.39,0.0,19932670.0,50.146559702275
16.4,0.0,19930690.0,50.145702094350305
16.41,0.0,19928710.0,50.14452709583382
16.42,0.0,19926740.0,50.143121500301646
16.43,0.0,19924770.0,50.1415711559813
16.44,0.0,19922800.0,50.13998351472585
16.45,0.0,19920840.0,50.13850739041574
16.46,0.0,19918880.0,50.137331551179564
16.47,0.0,19916930.0,50.13665285434102
16.48,0.0,19914980.0,50.13662190764625
16.49,-0.0,19913030.0,50.137289733796955
16.5,-0.0,19911090.0,50.13858147834917
16.51,-0.0,19909150.0,50.140308246282764
16.52,-0.0,19907220.0,50.14221028191107
16.53,-0.0,19905290.0,50.14401396898547
16.54,-0.0,19903370.0,50.14548501687264
16.55,-0.0,19901450.0,50.146465557665145
16.56,-0.0,19899540.0,50.146888899939846
16.57,0.0,19897630.0,50.14677099884539
16.58,0.0,19895730.0,50.14618382975865
16.59,0.0,19893830.0,50.14522216352558
16.6,0.0,19891940.0,50.14397802653164
16.61,0.0,19890050.0,50.14253466768144
16.62,0.0,19888170.0,50.140980971498564
16.63,0.0,19886300.0,50.139434922872304
16.64,0.0,19884420.0,50.13805798518847
16.65,0.0,19882560.0,50.13704403701232
16.66,0.0,19880700.0,50.13657881884086
16.67,-0.0,19878840.0,50.13678361993645
16.68,-0.0,19876990.0,50.13766892326029
16.69,-0.0,19875150.0,50.13912053854723
16.7,-0.0,19873310.0,50.14092292808681
16.71,-0.0,19871480.0,50.142808354237104
16.72,-0.0,19869660.0,50.144513770444696
16.73,-0.0,19867840.0,50.14582928378293
16.74,-0.0,19866020.0,50.1466280525942
16.75,-0.0,19864220.0,50.146873113979765
16.76,0.0,19862420.0,50.14660209177747
16.77,0.0,19860620.0,50.145897165197184
16.78,0.0,19858830.0,50.144852886189994
16.79,0.0,19857050.0,50.143556701685135
16.8,0.0,19855270.0,50.14209035445857
16.81,0.0,19853510.0,50.14054878610607
16.82,0.0,19851740.0,50.13906242251933
16.83,0.0,19849990.0,50.13780438628839
16.84,0.0,19848240.0,50.136969472674586
16.85,0.0,19846500.0,50.136726583148615
16.86,-0.0,19844760.0,50.1371633004335
16.87,-0.0,19843030.0,50.13824871632258
16.88,-0.0,19841310.0,50.13983228174151
16.89,-0.0,19839600.0,50.14167721544466
16.9,-0.0,19837890.0,50.1435136720376
16.91,-0.0,19836190.0,50.145093851875004
16.92,-0.0,19834490.0,50.14623482360048
16.93,-0.0,19832810.0,50.14684089055913
16.94,-0.0,19831130.0,50.14690270585314
16.95,0.0,19829460.0,50.14647608986109
16.96,0.0,19827790.0,50.145650029142615
16.97,0.0,19826140.0,50.14451738986335
16.98,0.0,19824490.0,50.143161916021604
16.99,0.0,19822850.0,50.141666259159024
17.0,0.0,19821210.0,50.14013382607426
17.01,0.0,19819590.0,50.13870800438619
17.02,0.0,19817970.0,50.13757104397891
17.03,0.0,19816360.0,50.136913565109765
17.04,0.0,19814750.0,50.136882201704445
17.05,-0.0,19813160.0,50.13752781818018
17.06,-0.0,19811570.0,50.13877946537549
17.07,-0.0,19809990.0,50.1404551067
17.08,-0.0,19808420.0,50.1423030139873
17.09,-0.0,19806860.0,50.144057110566024
17.1,-0.0,19805300.0,50.14548904588912
17.11,-0.0,19803750.0,50.14644475181188
17.12,-0.0,19802220.0,50.146859108469876
17.13,0.0,19800680.0,50.146747690790896
17.14,0.0,19799160.0,50.14618070170279
17.15,0.0,19797650.0,50.145250416310894
17.16,0.0,19796140.0,50.14404614765138
17.17,0.0,19794640.0,50.14264831998092
17.18,0.0,19793160.0,50.14114257193859
17.19,0.0,19791670.0,50.139642778548655
17.2,0.0,19790200.0,50.138305335256874
17.21,0.0,19788740.0,50.1373187455901
17.22,0.0,19787280.0,50.1368644277457
17.23,-0.0,19785840.0,50.13706187358095
17.24,-0.0,19784400.0,50.137923054360854
17.25,-0.0,19782970.0,50.13933818692703
17.26,-0.0,19781550.0,50.14109783794761
17.27,-0.0,19780140.0,50.14294064414134
17.28,-0.0,19778730.0,50.14460908396473
17.29,-0.0,19777340.0,50.14589731602358
17.3,-0.0,19775950.0,50.14668086229754
17.31,-0.0,19774570.0,50.14692350580403
17.32,0.0,19773210.0,50.146662274220375
17.33,0.0,19771850.0,50.145977813806766
17.34,0.0,19770500.0,50.14496262497457
17.35,0.0,19769150.0,50.14370179894612
17.36,0.0,19767820.0,50.14227438735222
17.37,0.0,19766500.0,50.14077208377883
17.38,0.0,19765180.0,50.13932137477533
17.39,0.0,19763880.0,50.13809102571738
17.4,0.0,19762580.0,50.137271882740286
17.41,0.0,19761290.0,50.13703044078066
17.42,-0.0,19760010.0,50.137454290433446
17.43,-0.0,19758740.0,50.13851504546169
17.44,-0.0,19757480.0,50.140066473520015
17.45,-0.0,19756230.0,50.141876785315276
17.46,-0.0,19754990.0,50.143680795371395
17.47,-0.0,19753760.0,50.14523441076813
17.48,-0.0,19752530.0,50.146357212307024
17.49,-0.0,19751320.0,50.14695482643866
17.5,-0.0,19750110.0,50.147018175733024
17.51,0.0,19748920.0,50.146602495942794
17.52,0.0,19747730.0,50.14579554790585
17.53,0.0,19746550.0,50.1446884896078
17.54,0.0,19745380.0,50.14336292367759
17.55,0.0,19744220.0,50.14189887041029
17.56,0.0,19743070.0,50.1403965772246
17.57,0.0,19741930.0,50.13899591150033
17.58,0.0,19740800.0,50.13787576130559
17.59,0.0,19739670.0,50.13722434786848
17.6,0.0,19738560.0,50.13718762117655
17.61,-0.0,19737460.0,50.13781775443296
17.62,-0.0,19736360.0,50.1390467200378
17.63,-0.0,19735270.0,50.14069619082456
17.64,-0.0,19734200.0,50.14251808221153
17.65,-0.0,19733130.0,50.1442493267794
17.66,-0.0,19732070.0,50.14566373319026
17.67,-0.0,19731020.0,50.14660857081918
17.68,-0.0,19729980.0,50.14701936179491
17.69,0.0,19728950.0,50.14691174960389
17.7,0.0,19727930.0,50.146355502886166
17.71,0.0,19726920.0,50.14544197080153
17.72,0.0,19725920.0,50.14425901644293
17.73,0.0,19724920.0,50.14288505069868
17.74,0.0,19723940.0,50.14140315778535
17.75,0.0,19722960.0,50.1399242992186
17.76,0.0,19721990.0,50.138602016737146
17.77,0.0,19721040.0,50.13762264353151
17.78,0.0,19720090.0,50.13716672708971
17.79,-0.0,19719150.0,50.13735447971509
17.8,-0.0,19718220.0,50.13819994550756
17.81,-0.0,19717300.0,50.139596112783465
17.82,-0.0,19716390.0,50.14133629265318
17.83,-0.0,19715490.0,50.14316134438882
17.84,-0.0,19714590.0,50.14481526993655
17.85,-0.0,19713710.0,50.146093143324535
17.86,-0.0,19712840.0,50.1468709929696
17.87,-0.0,19711970.0,50.147112865337384
17.88,0.0,19711110.0,50.14685585612436
17.89,0.0,19710260.0,50.14618039643926
17.9,0.0,19709430.0,50.14517832703026
17.91,0.0,19708600.0,50.14393347049179
17.92,0.0,19707780.0,50.14252295622029
17.93,0.0,19706960.0,50.14252295622029
17.94,0.0,19706160.0,50.14103604040778
17.95,0.0,19705370.0,50.13959670703393
17.96,0.0,19704580.0,50.13837176527076
17.97,0.0,19703810.0,50.1375511944382
17.98,0.0,19703040.0,50.137302012977244
17.99,-0.0,19702280.0,50.13771354816037
18.0,-0.0,19701530.0,50.13875976411632
18.01,-0.0,19700790.0,50.14029667217644
18.02,-0.0,19700060.0,50.14209411257043
18.03,-0.0,19699340.0,50.143887772392674
18.04,-0.0,19698620.0,50.14543383852025
18.05,-0.0,19697920.0,50.14655188741016
18.06,-0.0,19697220.0,50.14714754260724
18.07,-0.0,19696530.0,50.147211861952634
18.08,0.0,19695850.0,50.14680028092465
18.09,0.0,19695180.0,50.14600057017604
18.1,0.0,19694520.0,50.14490339584141
18.11,0.0,19693870.0,50.14358916576989
18.12,0.0,19693220.0,50.14213605171557
18.13,0.0,19692580.0,50.14064215004274
18.14,0.0,19691960.0,50.1392454641693
18.15,0.0,19691340.0,50.13812394060068
18.16,0.0,19690720.0,50.137466176765486
18.17,0.0,19690120.0,50.137419729938415
18.18,-0.0,19689530.0,50.138039034021716
18.19,-0.0,19688940.0,50.13925818703079
18.2,-0.0,19688360.0,50.140900241417484
18.21,-0.0,19687790.0,50.14271754400767
18.22,-0.0,19687230.0,50.14444669825312
18.23,-0.0,19686670.0,50.14586082738952
18.24,-0.0,19686120.0,50.146806586325596
18.25,-0.0,19685590.0,50.14721924873533
18.26,0.0,19685050.0,50.147114631484655
18.27,0.0,19684530.0,50.146562885026846
18.28,0.0,19684010.0,50.14565555085176
18.29,0.0,19683510.0,50.144480102827615
18.3,0.0,19683010.0,50.143113808801395
18.31,0.0,19682510.0,50.14163803770617
18.32,0.0,19682030.0,50.14016198899345
18.33,0.0,19681550.0,50.138838094288005
18.34,0.0,19681080.0,50.137852797887675
18.35,0.0,19680610.0,50.1373880997869
18.36,-0.0,19680150.0,50.1375665424404
18.37,-0.0,19679700.0,50.13840451613483
18.38,-0.0,19679260.0,50.139796562067254
18.39,-0.0,19678820.0,50.14153637193355
18.4,-0.0,19678390.0,50.14336413606393
18.41,-0.0,19677970.0,50.14502256970042
18.42,-0.0,19677550.0,50.14630539052513
18.43,-0.0,19677140.0,50.147087671119436
18.44,-0.0,19676740.0,50.14733315677553
18.45,0.0,19676340.0,50.147079246829165
18.46,0.0,19675950.0,50.14640693254127
18.47,0.0,19675570.0,50.14540838606998
18.48,0.0,19675190.0,50.14416711709756
18.49,0.0,19674810.0,50.14275917700771
18.5,0.0,19674440.0,50.14127235507371
18.51,0.0,19674080.0,50.13982940854189
18.52,0.0,19673730.0,50.13859686413708
18.53,0.0,19673380.0,50.137765810455946
18.54,0.0,19673030.0,50.13750556684457
18.55,-0.0,19672690.0,50.13790816622823
18.56,-0.0,19672360.0,50.138949694389886
18.57,-0.0,19672030.0,50.14048700776087
18.58,-0.0,19671700.0,50.14228938973052
18.59,-0.0,19671380.0,50.14409094274952
18.6,-0.0,19671070.0,50.14564586315034
18.61,-0.0,19670760.0,50.14677195816631
18.62,-0.0,19670450.0,50.14737376651658
18.63,-0.0,19670150.0,50.147442124516736
18.64,0.0,19669850.0,50.147032939620196
18.65,0.0,19669560.0,50.14623468099798
18.66,0.0,19669270.0,50.145138378866825
18.67,0.0,19668990.0,50.14382409897157
18.68,0.0,19668710.0,50.14236900387533
18.69,0.0,19668430.0,50.140870002488136
18.7,0.0,19668160.0,50.13946448758118
18.71,0.0,19667890.0,50.13833102902916
18.72,0.0,19667630.0,50.137660240286955
18.73,0.0,19667370.0,50.13760255442132
18.74,-0.0,19667110.0,50.138215124689324
18.75,-0.0,19666860.0,50.13943363274183
18.76,-0.0,19666600.0,50.14108110722791
18.77,-0.0,19666360.0,50.14290842266291
18.78,-0.0,19666110.0,50.14464985051037
18.79,-0.0,19665870.0,50.146076047434065
18.8,-0.0,19665630.0,50.14703170695542
18.81,-0.0,19665390.0,50.147451057613715
18.82,0.0,19665160.0,50.14734986734607
18.83,0.0,19664920.0,50.14679894521197
18.84,0.0,19664690.0,50.14589064275452
18.85,0.0,19664470.0,50.14471282436492
18.86,0.0,19664240.0,50.143342440274
18.87,0.0,19664020.0,50.14186001203659
18.88,0.0,19663800.0,50.14037397137716
18.89,0.0,19663580.0,50.13903683124732
18.9,0.0,19663360.0,50.1380364741763
18.91,0.0,19663140.0,50.137557571460825
18.92,-0.0,19662930.0,50.13772576232691
18.93,-0.0,19662710.0,50.13855983083006
18.94,-0.0,19662500.0,50.13995515806799
18.95,-0.0,19662290.0,50.141704531360396
18.96,-0.0,19662080.0,50.143545914529184
18.97,-0.0,19661870.0,50.14521918276549
18.98,-0.0,19661660.0,50.14651535118675
18.99,-0.0,19661460.0,50.14730752991419
19.0,-0.0,19661250.0,50.14755857560738
19.01,0.0,19661040.0,50.14730604769132
19.02,0.0,19660840.0,50.14663175538796
19.03,0.0,19660630.0,50.145628740266666
19.04,0.0,19660430.0,50.1443808917949
19.05,0.0,19660230.0,50.1429639749655
19.06,0.0,19660020.0,50.14146514149608
19.07,0.0,19659820.0,50.140006850177265
19.08,0.0,19659610.0,50.13875638971449
19.09,0.0,19659410.0,50.13790697887336
19.1,0.0,19659200.0,50.13763103428748
19.11,-0.0,19659000.0,50.138023648909055
19.12,-0.0,19658790.0,50.13906282717815
19.13,-0.0,19658590.0,50.14060555917909
19.14,-0.0,19658380.0,50.14241952516818
19.15,-0.0,19658180.0,50.14423606677637
19.16,-0.0,19657970.0,50.14580625031786
19.17,-0.0,19657760.0,50.14694512506068
19.18,-0.0,19657550.0,50.14755538885937
19.19,-0.0,19657340.0,50.14762719931486
19.2,0.0,19657130.0,50.14721681977873
19.21,0.0,19656920.0,50.14641364041712
19.22,0.0,19656700.0,50.14530956136338
19.23,0.0,19656490.0,50.143985008098035
19.24,0.0,19656270.0,50.142516948516324
19.25,0.0,19656050.0,50.14100197374359
19.26,0.0,19655830.0,50.13957774665583
19.27,0.0,19655610.0,50.138424287987746
19.28,0.0,19655390.0,50.13773489467026
19.29,0.0,19655170.0,50.13766325595989
19.3,-0.0,19654940.0,50.13826925069866
19.31,-0.0,19654710.0,50.13948978099207
19.32,-0.0,19654480.0,50.141147213662194
19.33,-0.0,19654250.0,50.14299016865728
19.34,-0.0,19654020.0,50.1447497681565
19.35,-0.0,19653780.0,50.14619341633614
19.36,-0.0,19653540.0,50.14716313234704
19.37,-0.0,19653300.0,50.14759150846171
19.38,0.0,19653060.0,50.14749386461309
19.39,0.0,19652810.0,50.14694153776641
19.4,0.0,19652570.0,50.146027873153045
19.41,0.0,19652320.0,50.14484160956566
19.42,0.0,19652060.0,50.14346008909036
19.43,0.0,19651810.0,50.14196380999225
19.44,0.0,19651550.0,50.14046125501703
19.45,0.0,19651290.0,50.13910572064687
19.46,0.0,19651030.0,50.13808702274519
19.47,0.0,19650760.0,50.13759273643482
19.48,-0.0,19650490.0,50.13775156474228
19.49,-0.0,19650220.0,50.13858443990454
19.5,-0.0,19649940.0,50.13998721244766
19.51,-0.0,19649670.0,50.141751352469974
19.52,-0.0,19649390.0,50.14361218435602
19.53,-0.0,19649100.0,50.14530632189884
19.54,-0.0,19648820.0,50.146621618102735
19.55,-0.0,19648530.0,50.14742871113754
19.56,-0.0,19648230.0,50.14768905176511
19.57,0.0,19647940.0,50.147439939271585
19.58,0.0,19647640.0,50.146763810977916
19.59,0.0,19647340.0,50.145754716377766
19.6,0.0,19647030.0,50.14449740174829
19.61,0.0,19646720.0,50.143068066620266
19.62,0.0,19646410.0,50.14155401854287
19.63,0.0,19646090.0,50.140078090620534
19.64,0.0,19645770.0,50.13880873365424
19.65,0.0,19645450.0,50.137941365847624
19.66,0.0,19645130.0,50.13765129802826
19.67,-0.0,19644800.0,50.13803635425942
19.68,-0.0,19644460.0,50.13907616394909
19.69,-0.0,19644130.0,50.140627689747085
19.7,-0.0,19643790.0,50.142456978992776
19.71,-0.0,19643450.0,50.14429263167259
19.72,-0.0,19643100.0,50.145882535231976
19.73,-0.0,19642750.0,50.147038766718765
19.74,-0.0,19642400.0,50.14766177501807
19.75,-0.0,19642040.0,50.14774050836546
19.76,0.0,19641680.0,50.14733109676407
19.77,0.0,19641320.0,50.1465236005169
19.78,0.0,19640950.0,50.14541091340048
19.79,0.0,19640580.0,50.144074320722545
19.8,0.0,19640210.0,50.14259132437686
19.81,0.0,19639830.0,50.14105890943322
19.82,0.0,19639450.0,50.13961545557669
19.83,0.0,19639060.0,50.13844246902005
19.84,0.0,19638670.0,50.13773558132127
19.85,0.0,19638280.0,50.13765120500216
19.86,-0.0,19637890.0,50.13825149837546
19.87,-0.0,19637490.0,50.13947442621608
19.88,-0.0,19637090.0,50.14114186374822
19.89,-0.0,19636680.0,50.14300055983213
19.9,-0.0,19636280.0,50.14477888874281
19.91,-0.0,19635870.0,50.1462412285651
19.92,-0.0,19635450.0,50.147226849226755
19.93,-0.0,19635030.0,50.1476663176448
19.94,0.0,19634610.0,50.1475739240903
19.95,0.0,19634190.0,50.14702098623691
19.96,0.0,19633760.0,50.14610157398107
19.97,0.0,19633330.0,50.14490545286555
19.98,0.0,19632890.0,50.14351089241366
19.99,0.0,19632460.0,50.14199906901211
20.0,0.0,19632020.0,50.140479073251285
20.01,0.0,19631570.0,50.13910512896879
20.02,0.0,19631130.0,50.138068623409104
20.03,0.0,19630680.0,50.13755931943265
20.04,-0.0,19630220.0,50.137708250025426
20.05,-0.0,19629770.0,50.13853808899972
20.06,-0.0,19629310.0,50.13994525323297
20.07,-0.0,19628850.0,50.14172043849741
20.08,-0.0,19628390.0,50.1435970911536
20.09,-0.0,19627920.0,50.14530926297387
20.1,-0.0,19627450.0,50.14664204871329
20.11,-0.0,19626980.0,50.14746359771387
20.12,-0.0,19626510.0,50.147733539525085
20.13,0.0,19626030.0,50.14748827649002
20.14,0.0,19625550.0,50.1468102960421
20.15,0.0,19625070.0,50.14579440344179
20.16,0.0,19624580.0,50.14452639645511
20.17,0.0,19624100.0,50.14308345338681
20.18,0.0,19623610.0,50.14155364495101
20.19,0.0,19623120.0,50.14006049655555
20.2,0.0,19622630.0,50.13877340145275
20.21,0.0,19622130.0,50.13788922366148
20.22,0.0,19621640.0,50.137585170787304
20.23,-0.0,19621140.0,50.13796100129956
20.24,-0.0,19620640.0,50.138997735774225
20.25,-0.0,19620130.0,50.140552738442466
20.26,-0.0,19619630.0,50.142391341085556
20.27,-0.0,19619130.0,50.144240481163415
20.28,-0.0,19618620.0,50.14584577468596
20.29,-0.0,19618110.0,50.147016817186326
20.3,-0.0,19617600.0,50.14765177841788
20.31,-0.0,19617090.0,50.1477379153646
20.32,0.0,19616580.0,50.14733052572342
20.33,0.0,19616060.0,50.14651974630983
20.34,0.0,19615550.0,50.145399245692765
20.35,0.0,19615030.0,50.14405140249466
20.36,0.0,19614520.0,50.142554769965564
20.37,0.0,19614000.0,50.141007178392215
20.38,0.0,19613480.0,50.1395477398899
20.39,0.0,19612960.0,50.13835883640997
20.4,0.0,19612440.0,50.137637328382766
20.41,0.0,19611920.0,50.13754117670144
20.42,-0.0,19611400.0,50.13813408926898
20.43,-0.0,19610880.0,50.1393551338498
20.44,-0.0,19610360.0,50.14102649318336
20.45,-0.0,19609840.0,50.142894311110275
20.46,-0.0,19609320.0,50.144685543909674
20.47,-0.0,19608800.0,50.14616257414235
20.48,-0.0,19608280.0,50.14716241646839
20.49,-0.0,19607750.0,50.14761350326333
20.5,0.0,19607230.0,50.14752851046167
20.51,0.0,19606710.0,50.14697797154633
20.52,0.0,19606200.0,50.146056090052305
20.53,0.0,19605680.0,50.144853490739905
20.54,0.0,19605160.0,50.14344963791236
20.55,0.0,19604640.0,50.14192683784605
20.56,0.0,19604130.0,50.14039502063049
20.57,0.0,19603610.0,50.13900899383961
20.58,0.0,19603100.0,50.137960706687565
20.59,0.0,19602590.0,50.13744071648477
20.6,-0.0,19602070.0,50.13758116060066
20.61,-0.0,19601570.0,50.13840593850464
20.62,-0.0,19601060.0,50.13981246922468
20.63,-0.0,19600550.0,50.141591894422355
20.64,-0.0,19600050.0,50.14347737635706
20.65,-0.0,19599550.0,50.145201921806915
20.66,-0.0,19599050.0,50.1465489417842
20.67,-0.0,19598550.0,50.14738452132034
20.68,-0.0,19598050.0,50.14766623173252
20.69,0.0,19597560.0,50.14742887597837
20.7,0.0,19597070.0,50.14675417431488
20.71,0.0,19596580.0,50.145737121540016
20.72,0.0,19596090.0,50.14446445701384
20.73,0.0,19595610.0,50.143014611889406
20.74,0.0,19595130.0,50.14147674624152
20.75,0.0,19594650.0,50.13997502131594
20.76,0.0,19594180.0,50.13867903416941
20.77,0.0,19593710.0,50.13778572065316
20.78,0.0,19593240.0,50.13747261690035
20.79,-0.0,19592780.0,50.137840292037126
20.8,-0.0,19592320.0,50.13887097173255
20.81,-0.0,19591860.0,50.14042327052041
20.82,-0.0,19591410.0,50.14226339265152
20.83,-0.0,19590960.0,50.14411844746603
20.84,-0.0,19590510.0,50.14573337814677
20.85,-0.0,19590070.0,50.1469163134896
20.86,-0.0,19589630.0,50.147563416648566
20.87,-0.0,19589200.0,50.14765984278251
20.88,0.0,19588770.0,50.147259234124455
20.89,0.0,19588340.0,50.14645096377903
20.9,0.0,19587920.0,50.145328969757095
20.91,0.0,19587510.0,50.143976686019
20.92,0.0,19587100.0,50.14247397672573
20.93,0.0,19586690.0,50.140919672650256
20.94,0.0,19586290.0,50.139453240394516
20.95,0.0,19585890.0,50.1382568277042
20.96,0.0,19585500.0,50.137526893115314
20.97,0.0,19585110.0,50.13742137461881
20.98,-0.0,19584720.0,50.138004679587524
20.99,-0.0,19584350.0,50.139217235774645
21.0,-0.0,19583970.0,50.14088282522974
21.01,-0.0,19583610.0,50.14274889315482
21.02,-0.0,19583240.0,50.14454295201972
21.03,-0.0,19582890.0,50.14602696322717
21.04,-0.0,19582540.0,50.1470365640055
21.05,-0.0,19582190.0,50.14749814495072
21.06,0.0,19581850.0,50.147422210837256
21.07,0.0,19581520.0,50.146877633438535
21.08,0.0,19581190.0,50.14595795781067
21.09,0.0,19580860.0,50.14475426177817
21.1,0.0,19580550.0,50.1433472215009
21.11,0.0,19580230.0,50.141820452467215
21.12,0.0,19579930.0,50.140284629825906
21.13,0.0,19579630.0,50.13889440432824
21.14,0.0,19579330.0,50.13784084462899
21.15,0.0,19579050.0,50.13731353494162
21.16,-0.0,19578760.0,50.1374442950279
21.17,-0.0,19578490.0,50.13825779432124
21.18,-0.0,19578220.0,50.139653190142894
21.19,-0.0,19577950.0,50.14142376436062
21.2,-0.0,19577700.0,50.14330451691289
21.21,-0.0,19577450.0,50.14502942142948
21.22,-0.0,19577200.0,50.146381690200236
21.23,-0.0,19576960.0,50.147226072228
21.24,-0.0,19576730.0,50.147518030472405
21.25,0.0,19576510.0,50.14729013132491
21.26,0.0,19576290.0,50.14662245702234
21.27,0.0,19576080.0,50.14560951605207
21.28,0.0,19575870.0,50.144338678076814
21.29,0.0,19575670.0,50.142889633578505
21.3,0.0,19575480.0,50.14135262999454
21.31,0.0,19575290.0,50.13985204061353
21.32,0.0,19575110.0,50.13855655511067
21.33,0.0,19574940.0,50.13766148656572
21.34,0.0,19574780.0,50.137342931837466
21.35,-0.0,19574620.0,50.137701120608035
21.36,-0.0,19574470.0,50.138719451346766
21.37,-0.0,19574320.0,50.14025892946843
21.38,-0.0,19574180.0,50.14208858273628
21.39,-0.0,19574050.0,50.143937900091004
21.4,-0.0,19573930.0,50.145553099303775
21.41,-0.0,19573810.0,50.146742168856285
21.42,-0.0,19573700.0,50.147399803778235
21.43,-0.0,19573600.0,50.14750884774748
21.44,0.0,19573500.0,50.14712056743645
21.45,0.0,19573410.0,50.146322704917566
21.46,0.0,19573330.0,50.145208791814255
21.47,0.0,19573250.0,50.143862978455026
21.48,0.0,19573180.0,50.14236630451499
21.49,0.0,19573120.0,50.140818319220614
21.5,0.0,19573070.0,50.13935804456441
21.51,0.0,19573020.0,50.13816594061772
21.52,0.0,19572980.0,50.13743622093022
21.53,0.0,19572950.0,50.13732517734111
21.54,-0.0,19572920.0,50.137897166864086
21.55,-0.0,19572900.0,50.1390944392331
21.56,-0.0,19572890.0,50.14074393221068
21.57,-0.0,19572880.0,50.14259656581556
21.58,-0.0,19572890.0,50.144382634524206
21.59,-0.0,19572890.0,50.14586549125946
21.6,-0.0,19572910.0,50.14688050950229
21.61,-0.0,19572930.0,50.14735236249949
21.62,0.0,19572960.0,50.147289024851325
21.63,0.0,19573000.0,50.14675693921408
21.64,0.0,19573050.0,50.1458481659843
21.65,0.0,19573100.0,50.14465362140928
21.66,0.0,19573160.0,50.143254842974194
21.67,0.0,19573220.0,50.14173646858716
21.68,0.0,19573290.0,50.1402093499984
21.69,0.0,19573370.0,50.13882685708918
21.7,0.0,19573460.0,50.13777752032587
21.71,0.0,19573550.0,50.13724816613109
21.72,-0.0,19573650.0,50.13736902235736
21.73,-0.0,19573760.0,50.138165298285145
21.74,-0.0,19573870.0,50.13953884636224
21.75,-0.0,19573990.0,50.14128694711023
21.76,-0.0,19574120.0,50.143148677580506
21.77,-0.0,19574260.0,50.144861082221496
21.78,-0.0,19574400.0,50.14620876978806
21.79,-0.0,19574540.0,50.14705604511087
21.8,-0.0,19574700.0,50.14735643187679
21.81,0.0,19574860.0,50.147139848868484
21.82,0.0,19575030.0,50.14648401386217
21.83,0.0,19575200.0,50.14548222617478
21.84,0.0,19575380.0,50.14422195135037
21.85,0.0,19575570.0,50.14278371661728
21.86,0.0,19575770.0,50.141258349396544
21.87,0.0,19575970.0,50.13976957496548
21.88,0.0,19576180.0,50.138483832297474
21.89,0.0,19576390.0,50.13759315462979
21.9,0.0,19576610.0,50.137270698628235
21.91,-0.0,19576840.0,50.13761556899714
21.92,-0.0,19577070.0,50.13861261212418
21.93,-0.0,19577310.0,50.14012651487951
21.94,-0.0,19577560.0,50.14193106294946
21.95,-0.0,19577810.0,50.143760216453806
21.96,-0.0,19578070.0,50.145363301443446
21.97,-0.0,19578330.0,50.14654947786825
21.98,-0.0,19578600.0,50.14721264978086
21.99,-0.0,19578880.0,50.14733341479475
22.0,0.0,19579160.0,50.146960259971976
22.01,0.0,19579450.0,50.1461786422204
22.02,0.0,19579740.0,50.145080995247405
22.03,0.0,19580040.0,50.14375156396772
22.04,0.0,19580350.0,50.142271958908005
22.05,0.0,19580660.0,50.140741685748495
22.06,0.0,19580980.0,50.139298235876105
22.07,0.0,19581300.0,50.13811897323717
22.08,0.0,19581630.0,50.13739439521435
22.09,0.0,19581970.0,50.13727806092526
22.1,-0.0,19582310.0,50.137833987853774
22.11,-0.0,19582650.0,50.139006905198045
22.12,-0.0,19583000.0,50.14062833571145
22.13,-0.0,19583360.0,50.14245449308405
22.14,-0.0,19583720.0,50.144220259738134
22.15,-0.0,19584090.0,50.14569187524035
22.16,-0.0,19584460.0,50.14670546843121
22.17,-0.0,19584840.0,50.14718448603364
22.18,0.0,19585220.0,50.14713437542827
22.19,0.0,19585610.0,50.14661878108551
22.2,0.0,19586000.0,50.14572769511284
22.21,0.0,19586390.0,50.14455121268148
22.22,0.0,19586800.0,50.14317105353617
22.23,0.0,19587200.0,50.14167213162055
22.24,0.0,19587610.0,50.1401645585409
22.25,0.0,19588030.0,50.13879928477552
22.26,0.0,19588450.0,50.1377610452813
22.27,0.0,19588870.0,50.13723281027856
22.28,-0.0,19589300.0,50.137342622619094
22.29,-0.0,19589730.0,50.13811637530121
22.3,-0.0,19590170.0,50.13945948578302
22.31,-0.0,19590610.0,50.1411745954517
22.32,-0.0,19591060.0,50.14300638843034
22.33,-0.0,19591510.0,50.14469639517404
22.34,-0.0,19591960.0,50.14603174254404
22.35,-0.0,19592420.0,50.146877036583625
22.36,-0.0,19592880.0,50.147184214206234
22.37,0.0,19593350.0,50.146980537222404
22.38,0.0,19593820.0,50.14634105546214
22.39,0.0,19594290.0,50.145357350771356
22.4,0.0,19594760.0,50.144116350436285
22.41,0.0,19595240.0,50.14269868980513
22.42,0.0,19595730.0,50.14119494400047
22.43,0.0,19596210.0,50.139727240349494
22.44,0.0,19596700.0,50.138458745394445
22.45,0.0,19597190.0,50.13757726789719
22.46,0.0,19597690.0,50.13725238109017
22.47,-0.0,19598190.0,50.137581921064
22.48,-0.0,19598690.0,50.13855260129368
22.49,-0.0,19599190.0,50.14003366512838
22.5,-0.0,19599700.0,50.14180477082888
22.51,-0.0,19600210.0,50.14360548165304
22.52,-0.0,19600720.0,50.14518922520348
22.53,-0.0,19601240.0,50.146367109091614
22.54,-0.0,19601760.0,50.14703277773441
22.55,-0.0,19602280.0,50.14716486071939
22.56,0.0,19602800.0,50.14680908747422
22.57,0.0,19603320.0,50.14604840358605
22.58,0.0,19603850.0,50.14497369618035
22.59,0.0,19604380.0,50.143668673503825
22.6,0.0,19604910.0,50.142214749291966
22.61,0.0,19605440.0,50.14071053313115
22.62,0.0,19605980.0,50.13929111985323
22.63,0.0,19606510.0,50.13813000541313
22.64,0.0,19607050.0,50.1374134281955
22.65,0.0,19607590.0,50.137292017943594
22.66,-0.0,19608130.0,50.13782964390956
22.67,-0.0,19608670.0,50.13897403292113
22.68,-0.0,19609210.0,50.1405620042359
22.69,-0.0,19609760.0,50.14235582498652
22.7,-0.0,19610310.0,50.144095669793664
22.71,-0.0,19610850.0,50.14555126890261
22.72,-0.0,19611400.0,50.14656000544441
22.73,-0.0,19611950.0,50.14704449202518
22.74,0.0,19612500.0,50.14700790901039
22.75,0.0,19613050.0,50.14651117950129
22.76,0.0,19613600.0,50.14564206873828
22.77,0.0,19614160.0,50.14448943740084
22.78,0.0,19614710.0,50.143134551927574
22.79,0.0,19615260.0,50.14166182924752
22.8,0.0,19615820.0,50.14017985280733
22.81,0.0,19616370.0,50.138836487678596
22.82,0.0,19616920.0,50.137812250382275
22.83,0.0,19617480.0,50.13728614087943
22.84,-0.0,19618030.0,50.137384193918955
22.85,-0.0,19618590.0,50.1381333616053
22.86,-0.0,19619140.0,50.13944307755005
22.87,-0.0,19619700.0,50.14112177132384
22.88,-0.0,19620250.0,50.14292009213036
22.89,-0.0,19620810.0,50.1445843551698
22.9,-0.0,19621360.0,50.145904487470894
22.91,-0.0,19621910.0,50.146745700786866
22.92,-0.0,19622470.0,50.147058670881115
22.93,0.0,19623020.0,50.14686828802751
22.94,0.0,19623570.0,50.1462470740384
22.95,0.0,19624120.0,50.14528478641349
22.96,0.0,19624670.0,50.1440674187974
22.97,0.0,19625220.0,50.14267508357365
22.98,0.0,19625770.0,50.14119737717601
22.99,0.0,19626320.0,50.13975419302849
23.0,0.0,19626870.0,50.13850504931968
23.01,0.0,19627410.0,50.137633499376264
23.02,0.0,19627960.0,50.13730580460379
23.03,-0.0,19628500.0,50.13761895651364
23.04,-0.0,19629050.0,50.13856193224727
23.05,-0.0,19629590.0,50.14000877800244
23.06,-0.0,19630130.0,50.14174509739492
23.07,-0.0,19630670.0,50.14351601805003
23.08,-0.0,19631200.0,50.145079023052965
23.09,-0.0,19631740.0,50.14624721493154
23.1,-0.0,19632270.0,50.14691417453576
23.11,-0.0,19632810.0,50.14705688516432
23.12,0.0,19633340.0,50.146718656985115
23.13,0.0,19633870.0,50.14598012030164
23.14,0.0,19634390.0,50.14493053452295
23.15,0.0,19634920.0,50.14365267726647
23.16,0.0,19635440.0,50.142227154639926
23.17,0.0,19635970.0,50.14075105403095
23.18,0.0,19636490.0,50.139356664265044
23.19,0.0,19637000.0,50.138213582091765
23.2,0.0,19637520.0,50.13750413949209
23.21,0.0,19638030.0,50.13737660607409
23.22,-0.0,19638540.0,50.13789523128875
23.23,-0.0,19639050.0,50.139010994737454
23.24,-0.0,19639560.0,50.14056594729305
23.25,-0.0,19640070.0,50.14232809676091
23.26,-0.0,19640570.0,50.14404251226835
23.27,-0.0,19641070.0,50.14548210199619
23.28,-0.0,19641570.0,50.14648540445409
23.29,-0.0,19642060.0,50.146974359928286
23.3,0.0,19642560.0,50.1469502424244
23.31,0.0,19643050.0,50.14647165060474
23.32,0.0,19643540.0,50.1456243641975
23.33,0.0,19644020.0,50.14449596148107
23.34,0.0,19644510.0,50.14316689217414
23.35,0.0,19644990.0,50.141720538006005
23.36,0.0,19645460.0,50.14026350613064
23.37,0.0,19645940.0,50.138940469940664
23.38,0.0,19646410.0,50.137928075206126
23.39,0.0,19646880.0,50.13740204725031
23.4,-0.0,19647350.0,50.13748716727827
23.41,-0.0,19647810.0,50.138211937156285
23.42,-0.0,19648270.0,50.139489843695564
23.43,-0.0,19648730.0,50.141134704674386
23.44,-0.0,19649190.0,50.14290247485891
23.45,-0.0,19649640.0,50.14454357269589
23.46,-0.0,19650090.0,50.14585023432063
23.47,-0.0,19650540.0,50.146688110256086
23.48,-0.0,19650980.0,50.14700679188764
23.49,0.0,19651420.0,50.14682920900507
23.5,0.0,19651860.0,50.14622579136496
23.51,0.0,19652290.0,50.145284689772296
23.52,0.0,19652720.0,50.14409086216101
23.53,0.0,19653150.0,50.14272351635191
23.54,0.0,19653570.0,50.141270825139785
23.55,0.0,19653990.0,50.13985022646729
23.56,0.0,19654410.0,50.13861781241723
23.57,0.0,19654820.0,50.137753565773544
23.58,0.0,19655230.0,50.13742135555606
23.59,-0.0,19655640.0,50.13771810623665
23.6,-0.0,19656040.0,50.13863536717874
23.61,-0.0,19656440.0,50.14005171111733
23.62,-0.0,19656840.0,50.141757945537776
23.63,-0.0,19657230.0,50.143503816348854
23.64,-0.0,19657620.0,50.1450499933481
23.65,-0.0,19658000.0,50.14621100430361
23.66,-0.0,19658390.0,50.146880211019095
23.67,-0.0,19658760.0,50.14703318897919
23.68,0.0,19659140.0,50.14671130399647
23.69,0.0,19659500.0,50.1459933383986
23.7,0.0,19659870.0,50.14496715822754
23.71,0.0,19660230.0,50.14371451960753
23.72,0.0,19660590.0,50.14231490557458
23.73,0.0,19660940.0,50.14086359994513
23.74,0.0,19661290.0,50.13949013247575
23.75,0.0,19661640.0,50.13836074239484
23.76,0.0,19661980.0,50.13765480617754
23.77,0.0,19662310.0,50.13751926064839
23.78,-0.0,19662650.0,50.13801941932762
23.79,-0.0,19662980.0,50.13910951126241
23.8,-0.0,19663300.0,50.14063615240087
23.81,-0.0,19663620.0,50.142372017734594
23.82,-0.0,19663930.0,50.14406589989194
23.83,-0.0,19664250.0,50.14549290747821
23.84,-0.0,19664550.0,50.14649215648301
23.85,-0.0,19664850.0,50.146984817708386
23.86,0.0,19665150.0,50.146970575767604
23.87,0.0,19665450.0,50.14650623357279
23.88,0.0,19665730.0,50.14567605721256
23.89,0.0,19666020.0,50.144566535266186
23.9,0.0,19666300.0,50.14325719771443
23.91,0.0,19666570.0,50.14183015322741
23.92,0.0,19666840.0,50.14038996009155
23.93,0.0,19667110.0,50.13907847032261
23.94,0.0,19667370.0,50.138069355046696
23.95,0.0,19667630.0,50.13753627687917
23.96,-0.0,19667880.0,50.13760385641795
23.97,-0.0,19668130.0,50.13830267809919
23.98,-0.0,19668370.0,50.139550036341404
23.99,-0.0,19668610.0,50.14116420059517
24.0,-0.0,19668840.0,50.14290510938631
24.01,-0.0,19669070.0,50.144525947909635
24.02,-0.0,19669290.0,50.14582022509199
24.03,-0.0,19669510.0,50.146653489617165
24.04,-0.0,19669730.0,50.14697424715846
24.05,0.0,19669940.0,50.146803885836256
24.06,0.0,19670140.0,50.14621133562262
24.07,0.0,19670340.0,50.14528359308253
24.08,0.0,19670540.0,50.14410475475282
24.09,0.0,19670730.0,50.142753067669574
24.1,0.0,19670910.0,50.14131522110629
24.11,0.0,19671090.0,50.13990644046371
24.12,0.0,19671270.0,50.13868014895731
24.13,0.0,19671440.0,50.137813980233005
24.14,0.0,19671610.0,50.137470745985915
24.15,-0.0,19671770.0,50.13774825069398
24.16,-0.0,19671920.0,50.13864078385478
24.17,-0.0,19672070.0,50.14003074862931
24.18,-0.0,19672220.0,50.14171282244872
24.19,-0.0,19672360.0,50.14343978927829
24.2,-0.0,19672500.0,50.14497407081262
24.21,-0.0,19672630.0,50.14613062039346
24.22,-0.0,19672760.0,50.14680216016042
24.23,-0.0,19672880.0,50.146962997049705
24.24,0.0,19673000.0,50.14665307600148
24.25,0.0,19673120.0,50.14594996544035
24.26,0.0,19673220.0,50.14494062596172
24.27,0.0,19673330.0,50.14370602000574
24.28,0.0,19673430.0,50.14232456888929
24.29,0.0,19673520.0,50.14088990484458
24.3,0.0,19673610.0,50.13952931926276
24.31,0.0,19673700.0,50.13840669868793
24.32,0.0,19673780.0,50.13769977972351
24.33,0.0,19673850.0,50.137555365342436
24.34,-0.0,19673920.0,50.13804043994606
24.35,-0.0,19673990.0,50.139112216384795
24.36,-0.0,19674050.0,50.14062079760374
24.37,-0.0,19674110.0,50.142341974578464
24.38,-0.0,19674160.0,50.14402663893418
24.39,-0.0,19674210.0,50.145450749468736
24.4,-0.0,19674260.0,50.146453147400535
24.41,-0.0,19674300.0,50.146953957617235
24.42,0.0,19674330.0,50.14695150303484
24.43,0.0,19674360.0,50.146501323092274
24.44,0.0,19674390.0,50.145686742669405
24.45,0.0,19674410.0,50.14459357045836
24.46,0.0,19674430.0,50.14330061423639
24.47,0.0,19674440.0,50.14188884636707
24.48,0.0,19674450.0,50.140461091704445
24.49,0.0,19674460.0,50.139157081702756
24.5,0.0,19674460.0,50.138148609902004
24.51,0.0,19674460.0,50.137608514165
24.52,-0.0,19674450.0,50.137662202054834
24.53,-0.0,19674440.0,50.138342610645026
24.54,-0.0,19674420.0,50.13957029531634
24.55,-0.0,19674410.0,50.14116676909705
24.56,-0.0,19674380.0,50.142894422638186
24.57,-0.0,19674360.0,50.14450771541343
24.58,-0.0,19674330.0,50.14580025743073
24.59,-0.0,19674290.0,50.146636806448605
24.6,-0.0,19674250.0,50.14696461034601
24.61,0.0,19674210.0,50.14680376939614
24.62,0.0,19674170.0,50.14622220462163
24.63,0.0,19674120.0,50.14530624783372
24.64,0.0,19674070.0,50.14413947506179
24.65,0.0,19674010.0,50.14279940435282
24.66,0.0,19673950.0,50.14137149692439
24.67,0.0,19673890.0,50.139969248474024
24.68,0.0,19673820.0,50.138744250779666
24.69,0.0,19673760.0,50.137872906721746
24.7,0.0,19673680.0,50.13751807435642
24.71,-0.0,19673610.0,50.13777913370002
24.72,-0.0,19673530.0,50.138653116403574
24.73,-0.0,19673450.0,50.14002553136896
24.74,-0.0,19673360.0,50.14169368222886
24.75,-0.0,19673280.0,50.143411952433745
24.76,-0.0,19673190.0,50.14494319220019
24.77,-0.0,19673090.0,50.1461017962752
24.78,-0.0,19673000.0,50.14677931949405
24.79,-0.0,19672900.0,50.14694873472331
24.8,0.0,19672800.0,50.14664886082642
24.81,0.0,19672700.0,50.1459565298603
24.82,0.0,19672590.0,50.14495827413757
24.83,0.0,19672480.0,50.14373463626826
24.84,0.0,19672370.0,50.142363276627364
24.85,0.0,19672260.0,50.140936549005346
24.86,0.0,19672150.0,50.13958011910701
24.87,0.0,19672030.0,50.13845643349965
24.88,0.0,19671910.0,50.137742666258426
24.89,0.0,19671790.0,50.13758641793419
24.9,-0.0,19671670.0,50.13805678959506
24.91,-0.0,19671540.0,50.13911374731196
24.92,-0.0,19671410.0,50.14061002614215
24.93,-0.0,19671290.0,50.14232329358641
24.94,-0.0,19671160.0,50.144005217987
24.95,-0.0,19671020.0,50.145431464870185
24.96,-0.0,19670890.0,50.146439810357634
24.97,-0.0,19670760.0,50.14694897261067
24.98,-0.0,19670620.0,50.14695595762115
24.99,0.0,19670480.0,50.14651537691351
25.0,0.0,19670340.0,50.14571007345799
25.01,0.0,19670200.0,50.1446256103764
25.02,0.0,19670060.0,50.14334042392418
25.03,0.0,19669920.0,50.141934677382174
25.04,0.0,19669780.0,50.14050990613903
25.05,0.0,19669630.0,50.139204403250204
25.06,0.0,19669490.0,50.138188998798825
25.07,0.0,19669340.0,50.13763666698413
25.08,-0.0,19669200.0,50.137674306982426
25.09,-0.0,19669050.0,50.13833738831571
25.1,-0.0,19668910.0,50.139549290496575
25.11,-0.0,19668760.0,50.14113383451926
25.12,-0.0,19668610.0,50.142854677849236
25.13,-0.0,19668460.0,50.1444663850819
25.14,-0.0,19668310.0,50.145761722106165
25.15,-0.0,19668170.0,50.14660405819836
25.16,-0.0,19668020.0,50.14693916973694
25.17,0.0,19667870.0,50.146785990894735
25.18,0.0,19667720.0,50.1462117732753
25.19,0.0,19667570.0,50.14530259765711
25.2,0.0,19667430.0,50.14414190008056
25.21,0.0,19667280.0,50.14280679727192
25.22,0.0,19667130.0,50.14138187246818
25.23,0.0,19666990.0,50.13997938018696
25.24,0.0,19666840.0,50.13874977377915
25.25,0.0,19666690.0,50.13786905849328
25.26,0.0,19666550.0,50.13750090602951
25.27,-0.0,19666410.0,50.13774671230794
25.28,-0.0,19666260.0,50.138606184771064
25.29,-0.0,19666120.0,50.13996735837368
25.3,-0.0,19665980.0,50.1416292304406
25.31,-0.0,19665840.0,50.14334672692888
25.32,-0.0,19665700.0,50.14488215482192
25.33,-0.0,19665570.0,50.146048610438044
25.34,-0.0,19665430.0,50.14673604826234
25.35,-0.0,19665300.0,50.146915988242846
25.36,0.0,19665160.0,50.146626264121096
25.37,0.0,19665030.0,50.1459432722513
25.38,0.0,19664900.0,50.14495346909651
25.39,0.0,19664770.0,50.143737313565
25.4,0.0,19664650.0,50.14237202757561
25.41,0.0,19664520.0,50.14094906006768
25.42,0.0,19664400.0,50.13959295026851
25.43,0.0,19664280.0,50.138465342736524
25.44,0.0,19664160.0,50.13774352926934
25.45,0.0,19664050.0,50.13757644355618
25.46,-0.0,19663930.0,50.13803550454379
25.47,-0.0,19663820.0,50.13908321137326
25.48,-0.0,19663710.0,50.14057433564901
25.49,-0.0,19663610.0,50.14228760685141
25.5,-0.0,19663500.0,50.14397461481253
25.51,-0.0,19663400.0,50.145409982761
25.52,-0.0,19663300.0,50.1464298723847
25.53,-0.0,19663210.0,50.14695128779418
25.54,-0.0,19663120.0,50.146969849835884
25.55,0.0,19663030.0,50.14653936904752
25.56,0.0,19662940.0,50.1457424560819
25.57,0.0,19662860.0,50.14466472736121
25.58,0.0,19662770.0,50.143384554124296
25.59,0.0,19662700.0,50.14198161161835
25.6,0.0,19662620.0,50.14055652251367
25.61,0.0,19662550.0,50.1392466085262
25.62,0.0,19662490.0,50.13822227253068
25.63,0.0,19662420.0,50.137657131936905
25.64,-0.0,19662360.0,50.13767991092869
25.65,-0.0,19662300.0,50.13832865356039
25.66,-0.0,19662250.0,50.139529285607054
25.67,-0.0,19662200.0,50.14110740755221
25.68,-0.0,19662160.0,50.142827289240046
25.69,-0.0,19662120.0,50.14444294590814
25.7,-0.0,19662080.0,50.145745739698214
25.71,-0.0,19662040.0,50.146597245210955
25.72,-0.0,19662020.0,50.146941542520295
25.73,0.0,19661990.0,50.1467963556985
25.74,0.0,19661970.0,50.146228375775316
25.75,0.0,19661950.0,50.14532364604292
25.76,0.0,19661940.0,50.14416573110658
25.77,0.0,19661930.0,50.142831640848975
25.78,0.0,19661930.0,50.141405401728
25.79,0.0,19661930.0,50.13999839380645
25.8,0.0,19661940.0,50.13876035023358
25.81,0.0,19661950.0,50.137867310455405
25.82,0.0,19661970.0,50.13748411925912
25.83,-0.0,19661990.0,50.13771437480911
25.84,-0.0,19662010.0,50.13856040898457
25.85,-0.0,19662040.0,50.13991250559992
25.86,-0.0,19662080.0,50.141570914014
25.87,-0.0,19662120.0,50.14329059520259
25.88,-0.0,19662160.0,50.14483282225337
25.89,-0.0,19662220.0,50.14600898116116
25.9,-0.0,19662270.0,50.1467071325595
25.91,-0.0,19662330.0,50.146897189544205
25.92,0.0,19662400.0,50.14661598879173
25.93,0.0,19662470.0,50.145939602918574
25.94,0.0,19662550.0,50.1449546139722
25.95,0.0,19662640.0,50.14374165035528
25.96,0.0,19662720.0,50.14237777423279
25.97,0.0,19662820.0,50.14095382576903
25.98,0.0,19662920.0,50.13959353152638
25.99,0.0,19663030.0,50.13845805446044
26.0,0.0,19663140.0,50.13772509381581
26.01,0.0,19663260.0,50.13754511662236
26.02,-0.0,19663380.0,50.137991915969906
26.03,-0.0,19663510.0,50.1390304884168
26.04,-0.0,19663640.0,50.14051746795485
26.05,-0.0,19663780.0,50.14223236336458
26.06,-0.0,19663930.0,50.14392636192548
26.07,-0.0,19664080.0,50.145372741809936
26.08,-0.0,19664240.0,50.146405807713144
26.09,-0.0,19664410.0,50.14694068820214
26.1,-0.0,19664580.0,50.14697154639855
26.11,0.0,19664760.0,50.14655140568062
26.12,0.0,19664940.0,50.14576274405131
26.13,0.0,19665130.0,50.14469140939492
26.14,0.0,19665320.0,50.14341591981777
26.15,0.0,19665520.0,50.142015672194354
26.16,0.0,19665730.0,50.14059057920204
26.17,0.0,19665940.0,50.1392771775061
26.18,0.0,19666160.0,50.138245595520125
26.19,0.0,19666390.0,50.1376701902941
26.2,-0.0,19666620.0,50.13768153175808
26.21,-0.0,19666860.0,50.138320178670746
26.22,-0.0,19667100.0,50.1395144772126
26.23,-0.0,19667350.0,50.141091642692494
26.24,-0.0,19667610.0,50.14281637997647
26.25,-0.0,19667870.0,50.14444198026779
26.26,-0.0,19668140.0,50.14575823491334
26.27,-0.0,19668410.0,50.14662476570898
26.28,-0.0,19668690.0,50.14698381384315
26.29,0.0,19668980.0,50.14685178346055
26.3,0.0,19669270.0,50.146294750431295
26.31,0.0,19669570.0,50.14539873699684
26.32,0.0,19669870.0,50.14424752161582
26.33,0.0,19670180.0,50.142918137898164
26.34,0.0,19670490.0,50.141494192953104
26.35,0.0,19670810.0,50.140086297313026
26.36,0.0,19671140.0,50.1388435097616
26.37,0.0,19671470.0,50.137941888260464
26.38,0.0,19671810.0,50.13754739646992
26.39,-0.0,19672150.0,50.13776577817194
26.4,-0.0,19672500.0,50.13860196275258
26.41,-0.0,19672860.0,50.139948493632005
26.42,-0.0,19673220.0,50.14160690622167
26.43,-0.0,19673580.0,50.14333222126452
26.44,-0.0,19673950.0,50.14488466590723
26.45,-0.0,19674330.0,50.14607384913563
26.46,-0.0,19674710.0,50.14678581768284
26.47,-0.0,19675100.0,50.14698872803034
26.48,0.0,19675490.0,50.1467182813736
26.49,0.0,19675880.0,50.146050143223256
26.5,0.0,19676290.0,50.145071018001886
26.51,0.0,19676690.0,50.143861773032796
26.52,0.0,19677100.0,50.142499414847585
26.53,0.0,19677520.0,50.14107426160012
26.54,0.0,19677940.0,50.13970925531074
26.55,0.0,19678370.0,50.138565037592166
26.56,0.0,19678800.0,50.13781963698134
26.57,0.0,19679240.0,50.13762499175386
26.58,-0.0,19679680.0,50.1380572723673
26.59,-0.0,19680120.0,50.139084075886316
26.6,-0.0,19680570.0,50.14056407443094
26.61,-0.0,19681020.0,50.142277718056235
26.62,-0.0,19681480.0,50.14397590612625
26.63,-0.0,19681940.0,50.145430615351096
26.64,-0.0,19682410.0,50.14647426289094
26.65,-0.0,19682880.0,50.147020013592055
26.66,-0.0,19683350.0,50.1470604599372
26.67,0.0,19683830.0,50.14664774007018
26.68,0.0,19684310.0,50.14586415933311
26.69,0.0,19684800.0,50.144795827318525
26.7,0.0,19685290.0,50.14352148939639
26.71,0.0,19685780.0,50.14212033657897
26.72,0.0,19686280.0,50.14069160721747
26.73,0.0,19686780.0,50.13937103375133
26.74,0.0,19687280.0,50.13832840731571
26.75,0.0,19687780.0,50.137738756362005
26.76,0.0,19688290.0,50.13773447009384
26.77,-0.0,19688810.0,50.13835866637665
26.78,-0.0,19689320.0,50.13954222188814
26.79,-0.0,19689840.0,50.141114107992244
26.8,-0.0,19690360.0,50.14283959476001
26.81,-0.0,19690890.0,50.14447133765289
26.82,-0.0,19691410.0,50.14579759042109
26.83,-0.0,19691940.0,50.14667600349032
26.84,-0.0,19692470.0,50.14704692437406
26.85,0.0,19693010.0,50.146925369307404
26.86,0.0,19693540.0,50.14637674200374
26.87,0.0,19694080.0,50.1454870143717
26.88,0.0,19694620.0,50.14434017894299
26.89,0.0,19695170.0,50.143013307287355
26.9,0.0,19695710.0,50.14158959062258
26.91,0.0,19696260.0,50.1401788407737
26.92,0.0,19696810.0,50.138929374970346
26.93,0.0,19697350.0,50.138017182274076
26.94,0.0,19697910.0,50.13760927358457
26.95,-0.0,19698460.0,50.13781351912231
26.96,-0.0,19699010.0,50.13863749441262
26.97,-0.0,19699570.0,50.13997610551919
26.98,-0.0,19700120.0,50.14163229897645
26.99,-0.0,19700680.0,50.14336126908313
27.0,-0.0,19701240.0,50.14492227749388
27.01,-0.0,19701800.0,50.14612319503402
27.02,-0.0,19702360.0,50.146848054243534
27.03,-0.0,19702920.0,50.147063225697366
27.04,0.0,19703480.0,50.146803231222314
27.05,0.0,19704040.0,50.14614328577122
27.06,0.0,19704610.0,50.14517018288886
27.07,0.0,19705170.0,50.14396500515207
27.08,0.0,19705730.0,50.14260467774204
27.09,0.0,19706300.0,50.141178952627605
27.1,0.0,19706860.0,50.139809913796654
27.11,0.0,19707420.0,50.138657582731106
27.12,0.0,19707980.0,50.13790021668913
27.13,0.0,19708550.0,50.1376911579773
27.14,-0.0,19709110.0,50.13810894897205
27.15,-0.0,19709670.0,50.13912384889808
27.16,-0.0,19710230.0,50.14059667681268
27.17,-0.0,19710790.0,50.14230894728183
27.18,-0.0,19711350.0,50.144011380111685
27.19,-0.0,19711910.0,50.145474726591
27.2,-0.0,19712460.0,50.14652955441223
27.21,-0.0,19713020.0,50.147087067669936
27.22,-0.0,19713580.0,50.14713826454621
27.23,0.0,19714130.0,50.146734359433594
27.24,0.0,19714680.0,50.14595744284448
27.25,0.0,19715230.0,50.14489384599705
27.26,0.0,19715780.0,50.14362250037296
27.27,0.0,19716330.0,50.1422223377275
27.28,0.0,19716880.0,50.1407918462674
27.29,0.0,19717420.0,50.139465854349254
27.3,0.0,19717960.0,50.13841370624987
27.31,0.0,19718500.0,50.137811012256925
27.32,0.0,19719040.0,50.13779194332035
27.33,-0.0,19719580.0,50.13840220792788
27.34,-0.0,19720110.0,50.139575304701246
27.35,-0.0,19720640.0,50.141142083473234
27.36,-0.0,19721170.0,50.14286849989307
27.37,-0.0,19721700.0,50.14450666845916
27.38,-0.0,19722220.0,50.14584336501397
27.39,-0.0,19722740.0,50.14673429405456
27.4,-0.0,19723260.0,50.14711790763084
27.41,0.0,19723780.0,50.147007814051626
27.42,0.0,19724290.0,50.146468714929114
27.43,0.0,19724800.0,50.1455864965098
27.44,0.0,19725310.0,50.14444532329152
27.45,0.0,19725810.0,50.14312225067523
27.46,0.0,19726310.0,50.141699981597164
27.47,0.0,19726810.0,50.14028743787286
27.48,0.0,19727300.0,50.13903209584028
27.49,0.0,19727790.0,50.13810979184814
27.5,0.0,19728270.0,50.13768854334547
27.51,-0.0,19728760.0,50.13787836680119
27.52,-0.0,19729230.0,50.13868955312755
27.53,-0.0,19729710.0,50.14001945689095
27.54,-0.0,19730180.0,50.141672524030355
27.55,-0.0,19730640.0,50.14340419756764
27.56,-0.0,19731110.0,50.14497282198347
27.57,-0.0,19731560.0,50.14618455397331
27.58,-0.0,19732020.0,50.14692142069228
27.59,-0.0,19732470.0,50.14714800865636
27.6,0.0,19732910.0,50.14689765924339
27.61,0.0,19733350.0,50.14624512999906
27.62,0.0,19733790.0,50.1452773188528
27.63,0.0,19734220.0,50.144075511618816
27.64,0.0,19734650.0,50.1427165149095
27.65,0.0,19735070.0,50.14128945172283
27.66,0.0,19735490.0,50.139915480188456
27.67,0.0,19735900.0,50.1387539539112
27.68,0.0,19736310.0,50.13798335252043
27.69,0.0,19736710.0,50.137758465409064
27.7,-0.0,19737110.0,50.13816028733552
27.71,-0.0,19737500.0,50.13916183028543
27.72,-0.0,19737890.0,50.14062613179197
27.73,-0.0,19738270.0,50.14233580685301
27.74,-0.0,19738650.0,50.1440413977847
27.75,-0.0,19739020.0,50.14551241327854
27.76,-0.0,19739390.0,50.14657755350116
27.77,-0.0,19739750.0,50.14714605641982
27.78,-0.0,19740100.0,50.14720733624644
27.79,0.0,19740450.0,50.146811701765294
27.8,0.0,19740800.0,50.146041032823895
27.81,0.0,19741140.0,50.144981849196355
27.82,0.0,19741470.0,50.14371321089099
27.83,0.0,19741800.0,50.14231372571476
27.84,0.0,19742120.0,50.1408810737431
27.85,0.0,19742440.0,50.13954914880977
27.86,0.0,19742750.0,50.138486861177114
27.87,0.0,19743050.0,50.137870458946765
27.88,0.0,19743350.0,50.13783597539463
27.89,-0.0,19743640.0,50.13843178413373
27.9,-0.0,19743930.0,50.13959404537947
27.91,-0.0,19744210.0,50.14115547920133
27.92,-0.0,19744490.0,50.14288267783624
27.93,-0.0,19744760.0,50.14452714690605
27.94,-0.0,19745020.0,50.14587412323769
27.95,-0.0,19745280.0,50.14677733131509
27.96,-0.0,19745530.0,50.14717332904455
27.97,0.0,19745770.0,50.1470743478524
27.98,0.0,19746010.0,50.14654443015654
27.99,0.0,19746240.0,50.14566940933625
28.0,0.0,19746470.0,50.144533628507226
28.01,0.0,19746690.0,50.14321410545005
28.02,0.0,19746900.0,50.141793020571754
28.03,0.0,19747110.0,50.14037838415303
28.04,0.0,19747310.0,50.1391168460784
28.05,0.0,19747510.0,50.13818414805262
28.06,0.0,19747700.0,50.137749401452666
28.07,-0.0,19747880.0,50.13792485358374
28.08,-0.0,19748060.0,50.138723541715045
28.09,-0.0,19748230.0,50.14004522203896
28.1,-0.0,19748390.0,50.14169573056394
28.11,-0.0,19748550.0,50.1434306389043
28.12,-0.0,19748700.0,50.145007260473285
28.13,-0.0,19748850.0,50.14622995347325
28.14,-0.0,19748990.0,50.14697869992797
28.15,-0.0,19749120.0,50.14721630909968
28.16,0.0,19749250.0,50.14697498224682
28.17,0.0,19749370.0,50.14632907029306
28.18,0.0,19749490.0,50.145365630251504
28.19,0.0,19749590.0,50.144166214218856
28.2,0.0,19749700.0,50.14280751955247
28.21,0.0,19749790.0,50.14137804206118
28.22,0.0,19749880.0,50.139998042867596
28.23,0.0,19749970.0,50.138826287030405
28.24,0.0,19750050.0,50.1380416033387
28.25,0.0,19750120.0,50.13780036921034
28.26,-0.0,19750180.0,50.138186137532884
28.27,-0.0,19750240.0,50.139174701710544
28.28,-0.0,19750300.0,50.1406312558028
28.29,-0.0,19750350.0,50.14233938102558
28.3,-0.0,19750390.0,50.14404927291818
28.31,-0.0,19750430.0,50.145529032679015
28.32,-0.0,19750460.0,50.14660536255911
28.33,-0.0,19750480.0,50.147185454209634
28.34,-0.0,19750500.0,50.14725710875593
28.35,0.0,19750510.0,50.14686974053676
28.36,0.0,19750520.0,50.1461050376144
28.37,0.0,19750520.0,50.14504971839673
28.38,0.0,19750520.0,50.14378297822542
28.39,0.0,19750510.0,50.142383148066216
28.4,0.0,19750500.0,50.14094719289904
28.41,0.0,19750480.0,50.139608219782204
28.42,0.0,19750450.0,50.13853489504941
28.43,0.0,19750420.0,50.13790429816216
28.44,0.0,19750390.0,50.13785446609004
28.45,-0.0,19750350.0,50.138436478826755
28.46,-0.0,19750300.0,50.139589082869115
28.47,-0.0,19750250.0,50.14114669672989
28.48,-0.0,19750200.0,50.142876324508464
28.49,-0.0,19750140.0,50.14452863168759
28.5,-0.0,19750070.0,50.14588711346074
28.51,-0.0,19750000.0,50.14680336113499
28.52,-0.0,19749930.0,50.14721194336441
28.53,0.0,19749850.0,50.14712367833748
28.54,0.0,19749760.0,50.14660196763809
28.55,0.0,19749670.0,50.145732657424645
28.56,0.0,19749580.0,50.14460037528023
28.57,0.0,19749480.0,50.1432822433419
28.58,0.0,19749380.0,50.141860096162716
28.59,0.0,19749280.0,50.14044124013718
28.6,0.0,19749170.0,50.13917172219151
28.61,0.0,19749050.0,50.13822739667102
28.62,0.0,19748940.0,50.13777861623906
28.63,-0.0,19748820.0,50.13793990782599
28.64,-0.0,19748690.0,50.138726991714464
28.65,-0.0,19748560.0,50.14004186891461
28.66,-0.0,19748430.0,50.14169155457472
28.67,-0.0,19748290.0,50.143431525543
28.68,-0.0,19748150.0,50.14501785856825
28.69,-0.0,19748010.0,50.14625294000452
28.7,-0.0,19747860.0,50.14701457020492
28.71,-0.0,19747710.0,50.14726368454172
28.72,0.0,19747560.0,50.147031294735065
28.73,0.0,19747410.0,50.14639135313268
28.74,0.0,19747250.0,50.145431095696544
28.75,0.0,19747080.0,50.144232393640806
28.76,0.0,19746920.0,50.142871978172735
28.77,0.0,19746750.0,50.14143791913549
28.78,0.0,19746580.0,50.140049803994636
28.79,0.0,19746410.0,50.13886601381513
28.8,0.0,19746230.0,50.13806587316893
28.81,0.0,19746050.0,50.13780740881081
28.82,-0.0,19745870.0,50.138176701399
28.83,-0.0,19745690.0,50.1391522203691
28.84,-0.0,19745500.0,50.14060116610981
28.85,-0.0,19745310.0,50.14230792054334
28.86,-0.0,19745120.0,50.14402217018091
28.87,-0.0,19744930.0,50.14551045580241
28.88,-0.0,19744740.0,50.146597336630236
28.89,-0.0,19744540.0,50.1471878209306
28.9,-0.0,19744340.0,50.14726797942659
28.91,0.0,19744140.0,50.146886258597114
28.92,0.0,19743940.0,50.14612415483316
28.93,0.0,19743740.0,50.145068681437536
28.94,0.0,19743530.0,50.14379936483696
28.95,0.0,19743320.0,50.142394535176926
28.96,0.0,19743120.0,50.14095075851838
28.97,0.0,19742910.0,50.1396006571724
28.98,0.0,19742690.0,50.138512884857064
28.99,0.0,19742480.0,50.137865470095456
29.0,0.0,19742270.0,50.13779844507372
29.01,-0.0,19742050.0,50.138365484454454
29.02,-0.0,19741840.0,50.139507752762746
29.03,-0.0,19741620.0,50.14106118958124
29.04,-0.0,19741400.0,50.14279305371792
29.05,-0.0,19741180.0,50.14445303850257
29.06,-0.0,19740960.0,50.14582277727291
29.07,-0.0,19740740.0,50.14675160156885
29.08,-0.0,19740520.0,50.14717195134464
29.09,0.0,19740300.0,50.14709309695857
29.1,0.0,19740070.0,50.14657771098455
29.11,0.0,19739850.0,50.145711661091
29.12,0.0,19739620.0,50.144579999662334
29.13,0.0,19739400.0,50.14326022366217
29.14,0.0,19739180.0,50.14183417781361
29.15,0.0,19738950.0,50.140408827679764
29.16,0.0,19738730.0,50.13912989700554
29.17,0.0,19738500.0,50.13817347764267
29.18,0.0,19738270.0,50.13771111184606
29.19,-0.0,19738050.0,50.13785941961865
29.2,-0.0,19737820.0,50.13863656774509
29.21,-0.0,19737600.0,50.139946600076016
29.22,-0.0,19737370.0,50.14159758985409
29.23,-0.0,19737150.0,50.14334487495938
29.24,-0.0,19736920.0,50.144943286416456
29.25,-0.0,19736700.0,50.14619320861613
29.26,-0.0,19736470.0,50.146970165629924
29.27,-0.0,19736250.0,50.147233053265126
29.28,0.0,19736030.0,50.14701149900833
29.29,0.0,19735800.0,50.14637891355179
29.3,0.0,19735580.0,50.14542270395752
29.31,0.0,19735360.0,50.14422523303064
29.32,0.0,19735140.0,50.14286359454001
29.33,0.0,19734920.0,50.14142582368548
29.34,0.0,19734700.0,50.14003115646021
29.35,0.0,19734480.0,50.1388377248054
29.36,0.0,19734260.0,50.13802524671228
29.37,0.0,19734050.0,50.13775310874259
29.38,-0.0,19733830.0,50.13810957356235
29.39,-0.0,19733620.0,50.13907552943817
29.4,-0.0,19733410.0,50.14052010068352
29.41,-0.0,19733200.0,50.142228558114134
29.42,-0.0,19732990.0,50.14395026128178
29.43,-0.0,19732780.0,50.14545035900419
29.44,-0.0,19732570.0,50.14655132621287
29.45,-0.0,19732360.0,50.147155887096226
29.46,-0.0,19732160.0,50.14724814127004
29.47,0.0,19731960.0,50.1468752780828
29.48,0.0,19731760.0,50.1461183964346
29.49,0.0,19731560.0,50.14506479414314
29.5,0.0,19731360.0,50.143794546705344
29.51,0.0,19731160.0,50.14238635673445
29.52,0.0,19730970.0,50.14093676479181
29.53,0.0,19730780.0,50.13957810818458
29.54,0.0,19730590.0,50.13847894278386
29.55,0.0,19730400.0,50.13781789222575
29.56,0.0,19730210.0,50.13773651095389
29.57,-0.0,19730030.0,50.13829068767265
29.58,-0.0,19729850.0,50.13942388108828
29.59,-0.0,19729670.0,50.14097371855818
29.6,-0.0,19729490.0,50.14270808372439
29.61,-0.0,19729320.0,50.144376117016506
29.62,-0.0,19729140.0,50.145757903296015
29.63,-0.0,19728970.0,50.14670061324959
29.64,-0.0,19728810.0,50.14713441283648
29.65,0.0,19728640.0,50.14706669955814
29.66,0.0,19728480.0,50.146559056907
29.67,0.0,19728320.0,50.14569714808277
29.68,0.0,19728160.0,50.14456647203448
29.69,0.0,19728010.0,50.143245166160035
29.7,0.0,19727850.0,50.14181546406945
29.71,0.0,19727700.0,50.140384276936544
29.72,0.0,19727560.0,50.139097013949375
29.73,0.0,19727410.0,50.138129670041785
29.74,0.0,19727270.0,50.13765440791583
29.75,-0.0,19727140.0,50.137789379026685
29.76,-0.0,19727000.0,50.13855490529446
29.77,-0.0,19726870.0,50.13985719244227
29.78,-0.0,19726740.0,50.14150584041677
29.79,-0.0,19726610.0,50.14325668650258
29.8,-0.0,19726490.0,50.14486392630039
29.81,-0.0,19726370.0,50.14612635309156
29.82,-0.0,19726260.0,50.14691732738022
29.83,-0.0,19726140.0,50.1471935197403
29.84,0.0,19726030.0,50.14698279469367
29.85,0.0,19725930.0,50.14635762997678
29.86,0.0,19725820.0,50.145405390598775
29.87,0.0,19725720.0,50.14420898190539
29.88,0.0,19725630.0,50.14284612955093
29.89,0.0,19725530.0,50.14140514300163
29.9,0.0,19725450.0,50.140005026957354
29.91,0.0,19725360.0,50.13880343195406
29.92,0.0,19725280.0,50.13797988909279
29.93,0.0,19725200.0,50.1376944162225
29.94,-0.0,19725120.0,50.13803688831907
29.95,-0.0,19725050.0,50.13899045485973
29.96,-0.0,19724980.0,50.140426490952116
29.97,-0.0,19724920.0,50.14213184708216
29.98,-0.0,19724860.0,50.14385638021046
29.99,-0.0,19724800.0,50.145364565899634
30.0,-0.0,19724750.0,50.14647722874128
30.01,-0.0,19724700.0,50.14709487609188
30.02,-0.0,19724650.0,50.14719937201521
30.03,0.0,19724610.0,50.146836200317615
30.04,0.0,19724570.0,50.146085641791146
30.05,0.0,19724540.0,50.145035070301205
30.06,0.0,19724510.0,50.14376517806143
30.07,0.0,19724480.0,50.14235528671547
30.08,0.0,19724460.0,50.14090211575293
30.09,0.0,19724440.0,50.139537641461786
30.1,0.0,19724430.0,50.13842984458521
30.11,0.0,19724420.0,50.13775715622214
30.12,0.0,19724410.0,50.13766184294604
30.13,-0.0,19724410.0,50.13820152016651
30.14,-0.0,19724410.0,50.139321990505415
30.15,-0.0,19724420.0,50.14086315581079
30.16,-0.0,19724430.0,50.14259444939715
30.17,-0.0,19724440.0,50.144265437546366
30.18,-0.0,19724460.0,50.145655434172184
30.19,-0.0,19724480.0,50.14660985919323
30.2,-0.0,19724500.0,50.14705659871722
30.21,0.0,19724530.0,50.147000835839805
30.22,0.0,19724570.0,50.14650257666684
30.23,0.0,19724610.0,50.145646872935664
30.24,0.0,19724650.0,50.14451950720235
30.25,0.0,19724700.0,50.14319934836824
30.26,0.0,19724750.0,50.141769205282024
30.27,0.0,19724800.0,50.140335960404855
30.28,0.0,19724860.0,50.13904435508984
30.29,0.0,19724920.0,50.13806951498072
30.3,0.0,19724990.0,50.137583235828906
30.31,-0.0,19725060.0,50.137704373234804
30.32,-0.0,19725140.0,50.13845510354275
30.33,-0.0,19725210.0,50.139744168711566
30.34,-0.0,19725300.0,50.141383628476845
30.35,-0.0,19725390.0,50.14313100795764
30.36,-0.0,19725480.0,50.14474100974826
30.37,-0.0,19725570.0,50.14601168574588
30.38,-0.0,19725670.0,50.14681464998111
30.39,-0.0,19725780.0,50.147104317458805
30.4,0.0,19725890.0,50.14690642349369
30.41,0.0,19726000.0,50.14629201567649
30.42,0.0,19726110.0,50.14534808166974
30.43,0.0,19726240.0,50.144157952735135
30.44,0.0,19726360.0,50.14280002338764
30.45,0.0,19726490.0,50.141362874101034
30.46,0.0,19726620.0,50.13996500011455
30.47,0.0,19726760.0,50.13876287225789
30.48,0.0,19726900.0,50.13793478845383
30.49,0.0,19727040.0,50.13764031220161
30.5,-0.0,19727190.0,50.13797021976176
30.51,-0.0,19727340.0,50.13890988852283
30.52,-0.0,19727500.0,50.1403336301114
30.53,-0.0,19727660.0,50.14203106776193
30.54,-0.0,19727830.0,50.14375392019061
30.55,-0.0,19728000.0,50.14526720316053
30.56,-0.0,19728170.0,50.14639092446514
30.57,-0.0,19728340.0,50.147023720843045
30.58,-0.0,19728520.0,50.14714510308531
30.59,0.0,19728710.0,50.14679841240153
30.6,0.0,19728900.0,50.14606257188553
30.61,0.0,19729090.0,50.14502458698503
30.62,0.0,19729280.0,50.14376549698524
30.63,0.0,19729480.0,50.14236506232324
30.64,0.0,19729690.0,50.14091988252133
30.65,0.0,19729890.0,50.1395609480077
30.66,0.0,19730100.0,50.13845465688153
30.67,0.0,19730320.0,50.13777804525397
30.68,0.0,19730540.0,50.137673081464804
30.69,-0.0,19730760.0,50.13819868777934
30.7,-0.0,19730980.0,50.13930337803163
30.71,-0.0,19731210.0,50.14083039010404
30.72,-0.0,19731440.0,50.14255215099508
30.73,-0.0,19731680.0,50.14422011672974
30.74,-0.0,19731920.0,50.14561401796295
30.75,-0.0,19732160.0,50.146578257564265
30.76,-0.0,19732410.0,50.14703867044681
30.77,0.0,19732660.0,50.146998018591034
30.78,0.0,19732910.0,50.14651425487515
30.79,0.0,19733170.0,50.14567127849527
30.8,0.0,19733430.0,50.14455470239019
30.81,0.0,19733690.0,50.14324378836778
30.82,0.0,19733960.0,50.14182158398817
30.83,0.0,19734230.0,50.140394425344034
30.84,0.0,19734500.0,50.13910556002814
30.85,0.0,19734780.0,50.13812816204781
30.86,0.0,19735060.0,50.13763258755824
30.87,-0.0,19735340.0,50.137737710645325
30.88,-0.0,19735620.0,50.13846755543313
30.89,-0.0,19735910.0,50.139734122133625
30.9,-0.0,19736200.0,50.141353179537184
30.91,-0.0,19736500.0,50.14308538821462
30.92,-0.0,19736800.0,50.14468729149842
30.93,-0.0,19737100.0,50.145957205114776
30.94,-0.0,19737400.0,50.14676557137497
30.95,-0.0,19737710.0,50.147064692505296
30.96,0.0,19738020.0,50.14687796840824
30.97,0.0,19738330.0,50.14627460196355
30.98,0.0,19738640.0,50.14534075793217
30.99,0.0,19738960.0,50.1441598099547
31.0,0.0,19739280.0,50.14281044068238
31.01,0.0,19739600.0,50.14138104325687
31.02,0.0,19739930.0,50.13998895886088
31.03,0.0,19740260.0,50.13878861908805
31.04,0.0,19740590.0,50.13795613848555
31.05,0.0,19740920.0,50.137649848472854
31.06,-0.0,19741260.0,50.13796110588641
31.07,-0.0,19741600.0,50.138877804413276
31.08,-0.0,19741940.0,50.1402780304028
31.09,-0.0,19742280.0,50.14195534506298
31.1,-0.0,19742630.0,50.1436645526815
31.11,-0.0,19742970.0,50.145172275977465
31.12,-0.0,19743320.0,50.14629848790756
31.13,-0.0,19743680.0,50.14694040193783
31.14,-0.0,19744030.0,50.14707529774122
31.15,0.0,19744390.0,50.14674422650175
31.16,0.0,19744750.0,50.146024423420954
31.17,0.0,19745110.0,50.145002101031864
31.18,0.0,19745470.0,50.14375817982869
31.19,0.0,19745840.0,50.14237234798629
31.2,0.0,19746210.0,50.14094048356236
31.21,0.0,19746580.0,50.13959186433221
31.22,0.0,19746950.0,50.13849049377493
31.23,0.0,19747320.0,50.13781126080327
31.24,0.0,19747700.0,50.13769535143114
31.25,-0.0,19748080.0,50.13820294983721
31.26,-0.0,19748450.0,50.139285712892445
31.27,-0.0,19748840.0,50.140791013378504
31.28,-0.0,19749220.0,50.14249524336425
31.29,-0.0,19749600.0,50.14415270282989
31.3,-0.0,19749990.0,50.14554434560659
31.31,-0.0,19750380.0,50.14651414882747
31.32,-0.0,19750770.0,50.1469862472986
31.33,0.0,19751160.0,50.146961093098895
31.34,0.0,19751550.0,50.146494478485614
31.35,0.0,19751940.0,50.14566886891956
31.36,0.0,19752340.0,50.14456930844487
31.37,0.0,19752740.0,50.14327495595208
31.38,0.0,19753130.0,50.14186851721183
31.39,0.0,19753530.0,50.14045512884016
31.4,0.0,19753930.0,50.13917585016308
31.41,0.0,19754330.0,50.13820124782181
31.42,0.0,19754730.0,50.13769974860727
31.43,-0.0,19755140.0,50.137790049607844
31.44,-0.0,19755540.0,50.13849818459551
31.45,-0.0,19755950.0,50.13973989174973
31.46,-0.0,19756350.0,50.14133532622659
31.47,-0.0,19756760.0,50.14304901643085
31.48,-0.0,19757160.0,50.144640023369504
31.49,-0.0,19757570.0,50.14590748707749
31.5,-0.0,19757980.0,50.14672109628586
31.51,-0.0,19758390.0,50.147031302726155
31.52,0.0,19758800.0,50.146859264085805
31.53,0.0,19759200.0,50.146272252305124
31.54,0.0,19759610.0,50.14535534089567
31.55,0.0,19760020.0,50.144191523358
31.56,0.0,19760430.0,50.14285923020388
31.57,0.0,19760840.0,50.14144605567057
31.58,0.0,19761250.0,50.1400675607527
31.59,0.0,19761660.0,50.13887557017648
31.6,0.0,19762070.0,50.138043592676354
31.61,0.0,19762470.0,50.13772852926087
31.62,-0.0,19762880.0,50.13802238024624
31.63,-0.0,19763290.0,50.138915852017696
31.64,-0.0,19763700.0,50.14029125233702
31.65,-0.0,19764100.0,50.141946576274265
31.66,-0.0,19764510.0,50.143640181438464
31.67,-0.0,19764910.0,50.145140702634585
31.68,-0.0,19765320.0,50.14626841896248
31.69,-0.0,19765720.0,50.14691940347779
31.7,-0.0,19766120.0,50.14706891869201
31.71,0.0,19766520.0,50.146755835515556
31.72,0.0,19766920.0,50.14605565981489
31.73,0.0,19767320.0,50.14505358626862
31.74,0.0,19767710.0,50.14383001331068
31.75,0.0,19768110.0,50.14246402566176
31.76,0.0,19768500.0,50.141050207930206
31.77,0.0,19768900.0,50.13971561895695
31.78,0.0,19769290.0,50.13862152682466
31.79,0.0,19769680.0,50.13794055952042
31.8,0.0,19770060.0,50.13781323285954
31.81,-0.0,19770450.0,50.13830126573593
31.82,-0.0,19770830.0,50.13935970188646
31.83,-0.0,19771210.0,50.14084026036784
31.84,-0.0,19771590.0,50.14252346408151
31.85,-0.0,19771970.0,50.14416658224857
31.86,-0.0,19772340.0,50.14555190608553
31.87,-0.0,19772720.0,50.146523132700295
31.88,-0.0,19773090.0,50.14700289404166
31.89,0.0,19773450.0,50.146989553369295
31.9,0.0,19773820.0,50.14653691094363
31.91,0.0,19774180.0,50.14572603105366
31.92,0.0,19774540.0,50.144641216856776
31.93,0.0,19774900.0,50.1433611677461
31.94,0.0,19775250.0,50.14196777481503
31.95,0.0,19775600.0,50.14056454723222
31.96,0.0,19775950.0,50.13929012758654
31.97,0.0,19776290.0,50.1383125353715
31.98,0.0,19776630.0,50.13779859262184
31.99,-0.0,19776970.0,50.13786727350767
32.0,-0.0,19777310.0,50.13854702324117
32.01,-0.0,19777640.0,50.13975752724286
32.02,-0.0,19777970.0,50.14132330330897
32.03,-0.0,19778290.0,50.143012551961185
32.04,-0.0,19778610.0,50.14458660529647
32.05,-0.0,19778930.0,50.1458452584817
32.06,-0.0,19779240.0,50.14665744446377
32.07,-0.0,19779550.0,50.146971944720796
32.08,0.0,19779860.0,50.14680796579189
32.09,0.0,19780160.0,50.14623111678619
32.1,0.0,19780460.0,50.14532541552329
32.11,0.0,19780750.0,50.14417328784372
32.12,0.0,19781040.0,50.14285256564842
32.13,0.0,19781330.0,50.1414497004938
32.14,0.0,19781610.0,50.140078316989275
32.15,0.0,19781890.0,50.13888779664211
32.16,0.0,19782160.0,50.13804952070458
32.17,0.0,19782430.0,50.137719588002206
32.18,-0.0,19782700.0,50.1379911646453
32.19,-0.0,19782960.0,50.13885796903638
32.2,-0.0,19783210.0,50.140206332533964
32.21,-0.0,19783460.0,50.1418381748912
32.22,-0.0,19783710.0,50.143514771736285
32.23,-0.0,19783950.0,50.1450062104221
32.24,-0.0,19784190.0,50.14613274939551
32.25,-0.0,19784420.0,50.14678930002919
32.26,-0.0,19784640.0,50.1469493597697
32.27,0.0,19784870.0,50.146650015185465
32.28,0.0,19785080.0,50.14596540259959
32.29,0.0,19785300.0,50.144979872531806
32.3,0.0,19785500.0,50.1437732462216
32.31,0.0,19785700.0,50.142423814656354
32.32,0.0,19785900.0,50.1410247345214
32.33,0.0,19786090.0,50.13970095943012
32.34,0.0,19786280.0,50.138611465972375
32.35,0.0,19786460.0,50.137927297284456
32.36,0.0,19786640.0,50.137788954463346
32.37,-0.0,19786810.0,50.138260042875004
32.38,-0.0,19786970.0,50.13929885581908
32.39,-0.0,19787130.0,50.140760858603585
32.4,-0.0,19787290.0,50.142429867185065
32.41,-0.0,19787440.0,50.14406527052249
32.42,-0.0,19787580.0,50.145450040098524
32.43,-0.0,19787720.0,50.146427255012604
32.44,-0.0,19787850.0,50.146918053745146
32.45,-0.0,19787980.0,50.146918991997126
32.46,0.0,19788100.0,50.14648227438073
32.47,0.0,19788220.0,50.14568788060767
32.48,0.0,19788330.0,50.14461948412928
32.49,0.0,19788430.0,50.14335523871808
32.5,0.0,19788530.0,50.14197609459261
32.51,0.0,19788630.0,50.14058394659314
32.52,0.0,19788720.0,50.139315322539865
32.53,0.0,19788800.0,50.138336296145305
32.54,0.0,19788880.0,50.137812816629044
32.55,-0.0,19788950.0,50.13786471441245
32.56,-0.0,19789010.0,50.13852301860018
32.57,-0.0,19789070.0,50.13971103326568
32.58,-0.0,19789130.0,50.14125690533386
32.59,-0.0,19789180.0,50.14293158498939
32.6,-0.0,19789220.0,50.14449779907578
32.61,-0.0,19789260.0,50.145755351326606
32.62,-0.0,19789290.0,50.14657210149039
32.63,-0.0,19789310.0,50.14689517722978
32.64,0.0,19789330.0,50.14674209785047
32.65,0.0,19789350.0,50.14617717001231
32.66,0.0,19789360.0,50.145283625537004
32.67,0.0,19789360.0,50.144143414567424
32.68,0.0,19789360.0,50.14283377538662
32.69,0.0,19789350.0,50.141440050728846
32.7,0.0,19789330.0,50.14007415398317
32.71,0.0,19789310.0,50.138883535389525
32.72,0.0,19789290.0,50.13803819024443
32.73,0.0,19789260.0,50.137694167914326
32.74,-0.0,19789220.0,50.1379462793448
32.75,-0.0,19789180.0,50.13879125581162
32.76,-0.0,19789130.0,50.140118950829084
32.77,-0.0,19789070.0,50.14173435352538
32.78,-0.0,19789010.0,50.143400681667906
32.79,-0.0,19788950.0,50.14488860412381
32.8,-0.0,19788880.0,50.14601775396795
32.81,-0.0,19788800.0,50.14668161916427
32.82,-0.0,19788720.0,50.14685199919568
32.83,0.0,19788640.0,50.146564492838486
32.84,0.0,19788540.0,50.145892242135425
32.85,0.0,19788450.0,50.144919068448665
32.86,0.0,19788340.0,50.14372440978748
32.87,0.0,19788230.0,50.142385887172225
32.88,0.0,19788120.0,50.14099541990997
32.89,0.0,19788000.0,50.13967625634794
32.9,0.0,19787880.0,50.13858573813257
32.91,0.0,19787750.0,50.137894123221336
32.92,0.0,19787610.0,50.137742592211666
32.93,-0.0,19787470.0,50.13819695971679
32.94,-0.0,19787330.0,50.13921857806919
32.95,-0.0,19787180.0,50.14066599743121
32.96,-0.0,19787030.0,50.14232538420186
32.97,-0.0,19786870.0,50.14395726403479
32.98,-0.0,19786700.0,50.14534447350362
32.99,-0.0,19786530.0,50.146328960555586
33.0,-0.0,19786360.0,50.146830205295615
33.01,-0.0,19786180.0,50.14684309695341
33.02,0.0,19786000.0,50.14641857521287
33.03,0.0,19785810.0,50.14563590714355
33.04,0.0,19785610.0,50.14457843405903
33.05,0.0,19785420.0,50.14332396106519
33.06,0.0,19785210.0,50.141952670354804
33.07,0.0,19785010.0,50.1405651267383
33.08,0.0,19784800.0,50.139296246038775
33.09,0.0,19784580.0,50.13831086600411
33.1,0.0,19784360.0,50.13777481672403
33.11,-0.0,19784140.0,50.13780932626732
33.12,-0.0,19783910.0,50.13844811744646
33.13,-0.0,19783680.0,50.13961772367892
33.14,-0.0,19783440.0,50.141149138869764
33.15,-0.0,19783200.0,50.14281510033047
33.16,-0.0,19782960.0,50.144378810662225
33.17,-0.0,19782710.0,50.14563937769866
33.18,-0.0,19782460.0,50.14646319200493
33.19,-0.0,19782210.0,50.14679565283665
33.2,0.0,19781950.0,50.14665277493672
33.21,0.0,19781680.0,50.14609788386263
33.22,0.0,19781420.0,50.14521375731115
33.23,0.0,19781150.0,50.14408213111169
33.24,0.0,19780880.0,50.142779845814026
33.25,0.0,19780600.0,50.14139135187744
33.26,0.0,19780320.0,50.140027201766365
33.27,0.0,19780040.0,50.13883345684409
33.28,0.0,19779760.0,50.137979399074716
33.29,0.0,19779470.0,50.13762164714242
33.3,-0.0,19779180.0,50.13785699639263
33.31,-0.0,19778880.0,50.138685100518884
33.32,-0.0,19778590.0,50.139998818555675
33.33,-0.0,19778290.0,50.14160540784495
33.34,-0.0,19777990.0,50.14326914544588
33.35,-0.0,19777680.0,50.14476049603436
33.36,-0.0,19777380.0,50.14589790220702
33.37,-0.0,19777070.0,50.14657314019142
33.38,-0.0,19776760.0,50.14675629098721
33.39,0.0,19776440.0,50.14648164680675
33.4,0.0,19776130.0,50.145821637227904
33.41,0.0,19775810.0,50.144859838683374
33.42,0.0,19775490.0,50.143675541552376
33.43,0.0,19775170.0,50.142345903163
33.44,0.0,19774850.0,50.140961855996245
33.45,0.0,19774520.0,50.13964531473396
33.46,0.0,19774200.0,50.13855249412478
33.47,0.0,19773870.0,50.13785342604423
33.48,0.0,19773540.0,50.13769041423092
33.49,-0.0,19773210.0,50.13813164308847
33.5,-0.0,19772880.0,50.13914134894325
33.51,-0.0,19772550.0,50.14058066672915
33.52,-0.0,19772220.0,50.1422374294044
33.53,-0.0,19771880.0,50.14387258879868
33.54,-0.0,19771550.0,50.145268246371685
33.55,-0.0,19771210.0,50.14626481376463
33.56,-0.0,19770880.0,50.146779933597394
33.57,-0.0,19770540.0,50.14680685621008
33.58,0.0,19770210.0,50.146395429164436
33.59,0.0,19769870.0,50.145624443616185
33.6,0.0,19769530.0,50.14457714106876
33.61,0.0,19769200.0,50.14333117237677
33.62,0.0,19768860.0,50.14196613470805
33.63,0.0,19768520.0,50.140581496579664
33.64,0.0,19768180.0,50.139310897442144
33.65,0.0,19767850.0,50.13831836829756
33.66,0.0,19767510.0,50.137770054474764
33.67,-0.0,19767180.0,50.13778888344495
33.68,-0.0,19766840.0,50.13841132302683
33.69,-0.0,19766510.0,50.13956690073908
33.7,-0.0,19766180.0,50.14108899376869
33.71,-0.0,19765840.0,50.14275154992701
33.72,-0.0,19765510.0,50.144317680562565
33.73,-0.0,19765180.0,50.145585335849965
33.74,-0.0,19764860.0,50.14641913800314
33.75,-0.0,19764530.0,50.14676263908684
33.76,0.0,19764200.0,50.146630391367786
33.77,0.0,19763880.0,50.14608489063592
33.78,0.0,19763560.0,50.14520865535265
33.79,0.0,19763240.0,50.14408339370171
33.8,0.0,19762920.0,50.142785712992044
33.81,0.0,19762600.0,50.14139934279787
33.82,0.0,19762290.0,50.14003370320997
33.83,0.0,19761980.0,50.1388337839786
33.84,0.0,19761670.0,50.137968535743674
33.85,0.0,19761360.0,50.13759550652813
33.86,-0.0,19761060.0,50.13781369811533
33.87,-0.0,19760750.0,50.13862568640138
33.88,-0.0,19760450.0,50.13992710337318
33.89,-0.0,19760160.0,50.14152706680834
33.9,-0.0,19759860.0,50.14319042799088
33.91,-0.0,19759570.0,50.144686986227896
33.92,-0.0,19759290.0,50.14583363390691
33.93,-0.0,19759000.0,50.14652022256756
33.94,-0.0,19758720.0,50.14671505875934
33.95,0.0,19758450.0,50.146451205177954
33.96,0.0,19758170.0,50.14580053753966
33.97,0.0,19757900.0,50.14484656869841
33.98,0.0,19757640.0,50.14366860552965
33.99,0.0,19757370.0,50.142343485482435
34.0,0.0,19757110.0,50.14096131132811
34.01,0.0,19756860.0,50.139642879289205
34.02,0.0,19756610.0,50.138543568876756
34.03,0.0,19756360.0,50.137833518540354
34.04,0.0,19756120.0,50.13765644220495
34.05,-0.0,19755880.0,50.13808303669549
34.06,-0.0,19755650.0,50.139080439608406
34.07,-0.0,19755420.0,50.14051221439182
34.08,-0.0,19755190.0,50.14216753252505
34.09,-0.0,19754970.0,50.14380738460497
34.1,-0.0,19754750.0,50.145212790436325
34.11,-0.0,19754540.0,50.14622238606907
34.12,-0.0,19754330.0,50.14675187271194
34.13,-0.0,19754130.0,50.14679288428609
34.14,0.0,19753930.0,50.14639428583904
34.15,0.0,19753740.0,50.14563455481763
34.16,0.0,19753550.0,50.14459701355092
34.17,0.0,19753370.0,50.143359313489555
34.18,0.0,19753190.0,50.14200057567303
34.19,0.0,19753020.0,50.140619288656
34.2,0.0,19752850.0,50.13934797768195
34.21,0.0,19752690.0,50.138350077472694
34.22,0.0,19752530.0,50.137792262859534
34.23,-0.0,19752380.0,50.137799305266604
34.24,-0.0,19752230.0,50.13841042859958
34.25,-0.0,19752090.0,50.13955801269157
34.26,-0.0,19751950.0,50.14107755542041
34.27,-0.0,19751820.0,50.142743894462996
34.28,-0.0,19751700.0,50.14431973581394
34.29,-0.0,19751580.0,50.145601612247184
34.3,-0.0,19751460.0,50.14645219803585
34.31,-0.0,19751350.0,50.14681310539461
34.32,0.0,19751250.0,50.146697409145816
34.33,0.0,19751150.0,50.146166816540116
34.34,0.0,19751060.0,50.14530365574446
34.35,0.0,19750970.0,50.144189677604935
34.36,0.0,19750890.0,50.14290131374801
34.37,0.0,19750810.0,50.14152161920782
34.38,0.0,19750740.0,50.14015893062309
34.39,0.0,19750670.0,50.138957232522095
34.4,0.0,19750620.0,50.138085231135285
34.41,0.0,19750560.0,50.137701495736984
34.42,-0.0,19750510.0,50.137907302826726
34.43,-0.0,19750470.0,50.138708167104426
34.44,-0.0,19750430.0,50.1400024440806
34.45,-0.0,19750400.0,50.141601001002236
34.46,-0.0,19750380.0,50.143269109267116
34.47,-0.0,19750360.0,50.14477572866824
34.48,-0.0,19750340.0,50.14593603086743
34.49,-0.0,19750340.0,50.146637798189865
34.5,-0.0,19750330.0,50.14684746333806
34.51,0.0,19750340.0,50.14659681554481
34.52,0.0,19750350.0,50.145957184996625
34.53,0.0,19750360.0,50.14501206371814
34.54,0.0,19750380.0,50.143840826202805
34.55,0.0,19750410.0,50.14252002884489
34.56,0.0,19750440.0,50.141138966323275
34.57,0.0,19750480.0,50.13981733520356
34.58,0.0,19750520.0,50.138709721666984
34.59,0.0,19750570.0,50.137986455957304
34.6,0.0,19750620.0,50.137792789617954
34.61,-0.0,19750680.0,50.13820207339441
34.62,-0.0,19750750.0,50.13918446387753
34.63,-0.0,19750820.0,50.14060600844383
34.64,-0.0,19750890.0,50.142257183518225
34.65,-0.0,19750980.0,50.143898911470174
34.66,-0.0,19751060.0,50.145310983262625
34.67,-0.0,19751160.0,50.14633011287404
34.68,-0.0,19751250.0,50.1468699515622
34.69,-0.0,19751360.0,50.14692046941332
34.7,0.0,19751470.0,50.14652956400081
34.71,0.0,19751580.0,50.14577545899027
34.72,0.0,19751700.0,50.1447416275439
34.73,0.0,19751830.0,50.143505773186966
34.74,0.0,19751960.0,50.1421465577215
34.75,0.0,19752090.0,50.140761496789885
34.76,0.0,19752240.0,50.13948203946542
34.77,0.0,19752380.0,50.138471128635786
34.78,0.0,19752530.0,50.137896145049034
34.79,0.0,19752690.0,50.13788391660135
34.8,-0.0,19752850.0,50.13847660674353
34.81,-0.0,19753020.0,50.1396095396732
34.82,-0.0,19753190.0,50.1411203055732
34.83,-0.0,19753370.0,50.14278449866089
34.84,-0.0,19753550.0,50.144364230427904
34.85,-0.0,19753730.0,50.14565443238309
34.86,-0.0,19753920.0,50.14651570540458
34.87,-0.0,19754120.0,50.14688768463353
34.88,0.0,19754320.0,50.14678201578264
34.89,0.0,19754530.0,50.14625971721928
34.9,0.0,19754740.0,50.14540302749077
34.91,0.0,19754950.0,50.144293798907846
34.92,0.0,19755170.0,50.14300829162072
34.93,0.0,19755390.0,50.14162886269986
34.94,0.0,19755620.0,50.14026276782077
34.95,0.0,19755860.0,50.13905306637403
34.96,0.0,19756090.0,50.1381683946644
34.97,0.0,19756330.0,50.137768576221774
34.98,-0.0,19756580.0,50.137957375613674
34.99,-0.0,19756830.0,50.1387433525025
35.0,-0.0,19757080.0,50.14002753296028
35.01,-0.0,19757340.0,50.14162234694998
35.02,-0.0,19757600.0,50.14329322712694
35.03,-0.0,19757870.0,50.14480803660769
35.04,-0.0,19758140.0,50.145980036961824
35.05,-0.0,19758410.0,50.14669485943585
35.06,-0.0,19758690.0,50.14691709223899
35.07,0.0,19758970.0,50.14667735911921
35.08,0.0,19759250.0,50.14604657407232
35.09,0.0,19759540.0,50.145108334766256
35.1,0.0,19759830.0,50.14394213475719
35.11,0.0,19760130.0,50.14262424198218
35.12,0.0,19760420.0,50.141243119894355
35.13,0.0,19760730.0,50.139917392916054
35.14,0.0,19761030.0,50.13880097392443
35.15,0.0,19761340.0,50.13806458692074
35.16,0.0,19761650.0,50.13785523976877
35.17,-0.0,19761960.0,50.13824908263251
35.18,-0.0,19762280.0,50.139219295029804
35.19,-0.0,19762600.0,50.14063425833536
35.2,-0.0,19762920.0,50.142285494406025
35.21,-0.0,19763250.0,50.14393356186281
35.22,-0.0,19763580.0,50.14535676372258
35.23,-0.0,19763910.0,50.146389720381634
35.24,-0.0,19764240.0,50.14694396949446
35.25,-0.0,19764580.0,50.14700784959081
35.26,0.0,19764920.0,50.14662838011781
35.27,0.0,19765260.0,50.1458836223726
35.28,0.0,19765600.0,50.144857243372684
35.29,0.0,19765940.0,50.1436269915135
35.3,0.0,19766290.0,50.14227103519615
35.31,0.0,19766640.0,50.14088590047244
35.32,0.0,19766990.0,50.13960200655162
35.33,0.0,19767340.0,50.138581931882655
35.34,0.0,19767700.0,50.137993944491065
35.35,0.0,19768060.0,50.13796709795263
35.36,-0.0,19768410.0,50.13854657925278
35.37,-0.0,19768770.0,50.13967061221397
35.38,-0.0,19769130.0,50.14117871078862
35.39,-0.0,19769500.0,50.142846978706515
35.4,-0.0,19769860.0,50.144436667877955
35.41,-0.0,19770230.0,50.14574087992545
35.42,-0.0,19770590.0,50.146617987232744
35.43,-0.0,19770960.0,50.147005581231795
35.44,0.0,19771330.0,50.14691389231108
35.45,0.0,19771700.0,50.14640331586069
35.46,0.0,19772070.0,50.145556078613915
35.47,0.0,19772440.0,50.14445418977175
35.48,0.0,19772810.0,50.143173759116145
35.49,0.0,19773190.0,50.141796448855025
35.5,0.0,19773560.0,50.1404284566347
35.51,0.0,19773930.0,50.13921199721669
35.52,0.0,19774310.0,50.13831578790673
35.53,0.0,19774680.0,50.13790110009527
35.54,-0.0,19775060.0,50.1380743608113
35.55,-0.0,19775430.0,50.13884724262792
35.56,-0.0,19775810.0,50.140123359239006
35.57,-0.0,19776180.0,50.14171649440458
35.58,-0.0,19776560.0,50.143391985883824
35.59,-0.0,19776930.0,50.144916334608226
35.6,-0.0,19777300.0,50.1461006649721
35.61,-0.0,19777680.0,50.14682830585754
35.62,-0.0,19778050.0,50.147061943461125
35.63,0.0,19778430.0,50.146831065052965
35.64,0.0,19778800.0,50.14620625245053
35.65,0.0,19779170.0,50.14527133629023
35.66,0.0,19779540.0,50.144106072350326
35.67,0.0,19779910.0,50.142786516583584
35.68,0.0,19780280.0,50.141400362893975
35.69,0.0,19780650.0,50.14006526574316
35.7,0.0,19781020.0,50.13893465058684
35.71,0.0,19781390.0,50.138179905332414
35.72,0.0,19781760.0,50.13795009293285
35.73,-0.0,19782120.0,50.13832439836623
35.74,-0.0,19782480.0,50.13927911278074
35.75,-0.0,19782850.0,50.14068485931652
35.76,-0.0,19783210.0,50.142333958797906
35.77,-0.0,19783570.0,50.14398627490174
35.78,-0.0,19783920.0,50.145418287306974
35.79,-0.0,19784280.0,50.146462250867444
35.8,-0.0,19784630.0,50.14702742399665
35.81,-0.0,19784990.0,50.147100466197124
35.82,0.0,19785340.0,50.14672757005402
35.83,0.0,19785690.0,50.145986721596344
35.84,0.0,19786030.0,50.14496185641306
35.85,0.0,19786380.0,50.1437308247234
35.86,0.0,19786720.0,50.14237139833092
35.87,0.0,19787060.0,50.14097927248019
35.88,0.0,19787400.0,50.13968409039479
35.89,0.0,19787740.0,50.138648412789934
35.9,0.0,19788070.0,50.138041774901296
35.91,0.0,19788400.0,50.13799576433164
35.92,-0.0,19788730.0,50.13855872384251
35.93,-0.0,19789060.0,50.139671681236905
35.94,-0.0,19789380.0,50.14117577473846
35.95,-0.0,19789700.0,50.1428471951065
35.96,-0.0,19790020.0,50.144445888865405
35.97,-0.0,19790340.0,50.14576274371505
35.98,-0.0,19790650.0,50.1466536361353
35.99,-0.0,19790960.0,50.147053985297696
36.0,0.0,19791270.0,50.1469726089505
36.01,0.0,19791570.0,50.14646938229917
36.02,0.0,19791870.0,50.14562668181398
36.03,0.0,19792170.0,50.1445268600394
36.04,0.0,19792470.0,50.14324607754909
36.05,0.0,19792760.0,50.141865533846776
36.06,0.0,19793050.0,50.14049065662339
36.07,0.0,19793330.0,50.139263164798265
36.08,0.0,19793610.0,50.1383522265255
36.09,0.0,19793890.0,50.13792086827712
36.1,-0.0,19794170.0,50.138078329270556
36.11,-0.0,19794440.0,50.1388393292996
36.12,-0.0,19794710.0,50.14010979817678
36.13,-0.0,19794970.0,50.14170446610138
36.14,-0.0,19795230.0,50.14338812618703
36.15,-0.0,19795490.0,50.14492550634417
36.16,-0.0,19795740.0,50.14612527216502
36.17,-0.0,19795990.0,50.14686823772624
36.18,-0.0,19796240.0,50.14711508470059
36.19,0.0,19796480.0,50.14689416102327
36.2,0.0,19796720.0,50.14627579649707
36.21,0.0,19796950.0,50.145344132525096
36.22,0.0,19797180.0,50.14417927967029
36.23,0.0,19797410.0,50.14285725972263
36.24,0.0,19797630.0,50.14146524347812
36.25,0.0,19797850.0,50.14012021033181
36.26,0.0,19798070.0,50.13897540504034
36.27,0.0,19798280.0,50.13820314056831
36.28,0.0,19798480.0,50.13795468612066
36.29,-0.0,19798690.0,50.13831225787494
36.3,-0.0,19798890.0,50.13925509710363
36.31,-0.0,19799080.0,50.140655789370605
36.32,-0.0,19799270.0,50.14230711890711
36.33,-0.0,19799460.0,50.143967918183385
36.34,-0.0,19799640.0,50.14541254148271
36.35,-0.0,19799820.0,50.14647062491504
36.36,-0.0,19799990.0,50.147048948918716
36.37,-0.0,19800160.0,50.14713235832896
36.38,0.0,19800330.0,50.14676616234285
36.39,0.0,19800490.0,50.14602831214491
36.4,0.0,19800650.0,50.14500315947087
36.41,0.0,19800800.0,50.143768906878975
36.42,0.0,19800950.0,50.14240326282508
36.43,0.0,19801100.0,50.14100147190036
36.44,0.0,19801240.0,50.13969277865932
36.45,0.0,19801380.0,50.13864004111538
36.46,0.0,19801510.0,50.13801425784891
36.47,0.0,19801640.0,50.13794959378542
36.48,-0.0,19801770.0,50.13849744170068
36.49,-0.0,19801890.0,50.13960141873438
36.5,-0.0,19802000.0,50.141104020399204
36.51,-0.0,19802120.0,50.14278125353684
36.52,-0.0,19802220.0,50.14439150894259
36.53,-0.0,19802330.0,50.14572323181059
36.54,-0.0,19802430.0,50.14662958712819
36.55,-0.0,19802530.0,50.14704361992612
36.56,0.0,19802620.0,50.14697257010716
36.57,0.0,19802710.0,50.146475707508955
36.58,0.0,19802790.0,50.14563560015324
36.59,0.0,19802870.0,50.144535139254685
36.6,0.0,19802950.0,50.14325087368244
36.61,0.0,19803020.0,50.1418639679152
36.62,0.0,19803090.0,50.140479516073654
36.63,0.0,19803150.0,50.139239095470515
36.64,0.0,19803210.0,50.138312523836646
36.65,0.0,19803270.0,50.137864596724555
36.66,-0.0,19803320.0,50.138007223162916
36.67,-0.0,19803370.0,50.13875794355192
36.68,-0.0,19803410.0,50.14002477282141
36.69,-0.0,19803450.0,50.14162320408971
36.7,-0.0,19803490.0,50.14331735774271
36.71,-0.0,19803520.0,50.144870087533256
36.72,-0.0,19803550.0,50.14608748214007
36.73,-0.0,19803580.0,50.14684767348678
36.74,-0.0,19803600.0,50.14710912439182
36.75,0.0,19803610.0,50.146898830684094
36.76,0.0,19803630.0,50.14628674208615
36.77,0.0,19803630.0,50.14535734668368
36.78,0.0,19803640.0,50.144191344822296
36.79,0.0,19803640.0,50.14286512398007
36.8,0.0,19803640.0,50.14146579714852
36.81,0.0,19803630.0,50.140110066388154
36.82,0.0,19803620.0,50.138951207449054
36.83,0.0,19803610.0,50.13816243037182
36.84,0.0,19803590.0,50.13789698280269
36.85,-0.0,19803570.0,50.13823980091644
36.86,-0.0,19803540.0,50.139172815611055
36.87,-0.0,19803510.0,50.140570450893954
36.88,-0.0,19803480.0,50.14222597279271
36.89,-0.0,19803440.0,50.14389728191111
36.9,-0.0,19803400.0,50.145356694018204
36.91,-0.0,19803360.0,50.14643121607069
36.92,-0.0,19803310.0,50.14702500074241
36.93,-0.0,19803260.0,50.147120813541434
36.94,0.0,19803200.0,50.146762793931074
36.95,0.0,19803140.0,50.14602867952445
36.96,0.0,19803080.0,50.145003273546386
36.97,0.0,19803010.0,50.143765406459536
36.98,0.0,19802940.0,50.14239316121585
36.99,0.0,19802870.0,50.14098177441273
37.0,0.0,19802790.0,50.13966036373656
37.01,0.0,19802710.0,50.138592069676115
37.02,0.0,19802620.0,50.13794905907301
37.03,0.0,19802540.0,50.13786763472316
37.04,-0.0,19802440.0,50.138401856143
37.05,-0.0,19802350.0,50.139497763779076
37.06,-0.0,19802250.0,50.14099930845875
37.07,-0.0,19802140.0,50.14268260830268
37.08,-0.0,19802040.0,50.144304847515556
37.09,-0.0,19801930.0,50.145652283840214
37.1,-0.0,19801820.0,50.14657542682348
37.11,-0.0,19801700.0,50.14700477615861
37.12,0.0,19801580.0,50.146945661388884
37.13,0.0,19801450.0,50.14645639876228
37.14,0.0,19801330.0,50.14561955161605
37.15,0.0,19801200.0,50.14451861516549
37.16,0.0,19801060.0,50.14323084275386
37.17,0.0,19800930.0,50.14183779192317
37.18,0.0,19800780.0,50.140444549559994
37.19,0.0,19800640.0,50.139192584266226
37.2,0.0,19800490.0,50.1382520336737
37.21,0.0,19800340.0,50.137788878261716
37.22,-0.0,19800190.0,50.137917104914955
37.23,-0.0,19800030.0,50.138656753470535
37.24,-0.0,19799870.0,50.139918027032074
37.25,-0.0,19799710.0,50.14151764765275
37.26,-0.0,19799540.0,50.14321970355672
37.27,-0.0,19799380.0,50.14478579703172
37.28,-0.0,19799200.0,50.14601986871271
37.29,-0.0,19799030.0,50.14679749835872
37.3,-0.0,19798850.0,50.14707475727383
37.31,0.0,19798670.0,50.14687691832792
37.32,0.0,19798490.0,50.14627316285105
37.33,0.0,19798300.0,50.14534813329031
37.34,0.0,19798110.0,50.14418318290962
37.35,0.0,19797920.0,50.14285533491434
37.36,0.0,19797720.0,50.14145193109353
37.37,0.0,19797520.0,50.14008946792984
37.38,0.0,19797320.0,50.138920947717516
37.39,0.0,19797120.0,50.13811981355737
37.4,0.0,19796910.0,50.13784048686786
37.41,-0.0,19796700.0,50.13817000554579
37.42,-0.0,19796490.0,50.1390928244987
37.43,-0.0,19796280.0,50.14048556676486
37.44,-0.0,19796060.0,50.142142736514074
37.45,-0.0,19795840.0,50.14382220690583
37.46,-0.0,19795620.0,50.145295050335214
37.47,-0.0,19795400.0,50.14638613654881
37.48,-0.0,19795170.0,50.146997089351
37.49,-0.0,19794950.0,50.1471083361083
37.5,0.0,19794720.0,50.146762383108204
37.51,0.0,19794480.0,50.146036304761445
37.52,0.0,19794250.0,50.14501510777969
37.53,0.0,19794010.0,50.143778266578046
37.54,0.0,19793770.0,50.1424044144825
37.55,0.0,19793530.0,50.140988887797555
37.56,0.0,19793290.0,50.13966048080047
37.57,0.0,19793040.0,50.13858201066582
37.58,0.0,19792800.0,50.137925916860716
37.59,0.0,19792550.0,50.137829773077215
37.6,-0.0,19792300.0,50.138349830075526
37.61,-0.0,19792050.0,50.13943468370614
37.62,-0.0,19791790.0,50.14093045629716
37.63,-0.0,19791540.0,50.14261443971441
37.64,-0.0,19791280.0,50.14424371414864
37.65,-0.0,19791020.0,50.145603222996016
37.66,-0.0,19790760.0,50.146541292143354
37.67,-0.0,19790500.0,50.14698589969216
37.68,0.0,19790240.0,50.14694012628473
37.69,0.0,19789970.0,50.14646082735641
37.7,0.0,19789710.0,50.145630115249496
37.71,0.0,19789440.0,50.14453186506355
37.72,0.0,19789170.0,50.143244040885385
37.73,0.0,19788900.0,50.141848672963064
37.74,0.0,19788630.0,50.14045074840716
37.75,0.0,19788360.0,50.13919116357934
37.76,0.0,19788090.0,50.138239527273775
37.77,0.0,19787820.0,50.13776199669334
37.78,-0.0,19787540.0,50.13787384932904
37.79,-0.0,19787270.0,50.138597405889165
37.8,-0.0,19786990.0,50.139845528503834
37.81,-0.0,19786720.0,50.141437191970326
37.82,-0.0,19786440.0,50.143137717119544
37.83,-0.0,19786160.0,50.14470864979067
37.84,-0.0,19785880.0,50.145952665060435
37.85,-0.0,19785600.0,50.14674323013503
37.86,-0.0,19785330.0,50.147034014321804
37.87,0.0,19785050.0,50.14684821924471
37.88,0.0,19784770.0,50.1462537694905
37.89,0.0,19784490.0,50.14533512063992
37.9,0.0,19784210.0,50.144174149660756
37.91,0.0,19783920.0,50.14284849484536
37.92,0.0,19783640.0,50.14144564986185
37.93,0.0,19783360.0,50.14008156552491
37.94,0.0,19783080.0,50.13890824988657
37.95,0.0,19782800.0,50.13809836305052
37.96,0.0,19782520.0,50.13780648890115
37.97,-0.0,19782240.0,50.138121145951786
37.98,-0.0,19781960.0,50.139029351803686
37.99,-0.0,19781680.0,50.14041064771406
38.0,-0.0,19781400.0,50.14206196387545
38.01,-0.0,19781120.0,50.143742483132094
38.02,-0.0,19780850.0,50.14522322130852
38.03,-0.0,19780570.0,50.14632773838314
38.04,-0.0,19780290.0,50.14695550096218
38.05,-0.0,19780010.0,50.14708453379681
38.06,0.0,19779740.0,50.14675533561114
38.07,0.0,19779460.0,50.14604382358273
38.08,0.0,19779190.0,50.14503476938024
38.09,0.0,19778910.0,50.14380798126806
38.1,0.0,19778640.0,50.14244239164747
38.11,0.0,19778370.0,50.1410330691033
38.12,0.0,19778100.0,50.13970782809234
38.13,0.0,19777830.0,50.13862818067858
38.14,0.0,19777560.0,50.13796571136958
38.15,0.0,19777290.0,50.13785834295894
38.16,-0.0,19777030.0,50.138364156352075
38.17,-0.0,19776760.0,50.1394346686365
38.18,-0.0,19776500.0,50.14091917441572
38.19,-0.0,19776240.0,50.14259749360552
38.2,-0.0,19775980.0,50.14422797982602
38.21,-0.0,19775720.0,50.14559539387691
38.22,-0.0,19775460.0,50.146546602158026
38.23,-0.0,19775210.0,50.14700732710878
38.24,0.0,19774950.0,50.14697826154958
38.25,0.0,19774700.0,50.146514394154536
38.26,0.0,19774450.0,50.14569688777822
38.27,0.0,19774200.0,50.1446095431895
38.28,0.0,19773960.0,50.14333065073918
38.29,0.0,19773710.0,50.14194231150155
38.3,0.0,19773470.0,50.140548847786924
38.31,0.0,19773230.0,50.13928975952274
38.32,0.0,19772990.0,50.13833310141433
38.33,0.0,19772750.0,50.13784422269993
38.34,-0.0,19772520.0,50.13793908065638
38.35,-0.0,19772290.0,50.1386422919892
38.36,-0.0,19772060.0,50.13987005461983
38.37,-0.0,19771830.0,50.141444749231034
38.38,-0.0,19771610.0,50.14313426275688
38.39,-0.0,19771390.0,50.144701319136665
38.4,-0.0,19771170.0,50.1459482720229
38.41,-0.0,19770950.0,50.14674703725832
38.42,-0.0,19770740.0,50.147049054111584
38.43,0.0,19770520.0,50.14687530130746
38.44,0.0,19770320.0,50.14629208622947
38.45,0.0,19770110.0,50.1453832450525
38.46,0.0,19769910.0,50.14423075530019
38.47,0.0,19769710.0,50.142912435649755
38.48,0.0,19769510.0,50.141515422940984
38.49,0.0,19769310.0,50.14015446052632
38.5,0.0,19769120.0,50.138979738087016
38.51,0.0,19768930.0,50.13816226546659
38.52,0.0,19768750.0,50.13785611037248
38.53,-0.0,19768570.0,50.13815102243888
38.54,-0.0,19768390.0,50.13903688020249
38.55,-0.0,19768210.0,50.140396923538496
38.56,-0.0,19768040.0,50.14203156740592
38.57,-0.0,19767870.0,50.14370240471203
38.58,-0.0,19767710.0,50.14518135252365
38.59,-0.0,19767540.0,50.14629137126384
38.6,-0.0,19767390.0,50.14693019371629
38.61,-0.0,19767230.0,50.14707358501867
38.62,0.0,19767080.0,50.146759938939766
38.63,0.0,19766930.0,50.14606374035646
38.64,0.0,19766790.0,50.14506913885397
38.65,0.0,19766650.0,50.1438558217997
38.66,0.0,19766510.0,50.14250250555386
38.67,0.0,19766370.0,50.14110339698955
38.68,0.0,19766240.0,50.139784652518436
38.69,0.0,19766120.0,50.13870576854723
38.7,0.0,19766000.0,50.13803685918705
38.71,0.0,19765880.0,50.13791584061609
38.72,-0.0,19765760.0,50.13840264926315
38.73,-0.0,19765650.0,50.139452080280314
38.74,-0.0,19765550.0,50.14091724382899
38.75,-0.0,19765450.0,50.142581265354394
38.76,-0.0,19765350.0,50.14420453891661
38.77,-0.0,19765250.0,50.145572298328034
38.78,-0.0,19765160.0,50.1465304483977
38.79,-0.0,19765080.0,50.14700277921305
38.8,0.0,19765000.0,50.14698773772651
38.81,0.0,19764920.0,50.14653840558966
38.82,0.0,19764840.0,50.14573480401524
38.83,0.0,19764780.0,50.144660346452795
38.84,0.0,19764710.0,50.143393233957845
38.85,0.0,19764650.0,50.142015119827775
38.86,0.0,19764590.0,50.1406290991188
38.87,0.0,19764540.0,50.13937272930462
38.88,0.0,19764500.0,50.13841205943807
38.89,0.0,19764450.0,50.13791135785968
38.9,-0.0,19764410.0,50.13798722741354
38.91,-0.0,19764380.0,50.13866678882694
38.92,-0.0,19764350.0,50.13986996584908
38.93,-0.0,19764330.0,50.14142302264835
38.94,-0.0,19764310.0,50.14309689141926
38.95,-0.0,19764290.0,50.144655905726886
38.96,-0.0,19764280.0,50.14590246773617
38.97,-0.0,19764270.0,50.14670724982656
38.98,-0.0,19764270.0,50.14701969698693
38.99,0.0,19764280.0,50.14685869932417
39.0,0.0,19764280.0,50.146288941975705
39.01,0.0,19764300.0,50.14539341795072
39.02,0.0,19764310.0,50.14425383736736
39.03,0.0,19764340.0,50.142947727306264
39.04,0.0,19764360.0,50.14156137351882
39.05,0.0,19764400.0,50.14020786845364
39.06,0.0,19764430.0,50.1390352568279
39.07,0.0,19764470.0,50.138212731501916
39.08,0.0,19764520.0,50.13789384304002
39.09,-0.0,19764570.0,50.13816970355668
39.1,-0.0,19764630.0,50.13903325687982
39.11,-0.0,19764690.0,50.140371657551206
39.12,-0.0,19764760.0,50.14198899440466
39.13,-0.0,19764830.0,50.14364942733539
39.14,-0.0,19764910.0,50.145125920438474
39.15,-0.0,19764990.0,50.14624099779541
39.16,-0.0,19765080.0,50.14689085220256
39.17,-0.0,19765170.0,50.14704919368533
39.18,0.0,19765260.0,50.146752471975866
39.19,0.0,19765370.0,50.14607378983096
39.2,0.0,19765470.0,50.14509656791356
39.21,0.0,19765580.0,50.143900110694716
39.22,0.0,19765700.0,50.14256255850903
39.23,0.0,19765820.0,50.141176893299374
39.24,0.0,19765950.0,50.139867346710055
39.25,0.0,19766080.0,50.13879129685138
39.26,0.0,19766220.0,50.138117455910894
39.27,0.0,19766360.0,50.13798391623951
39.28,-0.0,19766510.0,50.13845267296637
39.29,-0.0,19766660.0,50.139481874578905
39.3,-0.0,19766820.0,50.14092838867759
39.31,-0.0,19766980.0,50.14257854342167
39.32,-0.0,19767150.0,50.14419466178056
39.33,-0.0,19767320.0,50.14556238544182
39.34,-0.0,19767500.0,50.1465266841548
39.35,-0.0,19767680.0,50.14700954512964
39.36,0.0,19767870.0,50.147007365134556
39.37,0.0,19768060.0,50.14657150221243
39.38,0.0,19768250.0,50.14578089678835
39.39,0.0,19768450.0,50.14471844544987
39.4,0.0,19768660.0,50.14346197571995
39.41,0.0,19768870.0,50.14209237765469
39.42,0.0,19769080.0,50.14071128465073
39.43,0.0,19769300.0,50.13945426931539
39.44,0.0,19769530.0,50.13848556669181
39.45,0.0,19769760.0,50.137968730298056
39.46,-0.0,19769990.0,50.13802140489243
39.47,-0.0,19770230.0,50.13867348058481
39.48,-0.0,19770470.0,50.13984864138723
39.49,-0.0,19770710.0,50.141376838942406
39.5,-0.0,19770960.0,50.14303171036776
39.51,-0.0,19771220.0,50.14457884079283
39.52,-0.0,19771480.0,50.14582042544971
39.53,-0.0,19771740.0,50.146625817882025
39.54,-0.0,19772010.0,50.146942584286606
39.55,0.0,19772280.0,50.146787770272894
39.56,0.0,19772550.0,50.14622469790005
39.57,0.0,19772830.0,50.14533561055422
39.58,0.0,19773110.0,50.144201848181794
39.59,0.0,19773400.0,50.14290047721634
39.6,0.0,19773690.0,50.1415168013391
39.61,0.0,19773980.0,50.140162310413125
39.62,0.0,19774280.0,50.13898321922138
39.63,0.0,19774580.0,50.1381474487652
39.64,0.0,19774880.0,50.13780863719786
39.65,-0.0,19775190.0,50.138059690868644
39.66,-0.0,19775500.0,50.13889669918176
39.67,-0.0,19775810.0,50.14021042184233
39.68,-0.0,19776130.0,50.14180802796343
39.69,-0.0,19776450.0,50.14345555339177
39.7,-0.0,19776770.0,50.14492641228509
39.71,-0.0,19777090.0,50.146042331332566
39.72,-0.0,19777420.0,50.14669789961741
39.73,-0.0,19777750.0,50.14686497489706
39.74,0.0,19778080.0,50.146578419878516
39.75,0.0,19778420.0,50.14591031356619
39.76,0.0,19778760.0,50.14494358219015
39.77,0.0,19779100.0,50.14375722336653
39.78,0.0,19779440.0,50.14242879659273
39.79,0.0,19779780.0,50.14105012582001
39.8,0.0,19780130.0,50.13974379879686
39.81,0.0,19780480.0,50.13866560828626
39.82,0.0,19780830.0,50.137983532110574
39.83,0.0,19781180.0,50.13783640300088
39.84,-0.0,19781540.0,50.13828849488535
39.85,-0.0,19781890.0,50.13930107538953
39.86,-0.0,19782250.0,50.140734136278134
39.87,-0.0,19782610.0,50.14237636292707
39.88,-0.0,19782970.0,50.14399117775283
39.89,-0.0,19783330.0,50.14536400298519
39.9,-0.0,19783700.0,50.146338552854395
39.91,-0.0,19784060.0,50.14683501083037
39.92,-0.0,19784430.0,50.146847968424446
39.93,0.0,19784790.0,50.14642741572059
39.94,0.0,19785160.0,50.14565153338898
39.95,0.0,19785530.0,50.1446028962486
39.96,0.0,19785900.0,50.143359032720824
39.97,0.0,19786270.0,50.142000123087016
39.98,0.0,19786640.0,50.14062650754707
39.99,0.0,19787010.0,50.1393721468484
40.0,0.0,19787380.0,50.13840001059911
40.0,0.0,19787380.0,50.13840001059911
